data_local,cod_estacao,nome_estacao,municipios,latitude,longitude,distancia_gaibu_km,pct_dias_precip_com_valor,pct_overlap_primario,pct_overlap_sens_1,pct_overlap_sens_2,precip_diaria_mm,n_registros_validos,n_registros_00h_relocados,n_registros_chuva,max_acumulado_intervalo_mm,n_obs_validas,maior_gap_dia_min,cobertura_60,cobertura_70,cobertura_90,dia_mp10_valido,media_mp10,tem_precipitacao
2019-01-01,260290204A,Enseado dos Corais,CABO DE SANTO AGOSTINHO,-8.33,-34.956,0.116707872718135,96.5648854961832,72.9007633587786,77.0992366412214,77.8625954198473,0,24,1,0,0,24,60,TRUE,TRUE,TRUE,TRUE,89.2380952380952,TRUE
2019-01-02,260290204A,Enseado dos Corais,CABO DE SANTO AGOSTINHO,-8.33,-34.956,0.116707872718135,96.5648854961832,72.9007633587786,77.0992366412214,77.8625954198473,0,23,1,0,0,23,120,FALSE,FALSE,FALSE,TRUE,76,TRUE
2019-01-03,260290204A,Enseado dos Corais,CABO DE SANTO AGOSTINHO,-8.33,-34.956,0.116707872718135,96.5648854961832,72.9007633587786,77.0992366412214,77.8625954198473,0,24,1,0,0,24,60,TRUE,TRUE,TRUE,TRUE,52.1666666666667,TRUE
2019-01-04,260290204A,Enseado dos Corais,CABO DE SANTO AGOSTINHO,-8.33,-34.956,0.116707872718135,96.5648854961832,72.9007633587786,77.0992366412214,77.8625954198473,0,24,1,0,0,24,60,TRUE,TRUE,TRUE,TRUE,57.5,TRUE
2019-01-05,260290204A,Enseado dos Corais,CABO DE SANTO AGOSTINHO,-8.33,-34.956,0.116707872718135,96.5648854961832,72.9007633587786,77.0992366412214,77.8625954198473,0,24,1,0,0,24,60,TRUE,TRUE,TRUE,TRUE,50.4583333333333,TRUE
2019-01-06,260290204A,Enseado dos Corais,CABO DE SANTO AGOSTINHO,-8.33,-34.956,0.116707872718135,96.5648854961832,72.9007633587786,77.0992366412214,77.8625954198473,1.58,28,1,6,0.39,28,60,TRUE,TRUE,TRUE,TRUE,29.9583333333333,TRUE
2019-01-07,260290204A,Enseado dos Corais,CABO DE SANTO AGOSTINHO,-8.33,-34.956,0.116707872718135,96.5648854961832,72.9007633587786,77.0992366412214,77.8625954198473,21.66,43,1,24,4.53,43,60,TRUE,TRUE,TRUE,TRUE,23.7619047619048,TRUE
2019-01-08,260290204A,Enseado dos Corais,CABO DE SANTO AGOSTINHO,-8.33,-34.956,0.116707872718135,96.5648854961832,72.9007633587786,77.0992366412214,77.8625954198473,0.99,27,1,3,0.59,27,60,TRUE,TRUE,TRUE,TRUE,42.5416666666667,TRUE
2019-01-09,260290204A,Enseado dos Corais,CABO DE SANTO AGOSTINHO,-8.33,-34.956,0.116707872718135,96.5648854961832,72.9007633587786,77.0992366412214,77.8625954198473,0.99,26,1,2,0.79,26,60,TRUE,TRUE,TRUE,TRUE,41.9166666666667,TRUE
2019-01-10,260290204A,Enseado dos Corais,CABO DE SANTO AGOSTINHO,-8.33,-34.956,0.116707872718135,96.5648854961832,72.9007633587786,77.0992366412214,77.8625954198473,0.2,25,1,1,0.2,25,60,TRUE,TRUE,TRUE,TRUE,37.6666666666667,TRUE
2019-01-11,260290204A,Enseado dos Corais,CABO DE SANTO AGOSTINHO,-8.33,-34.956,0.116707872718135,96.5648854961832,72.9007633587786,77.0992366412214,77.8625954198473,0.4,25,1,2,0.2,25,70,FALSE,TRUE,TRUE,TRUE,38.7272727272727,TRUE
2019-01-12,260290204A,Enseado dos Corais,CABO DE SANTO AGOSTINHO,-8.33,-34.956,0.116707872718135,96.5648854961832,72.9007633587786,77.0992366412214,77.8625954198473,22.04,37,1,16,6.3,37,60,TRUE,TRUE,TRUE,TRUE,14.8333333333333,TRUE
2019-01-13,260290204A,Enseado dos Corais,CABO DE SANTO AGOSTINHO,-8.33,-34.956,0.116707872718135,96.5648854961832,72.9007633587786,77.0992366412214,77.8625954198473,0.59,25,1,2,0.39,25,60,TRUE,TRUE,TRUE,TRUE,29.6666666666667,TRUE
2019-01-14,260290204A,Enseado dos Corais,CABO DE SANTO AGOSTINHO,-8.33,-34.956,0.116707872718135,96.5648854961832,72.9007633587786,77.0992366412214,77.8625954198473,0,24,1,0,0,24,60,TRUE,TRUE,TRUE,TRUE,36.3333333333333,TRUE
2019-01-15,260290204A,Enseado dos Corais,CABO DE SANTO AGOSTINHO,-8.33,-34.956,0.116707872718135,96.5648854961832,72.9007633587786,77.0992366412214,77.8625954198473,0.98,25,1,1,0.98,25,60,TRUE,TRUE,TRUE,TRUE,37.695652173913,TRUE
2019-01-16,260290204A,Enseado dos Corais,CABO DE SANTO AGOSTINHO,-8.33,-34.956,0.116707872718135,96.5648854961832,72.9007633587786,77.0992366412214,77.8625954198473,0,23,1,0,0,23,120,FALSE,FALSE,FALSE,TRUE,32.9583333333333,TRUE
2019-01-17,260290204A,Enseado dos Corais,CABO DE SANTO AGOSTINHO,-8.33,-34.956,0.116707872718135,96.5648854961832,72.9007633587786,77.0992366412214,77.8625954198473,1.58,28,1,4,0.59,28,120,FALSE,FALSE,FALSE,TRUE,24.8333333333333,TRUE
2019-01-18,260290204A,Enseado dos Corais,CABO DE SANTO AGOSTINHO,-8.33,-34.956,0.116707872718135,96.5648854961832,72.9007633587786,77.0992366412214,77.8625954198473,0,24,1,0,0,24,60,TRUE,TRUE,TRUE,TRUE,32.9166666666667,TRUE
2019-01-19,260290204A,Enseado dos Corais,CABO DE SANTO AGOSTINHO,-8.33,-34.956,0.116707872718135,96.5648854961832,72.9007633587786,77.0992366412214,77.8625954198473,0,24,1,0,0,24,60,TRUE,TRUE,TRUE,TRUE,34.7916666666667,TRUE
2019-01-20,260290204A,Enseado dos Corais,CABO DE SANTO AGOSTINHO,-8.33,-34.956,0.116707872718135,96.5648854961832,72.9007633587786,77.0992366412214,77.8625954198473,0,24,1,0,0,24,60,TRUE,TRUE,TRUE,TRUE,34.125,TRUE
2019-01-21,260290204A,Enseado dos Corais,CABO DE SANTO AGOSTINHO,-8.33,-34.956,0.116707872718135,96.5648854961832,72.9007633587786,77.0992366412214,77.8625954198473,0,24,1,0,0,24,60,TRUE,TRUE,TRUE,TRUE,38.8333333333333,TRUE
2019-01-22,260290204A,Enseado dos Corais,CABO DE SANTO AGOSTINHO,-8.33,-34.956,0.116707872718135,96.5648854961832,72.9007633587786,77.0992366412214,77.8625954198473,11.01,28,1,4,5.31,28,60,TRUE,TRUE,TRUE,TRUE,25.6363636363636,TRUE
2019-01-23,260290204A,Enseado dos Corais,CABO DE SANTO AGOSTINHO,-8.33,-34.956,0.116707872718135,96.5648854961832,72.9007633587786,77.0992366412214,77.8625954198473,0,24,1,0,0,24,60,TRUE,TRUE,TRUE,TRUE,33.7916666666667,TRUE
2019-01-24,260290204A,Enseado dos Corais,CABO DE SANTO AGOSTINHO,-8.33,-34.956,0.116707872718135,96.5648854961832,72.9007633587786,77.0992366412214,77.8625954198473,0,24,1,0,0,24,60,TRUE,TRUE,TRUE,TRUE,38.6666666666667,TRUE
2019-01-25,260290204A,Enseado dos Corais,CABO DE SANTO AGOSTINHO,-8.33,-34.956,0.116707872718135,96.5648854961832,72.9007633587786,77.0992366412214,77.8625954198473,0,24,1,0,0,24,60,TRUE,TRUE,TRUE,TRUE,38.6666666666667,TRUE
2019-01-26,260290204A,Enseado dos Corais,CABO DE SANTO AGOSTINHO,-8.33,-34.956,0.116707872718135,96.5648854961832,72.9007633587786,77.0992366412214,77.8625954198473,0,24,1,0,0,24,60,TRUE,TRUE,TRUE,TRUE,44.7083333333333,TRUE
2019-01-27,260290204A,Enseado dos Corais,CABO DE SANTO AGOSTINHO,-8.33,-34.956,0.116707872718135,96.5648854961832,72.9007633587786,77.0992366412214,77.8625954198473,0,24,1,0,0,24,60,TRUE,TRUE,TRUE,TRUE,40.5,TRUE
2019-01-28,260290204A,Enseado dos Corais,CABO DE SANTO AGOSTINHO,-8.33,-34.956,0.116707872718135,96.5648854961832,72.9007633587786,77.0992366412214,77.8625954198473,32.7,47,1,28,4.92,47,60,TRUE,TRUE,TRUE,TRUE,22.25,TRUE
2019-01-29,260290204A,Enseado dos Corais,CABO DE SANTO AGOSTINHO,-8.33,-34.956,0.116707872718135,96.5648854961832,72.9007633587786,77.0992366412214,77.8625954198473,0.2,25,1,1,0.2,25,60,TRUE,TRUE,TRUE,TRUE,26.4782608695652,TRUE
2019-01-30,260290204A,Enseado dos Corais,CABO DE SANTO AGOSTINHO,-8.33,-34.956,0.116707872718135,96.5648854961832,72.9007633587786,77.0992366412214,77.8625954198473,1.58,29,1,5,0.59,29,60,TRUE,TRUE,TRUE,TRUE,30.9166666666667,TRUE
2019-01-31,260290204A,Enseado dos Corais,CABO DE SANTO AGOSTINHO,-8.33,-34.956,0.116707872718135,96.5648854961832,72.9007633587786,77.0992366412214,77.8625954198473,0,24,1,0,0,24,60,TRUE,TRUE,TRUE,TRUE,37,TRUE
2019-02-01,260290204A,Enseado dos Corais,CABO DE SANTO AGOSTINHO,-8.33,-34.956,0.116707872718135,96.5648854961832,72.9007633587786,77.0992366412214,77.8625954198473,2.56,26,1,2,2.36,26,60,TRUE,TRUE,TRUE,TRUE,32.75,TRUE
2019-02-02,260290204A,Enseado dos Corais,CABO DE SANTO AGOSTINHO,-8.33,-34.956,0.116707872718135,96.5648854961832,72.9007633587786,77.0992366412214,77.8625954198473,0,24,1,0,0,24,60,TRUE,TRUE,TRUE,TRUE,30.5416666666667,TRUE
2019-02-03,260290204A,Enseado dos Corais,CABO DE SANTO AGOSTINHO,-8.33,-34.956,0.116707872718135,96.5648854961832,72.9007633587786,77.0992366412214,77.8625954198473,22.65,41,1,20,7.3,41,60,TRUE,TRUE,TRUE,TRUE,15.2083333333333,TRUE
2019-02-04,260290204A,Enseado dos Corais,CABO DE SANTO AGOSTINHO,-8.33,-34.956,0.116707872718135,96.5648854961832,72.9007633587786,77.0992366412214,77.8625954198473,16.15,36,1,15,5.12,36,60,TRUE,TRUE,TRUE,TRUE,16.8333333333333,TRUE
2019-02-05,260290204A,Enseado dos Corais,CABO DE SANTO AGOSTINHO,-8.33,-34.956,0.116707872718135,96.5648854961832,72.9007633587786,77.0992366412214,77.8625954198473,13.02,33,1,10,2.76,33,70,FALSE,TRUE,TRUE,TRUE,16,TRUE
2019-02-06,260290204A,Enseado dos Corais,CABO DE SANTO AGOSTINHO,-8.33,-34.956,0.116707872718135,96.5648854961832,72.9007633587786,77.0992366412214,77.8625954198473,37.18,52,1,32,9.81,52,70,FALSE,TRUE,TRUE,TRUE,15.5238095238095,TRUE
2019-02-07,260290204A,Enseado dos Corais,CABO DE SANTO AGOSTINHO,-8.33,-34.956,0.116707872718135,96.5648854961832,72.9007633587786,77.0992366412214,77.8625954198473,0,18,0,0,0,19,1600,FALSE,FALSE,FALSE,TRUE,35.25,TRUE
2019-02-08,260290204A,Enseado dos Corais,CABO DE SANTO AGOSTINHO,-8.33,-34.956,0.116707872718135,96.5648854961832,72.9007633587786,77.0992366412214,77.8625954198473,0,5,1,0,0,4,1600,FALSE,FALSE,FALSE,TRUE,50.75,TRUE
2019-02-09,260290204A,Enseado dos Corais,CABO DE SANTO AGOSTINHO,-8.33,-34.956,0.116707872718135,96.5648854961832,72.9007633587786,77.0992366412214,77.8625954198473,0,24,1,0,0,24,60,TRUE,TRUE,TRUE,TRUE,54.125,TRUE
2019-02-10,260290204A,Enseado dos Corais,CABO DE SANTO AGOSTINHO,-8.33,-34.956,0.116707872718135,96.5648854961832,72.9007633587786,77.0992366412214,77.8625954198473,0,24,1,0,0,24,60,TRUE,TRUE,TRUE,TRUE,46.75,TRUE
2019-02-11,260290204A,Enseado dos Corais,CABO DE SANTO AGOSTINHO,-8.33,-34.956,0.116707872718135,96.5648854961832,72.9007633587786,77.0992366412214,77.8625954198473,0,24,1,0,0,24,60,TRUE,TRUE,TRUE,TRUE,45.875,TRUE
2019-02-12,260290204A,Enseado dos Corais,CABO DE SANTO AGOSTINHO,-8.33,-34.956,0.116707872718135,96.5648854961832,72.9007633587786,77.0992366412214,77.8625954198473,0.79,26,1,2,0.59,26,60,TRUE,TRUE,TRUE,TRUE,35.7272727272727,TRUE
2019-02-13,260290204A,Enseado dos Corais,CABO DE SANTO AGOSTINHO,-8.33,-34.956,0.116707872718135,96.5648854961832,72.9007633587786,77.0992366412214,77.8625954198473,7.92,45,1,24,1.77,45,60,TRUE,TRUE,TRUE,TRUE,23.625,TRUE
2019-02-14,260290204A,Enseado dos Corais,CABO DE SANTO AGOSTINHO,-8.33,-34.956,0.116707872718135,96.5648854961832,72.9007633587786,77.0992366412214,77.8625954198473,0,24,1,0,0,24,60,TRUE,TRUE,TRUE,TRUE,25.4444444444444,TRUE
2019-02-15,260290204A,Enseado dos Corais,CABO DE SANTO AGOSTINHO,-8.33,-34.956,0.116707872718135,96.5648854961832,72.9007633587786,77.0992366412214,77.8625954198473,1.97,26,1,3,1.57,26,60,TRUE,TRUE,TRUE,TRUE,23.2083333333333,TRUE
2019-02-16,260290204A,Enseado dos Corais,CABO DE SANTO AGOSTINHO,-8.33,-34.956,0.116707872718135,96.5648854961832,72.9007633587786,77.0992366412214,77.8625954198473,0,20,1,0,0,20,350,FALSE,FALSE,FALSE,TRUE,24.7083333333333,TRUE
2019-02-17,260290204A,Enseado dos Corais,CABO DE SANTO AGOSTINHO,-8.33,-34.956,0.116707872718135,96.5648854961832,72.9007633587786,77.0992366412214,77.8625954198473,7.47,37,1,14,1.38,37,60,TRUE,TRUE,TRUE,TRUE,21.047619047619,TRUE
2019-02-18,260290204A,Enseado dos Corais,CABO DE SANTO AGOSTINHO,-8.33,-34.956,0.116707872718135,96.5648854961832,72.9007633587786,77.0992366412214,77.8625954198473,0.6,25,1,3,0.2,25,120,FALSE,FALSE,FALSE,TRUE,40.0416666666667,TRUE
2019-02-19,260290204A,Enseado dos Corais,CABO DE SANTO AGOSTINHO,-8.33,-34.956,0.116707872718135,96.5648854961832,72.9007633587786,77.0992366412214,77.8625954198473,0.2,25,1,1,0.2,25,60,TRUE,TRUE,TRUE,TRUE,42.5833333333333,TRUE
2019-02-20,260290204A,Enseado dos Corais,CABO DE SANTO AGOSTINHO,-8.33,-34.956,0.116707872718135,96.5648854961832,72.9007633587786,77.0992366412214,77.8625954198473,0.4,26,1,2,0.2,26,60,TRUE,TRUE,TRUE,TRUE,31,TRUE
2019-02-21,260290204A,Enseado dos Corais,CABO DE SANTO AGOSTINHO,-8.33,-34.956,0.116707872718135,96.5648854961832,72.9007633587786,77.0992366412214,77.8625954198473,0,24,1,0,0,24,60,TRUE,TRUE,TRUE,TRUE,34.5416666666667,TRUE
2019-02-22,260290204A,Enseado dos Corais,CABO DE SANTO AGOSTINHO,-8.33,-34.956,0.116707872718135,96.5648854961832,72.9007633587786,77.0992366412214,77.8625954198473,0,24,1,0,0,24,60,TRUE,TRUE,TRUE,TRUE,40.1666666666667,TRUE
2019-02-23,260290204A,Enseado dos Corais,CABO DE SANTO AGOSTINHO,-8.33,-34.956,0.116707872718135,96.5648854961832,72.9007633587786,77.0992366412214,77.8625954198473,0,15,0,0,0,16,580,FALSE,FALSE,FALSE,TRUE,45.5416666666667,TRUE
2019-02-24,260290204A,Enseado dos Corais,CABO DE SANTO AGOSTINHO,-8.33,-34.956,0.116707872718135,96.5648854961832,72.9007633587786,77.0992366412214,77.8625954198473,0,25,1,0,0,24,580,FALSE,FALSE,FALSE,TRUE,26.7083333333333,TRUE
2019-02-25,260290204A,Enseado dos Corais,CABO DE SANTO AGOSTINHO,-8.33,-34.956,0.116707872718135,96.5648854961832,72.9007633587786,77.0992366412214,77.8625954198473,0,24,1,0,0,24,60,TRUE,TRUE,TRUE,TRUE,43.5416666666667,TRUE
2019-02-26,260290204A,Enseado dos Corais,CABO DE SANTO AGOSTINHO,-8.33,-34.956,0.116707872718135,96.5648854961832,72.9007633587786,77.0992366412214,77.8625954198473,0,24,1,0,0,24,60,TRUE,TRUE,TRUE,FALSE,,TRUE
2019-02-27,260290204A,Enseado dos Corais,CABO DE SANTO AGOSTINHO,-8.33,-34.956,0.116707872718135,96.5648854961832,72.9007633587786,77.0992366412214,77.8625954198473,0,24,1,0,0,24,60,TRUE,TRUE,TRUE,FALSE,,TRUE
2019-02-28,260290204A,Enseado dos Corais,CABO DE SANTO AGOSTINHO,-8.33,-34.956,0.116707872718135,96.5648854961832,72.9007633587786,77.0992366412214,77.8625954198473,0,24,1,0,0,24,60,TRUE,TRUE,TRUE,FALSE,,TRUE
2019-03-01,260290204A,Enseado dos Corais,CABO DE SANTO AGOSTINHO,-8.33,-34.956,0.116707872718135,96.5648854961832,72.9007633587786,77.0992366412214,77.8625954198473,7.88,31,1,8,2.95,31,60,TRUE,TRUE,TRUE,FALSE,,TRUE
2019-03-02,260290204A,Enseado dos Corais,CABO DE SANTO AGOSTINHO,-8.33,-34.956,0.116707872718135,96.5648854961832,72.9007633587786,77.0992366412214,77.8625954198473,5.77,28,1,6,3.74,28,60,TRUE,TRUE,TRUE,FALSE,,TRUE
2019-03-03,260290204A,Enseado dos Corais,CABO DE SANTO AGOSTINHO,-8.33,-34.956,0.116707872718135,96.5648854961832,72.9007633587786,77.0992366412214,77.8625954198473,17.96,35,1,14,5.12,35,60,TRUE,TRUE,TRUE,FALSE,,TRUE
2019-03-04,260290204A,Enseado dos Corais,CABO DE SANTO AGOSTINHO,-8.33,-34.956,0.116707872718135,96.5648854961832,72.9007633587786,77.0992366412214,77.8625954198473,0.4,26,1,2,0.2,26,60,TRUE,TRUE,TRUE,FALSE,,TRUE
2019-03-05,260290204A,Enseado dos Corais,CABO DE SANTO AGOSTINHO,-8.33,-34.956,0.116707872718135,96.5648854961832,72.9007633587786,77.0992366412214,77.8625954198473,7.93,26,1,2,4.14,26,60,TRUE,TRUE,TRUE,FALSE,,TRUE
2019-03-06,260290204A,Enseado dos Corais,CABO DE SANTO AGOSTINHO,-8.33,-34.956,0.116707872718135,96.5648854961832,72.9007633587786,77.0992366412214,77.8625954198473,1.38,26,1,4,0.59,26,70,FALSE,TRUE,TRUE,FALSE,,TRUE
2019-03-07,260290204A,Enseado dos Corais,CABO DE SANTO AGOSTINHO,-8.33,-34.956,0.116707872718135,96.5648854961832,72.9007633587786,77.0992366412214,77.8625954198473,0,24,1,0,0,24,60,TRUE,TRUE,TRUE,FALSE,,TRUE
2019-03-08,260290204A,Enseado dos Corais,CABO DE SANTO AGOSTINHO,-8.33,-34.956,0.116707872718135,96.5648854961832,72.9007633587786,77.0992366412214,77.8625954198473,6.5,28,1,5,2.56,28,60,TRUE,TRUE,TRUE,FALSE,,TRUE
2019-03-09,260290204A,Enseado dos Corais,CABO DE SANTO AGOSTINHO,-8.33,-34.956,0.116707872718135,96.5648854961832,72.9007633587786,77.0992366412214,77.8625954198473,0,24,1,0,0,24,60,TRUE,TRUE,TRUE,FALSE,,TRUE
2019-03-10,260290204A,Enseado dos Corais,CABO DE SANTO AGOSTINHO,-8.33,-34.956,0.116707872718135,96.5648854961832,72.9007633587786,77.0992366412214,77.8625954198473,0,24,1,0,0,24,60,TRUE,TRUE,TRUE,FALSE,,TRUE
2019-03-11,260290204A,Enseado dos Corais,CABO DE SANTO AGOSTINHO,-8.33,-34.956,0.116707872718135,96.5648854961832,72.9007633587786,77.0992366412214,77.8625954198473,0,24,1,0,0,24,60,TRUE,TRUE,TRUE,FALSE,,TRUE
2019-03-12,260290204A,Enseado dos Corais,CABO DE SANTO AGOSTINHO,-8.33,-34.956,0.116707872718135,96.5648854961832,72.9007633587786,77.0992366412214,77.8625954198473,0.2,25,1,1,0.2,25,60,TRUE,TRUE,TRUE,FALSE,,TRUE
2019-03-13,260290204A,Enseado dos Corais,CABO DE SANTO AGOSTINHO,-8.33,-34.956,0.116707872718135,96.5648854961832,72.9007633587786,77.0992366412214,77.8625954198473,3.74,27,1,5,1.57,27,60,TRUE,TRUE,TRUE,FALSE,,TRUE
2019-03-14,260290204A,Enseado dos Corais,CABO DE SANTO AGOSTINHO,-8.33,-34.956,0.116707872718135,96.5648854961832,72.9007633587786,77.0992366412214,77.8625954198473,0.2,25,1,1,0.2,25,60,TRUE,TRUE,TRUE,FALSE,,TRUE
2019-03-15,260290204A,Enseado dos Corais,CABO DE SANTO AGOSTINHO,-8.33,-34.956,0.116707872718135,96.5648854961832,72.9007633587786,77.0992366412214,77.8625954198473,0,24,1,0,0,24,60,TRUE,TRUE,TRUE,FALSE,,TRUE
2019-03-16,260290204A,Enseado dos Corais,CABO DE SANTO AGOSTINHO,-8.33,-34.956,0.116707872718135,96.5648854961832,72.9007633587786,77.0992366412214,77.8625954198473,0,24,1,0,0,24,60,TRUE,TRUE,TRUE,FALSE,,TRUE
2019-03-17,260290204A,Enseado dos Corais,CABO DE SANTO AGOSTINHO,-8.33,-34.956,0.116707872718135,96.5648854961832,72.9007633587786,77.0992366412214,77.8625954198473,0.98,26,1,2,0.59,26,60,TRUE,TRUE,TRUE,FALSE,,TRUE
2019-03-18,260290204A,Enseado dos Corais,CABO DE SANTO AGOSTINHO,-8.33,-34.956,0.116707872718135,96.5648854961832,72.9007633587786,77.0992366412214,77.8625954198473,20.8,33,1,11,10.57,33,60,TRUE,TRUE,TRUE,FALSE,,TRUE
2019-03-19,260290204A,Enseado dos Corais,CABO DE SANTO AGOSTINHO,-8.33,-34.956,0.116707872718135,96.5648854961832,72.9007633587786,77.0992366412214,77.8625954198473,0,24,1,0,0,24,60,TRUE,TRUE,TRUE,FALSE,,TRUE
2019-03-20,260290204A,Enseado dos Corais,CABO DE SANTO AGOSTINHO,-8.33,-34.956,0.116707872718135,96.5648854961832,72.9007633587786,77.0992366412214,77.8625954198473,0,24,1,0,0,24,60,TRUE,TRUE,TRUE,FALSE,,TRUE
2019-03-21,260290204A,Enseado dos Corais,CABO DE SANTO AGOSTINHO,-8.33,-34.956,0.116707872718135,96.5648854961832,72.9007633587786,77.0992366412214,77.8625954198473,0,24,1,0,0,24,60,TRUE,TRUE,TRUE,FALSE,,TRUE
2019-03-22,260290204A,Enseado dos Corais,CABO DE SANTO AGOSTINHO,-8.33,-34.956,0.116707872718135,96.5648854961832,72.9007633587786,77.0992366412214,77.8625954198473,0,24,1,0,0,24,60,TRUE,TRUE,TRUE,FALSE,,TRUE
2019-03-23,260290204A,Enseado dos Corais,CABO DE SANTO AGOSTINHO,-8.33,-34.956,0.116707872718135,96.5648854961832,72.9007633587786,77.0992366412214,77.8625954198473,0,24,1,0,0,24,60,TRUE,TRUE,TRUE,FALSE,,TRUE
2019-03-24,260290204A,Enseado dos Corais,CABO DE SANTO AGOSTINHO,-8.33,-34.956,0.116707872718135,96.5648854961832,72.9007633587786,77.0992366412214,77.8625954198473,0,23,1,0,0,23,120,FALSE,FALSE,FALSE,FALSE,,TRUE
2019-03-25,260290204A,Enseado dos Corais,CABO DE SANTO AGOSTINHO,-8.33,-34.956,0.116707872718135,96.5648854961832,72.9007633587786,77.0992366412214,77.8625954198473,0,24,1,0,0,24,60,TRUE,TRUE,TRUE,FALSE,,TRUE
2019-03-26,260290204A,Enseado dos Corais,CABO DE SANTO AGOSTINHO,-8.33,-34.956,0.116707872718135,96.5648854961832,72.9007633587786,77.0992366412214,77.8625954198473,14.97,36,1,16,3.74,36,60,TRUE,TRUE,TRUE,FALSE,,TRUE
2019-03-27,260290204A,Enseado dos Corais,CABO DE SANTO AGOSTINHO,-8.33,-34.956,0.116707872718135,96.5648854961832,72.9007633587786,77.0992366412214,77.8625954198473,15.01,36,1,15,6.13,36,70,FALSE,TRUE,TRUE,TRUE,21,TRUE
2019-03-28,260290204A,Enseado dos Corais,CABO DE SANTO AGOSTINHO,-8.33,-34.956,0.116707872718135,96.5648854961832,72.9007633587786,77.0992366412214,77.8625954198473,0.39,25,1,1,0.39,25,60,TRUE,TRUE,TRUE,TRUE,40.6521739130435,TRUE
2019-03-29,260290204A,Enseado dos Corais,CABO DE SANTO AGOSTINHO,-8.33,-34.956,0.116707872718135,96.5648854961832,72.9007633587786,77.0992366412214,77.8625954198473,19.47,41,1,19,4.92,41,60,TRUE,TRUE,TRUE,TRUE,21.5555555555556,TRUE
2019-03-30,260290204A,Enseado dos Corais,CABO DE SANTO AGOSTINHO,-8.33,-34.956,0.116707872718135,96.5648854961832,72.9007633587786,77.0992366412214,77.8625954198473,30.72,43,1,24,5.71,43,60,TRUE,TRUE,TRUE,FALSE,,TRUE
2019-03-31,260290204A,Enseado dos Corais,CABO DE SANTO AGOSTINHO,-8.33,-34.956,0.116707872718135,96.5648854961832,72.9007633587786,77.0992366412214,77.8625954198473,7.88,36,1,15,2.17,36,60,TRUE,TRUE,TRUE,FALSE,,TRUE
2019-04-01,260290204A,Enseado dos Corais,CABO DE SANTO AGOSTINHO,-8.33,-34.956,0.116707872718135,96.5648854961832,72.9007633587786,77.0992366412214,77.8625954198473,0,24,1,0,0,24,60,TRUE,TRUE,TRUE,FALSE,,TRUE
2019-04-02,260290204A,Enseado dos Corais,CABO DE SANTO AGOSTINHO,-8.33,-34.956,0.116707872718135,96.5648854961832,72.9007633587786,77.0992366412214,77.8625954198473,0,24,1,0,0,24,60,TRUE,TRUE,TRUE,TRUE,42.375,TRUE
2019-04-03,260290204A,Enseado dos Corais,CABO DE SANTO AGOSTINHO,-8.33,-34.956,0.116707872718135,96.5648854961832,72.9007633587786,77.0992366412214,77.8625954198473,17.39,30,1,8,6.9,30,60,TRUE,TRUE,TRUE,TRUE,53.2222222222222,TRUE
2019-04-04,260290204A,Enseado dos Corais,CABO DE SANTO AGOSTINHO,-8.33,-34.956,0.116707872718135,96.5648854961832,72.9007633587786,77.0992366412214,77.8625954198473,0.2,25,1,1,0.2,25,60,TRUE,TRUE,TRUE,TRUE,51.3684210526316,TRUE
2019-04-05,260290204A,Enseado dos Corais,CABO DE SANTO AGOSTINHO,-8.33,-34.956,0.116707872718135,96.5648854961832,72.9007633587786,77.0992366412214,77.8625954198473,10.44,27,1,4,5.12,27,60,TRUE,TRUE,TRUE,TRUE,55.5416666666667,TRUE
2019-04-06,260290204A,Enseado dos Corais,CABO DE SANTO AGOSTINHO,-8.33,-34.956,0.116707872718135,96.5648854961832,72.9007633587786,77.0992366412214,77.8625954198473,0,24,1,0,0,24,60,TRUE,TRUE,TRUE,TRUE,70.7916666666667,TRUE
2019-04-07,260290204A,Enseado dos Corais,CABO DE SANTO AGOSTINHO,-8.33,-34.956,0.116707872718135,96.5648854961832,72.9007633587786,77.0992366412214,77.8625954198473,8.67,29,1,6,5.71,29,60,TRUE,TRUE,TRUE,TRUE,44.2631578947368,TRUE
2019-04-08,260290204A,Enseado dos Corais,CABO DE SANTO AGOSTINHO,-8.33,-34.956,0.116707872718135,96.5648854961832,72.9007633587786,77.0992366412214,77.8625954198473,1.58,27,1,3,0.79,27,60,TRUE,TRUE,TRUE,TRUE,37.5833333333333,TRUE
2019-04-09,260290204A,Enseado dos Corais,CABO DE SANTO AGOSTINHO,-8.33,-34.956,0.116707872718135,96.5648854961832,72.9007633587786,77.0992366412214,77.8625954198473,0,24,1,0,0,24,60,TRUE,TRUE,TRUE,TRUE,54.5652173913044,TRUE
2019-04-10,260290204A,Enseado dos Corais,CABO DE SANTO AGOSTINHO,-8.33,-34.956,0.116707872718135,96.5648854961832,72.9007633587786,77.0992366412214,77.8625954198473,0,24,1,0,0,24,60,TRUE,TRUE,TRUE,TRUE,68.7083333333333,TRUE
2019-04-11,260290204A,Enseado dos Corais,CABO DE SANTO AGOSTINHO,-8.33,-34.956,0.116707872718135,96.5648854961832,72.9007633587786,77.0992366412214,77.8625954198473,0,24,1,0,0,24,60,TRUE,TRUE,TRUE,TRUE,49.8333333333333,TRUE
2019-04-12,260290204A,Enseado dos Corais,CABO DE SANTO AGOSTINHO,-8.33,-34.956,0.116707872718135,96.5648854961832,72.9007633587786,77.0992366412214,77.8625954198473,37.08,48,1,30,8.32,48,60,TRUE,TRUE,TRUE,TRUE,10.7058823529412,TRUE
2019-04-13,260290204A,Enseado dos Corais,CABO DE SANTO AGOSTINHO,-8.33,-34.956,0.116707872718135,96.5648854961832,72.9007633587786,77.0992366412214,77.8625954198473,2.18,27,1,4,1.58,27,70,FALSE,TRUE,TRUE,TRUE,25.95,TRUE
2019-04-14,260290204A,Enseado dos Corais,CABO DE SANTO AGOSTINHO,-8.33,-34.956,0.116707872718135,96.5648854961832,72.9007633587786,77.0992366412214,77.8625954198473,0,24,1,0,0,24,60,TRUE,TRUE,TRUE,TRUE,30.7083333333333,TRUE
2019-04-15,260290204A,Enseado dos Corais,CABO DE SANTO AGOSTINHO,-8.33,-34.956,0.116707872718135,96.5648854961832,72.9007633587786,77.0992366412214,77.8625954198473,0,24,1,0,0,24,60,TRUE,TRUE,TRUE,TRUE,33.5,TRUE
2019-04-16,260290204A,Enseado dos Corais,CABO DE SANTO AGOSTINHO,-8.33,-34.956,0.116707872718135,96.5648854961832,72.9007633587786,77.0992366412214,77.8625954198473,0,24,1,0,0,24,60,TRUE,TRUE,TRUE,TRUE,46.3888888888889,TRUE
2019-04-17,260290204A,Enseado dos Corais,CABO DE SANTO AGOSTINHO,-8.33,-34.956,0.116707872718135,96.5648854961832,72.9007633587786,77.0992366412214,77.8625954198473,3.75,26,1,3,1.97,26,60,TRUE,TRUE,TRUE,TRUE,29.8333333333333,TRUE
2019-04-18,260290204A,Enseado dos Corais,CABO DE SANTO AGOSTINHO,-8.33,-34.956,0.116707872718135,96.5648854961832,72.9007633587786,77.0992366412214,77.8625954198473,0,24,1,0,0,24,60,TRUE,TRUE,TRUE,TRUE,28.0952380952381,TRUE
2019-04-19,260290204A,Enseado dos Corais,CABO DE SANTO AGOSTINHO,-8.33,-34.956,0.116707872718135,96.5648854961832,72.9007633587786,77.0992366412214,77.8625954198473,0,24,1,0,0,24,60,TRUE,TRUE,TRUE,TRUE,25.7916666666667,TRUE
2019-04-20,260290204A,Enseado dos Corais,CABO DE SANTO AGOSTINHO,-8.33,-34.956,0.116707872718135,96.5648854961832,72.9007633587786,77.0992366412214,77.8625954198473,47.96,41,1,21,17.69,41,60,TRUE,TRUE,TRUE,FALSE,,TRUE
2019-04-21,260290204A,Enseado dos Corais,CABO DE SANTO AGOSTINHO,-8.33,-34.956,0.116707872718135,96.5648854961832,72.9007633587786,77.0992366412214,77.8625954198473,1.58,27,1,4,0.79,27,60,TRUE,TRUE,TRUE,TRUE,35.6,TRUE
2019-04-22,260290204A,Enseado dos Corais,CABO DE SANTO AGOSTINHO,-8.33,-34.956,0.116707872718135,96.5648854961832,72.9007633587786,77.0992366412214,77.8625954198473,0,24,1,0,0,24,60,TRUE,TRUE,TRUE,FALSE,,TRUE
2019-04-23,260290204A,Enseado dos Corais,CABO DE SANTO AGOSTINHO,-8.33,-34.956,0.116707872718135,96.5648854961832,72.9007633587786,77.0992366412214,77.8625954198473,12.84,39,1,18,2.36,39,60,TRUE,TRUE,TRUE,TRUE,25.625,TRUE
2019-04-24,260290204A,Enseado dos Corais,CABO DE SANTO AGOSTINHO,-8.33,-34.956,0.116707872718135,96.5648854961832,72.9007633587786,77.0992366412214,77.8625954198473,9.87,37,1,15,1.57,37,60,TRUE,TRUE,TRUE,TRUE,15.9375,TRUE
2019-04-25,260290204A,Enseado dos Corais,CABO DE SANTO AGOSTINHO,-8.33,-34.956,0.116707872718135,96.5648854961832,72.9007633587786,77.0992366412214,77.8625954198473,9.86,31,1,10,4.14,31,60,TRUE,TRUE,TRUE,FALSE,,TRUE
2019-04-26,260290204A,Enseado dos Corais,CABO DE SANTO AGOSTINHO,-8.33,-34.956,0.116707872718135,96.5648854961832,72.9007633587786,77.0992366412214,77.8625954198473,0,24,1,0,0,24,60,TRUE,TRUE,TRUE,TRUE,25.5217391304348,TRUE
2019-04-27,260290204A,Enseado dos Corais,CABO DE SANTO AGOSTINHO,-8.33,-34.956,0.116707872718135,96.5648854961832,72.9007633587786,77.0992366412214,77.8625954198473,0.2,25,1,1,0.2,25,60,TRUE,TRUE,TRUE,TRUE,36.7727272727273,TRUE
2019-04-28,260290204A,Enseado dos Corais,CABO DE SANTO AGOSTINHO,-8.33,-34.956,0.116707872718135,96.5648854961832,72.9007633587786,77.0992366412214,77.8625954198473,0,24,1,0,0,24,60,TRUE,TRUE,TRUE,TRUE,39.1666666666667,TRUE
2019-04-29,260290204A,Enseado dos Corais,CABO DE SANTO AGOSTINHO,-8.33,-34.956,0.116707872718135,96.5648854961832,72.9007633587786,77.0992366412214,77.8625954198473,12.6,29,1,8,4.33,29,60,TRUE,TRUE,TRUE,TRUE,33.5,TRUE
2019-04-30,260290204A,Enseado dos Corais,CABO DE SANTO AGOSTINHO,-8.33,-34.956,0.116707872718135,96.5648854961832,72.9007633587786,77.0992366412214,77.8625954198473,22.42,29,1,7,9.17,29,60,TRUE,TRUE,TRUE,TRUE,41.4117647058824,TRUE
2019-05-01,260290204A,Enseado dos Corais,CABO DE SANTO AGOSTINHO,-8.33,-34.956,0.116707872718135,96.5648854961832,72.9007633587786,77.0992366412214,77.8625954198473,0,24,1,0,0,24,60,TRUE,TRUE,TRUE,TRUE,41.125,TRUE
2019-05-02,260290204A,Enseado dos Corais,CABO DE SANTO AGOSTINHO,-8.33,-34.956,0.116707872718135,96.5648854961832,72.9007633587786,77.0992366412214,77.8625954198473,0,24,1,0,0,24,60,TRUE,TRUE,TRUE,TRUE,55,TRUE
2019-05-03,260290204A,Enseado dos Corais,CABO DE SANTO AGOSTINHO,-8.33,-34.956,0.116707872718135,96.5648854961832,72.9007633587786,77.0992366412214,77.8625954198473,0,24,1,0,0,24,60,TRUE,TRUE,TRUE,TRUE,62.2916666666667,TRUE
2019-05-04,260290204A,Enseado dos Corais,CABO DE SANTO AGOSTINHO,-8.33,-34.956,0.116707872718135,96.5648854961832,72.9007633587786,77.0992366412214,77.8625954198473,0.2,25,1,1,0.2,25,60,TRUE,TRUE,TRUE,TRUE,49.2916666666667,TRUE
2019-05-05,260290204A,Enseado dos Corais,CABO DE SANTO AGOSTINHO,-8.33,-34.956,0.116707872718135,96.5648854961832,72.9007633587786,77.0992366412214,77.8625954198473,0,24,1,0,0,24,60,TRUE,TRUE,TRUE,TRUE,41.8333333333333,TRUE
2019-05-06,260290204A,Enseado dos Corais,CABO DE SANTO AGOSTINHO,-8.33,-34.956,0.116707872718135,96.5648854961832,72.9007633587786,77.0992366412214,77.8625954198473,0,24,1,0,0,24,60,TRUE,TRUE,TRUE,TRUE,54.3157894736842,TRUE
2019-05-07,260290204A,Enseado dos Corais,CABO DE SANTO AGOSTINHO,-8.33,-34.956,0.116707872718135,96.5648854961832,72.9007633587786,77.0992366412214,77.8625954198473,0,24,1,0,0,24,60,TRUE,TRUE,TRUE,TRUE,52.1304347826087,TRUE
2019-05-08,260290204A,Enseado dos Corais,CABO DE SANTO AGOSTINHO,-8.33,-34.956,0.116707872718135,96.5648854961832,72.9007633587786,77.0992366412214,77.8625954198473,12.2,39,1,18,2.16,39,60,TRUE,TRUE,TRUE,FALSE,,TRUE
2019-05-09,260290204A,Enseado dos Corais,CABO DE SANTO AGOSTINHO,-8.33,-34.956,0.116707872718135,96.5648854961832,72.9007633587786,77.0992366412214,77.8625954198473,5.72,32,1,9,2.76,32,60,TRUE,TRUE,TRUE,TRUE,42.1875,TRUE
2019-05-10,260290204A,Enseado dos Corais,CABO DE SANTO AGOSTINHO,-8.33,-34.956,0.116707872718135,96.5648854961832,72.9007633587786,77.0992366412214,77.8625954198473,5.91,28,1,5,2.17,28,60,TRUE,TRUE,TRUE,FALSE,,TRUE
2019-05-11,260290204A,Enseado dos Corais,CABO DE SANTO AGOSTINHO,-8.33,-34.956,0.116707872718135,96.5648854961832,72.9007633587786,77.0992366412214,77.8625954198473,0,23,1,0,0,23,120,FALSE,FALSE,FALSE,TRUE,48.3809523809524,TRUE
2019-05-12,260290204A,Enseado dos Corais,CABO DE SANTO AGOSTINHO,-8.33,-34.956,0.116707872718135,96.5648854961832,72.9007633587786,77.0992366412214,77.8625954198473,0.59,25,1,1,0.59,25,60,TRUE,TRUE,TRUE,TRUE,37.9565217391304,TRUE
2019-05-13,260290204A,Enseado dos Corais,CABO DE SANTO AGOSTINHO,-8.33,-34.956,0.116707872718135,96.5648854961832,72.9007633587786,77.0992366412214,77.8625954198473,0,24,1,0,0,24,60,TRUE,TRUE,TRUE,TRUE,95.75,TRUE
2019-05-14,260290204A,Enseado dos Corais,CABO DE SANTO AGOSTINHO,-8.33,-34.956,0.116707872718135,96.5648854961832,72.9007633587786,77.0992366412214,77.8625954198473,0,24,1,0,0,24,60,TRUE,TRUE,TRUE,TRUE,104.0625,TRUE
2019-05-15,260290204A,Enseado dos Corais,CABO DE SANTO AGOSTINHO,-8.33,-34.956,0.116707872718135,96.5648854961832,72.9007633587786,77.0992366412214,77.8625954198473,0,24,1,0,0,24,60,TRUE,TRUE,TRUE,TRUE,72.5833333333333,TRUE
2019-05-16,260290204A,Enseado dos Corais,CABO DE SANTO AGOSTINHO,-8.33,-34.956,0.116707872718135,96.5648854961832,72.9007633587786,77.0992366412214,77.8625954198473,0,24,1,0,0,24,60,TRUE,TRUE,TRUE,TRUE,57.8333333333333,TRUE
2019-05-17,260290204A,Enseado dos Corais,CABO DE SANTO AGOSTINHO,-8.33,-34.956,0.116707872718135,96.5648854961832,72.9007633587786,77.0992366412214,77.8625954198473,0,24,1,0,0,24,60,TRUE,TRUE,TRUE,TRUE,49.0909090909091,TRUE
2019-05-18,260290204A,Enseado dos Corais,CABO DE SANTO AGOSTINHO,-8.33,-34.956,0.116707872718135,96.5648854961832,72.9007633587786,77.0992366412214,77.8625954198473,1.8,24,0,2,1.38,25,120,FALSE,FALSE,FALSE,TRUE,43.0909090909091,TRUE
2019-05-19,260290204A,Enseado dos Corais,CABO DE SANTO AGOSTINHO,-8.33,-34.956,0.116707872718135,96.5648854961832,72.9007633587786,77.0992366412214,77.8625954198473,11.25,31,1,8,6.92,30,120,FALSE,FALSE,FALSE,TRUE,22.3529411764706,TRUE
2019-05-20,260290204A,Enseado dos Corais,CABO DE SANTO AGOSTINHO,-8.33,-34.956,0.116707872718135,96.5648854961832,72.9007633587786,77.0992366412214,77.8625954198473,26.22,47,1,27,8.89,47,60,TRUE,TRUE,TRUE,TRUE,24.9047619047619,TRUE
2019-05-21,260290204A,Enseado dos Corais,CABO DE SANTO AGOSTINHO,-8.33,-34.956,0.116707872718135,96.5648854961832,72.9007633587786,77.0992366412214,77.8625954198473,20.66,42,1,23,2.75,42,60,TRUE,TRUE,TRUE,FALSE,,TRUE
2019-05-22,260290204A,Enseado dos Corais,CABO DE SANTO AGOSTINHO,-8.33,-34.956,0.116707872718135,96.5648854961832,72.9007633587786,77.0992366412214,77.8625954198473,0,24,1,0,0,24,60,TRUE,TRUE,TRUE,TRUE,63.5,TRUE
2019-05-23,260290204A,Enseado dos Corais,CABO DE SANTO AGOSTINHO,-8.33,-34.956,0.116707872718135,96.5648854961832,72.9007633587786,77.0992366412214,77.8625954198473,0.2,25,1,1,0.2,25,60,TRUE,TRUE,TRUE,TRUE,42.4166666666667,TRUE
2019-05-24,260290204A,Enseado dos Corais,CABO DE SANTO AGOSTINHO,-8.33,-34.956,0.116707872718135,96.5648854961832,72.9007633587786,77.0992366412214,77.8625954198473,0,23,1,0,0,23,120,FALSE,FALSE,FALSE,TRUE,47.6666666666667,TRUE
2019-05-25,260290204A,Enseado dos Corais,CABO DE SANTO AGOSTINHO,-8.33,-34.956,0.116707872718135,96.5648854961832,72.9007633587786,77.0992366412214,77.8625954198473,0,24,1,0,0,24,60,TRUE,TRUE,TRUE,TRUE,50.6666666666667,TRUE
2019-05-26,260290204A,Enseado dos Corais,CABO DE SANTO AGOSTINHO,-8.33,-34.956,0.116707872718135,96.5648854961832,72.9007633587786,77.0992366412214,77.8625954198473,2.2,30,1,7,0.59,30,60,TRUE,TRUE,TRUE,TRUE,30,TRUE
2019-05-27,260290204A,Enseado dos Corais,CABO DE SANTO AGOSTINHO,-8.33,-34.956,0.116707872718135,96.5648854961832,72.9007633587786,77.0992366412214,77.8625954198473,21.2,37,1,14,9.57,37,60,TRUE,TRUE,TRUE,TRUE,32.0588235294118,TRUE
2019-05-28,260290204A,Enseado dos Corais,CABO DE SANTO AGOSTINHO,-8.33,-34.956,0.116707872718135,96.5648854961832,72.9007633587786,77.0992366412214,77.8625954198473,4.73,30,1,8,1.58,30,60,TRUE,TRUE,TRUE,TRUE,51.2857142857143,TRUE
2019-05-29,260290204A,Enseado dos Corais,CABO DE SANTO AGOSTINHO,-8.33,-34.956,0.116707872718135,96.5648854961832,72.9007633587786,77.0992366412214,77.8625954198473,12.86,31,1,7,7.15,31,60,TRUE,TRUE,TRUE,TRUE,20.95,TRUE
2019-05-30,260290204A,Enseado dos Corais,CABO DE SANTO AGOSTINHO,-8.33,-34.956,0.116707872718135,96.5648854961832,72.9007633587786,77.0992366412214,77.8625954198473,0,24,1,0,0,24,60,TRUE,TRUE,TRUE,TRUE,31.8333333333333,TRUE
2019-05-31,260290204A,Enseado dos Corais,CABO DE SANTO AGOSTINHO,-8.33,-34.956,0.116707872718135,96.5648854961832,72.9007633587786,77.0992366412214,77.8625954198473,4.93,29,0,5,2.36,30,60,TRUE,TRUE,TRUE,TRUE,38.5416666666667,TRUE
2019-06-01,260290204A,Enseado dos Corais,CABO DE SANTO AGOSTINHO,-8.33,-34.956,0.116707872718135,96.5648854961832,72.9007633587786,77.0992366412214,77.8625954198473,0.4,26,1,2,0.2,25,60,TRUE,TRUE,TRUE,TRUE,42.2222222222222,TRUE
2019-06-02,260290204A,Enseado dos Corais,CABO DE SANTO AGOSTINHO,-8.33,-34.956,0.116707872718135,96.5648854961832,72.9007633587786,77.0992366412214,77.8625954198473,0,24,1,0,0,24,60,TRUE,TRUE,TRUE,TRUE,40.0833333333333,TRUE
2019-06-03,260290204A,Enseado dos Corais,CABO DE SANTO AGOSTINHO,-8.33,-34.956,0.116707872718135,96.5648854961832,72.9007633587786,77.0992366412214,77.8625954198473,1.57,27,1,3,0.59,27,60,TRUE,TRUE,TRUE,TRUE,34.9047619047619,TRUE
2019-06-04,260290204A,Enseado dos Corais,CABO DE SANTO AGOSTINHO,-8.33,-34.956,0.116707872718135,96.5648854961832,72.9007633587786,77.0992366412214,77.8625954198473,1.58,26,1,2,0.79,26,60,TRUE,TRUE,TRUE,TRUE,40.1578947368421,TRUE
2019-06-05,260290204A,Enseado dos Corais,CABO DE SANTO AGOSTINHO,-8.33,-34.956,0.116707872718135,96.5648854961832,72.9007633587786,77.0992366412214,77.8625954198473,0.2,25,1,1,0.2,25,60,TRUE,TRUE,TRUE,TRUE,29.35,TRUE
2019-06-06,260290204A,Enseado dos Corais,CABO DE SANTO AGOSTINHO,-8.33,-34.956,0.116707872718135,96.5648854961832,72.9007633587786,77.0992366412214,77.8625954198473,1.19,27,1,4,0.59,27,80,FALSE,FALSE,TRUE,TRUE,37.1111111111111,TRUE
2019-06-07,260290204A,Enseado dos Corais,CABO DE SANTO AGOSTINHO,-8.33,-34.956,0.116707872718135,96.5648854961832,72.9007633587786,77.0992366412214,77.8625954198473,0,24,1,0,0,24,60,TRUE,TRUE,TRUE,TRUE,49.5263157894737,TRUE
2019-06-08,260290204A,Enseado dos Corais,CABO DE SANTO AGOSTINHO,-8.33,-34.956,0.116707872718135,96.5648854961832,72.9007633587786,77.0992366412214,77.8625954198473,1.38,24,1,2,0.79,24,60,TRUE,TRUE,TRUE,TRUE,42.8571428571429,TRUE
2019-06-09,260290204A,Enseado dos Corais,CABO DE SANTO AGOSTINHO,-8.33,-34.956,0.116707872718135,96.5648854961832,72.9007633587786,77.0992366412214,77.8625954198473,1.78,28,1,5,0.79,28,60,TRUE,TRUE,TRUE,TRUE,37.1176470588235,TRUE
2019-06-10,260290204A,Enseado dos Corais,CABO DE SANTO AGOSTINHO,-8.33,-34.956,0.116707872718135,96.5648854961832,72.9007633587786,77.0992366412214,77.8625954198473,0.59,24,1,1,0.59,24,70,FALSE,TRUE,TRUE,TRUE,37.8333333333333,TRUE
2019-06-11,260290204A,Enseado dos Corais,CABO DE SANTO AGOSTINHO,-8.33,-34.956,0.116707872718135,96.5648854961832,72.9007633587786,77.0992366412214,77.8625954198473,0,24,1,0,0,24,60,TRUE,TRUE,TRUE,TRUE,41.1666666666667,TRUE
2019-06-12,260290204A,Enseado dos Corais,CABO DE SANTO AGOSTINHO,-8.33,-34.956,0.116707872718135,96.5648854961832,72.9007633587786,77.0992366412214,77.8625954198473,10.82,34,1,10,2.75,34,60,TRUE,TRUE,TRUE,TRUE,32.625,TRUE
2019-06-13,260290204A,Enseado dos Corais,CABO DE SANTO AGOSTINHO,-8.33,-34.956,0.116707872718135,96.5648854961832,72.9007633587786,77.0992366412214,77.8625954198473,52.03,59,1,42,5.32,59,60,TRUE,TRUE,TRUE,TRUE,26.25,TRUE
2019-06-14,260290204A,Enseado dos Corais,CABO DE SANTO AGOSTINHO,-8.33,-34.956,0.116707872718135,96.5648854961832,72.9007633587786,77.0992366412214,77.8625954198473,0.2,25,1,1,0.2,25,60,TRUE,TRUE,TRUE,TRUE,51.7083333333333,TRUE
2019-06-15,260290204A,Enseado dos Corais,CABO DE SANTO AGOSTINHO,-8.33,-34.956,0.116707872718135,96.5648854961832,72.9007633587786,77.0992366412214,77.8625954198473,0,24,1,0,0,24,60,TRUE,TRUE,TRUE,TRUE,41.2083333333333,TRUE
2019-06-16,260290204A,Enseado dos Corais,CABO DE SANTO AGOSTINHO,-8.33,-34.956,0.116707872718135,96.5648854961832,72.9007633587786,77.0992366412214,77.8625954198473,71.2,96,1,87,2.16,96,70,FALSE,TRUE,TRUE,TRUE,20.7647058823529,TRUE
2019-06-17,260290204A,Enseado dos Corais,CABO DE SANTO AGOSTINHO,-8.33,-34.956,0.116707872718135,96.5648854961832,72.9007633587786,77.0992366412214,77.8625954198473,35.38,51,1,31,3.35,51,70,FALSE,TRUE,TRUE,FALSE,,TRUE
2019-06-18,260290204A,Enseado dos Corais,CABO DE SANTO AGOSTINHO,-8.33,-34.956,0.116707872718135,96.5648854961832,72.9007633587786,77.0992366412214,77.8625954198473,3.07,24,1,3,2.67,24,90,FALSE,FALSE,TRUE,TRUE,24.6363636363636,TRUE
2019-06-19,260290204A,Enseado dos Corais,CABO DE SANTO AGOSTINHO,-8.33,-34.956,0.116707872718135,96.5648854961832,72.9007633587786,77.0992366412214,77.8625954198473,1.57,26,1,2,0.98,26,60,TRUE,TRUE,TRUE,TRUE,19.4166666666667,TRUE
2019-06-20,260290204A,Enseado dos Corais,CABO DE SANTO AGOSTINHO,-8.33,-34.956,0.116707872718135,96.5648854961832,72.9007633587786,77.0992366412214,77.8625954198473,0.2,24,1,1,0.2,24,60,TRUE,TRUE,TRUE,TRUE,33.7826086956522,TRUE
2019-06-21,260290204A,Enseado dos Corais,CABO DE SANTO AGOSTINHO,-8.33,-34.956,0.116707872718135,96.5648854961832,72.9007633587786,77.0992366412214,77.8625954198473,0,23,1,0,0,23,120,FALSE,FALSE,FALSE,TRUE,45,TRUE
2019-06-22,260290204A,Enseado dos Corais,CABO DE SANTO AGOSTINHO,-8.33,-34.956,0.116707872718135,96.5648854961832,72.9007633587786,77.0992366412214,77.8625954198473,0,24,1,0,0,24,60,TRUE,TRUE,TRUE,TRUE,53.2083333333333,TRUE
2019-06-23,260290204A,Enseado dos Corais,CABO DE SANTO AGOSTINHO,-8.33,-34.956,0.116707872718135,96.5648854961832,72.9007633587786,77.0992366412214,77.8625954198473,1.18,25,1,1,1.18,25,60,TRUE,TRUE,TRUE,TRUE,63,TRUE
2019-06-24,260290204A,Enseado dos Corais,CABO DE SANTO AGOSTINHO,-8.33,-34.956,0.116707872718135,96.5648854961832,72.9007633587786,77.0992366412214,77.8625954198473,7.48,30,0,8,3.74,31,60,TRUE,TRUE,TRUE,TRUE,58.4166666666667,TRUE
2019-06-25,260290204A,Enseado dos Corais,CABO DE SANTO AGOSTINHO,-8.33,-34.956,0.116707872718135,96.5648854961832,72.9007633587786,77.0992366412214,77.8625954198473,2.56,29,1,5,0.98,28,60,TRUE,TRUE,TRUE,TRUE,43.75,TRUE
2019-06-26,260290204A,Enseado dos Corais,CABO DE SANTO AGOSTINHO,-8.33,-34.956,0.116707872718135,96.5648854961832,72.9007633587786,77.0992366412214,77.8625954198473,14.37,37,1,16,2.76,37,60,TRUE,TRUE,TRUE,TRUE,27.1818181818182,TRUE
2019-06-27,260290204A,Enseado dos Corais,CABO DE SANTO AGOSTINHO,-8.33,-34.956,0.116707872718135,96.5648854961832,72.9007633587786,77.0992366412214,77.8625954198473,4.54,36,1,13,0.59,36,60,TRUE,TRUE,TRUE,TRUE,35.5238095238095,TRUE
2019-06-28,260290204A,Enseado dos Corais,CABO DE SANTO AGOSTINHO,-8.33,-34.956,0.116707872718135,96.5648854961832,72.9007633587786,77.0992366412214,77.8625954198473,15.01,41,1,20,3.37,41,60,TRUE,TRUE,TRUE,TRUE,37.4782608695652,TRUE
2019-06-29,260290204A,Enseado dos Corais,CABO DE SANTO AGOSTINHO,-8.33,-34.956,0.116707872718135,96.5648854961832,72.9007633587786,77.0992366412214,77.8625954198473,11.71,32,1,10,5.59,32,60,TRUE,TRUE,TRUE,TRUE,33.9583333333333,TRUE
2019-06-30,260290204A,Enseado dos Corais,CABO DE SANTO AGOSTINHO,-8.33,-34.956,0.116707872718135,96.5648854961832,72.9007633587786,77.0992366412214,77.8625954198473,6.71,32,1,9,3.94,32,60,TRUE,TRUE,TRUE,TRUE,30.875,TRUE
2019-07-01,260290204A,Enseado dos Corais,CABO DE SANTO AGOSTINHO,-8.33,-34.956,0.116707872718135,96.5648854961832,72.9007633587786,77.0992366412214,77.8625954198473,1.19,28,1,5,0.39,28,60,TRUE,TRUE,TRUE,TRUE,49.5416666666667,TRUE
2019-07-02,260290204A,Enseado dos Corais,CABO DE SANTO AGOSTINHO,-8.33,-34.956,0.116707872718135,96.5648854961832,72.9007633587786,77.0992366412214,77.8625954198473,0,24,1,0,0,24,60,TRUE,TRUE,TRUE,TRUE,53.875,TRUE
2019-07-03,260290204A,Enseado dos Corais,CABO DE SANTO AGOSTINHO,-8.33,-34.956,0.116707872718135,96.5648854961832,72.9007633587786,77.0992366412214,77.8625954198473,30.96,44,1,24,6.9,44,60,TRUE,TRUE,TRUE,TRUE,18.0454545454545,TRUE
2019-07-04,260290204A,Enseado dos Corais,CABO DE SANTO AGOSTINHO,-8.33,-34.956,0.116707872718135,96.5648854961832,72.9007633587786,77.0992366412214,77.8625954198473,0,24,1,0,0,24,60,TRUE,TRUE,TRUE,TRUE,39.2083333333333,TRUE
2019-07-05,260290204A,Enseado dos Corais,CABO DE SANTO AGOSTINHO,-8.33,-34.956,0.116707872718135,96.5648854961832,72.9007633587786,77.0992366412214,77.8625954198473,0,24,1,0,0,24,60,TRUE,TRUE,TRUE,TRUE,73.6666666666667,TRUE
2019-07-06,260290204A,Enseado dos Corais,CABO DE SANTO AGOSTINHO,-8.33,-34.956,0.116707872718135,96.5648854961832,72.9007633587786,77.0992366412214,77.8625954198473,0,24,1,0,0,24,60,TRUE,TRUE,TRUE,TRUE,60.6666666666667,TRUE
2019-07-07,260290204A,Enseado dos Corais,CABO DE SANTO AGOSTINHO,-8.33,-34.956,0.116707872718135,96.5648854961832,72.9007633587786,77.0992366412214,77.8625954198473,0.99,25,1,2,0.79,25,120,FALSE,FALSE,FALSE,TRUE,49.5416666666667,TRUE
2019-07-08,260290204A,Enseado dos Corais,CABO DE SANTO AGOSTINHO,-8.33,-34.956,0.116707872718135,96.5648854961832,72.9007633587786,77.0992366412214,77.8625954198473,3.75,27,1,4,2.17,27,60,TRUE,TRUE,TRUE,TRUE,33.0952380952381,TRUE
2019-07-09,260290204A,Enseado dos Corais,CABO DE SANTO AGOSTINHO,-8.33,-34.956,0.116707872718135,96.5648854961832,72.9007633587786,77.0992366412214,77.8625954198473,1.58,25,1,3,1.18,25,120,FALSE,FALSE,FALSE,TRUE,44.3333333333333,TRUE
2019-07-10,260290204A,Enseado dos Corais,CABO DE SANTO AGOSTINHO,-8.33,-34.956,0.116707872718135,96.5648854961832,72.9007633587786,77.0992366412214,77.8625954198473,5.17,32,1,11,0.98,32,70,FALSE,TRUE,TRUE,TRUE,39.9166666666667,TRUE
2019-07-11,260290204A,Enseado dos Corais,CABO DE SANTO AGOSTINHO,-8.33,-34.956,0.116707872718135,96.5648854961832,72.9007633587786,77.0992366412214,77.8625954198473,1,27,1,5,0.2,27,150,FALSE,FALSE,FALSE,TRUE,35.6666666666667,TRUE
2019-07-12,260290204A,Enseado dos Corais,CABO DE SANTO AGOSTINHO,-8.33,-34.956,0.116707872718135,96.5648854961832,72.9007633587786,77.0992366412214,77.8625954198473,0,23,1,0,0,23,120,FALSE,FALSE,FALSE,TRUE,65.0833333333333,TRUE
2019-07-13,260290204A,Enseado dos Corais,CABO DE SANTO AGOSTINHO,-8.33,-34.956,0.116707872718135,96.5648854961832,72.9007633587786,77.0992366412214,77.8625954198473,40.05,50,1,33,7.1,50,70,FALSE,TRUE,TRUE,TRUE,21.6190476190476,TRUE
2019-07-14,260290204A,Enseado dos Corais,CABO DE SANTO AGOSTINHO,-8.33,-34.956,0.116707872718135,96.5648854961832,72.9007633587786,77.0992366412214,77.8625954198473,26.78,52,1,31,3.54,52,60,TRUE,TRUE,TRUE,FALSE,,TRUE
2019-07-15,260290204A,Enseado dos Corais,CABO DE SANTO AGOSTINHO,-8.33,-34.956,0.116707872718135,96.5648854961832,72.9007633587786,77.0992366412214,77.8625954198473,0,15,0,0,0,16,4720,FALSE,FALSE,FALSE,TRUE,40.8260869565217,TRUE
2019-07-16,260290204A,Enseado dos Corais,CABO DE SANTO AGOSTINHO,-8.33,-34.956,0.116707872718135,96.5648854961832,72.9007633587786,77.0992366412214,77.8625954198473,,,,,,0,,FALSE,FALSE,FALSE,TRUE,71.4166666666667,FALSE
2019-07-17,260290204A,Enseado dos Corais,CABO DE SANTO AGOSTINHO,-8.33,-34.956,0.116707872718135,96.5648854961832,72.9007633587786,77.0992366412214,77.8625954198473,,,,,,0,,FALSE,FALSE,FALSE,TRUE,54.125,FALSE
2019-07-18,260290204A,Enseado dos Corais,CABO DE SANTO AGOSTINHO,-8.33,-34.956,0.116707872718135,96.5648854961832,72.9007633587786,77.0992366412214,77.8625954198473,0.2,1,0,1,0.2,1,4720,FALSE,FALSE,FALSE,TRUE,40.1666666666667,TRUE
2019-07-19,260290204A,Enseado dos Corais,CABO DE SANTO AGOSTINHO,-8.33,-34.956,0.116707872718135,96.5648854961832,72.9007633587786,77.0992366412214,77.8625954198473,6.89,8,0,8,1.97,8,920,FALSE,FALSE,FALSE,TRUE,34.7916666666667,TRUE
2019-07-20,260290204A,Enseado dos Corais,CABO DE SANTO AGOSTINHO,-8.33,-34.956,0.116707872718135,96.5648854961832,72.9007633587786,77.0992366412214,77.8625954198473,43.05,48,0,48,8.81,48,920,FALSE,FALSE,FALSE,TRUE,15,TRUE
2019-07-21,260290204A,Enseado dos Corais,CABO DE SANTO AGOSTINHO,-8.33,-34.956,0.116707872718135,96.5648854961832,72.9007633587786,77.0992366412214,77.8625954198473,10.46,15,1,15,2.76,14,720,FALSE,FALSE,FALSE,TRUE,26.75,TRUE
2019-07-22,260290204A,Enseado dos Corais,CABO DE SANTO AGOSTINHO,-8.33,-34.956,0.116707872718135,96.5648854961832,72.9007633587786,77.0992366412214,77.8625954198473,37.16,40,0,40,5.31,41,720,FALSE,FALSE,FALSE,TRUE,20.2380952380952,TRUE
2019-07-23,260290204A,Enseado dos Corais,CABO DE SANTO AGOSTINHO,-8.33,-34.956,0.116707872718135,96.5648854961832,72.9007633587786,77.0992366412214,77.8625954198473,31.68,23,1,23,4.54,22,380,FALSE,FALSE,FALSE,TRUE,14.9166666666667,TRUE
2019-07-24,260290204A,Enseado dos Corais,CABO DE SANTO AGOSTINHO,-8.33,-34.956,0.116707872718135,96.5648854961832,72.9007633587786,77.0992366412214,77.8625954198473,36.29,51,1,51,3.94,51,480,FALSE,FALSE,FALSE,TRUE,12.3,TRUE
2019-07-25,260290204A,Enseado dos Corais,CABO DE SANTO AGOSTINHO,-8.33,-34.956,0.116707872718135,96.5648854961832,72.9007633587786,77.0992366412214,77.8625954198473,7.09,7,0,7,4.13,8,1180,FALSE,FALSE,FALSE,TRUE,18.1818181818182,TRUE
2019-07-26,260290204A,Enseado dos Corais,CABO DE SANTO AGOSTINHO,-8.33,-34.956,0.116707872718135,96.5648854961832,72.9007633587786,77.0992366412214,77.8625954198473,10.29,24,1,12,2.99,23,1180,FALSE,FALSE,FALSE,TRUE,14.7727272727273,TRUE
2019-07-27,260290204A,Enseado dos Corais,CABO DE SANTO AGOSTINHO,-8.33,-34.956,0.116707872718135,96.5648854961832,72.9007633587786,77.0992366412214,77.8625954198473,9.08,20,0,11,1.97,21,440,FALSE,FALSE,FALSE,TRUE,9.1,TRUE
2019-07-28,260290204A,Enseado dos Corais,CABO DE SANTO AGOSTINHO,-8.33,-34.956,0.116707872718135,96.5648854961832,72.9007633587786,77.0992366412214,77.8625954198473,4.97,14,0,14,0.98,14,460,FALSE,FALSE,FALSE,TRUE,15.6521739130435,TRUE
2019-07-29,260290204A,Enseado dos Corais,CABO DE SANTO AGOSTINHO,-8.33,-34.956,0.116707872718135,96.5648854961832,72.9007633587786,77.0992366412214,77.8625954198473,2.18,23,1,7,0.98,22,190,FALSE,FALSE,FALSE,FALSE,,TRUE
2019-07-30,260290204A,Enseado dos Corais,CABO DE SANTO AGOSTINHO,-8.33,-34.956,0.116707872718135,96.5648854961832,72.9007633587786,77.0992366412214,77.8625954198473,16.57,41,1,22,3.35,41,60,TRUE,TRUE,TRUE,TRUE,11.6315789473684,TRUE
2019-07-31,260290204A,Enseado dos Corais,CABO DE SANTO AGOSTINHO,-8.33,-34.956,0.116707872718135,96.5648854961832,72.9007633587786,77.0992366412214,77.8625954198473,27.38,56,1,37,3.35,56,60,TRUE,TRUE,TRUE,FALSE,,TRUE
2019-08-01,260290204A,Enseado dos Corais,CABO DE SANTO AGOSTINHO,-8.33,-34.956,0.116707872718135,96.5648854961832,72.9007633587786,77.0992366412214,77.8625954198473,33.95,62,1,47,3.35,62,60,TRUE,TRUE,TRUE,TRUE,10.0526315789474,TRUE
2019-08-02,260290204A,Enseado dos Corais,CABO DE SANTO AGOSTINHO,-8.33,-34.956,0.116707872718135,96.5648854961832,72.9007633587786,77.0992366412214,77.8625954198473,33.81,52,1,34,2.36,52,60,TRUE,TRUE,TRUE,TRUE,33.3333333333333,TRUE
2019-08-03,260290204A,Enseado dos Corais,CABO DE SANTO AGOSTINHO,-8.33,-34.956,0.116707872718135,96.5648854961832,72.9007633587786,77.0992366412214,77.8625954198473,0.2,25,1,1,0.2,25,60,TRUE,TRUE,TRUE,TRUE,53.8333333333333,TRUE
2019-08-04,260290204A,Enseado dos Corais,CABO DE SANTO AGOSTINHO,-8.33,-34.956,0.116707872718135,96.5648854961832,72.9007633587786,77.0992366412214,77.8625954198473,0.2,25,1,1,0.2,25,60,TRUE,TRUE,TRUE,TRUE,69.125,TRUE
2019-08-05,260290204A,Enseado dos Corais,CABO DE SANTO AGOSTINHO,-8.33,-34.956,0.116707872718135,96.5648854961832,72.9007633587786,77.0992366412214,77.8625954198473,0.79,24,1,1,0.79,24,60,TRUE,TRUE,TRUE,TRUE,65.2916666666667,TRUE
2019-08-06,260290204A,Enseado dos Corais,CABO DE SANTO AGOSTINHO,-8.33,-34.956,0.116707872718135,96.5648854961832,72.9007633587786,77.0992366412214,77.8625954198473,9.45,29,1,8,4.72,29,120,FALSE,FALSE,FALSE,TRUE,44.8947368421053,TRUE
2019-08-07,260290204A,Enseado dos Corais,CABO DE SANTO AGOSTINHO,-8.33,-34.956,0.116707872718135,96.5648854961832,72.9007633587786,77.0992366412214,77.8625954198473,1.19,28,1,5,0.39,28,60,TRUE,TRUE,TRUE,TRUE,48.1666666666667,TRUE
2019-08-08,260290204A,Enseado dos Corais,CABO DE SANTO AGOSTINHO,-8.33,-34.956,0.116707872718135,96.5648854961832,72.9007633587786,77.0992366412214,77.8625954198473,7.29,32,1,11,2.76,32,70,FALSE,TRUE,TRUE,TRUE,37.3333333333333,TRUE
2019-08-09,260290204A,Enseado dos Corais,CABO DE SANTO AGOSTINHO,-8.33,-34.956,0.116707872718135,96.5648854961832,72.9007633587786,77.0992366412214,77.8625954198473,1.58,27,1,3,1.18,27,60,TRUE,TRUE,TRUE,TRUE,75.4583333333333,TRUE
2019-08-10,260290204A,Enseado dos Corais,CABO DE SANTO AGOSTINHO,-8.33,-34.956,0.116707872718135,96.5648854961832,72.9007633587786,77.0992366412214,77.8625954198473,0,24,1,0,0,24,60,TRUE,TRUE,TRUE,TRUE,75.9166666666667,TRUE
2019-08-11,260290204A,Enseado dos Corais,CABO DE SANTO AGOSTINHO,-8.33,-34.956,0.116707872718135,96.5648854961832,72.9007633587786,77.0992366412214,77.8625954198473,0,24,1,0,0,24,60,TRUE,TRUE,TRUE,TRUE,75.8333333333333,TRUE
2019-08-12,260290204A,Enseado dos Corais,CABO DE SANTO AGOSTINHO,-8.33,-34.956,0.116707872718135,96.5648854961832,72.9007633587786,77.0992366412214,77.8625954198473,6.32,33,1,11,1.97,33,60,TRUE,TRUE,TRUE,TRUE,42,TRUE
2019-08-13,260290204A,Enseado dos Corais,CABO DE SANTO AGOSTINHO,-8.33,-34.956,0.116707872718135,96.5648854961832,72.9007633587786,77.0992366412214,77.8625954198473,0,24,1,0,0,24,60,TRUE,TRUE,TRUE,TRUE,41.8695652173913,TRUE
2019-08-14,260290204A,Enseado dos Corais,CABO DE SANTO AGOSTINHO,-8.33,-34.956,0.116707872718135,96.5648854961832,72.9007633587786,77.0992366412214,77.8625954198473,19.42,58,1,41,2.36,58,60,TRUE,TRUE,TRUE,TRUE,16.9583333333333,TRUE
2019-08-15,260290204A,Enseado dos Corais,CABO DE SANTO AGOSTINHO,-8.33,-34.956,0.116707872718135,96.5648854961832,72.9007633587786,77.0992366412214,77.8625954198473,9.07,31,1,13,2.95,31,120,FALSE,FALSE,FALSE,TRUE,25.0833333333333,TRUE
2019-08-16,260290204A,Enseado dos Corais,CABO DE SANTO AGOSTINHO,-8.33,-34.956,0.116707872718135,96.5648854961832,72.9007633587786,77.0992366412214,77.8625954198473,1.77,26,1,2,0.98,26,60,TRUE,TRUE,TRUE,TRUE,31.7916666666667,TRUE
2019-08-17,260290204A,Enseado dos Corais,CABO DE SANTO AGOSTINHO,-8.33,-34.956,0.116707872718135,96.5648854961832,72.9007633587786,77.0992366412214,77.8625954198473,2.56,27,1,4,1.37,27,60,TRUE,TRUE,TRUE,TRUE,55.125,TRUE
2019-08-18,260290204A,Enseado dos Corais,CABO DE SANTO AGOSTINHO,-8.33,-34.956,0.116707872718135,96.5648854961832,72.9007633587786,77.0992366412214,77.8625954198473,1.78,30,1,6,0.59,30,60,TRUE,TRUE,TRUE,TRUE,57.7916666666667,TRUE
2019-08-19,260290204A,Enseado dos Corais,CABO DE SANTO AGOSTINHO,-8.33,-34.956,0.116707872718135,96.5648854961832,72.9007633587786,77.0992366412214,77.8625954198473,0.2,24,1,1,0.2,24,60,TRUE,TRUE,TRUE,TRUE,71.9166666666667,TRUE
2019-08-20,260290204A,Enseado dos Corais,CABO DE SANTO AGOSTINHO,-8.33,-34.956,0.116707872718135,96.5648854961832,72.9007633587786,77.0992366412214,77.8625954198473,0,24,1,0,0,24,60,TRUE,TRUE,TRUE,TRUE,71.25,TRUE
2019-08-21,260290204A,Enseado dos Corais,CABO DE SANTO AGOSTINHO,-8.33,-34.956,0.116707872718135,96.5648854961832,72.9007633587786,77.0992366412214,77.8625954198473,0,24,1,0,0,24,60,TRUE,TRUE,TRUE,TRUE,52.7727272727273,TRUE
2019-08-22,260290204A,Enseado dos Corais,CABO DE SANTO AGOSTINHO,-8.33,-34.956,0.116707872718135,96.5648854961832,72.9007633587786,77.0992366412214,77.8625954198473,9.84,37,1,16,1.97,37,70,FALSE,TRUE,TRUE,TRUE,14.5,TRUE
2019-08-23,260290204A,Enseado dos Corais,CABO DE SANTO AGOSTINHO,-8.33,-34.956,0.116707872718135,96.5648854961832,72.9007633587786,77.0992366412214,77.8625954198473,2.37,29,1,8,0.59,29,60,TRUE,TRUE,TRUE,TRUE,34.6363636363636,TRUE
2019-08-24,260290204A,Enseado dos Corais,CABO DE SANTO AGOSTINHO,-8.33,-34.956,0.116707872718135,96.5648854961832,72.9007633587786,77.0992366412214,77.8625954198473,1.58,28,1,4,0.59,28,60,TRUE,TRUE,TRUE,TRUE,35.2608695652174,TRUE
2019-08-25,260290204A,Enseado dos Corais,CABO DE SANTO AGOSTINHO,-8.33,-34.956,0.116707872718135,96.5648854961832,72.9007633587786,77.0992366412214,77.8625954198473,1.78,29,1,5,0.59,29,60,TRUE,TRUE,TRUE,TRUE,40.3333333333333,TRUE
2019-08-26,260290204A,Enseado dos Corais,CABO DE SANTO AGOSTINHO,-8.33,-34.956,0.116707872718135,96.5648854961832,72.9007633587786,77.0992366412214,77.8625954198473,4.94,28,1,5,2.18,28,60,TRUE,TRUE,TRUE,TRUE,41.125,TRUE
2019-08-27,260290204A,Enseado dos Corais,CABO DE SANTO AGOSTINHO,-8.33,-34.956,0.116707872718135,96.5648854961832,72.9007633587786,77.0992366412214,77.8625954198473,0.2,25,1,1,0.2,25,60,TRUE,TRUE,TRUE,TRUE,58.4166666666667,TRUE
2019-08-28,260290204A,Enseado dos Corais,CABO DE SANTO AGOSTINHO,-8.33,-34.956,0.116707872718135,96.5648854961832,72.9007633587786,77.0992366412214,77.8625954198473,2.59,13,0,5,1.18,14,1140,FALSE,FALSE,FALSE,TRUE,45,TRUE
2019-08-29,260290204A,Enseado dos Corais,CABO DE SANTO AGOSTINHO,-8.33,-34.956,0.116707872718135,96.5648854961832,72.9007633587786,77.0992366412214,77.8625954198473,0.4,2,0,2,0.2,2,1410,FALSE,FALSE,FALSE,TRUE,52.1666666666667,TRUE
2019-08-30,260290204A,Enseado dos Corais,CABO DE SANTO AGOSTINHO,-8.33,-34.956,0.116707872718135,96.5648854961832,72.9007633587786,77.0992366412214,77.8625954198473,0.4,11,1,2,0.2,10,1410,FALSE,FALSE,FALSE,TRUE,55.4583333333333,TRUE
2019-08-31,260290204A,Enseado dos Corais,CABO DE SANTO AGOSTINHO,-8.33,-34.956,0.116707872718135,96.5648854961832,72.9007633587786,77.0992366412214,77.8625954198473,4.92,27,1,4,1.97,27,60,TRUE,TRUE,TRUE,TRUE,69.4583333333333,TRUE
2019-09-01,260290204A,Enseado dos Corais,CABO DE SANTO AGOSTINHO,-8.33,-34.956,0.116707872718135,96.5648854961832,72.9007633587786,77.0992366412214,77.8625954198473,10.87,36,1,15,3.35,36,60,TRUE,TRUE,TRUE,TRUE,36.375,TRUE
2019-09-02,260290204A,Enseado dos Corais,CABO DE SANTO AGOSTINHO,-8.33,-34.956,0.116707872718135,96.5648854961832,72.9007633587786,77.0992366412214,77.8625954198473,12.98,34,1,13,3.15,34,60,TRUE,TRUE,TRUE,TRUE,39.9583333333333,TRUE
2019-09-03,260290204A,Enseado dos Corais,CABO DE SANTO AGOSTINHO,-8.33,-34.956,0.116707872718135,96.5648854961832,72.9007633587786,77.0992366412214,77.8625954198473,0.2,24,1,1,0.2,24,60,TRUE,TRUE,TRUE,TRUE,49.6666666666667,TRUE
2019-09-04,260290204A,Enseado dos Corais,CABO DE SANTO AGOSTINHO,-8.33,-34.956,0.116707872718135,96.5648854961832,72.9007633587786,77.0992366412214,77.8625954198473,9.51,42,1,23,1.18,42,60,TRUE,TRUE,TRUE,TRUE,37.875,TRUE
2019-09-05,260290204A,Enseado dos Corais,CABO DE SANTO AGOSTINHO,-8.33,-34.956,0.116707872718135,96.5648854961832,72.9007633587786,77.0992366412214,77.8625954198473,5.52,31,1,9,1.77,31,60,TRUE,TRUE,TRUE,TRUE,26.9583333333333,TRUE
2019-09-06,260290204A,Enseado dos Corais,CABO DE SANTO AGOSTINHO,-8.33,-34.956,0.116707872718135,96.5648854961832,72.9007633587786,77.0992366412214,77.8625954198473,10.62,37,1,15,2.16,37,60,TRUE,TRUE,TRUE,TRUE,30.6363636363636,TRUE
2019-09-07,260290204A,Enseado dos Corais,CABO DE SANTO AGOSTINHO,-8.33,-34.956,0.116707872718135,96.5648854961832,72.9007633587786,77.0992366412214,77.8625954198473,3.95,30,1,8,0.98,30,60,TRUE,TRUE,TRUE,TRUE,28,TRUE
2019-09-08,260290204A,Enseado dos Corais,CABO DE SANTO AGOSTINHO,-8.33,-34.956,0.116707872718135,96.5648854961832,72.9007633587786,77.0992366412214,77.8625954198473,4.13,32,1,9,0.98,32,60,TRUE,TRUE,TRUE,TRUE,29.125,TRUE
2019-09-09,260290204A,Enseado dos Corais,CABO DE SANTO AGOSTINHO,-8.33,-34.956,0.116707872718135,96.5648854961832,72.9007633587786,77.0992366412214,77.8625954198473,2.56,26,1,2,2.36,26,60,TRUE,TRUE,TRUE,TRUE,48.8333333333333,TRUE
2019-09-10,260290204A,Enseado dos Corais,CABO DE SANTO AGOSTINHO,-8.33,-34.956,0.116707872718135,96.5648854961832,72.9007633587786,77.0992366412214,77.8625954198473,0,24,1,0,0,24,60,TRUE,TRUE,TRUE,TRUE,57.6666666666667,TRUE
2019-09-11,260290204A,Enseado dos Corais,CABO DE SANTO AGOSTINHO,-8.33,-34.956,0.116707872718135,96.5648854961832,72.9007633587786,77.0992366412214,77.8625954198473,0,24,1,0,0,24,60,TRUE,TRUE,TRUE,TRUE,46.75,TRUE
2019-09-12,260290204A,Enseado dos Corais,CABO DE SANTO AGOSTINHO,-8.33,-34.956,0.116707872718135,96.5648854961832,72.9007633587786,77.0992366412214,77.8625954198473,0.2,25,1,1,0.2,25,60,TRUE,TRUE,TRUE,TRUE,49.7826086956522,TRUE
2019-09-13,260290204A,Enseado dos Corais,CABO DE SANTO AGOSTINHO,-8.33,-34.956,0.116707872718135,96.5648854961832,72.9007633587786,77.0992366412214,77.8625954198473,0,24,1,0,0,24,60,TRUE,TRUE,TRUE,TRUE,54.0952380952381,TRUE
2019-09-14,260290204A,Enseado dos Corais,CABO DE SANTO AGOSTINHO,-8.33,-34.956,0.116707872718135,96.5648854961832,72.9007633587786,77.0992366412214,77.8625954198473,0,24,1,0,0,24,60,TRUE,TRUE,TRUE,TRUE,54.1666666666667,TRUE
2019-09-15,260290204A,Enseado dos Corais,CABO DE SANTO AGOSTINHO,-8.33,-34.956,0.116707872718135,96.5648854961832,72.9007633587786,77.0992366412214,77.8625954198473,0.4,26,1,2,0.2,26,60,TRUE,TRUE,TRUE,TRUE,40.3125,TRUE
2019-09-16,260290204A,Enseado dos Corais,CABO DE SANTO AGOSTINHO,-8.33,-34.956,0.116707872718135,96.5648854961832,72.9007633587786,77.0992366412214,77.8625954198473,0,24,1,0,0,24,60,TRUE,TRUE,TRUE,TRUE,38.3684210526316,TRUE
2019-09-17,260290204A,Enseado dos Corais,CABO DE SANTO AGOSTINHO,-8.33,-34.956,0.116707872718135,96.5648854961832,72.9007633587786,77.0992366412214,77.8625954198473,5.75,36,1,14,1.37,36,60,TRUE,TRUE,TRUE,TRUE,20.7826086956522,TRUE
2019-09-18,260290204A,Enseado dos Corais,CABO DE SANTO AGOSTINHO,-8.33,-34.956,0.116707872718135,96.5648854961832,72.9007633587786,77.0992366412214,77.8625954198473,0.62,26,1,2,0.42,26,60,TRUE,TRUE,TRUE,TRUE,50.1739130434783,TRUE
2019-09-19,260290204A,Enseado dos Corais,CABO DE SANTO AGOSTINHO,-8.33,-34.956,0.116707872718135,96.5648854961832,72.9007633587786,77.0992366412214,77.8625954198473,0,24,1,0,0,24,60,TRUE,TRUE,TRUE,TRUE,63.8636363636364,TRUE
2019-09-20,260290204A,Enseado dos Corais,CABO DE SANTO AGOSTINHO,-8.33,-34.956,0.116707872718135,96.5648854961832,72.9007633587786,77.0992366412214,77.8625954198473,3.19,32,1,10,0.59,32,60,TRUE,TRUE,TRUE,TRUE,31.5,TRUE
2019-09-21,260290204A,Enseado dos Corais,CABO DE SANTO AGOSTINHO,-8.33,-34.956,0.116707872718135,96.5648854961832,72.9007633587786,77.0992366412214,77.8625954198473,0,24,1,0,0,24,60,TRUE,TRUE,TRUE,TRUE,48.6666666666667,TRUE
2019-09-22,260290204A,Enseado dos Corais,CABO DE SANTO AGOSTINHO,-8.33,-34.956,0.116707872718135,96.5648854961832,72.9007633587786,77.0992366412214,77.8625954198473,0,24,1,0,0,24,60,TRUE,TRUE,TRUE,TRUE,41.1666666666667,TRUE
2019-09-23,260290204A,Enseado dos Corais,CABO DE SANTO AGOSTINHO,-8.33,-34.956,0.116707872718135,96.5648854961832,72.9007633587786,77.0992366412214,77.8625954198473,3.97,34,1,11,0.59,34,60,TRUE,TRUE,TRUE,TRUE,38.9047619047619,TRUE
2019-09-24,260290204A,Enseado dos Corais,CABO DE SANTO AGOSTINHO,-8.33,-34.956,0.116707872718135,96.5648854961832,72.9007633587786,77.0992366412214,77.8625954198473,0,24,1,0,0,24,60,TRUE,TRUE,TRUE,TRUE,45.9166666666667,TRUE
2019-09-25,260290204A,Enseado dos Corais,CABO DE SANTO AGOSTINHO,-8.33,-34.956,0.116707872718135,96.5648854961832,72.9007633587786,77.0992366412214,77.8625954198473,0,24,1,0,0,24,60,TRUE,TRUE,TRUE,TRUE,53.25,TRUE
2019-09-26,260290204A,Enseado dos Corais,CABO DE SANTO AGOSTINHO,-8.33,-34.956,0.116707872718135,96.5648854961832,72.9007633587786,77.0992366412214,77.8625954198473,0.2,25,1,1,0.2,25,60,TRUE,TRUE,TRUE,FALSE,,TRUE
2019-09-27,260290204A,Enseado dos Corais,CABO DE SANTO AGOSTINHO,-8.33,-34.956,0.116707872718135,96.5648854961832,72.9007633587786,77.0992366412214,77.8625954198473,0,24,1,0,0,24,60,TRUE,TRUE,TRUE,FALSE,,TRUE
2019-09-28,260290204A,Enseado dos Corais,CABO DE SANTO AGOSTINHO,-8.33,-34.956,0.116707872718135,96.5648854961832,72.9007633587786,77.0992366412214,77.8625954198473,0,24,1,0,0,24,60,TRUE,TRUE,TRUE,FALSE,,TRUE
2019-09-29,260290204A,Enseado dos Corais,CABO DE SANTO AGOSTINHO,-8.33,-34.956,0.116707872718135,96.5648854961832,72.9007633587786,77.0992366412214,77.8625954198473,0,24,1,0,0,24,60,TRUE,TRUE,TRUE,FALSE,,TRUE
2019-09-30,260290204A,Enseado dos Corais,CABO DE SANTO AGOSTINHO,-8.33,-34.956,0.116707872718135,96.5648854961832,72.9007633587786,77.0992366412214,77.8625954198473,0.2,25,1,1,0.2,25,90,FALSE,FALSE,TRUE,FALSE,,TRUE
2019-10-01,260290204A,Enseado dos Corais,CABO DE SANTO AGOSTINHO,-8.33,-34.956,0.116707872718135,96.5648854961832,72.9007633587786,77.0992366412214,77.8625954198473,0,24,1,0,0,24,60,TRUE,TRUE,TRUE,FALSE,,TRUE
2019-10-02,260290204A,Enseado dos Corais,CABO DE SANTO AGOSTINHO,-8.33,-34.956,0.116707872718135,96.5648854961832,72.9007633587786,77.0992366412214,77.8625954198473,0,24,1,0,0,24,60,TRUE,TRUE,TRUE,FALSE,,TRUE
2019-10-03,260290204A,Enseado dos Corais,CABO DE SANTO AGOSTINHO,-8.33,-34.956,0.116707872718135,96.5648854961832,72.9007633587786,77.0992366412214,77.8625954198473,0,24,1,0,0,24,60,TRUE,TRUE,TRUE,FALSE,,TRUE
2019-10-04,260290204A,Enseado dos Corais,CABO DE SANTO AGOSTINHO,-8.33,-34.956,0.116707872718135,96.5648854961832,72.9007633587786,77.0992366412214,77.8625954198473,0,24,1,0,0,24,60,TRUE,TRUE,TRUE,FALSE,,TRUE
2019-10-05,260290204A,Enseado dos Corais,CABO DE SANTO AGOSTINHO,-8.33,-34.956,0.116707872718135,96.5648854961832,72.9007633587786,77.0992366412214,77.8625954198473,0,24,1,0,0,24,60,TRUE,TRUE,TRUE,FALSE,,TRUE
2019-10-06,260290204A,Enseado dos Corais,CABO DE SANTO AGOSTINHO,-8.33,-34.956,0.116707872718135,96.5648854961832,72.9007633587786,77.0992366412214,77.8625954198473,0,24,1,0,0,24,60,TRUE,TRUE,TRUE,FALSE,,TRUE
2019-10-07,260290204A,Enseado dos Corais,CABO DE SANTO AGOSTINHO,-8.33,-34.956,0.116707872718135,96.5648854961832,72.9007633587786,77.0992366412214,77.8625954198473,0,24,1,0,0,24,60,TRUE,TRUE,TRUE,FALSE,,TRUE
2019-10-08,260290204A,Enseado dos Corais,CABO DE SANTO AGOSTINHO,-8.33,-34.956,0.116707872718135,96.5648854961832,72.9007633587786,77.0992366412214,77.8625954198473,0.98,15,0,2,0.59,16,950,FALSE,FALSE,FALSE,FALSE,,TRUE
2019-10-09,260290204A,Enseado dos Corais,CABO DE SANTO AGOSTINHO,-8.33,-34.956,0.116707872718135,96.5648854961832,72.9007633587786,77.0992366412214,77.8625954198473,1.99,5,0,5,0.59,5,1060,FALSE,FALSE,FALSE,FALSE,,TRUE
2019-10-10,260290204A,Enseado dos Corais,CABO DE SANTO AGOSTINHO,-8.33,-34.956,0.116707872718135,96.5648854961832,72.9007633587786,77.0992366412214,77.8625954198473,1.19,11,1,4,0.59,10,1060,FALSE,FALSE,FALSE,FALSE,,TRUE
2019-10-11,260290204A,Enseado dos Corais,CABO DE SANTO AGOSTINHO,-8.33,-34.956,0.116707872718135,96.5648854961832,72.9007633587786,77.0992366412214,77.8625954198473,0.99,25,1,3,0.59,25,60,TRUE,TRUE,TRUE,FALSE,,TRUE
2019-10-12,260290204A,Enseado dos Corais,CABO DE SANTO AGOSTINHO,-8.33,-34.956,0.116707872718135,96.5648854961832,72.9007633587786,77.0992366412214,77.8625954198473,0.79,26,1,3,0.39,26,60,TRUE,TRUE,TRUE,FALSE,,TRUE
2019-10-13,260290204A,Enseado dos Corais,CABO DE SANTO AGOSTINHO,-8.33,-34.956,0.116707872718135,96.5648854961832,72.9007633587786,77.0992366412214,77.8625954198473,5.75,17,0,11,1.97,18,500,FALSE,FALSE,FALSE,FALSE,,TRUE
2019-10-14,260290204A,Enseado dos Corais,CABO DE SANTO AGOSTINHO,-8.33,-34.956,0.116707872718135,96.5648854961832,72.9007633587786,77.0992366412214,77.8625954198473,7.32,14,0,14,1.18,14,760,FALSE,FALSE,FALSE,FALSE,,TRUE
2019-10-15,260290204A,Enseado dos Corais,CABO DE SANTO AGOSTINHO,-8.33,-34.956,0.116707872718135,96.5648854961832,72.9007633587786,77.0992366412214,77.8625954198473,0,14,1,0,0,13,730,FALSE,FALSE,FALSE,FALSE,,TRUE
2019-10-16,260290204A,Enseado dos Corais,CABO DE SANTO AGOSTINHO,-8.33,-34.956,0.116707872718135,96.5648854961832,72.9007633587786,77.0992366412214,77.8625954198473,0.2,25,1,1,0.2,25,60,TRUE,TRUE,TRUE,FALSE,,TRUE
2019-10-17,260290204A,Enseado dos Corais,CABO DE SANTO AGOSTINHO,-8.33,-34.956,0.116707872718135,96.5648854961832,72.9007633587786,77.0992366412214,77.8625954198473,0,24,1,0,0,24,60,TRUE,TRUE,TRUE,FALSE,,TRUE
2019-10-18,260290204A,Enseado dos Corais,CABO DE SANTO AGOSTINHO,-8.33,-34.956,0.116707872718135,96.5648854961832,72.9007633587786,77.0992366412214,77.8625954198473,19.71,46,1,25,2.95,46,60,TRUE,TRUE,TRUE,FALSE,,TRUE
2019-10-19,260290204A,Enseado dos Corais,CABO DE SANTO AGOSTINHO,-8.33,-34.956,0.116707872718135,96.5648854961832,72.9007633587786,77.0992366412214,77.8625954198473,0,23,1,0,0,23,120,FALSE,FALSE,FALSE,FALSE,,TRUE
2019-10-20,260290204A,Enseado dos Corais,CABO DE SANTO AGOSTINHO,-8.33,-34.956,0.116707872718135,96.5648854961832,72.9007633587786,77.0992366412214,77.8625954198473,0,24,1,0,0,24,60,TRUE,TRUE,TRUE,FALSE,,TRUE
2019-10-21,260290204A,Enseado dos Corais,CABO DE SANTO AGOSTINHO,-8.33,-34.956,0.116707872718135,96.5648854961832,72.9007633587786,77.0992366412214,77.8625954198473,0,24,1,0,0,24,60,TRUE,TRUE,TRUE,FALSE,,TRUE
2019-10-22,260290204A,Enseado dos Corais,CABO DE SANTO AGOSTINHO,-8.33,-34.956,0.116707872718135,96.5648854961832,72.9007633587786,77.0992366412214,77.8625954198473,0,24,1,0,0,24,60,TRUE,TRUE,TRUE,FALSE,,TRUE
2019-10-23,260290204A,Enseado dos Corais,CABO DE SANTO AGOSTINHO,-8.33,-34.956,0.116707872718135,96.5648854961832,72.9007633587786,77.0992366412214,77.8625954198473,0,24,1,0,0,24,60,TRUE,TRUE,TRUE,FALSE,,TRUE
2019-10-24,260290204A,Enseado dos Corais,CABO DE SANTO AGOSTINHO,-8.33,-34.956,0.116707872718135,96.5648854961832,72.9007633587786,77.0992366412214,77.8625954198473,0,24,1,0,0,24,60,TRUE,TRUE,TRUE,FALSE,,TRUE
2019-10-25,260290204A,Enseado dos Corais,CABO DE SANTO AGOSTINHO,-8.33,-34.956,0.116707872718135,96.5648854961832,72.9007633587786,77.0992366412214,77.8625954198473,0.79,25,1,1,0.79,25,60,TRUE,TRUE,TRUE,FALSE,,TRUE
2019-10-26,260290204A,Enseado dos Corais,CABO DE SANTO AGOSTINHO,-8.33,-34.956,0.116707872718135,96.5648854961832,72.9007633587786,77.0992366412214,77.8625954198473,0.4,26,1,2,0.2,26,60,TRUE,TRUE,TRUE,TRUE,39.5714285714286,TRUE
2019-10-27,260290204A,Enseado dos Corais,CABO DE SANTO AGOSTINHO,-8.33,-34.956,0.116707872718135,96.5648854961832,72.9007633587786,77.0992366412214,77.8625954198473,0,24,1,0,0,24,60,TRUE,TRUE,TRUE,TRUE,49.2916666666667,TRUE
2019-10-28,260290204A,Enseado dos Corais,CABO DE SANTO AGOSTINHO,-8.33,-34.956,0.116707872718135,96.5648854961832,72.9007633587786,77.0992366412214,77.8625954198473,0,24,1,0,0,24,60,TRUE,TRUE,TRUE,TRUE,56.625,TRUE
2019-10-29,260290204A,Enseado dos Corais,CABO DE SANTO AGOSTINHO,-8.33,-34.956,0.116707872718135,96.5648854961832,72.9007633587786,77.0992366412214,77.8625954198473,0,24,1,0,0,24,100,FALSE,FALSE,FALSE,TRUE,47.125,TRUE
2019-10-30,260290204A,Enseado dos Corais,CABO DE SANTO AGOSTINHO,-8.33,-34.956,0.116707872718135,96.5648854961832,72.9007633587786,77.0992366412214,77.8625954198473,0,21,1,0,0,21,250,FALSE,FALSE,FALSE,TRUE,40.4583333333333,TRUE
2019-10-31,260290204A,Enseado dos Corais,CABO DE SANTO AGOSTINHO,-8.33,-34.956,0.116707872718135,96.5648854961832,72.9007633587786,77.0992366412214,77.8625954198473,0,24,1,0,0,24,60,TRUE,TRUE,TRUE,TRUE,38.9583333333333,TRUE
2019-11-01,260290204A,Enseado dos Corais,CABO DE SANTO AGOSTINHO,-8.33,-34.956,0.116707872718135,96.5648854961832,72.9007633587786,77.0992366412214,77.8625954198473,0,24,1,0,0,24,60,TRUE,TRUE,TRUE,TRUE,36.5416666666667,TRUE
2019-11-02,260290204A,Enseado dos Corais,CABO DE SANTO AGOSTINHO,-8.33,-34.956,0.116707872718135,96.5648854961832,72.9007633587786,77.0992366412214,77.8625954198473,0,24,1,0,0,24,60,TRUE,TRUE,TRUE,TRUE,36.25,TRUE
2019-11-03,260290204A,Enseado dos Corais,CABO DE SANTO AGOSTINHO,-8.33,-34.956,0.116707872718135,96.5648854961832,72.9007633587786,77.0992366412214,77.8625954198473,0,12,0,0,0,13,5470,FALSE,FALSE,FALSE,TRUE,37.125,TRUE
2019-11-04,260290204A,Enseado dos Corais,CABO DE SANTO AGOSTINHO,-8.33,-34.956,0.116707872718135,96.5648854961832,72.9007633587786,77.0992366412214,77.8625954198473,,,,,,0,,FALSE,FALSE,FALSE,TRUE,42.375,FALSE
2019-11-05,260290204A,Enseado dos Corais,CABO DE SANTO AGOSTINHO,-8.33,-34.956,0.116707872718135,96.5648854961832,72.9007633587786,77.0992366412214,77.8625954198473,,,,,,0,,FALSE,FALSE,FALSE,TRUE,45.875,FALSE
2019-11-06,260290204A,Enseado dos Corais,CABO DE SANTO AGOSTINHO,-8.33,-34.956,0.116707872718135,96.5648854961832,72.9007633587786,77.0992366412214,77.8625954198473,,,,,,0,,FALSE,FALSE,FALSE,TRUE,44.6521739130435,FALSE
2019-11-07,260290204A,Enseado dos Corais,CABO DE SANTO AGOSTINHO,-8.33,-34.956,0.116707872718135,96.5648854961832,72.9007633587786,77.0992366412214,77.8625954198473,0.2,1,0,1,0.2,1,7490,FALSE,FALSE,FALSE,TRUE,40.55,TRUE
2019-11-08,260290204A,Enseado dos Corais,CABO DE SANTO AGOSTINHO,-8.33,-34.956,0.116707872718135,96.5648854961832,72.9007633587786,77.0992366412214,77.8625954198473,,,,,,0,,FALSE,FALSE,FALSE,TRUE,36.0416666666667,FALSE
2019-11-09,260290204A,Enseado dos Corais,CABO DE SANTO AGOSTINHO,-8.33,-34.956,0.116707872718135,96.5648854961832,72.9007633587786,77.0992366412214,77.8625954198473,,,,,,0,,FALSE,FALSE,FALSE,TRUE,44.625,FALSE
2019-11-10,260290204A,Enseado dos Corais,CABO DE SANTO AGOSTINHO,-8.33,-34.956,0.116707872718135,96.5648854961832,72.9007633587786,77.0992366412214,77.8625954198473,,,,,,0,,FALSE,FALSE,FALSE,TRUE,40.25,FALSE
2019-11-11,260290204A,Enseado dos Corais,CABO DE SANTO AGOSTINHO,-8.33,-34.956,0.116707872718135,96.5648854961832,72.9007633587786,77.0992366412214,77.8625954198473,,,,,,0,,FALSE,FALSE,FALSE,TRUE,42.5416666666667,FALSE
2019-11-12,260290204A,Enseado dos Corais,CABO DE SANTO AGOSTINHO,-8.33,-34.956,0.116707872718135,96.5648854961832,72.9007633587786,77.0992366412214,77.8625954198473,0,13,1,0,0,12,7490,FALSE,FALSE,FALSE,TRUE,80.8333333333333,TRUE
2019-11-13,260290204A,Enseado dos Corais,CABO DE SANTO AGOSTINHO,-8.33,-34.956,0.116707872718135,96.5648854961832,72.9007633587786,77.0992366412214,77.8625954198473,0,19,1,0,0,19,360,FALSE,FALSE,FALSE,TRUE,40.4583333333333,TRUE
2019-11-14,260290204A,Enseado dos Corais,CABO DE SANTO AGOSTINHO,-8.33,-34.956,0.116707872718135,96.5648854961832,72.9007633587786,77.0992366412214,77.8625954198473,0,24,1,0,0,24,60,TRUE,TRUE,TRUE,TRUE,36.125,TRUE
2019-11-15,260290204A,Enseado dos Corais,CABO DE SANTO AGOSTINHO,-8.33,-34.956,0.116707872718135,96.5648854961832,72.9007633587786,77.0992366412214,77.8625954198473,0,24,1,0,0,24,60,TRUE,TRUE,TRUE,TRUE,51.7142857142857,TRUE
2019-11-16,260290204A,Enseado dos Corais,CABO DE SANTO AGOSTINHO,-8.33,-34.956,0.116707872718135,96.5648854961832,72.9007633587786,77.0992366412214,77.8625954198473,0,24,1,0,0,24,60,TRUE,TRUE,TRUE,TRUE,55.5833333333333,TRUE
2019-11-17,260290204A,Enseado dos Corais,CABO DE SANTO AGOSTINHO,-8.33,-34.956,0.116707872718135,96.5648854961832,72.9007633587786,77.0992366412214,77.8625954198473,1.77,25,1,2,0.98,25,140,FALSE,FALSE,FALSE,TRUE,30.5833333333333,TRUE
2019-11-18,260290204A,Enseado dos Corais,CABO DE SANTO AGOSTINHO,-8.33,-34.956,0.116707872718135,96.5648854961832,72.9007633587786,77.0992366412214,77.8625954198473,0,24,1,0,0,24,60,TRUE,TRUE,TRUE,TRUE,37.0416666666667,TRUE
2019-11-19,260290204A,Enseado dos Corais,CABO DE SANTO AGOSTINHO,-8.33,-34.956,0.116707872718135,96.5648854961832,72.9007633587786,77.0992366412214,77.8625954198473,0.2,24,1,1,0.2,24,60,TRUE,TRUE,TRUE,TRUE,34.7619047619048,TRUE
2019-11-20,260290204A,Enseado dos Corais,CABO DE SANTO AGOSTINHO,-8.33,-34.956,0.116707872718135,96.5648854961832,72.9007633587786,77.0992366412214,77.8625954198473,0,24,1,0,0,24,60,TRUE,TRUE,TRUE,TRUE,36.3809523809524,TRUE
2019-11-21,260290204A,Enseado dos Corais,CABO DE SANTO AGOSTINHO,-8.33,-34.956,0.116707872718135,96.5648854961832,72.9007633587786,77.0992366412214,77.8625954198473,0,24,1,0,0,24,60,TRUE,TRUE,TRUE,TRUE,36.2083333333333,TRUE
2019-11-22,260290204A,Enseado dos Corais,CABO DE SANTO AGOSTINHO,-8.33,-34.956,0.116707872718135,96.5648854961832,72.9007633587786,77.0992366412214,77.8625954198473,0,24,1,0,0,24,110,FALSE,FALSE,FALSE,TRUE,36.7916666666667,TRUE
2019-11-23,260290204A,Enseado dos Corais,CABO DE SANTO AGOSTINHO,-8.33,-34.956,0.116707872718135,96.5648854961832,72.9007633587786,77.0992366412214,77.8625954198473,0,24,1,0,0,24,60,TRUE,TRUE,TRUE,TRUE,32.4583333333333,TRUE
2019-11-24,260290204A,Enseado dos Corais,CABO DE SANTO AGOSTINHO,-8.33,-34.956,0.116707872718135,96.5648854961832,72.9007633587786,77.0992366412214,77.8625954198473,0,24,1,0,0,24,60,TRUE,TRUE,TRUE,TRUE,39.2083333333333,TRUE
2019-11-25,260290204A,Enseado dos Corais,CABO DE SANTO AGOSTINHO,-8.33,-34.956,0.116707872718135,96.5648854961832,72.9007633587786,77.0992366412214,77.8625954198473,0.2,25,1,1,0.2,25,60,TRUE,TRUE,TRUE,FALSE,,TRUE
2019-11-26,260290204A,Enseado dos Corais,CABO DE SANTO AGOSTINHO,-8.33,-34.956,0.116707872718135,96.5648854961832,72.9007633587786,77.0992366412214,77.8625954198473,0,24,1,0,0,24,60,TRUE,TRUE,TRUE,FALSE,,TRUE
2019-11-27,260290204A,Enseado dos Corais,CABO DE SANTO AGOSTINHO,-8.33,-34.956,0.116707872718135,96.5648854961832,72.9007633587786,77.0992366412214,77.8625954198473,0,24,1,0,0,24,60,TRUE,TRUE,TRUE,FALSE,,TRUE
2019-11-28,260290204A,Enseado dos Corais,CABO DE SANTO AGOSTINHO,-8.33,-34.956,0.116707872718135,96.5648854961832,72.9007633587786,77.0992366412214,77.8625954198473,0,24,1,0,0,24,60,TRUE,TRUE,TRUE,FALSE,,TRUE
2019-11-29,260290204A,Enseado dos Corais,CABO DE SANTO AGOSTINHO,-8.33,-34.956,0.116707872718135,96.5648854961832,72.9007633587786,77.0992366412214,77.8625954198473,0,24,1,0,0,24,80,FALSE,FALSE,TRUE,FALSE,,TRUE
2019-11-30,260290204A,Enseado dos Corais,CABO DE SANTO AGOSTINHO,-8.33,-34.956,0.116707872718135,96.5648854961832,72.9007633587786,77.0992366412214,77.8625954198473,0,24,1,0,0,24,60,TRUE,TRUE,TRUE,FALSE,,TRUE
2019-12-01,260290204A,Enseado dos Corais,CABO DE SANTO AGOSTINHO,-8.33,-34.956,0.116707872718135,96.5648854961832,72.9007633587786,77.0992366412214,77.8625954198473,0,24,1,0,0,24,60,TRUE,TRUE,TRUE,FALSE,,TRUE
2019-12-02,260290204A,Enseado dos Corais,CABO DE SANTO AGOSTINHO,-8.33,-34.956,0.116707872718135,96.5648854961832,72.9007633587786,77.0992366412214,77.8625954198473,0,24,1,0,0,24,60,TRUE,TRUE,TRUE,FALSE,,TRUE
2019-12-03,260290204A,Enseado dos Corais,CABO DE SANTO AGOSTINHO,-8.33,-34.956,0.116707872718135,96.5648854961832,72.9007633587786,77.0992366412214,77.8625954198473,0,24,1,0,0,24,70,FALSE,TRUE,TRUE,FALSE,,TRUE
2019-12-04,260290204A,Enseado dos Corais,CABO DE SANTO AGOSTINHO,-8.33,-34.956,0.116707872718135,96.5648854961832,72.9007633587786,77.0992366412214,77.8625954198473,0.4,24,1,2,0.2,24,120,FALSE,FALSE,FALSE,FALSE,,TRUE
2019-12-05,260290204A,Enseado dos Corais,CABO DE SANTO AGOSTINHO,-8.33,-34.956,0.116707872718135,96.5648854961832,72.9007633587786,77.0992366412214,77.8625954198473,0,24,1,0,0,24,60,TRUE,TRUE,TRUE,FALSE,,TRUE
2019-12-06,260290204A,Enseado dos Corais,CABO DE SANTO AGOSTINHO,-8.33,-34.956,0.116707872718135,96.5648854961832,72.9007633587786,77.0992366412214,77.8625954198473,0,23,1,0,0,23,140,FALSE,FALSE,FALSE,FALSE,,TRUE
2019-12-07,260290204A,Enseado dos Corais,CABO DE SANTO AGOSTINHO,-8.33,-34.956,0.116707872718135,96.5648854961832,72.9007633587786,77.0992366412214,77.8625954198473,0,22,1,0,0,22,160,FALSE,FALSE,FALSE,FALSE,,TRUE
2019-12-08,260290204A,Enseado dos Corais,CABO DE SANTO AGOSTINHO,-8.33,-34.956,0.116707872718135,96.5648854961832,72.9007633587786,77.0992366412214,77.8625954198473,0,24,1,0,0,24,60,TRUE,TRUE,TRUE,FALSE,,TRUE
2019-12-09,260290204A,Enseado dos Corais,CABO DE SANTO AGOSTINHO,-8.33,-34.956,0.116707872718135,96.5648854961832,72.9007633587786,77.0992366412214,77.8625954198473,0,24,1,0,0,24,70,FALSE,TRUE,TRUE,FALSE,,TRUE
2019-12-10,260290204A,Enseado dos Corais,CABO DE SANTO AGOSTINHO,-8.33,-34.956,0.116707872718135,96.5648854961832,72.9007633587786,77.0992366412214,77.8625954198473,0.2,24,1,1,0.2,24,80,FALSE,FALSE,TRUE,FALSE,,TRUE
2019-12-11,260290204A,Enseado dos Corais,CABO DE SANTO AGOSTINHO,-8.33,-34.956,0.116707872718135,96.5648854961832,72.9007633587786,77.0992366412214,77.8625954198473,0.2,25,1,1,0.2,25,60,TRUE,TRUE,TRUE,FALSE,,TRUE
2019-12-12,260290204A,Enseado dos Corais,CABO DE SANTO AGOSTINHO,-8.33,-34.956,0.116707872718135,96.5648854961832,72.9007633587786,77.0992366412214,77.8625954198473,0,24,1,0,0,24,70,FALSE,TRUE,TRUE,FALSE,,TRUE
2019-12-13,260290204A,Enseado dos Corais,CABO DE SANTO AGOSTINHO,-8.33,-34.956,0.116707872718135,96.5648854961832,72.9007633587786,77.0992366412214,77.8625954198473,0,24,1,0,0,24,70,FALSE,TRUE,TRUE,FALSE,,TRUE
2019-12-14,260290204A,Enseado dos Corais,CABO DE SANTO AGOSTINHO,-8.33,-34.956,0.116707872718135,96.5648854961832,72.9007633587786,77.0992366412214,77.8625954198473,0,23,1,0,0,23,140,FALSE,FALSE,FALSE,FALSE,,TRUE
2019-12-15,260290204A,Enseado dos Corais,CABO DE SANTO AGOSTINHO,-8.33,-34.956,0.116707872718135,96.5648854961832,72.9007633587786,77.0992366412214,77.8625954198473,1.38,24,1,4,0.59,24,190,FALSE,FALSE,FALSE,FALSE,,TRUE
2019-12-16,260290204A,Enseado dos Corais,CABO DE SANTO AGOSTINHO,-8.33,-34.956,0.116707872718135,96.5648854961832,72.9007633587786,77.0992366412214,77.8625954198473,19.86,37,1,19,5.31,37,80,FALSE,FALSE,TRUE,FALSE,,TRUE
2019-12-17,260290204A,Enseado dos Corais,CABO DE SANTO AGOSTINHO,-8.33,-34.956,0.116707872718135,96.5648854961832,72.9007633587786,77.0992366412214,77.8625954198473,0,2,0,0,0,3,1720,FALSE,FALSE,FALSE,FALSE,,TRUE
2019-12-18,260290204A,Enseado dos Corais,CABO DE SANTO AGOSTINHO,-8.33,-34.956,0.116707872718135,96.5648854961832,72.9007633587786,77.0992366412214,77.8625954198473,0.2,4,0,1,0.2,4,2470,FALSE,FALSE,FALSE,FALSE,,TRUE
2019-12-19,260290204A,Enseado dos Corais,CABO DE SANTO AGOSTINHO,-8.33,-34.956,0.116707872718135,96.5648854961832,72.9007633587786,77.0992366412214,77.8625954198473,,,,,,0,,FALSE,FALSE,FALSE,FALSE,,FALSE
2019-12-20,260290204A,Enseado dos Corais,CABO DE SANTO AGOSTINHO,-8.33,-34.956,0.116707872718135,96.5648854961832,72.9007633587786,77.0992366412214,77.8625954198473,0.2,9,0,1,0.2,9,2470,FALSE,FALSE,FALSE,FALSE,,TRUE
2019-12-21,260290204A,Enseado dos Corais,CABO DE SANTO AGOSTINHO,-8.33,-34.956,0.116707872718135,96.5648854961832,72.9007633587786,77.0992366412214,77.8625954198473,0,8,0,0,0,8,2740,FALSE,FALSE,FALSE,FALSE,,TRUE
2019-12-22,260290204A,Enseado dos Corais,CABO DE SANTO AGOSTINHO,-8.33,-34.956,0.116707872718135,96.5648854961832,72.9007633587786,77.0992366412214,77.8625954198473,,,,,,0,,FALSE,FALSE,FALSE,FALSE,,FALSE
2019-12-23,260290204A,Enseado dos Corais,CABO DE SANTO AGOSTINHO,-8.33,-34.956,0.116707872718135,96.5648854961832,72.9007633587786,77.0992366412214,77.8625954198473,0,3,0,0,0,3,2740,FALSE,FALSE,FALSE,FALSE,,TRUE
2019-12-24,260290204A,Enseado dos Corais,CABO DE SANTO AGOSTINHO,-8.33,-34.956,0.116707872718135,96.5648854961832,72.9007633587786,77.0992366412214,77.8625954198473,0,7,0,0,0,7,1060,FALSE,FALSE,FALSE,FALSE,,TRUE
2019-12-25,260290204A,Enseado dos Corais,CABO DE SANTO AGOSTINHO,-8.33,-34.956,0.116707872718135,96.5648854961832,72.9007633587786,77.0992366412214,77.8625954198473,0,7,0,0,0,7,1070,FALSE,FALSE,FALSE,FALSE,,TRUE
2019-12-26,260290204A,Enseado dos Corais,CABO DE SANTO AGOSTINHO,-8.33,-34.956,0.116707872718135,96.5648854961832,72.9007633587786,77.0992366412214,77.8625954198473,0,6,0,0,0,6,1070,FALSE,FALSE,FALSE,TRUE,64.7619047619048,TRUE
2019-12-27,260290204A,Enseado dos Corais,CABO DE SANTO AGOSTINHO,-8.33,-34.956,0.116707872718135,96.5648854961832,72.9007633587786,77.0992366412214,77.8625954198473,0,6,0,0,0,6,1400,FALSE,FALSE,FALSE,TRUE,45.9166666666667,TRUE
2019-12-28,260290204A,Enseado dos Corais,CABO DE SANTO AGOSTINHO,-8.33,-34.956,0.116707872718135,96.5648854961832,72.9007633587786,77.0992366412214,77.8625954198473,0,3,0,0,0,3,1400,FALSE,FALSE,FALSE,TRUE,44.125,TRUE
2019-12-29,260290204A,Enseado dos Corais,CABO DE SANTO AGOSTINHO,-8.33,-34.956,0.116707872718135,96.5648854961832,72.9007633587786,77.0992366412214,77.8625954198473,0,5,0,0,0,5,1190,FALSE,FALSE,FALSE,TRUE,43.7083333333333,TRUE
2019-12-30,260290204A,Enseado dos Corais,CABO DE SANTO AGOSTINHO,-8.33,-34.956,0.116707872718135,96.5648854961832,72.9007633587786,77.0992366412214,77.8625954198473,0,9,0,0,0,9,1070,FALSE,FALSE,FALSE,TRUE,43.4166666666667,TRUE
2019-12-31,260290204A,Enseado dos Corais,CABO DE SANTO AGOSTINHO,-8.33,-34.956,0.116707872718135,96.5648854961832,72.9007633587786,77.0992366412214,77.8625954198473,0,10,0,0,0,10,970,FALSE,FALSE,FALSE,TRUE,53.4583333333333,TRUE
2019-01-01,260290203A,Torrinha,CABO DE SANTO AGOSTINHO,-8.287,-35.033,9.64529855709911,52.6717557251909,41.2213740458015,41.6030534351145,43.5114503816794,,,,,,0,,FALSE,FALSE,FALSE,TRUE,89.2380952380952,FALSE
2019-01-02,260290203A,Torrinha,CABO DE SANTO AGOSTINHO,-8.287,-35.033,9.64529855709911,52.6717557251909,41.2213740458015,41.6030534351145,43.5114503816794,,,,,,0,,FALSE,FALSE,FALSE,TRUE,76,FALSE
2019-01-03,260290203A,Torrinha,CABO DE SANTO AGOSTINHO,-8.287,-35.033,9.64529855709911,52.6717557251909,41.2213740458015,41.6030534351145,43.5114503816794,,,,,,0,,FALSE,FALSE,FALSE,TRUE,52.1666666666667,FALSE
2019-01-04,260290203A,Torrinha,CABO DE SANTO AGOSTINHO,-8.287,-35.033,9.64529855709911,52.6717557251909,41.2213740458015,41.6030534351145,43.5114503816794,,,,,,0,,FALSE,FALSE,FALSE,TRUE,57.5,FALSE
2019-01-05,260290203A,Torrinha,CABO DE SANTO AGOSTINHO,-8.287,-35.033,9.64529855709911,52.6717557251909,41.2213740458015,41.6030534351145,43.5114503816794,,,,,,0,,FALSE,FALSE,FALSE,TRUE,50.4583333333333,FALSE
2019-01-06,260290203A,Torrinha,CABO DE SANTO AGOSTINHO,-8.287,-35.033,9.64529855709911,52.6717557251909,41.2213740458015,41.6030534351145,43.5114503816794,,,,,,0,,FALSE,FALSE,FALSE,TRUE,29.9583333333333,FALSE
2019-01-07,260290203A,Torrinha,CABO DE SANTO AGOSTINHO,-8.287,-35.033,9.64529855709911,52.6717557251909,41.2213740458015,41.6030534351145,43.5114503816794,,,,,,0,,FALSE,FALSE,FALSE,TRUE,23.7619047619048,FALSE
2019-01-08,260290203A,Torrinha,CABO DE SANTO AGOSTINHO,-8.287,-35.033,9.64529855709911,52.6717557251909,41.2213740458015,41.6030534351145,43.5114503816794,,,,,,0,,FALSE,FALSE,FALSE,TRUE,42.5416666666667,FALSE
2019-01-09,260290203A,Torrinha,CABO DE SANTO AGOSTINHO,-8.287,-35.033,9.64529855709911,52.6717557251909,41.2213740458015,41.6030534351145,43.5114503816794,,,,,,0,,FALSE,FALSE,FALSE,TRUE,41.9166666666667,FALSE
2019-01-10,260290203A,Torrinha,CABO DE SANTO AGOSTINHO,-8.287,-35.033,9.64529855709911,52.6717557251909,41.2213740458015,41.6030534351145,43.5114503816794,,,,,,0,,FALSE,FALSE,FALSE,TRUE,37.6666666666667,FALSE
2019-01-11,260290203A,Torrinha,CABO DE SANTO AGOSTINHO,-8.287,-35.033,9.64529855709911,52.6717557251909,41.2213740458015,41.6030534351145,43.5114503816794,,,,,,0,,FALSE,FALSE,FALSE,TRUE,38.7272727272727,FALSE
2019-01-12,260290203A,Torrinha,CABO DE SANTO AGOSTINHO,-8.287,-35.033,9.64529855709911,52.6717557251909,41.2213740458015,41.6030534351145,43.5114503816794,,,,,,0,,FALSE,FALSE,FALSE,TRUE,14.8333333333333,FALSE
2019-01-13,260290203A,Torrinha,CABO DE SANTO AGOSTINHO,-8.287,-35.033,9.64529855709911,52.6717557251909,41.2213740458015,41.6030534351145,43.5114503816794,,,,,,0,,FALSE,FALSE,FALSE,TRUE,29.6666666666667,FALSE
2019-01-14,260290203A,Torrinha,CABO DE SANTO AGOSTINHO,-8.287,-35.033,9.64529855709911,52.6717557251909,41.2213740458015,41.6030534351145,43.5114503816794,,,,,,0,,FALSE,FALSE,FALSE,TRUE,36.3333333333333,FALSE
2019-01-15,260290203A,Torrinha,CABO DE SANTO AGOSTINHO,-8.287,-35.033,9.64529855709911,52.6717557251909,41.2213740458015,41.6030534351145,43.5114503816794,,,,,,0,,FALSE,FALSE,FALSE,TRUE,37.695652173913,FALSE
2019-01-16,260290203A,Torrinha,CABO DE SANTO AGOSTINHO,-8.287,-35.033,9.64529855709911,52.6717557251909,41.2213740458015,41.6030534351145,43.5114503816794,,,,,,0,,FALSE,FALSE,FALSE,TRUE,32.9583333333333,FALSE
2019-01-17,260290203A,Torrinha,CABO DE SANTO AGOSTINHO,-8.287,-35.033,9.64529855709911,52.6717557251909,41.2213740458015,41.6030534351145,43.5114503816794,,,,,,0,,FALSE,FALSE,FALSE,TRUE,24.8333333333333,FALSE
2019-01-18,260290203A,Torrinha,CABO DE SANTO AGOSTINHO,-8.287,-35.033,9.64529855709911,52.6717557251909,41.2213740458015,41.6030534351145,43.5114503816794,,,,,,0,,FALSE,FALSE,FALSE,TRUE,32.9166666666667,FALSE
2019-01-19,260290203A,Torrinha,CABO DE SANTO AGOSTINHO,-8.287,-35.033,9.64529855709911,52.6717557251909,41.2213740458015,41.6030534351145,43.5114503816794,,,,,,0,,FALSE,FALSE,FALSE,TRUE,34.7916666666667,FALSE
2019-01-20,260290203A,Torrinha,CABO DE SANTO AGOSTINHO,-8.287,-35.033,9.64529855709911,52.6717557251909,41.2213740458015,41.6030534351145,43.5114503816794,,,,,,0,,FALSE,FALSE,FALSE,TRUE,34.125,FALSE
2019-01-21,260290203A,Torrinha,CABO DE SANTO AGOSTINHO,-8.287,-35.033,9.64529855709911,52.6717557251909,41.2213740458015,41.6030534351145,43.5114503816794,,,,,,0,,FALSE,FALSE,FALSE,TRUE,38.8333333333333,FALSE
2019-01-22,260290203A,Torrinha,CABO DE SANTO AGOSTINHO,-8.287,-35.033,9.64529855709911,52.6717557251909,41.2213740458015,41.6030534351145,43.5114503816794,,,,,,0,,FALSE,FALSE,FALSE,TRUE,25.6363636363636,FALSE
2019-01-23,260290203A,Torrinha,CABO DE SANTO AGOSTINHO,-8.287,-35.033,9.64529855709911,52.6717557251909,41.2213740458015,41.6030534351145,43.5114503816794,,,,,,0,,FALSE,FALSE,FALSE,TRUE,33.7916666666667,FALSE
2019-01-24,260290203A,Torrinha,CABO DE SANTO AGOSTINHO,-8.287,-35.033,9.64529855709911,52.6717557251909,41.2213740458015,41.6030534351145,43.5114503816794,,,,,,0,,FALSE,FALSE,FALSE,TRUE,38.6666666666667,FALSE
2019-01-25,260290203A,Torrinha,CABO DE SANTO AGOSTINHO,-8.287,-35.033,9.64529855709911,52.6717557251909,41.2213740458015,41.6030534351145,43.5114503816794,,,,,,0,,FALSE,FALSE,FALSE,TRUE,38.6666666666667,FALSE
2019-01-26,260290203A,Torrinha,CABO DE SANTO AGOSTINHO,-8.287,-35.033,9.64529855709911,52.6717557251909,41.2213740458015,41.6030534351145,43.5114503816794,,,,,,0,,FALSE,FALSE,FALSE,TRUE,44.7083333333333,FALSE
2019-01-27,260290203A,Torrinha,CABO DE SANTO AGOSTINHO,-8.287,-35.033,9.64529855709911,52.6717557251909,41.2213740458015,41.6030534351145,43.5114503816794,,,,,,0,,FALSE,FALSE,FALSE,TRUE,40.5,FALSE
2019-01-28,260290203A,Torrinha,CABO DE SANTO AGOSTINHO,-8.287,-35.033,9.64529855709911,52.6717557251909,41.2213740458015,41.6030534351145,43.5114503816794,,,,,,0,,FALSE,FALSE,FALSE,TRUE,22.25,FALSE
2019-01-29,260290203A,Torrinha,CABO DE SANTO AGOSTINHO,-8.287,-35.033,9.64529855709911,52.6717557251909,41.2213740458015,41.6030534351145,43.5114503816794,,,,,,0,,FALSE,FALSE,FALSE,TRUE,26.4782608695652,FALSE
2019-01-30,260290203A,Torrinha,CABO DE SANTO AGOSTINHO,-8.287,-35.033,9.64529855709911,52.6717557251909,41.2213740458015,41.6030534351145,43.5114503816794,,,,,,0,,FALSE,FALSE,FALSE,TRUE,30.9166666666667,FALSE
2019-01-31,260290203A,Torrinha,CABO DE SANTO AGOSTINHO,-8.287,-35.033,9.64529855709911,52.6717557251909,41.2213740458015,41.6030534351145,43.5114503816794,,,,,,0,,FALSE,FALSE,FALSE,TRUE,37,FALSE
2019-02-01,260290203A,Torrinha,CABO DE SANTO AGOSTINHO,-8.287,-35.033,9.64529855709911,52.6717557251909,41.2213740458015,41.6030534351145,43.5114503816794,,,,,,0,,FALSE,FALSE,FALSE,TRUE,32.75,FALSE
2019-02-02,260290203A,Torrinha,CABO DE SANTO AGOSTINHO,-8.287,-35.033,9.64529855709911,52.6717557251909,41.2213740458015,41.6030534351145,43.5114503816794,,,,,,0,,FALSE,FALSE,FALSE,TRUE,30.5416666666667,FALSE
2019-02-03,260290203A,Torrinha,CABO DE SANTO AGOSTINHO,-8.287,-35.033,9.64529855709911,52.6717557251909,41.2213740458015,41.6030534351145,43.5114503816794,,,,,,0,,FALSE,FALSE,FALSE,TRUE,15.2083333333333,FALSE
2019-02-04,260290203A,Torrinha,CABO DE SANTO AGOSTINHO,-8.287,-35.033,9.64529855709911,52.6717557251909,41.2213740458015,41.6030534351145,43.5114503816794,,,,,,0,,FALSE,FALSE,FALSE,TRUE,16.8333333333333,FALSE
2019-02-05,260290203A,Torrinha,CABO DE SANTO AGOSTINHO,-8.287,-35.033,9.64529855709911,52.6717557251909,41.2213740458015,41.6030534351145,43.5114503816794,,,,,,0,,FALSE,FALSE,FALSE,TRUE,16,FALSE
2019-02-06,260290203A,Torrinha,CABO DE SANTO AGOSTINHO,-8.287,-35.033,9.64529855709911,52.6717557251909,41.2213740458015,41.6030534351145,43.5114503816794,,,,,,0,,FALSE,FALSE,FALSE,TRUE,15.5238095238095,FALSE
2019-02-07,260290203A,Torrinha,CABO DE SANTO AGOSTINHO,-8.287,-35.033,9.64529855709911,52.6717557251909,41.2213740458015,41.6030534351145,43.5114503816794,,,,,,0,,FALSE,FALSE,FALSE,TRUE,35.25,FALSE
2019-02-08,260290203A,Torrinha,CABO DE SANTO AGOSTINHO,-8.287,-35.033,9.64529855709911,52.6717557251909,41.2213740458015,41.6030534351145,43.5114503816794,,,,,,0,,FALSE,FALSE,FALSE,TRUE,50.75,FALSE
2019-02-09,260290203A,Torrinha,CABO DE SANTO AGOSTINHO,-8.287,-35.033,9.64529855709911,52.6717557251909,41.2213740458015,41.6030534351145,43.5114503816794,,,,,,0,,FALSE,FALSE,FALSE,TRUE,54.125,FALSE
2019-02-10,260290203A,Torrinha,CABO DE SANTO AGOSTINHO,-8.287,-35.033,9.64529855709911,52.6717557251909,41.2213740458015,41.6030534351145,43.5114503816794,,,,,,0,,FALSE,FALSE,FALSE,TRUE,46.75,FALSE
2019-02-11,260290203A,Torrinha,CABO DE SANTO AGOSTINHO,-8.287,-35.033,9.64529855709911,52.6717557251909,41.2213740458015,41.6030534351145,43.5114503816794,,,,,,0,,FALSE,FALSE,FALSE,TRUE,45.875,FALSE
2019-02-12,260290203A,Torrinha,CABO DE SANTO AGOSTINHO,-8.287,-35.033,9.64529855709911,52.6717557251909,41.2213740458015,41.6030534351145,43.5114503816794,,,,,,0,,FALSE,FALSE,FALSE,TRUE,35.7272727272727,FALSE
2019-02-13,260290203A,Torrinha,CABO DE SANTO AGOSTINHO,-8.287,-35.033,9.64529855709911,52.6717557251909,41.2213740458015,41.6030534351145,43.5114503816794,,,,,,0,,FALSE,FALSE,FALSE,TRUE,23.625,FALSE
2019-02-14,260290203A,Torrinha,CABO DE SANTO AGOSTINHO,-8.287,-35.033,9.64529855709911,52.6717557251909,41.2213740458015,41.6030534351145,43.5114503816794,,,,,,0,,FALSE,FALSE,FALSE,TRUE,25.4444444444444,FALSE
2019-02-15,260290203A,Torrinha,CABO DE SANTO AGOSTINHO,-8.287,-35.033,9.64529855709911,52.6717557251909,41.2213740458015,41.6030534351145,43.5114503816794,,,,,,0,,FALSE,FALSE,FALSE,TRUE,23.2083333333333,FALSE
2019-02-16,260290203A,Torrinha,CABO DE SANTO AGOSTINHO,-8.287,-35.033,9.64529855709911,52.6717557251909,41.2213740458015,41.6030534351145,43.5114503816794,,,,,,0,,FALSE,FALSE,FALSE,TRUE,24.7083333333333,FALSE
2019-02-17,260290203A,Torrinha,CABO DE SANTO AGOSTINHO,-8.287,-35.033,9.64529855709911,52.6717557251909,41.2213740458015,41.6030534351145,43.5114503816794,,,,,,0,,FALSE,FALSE,FALSE,TRUE,21.047619047619,FALSE
2019-02-18,260290203A,Torrinha,CABO DE SANTO AGOSTINHO,-8.287,-35.033,9.64529855709911,52.6717557251909,41.2213740458015,41.6030534351145,43.5114503816794,,,,,,0,,FALSE,FALSE,FALSE,TRUE,40.0416666666667,FALSE
2019-02-19,260290203A,Torrinha,CABO DE SANTO AGOSTINHO,-8.287,-35.033,9.64529855709911,52.6717557251909,41.2213740458015,41.6030534351145,43.5114503816794,,,,,,0,,FALSE,FALSE,FALSE,TRUE,42.5833333333333,FALSE
2019-02-20,260290203A,Torrinha,CABO DE SANTO AGOSTINHO,-8.287,-35.033,9.64529855709911,52.6717557251909,41.2213740458015,41.6030534351145,43.5114503816794,,,,,,0,,FALSE,FALSE,FALSE,TRUE,31,FALSE
2019-02-21,260290203A,Torrinha,CABO DE SANTO AGOSTINHO,-8.287,-35.033,9.64529855709911,52.6717557251909,41.2213740458015,41.6030534351145,43.5114503816794,,,,,,0,,FALSE,FALSE,FALSE,TRUE,34.5416666666667,FALSE
2019-02-22,260290203A,Torrinha,CABO DE SANTO AGOSTINHO,-8.287,-35.033,9.64529855709911,52.6717557251909,41.2213740458015,41.6030534351145,43.5114503816794,,,,,,0,,FALSE,FALSE,FALSE,TRUE,40.1666666666667,FALSE
2019-02-23,260290203A,Torrinha,CABO DE SANTO AGOSTINHO,-8.287,-35.033,9.64529855709911,52.6717557251909,41.2213740458015,41.6030534351145,43.5114503816794,,,,,,0,,FALSE,FALSE,FALSE,TRUE,45.5416666666667,FALSE
2019-02-24,260290203A,Torrinha,CABO DE SANTO AGOSTINHO,-8.287,-35.033,9.64529855709911,52.6717557251909,41.2213740458015,41.6030534351145,43.5114503816794,,,,,,0,,FALSE,FALSE,FALSE,TRUE,26.7083333333333,FALSE
2019-02-25,260290203A,Torrinha,CABO DE SANTO AGOSTINHO,-8.287,-35.033,9.64529855709911,52.6717557251909,41.2213740458015,41.6030534351145,43.5114503816794,,,,,,0,,FALSE,FALSE,FALSE,TRUE,43.5416666666667,FALSE
2019-02-26,260290203A,Torrinha,CABO DE SANTO AGOSTINHO,-8.287,-35.033,9.64529855709911,52.6717557251909,41.2213740458015,41.6030534351145,43.5114503816794,,,,,,0,,FALSE,FALSE,FALSE,FALSE,,FALSE
2019-02-27,260290203A,Torrinha,CABO DE SANTO AGOSTINHO,-8.287,-35.033,9.64529855709911,52.6717557251909,41.2213740458015,41.6030534351145,43.5114503816794,,,,,,0,,FALSE,FALSE,FALSE,FALSE,,FALSE
2019-02-28,260290203A,Torrinha,CABO DE SANTO AGOSTINHO,-8.287,-35.033,9.64529855709911,52.6717557251909,41.2213740458015,41.6030534351145,43.5114503816794,,,,,,0,,FALSE,FALSE,FALSE,FALSE,,FALSE
2019-03-01,260290203A,Torrinha,CABO DE SANTO AGOSTINHO,-8.287,-35.033,9.64529855709911,52.6717557251909,41.2213740458015,41.6030534351145,43.5114503816794,,,,,,0,,FALSE,FALSE,FALSE,FALSE,,FALSE
2019-03-02,260290203A,Torrinha,CABO DE SANTO AGOSTINHO,-8.287,-35.033,9.64529855709911,52.6717557251909,41.2213740458015,41.6030534351145,43.5114503816794,,,,,,0,,FALSE,FALSE,FALSE,FALSE,,FALSE
2019-03-03,260290203A,Torrinha,CABO DE SANTO AGOSTINHO,-8.287,-35.033,9.64529855709911,52.6717557251909,41.2213740458015,41.6030534351145,43.5114503816794,,,,,,0,,FALSE,FALSE,FALSE,FALSE,,FALSE
2019-03-04,260290203A,Torrinha,CABO DE SANTO AGOSTINHO,-8.287,-35.033,9.64529855709911,52.6717557251909,41.2213740458015,41.6030534351145,43.5114503816794,,,,,,0,,FALSE,FALSE,FALSE,FALSE,,FALSE
2019-03-05,260290203A,Torrinha,CABO DE SANTO AGOSTINHO,-8.287,-35.033,9.64529855709911,52.6717557251909,41.2213740458015,41.6030534351145,43.5114503816794,,,,,,0,,FALSE,FALSE,FALSE,FALSE,,FALSE
2019-03-06,260290203A,Torrinha,CABO DE SANTO AGOSTINHO,-8.287,-35.033,9.64529855709911,52.6717557251909,41.2213740458015,41.6030534351145,43.5114503816794,,,,,,0,,FALSE,FALSE,FALSE,FALSE,,FALSE
2019-03-07,260290203A,Torrinha,CABO DE SANTO AGOSTINHO,-8.287,-35.033,9.64529855709911,52.6717557251909,41.2213740458015,41.6030534351145,43.5114503816794,,,,,,0,,FALSE,FALSE,FALSE,FALSE,,FALSE
2019-03-08,260290203A,Torrinha,CABO DE SANTO AGOSTINHO,-8.287,-35.033,9.64529855709911,52.6717557251909,41.2213740458015,41.6030534351145,43.5114503816794,,,,,,0,,FALSE,FALSE,FALSE,FALSE,,FALSE
2019-03-09,260290203A,Torrinha,CABO DE SANTO AGOSTINHO,-8.287,-35.033,9.64529855709911,52.6717557251909,41.2213740458015,41.6030534351145,43.5114503816794,,,,,,0,,FALSE,FALSE,FALSE,FALSE,,FALSE
2019-03-10,260290203A,Torrinha,CABO DE SANTO AGOSTINHO,-8.287,-35.033,9.64529855709911,52.6717557251909,41.2213740458015,41.6030534351145,43.5114503816794,,,,,,0,,FALSE,FALSE,FALSE,FALSE,,FALSE
2019-03-11,260290203A,Torrinha,CABO DE SANTO AGOSTINHO,-8.287,-35.033,9.64529855709911,52.6717557251909,41.2213740458015,41.6030534351145,43.5114503816794,,,,,,0,,FALSE,FALSE,FALSE,FALSE,,FALSE
2019-03-12,260290203A,Torrinha,CABO DE SANTO AGOSTINHO,-8.287,-35.033,9.64529855709911,52.6717557251909,41.2213740458015,41.6030534351145,43.5114503816794,,,,,,0,,FALSE,FALSE,FALSE,FALSE,,FALSE
2019-03-13,260290203A,Torrinha,CABO DE SANTO AGOSTINHO,-8.287,-35.033,9.64529855709911,52.6717557251909,41.2213740458015,41.6030534351145,43.5114503816794,,,,,,0,,FALSE,FALSE,FALSE,FALSE,,FALSE
2019-03-14,260290203A,Torrinha,CABO DE SANTO AGOSTINHO,-8.287,-35.033,9.64529855709911,52.6717557251909,41.2213740458015,41.6030534351145,43.5114503816794,,,,,,0,,FALSE,FALSE,FALSE,FALSE,,FALSE
2019-03-15,260290203A,Torrinha,CABO DE SANTO AGOSTINHO,-8.287,-35.033,9.64529855709911,52.6717557251909,41.2213740458015,41.6030534351145,43.5114503816794,,,,,,0,,FALSE,FALSE,FALSE,FALSE,,FALSE
2019-03-16,260290203A,Torrinha,CABO DE SANTO AGOSTINHO,-8.287,-35.033,9.64529855709911,52.6717557251909,41.2213740458015,41.6030534351145,43.5114503816794,,,,,,0,,FALSE,FALSE,FALSE,FALSE,,FALSE
2019-03-17,260290203A,Torrinha,CABO DE SANTO AGOSTINHO,-8.287,-35.033,9.64529855709911,52.6717557251909,41.2213740458015,41.6030534351145,43.5114503816794,,,,,,0,,FALSE,FALSE,FALSE,FALSE,,FALSE
2019-03-18,260290203A,Torrinha,CABO DE SANTO AGOSTINHO,-8.287,-35.033,9.64529855709911,52.6717557251909,41.2213740458015,41.6030534351145,43.5114503816794,,,,,,0,,FALSE,FALSE,FALSE,FALSE,,FALSE
2019-03-19,260290203A,Torrinha,CABO DE SANTO AGOSTINHO,-8.287,-35.033,9.64529855709911,52.6717557251909,41.2213740458015,41.6030534351145,43.5114503816794,,,,,,0,,FALSE,FALSE,FALSE,FALSE,,FALSE
2019-03-20,260290203A,Torrinha,CABO DE SANTO AGOSTINHO,-8.287,-35.033,9.64529855709911,52.6717557251909,41.2213740458015,41.6030534351145,43.5114503816794,,,,,,0,,FALSE,FALSE,FALSE,FALSE,,FALSE
2019-03-21,260290203A,Torrinha,CABO DE SANTO AGOSTINHO,-8.287,-35.033,9.64529855709911,52.6717557251909,41.2213740458015,41.6030534351145,43.5114503816794,,,,,,0,,FALSE,FALSE,FALSE,FALSE,,FALSE
2019-03-22,260290203A,Torrinha,CABO DE SANTO AGOSTINHO,-8.287,-35.033,9.64529855709911,52.6717557251909,41.2213740458015,41.6030534351145,43.5114503816794,,,,,,0,,FALSE,FALSE,FALSE,FALSE,,FALSE
2019-03-23,260290203A,Torrinha,CABO DE SANTO AGOSTINHO,-8.287,-35.033,9.64529855709911,52.6717557251909,41.2213740458015,41.6030534351145,43.5114503816794,,,,,,0,,FALSE,FALSE,FALSE,FALSE,,FALSE
2019-03-24,260290203A,Torrinha,CABO DE SANTO AGOSTINHO,-8.287,-35.033,9.64529855709911,52.6717557251909,41.2213740458015,41.6030534351145,43.5114503816794,,,,,,0,,FALSE,FALSE,FALSE,FALSE,,FALSE
2019-03-25,260290203A,Torrinha,CABO DE SANTO AGOSTINHO,-8.287,-35.033,9.64529855709911,52.6717557251909,41.2213740458015,41.6030534351145,43.5114503816794,,,,,,0,,FALSE,FALSE,FALSE,FALSE,,FALSE
2019-03-26,260290203A,Torrinha,CABO DE SANTO AGOSTINHO,-8.287,-35.033,9.64529855709911,52.6717557251909,41.2213740458015,41.6030534351145,43.5114503816794,,,,,,0,,FALSE,FALSE,FALSE,FALSE,,FALSE
2019-03-27,260290203A,Torrinha,CABO DE SANTO AGOSTINHO,-8.287,-35.033,9.64529855709911,52.6717557251909,41.2213740458015,41.6030534351145,43.5114503816794,,,,,,0,,FALSE,FALSE,FALSE,TRUE,21,FALSE
2019-03-28,260290203A,Torrinha,CABO DE SANTO AGOSTINHO,-8.287,-35.033,9.64529855709911,52.6717557251909,41.2213740458015,41.6030534351145,43.5114503816794,,,,,,0,,FALSE,FALSE,FALSE,TRUE,40.6521739130435,FALSE
2019-03-29,260290203A,Torrinha,CABO DE SANTO AGOSTINHO,-8.287,-35.033,9.64529855709911,52.6717557251909,41.2213740458015,41.6030534351145,43.5114503816794,,,,,,0,,FALSE,FALSE,FALSE,TRUE,21.5555555555556,FALSE
2019-03-30,260290203A,Torrinha,CABO DE SANTO AGOSTINHO,-8.287,-35.033,9.64529855709911,52.6717557251909,41.2213740458015,41.6030534351145,43.5114503816794,,,,,,0,,FALSE,FALSE,FALSE,FALSE,,FALSE
2019-03-31,260290203A,Torrinha,CABO DE SANTO AGOSTINHO,-8.287,-35.033,9.64529855709911,52.6717557251909,41.2213740458015,41.6030534351145,43.5114503816794,,,,,,0,,FALSE,FALSE,FALSE,FALSE,,FALSE
2019-04-01,260290203A,Torrinha,CABO DE SANTO AGOSTINHO,-8.287,-35.033,9.64529855709911,52.6717557251909,41.2213740458015,41.6030534351145,43.5114503816794,,,,,,0,,FALSE,FALSE,FALSE,FALSE,,FALSE
2019-04-02,260290203A,Torrinha,CABO DE SANTO AGOSTINHO,-8.287,-35.033,9.64529855709911,52.6717557251909,41.2213740458015,41.6030534351145,43.5114503816794,,,,,,0,,FALSE,FALSE,FALSE,TRUE,42.375,FALSE
2019-04-03,260290203A,Torrinha,CABO DE SANTO AGOSTINHO,-8.287,-35.033,9.64529855709911,52.6717557251909,41.2213740458015,41.6030534351145,43.5114503816794,,,,,,0,,FALSE,FALSE,FALSE,TRUE,53.2222222222222,FALSE
2019-04-04,260290203A,Torrinha,CABO DE SANTO AGOSTINHO,-8.287,-35.033,9.64529855709911,52.6717557251909,41.2213740458015,41.6030534351145,43.5114503816794,,,,,,0,,FALSE,FALSE,FALSE,TRUE,51.3684210526316,FALSE
2019-04-05,260290203A,Torrinha,CABO DE SANTO AGOSTINHO,-8.287,-35.033,9.64529855709911,52.6717557251909,41.2213740458015,41.6030534351145,43.5114503816794,,,,,,0,,FALSE,FALSE,FALSE,TRUE,55.5416666666667,FALSE
2019-04-06,260290203A,Torrinha,CABO DE SANTO AGOSTINHO,-8.287,-35.033,9.64529855709911,52.6717557251909,41.2213740458015,41.6030534351145,43.5114503816794,,,,,,0,,FALSE,FALSE,FALSE,TRUE,70.7916666666667,FALSE
2019-04-07,260290203A,Torrinha,CABO DE SANTO AGOSTINHO,-8.287,-35.033,9.64529855709911,52.6717557251909,41.2213740458015,41.6030534351145,43.5114503816794,,,,,,0,,FALSE,FALSE,FALSE,TRUE,44.2631578947368,FALSE
2019-04-08,260290203A,Torrinha,CABO DE SANTO AGOSTINHO,-8.287,-35.033,9.64529855709911,52.6717557251909,41.2213740458015,41.6030534351145,43.5114503816794,,,,,,0,,FALSE,FALSE,FALSE,TRUE,37.5833333333333,FALSE
2019-04-09,260290203A,Torrinha,CABO DE SANTO AGOSTINHO,-8.287,-35.033,9.64529855709911,52.6717557251909,41.2213740458015,41.6030534351145,43.5114503816794,,,,,,0,,FALSE,FALSE,FALSE,TRUE,54.5652173913044,FALSE
2019-04-10,260290203A,Torrinha,CABO DE SANTO AGOSTINHO,-8.287,-35.033,9.64529855709911,52.6717557251909,41.2213740458015,41.6030534351145,43.5114503816794,,,,,,0,,FALSE,FALSE,FALSE,TRUE,68.7083333333333,FALSE
2019-04-11,260290203A,Torrinha,CABO DE SANTO AGOSTINHO,-8.287,-35.033,9.64529855709911,52.6717557251909,41.2213740458015,41.6030534351145,43.5114503816794,,,,,,0,,FALSE,FALSE,FALSE,TRUE,49.8333333333333,FALSE
2019-04-12,260290203A,Torrinha,CABO DE SANTO AGOSTINHO,-8.287,-35.033,9.64529855709911,52.6717557251909,41.2213740458015,41.6030534351145,43.5114503816794,,,,,,0,,FALSE,FALSE,FALSE,TRUE,10.7058823529412,FALSE
2019-04-13,260290203A,Torrinha,CABO DE SANTO AGOSTINHO,-8.287,-35.033,9.64529855709911,52.6717557251909,41.2213740458015,41.6030534351145,43.5114503816794,,,,,,0,,FALSE,FALSE,FALSE,TRUE,25.95,FALSE
2019-04-14,260290203A,Torrinha,CABO DE SANTO AGOSTINHO,-8.287,-35.033,9.64529855709911,52.6717557251909,41.2213740458015,41.6030534351145,43.5114503816794,,,,,,0,,FALSE,FALSE,FALSE,TRUE,30.7083333333333,FALSE
2019-04-15,260290203A,Torrinha,CABO DE SANTO AGOSTINHO,-8.287,-35.033,9.64529855709911,52.6717557251909,41.2213740458015,41.6030534351145,43.5114503816794,,,,,,0,,FALSE,FALSE,FALSE,TRUE,33.5,FALSE
2019-04-16,260290203A,Torrinha,CABO DE SANTO AGOSTINHO,-8.287,-35.033,9.64529855709911,52.6717557251909,41.2213740458015,41.6030534351145,43.5114503816794,,,,,,0,,FALSE,FALSE,FALSE,TRUE,46.3888888888889,FALSE
2019-04-17,260290203A,Torrinha,CABO DE SANTO AGOSTINHO,-8.287,-35.033,9.64529855709911,52.6717557251909,41.2213740458015,41.6030534351145,43.5114503816794,,,,,,0,,FALSE,FALSE,FALSE,TRUE,29.8333333333333,FALSE
2019-04-18,260290203A,Torrinha,CABO DE SANTO AGOSTINHO,-8.287,-35.033,9.64529855709911,52.6717557251909,41.2213740458015,41.6030534351145,43.5114503816794,,,,,,0,,FALSE,FALSE,FALSE,TRUE,28.0952380952381,FALSE
2019-04-19,260290203A,Torrinha,CABO DE SANTO AGOSTINHO,-8.287,-35.033,9.64529855709911,52.6717557251909,41.2213740458015,41.6030534351145,43.5114503816794,,,,,,0,,FALSE,FALSE,FALSE,TRUE,25.7916666666667,FALSE
2019-04-20,260290203A,Torrinha,CABO DE SANTO AGOSTINHO,-8.287,-35.033,9.64529855709911,52.6717557251909,41.2213740458015,41.6030534351145,43.5114503816794,,,,,,0,,FALSE,FALSE,FALSE,FALSE,,FALSE
2019-04-21,260290203A,Torrinha,CABO DE SANTO AGOSTINHO,-8.287,-35.033,9.64529855709911,52.6717557251909,41.2213740458015,41.6030534351145,43.5114503816794,,,,,,0,,FALSE,FALSE,FALSE,TRUE,35.6,FALSE
2019-04-22,260290203A,Torrinha,CABO DE SANTO AGOSTINHO,-8.287,-35.033,9.64529855709911,52.6717557251909,41.2213740458015,41.6030534351145,43.5114503816794,,,,,,0,,FALSE,FALSE,FALSE,FALSE,,FALSE
2019-04-23,260290203A,Torrinha,CABO DE SANTO AGOSTINHO,-8.287,-35.033,9.64529855709911,52.6717557251909,41.2213740458015,41.6030534351145,43.5114503816794,,,,,,0,,FALSE,FALSE,FALSE,TRUE,25.625,FALSE
2019-04-24,260290203A,Torrinha,CABO DE SANTO AGOSTINHO,-8.287,-35.033,9.64529855709911,52.6717557251909,41.2213740458015,41.6030534351145,43.5114503816794,,,,,,0,,FALSE,FALSE,FALSE,TRUE,15.9375,FALSE
2019-04-25,260290203A,Torrinha,CABO DE SANTO AGOSTINHO,-8.287,-35.033,9.64529855709911,52.6717557251909,41.2213740458015,41.6030534351145,43.5114503816794,,,,,,0,,FALSE,FALSE,FALSE,FALSE,,FALSE
2019-04-26,260290203A,Torrinha,CABO DE SANTO AGOSTINHO,-8.287,-35.033,9.64529855709911,52.6717557251909,41.2213740458015,41.6030534351145,43.5114503816794,,,,,,0,,FALSE,FALSE,FALSE,TRUE,25.5217391304348,FALSE
2019-04-27,260290203A,Torrinha,CABO DE SANTO AGOSTINHO,-8.287,-35.033,9.64529855709911,52.6717557251909,41.2213740458015,41.6030534351145,43.5114503816794,,,,,,0,,FALSE,FALSE,FALSE,TRUE,36.7727272727273,FALSE
2019-04-28,260290203A,Torrinha,CABO DE SANTO AGOSTINHO,-8.287,-35.033,9.64529855709911,52.6717557251909,41.2213740458015,41.6030534351145,43.5114503816794,,,,,,0,,FALSE,FALSE,FALSE,TRUE,39.1666666666667,FALSE
2019-04-29,260290203A,Torrinha,CABO DE SANTO AGOSTINHO,-8.287,-35.033,9.64529855709911,52.6717557251909,41.2213740458015,41.6030534351145,43.5114503816794,,,,,,0,,FALSE,FALSE,FALSE,TRUE,33.5,FALSE
2019-04-30,260290203A,Torrinha,CABO DE SANTO AGOSTINHO,-8.287,-35.033,9.64529855709911,52.6717557251909,41.2213740458015,41.6030534351145,43.5114503816794,,,,,,0,,FALSE,FALSE,FALSE,TRUE,41.4117647058824,FALSE
2019-05-01,260290203A,Torrinha,CABO DE SANTO AGOSTINHO,-8.287,-35.033,9.64529855709911,52.6717557251909,41.2213740458015,41.6030534351145,43.5114503816794,,,,,,0,,FALSE,FALSE,FALSE,TRUE,41.125,FALSE
2019-05-02,260290203A,Torrinha,CABO DE SANTO AGOSTINHO,-8.287,-35.033,9.64529855709911,52.6717557251909,41.2213740458015,41.6030534351145,43.5114503816794,,,,,,0,,FALSE,FALSE,FALSE,TRUE,55,FALSE
2019-05-03,260290203A,Torrinha,CABO DE SANTO AGOSTINHO,-8.287,-35.033,9.64529855709911,52.6717557251909,41.2213740458015,41.6030534351145,43.5114503816794,,,,,,0,,FALSE,FALSE,FALSE,TRUE,62.2916666666667,FALSE
2019-05-04,260290203A,Torrinha,CABO DE SANTO AGOSTINHO,-8.287,-35.033,9.64529855709911,52.6717557251909,41.2213740458015,41.6030534351145,43.5114503816794,,,,,,0,,FALSE,FALSE,FALSE,TRUE,49.2916666666667,FALSE
2019-05-05,260290203A,Torrinha,CABO DE SANTO AGOSTINHO,-8.287,-35.033,9.64529855709911,52.6717557251909,41.2213740458015,41.6030534351145,43.5114503816794,,,,,,0,,FALSE,FALSE,FALSE,TRUE,41.8333333333333,FALSE
2019-05-06,260290203A,Torrinha,CABO DE SANTO AGOSTINHO,-8.287,-35.033,9.64529855709911,52.6717557251909,41.2213740458015,41.6030534351145,43.5114503816794,,,,,,0,,FALSE,FALSE,FALSE,TRUE,54.3157894736842,FALSE
2019-05-07,260290203A,Torrinha,CABO DE SANTO AGOSTINHO,-8.287,-35.033,9.64529855709911,52.6717557251909,41.2213740458015,41.6030534351145,43.5114503816794,,,,,,0,,FALSE,FALSE,FALSE,TRUE,52.1304347826087,FALSE
2019-05-08,260290203A,Torrinha,CABO DE SANTO AGOSTINHO,-8.287,-35.033,9.64529855709911,52.6717557251909,41.2213740458015,41.6030534351145,43.5114503816794,,,,,,0,,FALSE,FALSE,FALSE,FALSE,,FALSE
2019-05-09,260290203A,Torrinha,CABO DE SANTO AGOSTINHO,-8.287,-35.033,9.64529855709911,52.6717557251909,41.2213740458015,41.6030534351145,43.5114503816794,,,,,,0,,FALSE,FALSE,FALSE,TRUE,42.1875,FALSE
2019-05-10,260290203A,Torrinha,CABO DE SANTO AGOSTINHO,-8.287,-35.033,9.64529855709911,52.6717557251909,41.2213740458015,41.6030534351145,43.5114503816794,,,,,,0,,FALSE,FALSE,FALSE,FALSE,,FALSE
2019-05-11,260290203A,Torrinha,CABO DE SANTO AGOSTINHO,-8.287,-35.033,9.64529855709911,52.6717557251909,41.2213740458015,41.6030534351145,43.5114503816794,,,,,,0,,FALSE,FALSE,FALSE,TRUE,48.3809523809524,FALSE
2019-05-12,260290203A,Torrinha,CABO DE SANTO AGOSTINHO,-8.287,-35.033,9.64529855709911,52.6717557251909,41.2213740458015,41.6030534351145,43.5114503816794,,,,,,0,,FALSE,FALSE,FALSE,TRUE,37.9565217391304,FALSE
2019-05-13,260290203A,Torrinha,CABO DE SANTO AGOSTINHO,-8.287,-35.033,9.64529855709911,52.6717557251909,41.2213740458015,41.6030534351145,43.5114503816794,,,,,,0,,FALSE,FALSE,FALSE,TRUE,95.75,FALSE
2019-05-14,260290203A,Torrinha,CABO DE SANTO AGOSTINHO,-8.287,-35.033,9.64529855709911,52.6717557251909,41.2213740458015,41.6030534351145,43.5114503816794,,,,,,0,,FALSE,FALSE,FALSE,TRUE,104.0625,FALSE
2019-05-15,260290203A,Torrinha,CABO DE SANTO AGOSTINHO,-8.287,-35.033,9.64529855709911,52.6717557251909,41.2213740458015,41.6030534351145,43.5114503816794,,,,,,0,,FALSE,FALSE,FALSE,TRUE,72.5833333333333,FALSE
2019-05-16,260290203A,Torrinha,CABO DE SANTO AGOSTINHO,-8.287,-35.033,9.64529855709911,52.6717557251909,41.2213740458015,41.6030534351145,43.5114503816794,,,,,,0,,FALSE,FALSE,FALSE,TRUE,57.8333333333333,FALSE
2019-05-17,260290203A,Torrinha,CABO DE SANTO AGOSTINHO,-8.287,-35.033,9.64529855709911,52.6717557251909,41.2213740458015,41.6030534351145,43.5114503816794,,,,,,0,,FALSE,FALSE,FALSE,TRUE,49.0909090909091,FALSE
2019-05-18,260290203A,Torrinha,CABO DE SANTO AGOSTINHO,-8.287,-35.033,9.64529855709911,52.6717557251909,41.2213740458015,41.6030534351145,43.5114503816794,,,,,,0,,FALSE,FALSE,FALSE,TRUE,43.0909090909091,FALSE
2019-05-19,260290203A,Torrinha,CABO DE SANTO AGOSTINHO,-8.287,-35.033,9.64529855709911,52.6717557251909,41.2213740458015,41.6030534351145,43.5114503816794,,,,,,0,,FALSE,FALSE,FALSE,TRUE,22.3529411764706,FALSE
2019-05-20,260290203A,Torrinha,CABO DE SANTO AGOSTINHO,-8.287,-35.033,9.64529855709911,52.6717557251909,41.2213740458015,41.6030534351145,43.5114503816794,,,,,,0,,FALSE,FALSE,FALSE,TRUE,24.9047619047619,FALSE
2019-05-21,260290203A,Torrinha,CABO DE SANTO AGOSTINHO,-8.287,-35.033,9.64529855709911,52.6717557251909,41.2213740458015,41.6030534351145,43.5114503816794,,,,,,0,,FALSE,FALSE,FALSE,FALSE,,FALSE
2019-05-22,260290203A,Torrinha,CABO DE SANTO AGOSTINHO,-8.287,-35.033,9.64529855709911,52.6717557251909,41.2213740458015,41.6030534351145,43.5114503816794,,,,,,0,,FALSE,FALSE,FALSE,TRUE,63.5,FALSE
2019-05-23,260290203A,Torrinha,CABO DE SANTO AGOSTINHO,-8.287,-35.033,9.64529855709911,52.6717557251909,41.2213740458015,41.6030534351145,43.5114503816794,,,,,,0,,FALSE,FALSE,FALSE,TRUE,42.4166666666667,FALSE
2019-05-24,260290203A,Torrinha,CABO DE SANTO AGOSTINHO,-8.287,-35.033,9.64529855709911,52.6717557251909,41.2213740458015,41.6030534351145,43.5114503816794,,,,,,0,,FALSE,FALSE,FALSE,TRUE,47.6666666666667,FALSE
2019-05-25,260290203A,Torrinha,CABO DE SANTO AGOSTINHO,-8.287,-35.033,9.64529855709911,52.6717557251909,41.2213740458015,41.6030534351145,43.5114503816794,,,,,,0,,FALSE,FALSE,FALSE,TRUE,50.6666666666667,FALSE
2019-05-26,260290203A,Torrinha,CABO DE SANTO AGOSTINHO,-8.287,-35.033,9.64529855709911,52.6717557251909,41.2213740458015,41.6030534351145,43.5114503816794,,,,,,0,,FALSE,FALSE,FALSE,TRUE,30,FALSE
2019-05-27,260290203A,Torrinha,CABO DE SANTO AGOSTINHO,-8.287,-35.033,9.64529855709911,52.6717557251909,41.2213740458015,41.6030534351145,43.5114503816794,,,,,,0,,FALSE,FALSE,FALSE,TRUE,32.0588235294118,FALSE
2019-05-28,260290203A,Torrinha,CABO DE SANTO AGOSTINHO,-8.287,-35.033,9.64529855709911,52.6717557251909,41.2213740458015,41.6030534351145,43.5114503816794,,,,,,0,,FALSE,FALSE,FALSE,TRUE,51.2857142857143,FALSE
2019-05-29,260290203A,Torrinha,CABO DE SANTO AGOSTINHO,-8.287,-35.033,9.64529855709911,52.6717557251909,41.2213740458015,41.6030534351145,43.5114503816794,,,,,,0,,FALSE,FALSE,FALSE,TRUE,20.95,FALSE
2019-05-30,260290203A,Torrinha,CABO DE SANTO AGOSTINHO,-8.287,-35.033,9.64529855709911,52.6717557251909,41.2213740458015,41.6030534351145,43.5114503816794,,,,,,0,,FALSE,FALSE,FALSE,TRUE,31.8333333333333,FALSE
2019-05-31,260290203A,Torrinha,CABO DE SANTO AGOSTINHO,-8.287,-35.033,9.64529855709911,52.6717557251909,41.2213740458015,41.6030534351145,43.5114503816794,,,,,,0,,FALSE,FALSE,FALSE,TRUE,38.5416666666667,FALSE
2019-06-01,260290203A,Torrinha,CABO DE SANTO AGOSTINHO,-8.287,-35.033,9.64529855709911,52.6717557251909,41.2213740458015,41.6030534351145,43.5114503816794,,,,,,0,,FALSE,FALSE,FALSE,TRUE,42.2222222222222,FALSE
2019-06-02,260290203A,Torrinha,CABO DE SANTO AGOSTINHO,-8.287,-35.033,9.64529855709911,52.6717557251909,41.2213740458015,41.6030534351145,43.5114503816794,,,,,,0,,FALSE,FALSE,FALSE,TRUE,40.0833333333333,FALSE
2019-06-03,260290203A,Torrinha,CABO DE SANTO AGOSTINHO,-8.287,-35.033,9.64529855709911,52.6717557251909,41.2213740458015,41.6030534351145,43.5114503816794,15.91,12,1,3,15.32,11,472560,FALSE,FALSE,FALSE,TRUE,34.9047619047619,TRUE
2019-06-04,260290203A,Torrinha,CABO DE SANTO AGOSTINHO,-8.287,-35.033,9.64529855709911,52.6717557251909,41.2213740458015,41.6030534351145,43.5114503816794,1.8,26,1,4,0.79,26,60,TRUE,TRUE,TRUE,TRUE,40.1578947368421,TRUE
2019-06-05,260290203A,Torrinha,CABO DE SANTO AGOSTINHO,-8.287,-35.033,9.64529855709911,52.6717557251909,41.2213740458015,41.6030534351145,43.5114503816794,0,24,1,0,0,24,60,TRUE,TRUE,TRUE,TRUE,29.35,TRUE
2019-06-06,260290203A,Torrinha,CABO DE SANTO AGOSTINHO,-8.287,-35.033,9.64529855709911,52.6717557251909,41.2213740458015,41.6030534351145,43.5114503816794,0,24,1,0,0,24,60,TRUE,TRUE,TRUE,TRUE,37.1111111111111,TRUE
2019-06-07,260290203A,Torrinha,CABO DE SANTO AGOSTINHO,-8.287,-35.033,9.64529855709911,52.6717557251909,41.2213740458015,41.6030534351145,43.5114503816794,0.4,25,1,2,0.2,25,60,TRUE,TRUE,TRUE,TRUE,49.5263157894737,TRUE
2019-06-08,260290203A,Torrinha,CABO DE SANTO AGOSTINHO,-8.287,-35.033,9.64529855709911,52.6717557251909,41.2213740458015,41.6030534351145,43.5114503816794,1.78,26,1,3,0.99,26,60,TRUE,TRUE,TRUE,TRUE,42.8571428571429,TRUE
2019-06-09,260290203A,Torrinha,CABO DE SANTO AGOSTINHO,-8.287,-35.033,9.64529855709911,52.6717557251909,41.2213740458015,41.6030534351145,43.5114503816794,1.98,30,1,6,0.98,30,60,TRUE,TRUE,TRUE,TRUE,37.1176470588235,TRUE
2019-06-10,260290203A,Torrinha,CABO DE SANTO AGOSTINHO,-8.287,-35.033,9.64529855709911,52.6717557251909,41.2213740458015,41.6030534351145,43.5114503816794,0.2,25,1,1,0.2,25,60,TRUE,TRUE,TRUE,TRUE,37.8333333333333,TRUE
2019-06-11,260290203A,Torrinha,CABO DE SANTO AGOSTINHO,-8.287,-35.033,9.64529855709911,52.6717557251909,41.2213740458015,41.6030534351145,43.5114503816794,1.38,28,1,5,0.39,28,60,TRUE,TRUE,TRUE,TRUE,41.1666666666667,TRUE
2019-06-12,260290203A,Torrinha,CABO DE SANTO AGOSTINHO,-8.287,-35.033,9.64529855709911,52.6717557251909,41.2213740458015,41.6030534351145,43.5114503816794,24.24,42,1,20,4.53,42,60,TRUE,TRUE,TRUE,TRUE,32.625,TRUE
2019-06-13,260290203A,Torrinha,CABO DE SANTO AGOSTINHO,-8.287,-35.033,9.64529855709911,52.6717557251909,41.2213740458015,41.6030534351145,43.5114503816794,124.19,85,1,72,11,85,60,TRUE,TRUE,TRUE,TRUE,26.25,TRUE
2019-06-14,260290203A,Torrinha,CABO DE SANTO AGOSTINHO,-8.287,-35.033,9.64529855709911,52.6717557251909,41.2213740458015,41.6030534351145,43.5114503816794,0,24,1,0,0,24,60,TRUE,TRUE,TRUE,TRUE,51.7083333333333,TRUE
2019-06-15,260290203A,Torrinha,CABO DE SANTO AGOSTINHO,-8.287,-35.033,9.64529855709911,52.6717557251909,41.2213740458015,41.6030534351145,43.5114503816794,0.2,25,1,1,0.2,25,60,TRUE,TRUE,TRUE,TRUE,41.2083333333333,TRUE
2019-06-16,260290203A,Torrinha,CABO DE SANTO AGOSTINHO,-8.287,-35.033,9.64529855709911,52.6717557251909,41.2213740458015,41.6030534351145,43.5114503816794,56.94,91,1,82,2.56,91,60,TRUE,TRUE,TRUE,TRUE,20.7647058823529,TRUE
2019-06-17,260290203A,Torrinha,CABO DE SANTO AGOSTINHO,-8.287,-35.033,9.64529855709911,52.6717557251909,41.2213740458015,41.6030534351145,43.5114503816794,115.37,103,1,95,4.14,103,60,TRUE,TRUE,TRUE,FALSE,,TRUE
2019-06-18,260290203A,Torrinha,CABO DE SANTO AGOSTINHO,-8.287,-35.033,9.64529855709911,52.6717557251909,41.2213740458015,41.6030534351145,43.5114503816794,21.06,41,1,19,4.14,41,60,TRUE,TRUE,TRUE,TRUE,24.6363636363636,TRUE
2019-06-19,260290203A,Torrinha,CABO DE SANTO AGOSTINHO,-8.287,-35.033,9.64529855709911,52.6717557251909,41.2213740458015,41.6030534351145,43.5114503816794,4.53,30,1,7,2.36,30,60,TRUE,TRUE,TRUE,TRUE,19.4166666666667,TRUE
2019-06-20,260290203A,Torrinha,CABO DE SANTO AGOSTINHO,-8.287,-35.033,9.64529855709911,52.6717557251909,41.2213740458015,41.6030534351145,43.5114503816794,1.38,27,1,3,0.59,27,60,TRUE,TRUE,TRUE,TRUE,33.7826086956522,TRUE
2019-06-21,260290203A,Torrinha,CABO DE SANTO AGOSTINHO,-8.287,-35.033,9.64529855709911,52.6717557251909,41.2213740458015,41.6030534351145,43.5114503816794,0,24,1,0,0,24,60,TRUE,TRUE,TRUE,TRUE,45,TRUE
2019-06-22,260290203A,Torrinha,CABO DE SANTO AGOSTINHO,-8.287,-35.033,9.64529855709911,52.6717557251909,41.2213740458015,41.6030534351145,43.5114503816794,0,24,1,0,0,24,60,TRUE,TRUE,TRUE,TRUE,53.2083333333333,TRUE
2019-06-23,260290203A,Torrinha,CABO DE SANTO AGOSTINHO,-8.287,-35.033,9.64529855709911,52.6717557251909,41.2213740458015,41.6030534351145,43.5114503816794,4.33,30,1,7,1.57,30,60,TRUE,TRUE,TRUE,TRUE,63,TRUE
2019-06-24,260290203A,Torrinha,CABO DE SANTO AGOSTINHO,-8.287,-35.033,9.64529855709911,52.6717557251909,41.2213740458015,41.6030534351145,43.5114503816794,12.22,35,1,12,4.72,35,60,TRUE,TRUE,TRUE,TRUE,58.4166666666667,TRUE
2019-06-25,260290203A,Torrinha,CABO DE SANTO AGOSTINHO,-8.287,-35.033,9.64529855709911,52.6717557251909,41.2213740458015,41.6030534351145,43.5114503816794,1.78,29,1,5,0.59,29,60,TRUE,TRUE,TRUE,TRUE,43.75,TRUE
2019-06-26,260290203A,Torrinha,CABO DE SANTO AGOSTINHO,-8.287,-35.033,9.64529855709911,52.6717557251909,41.2213740458015,41.6030534351145,43.5114503816794,2.37,29,1,6,0.59,29,60,TRUE,TRUE,TRUE,TRUE,27.1818181818182,TRUE
2019-06-27,260290203A,Torrinha,CABO DE SANTO AGOSTINHO,-8.287,-35.033,9.64529855709911,52.6717557251909,41.2213740458015,41.6030534351145,43.5114503816794,20.86,44,1,21,3.15,44,60,TRUE,TRUE,TRUE,TRUE,35.5238095238095,TRUE
2019-06-28,260290203A,Torrinha,CABO DE SANTO AGOSTINHO,-8.287,-35.033,9.64529855709911,52.6717557251909,41.2213740458015,41.6030534351145,43.5114503816794,26.21,42,1,22,5.72,42,60,TRUE,TRUE,TRUE,TRUE,37.4782608695652,TRUE
2019-06-29,260290203A,Torrinha,CABO DE SANTO AGOSTINHO,-8.287,-35.033,9.64529855709911,52.6717557251909,41.2213740458015,41.6030534351145,43.5114503816794,14.58,36,1,13,5.71,36,60,TRUE,TRUE,TRUE,TRUE,33.9583333333333,TRUE
2019-06-30,260290203A,Torrinha,CABO DE SANTO AGOSTINHO,-8.287,-35.033,9.64529855709911,52.6717557251909,41.2213740458015,41.6030534351145,43.5114503816794,3.97,31,1,8,0.98,31,60,TRUE,TRUE,TRUE,TRUE,30.875,TRUE
2019-07-01,260290203A,Torrinha,CABO DE SANTO AGOSTINHO,-8.287,-35.033,9.64529855709911,52.6717557251909,41.2213740458015,41.6030534351145,43.5114503816794,3.74,29,1,8,1.18,29,60,TRUE,TRUE,TRUE,TRUE,49.5416666666667,TRUE
2019-07-02,260290203A,Torrinha,CABO DE SANTO AGOSTINHO,-8.287,-35.033,9.64529855709911,52.6717557251909,41.2213740458015,41.6030534351145,43.5114503816794,1.18,26,1,3,0.59,26,60,TRUE,TRUE,TRUE,TRUE,53.875,TRUE
2019-07-03,260290203A,Torrinha,CABO DE SANTO AGOSTINHO,-8.287,-35.033,9.64529855709911,52.6717557251909,41.2213740458015,41.6030534351145,43.5114503816794,9.87,34,1,13,3.74,34,60,TRUE,TRUE,TRUE,TRUE,18.0454545454545,TRUE
2019-07-04,260290203A,Torrinha,CABO DE SANTO AGOSTINHO,-8.287,-35.033,9.64529855709911,52.6717557251909,41.2213740458015,41.6030534351145,43.5114503816794,0.79,26,1,2,0.59,26,60,TRUE,TRUE,TRUE,TRUE,39.2083333333333,TRUE
2019-07-05,260290203A,Torrinha,CABO DE SANTO AGOSTINHO,-8.287,-35.033,9.64529855709911,52.6717557251909,41.2213740458015,41.6030534351145,43.5114503816794,0.4,24,1,2,0.2,24,70,FALSE,TRUE,TRUE,TRUE,73.6666666666667,TRUE
2019-07-06,260290203A,Torrinha,CABO DE SANTO AGOSTINHO,-8.287,-35.033,9.64529855709911,52.6717557251909,41.2213740458015,41.6030534351145,43.5114503816794,0,24,1,0,0,24,60,TRUE,TRUE,TRUE,TRUE,60.6666666666667,TRUE
2019-07-07,260290203A,Torrinha,CABO DE SANTO AGOSTINHO,-8.287,-35.033,9.64529855709911,52.6717557251909,41.2213740458015,41.6030534351145,43.5114503816794,0.79,25,1,1,0.79,25,60,TRUE,TRUE,TRUE,TRUE,49.5416666666667,TRUE
2019-07-08,260290203A,Torrinha,CABO DE SANTO AGOSTINHO,-8.287,-35.033,9.64529855709911,52.6717557251909,41.2213740458015,41.6030534351145,43.5114503816794,3.57,32,1,9,0.79,32,60,TRUE,TRUE,TRUE,TRUE,33.0952380952381,TRUE
2019-07-09,260290203A,Torrinha,CABO DE SANTO AGOSTINHO,-8.287,-35.033,9.64529855709911,52.6717557251909,41.2213740458015,41.6030534351145,43.5114503816794,2.99,26,1,4,2.17,26,60,TRUE,TRUE,TRUE,TRUE,44.3333333333333,TRUE
2019-07-10,260290203A,Torrinha,CABO DE SANTO AGOSTINHO,-8.287,-35.033,9.64529855709911,52.6717557251909,41.2213740458015,41.6030534351145,43.5114503816794,3.55,29,1,6,1.58,29,60,TRUE,TRUE,TRUE,TRUE,39.9166666666667,TRUE
2019-07-11,260290203A,Torrinha,CABO DE SANTO AGOSTINHO,-8.287,-35.033,9.64529855709911,52.6717557251909,41.2213740458015,41.6030534351145,43.5114503816794,4.55,35,1,12,0.79,35,60,TRUE,TRUE,TRUE,TRUE,35.6666666666667,TRUE
2019-07-12,260290203A,Torrinha,CABO DE SANTO AGOSTINHO,-8.287,-35.033,9.64529855709911,52.6717557251909,41.2213740458015,41.6030534351145,43.5114503816794,0,24,1,0,0,24,90,FALSE,FALSE,TRUE,TRUE,65.0833333333333,TRUE
2019-07-13,260290203A,Torrinha,CABO DE SANTO AGOSTINHO,-8.287,-35.033,9.64529855709911,52.6717557251909,41.2213740458015,41.6030534351145,43.5114503816794,47.35,49,1,29,14.06,49,60,TRUE,TRUE,TRUE,TRUE,21.6190476190476,TRUE
2019-07-14,260290203A,Torrinha,CABO DE SANTO AGOSTINHO,-8.287,-35.033,9.64529855709911,52.6717557251909,41.2213740458015,41.6030534351145,43.5114503816794,37.45,59,1,44,3.94,59,60,TRUE,TRUE,TRUE,FALSE,,TRUE
2019-07-15,260290203A,Torrinha,CABO DE SANTO AGOSTINHO,-8.287,-35.033,9.64529855709911,52.6717557251909,41.2213740458015,41.6030534351145,43.5114503816794,0,15,0,0,0,16,3540,FALSE,FALSE,FALSE,TRUE,40.8260869565217,TRUE
2019-07-16,260290203A,Torrinha,CABO DE SANTO AGOSTINHO,-8.287,-35.033,9.64529855709911,52.6717557251909,41.2213740458015,41.6030534351145,43.5114503816794,,,,,,0,,FALSE,FALSE,FALSE,TRUE,71.4166666666667,FALSE
2019-07-17,260290203A,Torrinha,CABO DE SANTO AGOSTINHO,-8.287,-35.033,9.64529855709911,52.6717557251909,41.2213740458015,41.6030534351145,43.5114503816794,,,,,,0,,FALSE,FALSE,FALSE,TRUE,54.125,FALSE
2019-07-18,260290203A,Torrinha,CABO DE SANTO AGOSTINHO,-8.287,-35.033,9.64529855709911,52.6717557251909,41.2213740458015,41.6030534351145,43.5114503816794,1.18,2,0,2,0.98,2,3540,FALSE,FALSE,FALSE,TRUE,40.1666666666667,TRUE
2019-07-19,260290203A,Torrinha,CABO DE SANTO AGOSTINHO,-8.287,-35.033,9.64529855709911,52.6717557251909,41.2213740458015,41.6030534351145,43.5114503816794,14.21,19,0,19,2.36,19,1380,FALSE,FALSE,FALSE,TRUE,34.7916666666667,TRUE
2019-07-20,260290203A,Torrinha,CABO DE SANTO AGOSTINHO,-8.287,-35.033,9.64529855709911,52.6717557251909,41.2213740458015,41.6030534351145,43.5114503816794,74.67,65,0,65,5.9,65,210,FALSE,FALSE,FALSE,TRUE,15,TRUE
2019-07-21,260290203A,Torrinha,CABO DE SANTO AGOSTINHO,-8.287,-35.033,9.64529855709911,52.6717557251909,41.2213740458015,41.6030534351145,43.5114503816794,13.2,15,0,15,3.74,15,960,FALSE,FALSE,FALSE,TRUE,26.75,TRUE
2019-07-22,260290203A,Torrinha,CABO DE SANTO AGOSTINHO,-8.287,-35.033,9.64529855709911,52.6717557251909,41.2213740458015,41.6030534351145,43.5114503816794,40.76,52,0,52,3.74,52,960,FALSE,FALSE,FALSE,TRUE,20.2380952380952,TRUE
2019-07-23,260290203A,Torrinha,CABO DE SANTO AGOSTINHO,-8.287,-35.033,9.64529855709911,52.6717557251909,41.2213740458015,41.6030534351145,43.5114503816794,42.56,35,1,35,4.53,34,200,FALSE,FALSE,FALSE,TRUE,14.9166666666667,TRUE
2019-07-24,260290203A,Torrinha,CABO DE SANTO AGOSTINHO,-8.287,-35.033,9.64529855709911,52.6717557251909,41.2213740458015,41.6030534351145,43.5114503816794,34.41,55,1,55,2.16,55,490,FALSE,FALSE,FALSE,TRUE,12.3,TRUE
2019-07-25,260290203A,Torrinha,CABO DE SANTO AGOSTINHO,-8.287,-35.033,9.64529855709911,52.6717557251909,41.2213740458015,41.6030534351145,43.5114503816794,2.97,9,0,9,0.79,10,1030,FALSE,FALSE,FALSE,TRUE,18.1818181818182,TRUE
2019-07-26,260290203A,Torrinha,CABO DE SANTO AGOSTINHO,-8.287,-35.033,9.64529855709911,52.6717557251909,41.2213740458015,41.6030534351145,43.5114503816794,28.75,33,1,31,3.15,32,1030,FALSE,FALSE,FALSE,TRUE,14.7727272727273,TRUE
2019-07-27,260290203A,Torrinha,CABO DE SANTO AGOSTINHO,-8.287,-35.033,9.64529855709911,52.6717557251909,41.2213740458015,41.6030534351145,43.5114503816794,18.99,55,1,34,3.74,55,60,TRUE,TRUE,TRUE,TRUE,9.1,TRUE
2019-07-28,260290203A,Torrinha,CABO DE SANTO AGOSTINHO,-8.287,-35.033,9.64529855709911,52.6717557251909,41.2213740458015,41.6030534351145,43.5114503816794,10.45,32,1,11,2.36,32,60,TRUE,TRUE,TRUE,TRUE,15.6521739130435,TRUE
2019-07-29,260290203A,Torrinha,CABO DE SANTO AGOSTINHO,-8.287,-35.033,9.64529855709911,52.6717557251909,41.2213740458015,41.6030534351145,43.5114503816794,1.81,29,1,7,0.42,29,60,TRUE,TRUE,TRUE,FALSE,,TRUE
2019-07-30,260290203A,Torrinha,CABO DE SANTO AGOSTINHO,-8.287,-35.033,9.64529855709911,52.6717557251909,41.2213740458015,41.6030534351145,43.5114503816794,17.96,45,1,26,2.76,45,80,FALSE,FALSE,TRUE,TRUE,11.6315789473684,TRUE
2019-07-31,260290203A,Torrinha,CABO DE SANTO AGOSTINHO,-8.287,-35.033,9.64529855709911,52.6717557251909,41.2213740458015,41.6030534351145,43.5114503816794,19.72,58,1,38,2.36,58,60,TRUE,TRUE,TRUE,FALSE,,TRUE
2019-08-01,260290203A,Torrinha,CABO DE SANTO AGOSTINHO,-8.287,-35.033,9.64529855709911,52.6717557251909,41.2213740458015,41.6030534351145,43.5114503816794,59.12,69,1,54,6.9,69,60,TRUE,TRUE,TRUE,TRUE,10.0526315789474,TRUE
2019-08-02,260290203A,Torrinha,CABO DE SANTO AGOSTINHO,-8.287,-35.033,9.64529855709911,52.6717557251909,41.2213740458015,41.6030534351145,43.5114503816794,24.22,56,1,36,1.77,56,60,TRUE,TRUE,TRUE,TRUE,33.3333333333333,TRUE
2019-08-03,260290203A,Torrinha,CABO DE SANTO AGOSTINHO,-8.287,-35.033,9.64529855709911,52.6717557251909,41.2213740458015,41.6030534351145,43.5114503816794,0.2,25,1,1,0.2,25,60,TRUE,TRUE,TRUE,TRUE,53.8333333333333,TRUE
2019-08-04,260290203A,Torrinha,CABO DE SANTO AGOSTINHO,-8.287,-35.033,9.64529855709911,52.6717557251909,41.2213740458015,41.6030534351145,43.5114503816794,0.2,25,1,1,0.2,25,60,TRUE,TRUE,TRUE,TRUE,69.125,TRUE
2019-08-05,260290203A,Torrinha,CABO DE SANTO AGOSTINHO,-8.287,-35.033,9.64529855709911,52.6717557251909,41.2213740458015,41.6030534351145,43.5114503816794,3.57,30,1,6,1.77,30,60,TRUE,TRUE,TRUE,TRUE,65.2916666666667,TRUE
2019-08-06,260290203A,Torrinha,CABO DE SANTO AGOSTINHO,-8.287,-35.033,9.64529855709911,52.6717557251909,41.2213740458015,41.6030534351145,43.5114503816794,8.25,34,1,13,2.75,34,60,TRUE,TRUE,TRUE,TRUE,44.8947368421053,TRUE
2019-08-07,260290203A,Torrinha,CABO DE SANTO AGOSTINHO,-8.287,-35.033,9.64529855709911,52.6717557251909,41.2213740458015,41.6030534351145,43.5114503816794,2.37,29,1,6,0.98,29,60,TRUE,TRUE,TRUE,TRUE,48.1666666666667,TRUE
2019-08-08,260290203A,Torrinha,CABO DE SANTO AGOSTINHO,-8.287,-35.033,9.64529855709911,52.6717557251909,41.2213740458015,41.6030534351145,43.5114503816794,8.71,35,1,14,1.58,35,60,TRUE,TRUE,TRUE,TRUE,37.3333333333333,TRUE
2019-08-09,260290203A,Torrinha,CABO DE SANTO AGOSTINHO,-8.287,-35.033,9.64529855709911,52.6717557251909,41.2213740458015,41.6030534351145,43.5114503816794,0,24,1,0,0,24,60,TRUE,TRUE,TRUE,TRUE,75.4583333333333,TRUE
2019-08-10,260290203A,Torrinha,CABO DE SANTO AGOSTINHO,-8.287,-35.033,9.64529855709911,52.6717557251909,41.2213740458015,41.6030534351145,43.5114503816794,0,24,1,0,0,24,60,TRUE,TRUE,TRUE,TRUE,75.9166666666667,TRUE
2019-08-11,260290203A,Torrinha,CABO DE SANTO AGOSTINHO,-8.287,-35.033,9.64529855709911,52.6717557251909,41.2213740458015,41.6030534351145,43.5114503816794,0.2,25,1,1,0.2,25,60,TRUE,TRUE,TRUE,TRUE,75.8333333333333,TRUE
2019-08-12,260290203A,Torrinha,CABO DE SANTO AGOSTINHO,-8.287,-35.033,9.64529855709911,52.6717557251909,41.2213740458015,41.6030534351145,43.5114503816794,7.29,34,1,12,1.97,34,60,TRUE,TRUE,TRUE,TRUE,42,TRUE
2019-08-13,260290203A,Torrinha,CABO DE SANTO AGOSTINHO,-8.287,-35.033,9.64529855709911,52.6717557251909,41.2213740458015,41.6030534351145,43.5114503816794,0.82,26,0,3,0.42,27,80,FALSE,FALSE,TRUE,TRUE,41.8695652173913,TRUE
2019-08-14,260290203A,Torrinha,CABO DE SANTO AGOSTINHO,-8.287,-35.033,9.64529855709911,52.6717557251909,41.2213740458015,41.6030534351145,43.5114503816794,17.61,56,1,39,1.97,55,120,FALSE,FALSE,FALSE,TRUE,16.9583333333333,TRUE
2019-08-15,260290203A,Torrinha,CABO DE SANTO AGOSTINHO,-8.287,-35.033,9.64529855709911,52.6717557251909,41.2213740458015,41.6030534351145,43.5114503816794,5.93,36,1,18,0.98,36,120,FALSE,FALSE,FALSE,TRUE,25.0833333333333,TRUE
2019-08-16,260290203A,Torrinha,CABO DE SANTO AGOSTINHO,-8.287,-35.033,9.64529855709911,52.6717557251909,41.2213740458015,41.6030534351145,43.5114503816794,9.06,38,1,16,1.57,38,60,TRUE,TRUE,TRUE,TRUE,31.7916666666667,TRUE
2019-08-17,260290203A,Torrinha,CABO DE SANTO AGOSTINHO,-8.287,-35.033,9.64529855709911,52.6717557251909,41.2213740458015,41.6030534351145,43.5114503816794,1.38,26,1,2,0.79,26,60,TRUE,TRUE,TRUE,TRUE,55.125,TRUE
2019-08-18,260290203A,Torrinha,CABO DE SANTO AGOSTINHO,-8.287,-35.033,9.64529855709911,52.6717557251909,41.2213740458015,41.6030534351145,43.5114503816794,3.16,26,1,4,1.38,26,80,FALSE,FALSE,TRUE,TRUE,57.7916666666667,TRUE
2019-08-19,260290203A,Torrinha,CABO DE SANTO AGOSTINHO,-8.287,-35.033,9.64529855709911,52.6717557251909,41.2213740458015,41.6030534351145,43.5114503816794,2.37,27,1,5,1.57,27,120,FALSE,FALSE,FALSE,TRUE,71.9166666666667,TRUE
2019-08-20,260290203A,Torrinha,CABO DE SANTO AGOSTINHO,-8.287,-35.033,9.64529855709911,52.6717557251909,41.2213740458015,41.6030534351145,43.5114503816794,0,24,1,0,0,24,60,TRUE,TRUE,TRUE,TRUE,71.25,TRUE
2019-08-21,260290203A,Torrinha,CABO DE SANTO AGOSTINHO,-8.287,-35.033,9.64529855709911,52.6717557251909,41.2213740458015,41.6030534351145,43.5114503816794,0,24,1,0,0,24,60,TRUE,TRUE,TRUE,TRUE,52.7727272727273,TRUE
2019-08-22,260290203A,Torrinha,CABO DE SANTO AGOSTINHO,-8.287,-35.033,9.64529855709911,52.6717557251909,41.2213740458015,41.6030534351145,43.5114503816794,4.33,29,1,7,1.97,29,60,TRUE,TRUE,TRUE,TRUE,14.5,TRUE
2019-08-23,260290203A,Torrinha,CABO DE SANTO AGOSTINHO,-8.287,-35.033,9.64529855709911,52.6717557251909,41.2213740458015,41.6030534351145,43.5114503816794,5.14,37,1,15,0.98,37,60,TRUE,TRUE,TRUE,TRUE,34.6363636363636,TRUE
2019-08-24,260290203A,Torrinha,CABO DE SANTO AGOSTINHO,-8.287,-35.033,9.64529855709911,52.6717557251909,41.2213740458015,41.6030534351145,43.5114503816794,2.18,30,1,6,0.79,30,60,TRUE,TRUE,TRUE,TRUE,35.2608695652174,TRUE
2019-08-25,260290203A,Torrinha,CABO DE SANTO AGOSTINHO,-8.287,-35.033,9.64529855709911,52.6717557251909,41.2213740458015,41.6030534351145,43.5114503816794,2.96,28,1,5,1.18,28,60,TRUE,TRUE,TRUE,TRUE,40.3333333333333,TRUE
2019-08-26,260290203A,Torrinha,CABO DE SANTO AGOSTINHO,-8.287,-35.033,9.64529855709911,52.6717557251909,41.2213740458015,41.6030534351145,43.5114503816794,6.7,31,1,8,2.36,31,60,TRUE,TRUE,TRUE,TRUE,41.125,TRUE
2019-08-27,260290203A,Torrinha,CABO DE SANTO AGOSTINHO,-8.287,-35.033,9.64529855709911,52.6717557251909,41.2213740458015,41.6030534351145,43.5114503816794,0.4,26,1,2,0.2,26,60,TRUE,TRUE,TRUE,TRUE,58.4166666666667,TRUE
2019-08-28,260290203A,Torrinha,CABO DE SANTO AGOSTINHO,-8.287,-35.033,9.64529855709911,52.6717557251909,41.2213740458015,41.6030534351145,43.5114503816794,9.09,14,0,7,4.33,15,1270,FALSE,FALSE,FALSE,TRUE,45,TRUE
2019-08-29,260290203A,Torrinha,CABO DE SANTO AGOSTINHO,-8.287,-35.033,9.64529855709911,52.6717557251909,41.2213740458015,41.6030534351145,43.5114503816794,0.4,2,0,2,0.2,2,2010,FALSE,FALSE,FALSE,TRUE,52.1666666666667,TRUE
2019-08-30,260290203A,Torrinha,CABO DE SANTO AGOSTINHO,-8.287,-35.033,9.64529855709911,52.6717557251909,41.2213740458015,41.6030534351145,43.5114503816794,0,9,1,0,0,8,2010,FALSE,FALSE,FALSE,TRUE,55.4583333333333,TRUE
2019-08-31,260290203A,Torrinha,CABO DE SANTO AGOSTINHO,-8.287,-35.033,9.64529855709911,52.6717557251909,41.2213740458015,41.6030534351145,43.5114503816794,2.39,25,1,2,1.97,25,60,TRUE,TRUE,TRUE,TRUE,69.4583333333333,TRUE
2019-09-01,260290203A,Torrinha,CABO DE SANTO AGOSTINHO,-8.287,-35.033,9.64529855709911,52.6717557251909,41.2213740458015,41.6030534351145,43.5114503816794,14.81,45,1,25,3.55,45,60,TRUE,TRUE,TRUE,TRUE,36.375,TRUE
2019-09-02,260290203A,Torrinha,CABO DE SANTO AGOSTINHO,-8.287,-35.033,9.64529855709911,52.6717557251909,41.2213740458015,41.6030534351145,43.5114503816794,15.55,37,1,16,4.92,37,60,TRUE,TRUE,TRUE,TRUE,39.9583333333333,TRUE
2019-09-03,260290203A,Torrinha,CABO DE SANTO AGOSTINHO,-8.287,-35.033,9.64529855709911,52.6717557251909,41.2213740458015,41.6030534351145,43.5114503816794,3.56,28,1,5,1.77,28,60,TRUE,TRUE,TRUE,TRUE,49.6666666666667,TRUE
2019-09-04,260290203A,Torrinha,CABO DE SANTO AGOSTINHO,-8.287,-35.033,9.64529855709911,52.6717557251909,41.2213740458015,41.6030534351145,43.5114503816794,1.59,30,1,6,0.59,30,60,TRUE,TRUE,TRUE,TRUE,37.875,TRUE
2019-09-05,260290203A,Torrinha,CABO DE SANTO AGOSTINHO,-8.287,-35.033,9.64529855709911,52.6717557251909,41.2213740458015,41.6030534351145,43.5114503816794,2.58,31,1,8,0.79,31,60,TRUE,TRUE,TRUE,TRUE,26.9583333333333,TRUE
2019-09-06,260290203A,Torrinha,CABO DE SANTO AGOSTINHO,-8.287,-35.033,9.64529855709911,52.6717557251909,41.2213740458015,41.6030534351145,43.5114503816794,9.1,39,1,16,2.17,39,60,TRUE,TRUE,TRUE,TRUE,30.6363636363636,TRUE
2019-09-07,260290203A,Torrinha,CABO DE SANTO AGOSTINHO,-8.287,-35.033,9.64529855709911,52.6717557251909,41.2213740458015,41.6030534351145,43.5114503816794,3.75,30,1,7,1.18,30,60,TRUE,TRUE,TRUE,TRUE,28,TRUE
2019-09-08,260290203A,Torrinha,CABO DE SANTO AGOSTINHO,-8.287,-35.033,9.64529855709911,52.6717557251909,41.2213740458015,41.6030534351145,43.5114503816794,3.75,33,1,11,0.79,33,60,TRUE,TRUE,TRUE,TRUE,29.125,TRUE
2019-09-09,260290203A,Torrinha,CABO DE SANTO AGOSTINHO,-8.287,-35.033,9.64529855709911,52.6717557251909,41.2213740458015,41.6030534351145,43.5114503816794,0.79,26,1,2,0.59,26,60,TRUE,TRUE,TRUE,TRUE,48.8333333333333,TRUE
2019-09-10,260290203A,Torrinha,CABO DE SANTO AGOSTINHO,-8.287,-35.033,9.64529855709911,52.6717557251909,41.2213740458015,41.6030534351145,43.5114503816794,0,24,1,0,0,24,60,TRUE,TRUE,TRUE,TRUE,57.6666666666667,TRUE
2019-09-11,260290203A,Torrinha,CABO DE SANTO AGOSTINHO,-8.287,-35.033,9.64529855709911,52.6717557251909,41.2213740458015,41.6030534351145,43.5114503816794,0.2,24,1,1,0.2,24,80,FALSE,FALSE,TRUE,TRUE,46.75,TRUE
2019-09-12,260290203A,Torrinha,CABO DE SANTO AGOSTINHO,-8.287,-35.033,9.64529855709911,52.6717557251909,41.2213740458015,41.6030534351145,43.5114503816794,4.36,31,1,8,1.57,31,60,TRUE,TRUE,TRUE,TRUE,49.7826086956522,TRUE
2019-09-13,260290203A,Torrinha,CABO DE SANTO AGOSTINHO,-8.287,-35.033,9.64529855709911,52.6717557251909,41.2213740458015,41.6030534351145,43.5114503816794,0,24,1,0,0,24,60,TRUE,TRUE,TRUE,TRUE,54.0952380952381,TRUE
2019-09-14,260290203A,Torrinha,CABO DE SANTO AGOSTINHO,-8.287,-35.033,9.64529855709911,52.6717557251909,41.2213740458015,41.6030534351145,43.5114503816794,0,24,1,0,0,24,60,TRUE,TRUE,TRUE,TRUE,54.1666666666667,TRUE
2019-09-15,260290203A,Torrinha,CABO DE SANTO AGOSTINHO,-8.287,-35.033,9.64529855709911,52.6717557251909,41.2213740458015,41.6030534351145,43.5114503816794,0.2,25,1,1,0.2,25,60,TRUE,TRUE,TRUE,TRUE,40.3125,TRUE
2019-09-16,260290203A,Torrinha,CABO DE SANTO AGOSTINHO,-8.287,-35.033,9.64529855709911,52.6717557251909,41.2213740458015,41.6030534351145,43.5114503816794,1.41,27,1,5,0.42,27,60,TRUE,TRUE,TRUE,TRUE,38.3684210526316,TRUE
2019-09-17,260290203A,Torrinha,CABO DE SANTO AGOSTINHO,-8.287,-35.033,9.64529855709911,52.6717557251909,41.2213740458015,41.6030534351145,43.5114503816794,7.33,39,1,18,1.38,39,120,FALSE,FALSE,FALSE,TRUE,20.7826086956522,TRUE
2019-09-18,260290203A,Torrinha,CABO DE SANTO AGOSTINHO,-8.287,-35.033,9.64529855709911,52.6717557251909,41.2213740458015,41.6030534351145,43.5114503816794,0,24,1,0,0,24,60,TRUE,TRUE,TRUE,TRUE,50.1739130434783,TRUE
2019-09-19,260290203A,Torrinha,CABO DE SANTO AGOSTINHO,-8.287,-35.033,9.64529855709911,52.6717557251909,41.2213740458015,41.6030534351145,43.5114503816794,0,24,1,0,0,24,60,TRUE,TRUE,TRUE,TRUE,63.8636363636364,TRUE
2019-09-20,260290203A,Torrinha,CABO DE SANTO AGOSTINHO,-8.287,-35.033,9.64529855709911,52.6717557251909,41.2213740458015,41.6030534351145,43.5114503816794,4.73,32,1,9,1.77,32,60,TRUE,TRUE,TRUE,TRUE,31.5,TRUE
2019-09-21,260290203A,Torrinha,CABO DE SANTO AGOSTINHO,-8.287,-35.033,9.64529855709911,52.6717557251909,41.2213740458015,41.6030534351145,43.5114503816794,0.4,26,1,2,0.2,26,60,TRUE,TRUE,TRUE,TRUE,48.6666666666667,TRUE
2019-09-22,260290203A,Torrinha,CABO DE SANTO AGOSTINHO,-8.287,-35.033,9.64529855709911,52.6717557251909,41.2213740458015,41.6030534351145,43.5114503816794,1.78,28,1,5,0.98,28,60,TRUE,TRUE,TRUE,TRUE,41.1666666666667,TRUE
2019-09-23,260290203A,Torrinha,CABO DE SANTO AGOSTINHO,-8.287,-35.033,9.64529855709911,52.6717557251909,41.2213740458015,41.6030534351145,43.5114503816794,5.03,38,1,15,0.98,38,60,TRUE,TRUE,TRUE,TRUE,38.9047619047619,TRUE
2019-09-24,260290203A,Torrinha,CABO DE SANTO AGOSTINHO,-8.287,-35.033,9.64529855709911,52.6717557251909,41.2213740458015,41.6030534351145,43.5114503816794,0,24,1,0,0,24,60,TRUE,TRUE,TRUE,TRUE,45.9166666666667,TRUE
2019-09-25,260290203A,Torrinha,CABO DE SANTO AGOSTINHO,-8.287,-35.033,9.64529855709911,52.6717557251909,41.2213740458015,41.6030534351145,43.5114503816794,0,24,1,0,0,24,60,TRUE,TRUE,TRUE,TRUE,53.25,TRUE
2019-09-26,260290203A,Torrinha,CABO DE SANTO AGOSTINHO,-8.287,-35.033,9.64529855709911,52.6717557251909,41.2213740458015,41.6030534351145,43.5114503816794,0,24,1,0,0,24,60,TRUE,TRUE,TRUE,FALSE,,TRUE
2019-09-27,260290203A,Torrinha,CABO DE SANTO AGOSTINHO,-8.287,-35.033,9.64529855709911,52.6717557251909,41.2213740458015,41.6030534351145,43.5114503816794,0,24,1,0,0,24,60,TRUE,TRUE,TRUE,FALSE,,TRUE
2019-09-28,260290203A,Torrinha,CABO DE SANTO AGOSTINHO,-8.287,-35.033,9.64529855709911,52.6717557251909,41.2213740458015,41.6030534351145,43.5114503816794,0,24,1,0,0,24,60,TRUE,TRUE,TRUE,FALSE,,TRUE
2019-09-29,260290203A,Torrinha,CABO DE SANTO AGOSTINHO,-8.287,-35.033,9.64529855709911,52.6717557251909,41.2213740458015,41.6030534351145,43.5114503816794,0,24,1,0,0,24,60,TRUE,TRUE,TRUE,FALSE,,TRUE
2019-09-30,260290203A,Torrinha,CABO DE SANTO AGOSTINHO,-8.287,-35.033,9.64529855709911,52.6717557251909,41.2213740458015,41.6030534351145,43.5114503816794,0,24,1,0,0,24,60,TRUE,TRUE,TRUE,FALSE,,TRUE
2019-10-01,260290203A,Torrinha,CABO DE SANTO AGOSTINHO,-8.287,-35.033,9.64529855709911,52.6717557251909,41.2213740458015,41.6030534351145,43.5114503816794,0,24,1,0,0,24,60,TRUE,TRUE,TRUE,FALSE,,TRUE
2019-10-02,260290203A,Torrinha,CABO DE SANTO AGOSTINHO,-8.287,-35.033,9.64529855709911,52.6717557251909,41.2213740458015,41.6030534351145,43.5114503816794,0,24,1,0,0,24,60,TRUE,TRUE,TRUE,FALSE,,TRUE
2019-10-03,260290203A,Torrinha,CABO DE SANTO AGOSTINHO,-8.287,-35.033,9.64529855709911,52.6717557251909,41.2213740458015,41.6030534351145,43.5114503816794,0,24,1,0,0,24,60,TRUE,TRUE,TRUE,FALSE,,TRUE
2019-10-04,260290203A,Torrinha,CABO DE SANTO AGOSTINHO,-8.287,-35.033,9.64529855709911,52.6717557251909,41.2213740458015,41.6030534351145,43.5114503816794,0,24,1,0,0,24,60,TRUE,TRUE,TRUE,FALSE,,TRUE
2019-10-05,260290203A,Torrinha,CABO DE SANTO AGOSTINHO,-8.287,-35.033,9.64529855709911,52.6717557251909,41.2213740458015,41.6030534351145,43.5114503816794,0,24,1,0,0,24,60,TRUE,TRUE,TRUE,FALSE,,TRUE
2019-10-06,260290203A,Torrinha,CABO DE SANTO AGOSTINHO,-8.287,-35.033,9.64529855709911,52.6717557251909,41.2213740458015,41.6030534351145,43.5114503816794,0,24,1,0,0,24,60,TRUE,TRUE,TRUE,FALSE,,TRUE
2019-10-07,260290203A,Torrinha,CABO DE SANTO AGOSTINHO,-8.287,-35.033,9.64529855709911,52.6717557251909,41.2213740458015,41.6030534351145,43.5114503816794,0,24,1,0,0,24,60,TRUE,TRUE,TRUE,FALSE,,TRUE
2019-10-08,260290203A,Torrinha,CABO DE SANTO AGOSTINHO,-8.287,-35.033,9.64529855709911,52.6717557251909,41.2213740458015,41.6030534351145,43.5114503816794,0,14,0,0,0,15,970,FALSE,FALSE,FALSE,FALSE,,TRUE
2019-10-09,260290203A,Torrinha,CABO DE SANTO AGOSTINHO,-8.287,-35.033,9.64529855709911,52.6717557251909,41.2213740458015,41.6030534351145,43.5114503816794,0.8,4,0,4,0.2,4,970,FALSE,FALSE,FALSE,FALSE,,TRUE
2019-10-10,260290203A,Torrinha,CABO DE SANTO AGOSTINHO,-8.287,-35.033,9.64529855709911,52.6717557251909,41.2213740458015,41.6030534351145,43.5114503816794,2.36,12,1,5,0.98,11,830,FALSE,FALSE,FALSE,FALSE,,TRUE
2019-10-11,260290203A,Torrinha,CABO DE SANTO AGOSTINHO,-8.287,-35.033,9.64529855709911,52.6717557251909,41.2213740458015,41.6030534351145,43.5114503816794,0.79,27,1,3,0.39,27,60,TRUE,TRUE,TRUE,FALSE,,TRUE
2019-10-12,260290203A,Torrinha,CABO DE SANTO AGOSTINHO,-8.287,-35.033,9.64529855709911,52.6717557251909,41.2213740458015,41.6030534351145,43.5114503816794,1.18,26,1,2,0.98,26,60,TRUE,TRUE,TRUE,FALSE,,TRUE
2019-10-13,260290203A,Torrinha,CABO DE SANTO AGOSTINHO,-8.287,-35.033,9.64529855709911,52.6717557251909,41.2213740458015,41.6030534351145,43.5114503816794,11.24,26,0,20,1.38,27,520,FALSE,FALSE,FALSE,FALSE,,TRUE
2019-10-14,260290203A,Torrinha,CABO DE SANTO AGOSTINHO,-8.287,-35.033,9.64529855709911,52.6717557251909,41.2213740458015,41.6030534351145,43.5114503816794,5.52,12,0,12,1.57,12,710,FALSE,FALSE,FALSE,FALSE,,TRUE
2019-10-15,260290203A,Torrinha,CABO DE SANTO AGOSTINHO,-8.287,-35.033,9.64529855709911,52.6717557251909,41.2213740458015,41.6030534351145,43.5114503816794,0.2,15,1,1,0.2,14,550,FALSE,FALSE,FALSE,FALSE,,TRUE
2019-10-16,260290203A,Torrinha,CABO DE SANTO AGOSTINHO,-8.287,-35.033,9.64529855709911,52.6717557251909,41.2213740458015,41.6030534351145,43.5114503816794,0.99,26,1,2,0.79,26,60,TRUE,TRUE,TRUE,FALSE,,TRUE
2019-10-17,260290203A,Torrinha,CABO DE SANTO AGOSTINHO,-8.287,-35.033,9.64529855709911,52.6717557251909,41.2213740458015,41.6030534351145,43.5114503816794,0.4,26,1,2,0.2,26,60,TRUE,TRUE,TRUE,FALSE,,TRUE
2019-10-18,260290203A,Torrinha,CABO DE SANTO AGOSTINHO,-8.287,-35.033,9.64529855709911,52.6717557251909,41.2213740458015,41.6030534351145,43.5114503816794,12.13,48,1,29,1.57,48,60,TRUE,TRUE,TRUE,FALSE,,TRUE
2019-10-19,260290203A,Torrinha,CABO DE SANTO AGOSTINHO,-8.287,-35.033,9.64529855709911,52.6717557251909,41.2213740458015,41.6030534351145,43.5114503816794,0.2,25,1,1,0.2,25,60,TRUE,TRUE,TRUE,FALSE,,TRUE
2019-10-20,260290203A,Torrinha,CABO DE SANTO AGOSTINHO,-8.287,-35.033,9.64529855709911,52.6717557251909,41.2213740458015,41.6030534351145,43.5114503816794,0,24,1,0,0,24,60,TRUE,TRUE,TRUE,FALSE,,TRUE
2019-10-21,260290203A,Torrinha,CABO DE SANTO AGOSTINHO,-8.287,-35.033,9.64529855709911,52.6717557251909,41.2213740458015,41.6030534351145,43.5114503816794,0,24,1,0,0,24,60,TRUE,TRUE,TRUE,FALSE,,TRUE
2019-10-22,260290203A,Torrinha,CABO DE SANTO AGOSTINHO,-8.287,-35.033,9.64529855709911,52.6717557251909,41.2213740458015,41.6030534351145,43.5114503816794,0,23,1,0,0,23,120,FALSE,FALSE,FALSE,FALSE,,TRUE
2019-10-23,260290203A,Torrinha,CABO DE SANTO AGOSTINHO,-8.287,-35.033,9.64529855709911,52.6717557251909,41.2213740458015,41.6030534351145,43.5114503816794,0,24,1,0,0,24,60,TRUE,TRUE,TRUE,FALSE,,TRUE
2019-10-24,260290203A,Torrinha,CABO DE SANTO AGOSTINHO,-8.287,-35.033,9.64529855709911,52.6717557251909,41.2213740458015,41.6030534351145,43.5114503816794,0,24,1,0,0,24,60,TRUE,TRUE,TRUE,FALSE,,TRUE
2019-10-25,260290203A,Torrinha,CABO DE SANTO AGOSTINHO,-8.287,-35.033,9.64529855709911,52.6717557251909,41.2213740458015,41.6030534351145,43.5114503816794,0.59,24,1,1,0.59,24,60,TRUE,TRUE,TRUE,FALSE,,TRUE
2019-10-26,260290203A,Torrinha,CABO DE SANTO AGOSTINHO,-8.287,-35.033,9.64529855709911,52.6717557251909,41.2213740458015,41.6030534351145,43.5114503816794,6.11,27,1,5,3.94,27,60,TRUE,TRUE,TRUE,TRUE,39.5714285714286,TRUE
2019-10-27,260290203A,Torrinha,CABO DE SANTO AGOSTINHO,-8.287,-35.033,9.64529855709911,52.6717557251909,41.2213740458015,41.6030534351145,43.5114503816794,0,24,1,0,0,24,60,TRUE,TRUE,TRUE,TRUE,49.2916666666667,TRUE
2019-10-28,260290203A,Torrinha,CABO DE SANTO AGOSTINHO,-8.287,-35.033,9.64529855709911,52.6717557251909,41.2213740458015,41.6030534351145,43.5114503816794,0,13,1,0,0,13,650,FALSE,FALSE,FALSE,TRUE,56.625,TRUE
2019-10-29,260290203A,Torrinha,CABO DE SANTO AGOSTINHO,-8.287,-35.033,9.64529855709911,52.6717557251909,41.2213740458015,41.6030534351145,43.5114503816794,0,24,1,0,0,24,60,TRUE,TRUE,TRUE,TRUE,47.125,TRUE
2019-10-30,260290203A,Torrinha,CABO DE SANTO AGOSTINHO,-8.287,-35.033,9.64529855709911,52.6717557251909,41.2213740458015,41.6030534351145,43.5114503816794,0,24,1,0,0,24,60,TRUE,TRUE,TRUE,TRUE,40.4583333333333,TRUE
2019-10-31,260290203A,Torrinha,CABO DE SANTO AGOSTINHO,-8.287,-35.033,9.64529855709911,52.6717557251909,41.2213740458015,41.6030534351145,43.5114503816794,0,24,1,0,0,24,60,TRUE,TRUE,TRUE,TRUE,38.9583333333333,TRUE
2019-11-01,260290203A,Torrinha,CABO DE SANTO AGOSTINHO,-8.287,-35.033,9.64529855709911,52.6717557251909,41.2213740458015,41.6030534351145,43.5114503816794,0,24,1,0,0,24,60,TRUE,TRUE,TRUE,TRUE,36.5416666666667,TRUE
2019-11-02,260290203A,Torrinha,CABO DE SANTO AGOSTINHO,-8.287,-35.033,9.64529855709911,52.6717557251909,41.2213740458015,41.6030534351145,43.5114503816794,0,24,1,0,0,24,60,TRUE,TRUE,TRUE,TRUE,36.25,TRUE
2019-11-03,260290203A,Torrinha,CABO DE SANTO AGOSTINHO,-8.287,-35.033,9.64529855709911,52.6717557251909,41.2213740458015,41.6030534351145,43.5114503816794,1.58,18,0,4,0.98,19,8220,FALSE,FALSE,FALSE,TRUE,37.125,TRUE
2019-11-04,260290203A,Torrinha,CABO DE SANTO AGOSTINHO,-8.287,-35.033,9.64529855709911,52.6717557251909,41.2213740458015,41.6030534351145,43.5114503816794,,,,,,0,,FALSE,FALSE,FALSE,TRUE,42.375,FALSE
2019-11-05,260290203A,Torrinha,CABO DE SANTO AGOSTINHO,-8.287,-35.033,9.64529855709911,52.6717557251909,41.2213740458015,41.6030534351145,43.5114503816794,,,,,,0,,FALSE,FALSE,FALSE,TRUE,45.875,FALSE
2019-11-06,260290203A,Torrinha,CABO DE SANTO AGOSTINHO,-8.287,-35.033,9.64529855709911,52.6717557251909,41.2213740458015,41.6030534351145,43.5114503816794,,,,,,0,,FALSE,FALSE,FALSE,TRUE,44.6521739130435,FALSE
2019-11-07,260290203A,Torrinha,CABO DE SANTO AGOSTINHO,-8.287,-35.033,9.64529855709911,52.6717557251909,41.2213740458015,41.6030534351145,43.5114503816794,,,,,,0,,FALSE,FALSE,FALSE,TRUE,40.55,FALSE
2019-11-08,260290203A,Torrinha,CABO DE SANTO AGOSTINHO,-8.287,-35.033,9.64529855709911,52.6717557251909,41.2213740458015,41.6030534351145,43.5114503816794,,,,,,0,,FALSE,FALSE,FALSE,TRUE,36.0416666666667,FALSE
2019-11-09,260290203A,Torrinha,CABO DE SANTO AGOSTINHO,-8.287,-35.033,9.64529855709911,52.6717557251909,41.2213740458015,41.6030534351145,43.5114503816794,0.2,1,0,1,0.2,1,8220,FALSE,FALSE,FALSE,TRUE,44.625,TRUE
2019-11-10,260290203A,Torrinha,CABO DE SANTO AGOSTINHO,-8.287,-35.033,9.64529855709911,52.6717557251909,41.2213740458015,41.6030534351145,43.5114503816794,,,,,,0,,FALSE,FALSE,FALSE,TRUE,40.25,FALSE
2019-11-11,260290203A,Torrinha,CABO DE SANTO AGOSTINHO,-8.287,-35.033,9.64529855709911,52.6717557251909,41.2213740458015,41.6030534351145,43.5114503816794,,,,,,0,,FALSE,FALSE,FALSE,TRUE,42.5416666666667,FALSE
2019-11-12,260290203A,Torrinha,CABO DE SANTO AGOSTINHO,-8.287,-35.033,9.64529855709911,52.6717557251909,41.2213740458015,41.6030534351145,43.5114503816794,0,14,1,0,0,13,4560,FALSE,FALSE,FALSE,TRUE,80.8333333333333,TRUE
2019-11-13,260290203A,Torrinha,CABO DE SANTO AGOSTINHO,-8.287,-35.033,9.64529855709911,52.6717557251909,41.2213740458015,41.6030534351145,43.5114503816794,0,19,1,0,0,19,360,FALSE,FALSE,FALSE,TRUE,40.4583333333333,TRUE
2019-11-14,260290203A,Torrinha,CABO DE SANTO AGOSTINHO,-8.287,-35.033,9.64529855709911,52.6717557251909,41.2213740458015,41.6030534351145,43.5114503816794,0,24,1,0,0,24,60,TRUE,TRUE,TRUE,TRUE,36.125,TRUE
2019-11-15,260290203A,Torrinha,CABO DE SANTO AGOSTINHO,-8.287,-35.033,9.64529855709911,52.6717557251909,41.2213740458015,41.6030534351145,43.5114503816794,0,24,1,0,0,24,60,TRUE,TRUE,TRUE,TRUE,51.7142857142857,TRUE
2019-11-16,260290203A,Torrinha,CABO DE SANTO AGOSTINHO,-8.287,-35.033,9.64529855709911,52.6717557251909,41.2213740458015,41.6030534351145,43.5114503816794,0,23,1,0,0,23,120,FALSE,FALSE,FALSE,TRUE,55.5833333333333,TRUE
2019-11-17,260290203A,Torrinha,CABO DE SANTO AGOSTINHO,-8.287,-35.033,9.64529855709911,52.6717557251909,41.2213740458015,41.6030534351145,43.5114503816794,0,24,1,0,0,24,60,TRUE,TRUE,TRUE,TRUE,30.5833333333333,TRUE
2019-11-18,260290203A,Torrinha,CABO DE SANTO AGOSTINHO,-8.287,-35.033,9.64529855709911,52.6717557251909,41.2213740458015,41.6030534351145,43.5114503816794,0,24,1,0,0,24,60,TRUE,TRUE,TRUE,TRUE,37.0416666666667,TRUE
2019-11-19,260290203A,Torrinha,CABO DE SANTO AGOSTINHO,-8.287,-35.033,9.64529855709911,52.6717557251909,41.2213740458015,41.6030534351145,43.5114503816794,0,24,1,0,0,24,60,TRUE,TRUE,TRUE,TRUE,34.7619047619048,TRUE
2019-11-20,260290203A,Torrinha,CABO DE SANTO AGOSTINHO,-8.287,-35.033,9.64529855709911,52.6717557251909,41.2213740458015,41.6030534351145,43.5114503816794,0,24,1,0,0,24,60,TRUE,TRUE,TRUE,TRUE,36.3809523809524,TRUE
2019-11-21,260290203A,Torrinha,CABO DE SANTO AGOSTINHO,-8.287,-35.033,9.64529855709911,52.6717557251909,41.2213740458015,41.6030534351145,43.5114503816794,0,24,1,0,0,24,60,TRUE,TRUE,TRUE,TRUE,36.2083333333333,TRUE
2019-11-22,260290203A,Torrinha,CABO DE SANTO AGOSTINHO,-8.287,-35.033,9.64529855709911,52.6717557251909,41.2213740458015,41.6030534351145,43.5114503816794,0,24,1,0,0,24,60,TRUE,TRUE,TRUE,TRUE,36.7916666666667,TRUE
2019-11-23,260290203A,Torrinha,CABO DE SANTO AGOSTINHO,-8.287,-35.033,9.64529855709911,52.6717557251909,41.2213740458015,41.6030534351145,43.5114503816794,0,24,1,0,0,24,60,TRUE,TRUE,TRUE,TRUE,32.4583333333333,TRUE
2019-11-24,260290203A,Torrinha,CABO DE SANTO AGOSTINHO,-8.287,-35.033,9.64529855709911,52.6717557251909,41.2213740458015,41.6030534351145,43.5114503816794,0,24,1,0,0,24,60,TRUE,TRUE,TRUE,TRUE,39.2083333333333,TRUE
2019-11-25,260290203A,Torrinha,CABO DE SANTO AGOSTINHO,-8.287,-35.033,9.64529855709911,52.6717557251909,41.2213740458015,41.6030534351145,43.5114503816794,0,24,1,0,0,24,60,TRUE,TRUE,TRUE,FALSE,,TRUE
2019-11-26,260290203A,Torrinha,CABO DE SANTO AGOSTINHO,-8.287,-35.033,9.64529855709911,52.6717557251909,41.2213740458015,41.6030534351145,43.5114503816794,0,24,1,0,0,24,60,TRUE,TRUE,TRUE,FALSE,,TRUE
2019-11-27,260290203A,Torrinha,CABO DE SANTO AGOSTINHO,-8.287,-35.033,9.64529855709911,52.6717557251909,41.2213740458015,41.6030534351145,43.5114503816794,1.19,26,1,4,0.59,26,60,TRUE,TRUE,TRUE,FALSE,,TRUE
2019-11-28,260290203A,Torrinha,CABO DE SANTO AGOSTINHO,-8.287,-35.033,9.64529855709911,52.6717557251909,41.2213740458015,41.6030534351145,43.5114503816794,0.2,25,1,1,0.2,25,60,TRUE,TRUE,TRUE,FALSE,,TRUE
2019-11-29,260290203A,Torrinha,CABO DE SANTO AGOSTINHO,-8.287,-35.033,9.64529855709911,52.6717557251909,41.2213740458015,41.6030534351145,43.5114503816794,0,24,1,0,0,24,60,TRUE,TRUE,TRUE,FALSE,,TRUE
2019-11-30,260290203A,Torrinha,CABO DE SANTO AGOSTINHO,-8.287,-35.033,9.64529855709911,52.6717557251909,41.2213740458015,41.6030534351145,43.5114503816794,0,24,1,0,0,24,60,TRUE,TRUE,TRUE,FALSE,,TRUE
2019-12-01,260290203A,Torrinha,CABO DE SANTO AGOSTINHO,-8.287,-35.033,9.64529855709911,52.6717557251909,41.2213740458015,41.6030534351145,43.5114503816794,0,24,1,0,0,24,60,TRUE,TRUE,TRUE,FALSE,,TRUE
2019-12-02,260290203A,Torrinha,CABO DE SANTO AGOSTINHO,-8.287,-35.033,9.64529855709911,52.6717557251909,41.2213740458015,41.6030534351145,43.5114503816794,0,23,1,0,0,23,120,FALSE,FALSE,FALSE,FALSE,,TRUE
2019-12-03,260290203A,Torrinha,CABO DE SANTO AGOSTINHO,-8.287,-35.033,9.64529855709911,52.6717557251909,41.2213740458015,41.6030534351145,43.5114503816794,0,24,1,0,0,24,60,TRUE,TRUE,TRUE,FALSE,,TRUE
2019-12-04,260290203A,Torrinha,CABO DE SANTO AGOSTINHO,-8.287,-35.033,9.64529855709911,52.6717557251909,41.2213740458015,41.6030534351145,43.5114503816794,0,24,1,0,0,24,60,TRUE,TRUE,TRUE,FALSE,,TRUE
2019-12-05,260290203A,Torrinha,CABO DE SANTO AGOSTINHO,-8.287,-35.033,9.64529855709911,52.6717557251909,41.2213740458015,41.6030534351145,43.5114503816794,0.2,24,1,1,0.2,24,60,TRUE,TRUE,TRUE,FALSE,,TRUE
2019-12-06,260290203A,Torrinha,CABO DE SANTO AGOSTINHO,-8.287,-35.033,9.64529855709911,52.6717557251909,41.2213740458015,41.6030534351145,43.5114503816794,0,24,1,0,0,24,60,TRUE,TRUE,TRUE,FALSE,,TRUE
2019-12-07,260290203A,Torrinha,CABO DE SANTO AGOSTINHO,-8.287,-35.033,9.64529855709911,52.6717557251909,41.2213740458015,41.6030534351145,43.5114503816794,0,24,1,0,0,24,60,TRUE,TRUE,TRUE,FALSE,,TRUE
2019-12-08,260290203A,Torrinha,CABO DE SANTO AGOSTINHO,-8.287,-35.033,9.64529855709911,52.6717557251909,41.2213740458015,41.6030534351145,43.5114503816794,0,24,1,0,0,24,60,TRUE,TRUE,TRUE,FALSE,,TRUE
2019-12-09,260290203A,Torrinha,CABO DE SANTO AGOSTINHO,-8.287,-35.033,9.64529855709911,52.6717557251909,41.2213740458015,41.6030534351145,43.5114503816794,0,24,1,0,0,24,60,TRUE,TRUE,TRUE,FALSE,,TRUE
2019-12-10,260290203A,Torrinha,CABO DE SANTO AGOSTINHO,-8.287,-35.033,9.64529855709911,52.6717557251909,41.2213740458015,41.6030534351145,43.5114503816794,0,24,1,0,0,24,60,TRUE,TRUE,TRUE,FALSE,,TRUE
2019-12-11,260290203A,Torrinha,CABO DE SANTO AGOSTINHO,-8.287,-35.033,9.64529855709911,52.6717557251909,41.2213740458015,41.6030534351145,43.5114503816794,0.4,25,1,2,0.2,25,60,TRUE,TRUE,TRUE,FALSE,,TRUE
2019-12-12,260290203A,Torrinha,CABO DE SANTO AGOSTINHO,-8.287,-35.033,9.64529855709911,52.6717557251909,41.2213740458015,41.6030534351145,43.5114503816794,0.6,26,1,3,0.2,26,60,TRUE,TRUE,TRUE,FALSE,,TRUE
2019-12-13,260290203A,Torrinha,CABO DE SANTO AGOSTINHO,-8.287,-35.033,9.64529855709911,52.6717557251909,41.2213740458015,41.6030534351145,43.5114503816794,0.4,25,1,2,0.2,25,60,TRUE,TRUE,TRUE,FALSE,,TRUE
2019-12-14,260290203A,Torrinha,CABO DE SANTO AGOSTINHO,-8.287,-35.033,9.64529855709911,52.6717557251909,41.2213740458015,41.6030534351145,43.5114503816794,2.17,26,1,2,1.97,26,60,TRUE,TRUE,TRUE,FALSE,,TRUE
2019-12-15,260290203A,Torrinha,CABO DE SANTO AGOSTINHO,-8.287,-35.033,9.64529855709911,52.6717557251909,41.2213740458015,41.6030534351145,43.5114503816794,3.95,29,1,7,2.16,29,60,TRUE,TRUE,TRUE,FALSE,,TRUE
2019-12-16,260290203A,Torrinha,CABO DE SANTO AGOSTINHO,-8.287,-35.033,9.64529855709911,52.6717557251909,41.2213740458015,41.6030534351145,43.5114503816794,22.25,44,1,23,4.33,44,60,TRUE,TRUE,TRUE,FALSE,,TRUE
2019-12-17,260290203A,Torrinha,CABO DE SANTO AGOSTINHO,-8.287,-35.033,9.64529855709911,52.6717557251909,41.2213740458015,41.6030534351145,43.5114503816794,0.6,27,1,3,0.2,27,60,TRUE,TRUE,TRUE,FALSE,,TRUE
2019-12-18,260290203A,Torrinha,CABO DE SANTO AGOSTINHO,-8.287,-35.033,9.64529855709911,52.6717557251909,41.2213740458015,41.6030534351145,43.5114503816794,0,24,1,0,0,24,60,TRUE,TRUE,TRUE,FALSE,,TRUE
2019-12-19,260290203A,Torrinha,CABO DE SANTO AGOSTINHO,-8.287,-35.033,9.64529855709911,52.6717557251909,41.2213740458015,41.6030534351145,43.5114503816794,1.96,25,1,1,1.96,25,60,TRUE,TRUE,TRUE,FALSE,,TRUE
2019-12-20,260290203A,Torrinha,CABO DE SANTO AGOSTINHO,-8.287,-35.033,9.64529855709911,52.6717557251909,41.2213740458015,41.6030534351145,43.5114503816794,4.14,31,1,8,1.18,31,60,TRUE,TRUE,TRUE,FALSE,,TRUE
2019-12-21,260290203A,Torrinha,CABO DE SANTO AGOSTINHO,-8.287,-35.033,9.64529855709911,52.6717557251909,41.2213740458015,41.6030534351145,43.5114503816794,0,24,1,0,0,24,60,TRUE,TRUE,TRUE,FALSE,,TRUE
2019-12-22,260290203A,Torrinha,CABO DE SANTO AGOSTINHO,-8.287,-35.033,9.64529855709911,52.6717557251909,41.2213740458015,41.6030534351145,43.5114503816794,0,24,1,0,0,24,60,TRUE,TRUE,TRUE,FALSE,,TRUE
2019-12-23,260290203A,Torrinha,CABO DE SANTO AGOSTINHO,-8.287,-35.033,9.64529855709911,52.6717557251909,41.2213740458015,41.6030534351145,43.5114503816794,0,24,1,0,0,24,60,TRUE,TRUE,TRUE,FALSE,,TRUE
2019-12-24,260290203A,Torrinha,CABO DE SANTO AGOSTINHO,-8.287,-35.033,9.64529855709911,52.6717557251909,41.2213740458015,41.6030534351145,43.5114503816794,0,24,1,0,0,24,60,TRUE,TRUE,TRUE,FALSE,,TRUE
2019-12-25,260290203A,Torrinha,CABO DE SANTO AGOSTINHO,-8.287,-35.033,9.64529855709911,52.6717557251909,41.2213740458015,41.6030534351145,43.5114503816794,0.2,24,1,1,0.2,24,60,TRUE,TRUE,TRUE,FALSE,,TRUE
2019-12-26,260290203A,Torrinha,CABO DE SANTO AGOSTINHO,-8.287,-35.033,9.64529855709911,52.6717557251909,41.2213740458015,41.6030534351145,43.5114503816794,0.2,24,1,1,0.2,24,60,TRUE,TRUE,TRUE,TRUE,64.7619047619048,TRUE
2019-12-27,260290203A,Torrinha,CABO DE SANTO AGOSTINHO,-8.287,-35.033,9.64529855709911,52.6717557251909,41.2213740458015,41.6030534351145,43.5114503816794,2.8,28,1,5,1.37,28,60,TRUE,TRUE,TRUE,TRUE,45.9166666666667,TRUE
2019-12-28,260290203A,Torrinha,CABO DE SANTO AGOSTINHO,-8.287,-35.033,9.64529855709911,52.6717557251909,41.2213740458015,41.6030534351145,43.5114503816794,0,24,1,0,0,24,60,TRUE,TRUE,TRUE,TRUE,44.125,TRUE
2019-12-29,260290203A,Torrinha,CABO DE SANTO AGOSTINHO,-8.287,-35.033,9.64529855709911,52.6717557251909,41.2213740458015,41.6030534351145,43.5114503816794,0,24,1,0,0,24,60,TRUE,TRUE,TRUE,TRUE,43.7083333333333,TRUE
2019-12-30,260290203A,Torrinha,CABO DE SANTO AGOSTINHO,-8.287,-35.033,9.64529855709911,52.6717557251909,41.2213740458015,41.6030534351145,43.5114503816794,0,24,1,0,0,24,60,TRUE,TRUE,TRUE,TRUE,43.4166666666667,TRUE
2019-12-31,260290203A,Torrinha,CABO DE SANTO AGOSTINHO,-8.287,-35.033,9.64529855709911,52.6717557251909,41.2213740458015,41.6030534351145,43.5114503816794,0.62,26,1,2,0.42,26,60,TRUE,TRUE,TRUE,TRUE,53.4583333333333,TRUE
2019-01-01,260290205A,Pontes dos Carvalhos,CABO DE SANTO AGOSTINHO,-8.233,-34.979,10.9623055006057,52.2900763358779,42.7480916030534,43.1297709923664,44.2748091603054,,,,,,0,,FALSE,FALSE,FALSE,TRUE,89.2380952380952,FALSE
2019-01-02,260290205A,Pontes dos Carvalhos,CABO DE SANTO AGOSTINHO,-8.233,-34.979,10.9623055006057,52.2900763358779,42.7480916030534,43.1297709923664,44.2748091603054,,,,,,0,,FALSE,FALSE,FALSE,TRUE,76,FALSE
2019-01-03,260290205A,Pontes dos Carvalhos,CABO DE SANTO AGOSTINHO,-8.233,-34.979,10.9623055006057,52.2900763358779,42.7480916030534,43.1297709923664,44.2748091603054,,,,,,0,,FALSE,FALSE,FALSE,TRUE,52.1666666666667,FALSE
2019-01-04,260290205A,Pontes dos Carvalhos,CABO DE SANTO AGOSTINHO,-8.233,-34.979,10.9623055006057,52.2900763358779,42.7480916030534,43.1297709923664,44.2748091603054,,,,,,0,,FALSE,FALSE,FALSE,TRUE,57.5,FALSE
2019-01-05,260290205A,Pontes dos Carvalhos,CABO DE SANTO AGOSTINHO,-8.233,-34.979,10.9623055006057,52.2900763358779,42.7480916030534,43.1297709923664,44.2748091603054,,,,,,0,,FALSE,FALSE,FALSE,TRUE,50.4583333333333,FALSE
2019-01-06,260290205A,Pontes dos Carvalhos,CABO DE SANTO AGOSTINHO,-8.233,-34.979,10.9623055006057,52.2900763358779,42.7480916030534,43.1297709923664,44.2748091603054,,,,,,0,,FALSE,FALSE,FALSE,TRUE,29.9583333333333,FALSE
2019-01-07,260290205A,Pontes dos Carvalhos,CABO DE SANTO AGOSTINHO,-8.233,-34.979,10.9623055006057,52.2900763358779,42.7480916030534,43.1297709923664,44.2748091603054,,,,,,0,,FALSE,FALSE,FALSE,TRUE,23.7619047619048,FALSE
2019-01-08,260290205A,Pontes dos Carvalhos,CABO DE SANTO AGOSTINHO,-8.233,-34.979,10.9623055006057,52.2900763358779,42.7480916030534,43.1297709923664,44.2748091603054,,,,,,0,,FALSE,FALSE,FALSE,TRUE,42.5416666666667,FALSE
2019-01-09,260290205A,Pontes dos Carvalhos,CABO DE SANTO AGOSTINHO,-8.233,-34.979,10.9623055006057,52.2900763358779,42.7480916030534,43.1297709923664,44.2748091603054,,,,,,0,,FALSE,FALSE,FALSE,TRUE,41.9166666666667,FALSE
2019-01-10,260290205A,Pontes dos Carvalhos,CABO DE SANTO AGOSTINHO,-8.233,-34.979,10.9623055006057,52.2900763358779,42.7480916030534,43.1297709923664,44.2748091603054,,,,,,0,,FALSE,FALSE,FALSE,TRUE,37.6666666666667,FALSE
2019-01-11,260290205A,Pontes dos Carvalhos,CABO DE SANTO AGOSTINHO,-8.233,-34.979,10.9623055006057,52.2900763358779,42.7480916030534,43.1297709923664,44.2748091603054,,,,,,0,,FALSE,FALSE,FALSE,TRUE,38.7272727272727,FALSE
2019-01-12,260290205A,Pontes dos Carvalhos,CABO DE SANTO AGOSTINHO,-8.233,-34.979,10.9623055006057,52.2900763358779,42.7480916030534,43.1297709923664,44.2748091603054,,,,,,0,,FALSE,FALSE,FALSE,TRUE,14.8333333333333,FALSE
2019-01-13,260290205A,Pontes dos Carvalhos,CABO DE SANTO AGOSTINHO,-8.233,-34.979,10.9623055006057,52.2900763358779,42.7480916030534,43.1297709923664,44.2748091603054,,,,,,0,,FALSE,FALSE,FALSE,TRUE,29.6666666666667,FALSE
2019-01-14,260290205A,Pontes dos Carvalhos,CABO DE SANTO AGOSTINHO,-8.233,-34.979,10.9623055006057,52.2900763358779,42.7480916030534,43.1297709923664,44.2748091603054,,,,,,0,,FALSE,FALSE,FALSE,TRUE,36.3333333333333,FALSE
2019-01-15,260290205A,Pontes dos Carvalhos,CABO DE SANTO AGOSTINHO,-8.233,-34.979,10.9623055006057,52.2900763358779,42.7480916030534,43.1297709923664,44.2748091603054,,,,,,0,,FALSE,FALSE,FALSE,TRUE,37.695652173913,FALSE
2019-01-16,260290205A,Pontes dos Carvalhos,CABO DE SANTO AGOSTINHO,-8.233,-34.979,10.9623055006057,52.2900763358779,42.7480916030534,43.1297709923664,44.2748091603054,,,,,,0,,FALSE,FALSE,FALSE,TRUE,32.9583333333333,FALSE
2019-01-17,260290205A,Pontes dos Carvalhos,CABO DE SANTO AGOSTINHO,-8.233,-34.979,10.9623055006057,52.2900763358779,42.7480916030534,43.1297709923664,44.2748091603054,,,,,,0,,FALSE,FALSE,FALSE,TRUE,24.8333333333333,FALSE
2019-01-18,260290205A,Pontes dos Carvalhos,CABO DE SANTO AGOSTINHO,-8.233,-34.979,10.9623055006057,52.2900763358779,42.7480916030534,43.1297709923664,44.2748091603054,,,,,,0,,FALSE,FALSE,FALSE,TRUE,32.9166666666667,FALSE
2019-01-19,260290205A,Pontes dos Carvalhos,CABO DE SANTO AGOSTINHO,-8.233,-34.979,10.9623055006057,52.2900763358779,42.7480916030534,43.1297709923664,44.2748091603054,,,,,,0,,FALSE,FALSE,FALSE,TRUE,34.7916666666667,FALSE
2019-01-20,260290205A,Pontes dos Carvalhos,CABO DE SANTO AGOSTINHO,-8.233,-34.979,10.9623055006057,52.2900763358779,42.7480916030534,43.1297709923664,44.2748091603054,,,,,,0,,FALSE,FALSE,FALSE,TRUE,34.125,FALSE
2019-01-21,260290205A,Pontes dos Carvalhos,CABO DE SANTO AGOSTINHO,-8.233,-34.979,10.9623055006057,52.2900763358779,42.7480916030534,43.1297709923664,44.2748091603054,,,,,,0,,FALSE,FALSE,FALSE,TRUE,38.8333333333333,FALSE
2019-01-22,260290205A,Pontes dos Carvalhos,CABO DE SANTO AGOSTINHO,-8.233,-34.979,10.9623055006057,52.2900763358779,42.7480916030534,43.1297709923664,44.2748091603054,,,,,,0,,FALSE,FALSE,FALSE,TRUE,25.6363636363636,FALSE
2019-01-23,260290205A,Pontes dos Carvalhos,CABO DE SANTO AGOSTINHO,-8.233,-34.979,10.9623055006057,52.2900763358779,42.7480916030534,43.1297709923664,44.2748091603054,,,,,,0,,FALSE,FALSE,FALSE,TRUE,33.7916666666667,FALSE
2019-01-24,260290205A,Pontes dos Carvalhos,CABO DE SANTO AGOSTINHO,-8.233,-34.979,10.9623055006057,52.2900763358779,42.7480916030534,43.1297709923664,44.2748091603054,,,,,,0,,FALSE,FALSE,FALSE,TRUE,38.6666666666667,FALSE
2019-01-25,260290205A,Pontes dos Carvalhos,CABO DE SANTO AGOSTINHO,-8.233,-34.979,10.9623055006057,52.2900763358779,42.7480916030534,43.1297709923664,44.2748091603054,,,,,,0,,FALSE,FALSE,FALSE,TRUE,38.6666666666667,FALSE
2019-01-26,260290205A,Pontes dos Carvalhos,CABO DE SANTO AGOSTINHO,-8.233,-34.979,10.9623055006057,52.2900763358779,42.7480916030534,43.1297709923664,44.2748091603054,,,,,,0,,FALSE,FALSE,FALSE,TRUE,44.7083333333333,FALSE
2019-01-27,260290205A,Pontes dos Carvalhos,CABO DE SANTO AGOSTINHO,-8.233,-34.979,10.9623055006057,52.2900763358779,42.7480916030534,43.1297709923664,44.2748091603054,,,,,,0,,FALSE,FALSE,FALSE,TRUE,40.5,FALSE
2019-01-28,260290205A,Pontes dos Carvalhos,CABO DE SANTO AGOSTINHO,-8.233,-34.979,10.9623055006057,52.2900763358779,42.7480916030534,43.1297709923664,44.2748091603054,,,,,,0,,FALSE,FALSE,FALSE,TRUE,22.25,FALSE
2019-01-29,260290205A,Pontes dos Carvalhos,CABO DE SANTO AGOSTINHO,-8.233,-34.979,10.9623055006057,52.2900763358779,42.7480916030534,43.1297709923664,44.2748091603054,,,,,,0,,FALSE,FALSE,FALSE,TRUE,26.4782608695652,FALSE
2019-01-30,260290205A,Pontes dos Carvalhos,CABO DE SANTO AGOSTINHO,-8.233,-34.979,10.9623055006057,52.2900763358779,42.7480916030534,43.1297709923664,44.2748091603054,,,,,,0,,FALSE,FALSE,FALSE,TRUE,30.9166666666667,FALSE
2019-01-31,260290205A,Pontes dos Carvalhos,CABO DE SANTO AGOSTINHO,-8.233,-34.979,10.9623055006057,52.2900763358779,42.7480916030534,43.1297709923664,44.2748091603054,,,,,,0,,FALSE,FALSE,FALSE,TRUE,37,FALSE
2019-02-01,260290205A,Pontes dos Carvalhos,CABO DE SANTO AGOSTINHO,-8.233,-34.979,10.9623055006057,52.2900763358779,42.7480916030534,43.1297709923664,44.2748091603054,,,,,,0,,FALSE,FALSE,FALSE,TRUE,32.75,FALSE
2019-02-02,260290205A,Pontes dos Carvalhos,CABO DE SANTO AGOSTINHO,-8.233,-34.979,10.9623055006057,52.2900763358779,42.7480916030534,43.1297709923664,44.2748091603054,,,,,,0,,FALSE,FALSE,FALSE,TRUE,30.5416666666667,FALSE
2019-02-03,260290205A,Pontes dos Carvalhos,CABO DE SANTO AGOSTINHO,-8.233,-34.979,10.9623055006057,52.2900763358779,42.7480916030534,43.1297709923664,44.2748091603054,,,,,,0,,FALSE,FALSE,FALSE,TRUE,15.2083333333333,FALSE
2019-02-04,260290205A,Pontes dos Carvalhos,CABO DE SANTO AGOSTINHO,-8.233,-34.979,10.9623055006057,52.2900763358779,42.7480916030534,43.1297709923664,44.2748091603054,,,,,,0,,FALSE,FALSE,FALSE,TRUE,16.8333333333333,FALSE
2019-02-05,260290205A,Pontes dos Carvalhos,CABO DE SANTO AGOSTINHO,-8.233,-34.979,10.9623055006057,52.2900763358779,42.7480916030534,43.1297709923664,44.2748091603054,,,,,,0,,FALSE,FALSE,FALSE,TRUE,16,FALSE
2019-02-06,260290205A,Pontes dos Carvalhos,CABO DE SANTO AGOSTINHO,-8.233,-34.979,10.9623055006057,52.2900763358779,42.7480916030534,43.1297709923664,44.2748091603054,,,,,,0,,FALSE,FALSE,FALSE,TRUE,15.5238095238095,FALSE
2019-02-07,260290205A,Pontes dos Carvalhos,CABO DE SANTO AGOSTINHO,-8.233,-34.979,10.9623055006057,52.2900763358779,42.7480916030534,43.1297709923664,44.2748091603054,,,,,,0,,FALSE,FALSE,FALSE,TRUE,35.25,FALSE
2019-02-08,260290205A,Pontes dos Carvalhos,CABO DE SANTO AGOSTINHO,-8.233,-34.979,10.9623055006057,52.2900763358779,42.7480916030534,43.1297709923664,44.2748091603054,,,,,,0,,FALSE,FALSE,FALSE,TRUE,50.75,FALSE
2019-02-09,260290205A,Pontes dos Carvalhos,CABO DE SANTO AGOSTINHO,-8.233,-34.979,10.9623055006057,52.2900763358779,42.7480916030534,43.1297709923664,44.2748091603054,,,,,,0,,FALSE,FALSE,FALSE,TRUE,54.125,FALSE
2019-02-10,260290205A,Pontes dos Carvalhos,CABO DE SANTO AGOSTINHO,-8.233,-34.979,10.9623055006057,52.2900763358779,42.7480916030534,43.1297709923664,44.2748091603054,,,,,,0,,FALSE,FALSE,FALSE,TRUE,46.75,FALSE
2019-02-11,260290205A,Pontes dos Carvalhos,CABO DE SANTO AGOSTINHO,-8.233,-34.979,10.9623055006057,52.2900763358779,42.7480916030534,43.1297709923664,44.2748091603054,,,,,,0,,FALSE,FALSE,FALSE,TRUE,45.875,FALSE
2019-02-12,260290205A,Pontes dos Carvalhos,CABO DE SANTO AGOSTINHO,-8.233,-34.979,10.9623055006057,52.2900763358779,42.7480916030534,43.1297709923664,44.2748091603054,,,,,,0,,FALSE,FALSE,FALSE,TRUE,35.7272727272727,FALSE
2019-02-13,260290205A,Pontes dos Carvalhos,CABO DE SANTO AGOSTINHO,-8.233,-34.979,10.9623055006057,52.2900763358779,42.7480916030534,43.1297709923664,44.2748091603054,,,,,,0,,FALSE,FALSE,FALSE,TRUE,23.625,FALSE
2019-02-14,260290205A,Pontes dos Carvalhos,CABO DE SANTO AGOSTINHO,-8.233,-34.979,10.9623055006057,52.2900763358779,42.7480916030534,43.1297709923664,44.2748091603054,,,,,,0,,FALSE,FALSE,FALSE,TRUE,25.4444444444444,FALSE
2019-02-15,260290205A,Pontes dos Carvalhos,CABO DE SANTO AGOSTINHO,-8.233,-34.979,10.9623055006057,52.2900763358779,42.7480916030534,43.1297709923664,44.2748091603054,,,,,,0,,FALSE,FALSE,FALSE,TRUE,23.2083333333333,FALSE
2019-02-16,260290205A,Pontes dos Carvalhos,CABO DE SANTO AGOSTINHO,-8.233,-34.979,10.9623055006057,52.2900763358779,42.7480916030534,43.1297709923664,44.2748091603054,,,,,,0,,FALSE,FALSE,FALSE,TRUE,24.7083333333333,FALSE
2019-02-17,260290205A,Pontes dos Carvalhos,CABO DE SANTO AGOSTINHO,-8.233,-34.979,10.9623055006057,52.2900763358779,42.7480916030534,43.1297709923664,44.2748091603054,,,,,,0,,FALSE,FALSE,FALSE,TRUE,21.047619047619,FALSE
2019-02-18,260290205A,Pontes dos Carvalhos,CABO DE SANTO AGOSTINHO,-8.233,-34.979,10.9623055006057,52.2900763358779,42.7480916030534,43.1297709923664,44.2748091603054,,,,,,0,,FALSE,FALSE,FALSE,TRUE,40.0416666666667,FALSE
2019-02-19,260290205A,Pontes dos Carvalhos,CABO DE SANTO AGOSTINHO,-8.233,-34.979,10.9623055006057,52.2900763358779,42.7480916030534,43.1297709923664,44.2748091603054,,,,,,0,,FALSE,FALSE,FALSE,TRUE,42.5833333333333,FALSE
2019-02-20,260290205A,Pontes dos Carvalhos,CABO DE SANTO AGOSTINHO,-8.233,-34.979,10.9623055006057,52.2900763358779,42.7480916030534,43.1297709923664,44.2748091603054,,,,,,0,,FALSE,FALSE,FALSE,TRUE,31,FALSE
2019-02-21,260290205A,Pontes dos Carvalhos,CABO DE SANTO AGOSTINHO,-8.233,-34.979,10.9623055006057,52.2900763358779,42.7480916030534,43.1297709923664,44.2748091603054,,,,,,0,,FALSE,FALSE,FALSE,TRUE,34.5416666666667,FALSE
2019-02-22,260290205A,Pontes dos Carvalhos,CABO DE SANTO AGOSTINHO,-8.233,-34.979,10.9623055006057,52.2900763358779,42.7480916030534,43.1297709923664,44.2748091603054,,,,,,0,,FALSE,FALSE,FALSE,TRUE,40.1666666666667,FALSE
2019-02-23,260290205A,Pontes dos Carvalhos,CABO DE SANTO AGOSTINHO,-8.233,-34.979,10.9623055006057,52.2900763358779,42.7480916030534,43.1297709923664,44.2748091603054,,,,,,0,,FALSE,FALSE,FALSE,TRUE,45.5416666666667,FALSE
2019-02-24,260290205A,Pontes dos Carvalhos,CABO DE SANTO AGOSTINHO,-8.233,-34.979,10.9623055006057,52.2900763358779,42.7480916030534,43.1297709923664,44.2748091603054,,,,,,0,,FALSE,FALSE,FALSE,TRUE,26.7083333333333,FALSE
2019-02-25,260290205A,Pontes dos Carvalhos,CABO DE SANTO AGOSTINHO,-8.233,-34.979,10.9623055006057,52.2900763358779,42.7480916030534,43.1297709923664,44.2748091603054,,,,,,0,,FALSE,FALSE,FALSE,TRUE,43.5416666666667,FALSE
2019-02-26,260290205A,Pontes dos Carvalhos,CABO DE SANTO AGOSTINHO,-8.233,-34.979,10.9623055006057,52.2900763358779,42.7480916030534,43.1297709923664,44.2748091603054,,,,,,0,,FALSE,FALSE,FALSE,FALSE,,FALSE
2019-02-27,260290205A,Pontes dos Carvalhos,CABO DE SANTO AGOSTINHO,-8.233,-34.979,10.9623055006057,52.2900763358779,42.7480916030534,43.1297709923664,44.2748091603054,,,,,,0,,FALSE,FALSE,FALSE,FALSE,,FALSE
2019-02-28,260290205A,Pontes dos Carvalhos,CABO DE SANTO AGOSTINHO,-8.233,-34.979,10.9623055006057,52.2900763358779,42.7480916030534,43.1297709923664,44.2748091603054,,,,,,0,,FALSE,FALSE,FALSE,FALSE,,FALSE
2019-03-01,260290205A,Pontes dos Carvalhos,CABO DE SANTO AGOSTINHO,-8.233,-34.979,10.9623055006057,52.2900763358779,42.7480916030534,43.1297709923664,44.2748091603054,,,,,,0,,FALSE,FALSE,FALSE,FALSE,,FALSE
2019-03-02,260290205A,Pontes dos Carvalhos,CABO DE SANTO AGOSTINHO,-8.233,-34.979,10.9623055006057,52.2900763358779,42.7480916030534,43.1297709923664,44.2748091603054,,,,,,0,,FALSE,FALSE,FALSE,FALSE,,FALSE
2019-03-03,260290205A,Pontes dos Carvalhos,CABO DE SANTO AGOSTINHO,-8.233,-34.979,10.9623055006057,52.2900763358779,42.7480916030534,43.1297709923664,44.2748091603054,,,,,,0,,FALSE,FALSE,FALSE,FALSE,,FALSE
2019-03-04,260290205A,Pontes dos Carvalhos,CABO DE SANTO AGOSTINHO,-8.233,-34.979,10.9623055006057,52.2900763358779,42.7480916030534,43.1297709923664,44.2748091603054,,,,,,0,,FALSE,FALSE,FALSE,FALSE,,FALSE
2019-03-05,260290205A,Pontes dos Carvalhos,CABO DE SANTO AGOSTINHO,-8.233,-34.979,10.9623055006057,52.2900763358779,42.7480916030534,43.1297709923664,44.2748091603054,,,,,,0,,FALSE,FALSE,FALSE,FALSE,,FALSE
2019-03-06,260290205A,Pontes dos Carvalhos,CABO DE SANTO AGOSTINHO,-8.233,-34.979,10.9623055006057,52.2900763358779,42.7480916030534,43.1297709923664,44.2748091603054,,,,,,0,,FALSE,FALSE,FALSE,FALSE,,FALSE
2019-03-07,260290205A,Pontes dos Carvalhos,CABO DE SANTO AGOSTINHO,-8.233,-34.979,10.9623055006057,52.2900763358779,42.7480916030534,43.1297709923664,44.2748091603054,,,,,,0,,FALSE,FALSE,FALSE,FALSE,,FALSE
2019-03-08,260290205A,Pontes dos Carvalhos,CABO DE SANTO AGOSTINHO,-8.233,-34.979,10.9623055006057,52.2900763358779,42.7480916030534,43.1297709923664,44.2748091603054,,,,,,0,,FALSE,FALSE,FALSE,FALSE,,FALSE
2019-03-09,260290205A,Pontes dos Carvalhos,CABO DE SANTO AGOSTINHO,-8.233,-34.979,10.9623055006057,52.2900763358779,42.7480916030534,43.1297709923664,44.2748091603054,,,,,,0,,FALSE,FALSE,FALSE,FALSE,,FALSE
2019-03-10,260290205A,Pontes dos Carvalhos,CABO DE SANTO AGOSTINHO,-8.233,-34.979,10.9623055006057,52.2900763358779,42.7480916030534,43.1297709923664,44.2748091603054,,,,,,0,,FALSE,FALSE,FALSE,FALSE,,FALSE
2019-03-11,260290205A,Pontes dos Carvalhos,CABO DE SANTO AGOSTINHO,-8.233,-34.979,10.9623055006057,52.2900763358779,42.7480916030534,43.1297709923664,44.2748091603054,,,,,,0,,FALSE,FALSE,FALSE,FALSE,,FALSE
2019-03-12,260290205A,Pontes dos Carvalhos,CABO DE SANTO AGOSTINHO,-8.233,-34.979,10.9623055006057,52.2900763358779,42.7480916030534,43.1297709923664,44.2748091603054,,,,,,0,,FALSE,FALSE,FALSE,FALSE,,FALSE
2019-03-13,260290205A,Pontes dos Carvalhos,CABO DE SANTO AGOSTINHO,-8.233,-34.979,10.9623055006057,52.2900763358779,42.7480916030534,43.1297709923664,44.2748091603054,,,,,,0,,FALSE,FALSE,FALSE,FALSE,,FALSE
2019-03-14,260290205A,Pontes dos Carvalhos,CABO DE SANTO AGOSTINHO,-8.233,-34.979,10.9623055006057,52.2900763358779,42.7480916030534,43.1297709923664,44.2748091603054,,,,,,0,,FALSE,FALSE,FALSE,FALSE,,FALSE
2019-03-15,260290205A,Pontes dos Carvalhos,CABO DE SANTO AGOSTINHO,-8.233,-34.979,10.9623055006057,52.2900763358779,42.7480916030534,43.1297709923664,44.2748091603054,,,,,,0,,FALSE,FALSE,FALSE,FALSE,,FALSE
2019-03-16,260290205A,Pontes dos Carvalhos,CABO DE SANTO AGOSTINHO,-8.233,-34.979,10.9623055006057,52.2900763358779,42.7480916030534,43.1297709923664,44.2748091603054,,,,,,0,,FALSE,FALSE,FALSE,FALSE,,FALSE
2019-03-17,260290205A,Pontes dos Carvalhos,CABO DE SANTO AGOSTINHO,-8.233,-34.979,10.9623055006057,52.2900763358779,42.7480916030534,43.1297709923664,44.2748091603054,,,,,,0,,FALSE,FALSE,FALSE,FALSE,,FALSE
2019-03-18,260290205A,Pontes dos Carvalhos,CABO DE SANTO AGOSTINHO,-8.233,-34.979,10.9623055006057,52.2900763358779,42.7480916030534,43.1297709923664,44.2748091603054,,,,,,0,,FALSE,FALSE,FALSE,FALSE,,FALSE
2019-03-19,260290205A,Pontes dos Carvalhos,CABO DE SANTO AGOSTINHO,-8.233,-34.979,10.9623055006057,52.2900763358779,42.7480916030534,43.1297709923664,44.2748091603054,,,,,,0,,FALSE,FALSE,FALSE,FALSE,,FALSE
2019-03-20,260290205A,Pontes dos Carvalhos,CABO DE SANTO AGOSTINHO,-8.233,-34.979,10.9623055006057,52.2900763358779,42.7480916030534,43.1297709923664,44.2748091603054,,,,,,0,,FALSE,FALSE,FALSE,FALSE,,FALSE
2019-03-21,260290205A,Pontes dos Carvalhos,CABO DE SANTO AGOSTINHO,-8.233,-34.979,10.9623055006057,52.2900763358779,42.7480916030534,43.1297709923664,44.2748091603054,,,,,,0,,FALSE,FALSE,FALSE,FALSE,,FALSE
2019-03-22,260290205A,Pontes dos Carvalhos,CABO DE SANTO AGOSTINHO,-8.233,-34.979,10.9623055006057,52.2900763358779,42.7480916030534,43.1297709923664,44.2748091603054,,,,,,0,,FALSE,FALSE,FALSE,FALSE,,FALSE
2019-03-23,260290205A,Pontes dos Carvalhos,CABO DE SANTO AGOSTINHO,-8.233,-34.979,10.9623055006057,52.2900763358779,42.7480916030534,43.1297709923664,44.2748091603054,,,,,,0,,FALSE,FALSE,FALSE,FALSE,,FALSE
2019-03-24,260290205A,Pontes dos Carvalhos,CABO DE SANTO AGOSTINHO,-8.233,-34.979,10.9623055006057,52.2900763358779,42.7480916030534,43.1297709923664,44.2748091603054,,,,,,0,,FALSE,FALSE,FALSE,FALSE,,FALSE
2019-03-25,260290205A,Pontes dos Carvalhos,CABO DE SANTO AGOSTINHO,-8.233,-34.979,10.9623055006057,52.2900763358779,42.7480916030534,43.1297709923664,44.2748091603054,,,,,,0,,FALSE,FALSE,FALSE,FALSE,,FALSE
2019-03-26,260290205A,Pontes dos Carvalhos,CABO DE SANTO AGOSTINHO,-8.233,-34.979,10.9623055006057,52.2900763358779,42.7480916030534,43.1297709923664,44.2748091603054,,,,,,0,,FALSE,FALSE,FALSE,FALSE,,FALSE
2019-03-27,260290205A,Pontes dos Carvalhos,CABO DE SANTO AGOSTINHO,-8.233,-34.979,10.9623055006057,52.2900763358779,42.7480916030534,43.1297709923664,44.2748091603054,,,,,,0,,FALSE,FALSE,FALSE,TRUE,21,FALSE
2019-03-28,260290205A,Pontes dos Carvalhos,CABO DE SANTO AGOSTINHO,-8.233,-34.979,10.9623055006057,52.2900763358779,42.7480916030534,43.1297709923664,44.2748091603054,,,,,,0,,FALSE,FALSE,FALSE,TRUE,40.6521739130435,FALSE
2019-03-29,260290205A,Pontes dos Carvalhos,CABO DE SANTO AGOSTINHO,-8.233,-34.979,10.9623055006057,52.2900763358779,42.7480916030534,43.1297709923664,44.2748091603054,,,,,,0,,FALSE,FALSE,FALSE,TRUE,21.5555555555556,FALSE
2019-03-30,260290205A,Pontes dos Carvalhos,CABO DE SANTO AGOSTINHO,-8.233,-34.979,10.9623055006057,52.2900763358779,42.7480916030534,43.1297709923664,44.2748091603054,,,,,,0,,FALSE,FALSE,FALSE,FALSE,,FALSE
2019-03-31,260290205A,Pontes dos Carvalhos,CABO DE SANTO AGOSTINHO,-8.233,-34.979,10.9623055006057,52.2900763358779,42.7480916030534,43.1297709923664,44.2748091603054,,,,,,0,,FALSE,FALSE,FALSE,FALSE,,FALSE
2019-04-01,260290205A,Pontes dos Carvalhos,CABO DE SANTO AGOSTINHO,-8.233,-34.979,10.9623055006057,52.2900763358779,42.7480916030534,43.1297709923664,44.2748091603054,,,,,,0,,FALSE,FALSE,FALSE,FALSE,,FALSE
2019-04-02,260290205A,Pontes dos Carvalhos,CABO DE SANTO AGOSTINHO,-8.233,-34.979,10.9623055006057,52.2900763358779,42.7480916030534,43.1297709923664,44.2748091603054,,,,,,0,,FALSE,FALSE,FALSE,TRUE,42.375,FALSE
2019-04-03,260290205A,Pontes dos Carvalhos,CABO DE SANTO AGOSTINHO,-8.233,-34.979,10.9623055006057,52.2900763358779,42.7480916030534,43.1297709923664,44.2748091603054,,,,,,0,,FALSE,FALSE,FALSE,TRUE,53.2222222222222,FALSE
2019-04-04,260290205A,Pontes dos Carvalhos,CABO DE SANTO AGOSTINHO,-8.233,-34.979,10.9623055006057,52.2900763358779,42.7480916030534,43.1297709923664,44.2748091603054,,,,,,0,,FALSE,FALSE,FALSE,TRUE,51.3684210526316,FALSE
2019-04-05,260290205A,Pontes dos Carvalhos,CABO DE SANTO AGOSTINHO,-8.233,-34.979,10.9623055006057,52.2900763358779,42.7480916030534,43.1297709923664,44.2748091603054,,,,,,0,,FALSE,FALSE,FALSE,TRUE,55.5416666666667,FALSE
2019-04-06,260290205A,Pontes dos Carvalhos,CABO DE SANTO AGOSTINHO,-8.233,-34.979,10.9623055006057,52.2900763358779,42.7480916030534,43.1297709923664,44.2748091603054,,,,,,0,,FALSE,FALSE,FALSE,TRUE,70.7916666666667,FALSE
2019-04-07,260290205A,Pontes dos Carvalhos,CABO DE SANTO AGOSTINHO,-8.233,-34.979,10.9623055006057,52.2900763358779,42.7480916030534,43.1297709923664,44.2748091603054,,,,,,0,,FALSE,FALSE,FALSE,TRUE,44.2631578947368,FALSE
2019-04-08,260290205A,Pontes dos Carvalhos,CABO DE SANTO AGOSTINHO,-8.233,-34.979,10.9623055006057,52.2900763358779,42.7480916030534,43.1297709923664,44.2748091603054,,,,,,0,,FALSE,FALSE,FALSE,TRUE,37.5833333333333,FALSE
2019-04-09,260290205A,Pontes dos Carvalhos,CABO DE SANTO AGOSTINHO,-8.233,-34.979,10.9623055006057,52.2900763358779,42.7480916030534,43.1297709923664,44.2748091603054,,,,,,0,,FALSE,FALSE,FALSE,TRUE,54.5652173913044,FALSE
2019-04-10,260290205A,Pontes dos Carvalhos,CABO DE SANTO AGOSTINHO,-8.233,-34.979,10.9623055006057,52.2900763358779,42.7480916030534,43.1297709923664,44.2748091603054,,,,,,0,,FALSE,FALSE,FALSE,TRUE,68.7083333333333,FALSE
2019-04-11,260290205A,Pontes dos Carvalhos,CABO DE SANTO AGOSTINHO,-8.233,-34.979,10.9623055006057,52.2900763358779,42.7480916030534,43.1297709923664,44.2748091603054,,,,,,0,,FALSE,FALSE,FALSE,TRUE,49.8333333333333,FALSE
2019-04-12,260290205A,Pontes dos Carvalhos,CABO DE SANTO AGOSTINHO,-8.233,-34.979,10.9623055006057,52.2900763358779,42.7480916030534,43.1297709923664,44.2748091603054,,,,,,0,,FALSE,FALSE,FALSE,TRUE,10.7058823529412,FALSE
2019-04-13,260290205A,Pontes dos Carvalhos,CABO DE SANTO AGOSTINHO,-8.233,-34.979,10.9623055006057,52.2900763358779,42.7480916030534,43.1297709923664,44.2748091603054,,,,,,0,,FALSE,FALSE,FALSE,TRUE,25.95,FALSE
2019-04-14,260290205A,Pontes dos Carvalhos,CABO DE SANTO AGOSTINHO,-8.233,-34.979,10.9623055006057,52.2900763358779,42.7480916030534,43.1297709923664,44.2748091603054,,,,,,0,,FALSE,FALSE,FALSE,TRUE,30.7083333333333,FALSE
2019-04-15,260290205A,Pontes dos Carvalhos,CABO DE SANTO AGOSTINHO,-8.233,-34.979,10.9623055006057,52.2900763358779,42.7480916030534,43.1297709923664,44.2748091603054,,,,,,0,,FALSE,FALSE,FALSE,TRUE,33.5,FALSE
2019-04-16,260290205A,Pontes dos Carvalhos,CABO DE SANTO AGOSTINHO,-8.233,-34.979,10.9623055006057,52.2900763358779,42.7480916030534,43.1297709923664,44.2748091603054,,,,,,0,,FALSE,FALSE,FALSE,TRUE,46.3888888888889,FALSE
2019-04-17,260290205A,Pontes dos Carvalhos,CABO DE SANTO AGOSTINHO,-8.233,-34.979,10.9623055006057,52.2900763358779,42.7480916030534,43.1297709923664,44.2748091603054,,,,,,0,,FALSE,FALSE,FALSE,TRUE,29.8333333333333,FALSE
2019-04-18,260290205A,Pontes dos Carvalhos,CABO DE SANTO AGOSTINHO,-8.233,-34.979,10.9623055006057,52.2900763358779,42.7480916030534,43.1297709923664,44.2748091603054,,,,,,0,,FALSE,FALSE,FALSE,TRUE,28.0952380952381,FALSE
2019-04-19,260290205A,Pontes dos Carvalhos,CABO DE SANTO AGOSTINHO,-8.233,-34.979,10.9623055006057,52.2900763358779,42.7480916030534,43.1297709923664,44.2748091603054,,,,,,0,,FALSE,FALSE,FALSE,TRUE,25.7916666666667,FALSE
2019-04-20,260290205A,Pontes dos Carvalhos,CABO DE SANTO AGOSTINHO,-8.233,-34.979,10.9623055006057,52.2900763358779,42.7480916030534,43.1297709923664,44.2748091603054,,,,,,0,,FALSE,FALSE,FALSE,FALSE,,FALSE
2019-04-21,260290205A,Pontes dos Carvalhos,CABO DE SANTO AGOSTINHO,-8.233,-34.979,10.9623055006057,52.2900763358779,42.7480916030534,43.1297709923664,44.2748091603054,,,,,,0,,FALSE,FALSE,FALSE,TRUE,35.6,FALSE
2019-04-22,260290205A,Pontes dos Carvalhos,CABO DE SANTO AGOSTINHO,-8.233,-34.979,10.9623055006057,52.2900763358779,42.7480916030534,43.1297709923664,44.2748091603054,,,,,,0,,FALSE,FALSE,FALSE,FALSE,,FALSE
2019-04-23,260290205A,Pontes dos Carvalhos,CABO DE SANTO AGOSTINHO,-8.233,-34.979,10.9623055006057,52.2900763358779,42.7480916030534,43.1297709923664,44.2748091603054,,,,,,0,,FALSE,FALSE,FALSE,TRUE,25.625,FALSE
2019-04-24,260290205A,Pontes dos Carvalhos,CABO DE SANTO AGOSTINHO,-8.233,-34.979,10.9623055006057,52.2900763358779,42.7480916030534,43.1297709923664,44.2748091603054,,,,,,0,,FALSE,FALSE,FALSE,TRUE,15.9375,FALSE
2019-04-25,260290205A,Pontes dos Carvalhos,CABO DE SANTO AGOSTINHO,-8.233,-34.979,10.9623055006057,52.2900763358779,42.7480916030534,43.1297709923664,44.2748091603054,,,,,,0,,FALSE,FALSE,FALSE,FALSE,,FALSE
2019-04-26,260290205A,Pontes dos Carvalhos,CABO DE SANTO AGOSTINHO,-8.233,-34.979,10.9623055006057,52.2900763358779,42.7480916030534,43.1297709923664,44.2748091603054,,,,,,0,,FALSE,FALSE,FALSE,TRUE,25.5217391304348,FALSE
2019-04-27,260290205A,Pontes dos Carvalhos,CABO DE SANTO AGOSTINHO,-8.233,-34.979,10.9623055006057,52.2900763358779,42.7480916030534,43.1297709923664,44.2748091603054,,,,,,0,,FALSE,FALSE,FALSE,TRUE,36.7727272727273,FALSE
2019-04-28,260290205A,Pontes dos Carvalhos,CABO DE SANTO AGOSTINHO,-8.233,-34.979,10.9623055006057,52.2900763358779,42.7480916030534,43.1297709923664,44.2748091603054,,,,,,0,,FALSE,FALSE,FALSE,TRUE,39.1666666666667,FALSE
2019-04-29,260290205A,Pontes dos Carvalhos,CABO DE SANTO AGOSTINHO,-8.233,-34.979,10.9623055006057,52.2900763358779,42.7480916030534,43.1297709923664,44.2748091603054,,,,,,0,,FALSE,FALSE,FALSE,TRUE,33.5,FALSE
2019-04-30,260290205A,Pontes dos Carvalhos,CABO DE SANTO AGOSTINHO,-8.233,-34.979,10.9623055006057,52.2900763358779,42.7480916030534,43.1297709923664,44.2748091603054,,,,,,0,,FALSE,FALSE,FALSE,TRUE,41.4117647058824,FALSE
2019-05-01,260290205A,Pontes dos Carvalhos,CABO DE SANTO AGOSTINHO,-8.233,-34.979,10.9623055006057,52.2900763358779,42.7480916030534,43.1297709923664,44.2748091603054,,,,,,0,,FALSE,FALSE,FALSE,TRUE,41.125,FALSE
2019-05-02,260290205A,Pontes dos Carvalhos,CABO DE SANTO AGOSTINHO,-8.233,-34.979,10.9623055006057,52.2900763358779,42.7480916030534,43.1297709923664,44.2748091603054,,,,,,0,,FALSE,FALSE,FALSE,TRUE,55,FALSE
2019-05-03,260290205A,Pontes dos Carvalhos,CABO DE SANTO AGOSTINHO,-8.233,-34.979,10.9623055006057,52.2900763358779,42.7480916030534,43.1297709923664,44.2748091603054,,,,,,0,,FALSE,FALSE,FALSE,TRUE,62.2916666666667,FALSE
2019-05-04,260290205A,Pontes dos Carvalhos,CABO DE SANTO AGOSTINHO,-8.233,-34.979,10.9623055006057,52.2900763358779,42.7480916030534,43.1297709923664,44.2748091603054,,,,,,0,,FALSE,FALSE,FALSE,TRUE,49.2916666666667,FALSE
2019-05-05,260290205A,Pontes dos Carvalhos,CABO DE SANTO AGOSTINHO,-8.233,-34.979,10.9623055006057,52.2900763358779,42.7480916030534,43.1297709923664,44.2748091603054,,,,,,0,,FALSE,FALSE,FALSE,TRUE,41.8333333333333,FALSE
2019-05-06,260290205A,Pontes dos Carvalhos,CABO DE SANTO AGOSTINHO,-8.233,-34.979,10.9623055006057,52.2900763358779,42.7480916030534,43.1297709923664,44.2748091603054,,,,,,0,,FALSE,FALSE,FALSE,TRUE,54.3157894736842,FALSE
2019-05-07,260290205A,Pontes dos Carvalhos,CABO DE SANTO AGOSTINHO,-8.233,-34.979,10.9623055006057,52.2900763358779,42.7480916030534,43.1297709923664,44.2748091603054,,,,,,0,,FALSE,FALSE,FALSE,TRUE,52.1304347826087,FALSE
2019-05-08,260290205A,Pontes dos Carvalhos,CABO DE SANTO AGOSTINHO,-8.233,-34.979,10.9623055006057,52.2900763358779,42.7480916030534,43.1297709923664,44.2748091603054,,,,,,0,,FALSE,FALSE,FALSE,FALSE,,FALSE
2019-05-09,260290205A,Pontes dos Carvalhos,CABO DE SANTO AGOSTINHO,-8.233,-34.979,10.9623055006057,52.2900763358779,42.7480916030534,43.1297709923664,44.2748091603054,,,,,,0,,FALSE,FALSE,FALSE,TRUE,42.1875,FALSE
2019-05-10,260290205A,Pontes dos Carvalhos,CABO DE SANTO AGOSTINHO,-8.233,-34.979,10.9623055006057,52.2900763358779,42.7480916030534,43.1297709923664,44.2748091603054,,,,,,0,,FALSE,FALSE,FALSE,FALSE,,FALSE
2019-05-11,260290205A,Pontes dos Carvalhos,CABO DE SANTO AGOSTINHO,-8.233,-34.979,10.9623055006057,52.2900763358779,42.7480916030534,43.1297709923664,44.2748091603054,,,,,,0,,FALSE,FALSE,FALSE,TRUE,48.3809523809524,FALSE
2019-05-12,260290205A,Pontes dos Carvalhos,CABO DE SANTO AGOSTINHO,-8.233,-34.979,10.9623055006057,52.2900763358779,42.7480916030534,43.1297709923664,44.2748091603054,,,,,,0,,FALSE,FALSE,FALSE,TRUE,37.9565217391304,FALSE
2019-05-13,260290205A,Pontes dos Carvalhos,CABO DE SANTO AGOSTINHO,-8.233,-34.979,10.9623055006057,52.2900763358779,42.7480916030534,43.1297709923664,44.2748091603054,,,,,,0,,FALSE,FALSE,FALSE,TRUE,95.75,FALSE
2019-05-14,260290205A,Pontes dos Carvalhos,CABO DE SANTO AGOSTINHO,-8.233,-34.979,10.9623055006057,52.2900763358779,42.7480916030534,43.1297709923664,44.2748091603054,,,,,,0,,FALSE,FALSE,FALSE,TRUE,104.0625,FALSE
2019-05-15,260290205A,Pontes dos Carvalhos,CABO DE SANTO AGOSTINHO,-8.233,-34.979,10.9623055006057,52.2900763358779,42.7480916030534,43.1297709923664,44.2748091603054,,,,,,0,,FALSE,FALSE,FALSE,TRUE,72.5833333333333,FALSE
2019-05-16,260290205A,Pontes dos Carvalhos,CABO DE SANTO AGOSTINHO,-8.233,-34.979,10.9623055006057,52.2900763358779,42.7480916030534,43.1297709923664,44.2748091603054,,,,,,0,,FALSE,FALSE,FALSE,TRUE,57.8333333333333,FALSE
2019-05-17,260290205A,Pontes dos Carvalhos,CABO DE SANTO AGOSTINHO,-8.233,-34.979,10.9623055006057,52.2900763358779,42.7480916030534,43.1297709923664,44.2748091603054,,,,,,0,,FALSE,FALSE,FALSE,TRUE,49.0909090909091,FALSE
2019-05-18,260290205A,Pontes dos Carvalhos,CABO DE SANTO AGOSTINHO,-8.233,-34.979,10.9623055006057,52.2900763358779,42.7480916030534,43.1297709923664,44.2748091603054,,,,,,0,,FALSE,FALSE,FALSE,TRUE,43.0909090909091,FALSE
2019-05-19,260290205A,Pontes dos Carvalhos,CABO DE SANTO AGOSTINHO,-8.233,-34.979,10.9623055006057,52.2900763358779,42.7480916030534,43.1297709923664,44.2748091603054,,,,,,0,,FALSE,FALSE,FALSE,TRUE,22.3529411764706,FALSE
2019-05-20,260290205A,Pontes dos Carvalhos,CABO DE SANTO AGOSTINHO,-8.233,-34.979,10.9623055006057,52.2900763358779,42.7480916030534,43.1297709923664,44.2748091603054,,,,,,0,,FALSE,FALSE,FALSE,TRUE,24.9047619047619,FALSE
2019-05-21,260290205A,Pontes dos Carvalhos,CABO DE SANTO AGOSTINHO,-8.233,-34.979,10.9623055006057,52.2900763358779,42.7480916030534,43.1297709923664,44.2748091603054,,,,,,0,,FALSE,FALSE,FALSE,FALSE,,FALSE
2019-05-22,260290205A,Pontes dos Carvalhos,CABO DE SANTO AGOSTINHO,-8.233,-34.979,10.9623055006057,52.2900763358779,42.7480916030534,43.1297709923664,44.2748091603054,,,,,,0,,FALSE,FALSE,FALSE,TRUE,63.5,FALSE
2019-05-23,260290205A,Pontes dos Carvalhos,CABO DE SANTO AGOSTINHO,-8.233,-34.979,10.9623055006057,52.2900763358779,42.7480916030534,43.1297709923664,44.2748091603054,,,,,,0,,FALSE,FALSE,FALSE,TRUE,42.4166666666667,FALSE
2019-05-24,260290205A,Pontes dos Carvalhos,CABO DE SANTO AGOSTINHO,-8.233,-34.979,10.9623055006057,52.2900763358779,42.7480916030534,43.1297709923664,44.2748091603054,,,,,,0,,FALSE,FALSE,FALSE,TRUE,47.6666666666667,FALSE
2019-05-25,260290205A,Pontes dos Carvalhos,CABO DE SANTO AGOSTINHO,-8.233,-34.979,10.9623055006057,52.2900763358779,42.7480916030534,43.1297709923664,44.2748091603054,,,,,,0,,FALSE,FALSE,FALSE,TRUE,50.6666666666667,FALSE
2019-05-26,260290205A,Pontes dos Carvalhos,CABO DE SANTO AGOSTINHO,-8.233,-34.979,10.9623055006057,52.2900763358779,42.7480916030534,43.1297709923664,44.2748091603054,,,,,,0,,FALSE,FALSE,FALSE,TRUE,30,FALSE
2019-05-27,260290205A,Pontes dos Carvalhos,CABO DE SANTO AGOSTINHO,-8.233,-34.979,10.9623055006057,52.2900763358779,42.7480916030534,43.1297709923664,44.2748091603054,,,,,,0,,FALSE,FALSE,FALSE,TRUE,32.0588235294118,FALSE
2019-05-28,260290205A,Pontes dos Carvalhos,CABO DE SANTO AGOSTINHO,-8.233,-34.979,10.9623055006057,52.2900763358779,42.7480916030534,43.1297709923664,44.2748091603054,,,,,,0,,FALSE,FALSE,FALSE,TRUE,51.2857142857143,FALSE
2019-05-29,260290205A,Pontes dos Carvalhos,CABO DE SANTO AGOSTINHO,-8.233,-34.979,10.9623055006057,52.2900763358779,42.7480916030534,43.1297709923664,44.2748091603054,,,,,,0,,FALSE,FALSE,FALSE,TRUE,20.95,FALSE
2019-05-30,260290205A,Pontes dos Carvalhos,CABO DE SANTO AGOSTINHO,-8.233,-34.979,10.9623055006057,52.2900763358779,42.7480916030534,43.1297709923664,44.2748091603054,,,,,,0,,FALSE,FALSE,FALSE,TRUE,31.8333333333333,FALSE
2019-05-31,260290205A,Pontes dos Carvalhos,CABO DE SANTO AGOSTINHO,-8.233,-34.979,10.9623055006057,52.2900763358779,42.7480916030534,43.1297709923664,44.2748091603054,,,,,,0,,FALSE,FALSE,FALSE,TRUE,38.5416666666667,FALSE
2019-06-01,260290205A,Pontes dos Carvalhos,CABO DE SANTO AGOSTINHO,-8.233,-34.979,10.9623055006057,52.2900763358779,42.7480916030534,43.1297709923664,44.2748091603054,,,,,,0,,FALSE,FALSE,FALSE,TRUE,42.2222222222222,FALSE
2019-06-02,260290205A,Pontes dos Carvalhos,CABO DE SANTO AGOSTINHO,-8.233,-34.979,10.9623055006057,52.2900763358779,42.7480916030534,43.1297709923664,44.2748091603054,,,,,,0,,FALSE,FALSE,FALSE,TRUE,40.0833333333333,FALSE
2019-06-03,260290205A,Pontes dos Carvalhos,CABO DE SANTO AGOSTINHO,-8.233,-34.979,10.9623055006057,52.2900763358779,42.7480916030534,43.1297709923664,44.2748091603054,1.78,12,0,3,1.38,12,535460,FALSE,FALSE,FALSE,TRUE,34.9047619047619,TRUE
2019-06-04,260290205A,Pontes dos Carvalhos,CABO DE SANTO AGOSTINHO,-8.233,-34.979,10.9623055006057,52.2900763358779,42.7480916030534,43.1297709923664,44.2748091603054,10.84,29,0,7,3.94,29,60,TRUE,TRUE,TRUE,TRUE,40.1578947368421,TRUE
2019-06-05,260290205A,Pontes dos Carvalhos,CABO DE SANTO AGOSTINHO,-8.233,-34.979,10.9623055006057,52.2900763358779,42.7480916030534,43.1297709923664,44.2748091603054,2.75,25,1,2,1.77,24,60,TRUE,TRUE,TRUE,TRUE,29.35,TRUE
2019-06-06,260290205A,Pontes dos Carvalhos,CABO DE SANTO AGOSTINHO,-8.233,-34.979,10.9623055006057,52.2900763358779,42.7480916030534,43.1297709923664,44.2748091603054,1.57,24,0,1,1.57,25,60,TRUE,TRUE,TRUE,TRUE,37.1111111111111,TRUE
2019-06-07,260290205A,Pontes dos Carvalhos,CABO DE SANTO AGOSTINHO,-8.233,-34.979,10.9623055006057,52.2900763358779,42.7480916030534,43.1297709923664,44.2748091603054,0,24,0,0,0,24,60,TRUE,TRUE,TRUE,TRUE,49.5263157894737,TRUE
2019-06-08,260290205A,Pontes dos Carvalhos,CABO DE SANTO AGOSTINHO,-8.233,-34.979,10.9623055006057,52.2900763358779,42.7480916030534,43.1297709923664,44.2748091603054,0.79,26,0,2,0.59,26,60,TRUE,TRUE,TRUE,TRUE,42.8571428571429,TRUE
2019-06-09,260290205A,Pontes dos Carvalhos,CABO DE SANTO AGOSTINHO,-8.233,-34.979,10.9623055006057,52.2900763358779,42.7480916030534,43.1297709923664,44.2748091603054,5.34,28,0,4,3.17,28,60,TRUE,TRUE,TRUE,TRUE,37.1176470588235,TRUE
2019-06-10,260290205A,Pontes dos Carvalhos,CABO DE SANTO AGOSTINHO,-8.233,-34.979,10.9623055006057,52.2900763358779,42.7480916030534,43.1297709923664,44.2748091603054,1.18,25,0,2,0.79,25,60,TRUE,TRUE,TRUE,TRUE,37.8333333333333,TRUE
2019-06-11,260290205A,Pontes dos Carvalhos,CABO DE SANTO AGOSTINHO,-8.233,-34.979,10.9623055006057,52.2900763358779,42.7480916030534,43.1297709923664,44.2748091603054,5.52,34,0,12,2.56,34,60,TRUE,TRUE,TRUE,TRUE,41.1666666666667,TRUE
2019-06-12,260290205A,Pontes dos Carvalhos,CABO DE SANTO AGOSTINHO,-8.233,-34.979,10.9623055006057,52.2900763358779,42.7480916030534,43.1297709923664,44.2748091603054,3.36,30,0,8,1.38,30,60,TRUE,TRUE,TRUE,TRUE,32.625,TRUE
2019-06-13,260290205A,Pontes dos Carvalhos,CABO DE SANTO AGOSTINHO,-8.233,-34.979,10.9623055006057,52.2900763358779,42.7480916030534,43.1297709923664,44.2748091603054,102.83,82,0,71,11.2,82,60,TRUE,TRUE,TRUE,TRUE,26.25,TRUE
2019-06-14,260290205A,Pontes dos Carvalhos,CABO DE SANTO AGOSTINHO,-8.233,-34.979,10.9623055006057,52.2900763358779,42.7480916030534,43.1297709923664,44.2748091603054,0,24,0,0,0,24,60,TRUE,TRUE,TRUE,TRUE,51.7083333333333,TRUE
2019-06-15,260290205A,Pontes dos Carvalhos,CABO DE SANTO AGOSTINHO,-8.233,-34.979,10.9623055006057,52.2900763358779,42.7480916030534,43.1297709923664,44.2748091603054,0.4,26,0,2,0.2,26,60,TRUE,TRUE,TRUE,TRUE,41.2083333333333,TRUE
2019-06-16,260290205A,Pontes dos Carvalhos,CABO DE SANTO AGOSTINHO,-8.233,-34.979,10.9623055006057,52.2900763358779,42.7480916030534,43.1297709923664,44.2748091603054,53.17,89,1,77,2.56,88,60,TRUE,TRUE,TRUE,TRUE,20.7647058823529,TRUE
2019-06-17,260290205A,Pontes dos Carvalhos,CABO DE SANTO AGOSTINHO,-8.233,-34.979,10.9623055006057,52.2900763358779,42.7480916030534,43.1297709923664,44.2748091603054,78.95,93,1,82,3.55,93,60,TRUE,TRUE,TRUE,FALSE,,TRUE
2019-06-18,260290205A,Pontes dos Carvalhos,CABO DE SANTO AGOSTINHO,-8.233,-34.979,10.9623055006057,52.2900763358779,42.7480916030534,43.1297709923664,44.2748091603054,8.45,28,0,5,5.9,29,60,TRUE,TRUE,TRUE,TRUE,24.6363636363636,TRUE
2019-06-19,260290205A,Pontes dos Carvalhos,CABO DE SANTO AGOSTINHO,-8.233,-34.979,10.9623055006057,52.2900763358779,42.7480916030534,43.1297709923664,44.2748091603054,11.02,32,0,10,3.35,32,60,TRUE,TRUE,TRUE,TRUE,19.4166666666667,TRUE
2019-06-20,260290205A,Pontes dos Carvalhos,CABO DE SANTO AGOSTINHO,-8.233,-34.979,10.9623055006057,52.2900763358779,42.7480916030534,43.1297709923664,44.2748091603054,0.4,26,0,2,0.2,26,60,TRUE,TRUE,TRUE,TRUE,33.7826086956522,TRUE
2019-06-21,260290205A,Pontes dos Carvalhos,CABO DE SANTO AGOSTINHO,-8.233,-34.979,10.9623055006057,52.2900763358779,42.7480916030534,43.1297709923664,44.2748091603054,0,24,0,0,0,24,60,TRUE,TRUE,TRUE,TRUE,45,TRUE
2019-06-22,260290205A,Pontes dos Carvalhos,CABO DE SANTO AGOSTINHO,-8.233,-34.979,10.9623055006057,52.2900763358779,42.7480916030534,43.1297709923664,44.2748091603054,0,24,0,0,0,24,60,TRUE,TRUE,TRUE,TRUE,53.2083333333333,TRUE
2019-06-23,260290205A,Pontes dos Carvalhos,CABO DE SANTO AGOSTINHO,-8.233,-34.979,10.9623055006057,52.2900763358779,42.7480916030534,43.1297709923664,44.2748091603054,0,24,0,0,0,24,60,TRUE,TRUE,TRUE,TRUE,63,TRUE
2019-06-24,260290205A,Pontes dos Carvalhos,CABO DE SANTO AGOSTINHO,-8.233,-34.979,10.9623055006057,52.2900763358779,42.7480916030534,43.1297709923664,44.2748091603054,4.33,30,0,8,1.37,30,60,TRUE,TRUE,TRUE,TRUE,58.4166666666667,TRUE
2019-06-25,260290205A,Pontes dos Carvalhos,CABO DE SANTO AGOSTINHO,-8.233,-34.979,10.9623055006057,52.2900763358779,42.7480916030534,43.1297709923664,44.2748091603054,11.81,30,0,7,4.92,30,60,TRUE,TRUE,TRUE,TRUE,43.75,TRUE
2019-06-26,260290205A,Pontes dos Carvalhos,CABO DE SANTO AGOSTINHO,-8.233,-34.979,10.9623055006057,52.2900763358779,42.7480916030534,43.1297709923664,44.2748091603054,13.22,36,0,14,5.51,36,60,TRUE,TRUE,TRUE,TRUE,27.1818181818182,TRUE
2019-06-27,260290205A,Pontes dos Carvalhos,CABO DE SANTO AGOSTINHO,-8.233,-34.979,10.9623055006057,52.2900763358779,42.7480916030534,43.1297709923664,44.2748091603054,16.54,46,0,25,2.75,46,60,TRUE,TRUE,TRUE,TRUE,35.5238095238095,TRUE
2019-06-28,260290205A,Pontes dos Carvalhos,CABO DE SANTO AGOSTINHO,-8.233,-34.979,10.9623055006057,52.2900763358779,42.7480916030534,43.1297709923664,44.2748091603054,26.78,43,1,21,6.3,42,60,TRUE,TRUE,TRUE,TRUE,37.4782608695652,TRUE
2019-06-29,260290205A,Pontes dos Carvalhos,CABO DE SANTO AGOSTINHO,-8.233,-34.979,10.9623055006057,52.2900763358779,42.7480916030534,43.1297709923664,44.2748091603054,9.26,31,0,9,4.53,32,60,TRUE,TRUE,TRUE,TRUE,33.9583333333333,TRUE
2019-06-30,260290205A,Pontes dos Carvalhos,CABO DE SANTO AGOSTINHO,-8.233,-34.979,10.9623055006057,52.2900763358779,42.7480916030534,43.1297709923664,44.2748091603054,11.81,35,0,12,3.74,35,60,TRUE,TRUE,TRUE,TRUE,30.875,TRUE
2019-07-01,260290205A,Pontes dos Carvalhos,CABO DE SANTO AGOSTINHO,-8.233,-34.979,10.9623055006057,52.2900763358779,42.7480916030534,43.1297709923664,44.2748091603054,3.75,30,0,8,1.77,30,60,TRUE,TRUE,TRUE,TRUE,49.5416666666667,TRUE
2019-07-02,260290205A,Pontes dos Carvalhos,CABO DE SANTO AGOSTINHO,-8.233,-34.979,10.9623055006057,52.2900763358779,42.7480916030534,43.1297709923664,44.2748091603054,0.4,25,0,2,0.2,25,90,FALSE,FALSE,TRUE,TRUE,53.875,TRUE
2019-07-03,260290205A,Pontes dos Carvalhos,CABO DE SANTO AGOSTINHO,-8.233,-34.979,10.9623055006057,52.2900763358779,42.7480916030534,43.1297709923664,44.2748091603054,10.87,37,0,18,3.35,37,120,FALSE,FALSE,FALSE,TRUE,18.0454545454545,TRUE
2019-07-04,260290205A,Pontes dos Carvalhos,CABO DE SANTO AGOSTINHO,-8.233,-34.979,10.9623055006057,52.2900763358779,42.7480916030534,43.1297709923664,44.2748091603054,2.37,25,0,3,1.38,25,60,TRUE,TRUE,TRUE,TRUE,39.2083333333333,TRUE
2019-07-05,260290205A,Pontes dos Carvalhos,CABO DE SANTO AGOSTINHO,-8.233,-34.979,10.9623055006057,52.2900763358779,42.7480916030534,43.1297709923664,44.2748091603054,0.59,25,0,2,0.39,25,60,TRUE,TRUE,TRUE,TRUE,73.6666666666667,TRUE
2019-07-06,260290205A,Pontes dos Carvalhos,CABO DE SANTO AGOSTINHO,-8.233,-34.979,10.9623055006057,52.2900763358779,42.7480916030534,43.1297709923664,44.2748091603054,0,24,0,0,0,24,60,TRUE,TRUE,TRUE,TRUE,60.6666666666667,TRUE
2019-07-07,260290205A,Pontes dos Carvalhos,CABO DE SANTO AGOSTINHO,-8.233,-34.979,10.9623055006057,52.2900763358779,42.7480916030534,43.1297709923664,44.2748091603054,1.97,26,0,2,1.77,26,60,TRUE,TRUE,TRUE,TRUE,49.5416666666667,TRUE
2019-07-08,260290205A,Pontes dos Carvalhos,CABO DE SANTO AGOSTINHO,-8.233,-34.979,10.9623055006057,52.2900763358779,42.7480916030534,43.1297709923664,44.2748091603054,5.13,30,0,6,3.54,30,60,TRUE,TRUE,TRUE,TRUE,33.0952380952381,TRUE
2019-07-09,260290205A,Pontes dos Carvalhos,CABO DE SANTO AGOSTINHO,-8.233,-34.979,10.9623055006057,52.2900763358779,42.7480916030534,43.1297709923664,44.2748091603054,0.2,25,0,1,0.2,25,60,TRUE,TRUE,TRUE,TRUE,44.3333333333333,TRUE
2019-07-10,260290205A,Pontes dos Carvalhos,CABO DE SANTO AGOSTINHO,-8.233,-34.979,10.9623055006057,52.2900763358779,42.7480916030534,43.1297709923664,44.2748091603054,0.79,25,0,1,0.79,25,60,TRUE,TRUE,TRUE,TRUE,39.9166666666667,TRUE
2019-07-11,260290205A,Pontes dos Carvalhos,CABO DE SANTO AGOSTINHO,-8.233,-34.979,10.9623055006057,52.2900763358779,42.7480916030534,43.1297709923664,44.2748091603054,6.73,30,0,10,2.77,30,120,FALSE,FALSE,FALSE,TRUE,35.6666666666667,TRUE
2019-07-12,260290205A,Pontes dos Carvalhos,CABO DE SANTO AGOSTINHO,-8.233,-34.979,10.9623055006057,52.2900763358779,42.7480916030534,43.1297709923664,44.2748091603054,0,24,0,0,0,24,60,TRUE,TRUE,TRUE,TRUE,65.0833333333333,TRUE
2019-07-13,260290205A,Pontes dos Carvalhos,CABO DE SANTO AGOSTINHO,-8.233,-34.979,10.9623055006057,52.2900763358779,42.7480916030534,43.1297709923664,44.2748091603054,18.2,37,0,16,4.16,37,60,TRUE,TRUE,TRUE,TRUE,21.6190476190476,TRUE
2019-07-14,260290205A,Pontes dos Carvalhos,CABO DE SANTO AGOSTINHO,-8.233,-34.979,10.9623055006057,52.2900763358779,42.7480916030534,43.1297709923664,44.2748091603054,51.14,67,0,50,4.72,67,60,TRUE,TRUE,TRUE,FALSE,,TRUE
2019-07-15,260290205A,Pontes dos Carvalhos,CABO DE SANTO AGOSTINHO,-8.233,-34.979,10.9623055006057,52.2900763358779,42.7480916030534,43.1297709923664,44.2748091603054,0,16,0,0,0,16,4860,FALSE,FALSE,FALSE,TRUE,40.8260869565217,TRUE
2019-07-16,260290205A,Pontes dos Carvalhos,CABO DE SANTO AGOSTINHO,-8.233,-34.979,10.9623055006057,52.2900763358779,42.7480916030534,43.1297709923664,44.2748091603054,,,,,,0,,FALSE,FALSE,FALSE,TRUE,71.4166666666667,FALSE
2019-07-17,260290205A,Pontes dos Carvalhos,CABO DE SANTO AGOSTINHO,-8.233,-34.979,10.9623055006057,52.2900763358779,42.7480916030534,43.1297709923664,44.2748091603054,,,,,,0,,FALSE,FALSE,FALSE,TRUE,54.125,FALSE
2019-07-18,260290205A,Pontes dos Carvalhos,CABO DE SANTO AGOSTINHO,-8.233,-34.979,10.9623055006057,52.2900763358779,42.7480916030534,43.1297709923664,44.2748091603054,,,,,,0,,FALSE,FALSE,FALSE,TRUE,40.1666666666667,FALSE
2019-07-19,260290205A,Pontes dos Carvalhos,CABO DE SANTO AGOSTINHO,-8.233,-34.979,10.9623055006057,52.2900763358779,42.7480916030534,43.1297709923664,44.2748091603054,14.41,19,0,19,2.95,19,4860,FALSE,FALSE,FALSE,TRUE,34.7916666666667,TRUE
2019-07-20,260290205A,Pontes dos Carvalhos,CABO DE SANTO AGOSTINHO,-8.233,-34.979,10.9623055006057,52.2900763358779,42.7480916030534,43.1297709923664,44.2748091603054,41.18,57,0,57,4.13,57,140,FALSE,FALSE,FALSE,TRUE,15,TRUE
2019-07-21,260290205A,Pontes dos Carvalhos,CABO DE SANTO AGOSTINHO,-8.233,-34.979,10.9623055006057,52.2900763358779,42.7480916030534,43.1297709923664,44.2748091603054,8.47,12,1,12,2.16,11,810,FALSE,FALSE,FALSE,TRUE,26.75,TRUE
2019-07-22,260290205A,Pontes dos Carvalhos,CABO DE SANTO AGOSTINHO,-8.233,-34.979,10.9623055006057,52.2900763358779,42.7480916030534,43.1297709923664,44.2748091603054,36.7,41,0,41,4.92,42,810,FALSE,FALSE,FALSE,TRUE,20.2380952380952,TRUE
2019-07-23,260290205A,Pontes dos Carvalhos,CABO DE SANTO AGOSTINHO,-8.233,-34.979,10.9623055006057,52.2900763358779,42.7480916030534,43.1297709923664,44.2748091603054,31.77,34,0,34,4.53,34,460,FALSE,FALSE,FALSE,TRUE,14.9166666666667,TRUE
2019-07-24,260290205A,Pontes dos Carvalhos,CABO DE SANTO AGOSTINHO,-8.233,-34.979,10.9623055006057,52.2900763358779,42.7480916030534,43.1297709923664,44.2748091603054,48.63,60,1,60,2.95,59,410,FALSE,FALSE,FALSE,TRUE,12.3,TRUE
2019-07-25,260290205A,Pontes dos Carvalhos,CABO DE SANTO AGOSTINHO,-8.233,-34.979,10.9623055006057,52.2900763358779,42.7480916030534,43.1297709923664,44.2748091603054,5.92,11,0,11,1.18,12,400,FALSE,FALSE,FALSE,TRUE,18.1818181818182,TRUE
2019-07-26,260290205A,Pontes dos Carvalhos,CABO DE SANTO AGOSTINHO,-8.233,-34.979,10.9623055006057,52.2900763358779,42.7480916030534,43.1297709923664,44.2748091603054,22.16,28,0,25,4.76,28,400,FALSE,FALSE,FALSE,TRUE,14.7727272727273,TRUE
2019-07-27,260290205A,Pontes dos Carvalhos,CABO DE SANTO AGOSTINHO,-8.233,-34.979,10.9623055006057,52.2900763358779,42.7480916030534,43.1297709923664,44.2748091603054,25.03,47,0,29,4.72,47,60,TRUE,TRUE,TRUE,TRUE,9.1,TRUE
2019-07-28,260290205A,Pontes dos Carvalhos,CABO DE SANTO AGOSTINHO,-8.233,-34.979,10.9623055006057,52.2900763358779,42.7480916030534,43.1297709923664,44.2748091603054,6.5,38,1,15,1.57,37,60,TRUE,TRUE,TRUE,TRUE,15.6521739130435,TRUE
2019-07-29,260290205A,Pontes dos Carvalhos,CABO DE SANTO AGOSTINHO,-8.233,-34.979,10.9623055006057,52.2900763358779,42.7480916030534,43.1297709923664,44.2748091603054,1.77,27,0,5,0.59,28,60,TRUE,TRUE,TRUE,FALSE,,TRUE
2019-07-30,260290205A,Pontes dos Carvalhos,CABO DE SANTO AGOSTINHO,-8.233,-34.979,10.9623055006057,52.2900763358779,42.7480916030534,43.1297709923664,44.2748091603054,9.48,39,0,19,1.37,39,60,TRUE,TRUE,TRUE,TRUE,11.6315789473684,TRUE
2019-07-31,260290205A,Pontes dos Carvalhos,CABO DE SANTO AGOSTINHO,-8.233,-34.979,10.9623055006057,52.2900763358779,42.7480916030534,43.1297709923664,44.2748091603054,31.48,53,0,35,3.54,53,60,TRUE,TRUE,TRUE,FALSE,,TRUE
2019-08-01,260290205A,Pontes dos Carvalhos,CABO DE SANTO AGOSTINHO,-8.233,-34.979,10.9623055006057,52.2900763358779,42.7480916030534,43.1297709923664,44.2748091603054,41.8,59,0,41,4.72,59,60,TRUE,TRUE,TRUE,TRUE,10.0526315789474,TRUE
2019-08-02,260290205A,Pontes dos Carvalhos,CABO DE SANTO AGOSTINHO,-8.233,-34.979,10.9623055006057,52.2900763358779,42.7480916030534,43.1297709923664,44.2748091603054,29.51,56,0,38,3.15,56,60,TRUE,TRUE,TRUE,TRUE,33.3333333333333,TRUE
2019-08-03,260290205A,Pontes dos Carvalhos,CABO DE SANTO AGOSTINHO,-8.233,-34.979,10.9623055006057,52.2900763358779,42.7480916030534,43.1297709923664,44.2748091603054,2.37,27,0,4,1.77,27,60,TRUE,TRUE,TRUE,TRUE,53.8333333333333,TRUE
2019-08-04,260290205A,Pontes dos Carvalhos,CABO DE SANTO AGOSTINHO,-8.233,-34.979,10.9623055006057,52.2900763358779,42.7480916030534,43.1297709923664,44.2748091603054,4.15,30,0,6,1.78,30,60,TRUE,TRUE,TRUE,TRUE,69.125,TRUE
2019-08-05,260290205A,Pontes dos Carvalhos,CABO DE SANTO AGOSTINHO,-8.233,-34.979,10.9623055006057,52.2900763358779,42.7480916030534,43.1297709923664,44.2748091603054,0.99,25,0,3,0.59,25,60,TRUE,TRUE,TRUE,TRUE,65.2916666666667,TRUE
2019-08-06,260290205A,Pontes dos Carvalhos,CABO DE SANTO AGOSTINHO,-8.233,-34.979,10.9623055006057,52.2900763358779,42.7480916030534,43.1297709923664,44.2748091603054,2.76,28,0,5,0.98,28,60,TRUE,TRUE,TRUE,TRUE,44.8947368421053,TRUE
2019-08-07,260290205A,Pontes dos Carvalhos,CABO DE SANTO AGOSTINHO,-8.233,-34.979,10.9623055006057,52.2900763358779,42.7480916030534,43.1297709923664,44.2748091603054,3.93,29,0,7,1.57,29,70,FALSE,TRUE,TRUE,TRUE,48.1666666666667,TRUE
2019-08-08,260290205A,Pontes dos Carvalhos,CABO DE SANTO AGOSTINHO,-8.233,-34.979,10.9623055006057,52.2900763358779,42.7480916030534,43.1297709923664,44.2748091603054,6.52,35,0,15,1.18,35,60,TRUE,TRUE,TRUE,TRUE,37.3333333333333,TRUE
2019-08-09,260290205A,Pontes dos Carvalhos,CABO DE SANTO AGOSTINHO,-8.233,-34.979,10.9623055006057,52.2900763358779,42.7480916030534,43.1297709923664,44.2748091603054,0.2,24,0,1,0.2,24,60,TRUE,TRUE,TRUE,TRUE,75.4583333333333,TRUE
2019-08-10,260290205A,Pontes dos Carvalhos,CABO DE SANTO AGOSTINHO,-8.233,-34.979,10.9623055006057,52.2900763358779,42.7480916030534,43.1297709923664,44.2748091603054,0,24,0,0,0,24,60,TRUE,TRUE,TRUE,TRUE,75.9166666666667,TRUE
2019-08-11,260290205A,Pontes dos Carvalhos,CABO DE SANTO AGOSTINHO,-8.233,-34.979,10.9623055006057,52.2900763358779,42.7480916030534,43.1297709923664,44.2748091603054,0,24,0,0,0,24,60,TRUE,TRUE,TRUE,TRUE,75.8333333333333,TRUE
2019-08-12,260290205A,Pontes dos Carvalhos,CABO DE SANTO AGOSTINHO,-8.233,-34.979,10.9623055006057,52.2900763358779,42.7480916030534,43.1297709923664,44.2748091603054,10.04,34,1,11,2.95,33,60,TRUE,TRUE,TRUE,TRUE,42,TRUE
2019-08-13,260290205A,Pontes dos Carvalhos,CABO DE SANTO AGOSTINHO,-8.233,-34.979,10.9623055006057,52.2900763358779,42.7480916030534,43.1297709923664,44.2748091603054,2.78,29,0,8,1.38,30,60,TRUE,TRUE,TRUE,TRUE,41.8695652173913,TRUE
2019-08-14,260290205A,Pontes dos Carvalhos,CABO DE SANTO AGOSTINHO,-8.233,-34.979,10.9623055006057,52.2900763358779,42.7480916030534,43.1297709923664,44.2748091603054,15.18,51,0,35,1.18,51,60,TRUE,TRUE,TRUE,TRUE,16.9583333333333,TRUE
2019-08-15,260290205A,Pontes dos Carvalhos,CABO DE SANTO AGOSTINHO,-8.233,-34.979,10.9623055006057,52.2900763358779,42.7480916030534,43.1297709923664,44.2748091603054,4.75,33,0,13,0.98,33,60,TRUE,TRUE,TRUE,TRUE,25.0833333333333,TRUE
2019-08-16,260290205A,Pontes dos Carvalhos,CABO DE SANTO AGOSTINHO,-8.233,-34.979,10.9623055006057,52.2900763358779,42.7480916030534,43.1297709923664,44.2748091603054,5.32,32,0,10,1.57,32,60,TRUE,TRUE,TRUE,TRUE,31.7916666666667,TRUE
2019-08-17,260290205A,Pontes dos Carvalhos,CABO DE SANTO AGOSTINHO,-8.233,-34.979,10.9623055006057,52.2900763358779,42.7480916030534,43.1297709923664,44.2748091603054,0.2,25,0,1,0.2,25,60,TRUE,TRUE,TRUE,TRUE,55.125,TRUE
2019-08-18,260290205A,Pontes dos Carvalhos,CABO DE SANTO AGOSTINHO,-8.233,-34.979,10.9623055006057,52.2900763358779,42.7480916030534,43.1297709923664,44.2748091603054,3.37,30,0,7,1.37,30,60,TRUE,TRUE,TRUE,TRUE,57.7916666666667,TRUE
2019-08-19,260290205A,Pontes dos Carvalhos,CABO DE SANTO AGOSTINHO,-8.233,-34.979,10.9623055006057,52.2900763358779,42.7480916030534,43.1297709923664,44.2748091603054,0.79,26,0,2,0.59,26,60,TRUE,TRUE,TRUE,TRUE,71.9166666666667,TRUE
2019-08-20,260290205A,Pontes dos Carvalhos,CABO DE SANTO AGOSTINHO,-8.233,-34.979,10.9623055006057,52.2900763358779,42.7480916030534,43.1297709923664,44.2748091603054,0,24,0,0,0,24,60,TRUE,TRUE,TRUE,TRUE,71.25,TRUE
2019-08-21,260290205A,Pontes dos Carvalhos,CABO DE SANTO AGOSTINHO,-8.233,-34.979,10.9623055006057,52.2900763358779,42.7480916030534,43.1297709923664,44.2748091603054,0,24,0,0,0,24,60,TRUE,TRUE,TRUE,TRUE,52.7727272727273,TRUE
2019-08-22,260290205A,Pontes dos Carvalhos,CABO DE SANTO AGOSTINHO,-8.233,-34.979,10.9623055006057,52.2900763358779,42.7480916030534,43.1297709923664,44.2748091603054,2.57,31,0,8,0.59,31,60,TRUE,TRUE,TRUE,TRUE,14.5,TRUE
2019-08-23,260290205A,Pontes dos Carvalhos,CABO DE SANTO AGOSTINHO,-8.233,-34.979,10.9623055006057,52.2900763358779,42.7480916030534,43.1297709923664,44.2748091603054,5.9,35,0,13,0.98,35,60,TRUE,TRUE,TRUE,TRUE,34.6363636363636,TRUE
2019-08-24,260290205A,Pontes dos Carvalhos,CABO DE SANTO AGOSTINHO,-8.233,-34.979,10.9623055006057,52.2900763358779,42.7480916030534,43.1297709923664,44.2748091603054,1.58,26,0,3,1.18,26,60,TRUE,TRUE,TRUE,TRUE,35.2608695652174,TRUE
2019-08-25,260290205A,Pontes dos Carvalhos,CABO DE SANTO AGOSTINHO,-8.233,-34.979,10.9623055006057,52.2900763358779,42.7480916030534,43.1297709923664,44.2748091603054,6.11,29,0,6,2.17,29,60,TRUE,TRUE,TRUE,TRUE,40.3333333333333,TRUE
2019-08-26,260290205A,Pontes dos Carvalhos,CABO DE SANTO AGOSTINHO,-8.233,-34.979,10.9623055006057,52.2900763358779,42.7480916030534,43.1297709923664,44.2748091603054,8.07,33,0,13,1.57,33,60,TRUE,TRUE,TRUE,TRUE,41.125,TRUE
2019-08-27,260290205A,Pontes dos Carvalhos,CABO DE SANTO AGOSTINHO,-8.233,-34.979,10.9623055006057,52.2900763358779,42.7480916030534,43.1297709923664,44.2748091603054,5.32,27,0,4,2.56,27,60,TRUE,TRUE,TRUE,TRUE,58.4166666666667,TRUE
2019-08-28,260290205A,Pontes dos Carvalhos,CABO DE SANTO AGOSTINHO,-8.233,-34.979,10.9623055006057,52.2900763358779,42.7480916030534,43.1297709923664,44.2748091603054,0.99,14,0,4,0.39,14,920,FALSE,FALSE,FALSE,TRUE,45,TRUE
2019-08-29,260290205A,Pontes dos Carvalhos,CABO DE SANTO AGOSTINHO,-8.233,-34.979,10.9623055006057,52.2900763358779,42.7480916030534,43.1297709923664,44.2748091603054,0.79,3,0,3,0.39,3,1720,FALSE,FALSE,FALSE,TRUE,52.1666666666667,TRUE
2019-08-30,260290205A,Pontes dos Carvalhos,CABO DE SANTO AGOSTINHO,-8.233,-34.979,10.9623055006057,52.2900763358779,42.7480916030534,43.1297709923664,44.2748091603054,0.59,9,0,1,0.59,9,1720,FALSE,FALSE,FALSE,TRUE,55.4583333333333,TRUE
2019-08-31,260290205A,Pontes dos Carvalhos,CABO DE SANTO AGOSTINHO,-8.233,-34.979,10.9623055006057,52.2900763358779,42.7480916030534,43.1297709923664,44.2748091603054,15.35,33,1,10,3.35,32,60,TRUE,TRUE,TRUE,TRUE,69.4583333333333,TRUE
2019-09-01,260290205A,Pontes dos Carvalhos,CABO DE SANTO AGOSTINHO,-8.233,-34.979,10.9623055006057,52.2900763358779,42.7480916030534,43.1297709923664,44.2748091603054,6.93,34,0,11,1.97,35,60,TRUE,TRUE,TRUE,TRUE,36.375,TRUE
2019-09-02,260290205A,Pontes dos Carvalhos,CABO DE SANTO AGOSTINHO,-8.233,-34.979,10.9623055006057,52.2900763358779,42.7480916030534,43.1297709923664,44.2748091603054,21.08,40,0,22,3.15,40,80,FALSE,FALSE,TRUE,TRUE,39.9583333333333,TRUE
2019-09-03,260290205A,Pontes dos Carvalhos,CABO DE SANTO AGOSTINHO,-8.233,-34.979,10.9623055006057,52.2900763358779,42.7480916030534,43.1297709923664,44.2748091603054,0.79,26,0,2,0.59,26,60,TRUE,TRUE,TRUE,TRUE,49.6666666666667,TRUE
2019-09-04,260290205A,Pontes dos Carvalhos,CABO DE SANTO AGOSTINHO,-8.233,-34.979,10.9623055006057,52.2900763358779,42.7480916030534,43.1297709923664,44.2748091603054,4.56,34,0,16,0.42,34,60,TRUE,TRUE,TRUE,TRUE,37.875,TRUE
2019-09-05,260290205A,Pontes dos Carvalhos,CABO DE SANTO AGOSTINHO,-8.233,-34.979,10.9623055006057,52.2900763358779,42.7480916030534,43.1297709923664,44.2748091603054,2.96,31,1,8,0.98,30,60,TRUE,TRUE,TRUE,TRUE,26.9583333333333,TRUE
2019-09-06,260290205A,Pontes dos Carvalhos,CABO DE SANTO AGOSTINHO,-8.233,-34.979,10.9623055006057,52.2900763358779,42.7480916030534,43.1297709923664,44.2748091603054,4.97,37,0,16,0.59,38,60,TRUE,TRUE,TRUE,TRUE,30.6363636363636,TRUE
2019-09-07,260290205A,Pontes dos Carvalhos,CABO DE SANTO AGOSTINHO,-8.233,-34.979,10.9623055006057,52.2900763358779,42.7480916030534,43.1297709923664,44.2748091603054,6.51,31,0,10,2.17,31,60,TRUE,TRUE,TRUE,TRUE,28,TRUE
2019-09-08,260290205A,Pontes dos Carvalhos,CABO DE SANTO AGOSTINHO,-8.233,-34.979,10.9623055006057,52.2900763358779,42.7480916030534,43.1297709923664,44.2748091603054,4.55,32,0,10,1.58,32,60,TRUE,TRUE,TRUE,TRUE,29.125,TRUE
2019-09-09,260290205A,Pontes dos Carvalhos,CABO DE SANTO AGOSTINHO,-8.233,-34.979,10.9623055006057,52.2900763358779,42.7480916030534,43.1297709923664,44.2748091603054,4.92,27,0,4,2.95,27,60,TRUE,TRUE,TRUE,TRUE,48.8333333333333,TRUE
2019-09-10,260290205A,Pontes dos Carvalhos,CABO DE SANTO AGOSTINHO,-8.233,-34.979,10.9623055006057,52.2900763358779,42.7480916030534,43.1297709923664,44.2748091603054,0,24,0,0,0,24,60,TRUE,TRUE,TRUE,TRUE,57.6666666666667,TRUE
2019-09-11,260290205A,Pontes dos Carvalhos,CABO DE SANTO AGOSTINHO,-8.233,-34.979,10.9623055006057,52.2900763358779,42.7480916030534,43.1297709923664,44.2748091603054,0.4,25,0,2,0.2,25,80,FALSE,FALSE,TRUE,TRUE,46.75,TRUE
2019-09-12,260290205A,Pontes dos Carvalhos,CABO DE SANTO AGOSTINHO,-8.233,-34.979,10.9623055006057,52.2900763358779,42.7480916030534,43.1297709923664,44.2748091603054,3.74,27,0,4,2.36,27,60,TRUE,TRUE,TRUE,TRUE,49.7826086956522,TRUE
2019-09-13,260290205A,Pontes dos Carvalhos,CABO DE SANTO AGOSTINHO,-8.233,-34.979,10.9623055006057,52.2900763358779,42.7480916030534,43.1297709923664,44.2748091603054,0,24,0,0,0,24,60,TRUE,TRUE,TRUE,TRUE,54.0952380952381,TRUE
2019-09-14,260290205A,Pontes dos Carvalhos,CABO DE SANTO AGOSTINHO,-8.233,-34.979,10.9623055006057,52.2900763358779,42.7480916030534,43.1297709923664,44.2748091603054,0,24,0,0,0,24,60,TRUE,TRUE,TRUE,TRUE,54.1666666666667,TRUE
2019-09-15,260290205A,Pontes dos Carvalhos,CABO DE SANTO AGOSTINHO,-8.233,-34.979,10.9623055006057,52.2900763358779,42.7480916030534,43.1297709923664,44.2748091603054,0,24,0,0,0,24,60,TRUE,TRUE,TRUE,TRUE,40.3125,TRUE
2019-09-16,260290205A,Pontes dos Carvalhos,CABO DE SANTO AGOSTINHO,-8.233,-34.979,10.9623055006057,52.2900763358779,42.7480916030534,43.1297709923664,44.2748091603054,2.36,28,0,5,0.79,28,60,TRUE,TRUE,TRUE,TRUE,38.3684210526316,TRUE
2019-09-17,260290205A,Pontes dos Carvalhos,CABO DE SANTO AGOSTINHO,-8.233,-34.979,10.9623055006057,52.2900763358779,42.7480916030534,43.1297709923664,44.2748091603054,5.15,39,0,17,0.79,39,60,TRUE,TRUE,TRUE,TRUE,20.7826086956522,TRUE
2019-09-18,260290205A,Pontes dos Carvalhos,CABO DE SANTO AGOSTINHO,-8.233,-34.979,10.9623055006057,52.2900763358779,42.7480916030534,43.1297709923664,44.2748091603054,2.57,28,0,6,0.79,28,60,TRUE,TRUE,TRUE,TRUE,50.1739130434783,TRUE
2019-09-19,260290205A,Pontes dos Carvalhos,CABO DE SANTO AGOSTINHO,-8.233,-34.979,10.9623055006057,52.2900763358779,42.7480916030534,43.1297709923664,44.2748091603054,0.4,26,0,2,0.2,26,60,TRUE,TRUE,TRUE,TRUE,63.8636363636364,TRUE
2019-09-20,260290205A,Pontes dos Carvalhos,CABO DE SANTO AGOSTINHO,-8.233,-34.979,10.9623055006057,52.2900763358779,42.7480916030534,43.1297709923664,44.2748091603054,7.69,37,0,17,1.38,37,60,TRUE,TRUE,TRUE,TRUE,31.5,TRUE
2019-09-21,260290205A,Pontes dos Carvalhos,CABO DE SANTO AGOSTINHO,-8.233,-34.979,10.9623055006057,52.2900763358779,42.7480916030534,43.1297709923664,44.2748091603054,0.79,26,0,3,0.39,26,60,TRUE,TRUE,TRUE,TRUE,48.6666666666667,TRUE
2019-09-22,260290205A,Pontes dos Carvalhos,CABO DE SANTO AGOSTINHO,-8.233,-34.979,10.9623055006057,52.2900763358779,42.7480916030534,43.1297709923664,44.2748091603054,0,24,0,0,0,24,60,TRUE,TRUE,TRUE,TRUE,41.1666666666667,TRUE
2019-09-23,260290205A,Pontes dos Carvalhos,CABO DE SANTO AGOSTINHO,-8.233,-34.979,10.9623055006057,52.2900763358779,42.7480916030534,43.1297709923664,44.2748091603054,3.58,31,1,8,0.79,30,60,TRUE,TRUE,TRUE,TRUE,38.9047619047619,TRUE
2019-09-24,260290205A,Pontes dos Carvalhos,CABO DE SANTO AGOSTINHO,-8.233,-34.979,10.9623055006057,52.2900763358779,42.7480916030534,43.1297709923664,44.2748091603054,0,24,0,0,0,25,60,TRUE,TRUE,TRUE,TRUE,45.9166666666667,TRUE
2019-09-25,260290205A,Pontes dos Carvalhos,CABO DE SANTO AGOSTINHO,-8.233,-34.979,10.9623055006057,52.2900763358779,42.7480916030534,43.1297709923664,44.2748091603054,0,24,0,0,0,24,60,TRUE,TRUE,TRUE,TRUE,53.25,TRUE
2019-09-26,260290205A,Pontes dos Carvalhos,CABO DE SANTO AGOSTINHO,-8.233,-34.979,10.9623055006057,52.2900763358779,42.7480916030534,43.1297709923664,44.2748091603054,0,24,0,0,0,24,60,TRUE,TRUE,TRUE,FALSE,,TRUE
2019-09-27,260290205A,Pontes dos Carvalhos,CABO DE SANTO AGOSTINHO,-8.233,-34.979,10.9623055006057,52.2900763358779,42.7480916030534,43.1297709923664,44.2748091603054,0,24,0,0,0,24,60,TRUE,TRUE,TRUE,FALSE,,TRUE
2019-09-28,260290205A,Pontes dos Carvalhos,CABO DE SANTO AGOSTINHO,-8.233,-34.979,10.9623055006057,52.2900763358779,42.7480916030534,43.1297709923664,44.2748091603054,0,24,0,0,0,24,60,TRUE,TRUE,TRUE,FALSE,,TRUE
2019-09-29,260290205A,Pontes dos Carvalhos,CABO DE SANTO AGOSTINHO,-8.233,-34.979,10.9623055006057,52.2900763358779,42.7480916030534,43.1297709923664,44.2748091603054,0,24,0,0,0,24,60,TRUE,TRUE,TRUE,FALSE,,TRUE
2019-09-30,260290205A,Pontes dos Carvalhos,CABO DE SANTO AGOSTINHO,-8.233,-34.979,10.9623055006057,52.2900763358779,42.7480916030534,43.1297709923664,44.2748091603054,0.6,27,0,3,0.2,27,60,TRUE,TRUE,TRUE,FALSE,,TRUE
2019-10-01,260290205A,Pontes dos Carvalhos,CABO DE SANTO AGOSTINHO,-8.233,-34.979,10.9623055006057,52.2900763358779,42.7480916030534,43.1297709923664,44.2748091603054,0,24,0,0,0,24,60,TRUE,TRUE,TRUE,FALSE,,TRUE
2019-10-02,260290205A,Pontes dos Carvalhos,CABO DE SANTO AGOSTINHO,-8.233,-34.979,10.9623055006057,52.2900763358779,42.7480916030534,43.1297709923664,44.2748091603054,0,24,0,0,0,24,60,TRUE,TRUE,TRUE,FALSE,,TRUE
2019-10-03,260290205A,Pontes dos Carvalhos,CABO DE SANTO AGOSTINHO,-8.233,-34.979,10.9623055006057,52.2900763358779,42.7480916030534,43.1297709923664,44.2748091603054,0,24,0,0,0,24,60,TRUE,TRUE,TRUE,FALSE,,TRUE
2019-10-04,260290205A,Pontes dos Carvalhos,CABO DE SANTO AGOSTINHO,-8.233,-34.979,10.9623055006057,52.2900763358779,42.7480916030534,43.1297709923664,44.2748091603054,0,24,0,0,0,24,60,TRUE,TRUE,TRUE,FALSE,,TRUE
2019-10-05,260290205A,Pontes dos Carvalhos,CABO DE SANTO AGOSTINHO,-8.233,-34.979,10.9623055006057,52.2900763358779,42.7480916030534,43.1297709923664,44.2748091603054,0.82,26,0,3,0.42,26,60,TRUE,TRUE,TRUE,FALSE,,TRUE
2019-10-06,260290205A,Pontes dos Carvalhos,CABO DE SANTO AGOSTINHO,-8.233,-34.979,10.9623055006057,52.2900763358779,42.7480916030534,43.1297709923664,44.2748091603054,0,24,0,0,0,24,60,TRUE,TRUE,TRUE,FALSE,,TRUE
2019-10-07,260290205A,Pontes dos Carvalhos,CABO DE SANTO AGOSTINHO,-8.233,-34.979,10.9623055006057,52.2900763358779,42.7480916030534,43.1297709923664,44.2748091603054,0.39,24,0,1,0.39,24,60,TRUE,TRUE,TRUE,FALSE,,TRUE
2019-10-08,260290205A,Pontes dos Carvalhos,CABO DE SANTO AGOSTINHO,-8.233,-34.979,10.9623055006057,52.2900763358779,42.7480916030534,43.1297709923664,44.2748091603054,1.58,17,0,2,1.38,17,760,FALSE,FALSE,FALSE,FALSE,,TRUE
2019-10-09,260290205A,Pontes dos Carvalhos,CABO DE SANTO AGOSTINHO,-8.233,-34.979,10.9623055006057,52.2900763358779,42.7480916030534,43.1297709923664,44.2748091603054,0.6,3,0,3,0.2,3,1080,FALSE,FALSE,FALSE,FALSE,,TRUE
2019-10-10,260290205A,Pontes dos Carvalhos,CABO DE SANTO AGOSTINHO,-8.233,-34.979,10.9623055006057,52.2900763358779,42.7480916030534,43.1297709923664,44.2748091603054,3.15,11,0,4,1.57,11,1080,FALSE,FALSE,FALSE,FALSE,,TRUE
2019-10-11,260290205A,Pontes dos Carvalhos,CABO DE SANTO AGOSTINHO,-8.233,-34.979,10.9623055006057,52.2900763358779,42.7480916030534,43.1297709923664,44.2748091603054,1.98,27,0,5,0.79,27,60,TRUE,TRUE,TRUE,FALSE,,TRUE
2019-10-12,260290205A,Pontes dos Carvalhos,CABO DE SANTO AGOSTINHO,-8.233,-34.979,10.9623055006057,52.2900763358779,42.7480916030534,43.1297709923664,44.2748091603054,0.99,27,0,4,0.39,27,60,TRUE,TRUE,TRUE,FALSE,,TRUE
2019-10-13,260290205A,Pontes dos Carvalhos,CABO DE SANTO AGOSTINHO,-8.233,-34.979,10.9623055006057,52.2900763358779,42.7480916030534,43.1297709923664,44.2748091603054,9.67,23,0,16,1.77,23,500,FALSE,FALSE,FALSE,FALSE,,TRUE
2019-10-14,260290205A,Pontes dos Carvalhos,CABO DE SANTO AGOSTINHO,-8.233,-34.979,10.9623055006057,52.2900763358779,42.7480916030534,43.1297709923664,44.2748091603054,3.97,14,0,14,0.79,14,730,FALSE,FALSE,FALSE,FALSE,,TRUE
2019-10-15,260290205A,Pontes dos Carvalhos,CABO DE SANTO AGOSTINHO,-8.233,-34.979,10.9623055006057,52.2900763358779,42.7480916030534,43.1297709923664,44.2748091603054,0,13,0,0,0,13,730,FALSE,FALSE,FALSE,FALSE,,TRUE
2019-10-16,260290205A,Pontes dos Carvalhos,CABO DE SANTO AGOSTINHO,-8.233,-34.979,10.9623055006057,52.2900763358779,42.7480916030534,43.1297709923664,44.2748091603054,0,24,0,0,0,24,60,TRUE,TRUE,TRUE,FALSE,,TRUE
2019-10-17,260290205A,Pontes dos Carvalhos,CABO DE SANTO AGOSTINHO,-8.233,-34.979,10.9623055006057,52.2900763358779,42.7480916030534,43.1297709923664,44.2748091603054,0,24,0,0,0,24,60,TRUE,TRUE,TRUE,FALSE,,TRUE
2019-10-18,260290205A,Pontes dos Carvalhos,CABO DE SANTO AGOSTINHO,-8.233,-34.979,10.9623055006057,52.2900763358779,42.7480916030534,43.1297709923664,44.2748091603054,27.65,63,0,45,4.53,63,60,TRUE,TRUE,TRUE,FALSE,,TRUE
2019-10-19,260290205A,Pontes dos Carvalhos,CABO DE SANTO AGOSTINHO,-8.233,-34.979,10.9623055006057,52.2900763358779,42.7480916030534,43.1297709923664,44.2748091603054,2.16,26,0,3,0.98,26,60,TRUE,TRUE,TRUE,FALSE,,TRUE
2019-10-20,260290205A,Pontes dos Carvalhos,CABO DE SANTO AGOSTINHO,-8.233,-34.979,10.9623055006057,52.2900763358779,42.7480916030534,43.1297709923664,44.2748091603054,0,24,0,0,0,24,60,TRUE,TRUE,TRUE,FALSE,,TRUE
2019-10-21,260290205A,Pontes dos Carvalhos,CABO DE SANTO AGOSTINHO,-8.233,-34.979,10.9623055006057,52.2900763358779,42.7480916030534,43.1297709923664,44.2748091603054,0,24,0,0,0,24,60,TRUE,TRUE,TRUE,FALSE,,TRUE
2019-10-22,260290205A,Pontes dos Carvalhos,CABO DE SANTO AGOSTINHO,-8.233,-34.979,10.9623055006057,52.2900763358779,42.7480916030534,43.1297709923664,44.2748091603054,0,24,0,0,0,24,60,TRUE,TRUE,TRUE,FALSE,,TRUE
2019-10-23,260290205A,Pontes dos Carvalhos,CABO DE SANTO AGOSTINHO,-8.233,-34.979,10.9623055006057,52.2900763358779,42.7480916030534,43.1297709923664,44.2748091603054,0,24,0,0,0,24,60,TRUE,TRUE,TRUE,FALSE,,TRUE
2019-10-24,260290205A,Pontes dos Carvalhos,CABO DE SANTO AGOSTINHO,-8.233,-34.979,10.9623055006057,52.2900763358779,42.7480916030534,43.1297709923664,44.2748091603054,0,24,0,0,0,24,60,TRUE,TRUE,TRUE,FALSE,,TRUE
2019-10-25,260290205A,Pontes dos Carvalhos,CABO DE SANTO AGOSTINHO,-8.233,-34.979,10.9623055006057,52.2900763358779,42.7480916030534,43.1297709923664,44.2748091603054,0,24,0,0,0,24,60,TRUE,TRUE,TRUE,FALSE,,TRUE
2019-10-26,260290205A,Pontes dos Carvalhos,CABO DE SANTO AGOSTINHO,-8.233,-34.979,10.9623055006057,52.2900763358779,42.7480916030534,43.1297709923664,44.2748091603054,1.19,27,0,3,0.79,27,60,TRUE,TRUE,TRUE,TRUE,39.5714285714286,TRUE
2019-10-27,260290205A,Pontes dos Carvalhos,CABO DE SANTO AGOSTINHO,-8.233,-34.979,10.9623055006057,52.2900763358779,42.7480916030534,43.1297709923664,44.2748091603054,0,24,0,0,0,24,60,TRUE,TRUE,TRUE,TRUE,49.2916666666667,TRUE
2019-10-28,260290205A,Pontes dos Carvalhos,CABO DE SANTO AGOSTINHO,-8.233,-34.979,10.9623055006057,52.2900763358779,42.7480916030534,43.1297709923664,44.2748091603054,0,16,0,0,0,16,530,FALSE,FALSE,FALSE,TRUE,56.625,TRUE
2019-10-29,260290205A,Pontes dos Carvalhos,CABO DE SANTO AGOSTINHO,-8.233,-34.979,10.9623055006057,52.2900763358779,42.7480916030534,43.1297709923664,44.2748091603054,0,24,0,0,0,24,60,TRUE,TRUE,TRUE,TRUE,47.125,TRUE
2019-10-30,260290205A,Pontes dos Carvalhos,CABO DE SANTO AGOSTINHO,-8.233,-34.979,10.9623055006057,52.2900763358779,42.7480916030534,43.1297709923664,44.2748091603054,0,24,0,0,0,24,60,TRUE,TRUE,TRUE,TRUE,40.4583333333333,TRUE
2019-10-31,260290205A,Pontes dos Carvalhos,CABO DE SANTO AGOSTINHO,-8.233,-34.979,10.9623055006057,52.2900763358779,42.7480916030534,43.1297709923664,44.2748091603054,0,24,0,0,0,24,60,TRUE,TRUE,TRUE,TRUE,38.9583333333333,TRUE
2019-11-01,260290205A,Pontes dos Carvalhos,CABO DE SANTO AGOSTINHO,-8.233,-34.979,10.9623055006057,52.2900763358779,42.7480916030534,43.1297709923664,44.2748091603054,0,24,0,0,0,24,60,TRUE,TRUE,TRUE,TRUE,36.5416666666667,TRUE
2019-11-02,260290205A,Pontes dos Carvalhos,CABO DE SANTO AGOSTINHO,-8.233,-34.979,10.9623055006057,52.2900763358779,42.7480916030534,43.1297709923664,44.2748091603054,0,24,0,0,0,24,60,TRUE,TRUE,TRUE,TRUE,36.25,TRUE
2019-11-03,260290205A,Pontes dos Carvalhos,CABO DE SANTO AGOSTINHO,-8.233,-34.979,10.9623055006057,52.2900763358779,42.7480916030534,43.1297709923664,44.2748091603054,0.4,14,0,2,0.2,14,8480,FALSE,FALSE,FALSE,TRUE,37.125,TRUE
2019-11-04,260290205A,Pontes dos Carvalhos,CABO DE SANTO AGOSTINHO,-8.233,-34.979,10.9623055006057,52.2900763358779,42.7480916030534,43.1297709923664,44.2748091603054,,,,,,0,,FALSE,FALSE,FALSE,TRUE,42.375,FALSE
2019-11-05,260290205A,Pontes dos Carvalhos,CABO DE SANTO AGOSTINHO,-8.233,-34.979,10.9623055006057,52.2900763358779,42.7480916030534,43.1297709923664,44.2748091603054,,,,,,0,,FALSE,FALSE,FALSE,TRUE,45.875,FALSE
2019-11-06,260290205A,Pontes dos Carvalhos,CABO DE SANTO AGOSTINHO,-8.233,-34.979,10.9623055006057,52.2900763358779,42.7480916030534,43.1297709923664,44.2748091603054,,,,,,0,,FALSE,FALSE,FALSE,TRUE,44.6521739130435,FALSE
2019-11-07,260290205A,Pontes dos Carvalhos,CABO DE SANTO AGOSTINHO,-8.233,-34.979,10.9623055006057,52.2900763358779,42.7480916030534,43.1297709923664,44.2748091603054,,,,,,0,,FALSE,FALSE,FALSE,TRUE,40.55,FALSE
2019-11-08,260290205A,Pontes dos Carvalhos,CABO DE SANTO AGOSTINHO,-8.233,-34.979,10.9623055006057,52.2900763358779,42.7480916030534,43.1297709923664,44.2748091603054,,,,,,0,,FALSE,FALSE,FALSE,TRUE,36.0416666666667,FALSE
2019-11-09,260290205A,Pontes dos Carvalhos,CABO DE SANTO AGOSTINHO,-8.233,-34.979,10.9623055006057,52.2900763358779,42.7480916030534,43.1297709923664,44.2748091603054,0.2,1,0,1,0.2,1,8480,FALSE,FALSE,FALSE,TRUE,44.625,TRUE
2019-11-10,260290205A,Pontes dos Carvalhos,CABO DE SANTO AGOSTINHO,-8.233,-34.979,10.9623055006057,52.2900763358779,42.7480916030534,43.1297709923664,44.2748091603054,,,,,,0,,FALSE,FALSE,FALSE,TRUE,40.25,FALSE
2019-11-11,260290205A,Pontes dos Carvalhos,CABO DE SANTO AGOSTINHO,-8.233,-34.979,10.9623055006057,52.2900763358779,42.7480916030534,43.1297709923664,44.2748091603054,,,,,,0,,FALSE,FALSE,FALSE,TRUE,42.5416666666667,FALSE
2019-11-12,260290205A,Pontes dos Carvalhos,CABO DE SANTO AGOSTINHO,-8.233,-34.979,10.9623055006057,52.2900763358779,42.7480916030534,43.1297709923664,44.2748091603054,0,13,0,0,0,13,4480,FALSE,FALSE,FALSE,TRUE,80.8333333333333,TRUE
2019-11-13,260290205A,Pontes dos Carvalhos,CABO DE SANTO AGOSTINHO,-8.233,-34.979,10.9623055006057,52.2900763358779,42.7480916030534,43.1297709923664,44.2748091603054,0,18,0,0,0,18,420,FALSE,FALSE,FALSE,TRUE,40.4583333333333,TRUE
2019-11-14,260290205A,Pontes dos Carvalhos,CABO DE SANTO AGOSTINHO,-8.233,-34.979,10.9623055006057,52.2900763358779,42.7480916030534,43.1297709923664,44.2748091603054,0,24,0,0,0,24,60,TRUE,TRUE,TRUE,TRUE,36.125,TRUE
2019-11-15,260290205A,Pontes dos Carvalhos,CABO DE SANTO AGOSTINHO,-8.233,-34.979,10.9623055006057,52.2900763358779,42.7480916030534,43.1297709923664,44.2748091603054,0,24,0,0,0,24,60,TRUE,TRUE,TRUE,TRUE,51.7142857142857,TRUE
2019-11-16,260290205A,Pontes dos Carvalhos,CABO DE SANTO AGOSTINHO,-8.233,-34.979,10.9623055006057,52.2900763358779,42.7480916030534,43.1297709923664,44.2748091603054,0,24,0,0,0,24,60,TRUE,TRUE,TRUE,TRUE,55.5833333333333,TRUE
2019-11-17,260290205A,Pontes dos Carvalhos,CABO DE SANTO AGOSTINHO,-8.233,-34.979,10.9623055006057,52.2900763358779,42.7480916030534,43.1297709923664,44.2748091603054,0,24,0,0,0,24,60,TRUE,TRUE,TRUE,TRUE,30.5833333333333,TRUE
2019-11-18,260290205A,Pontes dos Carvalhos,CABO DE SANTO AGOSTINHO,-8.233,-34.979,10.9623055006057,52.2900763358779,42.7480916030534,43.1297709923664,44.2748091603054,0,23,0,0,0,23,120,FALSE,FALSE,FALSE,TRUE,37.0416666666667,TRUE
2019-11-19,260290205A,Pontes dos Carvalhos,CABO DE SANTO AGOSTINHO,-8.233,-34.979,10.9623055006057,52.2900763358779,42.7480916030534,43.1297709923664,44.2748091603054,0,24,0,0,0,24,60,TRUE,TRUE,TRUE,TRUE,34.7619047619048,TRUE
2019-11-20,260290205A,Pontes dos Carvalhos,CABO DE SANTO AGOSTINHO,-8.233,-34.979,10.9623055006057,52.2900763358779,42.7480916030534,43.1297709923664,44.2748091603054,0,24,0,0,0,24,60,TRUE,TRUE,TRUE,TRUE,36.3809523809524,TRUE
2019-11-21,260290205A,Pontes dos Carvalhos,CABO DE SANTO AGOSTINHO,-8.233,-34.979,10.9623055006057,52.2900763358779,42.7480916030534,43.1297709923664,44.2748091603054,0,24,0,0,0,24,60,TRUE,TRUE,TRUE,TRUE,36.2083333333333,TRUE
2019-11-22,260290205A,Pontes dos Carvalhos,CABO DE SANTO AGOSTINHO,-8.233,-34.979,10.9623055006057,52.2900763358779,42.7480916030534,43.1297709923664,44.2748091603054,0.4,26,0,2,0.2,26,60,TRUE,TRUE,TRUE,TRUE,36.7916666666667,TRUE
2019-11-23,260290205A,Pontes dos Carvalhos,CABO DE SANTO AGOSTINHO,-8.233,-34.979,10.9623055006057,52.2900763358779,42.7480916030534,43.1297709923664,44.2748091603054,0,24,0,0,0,24,60,TRUE,TRUE,TRUE,TRUE,32.4583333333333,TRUE
2019-11-24,260290205A,Pontes dos Carvalhos,CABO DE SANTO AGOSTINHO,-8.233,-34.979,10.9623055006057,52.2900763358779,42.7480916030534,43.1297709923664,44.2748091603054,0,24,0,0,0,24,60,TRUE,TRUE,TRUE,TRUE,39.2083333333333,TRUE
2019-11-25,260290205A,Pontes dos Carvalhos,CABO DE SANTO AGOSTINHO,-8.233,-34.979,10.9623055006057,52.2900763358779,42.7480916030534,43.1297709923664,44.2748091603054,0,24,0,0,0,24,60,TRUE,TRUE,TRUE,FALSE,,TRUE
2019-11-26,260290205A,Pontes dos Carvalhos,CABO DE SANTO AGOSTINHO,-8.233,-34.979,10.9623055006057,52.2900763358779,42.7480916030534,43.1297709923664,44.2748091603054,0,24,0,0,0,24,60,TRUE,TRUE,TRUE,FALSE,,TRUE
2019-11-27,260290205A,Pontes dos Carvalhos,CABO DE SANTO AGOSTINHO,-8.233,-34.979,10.9623055006057,52.2900763358779,42.7480916030534,43.1297709923664,44.2748091603054,0,24,0,0,0,24,60,TRUE,TRUE,TRUE,FALSE,,TRUE
2019-11-28,260290205A,Pontes dos Carvalhos,CABO DE SANTO AGOSTINHO,-8.233,-34.979,10.9623055006057,52.2900763358779,42.7480916030534,43.1297709923664,44.2748091603054,0,24,0,0,0,24,60,TRUE,TRUE,TRUE,FALSE,,TRUE
2019-11-29,260290205A,Pontes dos Carvalhos,CABO DE SANTO AGOSTINHO,-8.233,-34.979,10.9623055006057,52.2900763358779,42.7480916030534,43.1297709923664,44.2748091603054,0,24,0,0,0,24,60,TRUE,TRUE,TRUE,FALSE,,TRUE
2019-11-30,260290205A,Pontes dos Carvalhos,CABO DE SANTO AGOSTINHO,-8.233,-34.979,10.9623055006057,52.2900763358779,42.7480916030534,43.1297709923664,44.2748091603054,0,24,0,0,0,24,60,TRUE,TRUE,TRUE,FALSE,,TRUE
2019-12-01,260290205A,Pontes dos Carvalhos,CABO DE SANTO AGOSTINHO,-8.233,-34.979,10.9623055006057,52.2900763358779,42.7480916030534,43.1297709923664,44.2748091603054,0,24,0,0,0,24,60,TRUE,TRUE,TRUE,FALSE,,TRUE
2019-12-02,260290205A,Pontes dos Carvalhos,CABO DE SANTO AGOSTINHO,-8.233,-34.979,10.9623055006057,52.2900763358779,42.7480916030534,43.1297709923664,44.2748091603054,0,24,0,0,0,24,60,TRUE,TRUE,TRUE,FALSE,,TRUE
2019-12-03,260290205A,Pontes dos Carvalhos,CABO DE SANTO AGOSTINHO,-8.233,-34.979,10.9623055006057,52.2900763358779,42.7480916030534,43.1297709923664,44.2748091603054,0,24,0,0,0,24,60,TRUE,TRUE,TRUE,FALSE,,TRUE
2019-12-04,260290205A,Pontes dos Carvalhos,CABO DE SANTO AGOSTINHO,-8.233,-34.979,10.9623055006057,52.2900763358779,42.7480916030534,43.1297709923664,44.2748091603054,0,24,0,0,0,24,60,TRUE,TRUE,TRUE,FALSE,,TRUE
2019-12-05,260290205A,Pontes dos Carvalhos,CABO DE SANTO AGOSTINHO,-8.233,-34.979,10.9623055006057,52.2900763358779,42.7480916030534,43.1297709923664,44.2748091603054,1.38,27,0,3,0.59,27,60,TRUE,TRUE,TRUE,FALSE,,TRUE
2019-12-06,260290205A,Pontes dos Carvalhos,CABO DE SANTO AGOSTINHO,-8.233,-34.979,10.9623055006057,52.2900763358779,42.7480916030534,43.1297709923664,44.2748091603054,0,24,0,0,0,24,60,TRUE,TRUE,TRUE,FALSE,,TRUE
2019-12-07,260290205A,Pontes dos Carvalhos,CABO DE SANTO AGOSTINHO,-8.233,-34.979,10.9623055006057,52.2900763358779,42.7480916030534,43.1297709923664,44.2748091603054,0,24,0,0,0,24,60,TRUE,TRUE,TRUE,FALSE,,TRUE
2019-12-08,260290205A,Pontes dos Carvalhos,CABO DE SANTO AGOSTINHO,-8.233,-34.979,10.9623055006057,52.2900763358779,42.7480916030534,43.1297709923664,44.2748091603054,0,24,0,0,0,24,60,TRUE,TRUE,TRUE,FALSE,,TRUE
2019-12-09,260290205A,Pontes dos Carvalhos,CABO DE SANTO AGOSTINHO,-8.233,-34.979,10.9623055006057,52.2900763358779,42.7480916030534,43.1297709923664,44.2748091603054,0,24,0,0,0,24,60,TRUE,TRUE,TRUE,FALSE,,TRUE
2019-12-10,260290205A,Pontes dos Carvalhos,CABO DE SANTO AGOSTINHO,-8.233,-34.979,10.9623055006057,52.2900763358779,42.7480916030534,43.1297709923664,44.2748091603054,0.4,26,0,2,0.2,26,60,TRUE,TRUE,TRUE,FALSE,,TRUE
2019-12-11,260290205A,Pontes dos Carvalhos,CABO DE SANTO AGOSTINHO,-8.233,-34.979,10.9623055006057,52.2900763358779,42.7480916030534,43.1297709923664,44.2748091603054,0.6,27,0,3,0.2,27,60,TRUE,TRUE,TRUE,FALSE,,TRUE
2019-12-12,260290205A,Pontes dos Carvalhos,CABO DE SANTO AGOSTINHO,-8.233,-34.979,10.9623055006057,52.2900763358779,42.7480916030534,43.1297709923664,44.2748091603054,0.59,25,0,1,0.59,25,60,TRUE,TRUE,TRUE,FALSE,,TRUE
2019-12-13,260290205A,Pontes dos Carvalhos,CABO DE SANTO AGOSTINHO,-8.233,-34.979,10.9623055006057,52.2900763358779,42.7480916030534,43.1297709923664,44.2748091603054,0.4,25,0,2,0.2,25,60,TRUE,TRUE,TRUE,FALSE,,TRUE
2019-12-14,260290205A,Pontes dos Carvalhos,CABO DE SANTO AGOSTINHO,-8.233,-34.979,10.9623055006057,52.2900763358779,42.7480916030534,43.1297709923664,44.2748091603054,0.42,24,0,1,0.42,24,60,TRUE,TRUE,TRUE,FALSE,,TRUE
2019-12-15,260290205A,Pontes dos Carvalhos,CABO DE SANTO AGOSTINHO,-8.233,-34.979,10.9623055006057,52.2900763358779,42.7480916030534,43.1297709923664,44.2748091603054,1.19,27,0,3,0.79,27,60,TRUE,TRUE,TRUE,FALSE,,TRUE
2019-12-16,260290205A,Pontes dos Carvalhos,CABO DE SANTO AGOSTINHO,-8.233,-34.979,10.9623055006057,52.2900763358779,42.7480916030534,43.1297709923664,44.2748091603054,13.25,43,0,21,2.76,43,60,TRUE,TRUE,TRUE,FALSE,,TRUE
2019-12-17,260290205A,Pontes dos Carvalhos,CABO DE SANTO AGOSTINHO,-8.233,-34.979,10.9623055006057,52.2900763358779,42.7480916030534,43.1297709923664,44.2748091603054,1.77,28,0,4,0.98,28,60,TRUE,TRUE,TRUE,FALSE,,TRUE
2019-12-18,260290205A,Pontes dos Carvalhos,CABO DE SANTO AGOSTINHO,-8.233,-34.979,10.9623055006057,52.2900763358779,42.7480916030534,43.1297709923664,44.2748091603054,0.2,25,0,1,0.2,25,60,TRUE,TRUE,TRUE,FALSE,,TRUE
2019-12-19,260290205A,Pontes dos Carvalhos,CABO DE SANTO AGOSTINHO,-8.233,-34.979,10.9623055006057,52.2900763358779,42.7480916030534,43.1297709923664,44.2748091603054,0.81,26,0,2,0.42,26,60,TRUE,TRUE,TRUE,FALSE,,TRUE
2019-12-20,260290205A,Pontes dos Carvalhos,CABO DE SANTO AGOSTINHO,-8.233,-34.979,10.9623055006057,52.2900763358779,42.7480916030534,43.1297709923664,44.2748091603054,2.36,30,0,6,0.79,30,60,TRUE,TRUE,TRUE,FALSE,,TRUE
2019-12-21,260290205A,Pontes dos Carvalhos,CABO DE SANTO AGOSTINHO,-8.233,-34.979,10.9623055006057,52.2900763358779,42.7480916030534,43.1297709923664,44.2748091603054,1.58,25,0,1,1.58,25,60,TRUE,TRUE,TRUE,FALSE,,TRUE
2019-12-22,260290205A,Pontes dos Carvalhos,CABO DE SANTO AGOSTINHO,-8.233,-34.979,10.9623055006057,52.2900763358779,42.7480916030534,43.1297709923664,44.2748091603054,0,24,0,0,0,24,60,TRUE,TRUE,TRUE,FALSE,,TRUE
2019-12-23,260290205A,Pontes dos Carvalhos,CABO DE SANTO AGOSTINHO,-8.233,-34.979,10.9623055006057,52.2900763358779,42.7480916030534,43.1297709923664,44.2748091603054,0.4,25,0,2,0.2,25,60,TRUE,TRUE,TRUE,FALSE,,TRUE
2019-12-24,260290205A,Pontes dos Carvalhos,CABO DE SANTO AGOSTINHO,-8.233,-34.979,10.9623055006057,52.2900763358779,42.7480916030534,43.1297709923664,44.2748091603054,0,24,0,0,0,24,60,TRUE,TRUE,TRUE,FALSE,,TRUE
2019-12-25,260290205A,Pontes dos Carvalhos,CABO DE SANTO AGOSTINHO,-8.233,-34.979,10.9623055006057,52.2900763358779,42.7480916030534,43.1297709923664,44.2748091603054,0,24,0,0,0,24,60,TRUE,TRUE,TRUE,FALSE,,TRUE
2019-12-26,260290205A,Pontes dos Carvalhos,CABO DE SANTO AGOSTINHO,-8.233,-34.979,10.9623055006057,52.2900763358779,42.7480916030534,43.1297709923664,44.2748091603054,0,24,0,0,0,24,60,TRUE,TRUE,TRUE,TRUE,64.7619047619048,TRUE
2019-12-27,260290205A,Pontes dos Carvalhos,CABO DE SANTO AGOSTINHO,-8.233,-34.979,10.9623055006057,52.2900763358779,42.7480916030534,43.1297709923664,44.2748091603054,0.39,25,0,1,0.39,25,60,TRUE,TRUE,TRUE,TRUE,45.9166666666667,TRUE
2019-12-28,260290205A,Pontes dos Carvalhos,CABO DE SANTO AGOSTINHO,-8.233,-34.979,10.9623055006057,52.2900763358779,42.7480916030534,43.1297709923664,44.2748091603054,0,24,0,0,0,24,60,TRUE,TRUE,TRUE,TRUE,44.125,TRUE
2019-12-29,260290205A,Pontes dos Carvalhos,CABO DE SANTO AGOSTINHO,-8.233,-34.979,10.9623055006057,52.2900763358779,42.7480916030534,43.1297709923664,44.2748091603054,0,24,0,0,0,24,60,TRUE,TRUE,TRUE,TRUE,43.7083333333333,TRUE
2019-12-30,260290205A,Pontes dos Carvalhos,CABO DE SANTO AGOSTINHO,-8.233,-34.979,10.9623055006057,52.2900763358779,42.7480916030534,43.1297709923664,44.2748091603054,0,24,0,0,0,24,60,TRUE,TRUE,TRUE,TRUE,43.4166666666667,TRUE
2019-12-31,260290205A,Pontes dos Carvalhos,CABO DE SANTO AGOSTINHO,-8.233,-34.979,10.9623055006057,52.2900763358779,42.7480916030534,43.1297709923664,44.2748091603054,0.2,25,0,1,0.2,25,60,TRUE,TRUE,TRUE,TRUE,53.4583333333333,TRUE
2019-01-01,260290202A,Charneca,CABO DE SANTO AGOSTINHO,-8.297,-35.057,11.6373392821951,52.6717557251909,40.4580152671756,42.7480916030534,43.8931297709924,,,,,,0,,FALSE,FALSE,FALSE,TRUE,89.2380952380952,FALSE
2019-01-02,260290202A,Charneca,CABO DE SANTO AGOSTINHO,-8.297,-35.057,11.6373392821951,52.6717557251909,40.4580152671756,42.7480916030534,43.8931297709924,,,,,,0,,FALSE,FALSE,FALSE,TRUE,76,FALSE
2019-01-03,260290202A,Charneca,CABO DE SANTO AGOSTINHO,-8.297,-35.057,11.6373392821951,52.6717557251909,40.4580152671756,42.7480916030534,43.8931297709924,,,,,,0,,FALSE,FALSE,FALSE,TRUE,52.1666666666667,FALSE
2019-01-04,260290202A,Charneca,CABO DE SANTO AGOSTINHO,-8.297,-35.057,11.6373392821951,52.6717557251909,40.4580152671756,42.7480916030534,43.8931297709924,,,,,,0,,FALSE,FALSE,FALSE,TRUE,57.5,FALSE
2019-01-05,260290202A,Charneca,CABO DE SANTO AGOSTINHO,-8.297,-35.057,11.6373392821951,52.6717557251909,40.4580152671756,42.7480916030534,43.8931297709924,,,,,,0,,FALSE,FALSE,FALSE,TRUE,50.4583333333333,FALSE
2019-01-06,260290202A,Charneca,CABO DE SANTO AGOSTINHO,-8.297,-35.057,11.6373392821951,52.6717557251909,40.4580152671756,42.7480916030534,43.8931297709924,,,,,,0,,FALSE,FALSE,FALSE,TRUE,29.9583333333333,FALSE
2019-01-07,260290202A,Charneca,CABO DE SANTO AGOSTINHO,-8.297,-35.057,11.6373392821951,52.6717557251909,40.4580152671756,42.7480916030534,43.8931297709924,,,,,,0,,FALSE,FALSE,FALSE,TRUE,23.7619047619048,FALSE
2019-01-08,260290202A,Charneca,CABO DE SANTO AGOSTINHO,-8.297,-35.057,11.6373392821951,52.6717557251909,40.4580152671756,42.7480916030534,43.8931297709924,,,,,,0,,FALSE,FALSE,FALSE,TRUE,42.5416666666667,FALSE
2019-01-09,260290202A,Charneca,CABO DE SANTO AGOSTINHO,-8.297,-35.057,11.6373392821951,52.6717557251909,40.4580152671756,42.7480916030534,43.8931297709924,,,,,,0,,FALSE,FALSE,FALSE,TRUE,41.9166666666667,FALSE
2019-01-10,260290202A,Charneca,CABO DE SANTO AGOSTINHO,-8.297,-35.057,11.6373392821951,52.6717557251909,40.4580152671756,42.7480916030534,43.8931297709924,,,,,,0,,FALSE,FALSE,FALSE,TRUE,37.6666666666667,FALSE
2019-01-11,260290202A,Charneca,CABO DE SANTO AGOSTINHO,-8.297,-35.057,11.6373392821951,52.6717557251909,40.4580152671756,42.7480916030534,43.8931297709924,,,,,,0,,FALSE,FALSE,FALSE,TRUE,38.7272727272727,FALSE
2019-01-12,260290202A,Charneca,CABO DE SANTO AGOSTINHO,-8.297,-35.057,11.6373392821951,52.6717557251909,40.4580152671756,42.7480916030534,43.8931297709924,,,,,,0,,FALSE,FALSE,FALSE,TRUE,14.8333333333333,FALSE
2019-01-13,260290202A,Charneca,CABO DE SANTO AGOSTINHO,-8.297,-35.057,11.6373392821951,52.6717557251909,40.4580152671756,42.7480916030534,43.8931297709924,,,,,,0,,FALSE,FALSE,FALSE,TRUE,29.6666666666667,FALSE
2019-01-14,260290202A,Charneca,CABO DE SANTO AGOSTINHO,-8.297,-35.057,11.6373392821951,52.6717557251909,40.4580152671756,42.7480916030534,43.8931297709924,,,,,,0,,FALSE,FALSE,FALSE,TRUE,36.3333333333333,FALSE
2019-01-15,260290202A,Charneca,CABO DE SANTO AGOSTINHO,-8.297,-35.057,11.6373392821951,52.6717557251909,40.4580152671756,42.7480916030534,43.8931297709924,,,,,,0,,FALSE,FALSE,FALSE,TRUE,37.695652173913,FALSE
2019-01-16,260290202A,Charneca,CABO DE SANTO AGOSTINHO,-8.297,-35.057,11.6373392821951,52.6717557251909,40.4580152671756,42.7480916030534,43.8931297709924,,,,,,0,,FALSE,FALSE,FALSE,TRUE,32.9583333333333,FALSE
2019-01-17,260290202A,Charneca,CABO DE SANTO AGOSTINHO,-8.297,-35.057,11.6373392821951,52.6717557251909,40.4580152671756,42.7480916030534,43.8931297709924,,,,,,0,,FALSE,FALSE,FALSE,TRUE,24.8333333333333,FALSE
2019-01-18,260290202A,Charneca,CABO DE SANTO AGOSTINHO,-8.297,-35.057,11.6373392821951,52.6717557251909,40.4580152671756,42.7480916030534,43.8931297709924,,,,,,0,,FALSE,FALSE,FALSE,TRUE,32.9166666666667,FALSE
2019-01-19,260290202A,Charneca,CABO DE SANTO AGOSTINHO,-8.297,-35.057,11.6373392821951,52.6717557251909,40.4580152671756,42.7480916030534,43.8931297709924,,,,,,0,,FALSE,FALSE,FALSE,TRUE,34.7916666666667,FALSE
2019-01-20,260290202A,Charneca,CABO DE SANTO AGOSTINHO,-8.297,-35.057,11.6373392821951,52.6717557251909,40.4580152671756,42.7480916030534,43.8931297709924,,,,,,0,,FALSE,FALSE,FALSE,TRUE,34.125,FALSE
2019-01-21,260290202A,Charneca,CABO DE SANTO AGOSTINHO,-8.297,-35.057,11.6373392821951,52.6717557251909,40.4580152671756,42.7480916030534,43.8931297709924,,,,,,0,,FALSE,FALSE,FALSE,TRUE,38.8333333333333,FALSE
2019-01-22,260290202A,Charneca,CABO DE SANTO AGOSTINHO,-8.297,-35.057,11.6373392821951,52.6717557251909,40.4580152671756,42.7480916030534,43.8931297709924,,,,,,0,,FALSE,FALSE,FALSE,TRUE,25.6363636363636,FALSE
2019-01-23,260290202A,Charneca,CABO DE SANTO AGOSTINHO,-8.297,-35.057,11.6373392821951,52.6717557251909,40.4580152671756,42.7480916030534,43.8931297709924,,,,,,0,,FALSE,FALSE,FALSE,TRUE,33.7916666666667,FALSE
2019-01-24,260290202A,Charneca,CABO DE SANTO AGOSTINHO,-8.297,-35.057,11.6373392821951,52.6717557251909,40.4580152671756,42.7480916030534,43.8931297709924,,,,,,0,,FALSE,FALSE,FALSE,TRUE,38.6666666666667,FALSE
2019-01-25,260290202A,Charneca,CABO DE SANTO AGOSTINHO,-8.297,-35.057,11.6373392821951,52.6717557251909,40.4580152671756,42.7480916030534,43.8931297709924,,,,,,0,,FALSE,FALSE,FALSE,TRUE,38.6666666666667,FALSE
2019-01-26,260290202A,Charneca,CABO DE SANTO AGOSTINHO,-8.297,-35.057,11.6373392821951,52.6717557251909,40.4580152671756,42.7480916030534,43.8931297709924,,,,,,0,,FALSE,FALSE,FALSE,TRUE,44.7083333333333,FALSE
2019-01-27,260290202A,Charneca,CABO DE SANTO AGOSTINHO,-8.297,-35.057,11.6373392821951,52.6717557251909,40.4580152671756,42.7480916030534,43.8931297709924,,,,,,0,,FALSE,FALSE,FALSE,TRUE,40.5,FALSE
2019-01-28,260290202A,Charneca,CABO DE SANTO AGOSTINHO,-8.297,-35.057,11.6373392821951,52.6717557251909,40.4580152671756,42.7480916030534,43.8931297709924,,,,,,0,,FALSE,FALSE,FALSE,TRUE,22.25,FALSE
2019-01-29,260290202A,Charneca,CABO DE SANTO AGOSTINHO,-8.297,-35.057,11.6373392821951,52.6717557251909,40.4580152671756,42.7480916030534,43.8931297709924,,,,,,0,,FALSE,FALSE,FALSE,TRUE,26.4782608695652,FALSE
2019-01-30,260290202A,Charneca,CABO DE SANTO AGOSTINHO,-8.297,-35.057,11.6373392821951,52.6717557251909,40.4580152671756,42.7480916030534,43.8931297709924,,,,,,0,,FALSE,FALSE,FALSE,TRUE,30.9166666666667,FALSE
2019-01-31,260290202A,Charneca,CABO DE SANTO AGOSTINHO,-8.297,-35.057,11.6373392821951,52.6717557251909,40.4580152671756,42.7480916030534,43.8931297709924,,,,,,0,,FALSE,FALSE,FALSE,TRUE,37,FALSE
2019-02-01,260290202A,Charneca,CABO DE SANTO AGOSTINHO,-8.297,-35.057,11.6373392821951,52.6717557251909,40.4580152671756,42.7480916030534,43.8931297709924,,,,,,0,,FALSE,FALSE,FALSE,TRUE,32.75,FALSE
2019-02-02,260290202A,Charneca,CABO DE SANTO AGOSTINHO,-8.297,-35.057,11.6373392821951,52.6717557251909,40.4580152671756,42.7480916030534,43.8931297709924,,,,,,0,,FALSE,FALSE,FALSE,TRUE,30.5416666666667,FALSE
2019-02-03,260290202A,Charneca,CABO DE SANTO AGOSTINHO,-8.297,-35.057,11.6373392821951,52.6717557251909,40.4580152671756,42.7480916030534,43.8931297709924,,,,,,0,,FALSE,FALSE,FALSE,TRUE,15.2083333333333,FALSE
2019-02-04,260290202A,Charneca,CABO DE SANTO AGOSTINHO,-8.297,-35.057,11.6373392821951,52.6717557251909,40.4580152671756,42.7480916030534,43.8931297709924,,,,,,0,,FALSE,FALSE,FALSE,TRUE,16.8333333333333,FALSE
2019-02-05,260290202A,Charneca,CABO DE SANTO AGOSTINHO,-8.297,-35.057,11.6373392821951,52.6717557251909,40.4580152671756,42.7480916030534,43.8931297709924,,,,,,0,,FALSE,FALSE,FALSE,TRUE,16,FALSE
2019-02-06,260290202A,Charneca,CABO DE SANTO AGOSTINHO,-8.297,-35.057,11.6373392821951,52.6717557251909,40.4580152671756,42.7480916030534,43.8931297709924,,,,,,0,,FALSE,FALSE,FALSE,TRUE,15.5238095238095,FALSE
2019-02-07,260290202A,Charneca,CABO DE SANTO AGOSTINHO,-8.297,-35.057,11.6373392821951,52.6717557251909,40.4580152671756,42.7480916030534,43.8931297709924,,,,,,0,,FALSE,FALSE,FALSE,TRUE,35.25,FALSE
2019-02-08,260290202A,Charneca,CABO DE SANTO AGOSTINHO,-8.297,-35.057,11.6373392821951,52.6717557251909,40.4580152671756,42.7480916030534,43.8931297709924,,,,,,0,,FALSE,FALSE,FALSE,TRUE,50.75,FALSE
2019-02-09,260290202A,Charneca,CABO DE SANTO AGOSTINHO,-8.297,-35.057,11.6373392821951,52.6717557251909,40.4580152671756,42.7480916030534,43.8931297709924,,,,,,0,,FALSE,FALSE,FALSE,TRUE,54.125,FALSE
2019-02-10,260290202A,Charneca,CABO DE SANTO AGOSTINHO,-8.297,-35.057,11.6373392821951,52.6717557251909,40.4580152671756,42.7480916030534,43.8931297709924,,,,,,0,,FALSE,FALSE,FALSE,TRUE,46.75,FALSE
2019-02-11,260290202A,Charneca,CABO DE SANTO AGOSTINHO,-8.297,-35.057,11.6373392821951,52.6717557251909,40.4580152671756,42.7480916030534,43.8931297709924,,,,,,0,,FALSE,FALSE,FALSE,TRUE,45.875,FALSE
2019-02-12,260290202A,Charneca,CABO DE SANTO AGOSTINHO,-8.297,-35.057,11.6373392821951,52.6717557251909,40.4580152671756,42.7480916030534,43.8931297709924,,,,,,0,,FALSE,FALSE,FALSE,TRUE,35.7272727272727,FALSE
2019-02-13,260290202A,Charneca,CABO DE SANTO AGOSTINHO,-8.297,-35.057,11.6373392821951,52.6717557251909,40.4580152671756,42.7480916030534,43.8931297709924,,,,,,0,,FALSE,FALSE,FALSE,TRUE,23.625,FALSE
2019-02-14,260290202A,Charneca,CABO DE SANTO AGOSTINHO,-8.297,-35.057,11.6373392821951,52.6717557251909,40.4580152671756,42.7480916030534,43.8931297709924,,,,,,0,,FALSE,FALSE,FALSE,TRUE,25.4444444444444,FALSE
2019-02-15,260290202A,Charneca,CABO DE SANTO AGOSTINHO,-8.297,-35.057,11.6373392821951,52.6717557251909,40.4580152671756,42.7480916030534,43.8931297709924,,,,,,0,,FALSE,FALSE,FALSE,TRUE,23.2083333333333,FALSE
2019-02-16,260290202A,Charneca,CABO DE SANTO AGOSTINHO,-8.297,-35.057,11.6373392821951,52.6717557251909,40.4580152671756,42.7480916030534,43.8931297709924,,,,,,0,,FALSE,FALSE,FALSE,TRUE,24.7083333333333,FALSE
2019-02-17,260290202A,Charneca,CABO DE SANTO AGOSTINHO,-8.297,-35.057,11.6373392821951,52.6717557251909,40.4580152671756,42.7480916030534,43.8931297709924,,,,,,0,,FALSE,FALSE,FALSE,TRUE,21.047619047619,FALSE
2019-02-18,260290202A,Charneca,CABO DE SANTO AGOSTINHO,-8.297,-35.057,11.6373392821951,52.6717557251909,40.4580152671756,42.7480916030534,43.8931297709924,,,,,,0,,FALSE,FALSE,FALSE,TRUE,40.0416666666667,FALSE
2019-02-19,260290202A,Charneca,CABO DE SANTO AGOSTINHO,-8.297,-35.057,11.6373392821951,52.6717557251909,40.4580152671756,42.7480916030534,43.8931297709924,,,,,,0,,FALSE,FALSE,FALSE,TRUE,42.5833333333333,FALSE
2019-02-20,260290202A,Charneca,CABO DE SANTO AGOSTINHO,-8.297,-35.057,11.6373392821951,52.6717557251909,40.4580152671756,42.7480916030534,43.8931297709924,,,,,,0,,FALSE,FALSE,FALSE,TRUE,31,FALSE
2019-02-21,260290202A,Charneca,CABO DE SANTO AGOSTINHO,-8.297,-35.057,11.6373392821951,52.6717557251909,40.4580152671756,42.7480916030534,43.8931297709924,,,,,,0,,FALSE,FALSE,FALSE,TRUE,34.5416666666667,FALSE
2019-02-22,260290202A,Charneca,CABO DE SANTO AGOSTINHO,-8.297,-35.057,11.6373392821951,52.6717557251909,40.4580152671756,42.7480916030534,43.8931297709924,,,,,,0,,FALSE,FALSE,FALSE,TRUE,40.1666666666667,FALSE
2019-02-23,260290202A,Charneca,CABO DE SANTO AGOSTINHO,-8.297,-35.057,11.6373392821951,52.6717557251909,40.4580152671756,42.7480916030534,43.8931297709924,,,,,,0,,FALSE,FALSE,FALSE,TRUE,45.5416666666667,FALSE
2019-02-24,260290202A,Charneca,CABO DE SANTO AGOSTINHO,-8.297,-35.057,11.6373392821951,52.6717557251909,40.4580152671756,42.7480916030534,43.8931297709924,,,,,,0,,FALSE,FALSE,FALSE,TRUE,26.7083333333333,FALSE
2019-02-25,260290202A,Charneca,CABO DE SANTO AGOSTINHO,-8.297,-35.057,11.6373392821951,52.6717557251909,40.4580152671756,42.7480916030534,43.8931297709924,,,,,,0,,FALSE,FALSE,FALSE,TRUE,43.5416666666667,FALSE
2019-02-26,260290202A,Charneca,CABO DE SANTO AGOSTINHO,-8.297,-35.057,11.6373392821951,52.6717557251909,40.4580152671756,42.7480916030534,43.8931297709924,,,,,,0,,FALSE,FALSE,FALSE,FALSE,,FALSE
2019-02-27,260290202A,Charneca,CABO DE SANTO AGOSTINHO,-8.297,-35.057,11.6373392821951,52.6717557251909,40.4580152671756,42.7480916030534,43.8931297709924,,,,,,0,,FALSE,FALSE,FALSE,FALSE,,FALSE
2019-02-28,260290202A,Charneca,CABO DE SANTO AGOSTINHO,-8.297,-35.057,11.6373392821951,52.6717557251909,40.4580152671756,42.7480916030534,43.8931297709924,,,,,,0,,FALSE,FALSE,FALSE,FALSE,,FALSE
2019-03-01,260290202A,Charneca,CABO DE SANTO AGOSTINHO,-8.297,-35.057,11.6373392821951,52.6717557251909,40.4580152671756,42.7480916030534,43.8931297709924,,,,,,0,,FALSE,FALSE,FALSE,FALSE,,FALSE
2019-03-02,260290202A,Charneca,CABO DE SANTO AGOSTINHO,-8.297,-35.057,11.6373392821951,52.6717557251909,40.4580152671756,42.7480916030534,43.8931297709924,,,,,,0,,FALSE,FALSE,FALSE,FALSE,,FALSE
2019-03-03,260290202A,Charneca,CABO DE SANTO AGOSTINHO,-8.297,-35.057,11.6373392821951,52.6717557251909,40.4580152671756,42.7480916030534,43.8931297709924,,,,,,0,,FALSE,FALSE,FALSE,FALSE,,FALSE
2019-03-04,260290202A,Charneca,CABO DE SANTO AGOSTINHO,-8.297,-35.057,11.6373392821951,52.6717557251909,40.4580152671756,42.7480916030534,43.8931297709924,,,,,,0,,FALSE,FALSE,FALSE,FALSE,,FALSE
2019-03-05,260290202A,Charneca,CABO DE SANTO AGOSTINHO,-8.297,-35.057,11.6373392821951,52.6717557251909,40.4580152671756,42.7480916030534,43.8931297709924,,,,,,0,,FALSE,FALSE,FALSE,FALSE,,FALSE
2019-03-06,260290202A,Charneca,CABO DE SANTO AGOSTINHO,-8.297,-35.057,11.6373392821951,52.6717557251909,40.4580152671756,42.7480916030534,43.8931297709924,,,,,,0,,FALSE,FALSE,FALSE,FALSE,,FALSE
2019-03-07,260290202A,Charneca,CABO DE SANTO AGOSTINHO,-8.297,-35.057,11.6373392821951,52.6717557251909,40.4580152671756,42.7480916030534,43.8931297709924,,,,,,0,,FALSE,FALSE,FALSE,FALSE,,FALSE
2019-03-08,260290202A,Charneca,CABO DE SANTO AGOSTINHO,-8.297,-35.057,11.6373392821951,52.6717557251909,40.4580152671756,42.7480916030534,43.8931297709924,,,,,,0,,FALSE,FALSE,FALSE,FALSE,,FALSE
2019-03-09,260290202A,Charneca,CABO DE SANTO AGOSTINHO,-8.297,-35.057,11.6373392821951,52.6717557251909,40.4580152671756,42.7480916030534,43.8931297709924,,,,,,0,,FALSE,FALSE,FALSE,FALSE,,FALSE
2019-03-10,260290202A,Charneca,CABO DE SANTO AGOSTINHO,-8.297,-35.057,11.6373392821951,52.6717557251909,40.4580152671756,42.7480916030534,43.8931297709924,,,,,,0,,FALSE,FALSE,FALSE,FALSE,,FALSE
2019-03-11,260290202A,Charneca,CABO DE SANTO AGOSTINHO,-8.297,-35.057,11.6373392821951,52.6717557251909,40.4580152671756,42.7480916030534,43.8931297709924,,,,,,0,,FALSE,FALSE,FALSE,FALSE,,FALSE
2019-03-12,260290202A,Charneca,CABO DE SANTO AGOSTINHO,-8.297,-35.057,11.6373392821951,52.6717557251909,40.4580152671756,42.7480916030534,43.8931297709924,,,,,,0,,FALSE,FALSE,FALSE,FALSE,,FALSE
2019-03-13,260290202A,Charneca,CABO DE SANTO AGOSTINHO,-8.297,-35.057,11.6373392821951,52.6717557251909,40.4580152671756,42.7480916030534,43.8931297709924,,,,,,0,,FALSE,FALSE,FALSE,FALSE,,FALSE
2019-03-14,260290202A,Charneca,CABO DE SANTO AGOSTINHO,-8.297,-35.057,11.6373392821951,52.6717557251909,40.4580152671756,42.7480916030534,43.8931297709924,,,,,,0,,FALSE,FALSE,FALSE,FALSE,,FALSE
2019-03-15,260290202A,Charneca,CABO DE SANTO AGOSTINHO,-8.297,-35.057,11.6373392821951,52.6717557251909,40.4580152671756,42.7480916030534,43.8931297709924,,,,,,0,,FALSE,FALSE,FALSE,FALSE,,FALSE
2019-03-16,260290202A,Charneca,CABO DE SANTO AGOSTINHO,-8.297,-35.057,11.6373392821951,52.6717557251909,40.4580152671756,42.7480916030534,43.8931297709924,,,,,,0,,FALSE,FALSE,FALSE,FALSE,,FALSE
2019-03-17,260290202A,Charneca,CABO DE SANTO AGOSTINHO,-8.297,-35.057,11.6373392821951,52.6717557251909,40.4580152671756,42.7480916030534,43.8931297709924,,,,,,0,,FALSE,FALSE,FALSE,FALSE,,FALSE
2019-03-18,260290202A,Charneca,CABO DE SANTO AGOSTINHO,-8.297,-35.057,11.6373392821951,52.6717557251909,40.4580152671756,42.7480916030534,43.8931297709924,,,,,,0,,FALSE,FALSE,FALSE,FALSE,,FALSE
2019-03-19,260290202A,Charneca,CABO DE SANTO AGOSTINHO,-8.297,-35.057,11.6373392821951,52.6717557251909,40.4580152671756,42.7480916030534,43.8931297709924,,,,,,0,,FALSE,FALSE,FALSE,FALSE,,FALSE
2019-03-20,260290202A,Charneca,CABO DE SANTO AGOSTINHO,-8.297,-35.057,11.6373392821951,52.6717557251909,40.4580152671756,42.7480916030534,43.8931297709924,,,,,,0,,FALSE,FALSE,FALSE,FALSE,,FALSE
2019-03-21,260290202A,Charneca,CABO DE SANTO AGOSTINHO,-8.297,-35.057,11.6373392821951,52.6717557251909,40.4580152671756,42.7480916030534,43.8931297709924,,,,,,0,,FALSE,FALSE,FALSE,FALSE,,FALSE
2019-03-22,260290202A,Charneca,CABO DE SANTO AGOSTINHO,-8.297,-35.057,11.6373392821951,52.6717557251909,40.4580152671756,42.7480916030534,43.8931297709924,,,,,,0,,FALSE,FALSE,FALSE,FALSE,,FALSE
2019-03-23,260290202A,Charneca,CABO DE SANTO AGOSTINHO,-8.297,-35.057,11.6373392821951,52.6717557251909,40.4580152671756,42.7480916030534,43.8931297709924,,,,,,0,,FALSE,FALSE,FALSE,FALSE,,FALSE
2019-03-24,260290202A,Charneca,CABO DE SANTO AGOSTINHO,-8.297,-35.057,11.6373392821951,52.6717557251909,40.4580152671756,42.7480916030534,43.8931297709924,,,,,,0,,FALSE,FALSE,FALSE,FALSE,,FALSE
2019-03-25,260290202A,Charneca,CABO DE SANTO AGOSTINHO,-8.297,-35.057,11.6373392821951,52.6717557251909,40.4580152671756,42.7480916030534,43.8931297709924,,,,,,0,,FALSE,FALSE,FALSE,FALSE,,FALSE
2019-03-26,260290202A,Charneca,CABO DE SANTO AGOSTINHO,-8.297,-35.057,11.6373392821951,52.6717557251909,40.4580152671756,42.7480916030534,43.8931297709924,,,,,,0,,FALSE,FALSE,FALSE,FALSE,,FALSE
2019-03-27,260290202A,Charneca,CABO DE SANTO AGOSTINHO,-8.297,-35.057,11.6373392821951,52.6717557251909,40.4580152671756,42.7480916030534,43.8931297709924,,,,,,0,,FALSE,FALSE,FALSE,TRUE,21,FALSE
2019-03-28,260290202A,Charneca,CABO DE SANTO AGOSTINHO,-8.297,-35.057,11.6373392821951,52.6717557251909,40.4580152671756,42.7480916030534,43.8931297709924,,,,,,0,,FALSE,FALSE,FALSE,TRUE,40.6521739130435,FALSE
2019-03-29,260290202A,Charneca,CABO DE SANTO AGOSTINHO,-8.297,-35.057,11.6373392821951,52.6717557251909,40.4580152671756,42.7480916030534,43.8931297709924,,,,,,0,,FALSE,FALSE,FALSE,TRUE,21.5555555555556,FALSE
2019-03-30,260290202A,Charneca,CABO DE SANTO AGOSTINHO,-8.297,-35.057,11.6373392821951,52.6717557251909,40.4580152671756,42.7480916030534,43.8931297709924,,,,,,0,,FALSE,FALSE,FALSE,FALSE,,FALSE
2019-03-31,260290202A,Charneca,CABO DE SANTO AGOSTINHO,-8.297,-35.057,11.6373392821951,52.6717557251909,40.4580152671756,42.7480916030534,43.8931297709924,,,,,,0,,FALSE,FALSE,FALSE,FALSE,,FALSE
2019-04-01,260290202A,Charneca,CABO DE SANTO AGOSTINHO,-8.297,-35.057,11.6373392821951,52.6717557251909,40.4580152671756,42.7480916030534,43.8931297709924,,,,,,0,,FALSE,FALSE,FALSE,FALSE,,FALSE
2019-04-02,260290202A,Charneca,CABO DE SANTO AGOSTINHO,-8.297,-35.057,11.6373392821951,52.6717557251909,40.4580152671756,42.7480916030534,43.8931297709924,,,,,,0,,FALSE,FALSE,FALSE,TRUE,42.375,FALSE
2019-04-03,260290202A,Charneca,CABO DE SANTO AGOSTINHO,-8.297,-35.057,11.6373392821951,52.6717557251909,40.4580152671756,42.7480916030534,43.8931297709924,,,,,,0,,FALSE,FALSE,FALSE,TRUE,53.2222222222222,FALSE
2019-04-04,260290202A,Charneca,CABO DE SANTO AGOSTINHO,-8.297,-35.057,11.6373392821951,52.6717557251909,40.4580152671756,42.7480916030534,43.8931297709924,,,,,,0,,FALSE,FALSE,FALSE,TRUE,51.3684210526316,FALSE
2019-04-05,260290202A,Charneca,CABO DE SANTO AGOSTINHO,-8.297,-35.057,11.6373392821951,52.6717557251909,40.4580152671756,42.7480916030534,43.8931297709924,,,,,,0,,FALSE,FALSE,FALSE,TRUE,55.5416666666667,FALSE
2019-04-06,260290202A,Charneca,CABO DE SANTO AGOSTINHO,-8.297,-35.057,11.6373392821951,52.6717557251909,40.4580152671756,42.7480916030534,43.8931297709924,,,,,,0,,FALSE,FALSE,FALSE,TRUE,70.7916666666667,FALSE
2019-04-07,260290202A,Charneca,CABO DE SANTO AGOSTINHO,-8.297,-35.057,11.6373392821951,52.6717557251909,40.4580152671756,42.7480916030534,43.8931297709924,,,,,,0,,FALSE,FALSE,FALSE,TRUE,44.2631578947368,FALSE
2019-04-08,260290202A,Charneca,CABO DE SANTO AGOSTINHO,-8.297,-35.057,11.6373392821951,52.6717557251909,40.4580152671756,42.7480916030534,43.8931297709924,,,,,,0,,FALSE,FALSE,FALSE,TRUE,37.5833333333333,FALSE
2019-04-09,260290202A,Charneca,CABO DE SANTO AGOSTINHO,-8.297,-35.057,11.6373392821951,52.6717557251909,40.4580152671756,42.7480916030534,43.8931297709924,,,,,,0,,FALSE,FALSE,FALSE,TRUE,54.5652173913044,FALSE
2019-04-10,260290202A,Charneca,CABO DE SANTO AGOSTINHO,-8.297,-35.057,11.6373392821951,52.6717557251909,40.4580152671756,42.7480916030534,43.8931297709924,,,,,,0,,FALSE,FALSE,FALSE,TRUE,68.7083333333333,FALSE
2019-04-11,260290202A,Charneca,CABO DE SANTO AGOSTINHO,-8.297,-35.057,11.6373392821951,52.6717557251909,40.4580152671756,42.7480916030534,43.8931297709924,,,,,,0,,FALSE,FALSE,FALSE,TRUE,49.8333333333333,FALSE
2019-04-12,260290202A,Charneca,CABO DE SANTO AGOSTINHO,-8.297,-35.057,11.6373392821951,52.6717557251909,40.4580152671756,42.7480916030534,43.8931297709924,,,,,,0,,FALSE,FALSE,FALSE,TRUE,10.7058823529412,FALSE
2019-04-13,260290202A,Charneca,CABO DE SANTO AGOSTINHO,-8.297,-35.057,11.6373392821951,52.6717557251909,40.4580152671756,42.7480916030534,43.8931297709924,,,,,,0,,FALSE,FALSE,FALSE,TRUE,25.95,FALSE
2019-04-14,260290202A,Charneca,CABO DE SANTO AGOSTINHO,-8.297,-35.057,11.6373392821951,52.6717557251909,40.4580152671756,42.7480916030534,43.8931297709924,,,,,,0,,FALSE,FALSE,FALSE,TRUE,30.7083333333333,FALSE
2019-04-15,260290202A,Charneca,CABO DE SANTO AGOSTINHO,-8.297,-35.057,11.6373392821951,52.6717557251909,40.4580152671756,42.7480916030534,43.8931297709924,,,,,,0,,FALSE,FALSE,FALSE,TRUE,33.5,FALSE
2019-04-16,260290202A,Charneca,CABO DE SANTO AGOSTINHO,-8.297,-35.057,11.6373392821951,52.6717557251909,40.4580152671756,42.7480916030534,43.8931297709924,,,,,,0,,FALSE,FALSE,FALSE,TRUE,46.3888888888889,FALSE
2019-04-17,260290202A,Charneca,CABO DE SANTO AGOSTINHO,-8.297,-35.057,11.6373392821951,52.6717557251909,40.4580152671756,42.7480916030534,43.8931297709924,,,,,,0,,FALSE,FALSE,FALSE,TRUE,29.8333333333333,FALSE
2019-04-18,260290202A,Charneca,CABO DE SANTO AGOSTINHO,-8.297,-35.057,11.6373392821951,52.6717557251909,40.4580152671756,42.7480916030534,43.8931297709924,,,,,,0,,FALSE,FALSE,FALSE,TRUE,28.0952380952381,FALSE
2019-04-19,260290202A,Charneca,CABO DE SANTO AGOSTINHO,-8.297,-35.057,11.6373392821951,52.6717557251909,40.4580152671756,42.7480916030534,43.8931297709924,,,,,,0,,FALSE,FALSE,FALSE,TRUE,25.7916666666667,FALSE
2019-04-20,260290202A,Charneca,CABO DE SANTO AGOSTINHO,-8.297,-35.057,11.6373392821951,52.6717557251909,40.4580152671756,42.7480916030534,43.8931297709924,,,,,,0,,FALSE,FALSE,FALSE,FALSE,,FALSE
2019-04-21,260290202A,Charneca,CABO DE SANTO AGOSTINHO,-8.297,-35.057,11.6373392821951,52.6717557251909,40.4580152671756,42.7480916030534,43.8931297709924,,,,,,0,,FALSE,FALSE,FALSE,TRUE,35.6,FALSE
2019-04-22,260290202A,Charneca,CABO DE SANTO AGOSTINHO,-8.297,-35.057,11.6373392821951,52.6717557251909,40.4580152671756,42.7480916030534,43.8931297709924,,,,,,0,,FALSE,FALSE,FALSE,FALSE,,FALSE
2019-04-23,260290202A,Charneca,CABO DE SANTO AGOSTINHO,-8.297,-35.057,11.6373392821951,52.6717557251909,40.4580152671756,42.7480916030534,43.8931297709924,,,,,,0,,FALSE,FALSE,FALSE,TRUE,25.625,FALSE
2019-04-24,260290202A,Charneca,CABO DE SANTO AGOSTINHO,-8.297,-35.057,11.6373392821951,52.6717557251909,40.4580152671756,42.7480916030534,43.8931297709924,,,,,,0,,FALSE,FALSE,FALSE,TRUE,15.9375,FALSE
2019-04-25,260290202A,Charneca,CABO DE SANTO AGOSTINHO,-8.297,-35.057,11.6373392821951,52.6717557251909,40.4580152671756,42.7480916030534,43.8931297709924,,,,,,0,,FALSE,FALSE,FALSE,FALSE,,FALSE
2019-04-26,260290202A,Charneca,CABO DE SANTO AGOSTINHO,-8.297,-35.057,11.6373392821951,52.6717557251909,40.4580152671756,42.7480916030534,43.8931297709924,,,,,,0,,FALSE,FALSE,FALSE,TRUE,25.5217391304348,FALSE
2019-04-27,260290202A,Charneca,CABO DE SANTO AGOSTINHO,-8.297,-35.057,11.6373392821951,52.6717557251909,40.4580152671756,42.7480916030534,43.8931297709924,,,,,,0,,FALSE,FALSE,FALSE,TRUE,36.7727272727273,FALSE
2019-04-28,260290202A,Charneca,CABO DE SANTO AGOSTINHO,-8.297,-35.057,11.6373392821951,52.6717557251909,40.4580152671756,42.7480916030534,43.8931297709924,,,,,,0,,FALSE,FALSE,FALSE,TRUE,39.1666666666667,FALSE
2019-04-29,260290202A,Charneca,CABO DE SANTO AGOSTINHO,-8.297,-35.057,11.6373392821951,52.6717557251909,40.4580152671756,42.7480916030534,43.8931297709924,,,,,,0,,FALSE,FALSE,FALSE,TRUE,33.5,FALSE
2019-04-30,260290202A,Charneca,CABO DE SANTO AGOSTINHO,-8.297,-35.057,11.6373392821951,52.6717557251909,40.4580152671756,42.7480916030534,43.8931297709924,,,,,,0,,FALSE,FALSE,FALSE,TRUE,41.4117647058824,FALSE
2019-05-01,260290202A,Charneca,CABO DE SANTO AGOSTINHO,-8.297,-35.057,11.6373392821951,52.6717557251909,40.4580152671756,42.7480916030534,43.8931297709924,,,,,,0,,FALSE,FALSE,FALSE,TRUE,41.125,FALSE
2019-05-02,260290202A,Charneca,CABO DE SANTO AGOSTINHO,-8.297,-35.057,11.6373392821951,52.6717557251909,40.4580152671756,42.7480916030534,43.8931297709924,,,,,,0,,FALSE,FALSE,FALSE,TRUE,55,FALSE
2019-05-03,260290202A,Charneca,CABO DE SANTO AGOSTINHO,-8.297,-35.057,11.6373392821951,52.6717557251909,40.4580152671756,42.7480916030534,43.8931297709924,,,,,,0,,FALSE,FALSE,FALSE,TRUE,62.2916666666667,FALSE
2019-05-04,260290202A,Charneca,CABO DE SANTO AGOSTINHO,-8.297,-35.057,11.6373392821951,52.6717557251909,40.4580152671756,42.7480916030534,43.8931297709924,,,,,,0,,FALSE,FALSE,FALSE,TRUE,49.2916666666667,FALSE
2019-05-05,260290202A,Charneca,CABO DE SANTO AGOSTINHO,-8.297,-35.057,11.6373392821951,52.6717557251909,40.4580152671756,42.7480916030534,43.8931297709924,,,,,,0,,FALSE,FALSE,FALSE,TRUE,41.8333333333333,FALSE
2019-05-06,260290202A,Charneca,CABO DE SANTO AGOSTINHO,-8.297,-35.057,11.6373392821951,52.6717557251909,40.4580152671756,42.7480916030534,43.8931297709924,,,,,,0,,FALSE,FALSE,FALSE,TRUE,54.3157894736842,FALSE
2019-05-07,260290202A,Charneca,CABO DE SANTO AGOSTINHO,-8.297,-35.057,11.6373392821951,52.6717557251909,40.4580152671756,42.7480916030534,43.8931297709924,,,,,,0,,FALSE,FALSE,FALSE,TRUE,52.1304347826087,FALSE
2019-05-08,260290202A,Charneca,CABO DE SANTO AGOSTINHO,-8.297,-35.057,11.6373392821951,52.6717557251909,40.4580152671756,42.7480916030534,43.8931297709924,,,,,,0,,FALSE,FALSE,FALSE,FALSE,,FALSE
2019-05-09,260290202A,Charneca,CABO DE SANTO AGOSTINHO,-8.297,-35.057,11.6373392821951,52.6717557251909,40.4580152671756,42.7480916030534,43.8931297709924,,,,,,0,,FALSE,FALSE,FALSE,TRUE,42.1875,FALSE
2019-05-10,260290202A,Charneca,CABO DE SANTO AGOSTINHO,-8.297,-35.057,11.6373392821951,52.6717557251909,40.4580152671756,42.7480916030534,43.8931297709924,,,,,,0,,FALSE,FALSE,FALSE,FALSE,,FALSE
2019-05-11,260290202A,Charneca,CABO DE SANTO AGOSTINHO,-8.297,-35.057,11.6373392821951,52.6717557251909,40.4580152671756,42.7480916030534,43.8931297709924,,,,,,0,,FALSE,FALSE,FALSE,TRUE,48.3809523809524,FALSE
2019-05-12,260290202A,Charneca,CABO DE SANTO AGOSTINHO,-8.297,-35.057,11.6373392821951,52.6717557251909,40.4580152671756,42.7480916030534,43.8931297709924,,,,,,0,,FALSE,FALSE,FALSE,TRUE,37.9565217391304,FALSE
2019-05-13,260290202A,Charneca,CABO DE SANTO AGOSTINHO,-8.297,-35.057,11.6373392821951,52.6717557251909,40.4580152671756,42.7480916030534,43.8931297709924,,,,,,0,,FALSE,FALSE,FALSE,TRUE,95.75,FALSE
2019-05-14,260290202A,Charneca,CABO DE SANTO AGOSTINHO,-8.297,-35.057,11.6373392821951,52.6717557251909,40.4580152671756,42.7480916030534,43.8931297709924,,,,,,0,,FALSE,FALSE,FALSE,TRUE,104.0625,FALSE
2019-05-15,260290202A,Charneca,CABO DE SANTO AGOSTINHO,-8.297,-35.057,11.6373392821951,52.6717557251909,40.4580152671756,42.7480916030534,43.8931297709924,,,,,,0,,FALSE,FALSE,FALSE,TRUE,72.5833333333333,FALSE
2019-05-16,260290202A,Charneca,CABO DE SANTO AGOSTINHO,-8.297,-35.057,11.6373392821951,52.6717557251909,40.4580152671756,42.7480916030534,43.8931297709924,,,,,,0,,FALSE,FALSE,FALSE,TRUE,57.8333333333333,FALSE
2019-05-17,260290202A,Charneca,CABO DE SANTO AGOSTINHO,-8.297,-35.057,11.6373392821951,52.6717557251909,40.4580152671756,42.7480916030534,43.8931297709924,,,,,,0,,FALSE,FALSE,FALSE,TRUE,49.0909090909091,FALSE
2019-05-18,260290202A,Charneca,CABO DE SANTO AGOSTINHO,-8.297,-35.057,11.6373392821951,52.6717557251909,40.4580152671756,42.7480916030534,43.8931297709924,,,,,,0,,FALSE,FALSE,FALSE,TRUE,43.0909090909091,FALSE
2019-05-19,260290202A,Charneca,CABO DE SANTO AGOSTINHO,-8.297,-35.057,11.6373392821951,52.6717557251909,40.4580152671756,42.7480916030534,43.8931297709924,,,,,,0,,FALSE,FALSE,FALSE,TRUE,22.3529411764706,FALSE
2019-05-20,260290202A,Charneca,CABO DE SANTO AGOSTINHO,-8.297,-35.057,11.6373392821951,52.6717557251909,40.4580152671756,42.7480916030534,43.8931297709924,,,,,,0,,FALSE,FALSE,FALSE,TRUE,24.9047619047619,FALSE
2019-05-21,260290202A,Charneca,CABO DE SANTO AGOSTINHO,-8.297,-35.057,11.6373392821951,52.6717557251909,40.4580152671756,42.7480916030534,43.8931297709924,,,,,,0,,FALSE,FALSE,FALSE,FALSE,,FALSE
2019-05-22,260290202A,Charneca,CABO DE SANTO AGOSTINHO,-8.297,-35.057,11.6373392821951,52.6717557251909,40.4580152671756,42.7480916030534,43.8931297709924,,,,,,0,,FALSE,FALSE,FALSE,TRUE,63.5,FALSE
2019-05-23,260290202A,Charneca,CABO DE SANTO AGOSTINHO,-8.297,-35.057,11.6373392821951,52.6717557251909,40.4580152671756,42.7480916030534,43.8931297709924,,,,,,0,,FALSE,FALSE,FALSE,TRUE,42.4166666666667,FALSE
2019-05-24,260290202A,Charneca,CABO DE SANTO AGOSTINHO,-8.297,-35.057,11.6373392821951,52.6717557251909,40.4580152671756,42.7480916030534,43.8931297709924,,,,,,0,,FALSE,FALSE,FALSE,TRUE,47.6666666666667,FALSE
2019-05-25,260290202A,Charneca,CABO DE SANTO AGOSTINHO,-8.297,-35.057,11.6373392821951,52.6717557251909,40.4580152671756,42.7480916030534,43.8931297709924,,,,,,0,,FALSE,FALSE,FALSE,TRUE,50.6666666666667,FALSE
2019-05-26,260290202A,Charneca,CABO DE SANTO AGOSTINHO,-8.297,-35.057,11.6373392821951,52.6717557251909,40.4580152671756,42.7480916030534,43.8931297709924,,,,,,0,,FALSE,FALSE,FALSE,TRUE,30,FALSE
2019-05-27,260290202A,Charneca,CABO DE SANTO AGOSTINHO,-8.297,-35.057,11.6373392821951,52.6717557251909,40.4580152671756,42.7480916030534,43.8931297709924,,,,,,0,,FALSE,FALSE,FALSE,TRUE,32.0588235294118,FALSE
2019-05-28,260290202A,Charneca,CABO DE SANTO AGOSTINHO,-8.297,-35.057,11.6373392821951,52.6717557251909,40.4580152671756,42.7480916030534,43.8931297709924,,,,,,0,,FALSE,FALSE,FALSE,TRUE,51.2857142857143,FALSE
2019-05-29,260290202A,Charneca,CABO DE SANTO AGOSTINHO,-8.297,-35.057,11.6373392821951,52.6717557251909,40.4580152671756,42.7480916030534,43.8931297709924,,,,,,0,,FALSE,FALSE,FALSE,TRUE,20.95,FALSE
2019-05-30,260290202A,Charneca,CABO DE SANTO AGOSTINHO,-8.297,-35.057,11.6373392821951,52.6717557251909,40.4580152671756,42.7480916030534,43.8931297709924,,,,,,0,,FALSE,FALSE,FALSE,TRUE,31.8333333333333,FALSE
2019-05-31,260290202A,Charneca,CABO DE SANTO AGOSTINHO,-8.297,-35.057,11.6373392821951,52.6717557251909,40.4580152671756,42.7480916030534,43.8931297709924,,,,,,0,,FALSE,FALSE,FALSE,TRUE,38.5416666666667,FALSE
2019-06-01,260290202A,Charneca,CABO DE SANTO AGOSTINHO,-8.297,-35.057,11.6373392821951,52.6717557251909,40.4580152671756,42.7480916030534,43.8931297709924,,,,,,0,,FALSE,FALSE,FALSE,TRUE,42.2222222222222,FALSE
2019-06-02,260290202A,Charneca,CABO DE SANTO AGOSTINHO,-8.297,-35.057,11.6373392821951,52.6717557251909,40.4580152671756,42.7480916030534,43.8931297709924,,,,,,0,,FALSE,FALSE,FALSE,TRUE,40.0833333333333,FALSE
2019-06-03,260290202A,Charneca,CABO DE SANTO AGOSTINHO,-8.297,-35.057,11.6373392821951,52.6717557251909,40.4580152671756,42.7480916030534,43.8931297709924,1.98,12,0,5,0.79,12,615620,FALSE,FALSE,FALSE,TRUE,34.9047619047619,TRUE
2019-06-04,260290202A,Charneca,CABO DE SANTO AGOSTINHO,-8.297,-35.057,11.6373392821951,52.6717557251909,40.4580152671756,42.7480916030534,43.8931297709924,4.72,31,0,8,1.57,31,60,TRUE,TRUE,TRUE,TRUE,40.1578947368421,TRUE
2019-06-05,260290202A,Charneca,CABO DE SANTO AGOSTINHO,-8.297,-35.057,11.6373392821951,52.6717557251909,40.4580152671756,42.7480916030534,43.8931297709924,0.2,25,0,1,0.2,25,60,TRUE,TRUE,TRUE,TRUE,29.35,TRUE
2019-06-06,260290202A,Charneca,CABO DE SANTO AGOSTINHO,-8.297,-35.057,11.6373392821951,52.6717557251909,40.4580152671756,42.7480916030534,43.8931297709924,0,24,0,0,0,24,60,TRUE,TRUE,TRUE,TRUE,37.1111111111111,TRUE
2019-06-07,260290202A,Charneca,CABO DE SANTO AGOSTINHO,-8.297,-35.057,11.6373392821951,52.6717557251909,40.4580152671756,42.7480916030534,43.8931297709924,0,24,0,0,0,24,60,TRUE,TRUE,TRUE,TRUE,49.5263157894737,TRUE
2019-06-08,260290202A,Charneca,CABO DE SANTO AGOSTINHO,-8.297,-35.057,11.6373392821951,52.6717557251909,40.4580152671756,42.7480916030534,43.8931297709924,2.16,25,0,1,2.16,25,60,TRUE,TRUE,TRUE,TRUE,42.8571428571429,TRUE
2019-06-09,260290202A,Charneca,CABO DE SANTO AGOSTINHO,-8.297,-35.057,11.6373392821951,52.6717557251909,40.4580152671756,42.7480916030534,43.8931297709924,3.55,31,0,8,0.98,31,60,TRUE,TRUE,TRUE,TRUE,37.1176470588235,TRUE
2019-06-10,260290202A,Charneca,CABO DE SANTO AGOSTINHO,-8.297,-35.057,11.6373392821951,52.6717557251909,40.4580152671756,42.7480916030534,43.8931297709924,0,24,0,0,0,24,60,TRUE,TRUE,TRUE,TRUE,37.8333333333333,TRUE
2019-06-11,260290202A,Charneca,CABO DE SANTO AGOSTINHO,-8.297,-35.057,11.6373392821951,52.6717557251909,40.4580152671756,42.7480916030534,43.8931297709924,5.1,31,0,7,1.57,31,60,TRUE,TRUE,TRUE,TRUE,41.1666666666667,TRUE
2019-06-12,260290202A,Charneca,CABO DE SANTO AGOSTINHO,-8.297,-35.057,11.6373392821951,52.6717557251909,40.4580152671756,42.7480916030534,43.8931297709924,17.9,41,0,22,2.36,41,60,TRUE,TRUE,TRUE,TRUE,32.625,TRUE
2019-06-13,260290202A,Charneca,CABO DE SANTO AGOSTINHO,-8.297,-35.057,11.6373392821951,52.6717557251909,40.4580152671756,42.7480916030534,43.8931297709924,130.81,91,0,80,12.01,91,60,TRUE,TRUE,TRUE,TRUE,26.25,TRUE
2019-06-14,260290202A,Charneca,CABO DE SANTO AGOSTINHO,-8.297,-35.057,11.6373392821951,52.6717557251909,40.4580152671756,42.7480916030534,43.8931297709924,1.98,27,0,6,0.79,27,60,TRUE,TRUE,TRUE,TRUE,51.7083333333333,TRUE
2019-06-15,260290202A,Charneca,CABO DE SANTO AGOSTINHO,-8.297,-35.057,11.6373392821951,52.6717557251909,40.4580152671756,42.7480916030534,43.8931297709924,0.99,28,0,4,0.39,28,60,TRUE,TRUE,TRUE,TRUE,41.2083333333333,TRUE
2019-06-16,260290202A,Charneca,CABO DE SANTO AGOSTINHO,-8.297,-35.057,11.6373392821951,52.6717557251909,40.4580152671756,42.7480916030534,43.8931297709924,52.91,93,0,83,2.36,93,60,TRUE,TRUE,TRUE,TRUE,20.7647058823529,TRUE
2019-06-17,260290202A,Charneca,CABO DE SANTO AGOSTINHO,-8.297,-35.057,11.6373392821951,52.6717557251909,40.4580152671756,42.7480916030534,43.8931297709924,103.92,100,1,91,4.53,99,70,FALSE,TRUE,TRUE,FALSE,,TRUE
2019-06-18,260290202A,Charneca,CABO DE SANTO AGOSTINHO,-8.297,-35.057,11.6373392821951,52.6717557251909,40.4580152671756,42.7480916030534,43.8931297709924,14.36,37,0,16,2.56,38,60,TRUE,TRUE,TRUE,TRUE,24.6363636363636,TRUE
2019-06-19,260290202A,Charneca,CABO DE SANTO AGOSTINHO,-8.297,-35.057,11.6373392821951,52.6717557251909,40.4580152671756,42.7480916030534,43.8931297709924,4.91,29,0,7,2.16,29,60,TRUE,TRUE,TRUE,TRUE,19.4166666666667,TRUE
2019-06-20,260290202A,Charneca,CABO DE SANTO AGOSTINHO,-8.297,-35.057,11.6373392821951,52.6717557251909,40.4580152671756,42.7480916030534,43.8931297709924,0.2,25,0,1,0.2,25,60,TRUE,TRUE,TRUE,TRUE,33.7826086956522,TRUE
2019-06-21,260290202A,Charneca,CABO DE SANTO AGOSTINHO,-8.297,-35.057,11.6373392821951,52.6717557251909,40.4580152671756,42.7480916030534,43.8931297709924,0,24,0,0,0,24,60,TRUE,TRUE,TRUE,TRUE,45,TRUE
2019-06-22,260290202A,Charneca,CABO DE SANTO AGOSTINHO,-8.297,-35.057,11.6373392821951,52.6717557251909,40.4580152671756,42.7480916030534,43.8931297709924,0,24,0,0,0,24,60,TRUE,TRUE,TRUE,TRUE,53.2083333333333,TRUE
2019-06-23,260290202A,Charneca,CABO DE SANTO AGOSTINHO,-8.297,-35.057,11.6373392821951,52.6717557251909,40.4580152671756,42.7480916030534,43.8931297709924,1.19,27,0,3,0.79,27,60,TRUE,TRUE,TRUE,TRUE,63,TRUE
2019-06-24,260290202A,Charneca,CABO DE SANTO AGOSTINHO,-8.297,-35.057,11.6373392821951,52.6717557251909,40.4580152671756,42.7480916030534,43.8931297709924,11.43,32,0,9,2.77,32,60,TRUE,TRUE,TRUE,TRUE,58.4166666666667,TRUE
2019-06-25,260290202A,Charneca,CABO DE SANTO AGOSTINHO,-8.297,-35.057,11.6373392821951,52.6717557251909,40.4580152671756,42.7480916030534,43.8931297709924,1.78,30,0,6,0.59,30,60,TRUE,TRUE,TRUE,TRUE,43.75,TRUE
2019-06-26,260290202A,Charneca,CABO DE SANTO AGOSTINHO,-8.297,-35.057,11.6373392821951,52.6717557251909,40.4580152671756,42.7480916030534,43.8931297709924,6.51,32,0,8,3.15,32,60,TRUE,TRUE,TRUE,TRUE,27.1818181818182,TRUE
2019-06-27,260290202A,Charneca,CABO DE SANTO AGOSTINHO,-8.297,-35.057,11.6373392821951,52.6717557251909,40.4580152671756,42.7480916030534,43.8931297709924,12.42,41,0,21,1.97,41,60,TRUE,TRUE,TRUE,TRUE,35.5238095238095,TRUE
2019-06-28,260290202A,Charneca,CABO DE SANTO AGOSTINHO,-8.297,-35.057,11.6373392821951,52.6717557251909,40.4580152671756,42.7480916030534,43.8931297709924,16.16,44,1,25,2.36,43,60,TRUE,TRUE,TRUE,TRUE,37.4782608695652,TRUE
2019-06-29,260290202A,Charneca,CABO DE SANTO AGOSTINHO,-8.297,-35.057,11.6373392821951,52.6717557251909,40.4580152671756,42.7480916030534,43.8931297709924,19.3,41,0,22,5.9,42,80,FALSE,FALSE,TRUE,TRUE,33.9583333333333,TRUE
2019-06-30,260290202A,Charneca,CABO DE SANTO AGOSTINHO,-8.297,-35.057,11.6373392821951,52.6717557251909,40.4580152671756,42.7480916030534,43.8931297709924,2.57,31,1,8,0.98,30,60,TRUE,TRUE,TRUE,TRUE,30.875,TRUE
2019-07-01,260290202A,Charneca,CABO DE SANTO AGOSTINHO,-8.297,-35.057,11.6373392821951,52.6717557251909,40.4580152671756,42.7480916030534,43.8931297709924,5.14,31,0,10,1.21,32,60,TRUE,TRUE,TRUE,TRUE,49.5416666666667,TRUE
2019-07-02,260290202A,Charneca,CABO DE SANTO AGOSTINHO,-8.297,-35.057,11.6373392821951,52.6717557251909,40.4580152671756,42.7480916030534,43.8931297709924,0.2,25,0,1,0.2,25,60,TRUE,TRUE,TRUE,TRUE,53.875,TRUE
2019-07-03,260290202A,Charneca,CABO DE SANTO AGOSTINHO,-8.297,-35.057,11.6373392821951,52.6717557251909,40.4580152671756,42.7480916030534,43.8931297709924,14.4,39,0,19,3.15,39,60,TRUE,TRUE,TRUE,TRUE,18.0454545454545,TRUE
2019-07-04,260290202A,Charneca,CABO DE SANTO AGOSTINHO,-8.297,-35.057,11.6373392821951,52.6717557251909,40.4580152671756,42.7480916030534,43.8931297709924,1.18,25,0,2,0.59,25,60,TRUE,TRUE,TRUE,TRUE,39.2083333333333,TRUE
2019-07-05,260290202A,Charneca,CABO DE SANTO AGOSTINHO,-8.297,-35.057,11.6373392821951,52.6717557251909,40.4580152671756,42.7480916030534,43.8931297709924,1.58,26,0,4,0.98,26,60,TRUE,TRUE,TRUE,TRUE,73.6666666666667,TRUE
2019-07-06,260290202A,Charneca,CABO DE SANTO AGOSTINHO,-8.297,-35.057,11.6373392821951,52.6717557251909,40.4580152671756,42.7480916030534,43.8931297709924,0,24,0,0,0,24,60,TRUE,TRUE,TRUE,TRUE,60.6666666666667,TRUE
2019-07-07,260290202A,Charneca,CABO DE SANTO AGOSTINHO,-8.297,-35.057,11.6373392821951,52.6717557251909,40.4580152671756,42.7480916030534,43.8931297709924,0,24,0,0,0,24,60,TRUE,TRUE,TRUE,TRUE,49.5416666666667,TRUE
2019-07-08,260290202A,Charneca,CABO DE SANTO AGOSTINHO,-8.297,-35.057,11.6373392821951,52.6717557251909,40.4580152671756,42.7480916030534,43.8931297709924,6.5,29,0,6,3.74,29,60,TRUE,TRUE,TRUE,TRUE,33.0952380952381,TRUE
2019-07-09,260290202A,Charneca,CABO DE SANTO AGOSTINHO,-8.297,-35.057,11.6373392821951,52.6717557251909,40.4580152671756,42.7480916030534,43.8931297709924,3.95,31,0,9,0.98,31,60,TRUE,TRUE,TRUE,TRUE,44.3333333333333,TRUE
2019-07-10,260290202A,Charneca,CABO DE SANTO AGOSTINHO,-8.297,-35.057,11.6373392821951,52.6717557251909,40.4580152671756,42.7480916030534,43.8931297709924,7.1,31,0,9,2.56,31,60,TRUE,TRUE,TRUE,TRUE,39.9166666666667,TRUE
2019-07-11,260290202A,Charneca,CABO DE SANTO AGOSTINHO,-8.297,-35.057,11.6373392821951,52.6717557251909,40.4580152671756,42.7480916030534,43.8931297709924,4.73,32,0,11,0.79,32,100,FALSE,FALSE,FALSE,TRUE,35.6666666666667,TRUE
2019-07-12,260290202A,Charneca,CABO DE SANTO AGOSTINHO,-8.297,-35.057,11.6373392821951,52.6717557251909,40.4580152671756,42.7480916030534,43.8931297709924,0,24,0,0,0,24,70,FALSE,TRUE,TRUE,TRUE,65.0833333333333,TRUE
2019-07-13,260290202A,Charneca,CABO DE SANTO AGOSTINHO,-8.297,-35.057,11.6373392821951,52.6717557251909,40.4580152671756,42.7480916030534,43.8931297709924,29.85,50,0,31,8.73,50,60,TRUE,TRUE,TRUE,TRUE,21.6190476190476,TRUE
2019-07-14,260290202A,Charneca,CABO DE SANTO AGOSTINHO,-8.297,-35.057,11.6373392821951,52.6717557251909,40.4580152671756,42.7480916030534,43.8931297709924,36.63,59,0,42,5.51,59,60,TRUE,TRUE,TRUE,FALSE,,TRUE
2019-07-15,260290202A,Charneca,CABO DE SANTO AGOSTINHO,-8.297,-35.057,11.6373392821951,52.6717557251909,40.4580152671756,42.7480916030534,43.8931297709924,0.2,17,0,1,0.2,17,3490,FALSE,FALSE,FALSE,TRUE,40.8260869565217,TRUE
2019-07-16,260290202A,Charneca,CABO DE SANTO AGOSTINHO,-8.297,-35.057,11.6373392821951,52.6717557251909,40.4580152671756,42.7480916030534,43.8931297709924,,,,,,0,,FALSE,FALSE,FALSE,TRUE,71.4166666666667,FALSE
2019-07-17,260290202A,Charneca,CABO DE SANTO AGOSTINHO,-8.297,-35.057,11.6373392821951,52.6717557251909,40.4580152671756,42.7480916030534,43.8931297709924,,,,,,0,,FALSE,FALSE,FALSE,TRUE,54.125,FALSE
2019-07-18,260290202A,Charneca,CABO DE SANTO AGOSTINHO,-8.297,-35.057,11.6373392821951,52.6717557251909,40.4580152671756,42.7480916030534,43.8931297709924,0.62,2,0,2,0.42,2,3490,FALSE,FALSE,FALSE,TRUE,40.1666666666667,TRUE
2019-07-19,260290202A,Charneca,CABO DE SANTO AGOSTINHO,-8.297,-35.057,11.6373392821951,52.6717557251909,40.4580152671756,42.7480916030534,43.8931297709924,12.61,19,0,19,2.95,19,1390,FALSE,FALSE,FALSE,TRUE,34.7916666666667,TRUE
2019-07-20,260290202A,Charneca,CABO DE SANTO AGOSTINHO,-8.297,-35.057,11.6373392821951,52.6717557251909,40.4580152671756,42.7480916030534,43.8931297709924,56.97,66,1,66,7.93,65,150,FALSE,FALSE,FALSE,TRUE,15,TRUE
2019-07-21,260290202A,Charneca,CABO DE SANTO AGOSTINHO,-8.297,-35.057,11.6373392821951,52.6717557251909,40.4580152671756,42.7480916030534,43.8931297709924,8.85,19,0,19,1.18,20,510,FALSE,FALSE,FALSE,TRUE,26.75,TRUE
2019-07-22,260290202A,Charneca,CABO DE SANTO AGOSTINHO,-8.297,-35.057,11.6373392821951,52.6717557251909,40.4580152671756,42.7480916030534,43.8931297709924,45.55,58,0,58,4.33,58,390,FALSE,FALSE,FALSE,TRUE,20.2380952380952,TRUE
2019-07-23,260290202A,Charneca,CABO DE SANTO AGOSTINHO,-8.297,-35.057,11.6373392821951,52.6717557251909,40.4580152671756,42.7480916030534,43.8931297709924,34.64,43,1,43,3.54,42,160,FALSE,FALSE,FALSE,TRUE,14.9166666666667,TRUE
2019-07-24,260290202A,Charneca,CABO DE SANTO AGOSTINHO,-8.297,-35.057,11.6373392821951,52.6717557251909,40.4580152671756,42.7480916030534,43.8931297709924,32.26,53,1,53,2.75,53,330,FALSE,FALSE,FALSE,TRUE,12.3,TRUE
2019-07-25,260290202A,Charneca,CABO DE SANTO AGOSTINHO,-8.297,-35.057,11.6373392821951,52.6717557251909,40.4580152671756,42.7480916030534,43.8931297709924,2.57,7,0,7,0.79,8,910,FALSE,FALSE,FALSE,TRUE,18.1818181818182,TRUE
2019-07-26,260290202A,Charneca,CABO DE SANTO AGOSTINHO,-8.297,-35.057,11.6373392821951,52.6717557251909,40.4580152671756,42.7480916030534,43.8931297709924,27.34,46,0,36,2.95,46,910,FALSE,FALSE,FALSE,TRUE,14.7727272727273,TRUE
2019-07-27,260290202A,Charneca,CABO DE SANTO AGOSTINHO,-8.297,-35.057,11.6373392821951,52.6717557251909,40.4580152671756,42.7480916030534,43.8931297709924,14.08,43,0,34,2.97,43,300,FALSE,FALSE,FALSE,TRUE,9.1,TRUE
2019-07-28,260290202A,Charneca,CABO DE SANTO AGOSTINHO,-8.297,-35.057,11.6373392821951,52.6717557251909,40.4580152671756,42.7480916030534,43.8931297709924,9.45,14,0,14,2.75,14,340,FALSE,FALSE,FALSE,TRUE,15.6521739130435,TRUE
2019-07-29,260290202A,Charneca,CABO DE SANTO AGOSTINHO,-8.297,-35.057,11.6373392821951,52.6717557251909,40.4580152671756,42.7480916030534,43.8931297709924,1.97,22,0,6,0.59,22,300,FALSE,FALSE,FALSE,FALSE,,TRUE
2019-07-30,260290202A,Charneca,CABO DE SANTO AGOSTINHO,-8.297,-35.057,11.6373392821951,52.6717557251909,40.4580152671756,42.7480916030534,43.8931297709924,11.86,44,0,24,2.56,44,60,TRUE,TRUE,TRUE,TRUE,11.6315789473684,TRUE
2019-07-31,260290202A,Charneca,CABO DE SANTO AGOSTINHO,-8.297,-35.057,11.6373392821951,52.6717557251909,40.4580152671756,42.7480916030534,43.8931297709924,14.23,56,1,38,0.98,55,70,FALSE,TRUE,TRUE,FALSE,,TRUE
2019-08-01,260290202A,Charneca,CABO DE SANTO AGOSTINHO,-8.297,-35.057,11.6373392821951,52.6717557251909,40.4580152671756,42.7480916030534,43.8931297709924,43.29,65,1,52,3.35,65,60,TRUE,TRUE,TRUE,TRUE,10.0526315789474,TRUE
2019-08-02,260290202A,Charneca,CABO DE SANTO AGOSTINHO,-8.297,-35.057,11.6373392821951,52.6717557251909,40.4580152671756,42.7480916030534,43.8931297709924,28.93,60,0,43,4.33,61,60,TRUE,TRUE,TRUE,TRUE,33.3333333333333,TRUE
2019-08-03,260290202A,Charneca,CABO DE SANTO AGOSTINHO,-8.297,-35.057,11.6373392821951,52.6717557251909,40.4580152671756,42.7480916030534,43.8931297709924,1.02,28,0,4,0.42,28,60,TRUE,TRUE,TRUE,TRUE,53.8333333333333,TRUE
2019-08-04,260290202A,Charneca,CABO DE SANTO AGOSTINHO,-8.297,-35.057,11.6373392821951,52.6717557251909,40.4580152671756,42.7480916030534,43.8931297709924,0.2,25,0,1,0.2,25,60,TRUE,TRUE,TRUE,TRUE,69.125,TRUE
2019-08-05,260290202A,Charneca,CABO DE SANTO AGOSTINHO,-8.297,-35.057,11.6373392821951,52.6717557251909,40.4580152671756,42.7480916030534,43.8931297709924,3.55,28,0,5,1.77,28,60,TRUE,TRUE,TRUE,TRUE,65.2916666666667,TRUE
2019-08-06,260290202A,Charneca,CABO DE SANTO AGOSTINHO,-8.297,-35.057,11.6373392821951,52.6717557251909,40.4580152671756,42.7480916030534,43.8931297709924,6.89,34,0,10,2.16,34,60,TRUE,TRUE,TRUE,TRUE,44.8947368421053,TRUE
2019-08-07,260290202A,Charneca,CABO DE SANTO AGOSTINHO,-8.297,-35.057,11.6373392821951,52.6717557251909,40.4580152671756,42.7480916030534,43.8931297709924,4.15,31,0,8,1.77,31,60,TRUE,TRUE,TRUE,TRUE,48.1666666666667,TRUE
2019-08-08,260290202A,Charneca,CABO DE SANTO AGOSTINHO,-8.297,-35.057,11.6373392821951,52.6717557251909,40.4580152671756,42.7480916030534,43.8931297709924,10.25,35,0,13,2.56,35,60,TRUE,TRUE,TRUE,TRUE,37.3333333333333,TRUE
2019-08-09,260290202A,Charneca,CABO DE SANTO AGOSTINHO,-8.297,-35.057,11.6373392821951,52.6717557251909,40.4580152671756,42.7480916030534,43.8931297709924,0,24,0,0,0,24,60,TRUE,TRUE,TRUE,TRUE,75.4583333333333,TRUE
2019-08-10,260290202A,Charneca,CABO DE SANTO AGOSTINHO,-8.297,-35.057,11.6373392821951,52.6717557251909,40.4580152671756,42.7480916030534,43.8931297709924,0.4,26,0,2,0.2,26,60,TRUE,TRUE,TRUE,TRUE,75.9166666666667,TRUE
2019-08-11,260290202A,Charneca,CABO DE SANTO AGOSTINHO,-8.297,-35.057,11.6373392821951,52.6717557251909,40.4580152671756,42.7480916030534,43.8931297709924,0.98,26,0,2,0.59,26,60,TRUE,TRUE,TRUE,TRUE,75.8333333333333,TRUE
2019-08-12,260290202A,Charneca,CABO DE SANTO AGOSTINHO,-8.297,-35.057,11.6373392821951,52.6717557251909,40.4580152671756,42.7480916030534,43.8931297709924,11.51,36,0,16,3.21,36,60,TRUE,TRUE,TRUE,TRUE,42,TRUE
2019-08-13,260290202A,Charneca,CABO DE SANTO AGOSTINHO,-8.297,-35.057,11.6373392821951,52.6717557251909,40.4580152671756,42.7480916030534,43.8931297709924,1.96,25,1,2,1.37,24,60,TRUE,TRUE,TRUE,TRUE,41.8695652173913,TRUE
2019-08-14,260290202A,Charneca,CABO DE SANTO AGOSTINHO,-8.297,-35.057,11.6373392821951,52.6717557251909,40.4580152671756,42.7480916030534,43.8931297709924,18.73,59,0,41,1.97,60,70,FALSE,TRUE,TRUE,TRUE,16.9583333333333,TRUE
2019-08-15,260290202A,Charneca,CABO DE SANTO AGOSTINHO,-8.297,-35.057,11.6373392821951,52.6717557251909,40.4580152671756,42.7480916030534,43.8931297709924,7.52,35,1,14,1.77,34,60,TRUE,TRUE,TRUE,TRUE,25.0833333333333,TRUE
2019-08-16,260290202A,Charneca,CABO DE SANTO AGOSTINHO,-8.297,-35.057,11.6373392821951,52.6717557251909,40.4580152671756,42.7480916030534,43.8931297709924,12.05,42,0,21,2.95,43,60,TRUE,TRUE,TRUE,TRUE,31.7916666666667,TRUE
2019-08-17,260290202A,Charneca,CABO DE SANTO AGOSTINHO,-8.297,-35.057,11.6373392821951,52.6717557251909,40.4580152671756,42.7480916030534,43.8931297709924,2.56,26,0,4,1.77,26,60,TRUE,TRUE,TRUE,TRUE,55.125,TRUE
2019-08-18,260290202A,Charneca,CABO DE SANTO AGOSTINHO,-8.297,-35.057,11.6373392821951,52.6717557251909,40.4580152671756,42.7480916030534,43.8931297709924,8.8,33,0,11,2.65,33,60,TRUE,TRUE,TRUE,TRUE,57.7916666666667,TRUE
2019-08-19,260290202A,Charneca,CABO DE SANTO AGOSTINHO,-8.297,-35.057,11.6373392821951,52.6717557251909,40.4580152671756,42.7480916030534,43.8931297709924,1.77,27,0,3,1.37,27,60,TRUE,TRUE,TRUE,TRUE,71.9166666666667,TRUE
2019-08-20,260290202A,Charneca,CABO DE SANTO AGOSTINHO,-8.297,-35.057,11.6373392821951,52.6717557251909,40.4580152671756,42.7480916030534,43.8931297709924,0,24,0,0,0,24,60,TRUE,TRUE,TRUE,TRUE,71.25,TRUE
2019-08-21,260290202A,Charneca,CABO DE SANTO AGOSTINHO,-8.297,-35.057,11.6373392821951,52.6717557251909,40.4580152671756,42.7480916030534,43.8931297709924,0.2,23,0,1,0.2,23,200,FALSE,FALSE,FALSE,TRUE,52.7727272727273,TRUE
2019-08-22,260290202A,Charneca,CABO DE SANTO AGOSTINHO,-8.297,-35.057,11.6373392821951,52.6717557251909,40.4580152671756,42.7480916030534,43.8931297709924,3.54,29,1,6,1.18,28,60,TRUE,TRUE,TRUE,TRUE,14.5,TRUE
2019-08-23,260290202A,Charneca,CABO DE SANTO AGOSTINHO,-8.297,-35.057,11.6373392821951,52.6717557251909,40.4580152671756,42.7480916030534,43.8931297709924,6.16,36,0,16,1.37,37,70,FALSE,TRUE,TRUE,TRUE,34.6363636363636,TRUE
2019-08-24,260290202A,Charneca,CABO DE SANTO AGOSTINHO,-8.297,-35.057,11.6373392821951,52.6717557251909,40.4580152671756,42.7480916030534,43.8931297709924,7.13,32,0,11,3.18,32,60,TRUE,TRUE,TRUE,TRUE,35.2608695652174,TRUE
2019-08-25,260290202A,Charneca,CABO DE SANTO AGOSTINHO,-8.297,-35.057,11.6373392821951,52.6717557251909,40.4580152671756,42.7480916030534,43.8931297709924,1.58,29,0,5,0.59,29,60,TRUE,TRUE,TRUE,TRUE,40.3333333333333,TRUE
2019-08-26,260290202A,Charneca,CABO DE SANTO AGOSTINHO,-8.297,-35.057,11.6373392821951,52.6717557251909,40.4580152671756,42.7480916030534,43.8931297709924,10.26,29,0,9,4.16,29,60,TRUE,TRUE,TRUE,TRUE,41.125,TRUE
2019-08-27,260290202A,Charneca,CABO DE SANTO AGOSTINHO,-8.297,-35.057,11.6373392821951,52.6717557251909,40.4580152671756,42.7480916030534,43.8931297709924,0.79,27,0,3,0.39,27,60,TRUE,TRUE,TRUE,TRUE,58.4166666666667,TRUE
2019-08-28,260290202A,Charneca,CABO DE SANTO AGOSTINHO,-8.297,-35.057,11.6373392821951,52.6717557251909,40.4580152671756,42.7480916030534,43.8931297709924,3.54,14,0,7,1.38,14,1080,FALSE,FALSE,FALSE,TRUE,45,TRUE
2019-08-29,260290202A,Charneca,CABO DE SANTO AGOSTINHO,-8.297,-35.057,11.6373392821951,52.6717557251909,40.4580152671756,42.7480916030534,43.8931297709924,0.79,3,0,3,0.39,3,1740,FALSE,FALSE,FALSE,TRUE,52.1666666666667,TRUE
2019-08-30,260290202A,Charneca,CABO DE SANTO AGOSTINHO,-8.297,-35.057,11.6373392821951,52.6717557251909,40.4580152671756,42.7480916030534,43.8931297709924,2.39,13,0,4,1.57,13,1740,FALSE,FALSE,FALSE,TRUE,55.4583333333333,TRUE
2019-08-31,260290202A,Charneca,CABO DE SANTO AGOSTINHO,-8.297,-35.057,11.6373392821951,52.6717557251909,40.4580152671756,42.7480916030534,43.8931297709924,1.19,26,1,3,0.79,25,60,TRUE,TRUE,TRUE,TRUE,69.4583333333333,TRUE
2019-09-01,260290202A,Charneca,CABO DE SANTO AGOSTINHO,-8.297,-35.057,11.6373392821951,52.6717557251909,40.4580152671756,42.7480916030534,43.8931297709924,13.81,45,0,25,2.95,46,60,TRUE,TRUE,TRUE,TRUE,36.375,TRUE
2019-09-02,260290202A,Charneca,CABO DE SANTO AGOSTINHO,-8.297,-35.057,11.6373392821951,52.6717557251909,40.4580152671756,42.7480916030534,43.8931297709924,20.27,40,0,19,4.33,40,60,TRUE,TRUE,TRUE,TRUE,39.9583333333333,TRUE
2019-09-03,260290202A,Charneca,CABO DE SANTO AGOSTINHO,-8.297,-35.057,11.6373392821951,52.6717557251909,40.4580152671756,42.7480916030534,43.8931297709924,0.2,24,0,1,0.2,24,60,TRUE,TRUE,TRUE,TRUE,49.6666666666667,TRUE
2019-09-04,260290202A,Charneca,CABO DE SANTO AGOSTINHO,-8.297,-35.057,11.6373392821951,52.6717557251909,40.4580152671756,42.7480916030534,43.8931297709924,0.99,27,0,4,0.39,27,60,TRUE,TRUE,TRUE,TRUE,37.875,TRUE
2019-09-05,260290202A,Charneca,CABO DE SANTO AGOSTINHO,-8.297,-35.057,11.6373392821951,52.6717557251909,40.4580152671756,42.7480916030534,43.8931297709924,1,28,1,5,0.2,27,60,TRUE,TRUE,TRUE,TRUE,26.9583333333333,TRUE
2019-09-06,260290202A,Charneca,CABO DE SANTO AGOSTINHO,-8.297,-35.057,11.6373392821951,52.6717557251909,40.4580152671756,42.7480916030534,43.8931297709924,6.71,37,0,17,1.38,38,60,TRUE,TRUE,TRUE,TRUE,30.6363636363636,TRUE
2019-09-07,260290202A,Charneca,CABO DE SANTO AGOSTINHO,-8.297,-35.057,11.6373392821951,52.6717557251909,40.4580152671756,42.7480916030534,43.8931297709924,3.75,30,0,8,1.77,30,60,TRUE,TRUE,TRUE,TRUE,28,TRUE
2019-09-08,260290202A,Charneca,CABO DE SANTO AGOSTINHO,-8.297,-35.057,11.6373392821951,52.6717557251909,40.4580152671756,42.7480916030534,43.8931297709924,10.66,41,0,18,1.38,41,70,FALSE,TRUE,TRUE,TRUE,29.125,TRUE
2019-09-09,260290202A,Charneca,CABO DE SANTO AGOSTINHO,-8.297,-35.057,11.6373392821951,52.6717557251909,40.4580152671756,42.7480916030534,43.8931297709924,0.4,25,0,2,0.2,25,70,FALSE,TRUE,TRUE,TRUE,48.8333333333333,TRUE
2019-09-10,260290202A,Charneca,CABO DE SANTO AGOSTINHO,-8.297,-35.057,11.6373392821951,52.6717557251909,40.4580152671756,42.7480916030534,43.8931297709924,0,24,0,0,0,24,60,TRUE,TRUE,TRUE,TRUE,57.6666666666667,TRUE
2019-09-11,260290202A,Charneca,CABO DE SANTO AGOSTINHO,-8.297,-35.057,11.6373392821951,52.6717557251909,40.4580152671756,42.7480916030534,43.8931297709924,0.4,25,0,2,0.2,25,60,TRUE,TRUE,TRUE,TRUE,46.75,TRUE
2019-09-12,260290202A,Charneca,CABO DE SANTO AGOSTINHO,-8.297,-35.057,11.6373392821951,52.6717557251909,40.4580152671756,42.7480916030534,43.8931297709924,0.59,25,0,2,0.39,25,60,TRUE,TRUE,TRUE,TRUE,49.7826086956522,TRUE
2019-09-13,260290202A,Charneca,CABO DE SANTO AGOSTINHO,-8.297,-35.057,11.6373392821951,52.6717557251909,40.4580152671756,42.7480916030534,43.8931297709924,0,24,0,0,0,24,60,TRUE,TRUE,TRUE,TRUE,54.0952380952381,TRUE
2019-09-14,260290202A,Charneca,CABO DE SANTO AGOSTINHO,-8.297,-35.057,11.6373392821951,52.6717557251909,40.4580152671756,42.7480916030534,43.8931297709924,0,24,0,0,0,24,60,TRUE,TRUE,TRUE,TRUE,54.1666666666667,TRUE
2019-09-15,260290202A,Charneca,CABO DE SANTO AGOSTINHO,-8.297,-35.057,11.6373392821951,52.6717557251909,40.4580152671756,42.7480916030534,43.8931297709924,2.56,28,1,5,0.79,27,60,TRUE,TRUE,TRUE,TRUE,40.3125,TRUE
2019-09-16,260290202A,Charneca,CABO DE SANTO AGOSTINHO,-8.297,-35.057,11.6373392821951,52.6717557251909,40.4580152671756,42.7480916030534,43.8931297709924,2.57,29,0,6,0.79,30,60,TRUE,TRUE,TRUE,TRUE,38.3684210526316,TRUE
2019-09-17,260290202A,Charneca,CABO DE SANTO AGOSTINHO,-8.297,-35.057,11.6373392821951,52.6717557251909,40.4580152671756,42.7480916030534,43.8931297709924,11.24,44,0,24,3.15,44,60,TRUE,TRUE,TRUE,TRUE,20.7826086956522,TRUE
2019-09-18,260290202A,Charneca,CABO DE SANTO AGOSTINHO,-8.297,-35.057,11.6373392821951,52.6717557251909,40.4580152671756,42.7480916030534,43.8931297709924,0.4,26,0,2,0.2,26,60,TRUE,TRUE,TRUE,TRUE,50.1739130434783,TRUE
2019-09-19,260290202A,Charneca,CABO DE SANTO AGOSTINHO,-8.297,-35.057,11.6373392821951,52.6717557251909,40.4580152671756,42.7480916030534,43.8931297709924,0,24,0,0,0,24,60,TRUE,TRUE,TRUE,TRUE,63.8636363636364,TRUE
2019-09-20,260290202A,Charneca,CABO DE SANTO AGOSTINHO,-8.297,-35.057,11.6373392821951,52.6717557251909,40.4580152671756,42.7480916030534,43.8931297709924,4.34,36,0,13,0.79,36,60,TRUE,TRUE,TRUE,TRUE,31.5,TRUE
2019-09-21,260290202A,Charneca,CABO DE SANTO AGOSTINHO,-8.297,-35.057,11.6373392821951,52.6717557251909,40.4580152671756,42.7480916030534,43.8931297709924,0.2,25,0,1,0.2,25,60,TRUE,TRUE,TRUE,TRUE,48.6666666666667,TRUE
2019-09-22,260290202A,Charneca,CABO DE SANTO AGOSTINHO,-8.297,-35.057,11.6373392821951,52.6717557251909,40.4580152671756,42.7480916030534,43.8931297709924,1.61,28,1,5,0.59,27,60,TRUE,TRUE,TRUE,TRUE,41.1666666666667,TRUE
2019-09-23,260290202A,Charneca,CABO DE SANTO AGOSTINHO,-8.297,-35.057,11.6373392821951,52.6717557251909,40.4580152671756,42.7480916030534,43.8931297709924,5.26,36,0,15,0.59,37,70,FALSE,TRUE,TRUE,TRUE,38.9047619047619,TRUE
2019-09-24,260290202A,Charneca,CABO DE SANTO AGOSTINHO,-8.297,-35.057,11.6373392821951,52.6717557251909,40.4580152671756,42.7480916030534,43.8931297709924,0,24,0,0,0,24,60,TRUE,TRUE,TRUE,TRUE,45.9166666666667,TRUE
2019-09-25,260290202A,Charneca,CABO DE SANTO AGOSTINHO,-8.297,-35.057,11.6373392821951,52.6717557251909,40.4580152671756,42.7480916030534,43.8931297709924,0,24,0,0,0,24,60,TRUE,TRUE,TRUE,TRUE,53.25,TRUE
2019-09-26,260290202A,Charneca,CABO DE SANTO AGOSTINHO,-8.297,-35.057,11.6373392821951,52.6717557251909,40.4580152671756,42.7480916030534,43.8931297709924,0,24,0,0,0,24,60,TRUE,TRUE,TRUE,FALSE,,TRUE
2019-09-27,260290202A,Charneca,CABO DE SANTO AGOSTINHO,-8.297,-35.057,11.6373392821951,52.6717557251909,40.4580152671756,42.7480916030534,43.8931297709924,0,24,0,0,0,24,60,TRUE,TRUE,TRUE,FALSE,,TRUE
2019-09-28,260290202A,Charneca,CABO DE SANTO AGOSTINHO,-8.297,-35.057,11.6373392821951,52.6717557251909,40.4580152671756,42.7480916030534,43.8931297709924,0,24,0,0,0,24,60,TRUE,TRUE,TRUE,FALSE,,TRUE
2019-09-29,260290202A,Charneca,CABO DE SANTO AGOSTINHO,-8.297,-35.057,11.6373392821951,52.6717557251909,40.4580152671756,42.7480916030534,43.8931297709924,0,24,0,0,0,24,60,TRUE,TRUE,TRUE,FALSE,,TRUE
2019-09-30,260290202A,Charneca,CABO DE SANTO AGOSTINHO,-8.297,-35.057,11.6373392821951,52.6717557251909,40.4580152671756,42.7480916030534,43.8931297709924,0,24,0,0,0,24,60,TRUE,TRUE,TRUE,FALSE,,TRUE
2019-10-01,260290202A,Charneca,CABO DE SANTO AGOSTINHO,-8.297,-35.057,11.6373392821951,52.6717557251909,40.4580152671756,42.7480916030534,43.8931297709924,0,24,0,0,0,24,60,TRUE,TRUE,TRUE,FALSE,,TRUE
2019-10-02,260290202A,Charneca,CABO DE SANTO AGOSTINHO,-8.297,-35.057,11.6373392821951,52.6717557251909,40.4580152671756,42.7480916030534,43.8931297709924,0,24,0,0,0,24,60,TRUE,TRUE,TRUE,FALSE,,TRUE
2019-10-03,260290202A,Charneca,CABO DE SANTO AGOSTINHO,-8.297,-35.057,11.6373392821951,52.6717557251909,40.4580152671756,42.7480916030534,43.8931297709924,0,24,0,0,0,24,60,TRUE,TRUE,TRUE,FALSE,,TRUE
2019-10-04,260290202A,Charneca,CABO DE SANTO AGOSTINHO,-8.297,-35.057,11.6373392821951,52.6717557251909,40.4580152671756,42.7480916030534,43.8931297709924,0,24,0,0,0,24,60,TRUE,TRUE,TRUE,FALSE,,TRUE
2019-10-05,260290202A,Charneca,CABO DE SANTO AGOSTINHO,-8.297,-35.057,11.6373392821951,52.6717557251909,40.4580152671756,42.7480916030534,43.8931297709924,0,24,0,0,0,24,60,TRUE,TRUE,TRUE,FALSE,,TRUE
2019-10-06,260290202A,Charneca,CABO DE SANTO AGOSTINHO,-8.297,-35.057,11.6373392821951,52.6717557251909,40.4580152671756,42.7480916030534,43.8931297709924,0,24,0,0,0,24,60,TRUE,TRUE,TRUE,FALSE,,TRUE
2019-10-07,260290202A,Charneca,CABO DE SANTO AGOSTINHO,-8.297,-35.057,11.6373392821951,52.6717557251909,40.4580152671756,42.7480916030534,43.8931297709924,0,24,0,0,0,24,60,TRUE,TRUE,TRUE,FALSE,,TRUE
2019-10-08,260290202A,Charneca,CABO DE SANTO AGOSTINHO,-8.297,-35.057,11.6373392821951,52.6717557251909,40.4580152671756,42.7480916030534,43.8931297709924,0,14,0,0,0,14,980,FALSE,FALSE,FALSE,FALSE,,TRUE
2019-10-09,260290202A,Charneca,CABO DE SANTO AGOSTINHO,-8.297,-35.057,11.6373392821951,52.6717557251909,40.4580152671756,42.7480916030534,43.8931297709924,4.14,4,0,4,2.17,4,1070,FALSE,FALSE,FALSE,FALSE,,TRUE
2019-10-10,260290202A,Charneca,CABO DE SANTO AGOSTINHO,-8.297,-35.057,11.6373392821951,52.6717557251909,40.4580152671756,42.7480916030534,43.8931297709924,2.37,15,0,8,0.59,15,1070,FALSE,FALSE,FALSE,FALSE,,TRUE
2019-10-11,260290202A,Charneca,CABO DE SANTO AGOSTINHO,-8.297,-35.057,11.6373392821951,52.6717557251909,40.4580152671756,42.7480916030534,43.8931297709924,2.57,27,0,3,2.17,27,80,FALSE,FALSE,TRUE,FALSE,,TRUE
2019-10-12,260290202A,Charneca,CABO DE SANTO AGOSTINHO,-8.297,-35.057,11.6373392821951,52.6717557251909,40.4580152671756,42.7480916030534,43.8931297709924,0.99,27,0,4,0.39,27,60,TRUE,TRUE,TRUE,FALSE,,TRUE
2019-10-13,260290202A,Charneca,CABO DE SANTO AGOSTINHO,-8.297,-35.057,11.6373392821951,52.6717557251909,40.4580152671756,42.7480916030534,43.8931297709924,9.67,24,0,18,1.57,24,620,FALSE,FALSE,FALSE,FALSE,,TRUE
2019-10-14,260290202A,Charneca,CABO DE SANTO AGOSTINHO,-8.297,-35.057,11.6373392821951,52.6717557251909,40.4580152671756,42.7480916030534,43.8931297709924,4.33,10,0,10,1.77,10,780,FALSE,FALSE,FALSE,FALSE,,TRUE
2019-10-15,260290202A,Charneca,CABO DE SANTO AGOSTINHO,-8.297,-35.057,11.6373392821951,52.6717557251909,40.4580152671756,42.7480916030534,43.8931297709924,0,14,0,0,0,14,780,FALSE,FALSE,FALSE,FALSE,,TRUE
2019-10-16,260290202A,Charneca,CABO DE SANTO AGOSTINHO,-8.297,-35.057,11.6373392821951,52.6717557251909,40.4580152671756,42.7480916030534,43.8931297709924,0.2,24,0,1,0.2,24,60,TRUE,TRUE,TRUE,FALSE,,TRUE
2019-10-17,260290202A,Charneca,CABO DE SANTO AGOSTINHO,-8.297,-35.057,11.6373392821951,52.6717557251909,40.4580152671756,42.7480916030534,43.8931297709924,0.42,25,0,1,0.42,25,60,TRUE,TRUE,TRUE,FALSE,,TRUE
2019-10-18,260290202A,Charneca,CABO DE SANTO AGOSTINHO,-8.297,-35.057,11.6373392821951,52.6717557251909,40.4580152671756,42.7480916030534,43.8931297709924,7.31,40,0,18,1.18,40,60,TRUE,TRUE,TRUE,FALSE,,TRUE
2019-10-19,260290202A,Charneca,CABO DE SANTO AGOSTINHO,-8.297,-35.057,11.6373392821951,52.6717557251909,40.4580152671756,42.7480916030534,43.8931297709924,0.4,25,0,2,0.2,25,60,TRUE,TRUE,TRUE,FALSE,,TRUE
2019-10-20,260290202A,Charneca,CABO DE SANTO AGOSTINHO,-8.297,-35.057,11.6373392821951,52.6717557251909,40.4580152671756,42.7480916030534,43.8931297709924,0,24,0,0,0,24,60,TRUE,TRUE,TRUE,FALSE,,TRUE
2019-10-21,260290202A,Charneca,CABO DE SANTO AGOSTINHO,-8.297,-35.057,11.6373392821951,52.6717557251909,40.4580152671756,42.7480916030534,43.8931297709924,0,24,0,0,0,24,60,TRUE,TRUE,TRUE,FALSE,,TRUE
2019-10-22,260290202A,Charneca,CABO DE SANTO AGOSTINHO,-8.297,-35.057,11.6373392821951,52.6717557251909,40.4580152671756,42.7480916030534,43.8931297709924,0,24,0,0,0,24,60,TRUE,TRUE,TRUE,FALSE,,TRUE
2019-10-23,260290202A,Charneca,CABO DE SANTO AGOSTINHO,-8.297,-35.057,11.6373392821951,52.6717557251909,40.4580152671756,42.7480916030534,43.8931297709924,0,24,0,0,0,24,60,TRUE,TRUE,TRUE,FALSE,,TRUE
2019-10-24,260290202A,Charneca,CABO DE SANTO AGOSTINHO,-8.297,-35.057,11.6373392821951,52.6717557251909,40.4580152671756,42.7480916030534,43.8931297709924,0,24,0,0,0,24,60,TRUE,TRUE,TRUE,FALSE,,TRUE
2019-10-25,260290202A,Charneca,CABO DE SANTO AGOSTINHO,-8.297,-35.057,11.6373392821951,52.6717557251909,40.4580152671756,42.7480916030534,43.8931297709924,0.2,25,1,1,0.2,24,60,TRUE,TRUE,TRUE,FALSE,,TRUE
2019-10-26,260290202A,Charneca,CABO DE SANTO AGOSTINHO,-8.297,-35.057,11.6373392821951,52.6717557251909,40.4580152671756,42.7480916030534,43.8931297709924,3.74,29,0,6,0.98,30,60,TRUE,TRUE,TRUE,TRUE,39.5714285714286,TRUE
2019-10-27,260290202A,Charneca,CABO DE SANTO AGOSTINHO,-8.297,-35.057,11.6373392821951,52.6717557251909,40.4580152671756,42.7480916030534,43.8931297709924,0,24,0,0,0,24,60,TRUE,TRUE,TRUE,TRUE,49.2916666666667,TRUE
2019-10-28,260290202A,Charneca,CABO DE SANTO AGOSTINHO,-8.297,-35.057,11.6373392821951,52.6717557251909,40.4580152671756,42.7480916030534,43.8931297709924,0,24,0,0,0,24,60,TRUE,TRUE,TRUE,TRUE,56.625,TRUE
2019-10-29,260290202A,Charneca,CABO DE SANTO AGOSTINHO,-8.297,-35.057,11.6373392821951,52.6717557251909,40.4580152671756,42.7480916030534,43.8931297709924,0,24,0,0,0,24,60,TRUE,TRUE,TRUE,TRUE,47.125,TRUE
2019-10-30,260290202A,Charneca,CABO DE SANTO AGOSTINHO,-8.297,-35.057,11.6373392821951,52.6717557251909,40.4580152671756,42.7480916030534,43.8931297709924,0.4,26,0,2,0.2,26,60,TRUE,TRUE,TRUE,TRUE,40.4583333333333,TRUE
2019-10-31,260290202A,Charneca,CABO DE SANTO AGOSTINHO,-8.297,-35.057,11.6373392821951,52.6717557251909,40.4580152671756,42.7480916030534,43.8931297709924,0,24,0,0,0,24,60,TRUE,TRUE,TRUE,TRUE,38.9583333333333,TRUE
2019-11-01,260290202A,Charneca,CABO DE SANTO AGOSTINHO,-8.297,-35.057,11.6373392821951,52.6717557251909,40.4580152671756,42.7480916030534,43.8931297709924,0,24,0,0,0,24,60,TRUE,TRUE,TRUE,TRUE,36.5416666666667,TRUE
2019-11-02,260290202A,Charneca,CABO DE SANTO AGOSTINHO,-8.297,-35.057,11.6373392821951,52.6717557251909,40.4580152671756,42.7480916030534,43.8931297709924,0,24,0,0,0,24,60,TRUE,TRUE,TRUE,TRUE,36.25,TRUE
2019-11-03,260290202A,Charneca,CABO DE SANTO AGOSTINHO,-8.297,-35.057,11.6373392821951,52.6717557251909,40.4580152671756,42.7480916030534,43.8931297709924,0.2,12,0,1,0.2,12,11440,FALSE,FALSE,FALSE,TRUE,37.125,TRUE
2019-11-04,260290202A,Charneca,CABO DE SANTO AGOSTINHO,-8.297,-35.057,11.6373392821951,52.6717557251909,40.4580152671756,42.7480916030534,43.8931297709924,,,,,,0,,FALSE,FALSE,FALSE,TRUE,42.375,FALSE
2019-11-05,260290202A,Charneca,CABO DE SANTO AGOSTINHO,-8.297,-35.057,11.6373392821951,52.6717557251909,40.4580152671756,42.7480916030534,43.8931297709924,,,,,,0,,FALSE,FALSE,FALSE,TRUE,45.875,FALSE
2019-11-06,260290202A,Charneca,CABO DE SANTO AGOSTINHO,-8.297,-35.057,11.6373392821951,52.6717557251909,40.4580152671756,42.7480916030534,43.8931297709924,,,,,,0,,FALSE,FALSE,FALSE,TRUE,44.6521739130435,FALSE
2019-11-07,260290202A,Charneca,CABO DE SANTO AGOSTINHO,-8.297,-35.057,11.6373392821951,52.6717557251909,40.4580152671756,42.7480916030534,43.8931297709924,,,,,,0,,FALSE,FALSE,FALSE,TRUE,40.55,FALSE
2019-11-08,260290202A,Charneca,CABO DE SANTO AGOSTINHO,-8.297,-35.057,11.6373392821951,52.6717557251909,40.4580152671756,42.7480916030534,43.8931297709924,,,,,,0,,FALSE,FALSE,FALSE,TRUE,36.0416666666667,FALSE
2019-11-09,260290202A,Charneca,CABO DE SANTO AGOSTINHO,-8.297,-35.057,11.6373392821951,52.6717557251909,40.4580152671756,42.7480916030534,43.8931297709924,,,,,,0,,FALSE,FALSE,FALSE,TRUE,44.625,FALSE
2019-11-10,260290202A,Charneca,CABO DE SANTO AGOSTINHO,-8.297,-35.057,11.6373392821951,52.6717557251909,40.4580152671756,42.7480916030534,43.8931297709924,,,,,,0,,FALSE,FALSE,FALSE,TRUE,40.25,FALSE
2019-11-11,260290202A,Charneca,CABO DE SANTO AGOSTINHO,-8.297,-35.057,11.6373392821951,52.6717557251909,40.4580152671756,42.7480916030534,43.8931297709924,0.2,1,0,1,0.2,1,11440,FALSE,FALSE,FALSE,TRUE,42.5416666666667,TRUE
2019-11-12,260290202A,Charneca,CABO DE SANTO AGOSTINHO,-8.297,-35.057,11.6373392821951,52.6717557251909,40.4580152671756,42.7480916030534,43.8931297709924,0,14,0,0,0,14,1520,FALSE,FALSE,FALSE,TRUE,80.8333333333333,TRUE
2019-11-13,260290202A,Charneca,CABO DE SANTO AGOSTINHO,-8.297,-35.057,11.6373392821951,52.6717557251909,40.4580152671756,42.7480916030534,43.8931297709924,0,19,0,0,0,19,360,FALSE,FALSE,FALSE,TRUE,40.4583333333333,TRUE
2019-11-14,260290202A,Charneca,CABO DE SANTO AGOSTINHO,-8.297,-35.057,11.6373392821951,52.6717557251909,40.4580152671756,42.7480916030534,43.8931297709924,0,24,0,0,0,24,60,TRUE,TRUE,TRUE,TRUE,36.125,TRUE
2019-11-15,260290202A,Charneca,CABO DE SANTO AGOSTINHO,-8.297,-35.057,11.6373392821951,52.6717557251909,40.4580152671756,42.7480916030534,43.8931297709924,0,24,0,0,0,24,60,TRUE,TRUE,TRUE,TRUE,51.7142857142857,TRUE
2019-11-16,260290202A,Charneca,CABO DE SANTO AGOSTINHO,-8.297,-35.057,11.6373392821951,52.6717557251909,40.4580152671756,42.7480916030534,43.8931297709924,0,24,0,0,0,24,60,TRUE,TRUE,TRUE,TRUE,55.5833333333333,TRUE
2019-11-17,260290202A,Charneca,CABO DE SANTO AGOSTINHO,-8.297,-35.057,11.6373392821951,52.6717557251909,40.4580152671756,42.7480916030534,43.8931297709924,0,22,0,0,0,22,220,FALSE,FALSE,FALSE,TRUE,30.5833333333333,TRUE
2019-11-18,260290202A,Charneca,CABO DE SANTO AGOSTINHO,-8.297,-35.057,11.6373392821951,52.6717557251909,40.4580152671756,42.7480916030534,43.8931297709924,0,24,0,0,0,24,60,TRUE,TRUE,TRUE,TRUE,37.0416666666667,TRUE
2019-11-19,260290202A,Charneca,CABO DE SANTO AGOSTINHO,-8.297,-35.057,11.6373392821951,52.6717557251909,40.4580152671756,42.7480916030534,43.8931297709924,0,24,0,0,0,24,60,TRUE,TRUE,TRUE,TRUE,34.7619047619048,TRUE
2019-11-20,260290202A,Charneca,CABO DE SANTO AGOSTINHO,-8.297,-35.057,11.6373392821951,52.6717557251909,40.4580152671756,42.7480916030534,43.8931297709924,0,24,0,0,0,24,60,TRUE,TRUE,TRUE,TRUE,36.3809523809524,TRUE
2019-11-21,260290202A,Charneca,CABO DE SANTO AGOSTINHO,-8.297,-35.057,11.6373392821951,52.6717557251909,40.4580152671756,42.7480916030534,43.8931297709924,0,24,0,0,0,24,60,TRUE,TRUE,TRUE,TRUE,36.2083333333333,TRUE
2019-11-22,260290202A,Charneca,CABO DE SANTO AGOSTINHO,-8.297,-35.057,11.6373392821951,52.6717557251909,40.4580152671756,42.7480916030534,43.8931297709924,0,24,0,0,0,24,60,TRUE,TRUE,TRUE,TRUE,36.7916666666667,TRUE
2019-11-23,260290202A,Charneca,CABO DE SANTO AGOSTINHO,-8.297,-35.057,11.6373392821951,52.6717557251909,40.4580152671756,42.7480916030534,43.8931297709924,0,24,0,0,0,24,60,TRUE,TRUE,TRUE,TRUE,32.4583333333333,TRUE
2019-11-24,260290202A,Charneca,CABO DE SANTO AGOSTINHO,-8.297,-35.057,11.6373392821951,52.6717557251909,40.4580152671756,42.7480916030534,43.8931297709924,0,24,0,0,0,24,60,TRUE,TRUE,TRUE,TRUE,39.2083333333333,TRUE
2019-11-25,260290202A,Charneca,CABO DE SANTO AGOSTINHO,-8.297,-35.057,11.6373392821951,52.6717557251909,40.4580152671756,42.7480916030534,43.8931297709924,0,24,0,0,0,24,60,TRUE,TRUE,TRUE,FALSE,,TRUE
2019-11-26,260290202A,Charneca,CABO DE SANTO AGOSTINHO,-8.297,-35.057,11.6373392821951,52.6717557251909,40.4580152671756,42.7480916030534,43.8931297709924,0,24,0,0,0,24,60,TRUE,TRUE,TRUE,FALSE,,TRUE
2019-11-27,260290202A,Charneca,CABO DE SANTO AGOSTINHO,-8.297,-35.057,11.6373392821951,52.6717557251909,40.4580152671756,42.7480916030534,43.8931297709924,3.14,28,0,5,1.57,28,60,TRUE,TRUE,TRUE,FALSE,,TRUE
2019-11-28,260290202A,Charneca,CABO DE SANTO AGOSTINHO,-8.297,-35.057,11.6373392821951,52.6717557251909,40.4580152671756,42.7480916030534,43.8931297709924,0,24,0,0,0,24,60,TRUE,TRUE,TRUE,FALSE,,TRUE
2019-11-29,260290202A,Charneca,CABO DE SANTO AGOSTINHO,-8.297,-35.057,11.6373392821951,52.6717557251909,40.4580152671756,42.7480916030534,43.8931297709924,0,24,0,0,0,24,60,TRUE,TRUE,TRUE,FALSE,,TRUE
2019-11-30,260290202A,Charneca,CABO DE SANTO AGOSTINHO,-8.297,-35.057,11.6373392821951,52.6717557251909,40.4580152671756,42.7480916030534,43.8931297709924,0,24,0,0,0,24,60,TRUE,TRUE,TRUE,FALSE,,TRUE
2019-12-01,260290202A,Charneca,CABO DE SANTO AGOSTINHO,-8.297,-35.057,11.6373392821951,52.6717557251909,40.4580152671756,42.7480916030534,43.8931297709924,0,24,0,0,0,24,60,TRUE,TRUE,TRUE,FALSE,,TRUE
2019-12-02,260290202A,Charneca,CABO DE SANTO AGOSTINHO,-8.297,-35.057,11.6373392821951,52.6717557251909,40.4580152671756,42.7480916030534,43.8931297709924,0,24,0,0,0,24,60,TRUE,TRUE,TRUE,FALSE,,TRUE
2019-12-03,260290202A,Charneca,CABO DE SANTO AGOSTINHO,-8.297,-35.057,11.6373392821951,52.6717557251909,40.4580152671756,42.7480916030534,43.8931297709924,0,24,0,0,0,24,80,FALSE,FALSE,TRUE,FALSE,,TRUE
2019-12-04,260290202A,Charneca,CABO DE SANTO AGOSTINHO,-8.297,-35.057,11.6373392821951,52.6717557251909,40.4580152671756,42.7480916030534,43.8931297709924,0,20,0,0,0,20,220,FALSE,FALSE,FALSE,FALSE,,TRUE
2019-12-05,260290202A,Charneca,CABO DE SANTO AGOSTINHO,-8.297,-35.057,11.6373392821951,52.6717557251909,40.4580152671756,42.7480916030534,43.8931297709924,0,24,0,0,0,24,220,FALSE,FALSE,FALSE,FALSE,,TRUE
2019-12-06,260290202A,Charneca,CABO DE SANTO AGOSTINHO,-8.297,-35.057,11.6373392821951,52.6717557251909,40.4580152671756,42.7480916030534,43.8931297709924,0,24,0,0,0,24,60,TRUE,TRUE,TRUE,FALSE,,TRUE
2019-12-07,260290202A,Charneca,CABO DE SANTO AGOSTINHO,-8.297,-35.057,11.6373392821951,52.6717557251909,40.4580152671756,42.7480916030534,43.8931297709924,0,14,0,0,0,14,630,FALSE,FALSE,FALSE,FALSE,,TRUE
2019-12-08,260290202A,Charneca,CABO DE SANTO AGOSTINHO,-8.297,-35.057,11.6373392821951,52.6717557251909,40.4580152671756,42.7480916030534,43.8931297709924,0,23,0,0,0,23,630,FALSE,FALSE,FALSE,FALSE,,TRUE
2019-12-09,260290202A,Charneca,CABO DE SANTO AGOSTINHO,-8.297,-35.057,11.6373392821951,52.6717557251909,40.4580152671756,42.7480916030534,43.8931297709924,0,24,0,0,0,24,60,TRUE,TRUE,TRUE,FALSE,,TRUE
2019-12-10,260290202A,Charneca,CABO DE SANTO AGOSTINHO,-8.297,-35.057,11.6373392821951,52.6717557251909,40.4580152671756,42.7480916030534,43.8931297709924,0,24,0,0,0,24,60,TRUE,TRUE,TRUE,FALSE,,TRUE
2019-12-11,260290202A,Charneca,CABO DE SANTO AGOSTINHO,-8.297,-35.057,11.6373392821951,52.6717557251909,40.4580152671756,42.7480916030534,43.8931297709924,2.77,26,0,4,1.58,26,60,TRUE,TRUE,TRUE,FALSE,,TRUE
2019-12-12,260290202A,Charneca,CABO DE SANTO AGOSTINHO,-8.297,-35.057,11.6373392821951,52.6717557251909,40.4580152671756,42.7480916030534,43.8931297709924,1.37,26,0,4,0.39,26,120,FALSE,FALSE,FALSE,FALSE,,TRUE
2019-12-13,260290202A,Charneca,CABO DE SANTO AGOSTINHO,-8.297,-35.057,11.6373392821951,52.6717557251909,40.4580152671756,42.7480916030534,43.8931297709924,0,24,0,0,0,24,270,FALSE,FALSE,FALSE,FALSE,,TRUE
2019-12-14,260290202A,Charneca,CABO DE SANTO AGOSTINHO,-8.297,-35.057,11.6373392821951,52.6717557251909,40.4580152671756,42.7480916030534,43.8931297709924,1.38,23,0,4,0.59,23,270,FALSE,FALSE,FALSE,FALSE,,TRUE
2019-12-15,260290202A,Charneca,CABO DE SANTO AGOSTINHO,-8.297,-35.057,11.6373392821951,52.6717557251909,40.4580152671756,42.7480916030534,43.8931297709924,8.65,34,0,10,1.77,34,60,TRUE,TRUE,TRUE,FALSE,,TRUE
2019-12-16,260290202A,Charneca,CABO DE SANTO AGOSTINHO,-8.297,-35.057,11.6373392821951,52.6717557251909,40.4580152671756,42.7480916030534,43.8931297709924,33.13,47,0,28,3.55,47,60,TRUE,TRUE,TRUE,FALSE,,TRUE
2019-12-17,260290202A,Charneca,CABO DE SANTO AGOSTINHO,-8.297,-35.057,11.6373392821951,52.6717557251909,40.4580152671756,42.7480916030534,43.8931297709924,1.59,28,0,5,0.79,28,60,TRUE,TRUE,TRUE,FALSE,,TRUE
2019-12-18,260290202A,Charneca,CABO DE SANTO AGOSTINHO,-8.297,-35.057,11.6373392821951,52.6717557251909,40.4580152671756,42.7480916030534,43.8931297709924,0,24,0,0,0,24,60,TRUE,TRUE,TRUE,FALSE,,TRUE
2019-12-19,260290202A,Charneca,CABO DE SANTO AGOSTINHO,-8.297,-35.057,11.6373392821951,52.6717557251909,40.4580152671756,42.7480916030534,43.8931297709924,0,24,0,0,0,24,80,FALSE,FALSE,TRUE,FALSE,,TRUE
2019-12-20,260290202A,Charneca,CABO DE SANTO AGOSTINHO,-8.297,-35.057,11.6373392821951,52.6717557251909,40.4580152671756,42.7480916030534,43.8931297709924,8.1,28,0,6,3.15,28,70,FALSE,TRUE,TRUE,FALSE,,TRUE
2019-12-21,260290202A,Charneca,CABO DE SANTO AGOSTINHO,-8.297,-35.057,11.6373392821951,52.6717557251909,40.4580152671756,42.7480916030534,43.8931297709924,0,24,0,0,0,24,70,FALSE,TRUE,TRUE,FALSE,,TRUE
2019-12-22,260290202A,Charneca,CABO DE SANTO AGOSTINHO,-8.297,-35.057,11.6373392821951,52.6717557251909,40.4580152671756,42.7480916030534,43.8931297709924,0,17,0,0,0,17,490,FALSE,FALSE,FALSE,FALSE,,TRUE
2019-12-23,260290202A,Charneca,CABO DE SANTO AGOSTINHO,-8.297,-35.057,11.6373392821951,52.6717557251909,40.4580152671756,42.7480916030534,43.8931297709924,0,24,0,0,0,24,80,FALSE,FALSE,TRUE,FALSE,,TRUE
2019-12-24,260290202A,Charneca,CABO DE SANTO AGOSTINHO,-8.297,-35.057,11.6373392821951,52.6717557251909,40.4580152671756,42.7480916030534,43.8931297709924,0,24,0,0,0,24,110,FALSE,FALSE,FALSE,FALSE,,TRUE
2019-12-25,260290202A,Charneca,CABO DE SANTO AGOSTINHO,-8.297,-35.057,11.6373392821951,52.6717557251909,40.4580152671756,42.7480916030534,43.8931297709924,2.36,27,1,4,1.18,26,60,TRUE,TRUE,TRUE,FALSE,,TRUE
2019-12-26,260290202A,Charneca,CABO DE SANTO AGOSTINHO,-8.297,-35.057,11.6373392821951,52.6717557251909,40.4580152671756,42.7480916030534,43.8931297709924,0.2,25,0,1,0.2,26,80,FALSE,FALSE,TRUE,TRUE,64.7619047619048,TRUE
2019-12-27,260290202A,Charneca,CABO DE SANTO AGOSTINHO,-8.297,-35.057,11.6373392821951,52.6717557251909,40.4580152671756,42.7480916030534,43.8931297709924,0.79,25,0,2,0.59,25,60,TRUE,TRUE,TRUE,TRUE,45.9166666666667,TRUE
2019-12-28,260290202A,Charneca,CABO DE SANTO AGOSTINHO,-8.297,-35.057,11.6373392821951,52.6717557251909,40.4580152671756,42.7480916030534,43.8931297709924,0,24,0,0,0,24,80,FALSE,FALSE,TRUE,TRUE,44.125,TRUE
2019-12-29,260290202A,Charneca,CABO DE SANTO AGOSTINHO,-8.297,-35.057,11.6373392821951,52.6717557251909,40.4580152671756,42.7480916030534,43.8931297709924,0,24,0,0,0,24,60,TRUE,TRUE,TRUE,TRUE,43.7083333333333,TRUE
2019-12-30,260290202A,Charneca,CABO DE SANTO AGOSTINHO,-8.297,-35.057,11.6373392821951,52.6717557251909,40.4580152671756,42.7480916030534,43.8931297709924,0.6,27,0,3,0.2,27,60,TRUE,TRUE,TRUE,TRUE,43.4166666666667,TRUE
2019-12-31,260290202A,Charneca,CABO DE SANTO AGOSTINHO,-8.297,-35.057,11.6373392821951,52.6717557251909,40.4580152671756,42.7480916030534,43.8931297709924,0,24,0,0,0,24,60,TRUE,TRUE,TRUE,TRUE,53.4583333333333,TRUE
2019-01-01,260790109A,Barra de Jangada,JABOATÃO DOS GUARARAPES,-8.22,-34.932,12.4106755442896,95.8015267175572,76.7175572519084,80.9160305343512,82.824427480916,0.39,24,0,1,0.39,24,60,TRUE,TRUE,TRUE,TRUE,89.2380952380952,TRUE
2019-01-02,260790109A,Barra de Jangada,JABOATÃO DOS GUARARAPES,-8.22,-34.932,12.4106755442896,95.8015267175572,76.7175572519084,80.9160305343512,82.824427480916,0.42,25,0,1,0.42,25,60,TRUE,TRUE,TRUE,TRUE,76,TRUE
2019-01-03,260790109A,Barra de Jangada,JABOATÃO DOS GUARARAPES,-8.22,-34.932,12.4106755442896,95.8015267175572,76.7175572519084,80.9160305343512,82.824427480916,0,24,0,0,0,24,60,TRUE,TRUE,TRUE,TRUE,52.1666666666667,TRUE
2019-01-04,260790109A,Barra de Jangada,JABOATÃO DOS GUARARAPES,-8.22,-34.932,12.4106755442896,95.8015267175572,76.7175572519084,80.9160305343512,82.824427480916,0,24,0,0,0,24,60,TRUE,TRUE,TRUE,TRUE,57.5,TRUE
2019-01-05,260790109A,Barra de Jangada,JABOATÃO DOS GUARARAPES,-8.22,-34.932,12.4106755442896,95.8015267175572,76.7175572519084,80.9160305343512,82.824427480916,0,24,0,0,0,24,60,TRUE,TRUE,TRUE,TRUE,50.4583333333333,TRUE
2019-01-06,260790109A,Barra de Jangada,JABOATÃO DOS GUARARAPES,-8.22,-34.932,12.4106755442896,95.8015267175572,76.7175572519084,80.9160305343512,82.824427480916,4.15,27,0,4,1.77,27,60,TRUE,TRUE,TRUE,TRUE,29.9583333333333,TRUE
2019-01-07,260790109A,Barra de Jangada,JABOATÃO DOS GUARARAPES,-8.22,-34.932,12.4106755442896,95.8015267175572,76.7175572519084,80.9160305343512,82.824427480916,7.53,35,0,12,2.36,35,60,TRUE,TRUE,TRUE,TRUE,23.7619047619048,TRUE
2019-01-08,260790109A,Barra de Jangada,JABOATÃO DOS GUARARAPES,-8.22,-34.932,12.4106755442896,95.8015267175572,76.7175572519084,80.9160305343512,82.824427480916,0,24,0,0,0,24,60,TRUE,TRUE,TRUE,TRUE,42.5416666666667,TRUE
2019-01-09,260790109A,Barra de Jangada,JABOATÃO DOS GUARARAPES,-8.22,-34.932,12.4106755442896,95.8015267175572,76.7175572519084,80.9160305343512,82.824427480916,0,24,0,0,0,24,60,TRUE,TRUE,TRUE,TRUE,41.9166666666667,TRUE
2019-01-10,260790109A,Barra de Jangada,JABOATÃO DOS GUARARAPES,-8.22,-34.932,12.4106755442896,95.8015267175572,76.7175572519084,80.9160305343512,82.824427480916,0,24,0,0,0,24,60,TRUE,TRUE,TRUE,TRUE,37.6666666666667,TRUE
2019-01-11,260790109A,Barra de Jangada,JABOATÃO DOS GUARARAPES,-8.22,-34.932,12.4106755442896,95.8015267175572,76.7175572519084,80.9160305343512,82.824427480916,0.2,24,0,1,0.2,24,60,TRUE,TRUE,TRUE,TRUE,38.7272727272727,TRUE
2019-01-12,260790109A,Barra de Jangada,JABOATÃO DOS GUARARAPES,-8.22,-34.932,12.4106755442896,95.8015267175572,76.7175572519084,80.9160305343512,82.824427480916,2.57,32,0,9,0.59,32,60,TRUE,TRUE,TRUE,TRUE,14.8333333333333,TRUE
2019-01-13,260790109A,Barra de Jangada,JABOATÃO DOS GUARARAPES,-8.22,-34.932,12.4106755442896,95.8015267175572,76.7175572519084,80.9160305343512,82.824427480916,1.18,26,0,2,0.79,26,60,TRUE,TRUE,TRUE,TRUE,29.6666666666667,TRUE
2019-01-14,260790109A,Barra de Jangada,JABOATÃO DOS GUARARAPES,-8.22,-34.932,12.4106755442896,95.8015267175572,76.7175572519084,80.9160305343512,82.824427480916,0.4,25,0,2,0.2,25,60,TRUE,TRUE,TRUE,TRUE,36.3333333333333,TRUE
2019-01-15,260790109A,Barra de Jangada,JABOATÃO DOS GUARARAPES,-8.22,-34.932,12.4106755442896,95.8015267175572,76.7175572519084,80.9160305343512,82.824427480916,0.2,25,0,1,0.2,25,60,TRUE,TRUE,TRUE,TRUE,37.695652173913,TRUE
2019-01-16,260790109A,Barra de Jangada,JABOATÃO DOS GUARARAPES,-8.22,-34.932,12.4106755442896,95.8015267175572,76.7175572519084,80.9160305343512,82.824427480916,0,24,0,0,0,24,60,TRUE,TRUE,TRUE,TRUE,32.9583333333333,TRUE
2019-01-17,260790109A,Barra de Jangada,JABOATÃO DOS GUARARAPES,-8.22,-34.932,12.4106755442896,95.8015267175572,76.7175572519084,80.9160305343512,82.824427480916,0.59,26,0,2,0.39,26,60,TRUE,TRUE,TRUE,TRUE,24.8333333333333,TRUE
2019-01-18,260790109A,Barra de Jangada,JABOATÃO DOS GUARARAPES,-8.22,-34.932,12.4106755442896,95.8015267175572,76.7175572519084,80.9160305343512,82.824427480916,0,24,0,0,0,24,60,TRUE,TRUE,TRUE,TRUE,32.9166666666667,TRUE
2019-01-19,260790109A,Barra de Jangada,JABOATÃO DOS GUARARAPES,-8.22,-34.932,12.4106755442896,95.8015267175572,76.7175572519084,80.9160305343512,82.824427480916,0,24,0,0,0,24,60,TRUE,TRUE,TRUE,TRUE,34.7916666666667,TRUE
2019-01-20,260790109A,Barra de Jangada,JABOATÃO DOS GUARARAPES,-8.22,-34.932,12.4106755442896,95.8015267175572,76.7175572519084,80.9160305343512,82.824427480916,4.13,27,0,3,1.77,27,60,TRUE,TRUE,TRUE,TRUE,34.125,TRUE
2019-01-21,260790109A,Barra de Jangada,JABOATÃO DOS GUARARAPES,-8.22,-34.932,12.4106755442896,95.8015267175572,76.7175572519084,80.9160305343512,82.824427480916,0,24,0,0,0,24,60,TRUE,TRUE,TRUE,TRUE,38.8333333333333,TRUE
2019-01-22,260790109A,Barra de Jangada,JABOATÃO DOS GUARARAPES,-8.22,-34.932,12.4106755442896,95.8015267175572,76.7175572519084,80.9160305343512,82.824427480916,12.39,30,0,7,4.14,30,60,TRUE,TRUE,TRUE,TRUE,25.6363636363636,TRUE
2019-01-23,260790109A,Barra de Jangada,JABOATÃO DOS GUARARAPES,-8.22,-34.932,12.4106755442896,95.8015267175572,76.7175572519084,80.9160305343512,82.824427480916,0,24,0,0,0,24,60,TRUE,TRUE,TRUE,TRUE,33.7916666666667,TRUE
2019-01-24,260790109A,Barra de Jangada,JABOATÃO DOS GUARARAPES,-8.22,-34.932,12.4106755442896,95.8015267175572,76.7175572519084,80.9160305343512,82.824427480916,0.98,25,0,1,0.98,25,60,TRUE,TRUE,TRUE,TRUE,38.6666666666667,TRUE
2019-01-25,260790109A,Barra de Jangada,JABOATÃO DOS GUARARAPES,-8.22,-34.932,12.4106755442896,95.8015267175572,76.7175572519084,80.9160305343512,82.824427480916,0.2,25,0,1,0.2,25,60,TRUE,TRUE,TRUE,TRUE,38.6666666666667,TRUE
2019-01-26,260790109A,Barra de Jangada,JABOATÃO DOS GUARARAPES,-8.22,-34.932,12.4106755442896,95.8015267175572,76.7175572519084,80.9160305343512,82.824427480916,0,24,0,0,0,24,60,TRUE,TRUE,TRUE,TRUE,44.7083333333333,TRUE
2019-01-27,260790109A,Barra de Jangada,JABOATÃO DOS GUARARAPES,-8.22,-34.932,12.4106755442896,95.8015267175572,76.7175572519084,80.9160305343512,82.824427480916,0,24,0,0,0,24,60,TRUE,TRUE,TRUE,TRUE,40.5,TRUE
2019-01-28,260790109A,Barra de Jangada,JABOATÃO DOS GUARARAPES,-8.22,-34.932,12.4106755442896,95.8015267175572,76.7175572519084,80.9160305343512,82.824427480916,41.3,51,0,32,7.71,51,60,TRUE,TRUE,TRUE,TRUE,22.25,TRUE
2019-01-29,260790109A,Barra de Jangada,JABOATÃO DOS GUARARAPES,-8.22,-34.932,12.4106755442896,95.8015267175572,76.7175572519084,80.9160305343512,82.824427480916,1,29,0,5,0.2,29,60,TRUE,TRUE,TRUE,TRUE,26.4782608695652,TRUE
2019-01-30,260790109A,Barra de Jangada,JABOATÃO DOS GUARARAPES,-8.22,-34.932,12.4106755442896,95.8015267175572,76.7175572519084,80.9160305343512,82.824427480916,0.79,26,0,2,0.59,26,60,TRUE,TRUE,TRUE,TRUE,30.9166666666667,TRUE
2019-01-31,260790109A,Barra de Jangada,JABOATÃO DOS GUARARAPES,-8.22,-34.932,12.4106755442896,95.8015267175572,76.7175572519084,80.9160305343512,82.824427480916,0.98,25,0,1,0.98,25,60,TRUE,TRUE,TRUE,TRUE,37,TRUE
2019-02-01,260790109A,Barra de Jangada,JABOATÃO DOS GUARARAPES,-8.22,-34.932,12.4106755442896,95.8015267175572,76.7175572519084,80.9160305343512,82.824427480916,0,24,0,0,0,24,60,TRUE,TRUE,TRUE,TRUE,32.75,TRUE
2019-02-02,260790109A,Barra de Jangada,JABOATÃO DOS GUARARAPES,-8.22,-34.932,12.4106755442896,95.8015267175572,76.7175572519084,80.9160305343512,82.824427480916,2.39,26,0,4,1.38,26,70,FALSE,TRUE,TRUE,TRUE,30.5416666666667,TRUE
2019-02-03,260790109A,Barra de Jangada,JABOATÃO DOS GUARARAPES,-8.22,-34.932,12.4106755442896,95.8015267175572,76.7175572519084,80.9160305343512,82.824427480916,33.44,43,0,23,10.78,43,60,TRUE,TRUE,TRUE,TRUE,15.2083333333333,TRUE
2019-02-04,260790109A,Barra de Jangada,JABOATÃO DOS GUARARAPES,-8.22,-34.932,12.4106755442896,95.8015267175572,76.7175572519084,80.9160305343512,82.824427480916,9.9,30,0,9,6.32,30,120,FALSE,FALSE,FALSE,TRUE,16.8333333333333,TRUE
2019-02-05,260790109A,Barra de Jangada,JABOATÃO DOS GUARARAPES,-8.22,-34.932,12.4106755442896,95.8015267175572,76.7175572519084,80.9160305343512,82.824427480916,3.4,24,0,5,1.38,24,180,FALSE,FALSE,FALSE,TRUE,16,TRUE
2019-02-06,260790109A,Barra de Jangada,JABOATÃO DOS GUARARAPES,-8.22,-34.932,12.4106755442896,95.8015267175572,76.7175572519084,80.9160305343512,82.824427480916,45.41,62,0,46,6.7,62,70,FALSE,TRUE,TRUE,TRUE,15.5238095238095,TRUE
2019-02-07,260790109A,Barra de Jangada,JABOATÃO DOS GUARARAPES,-8.22,-34.932,12.4106755442896,95.8015267175572,76.7175572519084,80.9160305343512,82.824427480916,0,19,0,0,0,19,1250,FALSE,FALSE,FALSE,TRUE,35.25,TRUE
2019-02-08,260790109A,Barra de Jangada,JABOATÃO DOS GUARARAPES,-8.22,-34.932,12.4106755442896,95.8015267175572,76.7175572519084,80.9160305343512,82.824427480916,0,10,0,0,0,10,1250,FALSE,FALSE,FALSE,TRUE,50.75,TRUE
2019-02-09,260790109A,Barra de Jangada,JABOATÃO DOS GUARARAPES,-8.22,-34.932,12.4106755442896,95.8015267175572,76.7175572519084,80.9160305343512,82.824427480916,3.2,26,0,4,1.38,26,60,TRUE,TRUE,TRUE,TRUE,54.125,TRUE
2019-02-10,260790109A,Barra de Jangada,JABOATÃO DOS GUARARAPES,-8.22,-34.932,12.4106755442896,95.8015267175572,76.7175572519084,80.9160305343512,82.824427480916,0.59,26,0,2,0.39,26,60,TRUE,TRUE,TRUE,TRUE,46.75,TRUE
2019-02-11,260790109A,Barra de Jangada,JABOATÃO DOS GUARARAPES,-8.22,-34.932,12.4106755442896,95.8015267175572,76.7175572519084,80.9160305343512,82.824427480916,0.2,24,0,1,0.2,24,120,FALSE,FALSE,FALSE,TRUE,45.875,TRUE
2019-02-12,260790109A,Barra de Jangada,JABOATÃO DOS GUARARAPES,-8.22,-34.932,12.4106755442896,95.8015267175572,76.7175572519084,80.9160305343512,82.824427480916,0.4,26,0,2,0.2,26,60,TRUE,TRUE,TRUE,TRUE,35.7272727272727,TRUE
2019-02-13,260790109A,Barra de Jangada,JABOATÃO DOS GUARARAPES,-8.22,-34.932,12.4106755442896,95.8015267175572,76.7175572519084,80.9160305343512,82.824427480916,10.24,45,0,25,0.79,45,60,TRUE,TRUE,TRUE,TRUE,23.625,TRUE
2019-02-14,260790109A,Barra de Jangada,JABOATÃO DOS GUARARAPES,-8.22,-34.932,12.4106755442896,95.8015267175572,76.7175572519084,80.9160305343512,82.824427480916,0,24,0,0,0,24,60,TRUE,TRUE,TRUE,TRUE,25.4444444444444,TRUE
2019-02-15,260790109A,Barra de Jangada,JABOATÃO DOS GUARARAPES,-8.22,-34.932,12.4106755442896,95.8015267175572,76.7175572519084,80.9160305343512,82.824427480916,2.17,26,0,2,1.97,26,60,TRUE,TRUE,TRUE,TRUE,23.2083333333333,TRUE
2019-02-16,260790109A,Barra de Jangada,JABOATÃO DOS GUARARAPES,-8.22,-34.932,12.4106755442896,95.8015267175572,76.7175572519084,80.9160305343512,82.824427480916,0,20,0,0,0,20,340,FALSE,FALSE,FALSE,TRUE,24.7083333333333,TRUE
2019-02-17,260790109A,Barra de Jangada,JABOATÃO DOS GUARARAPES,-8.22,-34.932,12.4106755442896,95.8015267175572,76.7175572519084,80.9160305343512,82.824427480916,2.99,30,0,8,0.59,30,60,TRUE,TRUE,TRUE,TRUE,21.047619047619,TRUE
2019-02-18,260790109A,Barra de Jangada,JABOATÃO DOS GUARARAPES,-8.22,-34.932,12.4106755442896,95.8015267175572,76.7175572519084,80.9160305343512,82.824427480916,0,24,0,0,0,24,60,TRUE,TRUE,TRUE,TRUE,40.0416666666667,TRUE
2019-02-19,260790109A,Barra de Jangada,JABOATÃO DOS GUARARAPES,-8.22,-34.932,12.4106755442896,95.8015267175572,76.7175572519084,80.9160305343512,82.824427480916,0,24,0,0,0,24,60,TRUE,TRUE,TRUE,TRUE,42.5833333333333,TRUE
2019-02-20,260790109A,Barra de Jangada,JABOATÃO DOS GUARARAPES,-8.22,-34.932,12.4106755442896,95.8015267175572,76.7175572519084,80.9160305343512,82.824427480916,0,24,0,0,0,24,60,TRUE,TRUE,TRUE,TRUE,31,TRUE
2019-02-21,260790109A,Barra de Jangada,JABOATÃO DOS GUARARAPES,-8.22,-34.932,12.4106755442896,95.8015267175572,76.7175572519084,80.9160305343512,82.824427480916,0,24,0,0,0,24,60,TRUE,TRUE,TRUE,TRUE,34.5416666666667,TRUE
2019-02-22,260790109A,Barra de Jangada,JABOATÃO DOS GUARARAPES,-8.22,-34.932,12.4106755442896,95.8015267175572,76.7175572519084,80.9160305343512,82.824427480916,0,24,0,0,0,24,60,TRUE,TRUE,TRUE,TRUE,40.1666666666667,TRUE
2019-02-23,260790109A,Barra de Jangada,JABOATÃO DOS GUARARAPES,-8.22,-34.932,12.4106755442896,95.8015267175572,76.7175572519084,80.9160305343512,82.824427480916,0,24,0,0,0,24,60,TRUE,TRUE,TRUE,TRUE,45.5416666666667,TRUE
2019-02-24,260790109A,Barra de Jangada,JABOATÃO DOS GUARARAPES,-8.22,-34.932,12.4106755442896,95.8015267175572,76.7175572519084,80.9160305343512,82.824427480916,0,24,0,0,0,24,60,TRUE,TRUE,TRUE,TRUE,26.7083333333333,TRUE
2019-02-25,260790109A,Barra de Jangada,JABOATÃO DOS GUARARAPES,-8.22,-34.932,12.4106755442896,95.8015267175572,76.7175572519084,80.9160305343512,82.824427480916,0,24,0,0,0,24,60,TRUE,TRUE,TRUE,TRUE,43.5416666666667,TRUE
2019-02-26,260790109A,Barra de Jangada,JABOATÃO DOS GUARARAPES,-8.22,-34.932,12.4106755442896,95.8015267175572,76.7175572519084,80.9160305343512,82.824427480916,4.33,26,0,3,2.76,26,140,FALSE,FALSE,FALSE,FALSE,,TRUE
2019-02-27,260790109A,Barra de Jangada,JABOATÃO DOS GUARARAPES,-8.22,-34.932,12.4106755442896,95.8015267175572,76.7175572519084,80.9160305343512,82.824427480916,0,23,0,0,0,23,120,FALSE,FALSE,FALSE,FALSE,,TRUE
2019-02-28,260790109A,Barra de Jangada,JABOATÃO DOS GUARARAPES,-8.22,-34.932,12.4106755442896,95.8015267175572,76.7175572519084,80.9160305343512,82.824427480916,0,24,0,0,0,24,60,TRUE,TRUE,TRUE,FALSE,,TRUE
2019-03-01,260790109A,Barra de Jangada,JABOATÃO DOS GUARARAPES,-8.22,-34.932,12.4106755442896,95.8015267175572,76.7175572519084,80.9160305343512,82.824427480916,8.14,32,1,8,6.52,31,60,TRUE,TRUE,TRUE,FALSE,,TRUE
2019-03-02,260790109A,Barra de Jangada,JABOATÃO DOS GUARARAPES,-8.22,-34.932,12.4106755442896,95.8015267175572,76.7175572519084,80.9160305343512,82.824427480916,7.93,33,0,10,4.73,34,60,TRUE,TRUE,TRUE,FALSE,,TRUE
2019-03-03,260790109A,Barra de Jangada,JABOATÃO DOS GUARARAPES,-8.22,-34.932,12.4106755442896,95.8015267175572,76.7175572519084,80.9160305343512,82.824427480916,9.53,27,0,3,8.34,27,60,TRUE,TRUE,TRUE,FALSE,,TRUE
2019-03-04,260790109A,Barra de Jangada,JABOATÃO DOS GUARARAPES,-8.22,-34.932,12.4106755442896,95.8015267175572,76.7175572519084,80.9160305343512,82.824427480916,0.4,25,0,2,0.2,25,60,TRUE,TRUE,TRUE,FALSE,,TRUE
2019-03-05,260790109A,Barra de Jangada,JABOATÃO DOS GUARARAPES,-8.22,-34.932,12.4106755442896,95.8015267175572,76.7175572519084,80.9160305343512,82.824427480916,14.01,28,0,5,6.91,28,60,TRUE,TRUE,TRUE,FALSE,,TRUE
2019-03-06,260790109A,Barra de Jangada,JABOATÃO DOS GUARARAPES,-8.22,-34.932,12.4106755442896,95.8015267175572,76.7175572519084,80.9160305343512,82.824427480916,1.58,26,0,5,0.59,26,60,TRUE,TRUE,TRUE,FALSE,,TRUE
2019-03-07,260790109A,Barra de Jangada,JABOATÃO DOS GUARARAPES,-8.22,-34.932,12.4106755442896,95.8015267175572,76.7175572519084,80.9160305343512,82.824427480916,0,24,0,0,0,24,60,TRUE,TRUE,TRUE,FALSE,,TRUE
2019-03-08,260790109A,Barra de Jangada,JABOATÃO DOS GUARARAPES,-8.22,-34.932,12.4106755442896,95.8015267175572,76.7175572519084,80.9160305343512,82.824427480916,3.35,27,0,3,2.95,27,60,TRUE,TRUE,TRUE,FALSE,,TRUE
2019-03-09,260790109A,Barra de Jangada,JABOATÃO DOS GUARARAPES,-8.22,-34.932,12.4106755442896,95.8015267175572,76.7175572519084,80.9160305343512,82.824427480916,0,24,0,0,0,24,60,TRUE,TRUE,TRUE,FALSE,,TRUE
2019-03-10,260790109A,Barra de Jangada,JABOATÃO DOS GUARARAPES,-8.22,-34.932,12.4106755442896,95.8015267175572,76.7175572519084,80.9160305343512,82.824427480916,0,24,0,0,0,24,60,TRUE,TRUE,TRUE,FALSE,,TRUE
2019-03-11,260790109A,Barra de Jangada,JABOATÃO DOS GUARARAPES,-8.22,-34.932,12.4106755442896,95.8015267175572,76.7175572519084,80.9160305343512,82.824427480916,0,24,0,0,0,24,60,TRUE,TRUE,TRUE,FALSE,,TRUE
2019-03-12,260790109A,Barra de Jangada,JABOATÃO DOS GUARARAPES,-8.22,-34.932,12.4106755442896,95.8015267175572,76.7175572519084,80.9160305343512,82.824427480916,4.93,27,0,5,2.76,27,60,TRUE,TRUE,TRUE,FALSE,,TRUE
2019-03-13,260790109A,Barra de Jangada,JABOATÃO DOS GUARARAPES,-8.22,-34.932,12.4106755442896,95.8015267175572,76.7175572519084,80.9160305343512,82.824427480916,3.15,26,0,3,1.77,26,60,TRUE,TRUE,TRUE,FALSE,,TRUE
2019-03-14,260790109A,Barra de Jangada,JABOATÃO DOS GUARARAPES,-8.22,-34.932,12.4106755442896,95.8015267175572,76.7175572519084,80.9160305343512,82.824427480916,1.38,26,0,3,0.98,26,60,TRUE,TRUE,TRUE,FALSE,,TRUE
2019-03-15,260790109A,Barra de Jangada,JABOATÃO DOS GUARARAPES,-8.22,-34.932,12.4106755442896,95.8015267175572,76.7175572519084,80.9160305343512,82.824427480916,0,24,0,0,0,24,60,TRUE,TRUE,TRUE,FALSE,,TRUE
2019-03-16,260790109A,Barra de Jangada,JABOATÃO DOS GUARARAPES,-8.22,-34.932,12.4106755442896,95.8015267175572,76.7175572519084,80.9160305343512,82.824427480916,0,24,0,0,0,24,60,TRUE,TRUE,TRUE,FALSE,,TRUE
2019-03-17,260790109A,Barra de Jangada,JABOATÃO DOS GUARARAPES,-8.22,-34.932,12.4106755442896,95.8015267175572,76.7175572519084,80.9160305343512,82.824427480916,0,24,0,0,0,24,60,TRUE,TRUE,TRUE,FALSE,,TRUE
2019-03-18,260790109A,Barra de Jangada,JABOATÃO DOS GUARARAPES,-8.22,-34.932,12.4106755442896,95.8015267175572,76.7175572519084,80.9160305343512,82.824427480916,28.1,32,0,12,9.75,32,60,TRUE,TRUE,TRUE,FALSE,,TRUE
2019-03-19,260790109A,Barra de Jangada,JABOATÃO DOS GUARARAPES,-8.22,-34.932,12.4106755442896,95.8015267175572,76.7175572519084,80.9160305343512,82.824427480916,0,24,0,0,0,24,60,TRUE,TRUE,TRUE,FALSE,,TRUE
2019-03-20,260790109A,Barra de Jangada,JABOATÃO DOS GUARARAPES,-8.22,-34.932,12.4106755442896,95.8015267175572,76.7175572519084,80.9160305343512,82.824427480916,0,23,0,0,0,23,120,FALSE,FALSE,FALSE,FALSE,,TRUE
2019-03-21,260790109A,Barra de Jangada,JABOATÃO DOS GUARARAPES,-8.22,-34.932,12.4106755442896,95.8015267175572,76.7175572519084,80.9160305343512,82.824427480916,0,24,0,0,0,24,60,TRUE,TRUE,TRUE,FALSE,,TRUE
2019-03-22,260790109A,Barra de Jangada,JABOATÃO DOS GUARARAPES,-8.22,-34.932,12.4106755442896,95.8015267175572,76.7175572519084,80.9160305343512,82.824427480916,0,24,0,0,0,24,60,TRUE,TRUE,TRUE,FALSE,,TRUE
2019-03-23,260790109A,Barra de Jangada,JABOATÃO DOS GUARARAPES,-8.22,-34.932,12.4106755442896,95.8015267175572,76.7175572519084,80.9160305343512,82.824427480916,0,24,0,0,0,24,60,TRUE,TRUE,TRUE,FALSE,,TRUE
2019-03-24,260790109A,Barra de Jangada,JABOATÃO DOS GUARARAPES,-8.22,-34.932,12.4106755442896,95.8015267175572,76.7175572519084,80.9160305343512,82.824427480916,0,24,0,0,0,24,60,TRUE,TRUE,TRUE,FALSE,,TRUE
2019-03-25,260790109A,Barra de Jangada,JABOATÃO DOS GUARARAPES,-8.22,-34.932,12.4106755442896,95.8015267175572,76.7175572519084,80.9160305343512,82.824427480916,0,24,0,0,0,24,60,TRUE,TRUE,TRUE,FALSE,,TRUE
2019-03-26,260790109A,Barra de Jangada,JABOATÃO DOS GUARARAPES,-8.22,-34.932,12.4106755442896,95.8015267175572,76.7175572519084,80.9160305343512,82.824427480916,23.99,40,0,18,7.54,40,60,TRUE,TRUE,TRUE,FALSE,,TRUE
2019-03-27,260790109A,Barra de Jangada,JABOATÃO DOS GUARARAPES,-8.22,-34.932,12.4106755442896,95.8015267175572,76.7175572519084,80.9160305343512,82.824427480916,17.95,34,0,13,6.54,34,60,TRUE,TRUE,TRUE,TRUE,21,TRUE
2019-03-28,260790109A,Barra de Jangada,JABOATÃO DOS GUARARAPES,-8.22,-34.932,12.4106755442896,95.8015267175572,76.7175572519084,80.9160305343512,82.824427480916,3.55,28,0,5,1.77,28,80,FALSE,FALSE,TRUE,TRUE,40.6521739130435,TRUE
2019-03-29,260790109A,Barra de Jangada,JABOATÃO DOS GUARARAPES,-8.22,-34.932,12.4106755442896,95.8015267175572,76.7175572519084,80.9160305343512,82.824427480916,4.94,30,0,7,1.57,30,60,TRUE,TRUE,TRUE,TRUE,21.5555555555556,TRUE
2019-03-30,260790109A,Barra de Jangada,JABOATÃO DOS GUARARAPES,-8.22,-34.932,12.4106755442896,95.8015267175572,76.7175572519084,80.9160305343512,82.824427480916,42.5,37,0,15,17.06,37,60,TRUE,TRUE,TRUE,FALSE,,TRUE
2019-03-31,260790109A,Barra de Jangada,JABOATÃO DOS GUARARAPES,-8.22,-34.932,12.4106755442896,95.8015267175572,76.7175572519084,80.9160305343512,82.824427480916,6.32,32,0,10,1.38,32,60,TRUE,TRUE,TRUE,FALSE,,TRUE
2019-04-01,260790109A,Barra de Jangada,JABOATÃO DOS GUARARAPES,-8.22,-34.932,12.4106755442896,95.8015267175572,76.7175572519084,80.9160305343512,82.824427480916,0.2,25,0,1,0.2,25,60,TRUE,TRUE,TRUE,FALSE,,TRUE
2019-04-02,260790109A,Barra de Jangada,JABOATÃO DOS GUARARAPES,-8.22,-34.932,12.4106755442896,95.8015267175572,76.7175572519084,80.9160305343512,82.824427480916,0,24,0,0,0,24,60,TRUE,TRUE,TRUE,TRUE,42.375,TRUE
2019-04-03,260790109A,Barra de Jangada,JABOATÃO DOS GUARARAPES,-8.22,-34.932,12.4106755442896,95.8015267175572,76.7175572519084,80.9160305343512,82.824427480916,10.93,32,0,10,5.4,32,60,TRUE,TRUE,TRUE,TRUE,53.2222222222222,TRUE
2019-04-04,260790109A,Barra de Jangada,JABOATÃO DOS GUARARAPES,-8.22,-34.932,12.4106755442896,95.8015267175572,76.7175572519084,80.9160305343512,82.824427480916,3.16,28,0,4,2.17,28,60,TRUE,TRUE,TRUE,TRUE,51.3684210526316,TRUE
2019-04-05,260790109A,Barra de Jangada,JABOATÃO DOS GUARARAPES,-8.22,-34.932,12.4106755442896,95.8015267175572,76.7175572519084,80.9160305343512,82.824427480916,0.62,26,0,2,0.42,26,60,TRUE,TRUE,TRUE,TRUE,55.5416666666667,TRUE
2019-04-06,260790109A,Barra de Jangada,JABOATÃO DOS GUARARAPES,-8.22,-34.932,12.4106755442896,95.8015267175572,76.7175572519084,80.9160305343512,82.824427480916,3.15,26,0,3,2.36,26,60,TRUE,TRUE,TRUE,TRUE,70.7916666666667,TRUE
2019-04-07,260790109A,Barra de Jangada,JABOATÃO DOS GUARARAPES,-8.22,-34.932,12.4106755442896,95.8015267175572,76.7175572519084,80.9160305343512,82.824427480916,22.4,36,0,13,9.18,36,60,TRUE,TRUE,TRUE,TRUE,44.2631578947368,TRUE
2019-04-08,260790109A,Barra de Jangada,JABOATÃO DOS GUARARAPES,-8.22,-34.932,12.4106755442896,95.8015267175572,76.7175572519084,80.9160305343512,82.824427480916,3.16,30,0,7,1.38,30,60,TRUE,TRUE,TRUE,TRUE,37.5833333333333,TRUE
2019-04-09,260790109A,Barra de Jangada,JABOATÃO DOS GUARARAPES,-8.22,-34.932,12.4106755442896,95.8015267175572,76.7175572519084,80.9160305343512,82.824427480916,0,24,0,0,0,24,60,TRUE,TRUE,TRUE,TRUE,54.5652173913044,TRUE
2019-04-10,260790109A,Barra de Jangada,JABOATÃO DOS GUARARAPES,-8.22,-34.932,12.4106755442896,95.8015267175572,76.7175572519084,80.9160305343512,82.824427480916,0,24,0,0,0,24,60,TRUE,TRUE,TRUE,TRUE,68.7083333333333,TRUE
2019-04-11,260790109A,Barra de Jangada,JABOATÃO DOS GUARARAPES,-8.22,-34.932,12.4106755442896,95.8015267175572,76.7175572519084,80.9160305343512,82.824427480916,0,24,0,0,0,24,60,TRUE,TRUE,TRUE,TRUE,49.8333333333333,TRUE
2019-04-12,260790109A,Barra de Jangada,JABOATÃO DOS GUARARAPES,-8.22,-34.932,12.4106755442896,95.8015267175572,76.7175572519084,80.9160305343512,82.824427480916,23.66,46,0,25,6.9,46,60,TRUE,TRUE,TRUE,TRUE,10.7058823529412,TRUE
2019-04-13,260790109A,Barra de Jangada,JABOATÃO DOS GUARARAPES,-8.22,-34.932,12.4106755442896,95.8015267175572,76.7175572519084,80.9160305343512,82.824427480916,6.12,30,0,8,2.16,30,60,TRUE,TRUE,TRUE,TRUE,25.95,TRUE
2019-04-14,260790109A,Barra de Jangada,JABOATÃO DOS GUARARAPES,-8.22,-34.932,12.4106755442896,95.8015267175572,76.7175572519084,80.9160305343512,82.824427480916,0,24,0,0,0,24,60,TRUE,TRUE,TRUE,TRUE,30.7083333333333,TRUE
2019-04-15,260790109A,Barra de Jangada,JABOATÃO DOS GUARARAPES,-8.22,-34.932,12.4106755442896,95.8015267175572,76.7175572519084,80.9160305343512,82.824427480916,0,24,0,0,0,24,60,TRUE,TRUE,TRUE,TRUE,33.5,TRUE
2019-04-16,260790109A,Barra de Jangada,JABOATÃO DOS GUARARAPES,-8.22,-34.932,12.4106755442896,95.8015267175572,76.7175572519084,80.9160305343512,82.824427480916,0,23,0,0,0,23,120,FALSE,FALSE,FALSE,TRUE,46.3888888888889,TRUE
2019-04-17,260790109A,Barra de Jangada,JABOATÃO DOS GUARARAPES,-8.22,-34.932,12.4106755442896,95.8015267175572,76.7175572519084,80.9160305343512,82.824427480916,3.18,26,0,3,1.97,26,60,TRUE,TRUE,TRUE,TRUE,29.8333333333333,TRUE
2019-04-18,260790109A,Barra de Jangada,JABOATÃO DOS GUARARAPES,-8.22,-34.932,12.4106755442896,95.8015267175572,76.7175572519084,80.9160305343512,82.824427480916,0,24,0,0,0,24,60,TRUE,TRUE,TRUE,TRUE,28.0952380952381,TRUE
2019-04-19,260790109A,Barra de Jangada,JABOATÃO DOS GUARARAPES,-8.22,-34.932,12.4106755442896,95.8015267175572,76.7175572519084,80.9160305343512,82.824427480916,0,24,0,0,0,24,60,TRUE,TRUE,TRUE,TRUE,25.7916666666667,TRUE
2019-04-20,260790109A,Barra de Jangada,JABOATÃO DOS GUARARAPES,-8.22,-34.932,12.4106755442896,95.8015267175572,76.7175572519084,80.9160305343512,82.824427480916,37.69,39,0,19,12.6,39,60,TRUE,TRUE,TRUE,FALSE,,TRUE
2019-04-21,260790109A,Barra de Jangada,JABOATÃO DOS GUARARAPES,-8.22,-34.932,12.4106755442896,95.8015267175572,76.7175572519084,80.9160305343512,82.824427480916,0,24,0,0,0,24,60,TRUE,TRUE,TRUE,TRUE,35.6,TRUE
2019-04-22,260790109A,Barra de Jangada,JABOATÃO DOS GUARARAPES,-8.22,-34.932,12.4106755442896,95.8015267175572,76.7175572519084,80.9160305343512,82.824427480916,0.98,24,0,1,0.98,24,60,TRUE,TRUE,TRUE,FALSE,,TRUE
2019-04-23,260790109A,Barra de Jangada,JABOATÃO DOS GUARARAPES,-8.22,-34.932,12.4106755442896,95.8015267175572,76.7175572519084,80.9160305343512,82.824427480916,8.69,37,0,14,2.95,37,60,TRUE,TRUE,TRUE,TRUE,25.625,TRUE
2019-04-24,260790109A,Barra de Jangada,JABOATÃO DOS GUARARAPES,-8.22,-34.932,12.4106755442896,95.8015267175572,76.7175572519084,80.9160305343512,82.824427480916,14.77,33,0,11,3.55,33,60,TRUE,TRUE,TRUE,TRUE,15.9375,TRUE
2019-04-25,260790109A,Barra de Jangada,JABOATÃO DOS GUARARAPES,-8.22,-34.932,12.4106755442896,95.8015267175572,76.7175572519084,80.9160305343512,82.824427480916,4.17,30,0,9,1.38,30,120,FALSE,FALSE,FALSE,FALSE,,TRUE
2019-04-26,260790109A,Barra de Jangada,JABOATÃO DOS GUARARAPES,-8.22,-34.932,12.4106755442896,95.8015267175572,76.7175572519084,80.9160305343512,82.824427480916,3.94,32,0,9,0.98,32,70,FALSE,TRUE,TRUE,TRUE,25.5217391304348,TRUE
2019-04-27,260790109A,Barra de Jangada,JABOATÃO DOS GUARARAPES,-8.22,-34.932,12.4106755442896,95.8015267175572,76.7175572519084,80.9160305343512,82.824427480916,0.4,25,0,2,0.2,25,60,TRUE,TRUE,TRUE,TRUE,36.7727272727273,TRUE
2019-04-28,260790109A,Barra de Jangada,JABOATÃO DOS GUARARAPES,-8.22,-34.932,12.4106755442896,95.8015267175572,76.7175572519084,80.9160305343512,82.824427480916,0,24,0,0,0,24,60,TRUE,TRUE,TRUE,TRUE,39.1666666666667,TRUE
2019-04-29,260790109A,Barra de Jangada,JABOATÃO DOS GUARARAPES,-8.22,-34.932,12.4106755442896,95.8015267175572,76.7175572519084,80.9160305343512,82.824427480916,14.83,28,1,6,7.53,27,60,TRUE,TRUE,TRUE,TRUE,33.5,TRUE
2019-04-30,260790109A,Barra de Jangada,JABOATÃO DOS GUARARAPES,-8.22,-34.932,12.4106755442896,95.8015267175572,76.7175572519084,80.9160305343512,82.824427480916,8.3,30,0,7,4.72,31,60,TRUE,TRUE,TRUE,TRUE,41.4117647058824,TRUE
2019-05-01,260790109A,Barra de Jangada,JABOATÃO DOS GUARARAPES,-8.22,-34.932,12.4106755442896,95.8015267175572,76.7175572519084,80.9160305343512,82.824427480916,1.97,26,0,4,0.98,26,120,FALSE,FALSE,FALSE,TRUE,41.125,TRUE
2019-05-02,260790109A,Barra de Jangada,JABOATÃO DOS GUARARAPES,-8.22,-34.932,12.4106755442896,95.8015267175572,76.7175572519084,80.9160305343512,82.824427480916,0.42,25,0,1,0.42,25,60,TRUE,TRUE,TRUE,TRUE,55,TRUE
2019-05-03,260790109A,Barra de Jangada,JABOATÃO DOS GUARARAPES,-8.22,-34.932,12.4106755442896,95.8015267175572,76.7175572519084,80.9160305343512,82.824427480916,0,24,0,0,0,24,60,TRUE,TRUE,TRUE,TRUE,62.2916666666667,TRUE
2019-05-04,260790109A,Barra de Jangada,JABOATÃO DOS GUARARAPES,-8.22,-34.932,12.4106755442896,95.8015267175572,76.7175572519084,80.9160305343512,82.824427480916,0.4,25,0,2,0.2,25,60,TRUE,TRUE,TRUE,TRUE,49.2916666666667,TRUE
2019-05-05,260790109A,Barra de Jangada,JABOATÃO DOS GUARARAPES,-8.22,-34.932,12.4106755442896,95.8015267175572,76.7175572519084,80.9160305343512,82.824427480916,0,24,0,0,0,24,60,TRUE,TRUE,TRUE,TRUE,41.8333333333333,TRUE
2019-05-06,260790109A,Barra de Jangada,JABOATÃO DOS GUARARAPES,-8.22,-34.932,12.4106755442896,95.8015267175572,76.7175572519084,80.9160305343512,82.824427480916,0,24,0,0,0,24,60,TRUE,TRUE,TRUE,TRUE,54.3157894736842,TRUE
2019-05-07,260790109A,Barra de Jangada,JABOATÃO DOS GUARARAPES,-8.22,-34.932,12.4106755442896,95.8015267175572,76.7175572519084,80.9160305343512,82.824427480916,0.6,24,0,3,0.2,24,240,FALSE,FALSE,FALSE,TRUE,52.1304347826087,TRUE
2019-05-08,260790109A,Barra de Jangada,JABOATÃO DOS GUARARAPES,-8.22,-34.932,12.4106755442896,95.8015267175572,76.7175572519084,80.9160305343512,82.824427480916,16.28,45,1,25,4.19,44,60,TRUE,TRUE,TRUE,FALSE,,TRUE
2019-05-09,260790109A,Barra de Jangada,JABOATÃO DOS GUARARAPES,-8.22,-34.932,12.4106755442896,95.8015267175572,76.7175572519084,80.9160305343512,82.824427480916,25.81,32,0,11,12.82,33,70,FALSE,TRUE,TRUE,TRUE,42.1875,TRUE
2019-05-10,260790109A,Barra de Jangada,JABOATÃO DOS GUARARAPES,-8.22,-34.932,12.4106755442896,95.8015267175572,76.7175572519084,80.9160305343512,82.824427480916,8.08,30,0,6,4.33,30,60,TRUE,TRUE,TRUE,FALSE,,TRUE
2019-05-11,260790109A,Barra de Jangada,JABOATÃO DOS GUARARAPES,-8.22,-34.932,12.4106755442896,95.8015267175572,76.7175572519084,80.9160305343512,82.824427480916,0.59,26,0,2,0.39,26,60,TRUE,TRUE,TRUE,TRUE,48.3809523809524,TRUE
2019-05-12,260790109A,Barra de Jangada,JABOATÃO DOS GUARARAPES,-8.22,-34.932,12.4106755442896,95.8015267175572,76.7175572519084,80.9160305343512,82.824427480916,0,24,0,0,0,24,60,TRUE,TRUE,TRUE,TRUE,37.9565217391304,TRUE
2019-05-13,260790109A,Barra de Jangada,JABOATÃO DOS GUARARAPES,-8.22,-34.932,12.4106755442896,95.8015267175572,76.7175572519084,80.9160305343512,82.824427480916,0.98,25,0,1,0.98,25,60,TRUE,TRUE,TRUE,TRUE,95.75,TRUE
2019-05-14,260790109A,Barra de Jangada,JABOATÃO DOS GUARARAPES,-8.22,-34.932,12.4106755442896,95.8015267175572,76.7175572519084,80.9160305343512,82.824427480916,0.2,24,0,1,0.2,24,60,TRUE,TRUE,TRUE,TRUE,104.0625,TRUE
2019-05-15,260790109A,Barra de Jangada,JABOATÃO DOS GUARARAPES,-8.22,-34.932,12.4106755442896,95.8015267175572,76.7175572519084,80.9160305343512,82.824427480916,0,24,0,0,0,24,60,TRUE,TRUE,TRUE,TRUE,72.5833333333333,TRUE
2019-05-16,260790109A,Barra de Jangada,JABOATÃO DOS GUARARAPES,-8.22,-34.932,12.4106755442896,95.8015267175572,76.7175572519084,80.9160305343512,82.824427480916,0,24,0,0,0,24,60,TRUE,TRUE,TRUE,TRUE,57.8333333333333,TRUE
2019-05-17,260790109A,Barra de Jangada,JABOATÃO DOS GUARARAPES,-8.22,-34.932,12.4106755442896,95.8015267175572,76.7175572519084,80.9160305343512,82.824427480916,0.8,27,0,4,0.2,27,60,TRUE,TRUE,TRUE,TRUE,49.0909090909091,TRUE
2019-05-18,260790109A,Barra de Jangada,JABOATÃO DOS GUARARAPES,-8.22,-34.932,12.4106755442896,95.8015267175572,76.7175572519084,80.9160305343512,82.824427480916,6.39,26,0,2,6.19,26,60,TRUE,TRUE,TRUE,TRUE,43.0909090909091,TRUE
2019-05-19,260790109A,Barra de Jangada,JABOATÃO DOS GUARARAPES,-8.22,-34.932,12.4106755442896,95.8015267175572,76.7175572519084,80.9160305343512,82.824427480916,6.11,29,0,6,4.53,29,60,TRUE,TRUE,TRUE,TRUE,22.3529411764706,TRUE
2019-05-20,260790109A,Barra de Jangada,JABOATÃO DOS GUARARAPES,-8.22,-34.932,12.4106755442896,95.8015267175572,76.7175572519084,80.9160305343512,82.824427480916,27.38,46,0,28,4.14,46,60,TRUE,TRUE,TRUE,TRUE,24.9047619047619,TRUE
2019-05-21,260790109A,Barra de Jangada,JABOATÃO DOS GUARARAPES,-8.22,-34.932,12.4106755442896,95.8015267175572,76.7175572519084,80.9160305343512,82.824427480916,40.9,36,0,16,7.91,36,60,TRUE,TRUE,TRUE,FALSE,,TRUE
2019-05-22,260790109A,Barra de Jangada,JABOATÃO DOS GUARARAPES,-8.22,-34.932,12.4106755442896,95.8015267175572,76.7175572519084,80.9160305343512,82.824427480916,2.95,25,0,1,2.95,25,60,TRUE,TRUE,TRUE,TRUE,63.5,TRUE
2019-05-23,260790109A,Barra de Jangada,JABOATÃO DOS GUARARAPES,-8.22,-34.932,12.4106755442896,95.8015267175572,76.7175572519084,80.9160305343512,82.824427480916,0.4,26,0,2,0.2,26,80,FALSE,FALSE,TRUE,TRUE,42.4166666666667,TRUE
2019-05-24,260790109A,Barra de Jangada,JABOATÃO DOS GUARARAPES,-8.22,-34.932,12.4106755442896,95.8015267175572,76.7175572519084,80.9160305343512,82.824427480916,0.78,26,0,2,0.39,26,60,TRUE,TRUE,TRUE,TRUE,47.6666666666667,TRUE
2019-05-25,260790109A,Barra de Jangada,JABOATÃO DOS GUARARAPES,-8.22,-34.932,12.4106755442896,95.8015267175572,76.7175572519084,80.9160305343512,82.824427480916,0,24,0,0,0,24,60,TRUE,TRUE,TRUE,TRUE,50.6666666666667,TRUE
2019-05-26,260790109A,Barra de Jangada,JABOATÃO DOS GUARARAPES,-8.22,-34.932,12.4106755442896,95.8015267175572,76.7175572519084,80.9160305343512,82.824427480916,6.71,30,0,8,2.56,30,60,TRUE,TRUE,TRUE,TRUE,30,TRUE
2019-05-27,260790109A,Barra de Jangada,JABOATÃO DOS GUARARAPES,-8.22,-34.932,12.4106755442896,95.8015267175572,76.7175572519084,80.9160305343512,82.824427480916,58.64,42,0,23,16.44,42,60,TRUE,TRUE,TRUE,TRUE,32.0588235294118,TRUE
2019-05-28,260790109A,Barra de Jangada,JABOATÃO DOS GUARARAPES,-8.22,-34.932,12.4106755442896,95.8015267175572,76.7175572519084,80.9160305343512,82.824427480916,10.84,33,0,11,3.36,33,60,TRUE,TRUE,TRUE,TRUE,51.2857142857143,TRUE
2019-05-29,260790109A,Barra de Jangada,JABOATÃO DOS GUARARAPES,-8.22,-34.932,12.4106755442896,95.8015267175572,76.7175572519084,80.9160305343512,82.824427480916,0.6,27,0,3,0.2,27,60,TRUE,TRUE,TRUE,TRUE,20.95,TRUE
2019-05-30,260790109A,Barra de Jangada,JABOATÃO DOS GUARARAPES,-8.22,-34.932,12.4106755442896,95.8015267175572,76.7175572519084,80.9160305343512,82.824427480916,0.4,26,0,2,0.2,26,60,TRUE,TRUE,TRUE,TRUE,31.8333333333333,TRUE
2019-05-31,260790109A,Barra de Jangada,JABOATÃO DOS GUARARAPES,-8.22,-34.932,12.4106755442896,95.8015267175572,76.7175572519084,80.9160305343512,82.824427480916,2.56,27,0,4,0.99,27,60,TRUE,TRUE,TRUE,TRUE,38.5416666666667,TRUE
2019-06-01,260790109A,Barra de Jangada,JABOATÃO DOS GUARARAPES,-8.22,-34.932,12.4106755442896,95.8015267175572,76.7175572519084,80.9160305343512,82.824427480916,0.2,25,0,1,0.2,25,60,TRUE,TRUE,TRUE,TRUE,42.2222222222222,TRUE
2019-06-02,260790109A,Barra de Jangada,JABOATÃO DOS GUARARAPES,-8.22,-34.932,12.4106755442896,95.8015267175572,76.7175572519084,80.9160305343512,82.824427480916,0,24,0,0,0,24,60,TRUE,TRUE,TRUE,TRUE,40.0833333333333,TRUE
2019-06-03,260790109A,Barra de Jangada,JABOATÃO DOS GUARARAPES,-8.22,-34.932,12.4106755442896,95.8015267175572,76.7175572519084,80.9160305343512,82.824427480916,14.97,31,1,7,5.71,30,60,TRUE,TRUE,TRUE,TRUE,34.9047619047619,TRUE
2019-06-04,260790109A,Barra de Jangada,JABOATÃO DOS GUARARAPES,-8.22,-34.932,12.4106755442896,95.8015267175572,76.7175572519084,80.9160305343512,82.824427480916,22.06,31,0,9,6.9,32,60,TRUE,TRUE,TRUE,TRUE,40.1578947368421,TRUE
2019-06-05,260790109A,Barra de Jangada,JABOATÃO DOS GUARARAPES,-8.22,-34.932,12.4106755442896,95.8015267175572,76.7175572519084,80.9160305343512,82.824427480916,0,24,0,0,0,24,60,TRUE,TRUE,TRUE,TRUE,29.35,TRUE
2019-06-06,260790109A,Barra de Jangada,JABOATÃO DOS GUARARAPES,-8.22,-34.932,12.4106755442896,95.8015267175572,76.7175572519084,80.9160305343512,82.824427480916,3.36,26,0,3,2.56,26,60,TRUE,TRUE,TRUE,TRUE,37.1111111111111,TRUE
2019-06-07,260790109A,Barra de Jangada,JABOATÃO DOS GUARARAPES,-8.22,-34.932,12.4106755442896,95.8015267175572,76.7175572519084,80.9160305343512,82.824427480916,0,24,0,0,0,24,60,TRUE,TRUE,TRUE,TRUE,49.5263157894737,TRUE
2019-06-08,260790109A,Barra de Jangada,JABOATÃO DOS GUARARAPES,-8.22,-34.932,12.4106755442896,95.8015267175572,76.7175572519084,80.9160305343512,82.824427480916,0.6,26,0,3,0.2,26,60,TRUE,TRUE,TRUE,TRUE,42.8571428571429,TRUE
2019-06-09,260790109A,Barra de Jangada,JABOATÃO DOS GUARARAPES,-8.22,-34.932,12.4106755442896,95.8015267175572,76.7175572519084,80.9160305343512,82.824427480916,2.37,28,0,5,0.98,28,70,FALSE,TRUE,TRUE,TRUE,37.1176470588235,TRUE
2019-06-10,260790109A,Barra de Jangada,JABOATÃO DOS GUARARAPES,-8.22,-34.932,12.4106755442896,95.8015267175572,76.7175572519084,80.9160305343512,82.824427480916,1.19,26,0,3,0.79,26,70,FALSE,TRUE,TRUE,TRUE,37.8333333333333,TRUE
2019-06-11,260790109A,Barra de Jangada,JABOATÃO DOS GUARARAPES,-8.22,-34.932,12.4106755442896,95.8015267175572,76.7175572519084,80.9160305343512,82.824427480916,6.95,34,0,12,1.57,34,60,TRUE,TRUE,TRUE,TRUE,41.1666666666667,TRUE
2019-06-12,260790109A,Barra de Jangada,JABOATÃO DOS GUARARAPES,-8.22,-34.932,12.4106755442896,95.8015267175572,76.7175572519084,80.9160305343512,82.824427480916,16.98,40,0,20,4.93,40,60,TRUE,TRUE,TRUE,TRUE,32.625,TRUE
2019-06-13,260790109A,Barra de Jangada,JABOATÃO DOS GUARARAPES,-8.22,-34.932,12.4106755442896,95.8015267175572,76.7175572519084,80.9160305343512,82.824427480916,76.11,79,0,66,6.9,79,60,TRUE,TRUE,TRUE,TRUE,26.25,TRUE
2019-06-14,260790109A,Barra de Jangada,JABOATÃO DOS GUARARAPES,-8.22,-34.932,12.4106755442896,95.8015267175572,76.7175572519084,80.9160305343512,82.824427480916,0,24,0,0,0,24,60,TRUE,TRUE,TRUE,TRUE,51.7083333333333,TRUE
2019-06-15,260790109A,Barra de Jangada,JABOATÃO DOS GUARARAPES,-8.22,-34.932,12.4106755442896,95.8015267175572,76.7175572519084,80.9160305343512,82.824427480916,0,24,0,0,0,24,60,TRUE,TRUE,TRUE,TRUE,41.2083333333333,TRUE
2019-06-16,260790109A,Barra de Jangada,JABOATÃO DOS GUARARAPES,-8.22,-34.932,12.4106755442896,95.8015267175572,76.7175572519084,80.9160305343512,82.824427480916,74.89,90,1,76,3.35,89,60,TRUE,TRUE,TRUE,TRUE,20.7647058823529,TRUE
2019-06-17,260790109A,Barra de Jangada,JABOATÃO DOS GUARARAPES,-8.22,-34.932,12.4106755442896,95.8015267175572,76.7175572519084,80.9160305343512,82.824427480916,98.09,80,0,65,10.58,81,60,TRUE,TRUE,TRUE,FALSE,,TRUE
2019-06-18,260790109A,Barra de Jangada,JABOATÃO DOS GUARARAPES,-8.22,-34.932,12.4106755442896,95.8015267175572,76.7175572519084,80.9160305343512,82.824427480916,17.75,33,0,10,7.1,33,60,TRUE,TRUE,TRUE,TRUE,24.6363636363636,TRUE
2019-06-19,260790109A,Barra de Jangada,JABOATÃO DOS GUARARAPES,-8.22,-34.932,12.4106755442896,95.8015267175572,76.7175572519084,80.9160305343512,82.824427480916,13.42,32,0,9,3.35,32,60,TRUE,TRUE,TRUE,TRUE,19.4166666666667,TRUE
2019-06-20,260790109A,Barra de Jangada,JABOATÃO DOS GUARARAPES,-8.22,-34.932,12.4106755442896,95.8015267175572,76.7175572519084,80.9160305343512,82.824427480916,0,24,0,0,0,24,60,TRUE,TRUE,TRUE,TRUE,33.7826086956522,TRUE
2019-06-21,260790109A,Barra de Jangada,JABOATÃO DOS GUARARAPES,-8.22,-34.932,12.4106755442896,95.8015267175572,76.7175572519084,80.9160305343512,82.824427480916,0,24,0,0,0,24,60,TRUE,TRUE,TRUE,TRUE,45,TRUE
2019-06-22,260790109A,Barra de Jangada,JABOATÃO DOS GUARARAPES,-8.22,-34.932,12.4106755442896,95.8015267175572,76.7175572519084,80.9160305343512,82.824427480916,0,24,0,0,0,24,60,TRUE,TRUE,TRUE,TRUE,53.2083333333333,TRUE
2019-06-23,260790109A,Barra de Jangada,JABOATÃO DOS GUARARAPES,-8.22,-34.932,12.4106755442896,95.8015267175572,76.7175572519084,80.9160305343512,82.824427480916,0,24,0,0,0,24,60,TRUE,TRUE,TRUE,TRUE,63,TRUE
2019-06-24,260790109A,Barra de Jangada,JABOATÃO DOS GUARARAPES,-8.22,-34.932,12.4106755442896,95.8015267175572,76.7175572519084,80.9160305343512,82.824427480916,1.39,27,0,4,0.79,27,60,TRUE,TRUE,TRUE,TRUE,58.4166666666667,TRUE
2019-06-25,260790109A,Barra de Jangada,JABOATÃO DOS GUARARAPES,-8.22,-34.932,12.4106755442896,95.8015267175572,76.7175572519084,80.9160305343512,82.824427480916,8.86,32,0,10,1.97,32,60,TRUE,TRUE,TRUE,TRUE,43.75,TRUE
2019-06-26,260790109A,Barra de Jangada,JABOATÃO DOS GUARARAPES,-8.22,-34.932,12.4106755442896,95.8015267175572,76.7175572519084,80.9160305343512,82.824427480916,17.35,37,0,16,3.35,37,60,TRUE,TRUE,TRUE,TRUE,27.1818181818182,TRUE
2019-06-27,260790109A,Barra de Jangada,JABOATÃO DOS GUARARAPES,-8.22,-34.932,12.4106755442896,95.8015267175572,76.7175572519084,80.9160305343512,82.824427480916,24.4,39,0,19,5.12,39,60,TRUE,TRUE,TRUE,TRUE,35.5238095238095,TRUE
2019-06-28,260790109A,Barra de Jangada,JABOATÃO DOS GUARARAPES,-8.22,-34.932,12.4106755442896,95.8015267175572,76.7175572519084,80.9160305343512,82.824427480916,14.97,37,1,14,4.53,36,60,TRUE,TRUE,TRUE,TRUE,37.4782608695652,TRUE
2019-06-29,260790109A,Barra de Jangada,JABOATÃO DOS GUARARAPES,-8.22,-34.932,12.4106755442896,95.8015267175572,76.7175572519084,80.9160305343512,82.824427480916,5.34,34,0,13,1.57,35,60,TRUE,TRUE,TRUE,TRUE,33.9583333333333,TRUE
2019-06-30,260790109A,Barra de Jangada,JABOATÃO DOS GUARARAPES,-8.22,-34.932,12.4106755442896,95.8015267175572,76.7175572519084,80.9160305343512,82.824427480916,15.55,33,0,11,3.54,33,60,TRUE,TRUE,TRUE,TRUE,30.875,TRUE
2019-07-01,260790109A,Barra de Jangada,JABOATÃO DOS GUARARAPES,-8.22,-34.932,12.4106755442896,95.8015267175572,76.7175572519084,80.9160305343512,82.824427480916,1.58,30,0,6,0.39,30,60,TRUE,TRUE,TRUE,TRUE,49.5416666666667,TRUE
2019-07-02,260790109A,Barra de Jangada,JABOATÃO DOS GUARARAPES,-8.22,-34.932,12.4106755442896,95.8015267175572,76.7175572519084,80.9160305343512,82.824427480916,0,24,0,0,0,24,60,TRUE,TRUE,TRUE,TRUE,53.875,TRUE
2019-07-03,260790109A,Barra de Jangada,JABOATÃO DOS GUARARAPES,-8.22,-34.932,12.4106755442896,95.8015267175572,76.7175572519084,80.9160305343512,82.824427480916,6.19,38,0,19,0.98,38,90,FALSE,FALSE,TRUE,TRUE,18.0454545454545,TRUE
2019-07-04,260790109A,Barra de Jangada,JABOATÃO DOS GUARARAPES,-8.22,-34.932,12.4106755442896,95.8015267175572,76.7175572519084,80.9160305343512,82.824427480916,1.57,27,0,4,0.59,27,60,TRUE,TRUE,TRUE,TRUE,39.2083333333333,TRUE
2019-07-05,260790109A,Barra de Jangada,JABOATÃO DOS GUARARAPES,-8.22,-34.932,12.4106755442896,95.8015267175572,76.7175572519084,80.9160305343512,82.824427480916,0,24,0,0,0,24,60,TRUE,TRUE,TRUE,TRUE,73.6666666666667,TRUE
2019-07-06,260790109A,Barra de Jangada,JABOATÃO DOS GUARARAPES,-8.22,-34.932,12.4106755442896,95.8015267175572,76.7175572519084,80.9160305343512,82.824427480916,0,24,0,0,0,24,60,TRUE,TRUE,TRUE,TRUE,60.6666666666667,TRUE
2019-07-07,260790109A,Barra de Jangada,JABOATÃO DOS GUARARAPES,-8.22,-34.932,12.4106755442896,95.8015267175572,76.7175572519084,80.9160305343512,82.824427480916,0,24,0,0,0,24,60,TRUE,TRUE,TRUE,TRUE,49.5416666666667,TRUE
2019-07-08,260790109A,Barra de Jangada,JABOATÃO DOS GUARARAPES,-8.22,-34.932,12.4106755442896,95.8015267175572,76.7175572519084,80.9160305343512,82.824427480916,0,23,0,0,0,23,120,FALSE,FALSE,FALSE,TRUE,33.0952380952381,TRUE
2019-07-09,260790109A,Barra de Jangada,JABOATÃO DOS GUARARAPES,-8.22,-34.932,12.4106755442896,95.8015267175572,76.7175572519084,80.9160305343512,82.824427480916,0.79,27,0,3,0.39,27,60,TRUE,TRUE,TRUE,TRUE,44.3333333333333,TRUE
2019-07-10,260790109A,Barra de Jangada,JABOATÃO DOS GUARARAPES,-8.22,-34.932,12.4106755442896,95.8015267175572,76.7175572519084,80.9160305343512,82.824427480916,1.98,28,0,5,1.18,28,60,TRUE,TRUE,TRUE,TRUE,39.9166666666667,TRUE
2019-07-11,260790109A,Barra de Jangada,JABOATÃO DOS GUARARAPES,-8.22,-34.932,12.4106755442896,95.8015267175572,76.7175572519084,80.9160305343512,82.824427480916,1.18,25,0,2,0.98,25,140,FALSE,FALSE,FALSE,TRUE,35.6666666666667,TRUE
2019-07-12,260790109A,Barra de Jangada,JABOATÃO DOS GUARARAPES,-8.22,-34.932,12.4106755442896,95.8015267175572,76.7175572519084,80.9160305343512,82.824427480916,0,24,0,0,0,24,80,FALSE,FALSE,TRUE,TRUE,65.0833333333333,TRUE
2019-07-13,260790109A,Barra de Jangada,JABOATÃO DOS GUARARAPES,-8.22,-34.932,12.4106755442896,95.8015267175572,76.7175572519084,80.9160305343512,82.824427480916,12.64,37,0,17,4.15,37,60,TRUE,TRUE,TRUE,TRUE,21.6190476190476,TRUE
2019-07-14,260790109A,Barra de Jangada,JABOATÃO DOS GUARARAPES,-8.22,-34.932,12.4106755442896,95.8015267175572,76.7175572519084,80.9160305343512,82.824427480916,68.33,70,0,53,6.3,70,60,TRUE,TRUE,TRUE,FALSE,,TRUE
2019-07-15,260790109A,Barra de Jangada,JABOATÃO DOS GUARARAPES,-8.22,-34.932,12.4106755442896,95.8015267175572,76.7175572519084,80.9160305343512,82.824427480916,0,16,0,0,0,16,4840,FALSE,FALSE,FALSE,TRUE,40.8260869565217,TRUE
2019-07-16,260790109A,Barra de Jangada,JABOATÃO DOS GUARARAPES,-8.22,-34.932,12.4106755442896,95.8015267175572,76.7175572519084,80.9160305343512,82.824427480916,,,,,,0,,FALSE,FALSE,FALSE,TRUE,71.4166666666667,FALSE
2019-07-17,260790109A,Barra de Jangada,JABOATÃO DOS GUARARAPES,-8.22,-34.932,12.4106755442896,95.8015267175572,76.7175572519084,80.9160305343512,82.824427480916,,,,,,0,,FALSE,FALSE,FALSE,TRUE,54.125,FALSE
2019-07-18,260790109A,Barra de Jangada,JABOATÃO DOS GUARARAPES,-8.22,-34.932,12.4106755442896,95.8015267175572,76.7175572519084,80.9160305343512,82.824427480916,1.38,2,1,2,1.18,1,4840,FALSE,FALSE,FALSE,TRUE,40.1666666666667,TRUE
2019-07-19,260790109A,Barra de Jangada,JABOATÃO DOS GUARARAPES,-8.22,-34.932,12.4106755442896,95.8015267175572,76.7175572519084,80.9160305343512,82.824427480916,15.39,21,1,21,1.77,21,440,FALSE,FALSE,FALSE,TRUE,34.7916666666667,TRUE
2019-07-20,260790109A,Barra de Jangada,JABOATÃO DOS GUARARAPES,-8.22,-34.932,12.4106755442896,95.8015267175572,76.7175572519084,80.9160305343512,82.824427480916,33.34,39,0,39,6.32,40,440,FALSE,FALSE,FALSE,TRUE,15,TRUE
2019-07-21,260790109A,Barra de Jangada,JABOATÃO DOS GUARARAPES,-8.22,-34.932,12.4106755442896,95.8015267175572,76.7175572519084,80.9160305343512,82.824427480916,7.11,11,0,11,1.57,11,870,FALSE,FALSE,FALSE,TRUE,26.75,TRUE
2019-07-22,260790109A,Barra de Jangada,JABOATÃO DOS GUARARAPES,-8.22,-34.932,12.4106755442896,95.8015267175572,76.7175572519084,80.9160305343512,82.824427480916,33.29,43,0,43,4.53,43,200,FALSE,FALSE,FALSE,TRUE,20.2380952380952,TRUE
2019-07-23,260790109A,Barra de Jangada,JABOATÃO DOS GUARARAPES,-8.22,-34.932,12.4106755442896,95.8015267175572,76.7175572519084,80.9160305343512,82.824427480916,36.99,33,0,33,3.54,33,260,FALSE,FALSE,FALSE,TRUE,14.9166666666667,TRUE
2019-07-24,260790109A,Barra de Jangada,JABOATÃO DOS GUARARAPES,-8.22,-34.932,12.4106755442896,95.8015267175572,76.7175572519084,80.9160305343512,82.824427480916,61.83,63,1,63,4.92,62,380,FALSE,FALSE,FALSE,TRUE,12.3,TRUE
2019-07-25,260790109A,Barra de Jangada,JABOATÃO DOS GUARARAPES,-8.22,-34.932,12.4106755442896,95.8015267175572,76.7175572519084,80.9160305343512,82.824427480916,6.53,10,0,10,1.97,11,390,FALSE,FALSE,FALSE,TRUE,18.1818181818182,TRUE
2019-07-26,260790109A,Barra de Jangada,JABOATÃO DOS GUARARAPES,-8.22,-34.932,12.4106755442896,95.8015267175572,76.7175572519084,80.9160305343512,82.824427480916,10.49,21,0,15,1.58,21,480,FALSE,FALSE,FALSE,TRUE,14.7727272727273,TRUE
2019-07-27,260790109A,Barra de Jangada,JABOATÃO DOS GUARARAPES,-8.22,-34.932,12.4106755442896,95.8015267175572,76.7175572519084,80.9160305343512,82.824427480916,25.88,45,0,35,5.9,45,480,FALSE,FALSE,FALSE,TRUE,9.1,TRUE
2019-07-28,260790109A,Barra de Jangada,JABOATÃO DOS GUARARAPES,-8.22,-34.932,12.4106755442896,95.8015267175572,76.7175572519084,80.9160305343512,82.824427480916,3.16,10,0,10,0.59,10,480,FALSE,FALSE,FALSE,TRUE,15.6521739130435,TRUE
2019-07-29,260790109A,Barra de Jangada,JABOATÃO DOS GUARARAPES,-8.22,-34.932,12.4106755442896,95.8015267175572,76.7175572519084,80.9160305343512,82.824427480916,0.99,19,0,4,0.39,19,220,FALSE,FALSE,FALSE,FALSE,,TRUE
2019-07-30,260790109A,Barra de Jangada,JABOATÃO DOS GUARARAPES,-8.22,-34.932,12.4106755442896,95.8015267175572,76.7175572519084,80.9160305343512,82.824427480916,8.28,39,0,16,1.57,39,60,TRUE,TRUE,TRUE,TRUE,11.6315789473684,TRUE
2019-07-31,260790109A,Barra de Jangada,JABOATÃO DOS GUARARAPES,-8.22,-34.932,12.4106755442896,95.8015267175572,76.7175572519084,80.9160305343512,82.824427480916,38.96,48,0,31,5.71,48,60,TRUE,TRUE,TRUE,FALSE,,TRUE
2019-08-01,260790109A,Barra de Jangada,JABOATÃO DOS GUARARAPES,-8.22,-34.932,12.4106755442896,95.8015267175572,76.7175572519084,80.9160305343512,82.824427480916,36.62,46,0,27,6.69,46,60,TRUE,TRUE,TRUE,TRUE,10.0526315789474,TRUE
2019-08-02,260790109A,Barra de Jangada,JABOATÃO DOS GUARARAPES,-8.22,-34.932,12.4106755442896,95.8015267175572,76.7175572519084,80.9160305343512,82.824427480916,27.71,57,0,39,2.75,57,60,TRUE,TRUE,TRUE,TRUE,33.3333333333333,TRUE
2019-08-03,260790109A,Barra de Jangada,JABOATÃO DOS GUARARAPES,-8.22,-34.932,12.4106755442896,95.8015267175572,76.7175572519084,80.9160305343512,82.824427480916,0.6,27,0,3,0.2,27,60,TRUE,TRUE,TRUE,TRUE,53.8333333333333,TRUE
2019-08-04,260790109A,Barra de Jangada,JABOATÃO DOS GUARARAPES,-8.22,-34.932,12.4106755442896,95.8015267175572,76.7175572519084,80.9160305343512,82.824427480916,1.58,26,0,2,1.38,26,60,TRUE,TRUE,TRUE,TRUE,69.125,TRUE
2019-08-05,260790109A,Barra de Jangada,JABOATÃO DOS GUARARAPES,-8.22,-34.932,12.4106755442896,95.8015267175572,76.7175572519084,80.9160305343512,82.824427480916,1.18,26,0,2,0.98,26,60,TRUE,TRUE,TRUE,TRUE,65.2916666666667,TRUE
2019-08-06,260790109A,Barra de Jangada,JABOATÃO DOS GUARARAPES,-8.22,-34.932,12.4106755442896,95.8015267175572,76.7175572519084,80.9160305343512,82.824427480916,2.56,28,0,5,0.98,28,60,TRUE,TRUE,TRUE,TRUE,44.8947368421053,TRUE
2019-08-07,260790109A,Barra de Jangada,JABOATÃO DOS GUARARAPES,-8.22,-34.932,12.4106755442896,95.8015267175572,76.7175572519084,80.9160305343512,82.824427480916,4.34,30,0,9,0.98,30,70,FALSE,TRUE,TRUE,TRUE,48.1666666666667,TRUE
2019-08-08,260790109A,Barra de Jangada,JABOATÃO DOS GUARARAPES,-8.22,-34.932,12.4106755442896,95.8015267175572,76.7175572519084,80.9160305343512,82.824427480916,3.18,31,0,9,0.79,31,60,TRUE,TRUE,TRUE,TRUE,37.3333333333333,TRUE
2019-08-09,260790109A,Barra de Jangada,JABOATÃO DOS GUARARAPES,-8.22,-34.932,12.4106755442896,95.8015267175572,76.7175572519084,80.9160305343512,82.824427480916,0,24,0,0,0,24,60,TRUE,TRUE,TRUE,TRUE,75.4583333333333,TRUE
2019-08-10,260790109A,Barra de Jangada,JABOATÃO DOS GUARARAPES,-8.22,-34.932,12.4106755442896,95.8015267175572,76.7175572519084,80.9160305343512,82.824427480916,0,24,0,0,0,24,60,TRUE,TRUE,TRUE,TRUE,75.9166666666667,TRUE
2019-08-11,260790109A,Barra de Jangada,JABOATÃO DOS GUARARAPES,-8.22,-34.932,12.4106755442896,95.8015267175572,76.7175572519084,80.9160305343512,82.824427480916,0,24,0,0,0,24,60,TRUE,TRUE,TRUE,TRUE,75.8333333333333,TRUE
2019-08-12,260790109A,Barra de Jangada,JABOATÃO DOS GUARARAPES,-8.22,-34.932,12.4106755442896,95.8015267175572,76.7175572519084,80.9160305343512,82.824427480916,7.28,34,0,13,1.57,34,60,TRUE,TRUE,TRUE,TRUE,42,TRUE
2019-08-13,260790109A,Barra de Jangada,JABOATÃO DOS GUARARAPES,-8.22,-34.932,12.4106755442896,95.8015267175572,76.7175572519084,80.9160305343512,82.824427480916,2.37,29,1,5,0.98,28,60,TRUE,TRUE,TRUE,TRUE,41.8695652173913,TRUE
2019-08-14,260790109A,Barra de Jangada,JABOATÃO DOS GUARARAPES,-8.22,-34.932,12.4106755442896,95.8015267175572,76.7175572519084,80.9160305343512,82.824427480916,12.79,40,0,19,2.56,41,60,TRUE,TRUE,TRUE,TRUE,16.9583333333333,TRUE
2019-08-15,260790109A,Barra de Jangada,JABOATÃO DOS GUARARAPES,-8.22,-34.932,12.4106755442896,95.8015267175572,76.7175572519084,80.9160305343512,82.824427480916,7.71,34,0,11,2.95,34,60,TRUE,TRUE,TRUE,TRUE,25.0833333333333,TRUE
2019-08-16,260790109A,Barra de Jangada,JABOATÃO DOS GUARARAPES,-8.22,-34.932,12.4106755442896,95.8015267175572,76.7175572519084,80.9160305343512,82.824427480916,14.4,33,0,10,4.92,33,60,TRUE,TRUE,TRUE,TRUE,31.7916666666667,TRUE
2019-08-17,260790109A,Barra de Jangada,JABOATÃO DOS GUARARAPES,-8.22,-34.932,12.4106755442896,95.8015267175572,76.7175572519084,80.9160305343512,82.824427480916,0,24,0,0,0,24,60,TRUE,TRUE,TRUE,TRUE,55.125,TRUE
2019-08-18,260790109A,Barra de Jangada,JABOATÃO DOS GUARARAPES,-8.22,-34.932,12.4106755442896,95.8015267175572,76.7175572519084,80.9160305343512,82.824427480916,1,29,0,5,0.2,29,60,TRUE,TRUE,TRUE,TRUE,57.7916666666667,TRUE
2019-08-19,260790109A,Barra de Jangada,JABOATÃO DOS GUARARAPES,-8.22,-34.932,12.4106755442896,95.8015267175572,76.7175572519084,80.9160305343512,82.824427480916,0.79,25,0,1,0.79,25,60,TRUE,TRUE,TRUE,TRUE,71.9166666666667,TRUE
2019-08-20,260790109A,Barra de Jangada,JABOATÃO DOS GUARARAPES,-8.22,-34.932,12.4106755442896,95.8015267175572,76.7175572519084,80.9160305343512,82.824427480916,0,24,0,0,0,24,60,TRUE,TRUE,TRUE,TRUE,71.25,TRUE
2019-08-21,260790109A,Barra de Jangada,JABOATÃO DOS GUARARAPES,-8.22,-34.932,12.4106755442896,95.8015267175572,76.7175572519084,80.9160305343512,82.824427480916,0,22,0,0,0,22,180,FALSE,FALSE,FALSE,TRUE,52.7727272727273,TRUE
2019-08-22,260790109A,Barra de Jangada,JABOATÃO DOS GUARARAPES,-8.22,-34.932,12.4106755442896,95.8015267175572,76.7175572519084,80.9160305343512,82.824427480916,1.58,27,0,4,0.79,27,60,TRUE,TRUE,TRUE,TRUE,14.5,TRUE
2019-08-23,260790109A,Barra de Jangada,JABOATÃO DOS GUARARAPES,-8.22,-34.932,12.4106755442896,95.8015267175572,76.7175572519084,80.9160305343512,82.824427480916,3.2,31,0,10,0.79,31,60,TRUE,TRUE,TRUE,TRUE,34.6363636363636,TRUE
2019-08-24,260790109A,Barra de Jangada,JABOATÃO DOS GUARARAPES,-8.22,-34.932,12.4106755442896,95.8015267175572,76.7175572519084,80.9160305343512,82.824427480916,6.57,29,0,6,4.79,29,60,TRUE,TRUE,TRUE,TRUE,35.2608695652174,TRUE
2019-08-25,260790109A,Barra de Jangada,JABOATÃO DOS GUARARAPES,-8.22,-34.932,12.4106755442896,95.8015267175572,76.7175572519084,80.9160305343512,82.824427480916,1.58,28,0,4,0.79,28,60,TRUE,TRUE,TRUE,TRUE,40.3333333333333,TRUE
2019-08-26,260790109A,Barra de Jangada,JABOATÃO DOS GUARARAPES,-8.22,-34.932,12.4106755442896,95.8015267175572,76.7175572519084,80.9160305343512,82.824427480916,12.8,38,0,19,3.74,38,60,TRUE,TRUE,TRUE,TRUE,41.125,TRUE
2019-08-27,260790109A,Barra de Jangada,JABOATÃO DOS GUARARAPES,-8.22,-34.932,12.4106755442896,95.8015267175572,76.7175572519084,80.9160305343512,82.824427480916,0.39,25,0,1,0.39,25,60,TRUE,TRUE,TRUE,TRUE,58.4166666666667,TRUE
2019-08-28,260790109A,Barra de Jangada,JABOATÃO DOS GUARARAPES,-8.22,-34.932,12.4106755442896,95.8015267175572,76.7175572519084,80.9160305343512,82.824427480916,0,10,0,0,0,10,3250,FALSE,FALSE,FALSE,TRUE,45,TRUE
2019-08-29,260790109A,Barra de Jangada,JABOATÃO DOS GUARARAPES,-8.22,-34.932,12.4106755442896,95.8015267175572,76.7175572519084,80.9160305343512,82.824427480916,,,,,,0,,FALSE,FALSE,FALSE,TRUE,52.1666666666667,FALSE
2019-08-30,260790109A,Barra de Jangada,JABOATÃO DOS GUARARAPES,-8.22,-34.932,12.4106755442896,95.8015267175572,76.7175572519084,80.9160305343512,82.824427480916,0,9,0,0,0,9,3250,FALSE,FALSE,FALSE,TRUE,55.4583333333333,TRUE
2019-08-31,260790109A,Barra de Jangada,JABOATÃO DOS GUARARAPES,-8.22,-34.932,12.4106755442896,95.8015267175572,76.7175572519084,80.9160305343512,82.824427480916,14.42,32,0,9,5.91,32,60,TRUE,TRUE,TRUE,TRUE,69.4583333333333,TRUE
2019-09-01,260790109A,Barra de Jangada,JABOATÃO DOS GUARARAPES,-8.22,-34.932,12.4106755442896,95.8015267175572,76.7175572519084,80.9160305343512,82.824427480916,4.38,30,0,6,2.56,30,60,TRUE,TRUE,TRUE,TRUE,36.375,TRUE
2019-09-02,260790109A,Barra de Jangada,JABOATÃO DOS GUARARAPES,-8.22,-34.932,12.4106755442896,95.8015267175572,76.7175572519084,80.9160305343512,82.824427480916,11.44,37,0,16,3.15,37,60,TRUE,TRUE,TRUE,TRUE,39.9583333333333,TRUE
2019-09-03,260790109A,Barra de Jangada,JABOATÃO DOS GUARARAPES,-8.22,-34.932,12.4106755442896,95.8015267175572,76.7175572519084,80.9160305343512,82.824427480916,0,24,0,0,0,24,60,TRUE,TRUE,TRUE,TRUE,49.6666666666667,TRUE
2019-09-04,260790109A,Barra de Jangada,JABOATÃO DOS GUARARAPES,-8.22,-34.932,12.4106755442896,95.8015267175572,76.7175572519084,80.9160305343512,82.824427480916,7.92,36,0,16,1.37,36,60,TRUE,TRUE,TRUE,TRUE,37.875,TRUE
2019-09-05,260790109A,Barra de Jangada,JABOATÃO DOS GUARARAPES,-8.22,-34.932,12.4106755442896,95.8015267175572,76.7175572519084,80.9160305343512,82.824427480916,2.63,29,1,9,0.59,28,100,FALSE,FALSE,FALSE,TRUE,26.9583333333333,TRUE
2019-09-06,260790109A,Barra de Jangada,JABOATÃO DOS GUARARAPES,-8.22,-34.932,12.4106755442896,95.8015267175572,76.7175572519084,80.9160305343512,82.824427480916,10.26,29,0,8,3.15,30,150,FALSE,FALSE,FALSE,TRUE,30.6363636363636,TRUE
2019-09-07,260790109A,Barra de Jangada,JABOATÃO DOS GUARARAPES,-8.22,-34.932,12.4106755442896,95.8015267175572,76.7175572519084,80.9160305343512,82.824427480916,3.52,30,0,7,0.98,30,60,TRUE,TRUE,TRUE,TRUE,28,TRUE
2019-09-08,260790109A,Barra de Jangada,JABOATÃO DOS GUARARAPES,-8.22,-34.932,12.4106755442896,95.8015267175572,76.7175572519084,80.9160305343512,82.824427480916,2.36,25,0,2,1.77,25,60,TRUE,TRUE,TRUE,TRUE,29.125,TRUE
2019-09-09,260790109A,Barra de Jangada,JABOATÃO DOS GUARARAPES,-8.22,-34.932,12.4106755442896,95.8015267175572,76.7175572519084,80.9160305343512,82.824427480916,0,24,0,0,0,24,60,TRUE,TRUE,TRUE,TRUE,48.8333333333333,TRUE
2019-09-10,260790109A,Barra de Jangada,JABOATÃO DOS GUARARAPES,-8.22,-34.932,12.4106755442896,95.8015267175572,76.7175572519084,80.9160305343512,82.824427480916,0,24,0,0,0,24,60,TRUE,TRUE,TRUE,TRUE,57.6666666666667,TRUE
2019-09-11,260790109A,Barra de Jangada,JABOATÃO DOS GUARARAPES,-8.22,-34.932,12.4106755442896,95.8015267175572,76.7175572519084,80.9160305343512,82.824427480916,1.78,26,1,3,0.79,25,60,TRUE,TRUE,TRUE,TRUE,46.75,TRUE
2019-09-12,260790109A,Barra de Jangada,JABOATÃO DOS GUARARAPES,-8.22,-34.932,12.4106755442896,95.8015267175572,76.7175572519084,80.9160305343512,82.824427480916,0.6,27,0,3,0.2,28,60,TRUE,TRUE,TRUE,TRUE,49.7826086956522,TRUE
2019-09-13,260790109A,Barra de Jangada,JABOATÃO DOS GUARARAPES,-8.22,-34.932,12.4106755442896,95.8015267175572,76.7175572519084,80.9160305343512,82.824427480916,0,24,0,0,0,24,60,TRUE,TRUE,TRUE,TRUE,54.0952380952381,TRUE
2019-09-14,260790109A,Barra de Jangada,JABOATÃO DOS GUARARAPES,-8.22,-34.932,12.4106755442896,95.8015267175572,76.7175572519084,80.9160305343512,82.824427480916,0,24,0,0,0,24,60,TRUE,TRUE,TRUE,TRUE,54.1666666666667,TRUE
2019-09-15,260790109A,Barra de Jangada,JABOATÃO DOS GUARARAPES,-8.22,-34.932,12.4106755442896,95.8015267175572,76.7175572519084,80.9160305343512,82.824427480916,0,24,0,0,0,24,60,TRUE,TRUE,TRUE,TRUE,40.3125,TRUE
2019-09-16,260790109A,Barra de Jangada,JABOATÃO DOS GUARARAPES,-8.22,-34.932,12.4106755442896,95.8015267175572,76.7175572519084,80.9160305343512,82.824427480916,0.39,24,0,1,0.39,24,60,TRUE,TRUE,TRUE,TRUE,38.3684210526316,TRUE
2019-09-17,260790109A,Barra de Jangada,JABOATÃO DOS GUARARAPES,-8.22,-34.932,12.4106755442896,95.8015267175572,76.7175572519084,80.9160305343512,82.824427480916,5.76,36,0,14,0.98,36,60,TRUE,TRUE,TRUE,TRUE,20.7826086956522,TRUE
2019-09-18,260790109A,Barra de Jangada,JABOATÃO DOS GUARARAPES,-8.22,-34.932,12.4106755442896,95.8015267175572,76.7175572519084,80.9160305343512,82.824427480916,1.8,28,0,4,0.59,28,60,TRUE,TRUE,TRUE,TRUE,50.1739130434783,TRUE
2019-09-19,260790109A,Barra de Jangada,JABOATÃO DOS GUARARAPES,-8.22,-34.932,12.4106755442896,95.8015267175572,76.7175572519084,80.9160305343512,82.824427480916,0,24,0,0,0,24,60,TRUE,TRUE,TRUE,TRUE,63.8636363636364,TRUE
2019-09-20,260790109A,Barra de Jangada,JABOATÃO DOS GUARARAPES,-8.22,-34.932,12.4106755442896,95.8015267175572,76.7175572519084,80.9160305343512,82.824427480916,5.71,34,0,12,0.98,34,60,TRUE,TRUE,TRUE,TRUE,31.5,TRUE
2019-09-21,260790109A,Barra de Jangada,JABOATÃO DOS GUARARAPES,-8.22,-34.932,12.4106755442896,95.8015267175572,76.7175572519084,80.9160305343512,82.824427480916,0.4,25,0,2,0.2,25,60,TRUE,TRUE,TRUE,TRUE,48.6666666666667,TRUE
2019-09-22,260790109A,Barra de Jangada,JABOATÃO DOS GUARARAPES,-8.22,-34.932,12.4106755442896,95.8015267175572,76.7175572519084,80.9160305343512,82.824427480916,0.99,25,0,3,0.59,25,70,FALSE,TRUE,TRUE,TRUE,41.1666666666667,TRUE
2019-09-23,260790109A,Barra de Jangada,JABOATÃO DOS GUARARAPES,-8.22,-34.932,12.4106755442896,95.8015267175572,76.7175572519084,80.9160305343512,82.824427480916,1.62,30,0,7,0.42,30,70,FALSE,TRUE,TRUE,TRUE,38.9047619047619,TRUE
2019-09-24,260790109A,Barra de Jangada,JABOATÃO DOS GUARARAPES,-8.22,-34.932,12.4106755442896,95.8015267175572,76.7175572519084,80.9160305343512,82.824427480916,0,24,0,0,0,24,60,TRUE,TRUE,TRUE,TRUE,45.9166666666667,TRUE
2019-09-25,260790109A,Barra de Jangada,JABOATÃO DOS GUARARAPES,-8.22,-34.932,12.4106755442896,95.8015267175572,76.7175572519084,80.9160305343512,82.824427480916,0,23,0,0,0,23,120,FALSE,FALSE,FALSE,TRUE,53.25,TRUE
2019-09-26,260790109A,Barra de Jangada,JABOATÃO DOS GUARARAPES,-8.22,-34.932,12.4106755442896,95.8015267175572,76.7175572519084,80.9160305343512,82.824427480916,0,24,0,0,0,24,60,TRUE,TRUE,TRUE,FALSE,,TRUE
2019-09-27,260790109A,Barra de Jangada,JABOATÃO DOS GUARARAPES,-8.22,-34.932,12.4106755442896,95.8015267175572,76.7175572519084,80.9160305343512,82.824427480916,0,24,0,0,0,24,60,TRUE,TRUE,TRUE,FALSE,,TRUE
2019-09-28,260790109A,Barra de Jangada,JABOATÃO DOS GUARARAPES,-8.22,-34.932,12.4106755442896,95.8015267175572,76.7175572519084,80.9160305343512,82.824427480916,0,24,0,0,0,24,60,TRUE,TRUE,TRUE,FALSE,,TRUE
2019-09-29,260790109A,Barra de Jangada,JABOATÃO DOS GUARARAPES,-8.22,-34.932,12.4106755442896,95.8015267175572,76.7175572519084,80.9160305343512,82.824427480916,0,24,0,0,0,24,60,TRUE,TRUE,TRUE,FALSE,,TRUE
2019-09-30,260790109A,Barra de Jangada,JABOATÃO DOS GUARARAPES,-8.22,-34.932,12.4106755442896,95.8015267175572,76.7175572519084,80.9160305343512,82.824427480916,0,24,0,0,0,24,60,TRUE,TRUE,TRUE,FALSE,,TRUE
2019-10-01,260790109A,Barra de Jangada,JABOATÃO DOS GUARARAPES,-8.22,-34.932,12.4106755442896,95.8015267175572,76.7175572519084,80.9160305343512,82.824427480916,0,24,0,0,0,24,60,TRUE,TRUE,TRUE,FALSE,,TRUE
2019-10-02,260790109A,Barra de Jangada,JABOATÃO DOS GUARARAPES,-8.22,-34.932,12.4106755442896,95.8015267175572,76.7175572519084,80.9160305343512,82.824427480916,0,24,0,0,0,24,60,TRUE,TRUE,TRUE,FALSE,,TRUE
2019-10-03,260790109A,Barra de Jangada,JABOATÃO DOS GUARARAPES,-8.22,-34.932,12.4106755442896,95.8015267175572,76.7175572519084,80.9160305343512,82.824427480916,0,24,0,0,0,24,60,TRUE,TRUE,TRUE,FALSE,,TRUE
2019-10-04,260790109A,Barra de Jangada,JABOATÃO DOS GUARARAPES,-8.22,-34.932,12.4106755442896,95.8015267175572,76.7175572519084,80.9160305343512,82.824427480916,0,24,0,0,0,24,60,TRUE,TRUE,TRUE,FALSE,,TRUE
2019-10-05,260790109A,Barra de Jangada,JABOATÃO DOS GUARARAPES,-8.22,-34.932,12.4106755442896,95.8015267175572,76.7175572519084,80.9160305343512,82.824427480916,0,24,0,0,0,24,60,TRUE,TRUE,TRUE,FALSE,,TRUE
2019-10-06,260790109A,Barra de Jangada,JABOATÃO DOS GUARARAPES,-8.22,-34.932,12.4106755442896,95.8015267175572,76.7175572519084,80.9160305343512,82.824427480916,0,24,0,0,0,24,60,TRUE,TRUE,TRUE,FALSE,,TRUE
2019-10-07,260790109A,Barra de Jangada,JABOATÃO DOS GUARARAPES,-8.22,-34.932,12.4106755442896,95.8015267175572,76.7175572519084,80.9160305343512,82.824427480916,0.2,25,0,1,0.2,25,60,TRUE,TRUE,TRUE,FALSE,,TRUE
2019-10-08,260790109A,Barra de Jangada,JABOATÃO DOS GUARARAPES,-8.22,-34.932,12.4106755442896,95.8015267175572,76.7175572519084,80.9160305343512,82.824427480916,6.11,16,0,2,4.53,16,970,FALSE,FALSE,FALSE,FALSE,,TRUE
2019-10-09,260790109A,Barra de Jangada,JABOATÃO DOS GUARARAPES,-8.22,-34.932,12.4106755442896,95.8015267175572,76.7175572519084,80.9160305343512,82.824427480916,1.18,2,0,2,0.98,2,1080,FALSE,FALSE,FALSE,FALSE,,TRUE
2019-10-10,260790109A,Barra de Jangada,JABOATÃO DOS GUARARAPES,-8.22,-34.932,12.4106755442896,95.8015267175572,76.7175572519084,80.9160305343512,82.824427480916,3.35,13,0,6,1.18,13,1080,FALSE,FALSE,FALSE,FALSE,,TRUE
2019-10-11,260790109A,Barra de Jangada,JABOATÃO DOS GUARARAPES,-8.22,-34.932,12.4106755442896,95.8015267175572,76.7175572519084,80.9160305343512,82.824427480916,7.89,31,0,7,3.15,31,60,TRUE,TRUE,TRUE,FALSE,,TRUE
2019-10-12,260790109A,Barra de Jangada,JABOATÃO DOS GUARARAPES,-8.22,-34.932,12.4106755442896,95.8015267175572,76.7175572519084,80.9160305343512,82.824427480916,0.99,27,0,3,0.59,27,60,TRUE,TRUE,TRUE,FALSE,,TRUE
2019-10-13,260790109A,Barra de Jangada,JABOATÃO DOS GUARARAPES,-8.22,-34.932,12.4106755442896,95.8015267175572,76.7175572519084,80.9160305343512,82.824427480916,2.95,12,0,5,1.58,12,1210,FALSE,FALSE,FALSE,FALSE,,TRUE
2019-10-14,260790109A,Barra de Jangada,JABOATÃO DOS GUARARAPES,-8.22,-34.932,12.4106755442896,95.8015267175572,76.7175572519084,80.9160305343512,82.824427480916,2.59,5,0,5,1.57,5,1210,FALSE,FALSE,FALSE,FALSE,,TRUE
2019-10-15,260790109A,Barra de Jangada,JABOATÃO DOS GUARARAPES,-8.22,-34.932,12.4106755442896,95.8015267175572,76.7175572519084,80.9160305343512,82.824427480916,0,13,0,0,0,13,690,FALSE,FALSE,FALSE,FALSE,,TRUE
2019-10-16,260790109A,Barra de Jangada,JABOATÃO DOS GUARARAPES,-8.22,-34.932,12.4106755442896,95.8015267175572,76.7175572519084,80.9160305343512,82.824427480916,0,24,0,0,0,24,60,TRUE,TRUE,TRUE,FALSE,,TRUE
2019-10-17,260790109A,Barra de Jangada,JABOATÃO DOS GUARARAPES,-8.22,-34.932,12.4106755442896,95.8015267175572,76.7175572519084,80.9160305343512,82.824427480916,0.59,25,0,1,0.59,25,60,TRUE,TRUE,TRUE,FALSE,,TRUE
2019-10-18,260790109A,Barra de Jangada,JABOATÃO DOS GUARARAPES,-8.22,-34.932,12.4106755442896,95.8015267175572,76.7175572519084,80.9160305343512,82.824427480916,15.07,45,0,27,2.76,45,60,TRUE,TRUE,TRUE,FALSE,,TRUE
2019-10-19,260790109A,Barra de Jangada,JABOATÃO DOS GUARARAPES,-8.22,-34.932,12.4106755442896,95.8015267175572,76.7175572519084,80.9160305343512,82.824427480916,0,24,0,0,0,24,60,TRUE,TRUE,TRUE,FALSE,,TRUE
2019-10-20,260790109A,Barra de Jangada,JABOATÃO DOS GUARARAPES,-8.22,-34.932,12.4106755442896,95.8015267175572,76.7175572519084,80.9160305343512,82.824427480916,0,24,0,0,0,24,60,TRUE,TRUE,TRUE,FALSE,,TRUE
2019-10-21,260790109A,Barra de Jangada,JABOATÃO DOS GUARARAPES,-8.22,-34.932,12.4106755442896,95.8015267175572,76.7175572519084,80.9160305343512,82.824427480916,0,24,0,0,0,24,60,TRUE,TRUE,TRUE,FALSE,,TRUE
2019-10-22,260790109A,Barra de Jangada,JABOATÃO DOS GUARARAPES,-8.22,-34.932,12.4106755442896,95.8015267175572,76.7175572519084,80.9160305343512,82.824427480916,0,24,0,0,0,24,60,TRUE,TRUE,TRUE,FALSE,,TRUE
2019-10-23,260790109A,Barra de Jangada,JABOATÃO DOS GUARARAPES,-8.22,-34.932,12.4106755442896,95.8015267175572,76.7175572519084,80.9160305343512,82.824427480916,0,24,0,0,0,24,60,TRUE,TRUE,TRUE,FALSE,,TRUE
2019-10-24,260790109A,Barra de Jangada,JABOATÃO DOS GUARARAPES,-8.22,-34.932,12.4106755442896,95.8015267175572,76.7175572519084,80.9160305343512,82.824427480916,0,24,0,0,0,24,60,TRUE,TRUE,TRUE,FALSE,,TRUE
2019-10-25,260790109A,Barra de Jangada,JABOATÃO DOS GUARARAPES,-8.22,-34.932,12.4106755442896,95.8015267175572,76.7175572519084,80.9160305343512,82.824427480916,0,24,0,0,0,24,60,TRUE,TRUE,TRUE,FALSE,,TRUE
2019-10-26,260790109A,Barra de Jangada,JABOATÃO DOS GUARARAPES,-8.22,-34.932,12.4106755442896,95.8015267175572,76.7175572519084,80.9160305343512,82.824427480916,0.4,25,0,2,0.2,25,60,TRUE,TRUE,TRUE,TRUE,39.5714285714286,TRUE
2019-10-27,260790109A,Barra de Jangada,JABOATÃO DOS GUARARAPES,-8.22,-34.932,12.4106755442896,95.8015267175572,76.7175572519084,80.9160305343512,82.824427480916,0,24,0,0,0,24,60,TRUE,TRUE,TRUE,TRUE,49.2916666666667,TRUE
2019-10-28,260790109A,Barra de Jangada,JABOATÃO DOS GUARARAPES,-8.22,-34.932,12.4106755442896,95.8015267175572,76.7175572519084,80.9160305343512,82.824427480916,0,24,0,0,0,24,60,TRUE,TRUE,TRUE,TRUE,56.625,TRUE
2019-10-29,260790109A,Barra de Jangada,JABOATÃO DOS GUARARAPES,-8.22,-34.932,12.4106755442896,95.8015267175572,76.7175572519084,80.9160305343512,82.824427480916,0,23,0,0,0,23,120,FALSE,FALSE,FALSE,TRUE,47.125,TRUE
2019-10-30,260790109A,Barra de Jangada,JABOATÃO DOS GUARARAPES,-8.22,-34.932,12.4106755442896,95.8015267175572,76.7175572519084,80.9160305343512,82.824427480916,0,24,0,0,0,24,60,TRUE,TRUE,TRUE,TRUE,40.4583333333333,TRUE
2019-10-31,260790109A,Barra de Jangada,JABOATÃO DOS GUARARAPES,-8.22,-34.932,12.4106755442896,95.8015267175572,76.7175572519084,80.9160305343512,82.824427480916,0,24,0,0,0,24,60,TRUE,TRUE,TRUE,TRUE,38.9583333333333,TRUE
2019-11-01,260790109A,Barra de Jangada,JABOATÃO DOS GUARARAPES,-8.22,-34.932,12.4106755442896,95.8015267175572,76.7175572519084,80.9160305343512,82.824427480916,0,24,0,0,0,24,60,TRUE,TRUE,TRUE,TRUE,36.5416666666667,TRUE
2019-11-02,260790109A,Barra de Jangada,JABOATÃO DOS GUARARAPES,-8.22,-34.932,12.4106755442896,95.8015267175572,76.7175572519084,80.9160305343512,82.824427480916,0,24,0,0,0,24,60,TRUE,TRUE,TRUE,TRUE,36.25,TRUE
2019-11-03,260790109A,Barra de Jangada,JABOATÃO DOS GUARARAPES,-8.22,-34.932,12.4106755442896,95.8015267175572,76.7175572519084,80.9160305343512,82.824427480916,0,12,0,0,0,12,12900,FALSE,FALSE,FALSE,TRUE,37.125,TRUE
2019-11-04,260790109A,Barra de Jangada,JABOATÃO DOS GUARARAPES,-8.22,-34.932,12.4106755442896,95.8015267175572,76.7175572519084,80.9160305343512,82.824427480916,,,,,,0,,FALSE,FALSE,FALSE,TRUE,42.375,FALSE
2019-11-05,260790109A,Barra de Jangada,JABOATÃO DOS GUARARAPES,-8.22,-34.932,12.4106755442896,95.8015267175572,76.7175572519084,80.9160305343512,82.824427480916,,,,,,0,,FALSE,FALSE,FALSE,TRUE,45.875,FALSE
2019-11-06,260790109A,Barra de Jangada,JABOATÃO DOS GUARARAPES,-8.22,-34.932,12.4106755442896,95.8015267175572,76.7175572519084,80.9160305343512,82.824427480916,,,,,,0,,FALSE,FALSE,FALSE,TRUE,44.6521739130435,FALSE
2019-11-07,260790109A,Barra de Jangada,JABOATÃO DOS GUARARAPES,-8.22,-34.932,12.4106755442896,95.8015267175572,76.7175572519084,80.9160305343512,82.824427480916,,,,,,0,,FALSE,FALSE,FALSE,TRUE,40.55,FALSE
2019-11-08,260790109A,Barra de Jangada,JABOATÃO DOS GUARARAPES,-8.22,-34.932,12.4106755442896,95.8015267175572,76.7175572519084,80.9160305343512,82.824427480916,,,,,,0,,FALSE,FALSE,FALSE,TRUE,36.0416666666667,FALSE
2019-11-09,260790109A,Barra de Jangada,JABOATÃO DOS GUARARAPES,-8.22,-34.932,12.4106755442896,95.8015267175572,76.7175572519084,80.9160305343512,82.824427480916,,,,,,0,,FALSE,FALSE,FALSE,TRUE,44.625,FALSE
2019-11-10,260790109A,Barra de Jangada,JABOATÃO DOS GUARARAPES,-8.22,-34.932,12.4106755442896,95.8015267175572,76.7175572519084,80.9160305343512,82.824427480916,,,,,,0,,FALSE,FALSE,FALSE,TRUE,40.25,FALSE
2019-11-11,260790109A,Barra de Jangada,JABOATÃO DOS GUARARAPES,-8.22,-34.932,12.4106755442896,95.8015267175572,76.7175572519084,80.9160305343512,82.824427480916,,,,,,0,,FALSE,FALSE,FALSE,TRUE,42.5416666666667,FALSE
2019-11-12,260790109A,Barra de Jangada,JABOATÃO DOS GUARARAPES,-8.22,-34.932,12.4106755442896,95.8015267175572,76.7175572519084,80.9160305343512,82.824427480916,0,14,0,0,0,14,12900,FALSE,FALSE,FALSE,TRUE,80.8333333333333,TRUE
2019-11-13,260790109A,Barra de Jangada,JABOATÃO DOS GUARARAPES,-8.22,-34.932,12.4106755442896,95.8015267175572,76.7175572519084,80.9160305343512,82.824427480916,0,18,0,0,0,18,420,FALSE,FALSE,FALSE,TRUE,40.4583333333333,TRUE
2019-11-14,260790109A,Barra de Jangada,JABOATÃO DOS GUARARAPES,-8.22,-34.932,12.4106755442896,95.8015267175572,76.7175572519084,80.9160305343512,82.824427480916,0,24,0,0,0,24,60,TRUE,TRUE,TRUE,TRUE,36.125,TRUE
2019-11-15,260790109A,Barra de Jangada,JABOATÃO DOS GUARARAPES,-8.22,-34.932,12.4106755442896,95.8015267175572,76.7175572519084,80.9160305343512,82.824427480916,0,24,0,0,0,24,60,TRUE,TRUE,TRUE,TRUE,51.7142857142857,TRUE
2019-11-16,260790109A,Barra de Jangada,JABOATÃO DOS GUARARAPES,-8.22,-34.932,12.4106755442896,95.8015267175572,76.7175572519084,80.9160305343512,82.824427480916,0,24,0,0,0,24,60,TRUE,TRUE,TRUE,TRUE,55.5833333333333,TRUE
2019-11-17,260790109A,Barra de Jangada,JABOATÃO DOS GUARARAPES,-8.22,-34.932,12.4106755442896,95.8015267175572,76.7175572519084,80.9160305343512,82.824427480916,0,22,0,0,0,22,200,FALSE,FALSE,FALSE,TRUE,30.5833333333333,TRUE
2019-11-18,260790109A,Barra de Jangada,JABOATÃO DOS GUARARAPES,-8.22,-34.932,12.4106755442896,95.8015267175572,76.7175572519084,80.9160305343512,82.824427480916,0,24,0,0,0,24,60,TRUE,TRUE,TRUE,TRUE,37.0416666666667,TRUE
2019-11-19,260790109A,Barra de Jangada,JABOATÃO DOS GUARARAPES,-8.22,-34.932,12.4106755442896,95.8015267175572,76.7175572519084,80.9160305343512,82.824427480916,0,24,0,0,0,24,60,TRUE,TRUE,TRUE,TRUE,34.7619047619048,TRUE
2019-11-20,260790109A,Barra de Jangada,JABOATÃO DOS GUARARAPES,-8.22,-34.932,12.4106755442896,95.8015267175572,76.7175572519084,80.9160305343512,82.824427480916,0,24,0,0,0,24,60,TRUE,TRUE,TRUE,TRUE,36.3809523809524,TRUE
2019-11-21,260790109A,Barra de Jangada,JABOATÃO DOS GUARARAPES,-8.22,-34.932,12.4106755442896,95.8015267175572,76.7175572519084,80.9160305343512,82.824427480916,0,24,0,0,0,24,60,TRUE,TRUE,TRUE,TRUE,36.2083333333333,TRUE
2019-11-22,260790109A,Barra de Jangada,JABOATÃO DOS GUARARAPES,-8.22,-34.932,12.4106755442896,95.8015267175572,76.7175572519084,80.9160305343512,82.824427480916,0,24,0,0,0,24,60,TRUE,TRUE,TRUE,TRUE,36.7916666666667,TRUE
2019-11-23,260790109A,Barra de Jangada,JABOATÃO DOS GUARARAPES,-8.22,-34.932,12.4106755442896,95.8015267175572,76.7175572519084,80.9160305343512,82.824427480916,0,24,0,0,0,24,60,TRUE,TRUE,TRUE,TRUE,32.4583333333333,TRUE
2019-11-24,260790109A,Barra de Jangada,JABOATÃO DOS GUARARAPES,-8.22,-34.932,12.4106755442896,95.8015267175572,76.7175572519084,80.9160305343512,82.824427480916,0,24,0,0,0,24,70,FALSE,TRUE,TRUE,TRUE,39.2083333333333,TRUE
2019-11-25,260790109A,Barra de Jangada,JABOATÃO DOS GUARARAPES,-8.22,-34.932,12.4106755442896,95.8015267175572,76.7175572519084,80.9160305343512,82.824427480916,0,24,0,0,0,24,60,TRUE,TRUE,TRUE,FALSE,,TRUE
2019-11-26,260790109A,Barra de Jangada,JABOATÃO DOS GUARARAPES,-8.22,-34.932,12.4106755442896,95.8015267175572,76.7175572519084,80.9160305343512,82.824427480916,0,24,0,0,0,24,60,TRUE,TRUE,TRUE,FALSE,,TRUE
2019-11-27,260790109A,Barra de Jangada,JABOATÃO DOS GUARARAPES,-8.22,-34.932,12.4106755442896,95.8015267175572,76.7175572519084,80.9160305343512,82.824427480916,0,24,0,0,0,24,60,TRUE,TRUE,TRUE,FALSE,,TRUE
2019-11-28,260790109A,Barra de Jangada,JABOATÃO DOS GUARARAPES,-8.22,-34.932,12.4106755442896,95.8015267175572,76.7175572519084,80.9160305343512,82.824427480916,0,24,0,0,0,24,60,TRUE,TRUE,TRUE,FALSE,,TRUE
2019-11-29,260790109A,Barra de Jangada,JABOATÃO DOS GUARARAPES,-8.22,-34.932,12.4106755442896,95.8015267175572,76.7175572519084,80.9160305343512,82.824427480916,0,24,0,0,0,24,60,TRUE,TRUE,TRUE,FALSE,,TRUE
2019-11-30,260790109A,Barra de Jangada,JABOATÃO DOS GUARARAPES,-8.22,-34.932,12.4106755442896,95.8015267175572,76.7175572519084,80.9160305343512,82.824427480916,0,24,0,0,0,24,60,TRUE,TRUE,TRUE,FALSE,,TRUE
2019-12-01,260790109A,Barra de Jangada,JABOATÃO DOS GUARARAPES,-8.22,-34.932,12.4106755442896,95.8015267175572,76.7175572519084,80.9160305343512,82.824427480916,0,24,0,0,0,24,60,TRUE,TRUE,TRUE,FALSE,,TRUE
2019-12-02,260790109A,Barra de Jangada,JABOATÃO DOS GUARARAPES,-8.22,-34.932,12.4106755442896,95.8015267175572,76.7175572519084,80.9160305343512,82.824427480916,0,24,0,0,0,24,60,TRUE,TRUE,TRUE,FALSE,,TRUE
2019-12-03,260790109A,Barra de Jangada,JABOATÃO DOS GUARARAPES,-8.22,-34.932,12.4106755442896,95.8015267175572,76.7175572519084,80.9160305343512,82.824427480916,0,24,0,0,0,24,60,TRUE,TRUE,TRUE,FALSE,,TRUE
2019-12-04,260790109A,Barra de Jangada,JABOATÃO DOS GUARARAPES,-8.22,-34.932,12.4106755442896,95.8015267175572,76.7175572519084,80.9160305343512,82.824427480916,0,22,0,0,0,22,200,FALSE,FALSE,FALSE,FALSE,,TRUE
2019-12-05,260790109A,Barra de Jangada,JABOATÃO DOS GUARARAPES,-8.22,-34.932,12.4106755442896,95.8015267175572,76.7175572519084,80.9160305343512,82.824427480916,0,24,0,0,0,24,200,FALSE,FALSE,FALSE,FALSE,,TRUE
2019-12-06,260790109A,Barra de Jangada,JABOATÃO DOS GUARARAPES,-8.22,-34.932,12.4106755442896,95.8015267175572,76.7175572519084,80.9160305343512,82.824427480916,0,24,0,0,0,24,60,TRUE,TRUE,TRUE,FALSE,,TRUE
2019-12-07,260790109A,Barra de Jangada,JABOATÃO DOS GUARARAPES,-8.22,-34.932,12.4106755442896,95.8015267175572,76.7175572519084,80.9160305343512,82.824427480916,0,15,0,0,0,15,610,FALSE,FALSE,FALSE,FALSE,,TRUE
2019-12-08,260790109A,Barra de Jangada,JABOATÃO DOS GUARARAPES,-8.22,-34.932,12.4106755442896,95.8015267175572,76.7175572519084,80.9160305343512,82.824427480916,0,22,0,0,0,22,610,FALSE,FALSE,FALSE,FALSE,,TRUE
2019-12-09,260790109A,Barra de Jangada,JABOATÃO DOS GUARARAPES,-8.22,-34.932,12.4106755442896,95.8015267175572,76.7175572519084,80.9160305343512,82.824427480916,0,24,0,0,0,24,60,TRUE,TRUE,TRUE,FALSE,,TRUE
2019-12-10,260790109A,Barra de Jangada,JABOATÃO DOS GUARARAPES,-8.22,-34.932,12.4106755442896,95.8015267175572,76.7175572519084,80.9160305343512,82.824427480916,0.2,25,0,1,0.2,25,60,TRUE,TRUE,TRUE,FALSE,,TRUE
2019-12-11,260790109A,Barra de Jangada,JABOATÃO DOS GUARARAPES,-8.22,-34.932,12.4106755442896,95.8015267175572,76.7175572519084,80.9160305343512,82.824427480916,0,24,0,0,0,24,60,TRUE,TRUE,TRUE,FALSE,,TRUE
2019-12-12,260790109A,Barra de Jangada,JABOATÃO DOS GUARARAPES,-8.22,-34.932,12.4106755442896,95.8015267175572,76.7175572519084,80.9160305343512,82.824427480916,0,24,0,0,0,24,60,TRUE,TRUE,TRUE,FALSE,,TRUE
2019-12-13,260790109A,Barra de Jangada,JABOATÃO DOS GUARARAPES,-8.22,-34.932,12.4106755442896,95.8015267175572,76.7175572519084,80.9160305343512,82.824427480916,0,24,0,0,0,24,90,FALSE,FALSE,TRUE,FALSE,,TRUE
2019-12-14,260790109A,Barra de Jangada,JABOATÃO DOS GUARARAPES,-8.22,-34.932,12.4106755442896,95.8015267175572,76.7175572519084,80.9160305343512,82.824427480916,0,21,0,0,0,21,260,FALSE,FALSE,FALSE,FALSE,,TRUE
2019-12-15,260790109A,Barra de Jangada,JABOATÃO DOS GUARARAPES,-8.22,-34.932,12.4106755442896,95.8015267175572,76.7175572519084,80.9160305343512,82.824427480916,0.59,26,0,2,0.39,26,60,TRUE,TRUE,TRUE,FALSE,,TRUE
2019-12-16,260790109A,Barra de Jangada,JABOATÃO DOS GUARARAPES,-8.22,-34.932,12.4106755442896,95.8015267175572,76.7175572519084,80.9160305343512,82.824427480916,15.2,36,0,12,3.15,36,60,TRUE,TRUE,TRUE,FALSE,,TRUE
2019-12-17,260790109A,Barra de Jangada,JABOATÃO DOS GUARARAPES,-8.22,-34.932,12.4106755442896,95.8015267175572,76.7175572519084,80.9160305343512,82.824427480916,3.35,25,0,2,3.15,25,60,TRUE,TRUE,TRUE,FALSE,,TRUE
2019-12-18,260790109A,Barra de Jangada,JABOATÃO DOS GUARARAPES,-8.22,-34.932,12.4106755442896,95.8015267175572,76.7175572519084,80.9160305343512,82.824427480916,0.2,25,0,1,0.2,25,60,TRUE,TRUE,TRUE,FALSE,,TRUE
2019-12-19,260790109A,Barra de Jangada,JABOATÃO DOS GUARARAPES,-8.22,-34.932,12.4106755442896,95.8015267175572,76.7175572519084,80.9160305343512,82.824427480916,0.8,27,0,4,0.2,27,60,TRUE,TRUE,TRUE,FALSE,,TRUE
2019-12-20,260790109A,Barra de Jangada,JABOATÃO DOS GUARARAPES,-8.22,-34.932,12.4106755442896,95.8015267175572,76.7175572519084,80.9160305343512,82.824427480916,2.96,26,0,3,2.17,26,70,FALSE,TRUE,TRUE,FALSE,,TRUE
2019-12-21,260790109A,Barra de Jangada,JABOATÃO DOS GUARARAPES,-8.22,-34.932,12.4106755442896,95.8015267175572,76.7175572519084,80.9160305343512,82.824427480916,0,24,0,0,0,24,60,TRUE,TRUE,TRUE,FALSE,,TRUE
2019-12-22,260790109A,Barra de Jangada,JABOATÃO DOS GUARARAPES,-8.22,-34.932,12.4106755442896,95.8015267175572,76.7175572519084,80.9160305343512,82.824427480916,2.96,20,0,2,2.17,20,470,FALSE,FALSE,FALSE,FALSE,,TRUE
2019-12-23,260790109A,Barra de Jangada,JABOATÃO DOS GUARARAPES,-8.22,-34.932,12.4106755442896,95.8015267175572,76.7175572519084,80.9160305343512,82.824427480916,0,24,0,0,0,24,70,FALSE,TRUE,TRUE,FALSE,,TRUE
2019-12-24,260790109A,Barra de Jangada,JABOATÃO DOS GUARARAPES,-8.22,-34.932,12.4106755442896,95.8015267175572,76.7175572519084,80.9160305343512,82.824427480916,0,23,0,0,0,23,120,FALSE,FALSE,FALSE,FALSE,,TRUE
2019-12-25,260790109A,Barra de Jangada,JABOATÃO DOS GUARARAPES,-8.22,-34.932,12.4106755442896,95.8015267175572,76.7175572519084,80.9160305343512,82.824427480916,0.2,25,0,1,0.2,25,60,TRUE,TRUE,TRUE,FALSE,,TRUE
2019-12-26,260790109A,Barra de Jangada,JABOATÃO DOS GUARARAPES,-8.22,-34.932,12.4106755442896,95.8015267175572,76.7175572519084,80.9160305343512,82.824427480916,0.2,25,0,1,0.2,25,80,FALSE,FALSE,TRUE,TRUE,64.7619047619048,TRUE
2019-12-27,260790109A,Barra de Jangada,JABOATÃO DOS GUARARAPES,-8.22,-34.932,12.4106755442896,95.8015267175572,76.7175572519084,80.9160305343512,82.824427480916,0,24,0,0,0,24,70,FALSE,TRUE,TRUE,TRUE,45.9166666666667,TRUE
2019-12-28,260790109A,Barra de Jangada,JABOATÃO DOS GUARARAPES,-8.22,-34.932,12.4106755442896,95.8015267175572,76.7175572519084,80.9160305343512,82.824427480916,0,24,0,0,0,24,60,TRUE,TRUE,TRUE,TRUE,44.125,TRUE
2019-12-29,260790109A,Barra de Jangada,JABOATÃO DOS GUARARAPES,-8.22,-34.932,12.4106755442896,95.8015267175572,76.7175572519084,80.9160305343512,82.824427480916,0,24,0,0,0,24,60,TRUE,TRUE,TRUE,TRUE,43.7083333333333,TRUE
2019-12-30,260790109A,Barra de Jangada,JABOATÃO DOS GUARARAPES,-8.22,-34.932,12.4106755442896,95.8015267175572,76.7175572519084,80.9160305343512,82.824427480916,0,24,0,0,0,24,60,TRUE,TRUE,TRUE,TRUE,43.4166666666667,TRUE
2019-12-31,260790109A,Barra de Jangada,JABOATÃO DOS GUARARAPES,-8.22,-34.932,12.4106755442896,95.8015267175572,76.7175572519084,80.9160305343512,82.824427480916,0,24,0,0,0,24,60,TRUE,TRUE,TRUE,TRUE,53.4583333333333,TRUE
2019-01-01,260290201G,Pirapama,CABO DE SANTO AGOSTINHO,-8.2820425,-35.0646785,13.0179995725833,12.9770992366412,4.9618320610687,6.10687022900763,6.87022900763359,,,,,,0,,FALSE,FALSE,FALSE,TRUE,89.2380952380952,FALSE
2019-01-02,260290201G,Pirapama,CABO DE SANTO AGOSTINHO,-8.2820425,-35.0646785,13.0179995725833,12.9770992366412,4.9618320610687,6.10687022900763,6.87022900763359,,,,,,0,,FALSE,FALSE,FALSE,TRUE,76,FALSE
2019-01-03,260290201G,Pirapama,CABO DE SANTO AGOSTINHO,-8.2820425,-35.0646785,13.0179995725833,12.9770992366412,4.9618320610687,6.10687022900763,6.87022900763359,,,,,,0,,FALSE,FALSE,FALSE,TRUE,52.1666666666667,FALSE
2019-01-04,260290201G,Pirapama,CABO DE SANTO AGOSTINHO,-8.2820425,-35.0646785,13.0179995725833,12.9770992366412,4.9618320610687,6.10687022900763,6.87022900763359,,,,,,0,,FALSE,FALSE,FALSE,TRUE,57.5,FALSE
2019-01-05,260290201G,Pirapama,CABO DE SANTO AGOSTINHO,-8.2820425,-35.0646785,13.0179995725833,12.9770992366412,4.9618320610687,6.10687022900763,6.87022900763359,,,,,,0,,FALSE,FALSE,FALSE,TRUE,50.4583333333333,FALSE
2019-01-06,260290201G,Pirapama,CABO DE SANTO AGOSTINHO,-8.2820425,-35.0646785,13.0179995725833,12.9770992366412,4.9618320610687,6.10687022900763,6.87022900763359,,,,,,0,,FALSE,FALSE,FALSE,TRUE,29.9583333333333,FALSE
2019-01-07,260290201G,Pirapama,CABO DE SANTO AGOSTINHO,-8.2820425,-35.0646785,13.0179995725833,12.9770992366412,4.9618320610687,6.10687022900763,6.87022900763359,,,,,,0,,FALSE,FALSE,FALSE,TRUE,23.7619047619048,FALSE
2019-01-08,260290201G,Pirapama,CABO DE SANTO AGOSTINHO,-8.2820425,-35.0646785,13.0179995725833,12.9770992366412,4.9618320610687,6.10687022900763,6.87022900763359,,,,,,0,,FALSE,FALSE,FALSE,TRUE,42.5416666666667,FALSE
2019-01-09,260290201G,Pirapama,CABO DE SANTO AGOSTINHO,-8.2820425,-35.0646785,13.0179995725833,12.9770992366412,4.9618320610687,6.10687022900763,6.87022900763359,,,,,,0,,FALSE,FALSE,FALSE,TRUE,41.9166666666667,FALSE
2019-01-10,260290201G,Pirapama,CABO DE SANTO AGOSTINHO,-8.2820425,-35.0646785,13.0179995725833,12.9770992366412,4.9618320610687,6.10687022900763,6.87022900763359,,,,,,0,,FALSE,FALSE,FALSE,TRUE,37.6666666666667,FALSE
2019-01-11,260290201G,Pirapama,CABO DE SANTO AGOSTINHO,-8.2820425,-35.0646785,13.0179995725833,12.9770992366412,4.9618320610687,6.10687022900763,6.87022900763359,,,,,,0,,FALSE,FALSE,FALSE,TRUE,38.7272727272727,FALSE
2019-01-12,260290201G,Pirapama,CABO DE SANTO AGOSTINHO,-8.2820425,-35.0646785,13.0179995725833,12.9770992366412,4.9618320610687,6.10687022900763,6.87022900763359,,,,,,0,,FALSE,FALSE,FALSE,TRUE,14.8333333333333,FALSE
2019-01-13,260290201G,Pirapama,CABO DE SANTO AGOSTINHO,-8.2820425,-35.0646785,13.0179995725833,12.9770992366412,4.9618320610687,6.10687022900763,6.87022900763359,,,,,,0,,FALSE,FALSE,FALSE,TRUE,29.6666666666667,FALSE
2019-01-14,260290201G,Pirapama,CABO DE SANTO AGOSTINHO,-8.2820425,-35.0646785,13.0179995725833,12.9770992366412,4.9618320610687,6.10687022900763,6.87022900763359,,,,,,0,,FALSE,FALSE,FALSE,TRUE,36.3333333333333,FALSE
2019-01-15,260290201G,Pirapama,CABO DE SANTO AGOSTINHO,-8.2820425,-35.0646785,13.0179995725833,12.9770992366412,4.9618320610687,6.10687022900763,6.87022900763359,,,,,,0,,FALSE,FALSE,FALSE,TRUE,37.695652173913,FALSE
2019-01-16,260290201G,Pirapama,CABO DE SANTO AGOSTINHO,-8.2820425,-35.0646785,13.0179995725833,12.9770992366412,4.9618320610687,6.10687022900763,6.87022900763359,,,,,,0,,FALSE,FALSE,FALSE,TRUE,32.9583333333333,FALSE
2019-01-17,260290201G,Pirapama,CABO DE SANTO AGOSTINHO,-8.2820425,-35.0646785,13.0179995725833,12.9770992366412,4.9618320610687,6.10687022900763,6.87022900763359,,,,,,0,,FALSE,FALSE,FALSE,TRUE,24.8333333333333,FALSE
2019-01-18,260290201G,Pirapama,CABO DE SANTO AGOSTINHO,-8.2820425,-35.0646785,13.0179995725833,12.9770992366412,4.9618320610687,6.10687022900763,6.87022900763359,,,,,,0,,FALSE,FALSE,FALSE,TRUE,32.9166666666667,FALSE
2019-01-19,260290201G,Pirapama,CABO DE SANTO AGOSTINHO,-8.2820425,-35.0646785,13.0179995725833,12.9770992366412,4.9618320610687,6.10687022900763,6.87022900763359,,,,,,0,,FALSE,FALSE,FALSE,TRUE,34.7916666666667,FALSE
2019-01-20,260290201G,Pirapama,CABO DE SANTO AGOSTINHO,-8.2820425,-35.0646785,13.0179995725833,12.9770992366412,4.9618320610687,6.10687022900763,6.87022900763359,,,,,,0,,FALSE,FALSE,FALSE,TRUE,34.125,FALSE
2019-01-21,260290201G,Pirapama,CABO DE SANTO AGOSTINHO,-8.2820425,-35.0646785,13.0179995725833,12.9770992366412,4.9618320610687,6.10687022900763,6.87022900763359,,,,,,0,,FALSE,FALSE,FALSE,TRUE,38.8333333333333,FALSE
2019-01-22,260290201G,Pirapama,CABO DE SANTO AGOSTINHO,-8.2820425,-35.0646785,13.0179995725833,12.9770992366412,4.9618320610687,6.10687022900763,6.87022900763359,,,,,,0,,FALSE,FALSE,FALSE,TRUE,25.6363636363636,FALSE
2019-01-23,260290201G,Pirapama,CABO DE SANTO AGOSTINHO,-8.2820425,-35.0646785,13.0179995725833,12.9770992366412,4.9618320610687,6.10687022900763,6.87022900763359,,,,,,0,,FALSE,FALSE,FALSE,TRUE,33.7916666666667,FALSE
2019-01-24,260290201G,Pirapama,CABO DE SANTO AGOSTINHO,-8.2820425,-35.0646785,13.0179995725833,12.9770992366412,4.9618320610687,6.10687022900763,6.87022900763359,,,,,,0,,FALSE,FALSE,FALSE,TRUE,38.6666666666667,FALSE
2019-01-25,260290201G,Pirapama,CABO DE SANTO AGOSTINHO,-8.2820425,-35.0646785,13.0179995725833,12.9770992366412,4.9618320610687,6.10687022900763,6.87022900763359,,,,,,0,,FALSE,FALSE,FALSE,TRUE,38.6666666666667,FALSE
2019-01-26,260290201G,Pirapama,CABO DE SANTO AGOSTINHO,-8.2820425,-35.0646785,13.0179995725833,12.9770992366412,4.9618320610687,6.10687022900763,6.87022900763359,,,,,,0,,FALSE,FALSE,FALSE,TRUE,44.7083333333333,FALSE
2019-01-27,260290201G,Pirapama,CABO DE SANTO AGOSTINHO,-8.2820425,-35.0646785,13.0179995725833,12.9770992366412,4.9618320610687,6.10687022900763,6.87022900763359,,,,,,0,,FALSE,FALSE,FALSE,TRUE,40.5,FALSE
2019-01-28,260290201G,Pirapama,CABO DE SANTO AGOSTINHO,-8.2820425,-35.0646785,13.0179995725833,12.9770992366412,4.9618320610687,6.10687022900763,6.87022900763359,,,,,,0,,FALSE,FALSE,FALSE,TRUE,22.25,FALSE
2019-01-29,260290201G,Pirapama,CABO DE SANTO AGOSTINHO,-8.2820425,-35.0646785,13.0179995725833,12.9770992366412,4.9618320610687,6.10687022900763,6.87022900763359,,,,,,0,,FALSE,FALSE,FALSE,TRUE,26.4782608695652,FALSE
2019-01-30,260290201G,Pirapama,CABO DE SANTO AGOSTINHO,-8.2820425,-35.0646785,13.0179995725833,12.9770992366412,4.9618320610687,6.10687022900763,6.87022900763359,,,,,,0,,FALSE,FALSE,FALSE,TRUE,30.9166666666667,FALSE
2019-01-31,260290201G,Pirapama,CABO DE SANTO AGOSTINHO,-8.2820425,-35.0646785,13.0179995725833,12.9770992366412,4.9618320610687,6.10687022900763,6.87022900763359,,,,,,0,,FALSE,FALSE,FALSE,TRUE,37,FALSE
2019-02-01,260290201G,Pirapama,CABO DE SANTO AGOSTINHO,-8.2820425,-35.0646785,13.0179995725833,12.9770992366412,4.9618320610687,6.10687022900763,6.87022900763359,,,,,,0,,FALSE,FALSE,FALSE,TRUE,32.75,FALSE
2019-02-02,260290201G,Pirapama,CABO DE SANTO AGOSTINHO,-8.2820425,-35.0646785,13.0179995725833,12.9770992366412,4.9618320610687,6.10687022900763,6.87022900763359,,,,,,0,,FALSE,FALSE,FALSE,TRUE,30.5416666666667,FALSE
2019-02-03,260290201G,Pirapama,CABO DE SANTO AGOSTINHO,-8.2820425,-35.0646785,13.0179995725833,12.9770992366412,4.9618320610687,6.10687022900763,6.87022900763359,,,,,,0,,FALSE,FALSE,FALSE,TRUE,15.2083333333333,FALSE
2019-02-04,260290201G,Pirapama,CABO DE SANTO AGOSTINHO,-8.2820425,-35.0646785,13.0179995725833,12.9770992366412,4.9618320610687,6.10687022900763,6.87022900763359,,,,,,0,,FALSE,FALSE,FALSE,TRUE,16.8333333333333,FALSE
2019-02-05,260290201G,Pirapama,CABO DE SANTO AGOSTINHO,-8.2820425,-35.0646785,13.0179995725833,12.9770992366412,4.9618320610687,6.10687022900763,6.87022900763359,,,,,,0,,FALSE,FALSE,FALSE,TRUE,16,FALSE
2019-02-06,260290201G,Pirapama,CABO DE SANTO AGOSTINHO,-8.2820425,-35.0646785,13.0179995725833,12.9770992366412,4.9618320610687,6.10687022900763,6.87022900763359,,,,,,0,,FALSE,FALSE,FALSE,TRUE,15.5238095238095,FALSE
2019-02-07,260290201G,Pirapama,CABO DE SANTO AGOSTINHO,-8.2820425,-35.0646785,13.0179995725833,12.9770992366412,4.9618320610687,6.10687022900763,6.87022900763359,,,,,,0,,FALSE,FALSE,FALSE,TRUE,35.25,FALSE
2019-02-08,260290201G,Pirapama,CABO DE SANTO AGOSTINHO,-8.2820425,-35.0646785,13.0179995725833,12.9770992366412,4.9618320610687,6.10687022900763,6.87022900763359,,,,,,0,,FALSE,FALSE,FALSE,TRUE,50.75,FALSE
2019-02-09,260290201G,Pirapama,CABO DE SANTO AGOSTINHO,-8.2820425,-35.0646785,13.0179995725833,12.9770992366412,4.9618320610687,6.10687022900763,6.87022900763359,,,,,,0,,FALSE,FALSE,FALSE,TRUE,54.125,FALSE
2019-02-10,260290201G,Pirapama,CABO DE SANTO AGOSTINHO,-8.2820425,-35.0646785,13.0179995725833,12.9770992366412,4.9618320610687,6.10687022900763,6.87022900763359,,,,,,0,,FALSE,FALSE,FALSE,TRUE,46.75,FALSE
2019-02-11,260290201G,Pirapama,CABO DE SANTO AGOSTINHO,-8.2820425,-35.0646785,13.0179995725833,12.9770992366412,4.9618320610687,6.10687022900763,6.87022900763359,,,,,,0,,FALSE,FALSE,FALSE,TRUE,45.875,FALSE
2019-02-12,260290201G,Pirapama,CABO DE SANTO AGOSTINHO,-8.2820425,-35.0646785,13.0179995725833,12.9770992366412,4.9618320610687,6.10687022900763,6.87022900763359,,,,,,0,,FALSE,FALSE,FALSE,TRUE,35.7272727272727,FALSE
2019-02-13,260290201G,Pirapama,CABO DE SANTO AGOSTINHO,-8.2820425,-35.0646785,13.0179995725833,12.9770992366412,4.9618320610687,6.10687022900763,6.87022900763359,,,,,,0,,FALSE,FALSE,FALSE,TRUE,23.625,FALSE
2019-02-14,260290201G,Pirapama,CABO DE SANTO AGOSTINHO,-8.2820425,-35.0646785,13.0179995725833,12.9770992366412,4.9618320610687,6.10687022900763,6.87022900763359,,,,,,0,,FALSE,FALSE,FALSE,TRUE,25.4444444444444,FALSE
2019-02-15,260290201G,Pirapama,CABO DE SANTO AGOSTINHO,-8.2820425,-35.0646785,13.0179995725833,12.9770992366412,4.9618320610687,6.10687022900763,6.87022900763359,,,,,,0,,FALSE,FALSE,FALSE,TRUE,23.2083333333333,FALSE
2019-02-16,260290201G,Pirapama,CABO DE SANTO AGOSTINHO,-8.2820425,-35.0646785,13.0179995725833,12.9770992366412,4.9618320610687,6.10687022900763,6.87022900763359,,,,,,0,,FALSE,FALSE,FALSE,TRUE,24.7083333333333,FALSE
2019-02-17,260290201G,Pirapama,CABO DE SANTO AGOSTINHO,-8.2820425,-35.0646785,13.0179995725833,12.9770992366412,4.9618320610687,6.10687022900763,6.87022900763359,,,,,,0,,FALSE,FALSE,FALSE,TRUE,21.047619047619,FALSE
2019-02-18,260290201G,Pirapama,CABO DE SANTO AGOSTINHO,-8.2820425,-35.0646785,13.0179995725833,12.9770992366412,4.9618320610687,6.10687022900763,6.87022900763359,,,,,,0,,FALSE,FALSE,FALSE,TRUE,40.0416666666667,FALSE
2019-02-19,260290201G,Pirapama,CABO DE SANTO AGOSTINHO,-8.2820425,-35.0646785,13.0179995725833,12.9770992366412,4.9618320610687,6.10687022900763,6.87022900763359,,,,,,0,,FALSE,FALSE,FALSE,TRUE,42.5833333333333,FALSE
2019-02-20,260290201G,Pirapama,CABO DE SANTO AGOSTINHO,-8.2820425,-35.0646785,13.0179995725833,12.9770992366412,4.9618320610687,6.10687022900763,6.87022900763359,,,,,,0,,FALSE,FALSE,FALSE,TRUE,31,FALSE
2019-02-21,260290201G,Pirapama,CABO DE SANTO AGOSTINHO,-8.2820425,-35.0646785,13.0179995725833,12.9770992366412,4.9618320610687,6.10687022900763,6.87022900763359,,,,,,0,,FALSE,FALSE,FALSE,TRUE,34.5416666666667,FALSE
2019-02-22,260290201G,Pirapama,CABO DE SANTO AGOSTINHO,-8.2820425,-35.0646785,13.0179995725833,12.9770992366412,4.9618320610687,6.10687022900763,6.87022900763359,,,,,,0,,FALSE,FALSE,FALSE,TRUE,40.1666666666667,FALSE
2019-02-23,260290201G,Pirapama,CABO DE SANTO AGOSTINHO,-8.2820425,-35.0646785,13.0179995725833,12.9770992366412,4.9618320610687,6.10687022900763,6.87022900763359,,,,,,0,,FALSE,FALSE,FALSE,TRUE,45.5416666666667,FALSE
2019-02-24,260290201G,Pirapama,CABO DE SANTO AGOSTINHO,-8.2820425,-35.0646785,13.0179995725833,12.9770992366412,4.9618320610687,6.10687022900763,6.87022900763359,,,,,,0,,FALSE,FALSE,FALSE,TRUE,26.7083333333333,FALSE
2019-02-25,260290201G,Pirapama,CABO DE SANTO AGOSTINHO,-8.2820425,-35.0646785,13.0179995725833,12.9770992366412,4.9618320610687,6.10687022900763,6.87022900763359,,,,,,0,,FALSE,FALSE,FALSE,TRUE,43.5416666666667,FALSE
2019-02-26,260290201G,Pirapama,CABO DE SANTO AGOSTINHO,-8.2820425,-35.0646785,13.0179995725833,12.9770992366412,4.9618320610687,6.10687022900763,6.87022900763359,,,,,,0,,FALSE,FALSE,FALSE,FALSE,,FALSE
2019-02-27,260290201G,Pirapama,CABO DE SANTO AGOSTINHO,-8.2820425,-35.0646785,13.0179995725833,12.9770992366412,4.9618320610687,6.10687022900763,6.87022900763359,,,,,,0,,FALSE,FALSE,FALSE,FALSE,,FALSE
2019-02-28,260290201G,Pirapama,CABO DE SANTO AGOSTINHO,-8.2820425,-35.0646785,13.0179995725833,12.9770992366412,4.9618320610687,6.10687022900763,6.87022900763359,,,,,,0,,FALSE,FALSE,FALSE,FALSE,,FALSE
2019-03-01,260290201G,Pirapama,CABO DE SANTO AGOSTINHO,-8.2820425,-35.0646785,13.0179995725833,12.9770992366412,4.9618320610687,6.10687022900763,6.87022900763359,,,,,,0,,FALSE,FALSE,FALSE,FALSE,,FALSE
2019-03-02,260290201G,Pirapama,CABO DE SANTO AGOSTINHO,-8.2820425,-35.0646785,13.0179995725833,12.9770992366412,4.9618320610687,6.10687022900763,6.87022900763359,,,,,,0,,FALSE,FALSE,FALSE,FALSE,,FALSE
2019-03-03,260290201G,Pirapama,CABO DE SANTO AGOSTINHO,-8.2820425,-35.0646785,13.0179995725833,12.9770992366412,4.9618320610687,6.10687022900763,6.87022900763359,,,,,,0,,FALSE,FALSE,FALSE,FALSE,,FALSE
2019-03-04,260290201G,Pirapama,CABO DE SANTO AGOSTINHO,-8.2820425,-35.0646785,13.0179995725833,12.9770992366412,4.9618320610687,6.10687022900763,6.87022900763359,,,,,,0,,FALSE,FALSE,FALSE,FALSE,,FALSE
2019-03-05,260290201G,Pirapama,CABO DE SANTO AGOSTINHO,-8.2820425,-35.0646785,13.0179995725833,12.9770992366412,4.9618320610687,6.10687022900763,6.87022900763359,,,,,,0,,FALSE,FALSE,FALSE,FALSE,,FALSE
2019-03-06,260290201G,Pirapama,CABO DE SANTO AGOSTINHO,-8.2820425,-35.0646785,13.0179995725833,12.9770992366412,4.9618320610687,6.10687022900763,6.87022900763359,,,,,,0,,FALSE,FALSE,FALSE,FALSE,,FALSE
2019-03-07,260290201G,Pirapama,CABO DE SANTO AGOSTINHO,-8.2820425,-35.0646785,13.0179995725833,12.9770992366412,4.9618320610687,6.10687022900763,6.87022900763359,,,,,,0,,FALSE,FALSE,FALSE,FALSE,,FALSE
2019-03-08,260290201G,Pirapama,CABO DE SANTO AGOSTINHO,-8.2820425,-35.0646785,13.0179995725833,12.9770992366412,4.9618320610687,6.10687022900763,6.87022900763359,,,,,,0,,FALSE,FALSE,FALSE,FALSE,,FALSE
2019-03-09,260290201G,Pirapama,CABO DE SANTO AGOSTINHO,-8.2820425,-35.0646785,13.0179995725833,12.9770992366412,4.9618320610687,6.10687022900763,6.87022900763359,,,,,,0,,FALSE,FALSE,FALSE,FALSE,,FALSE
2019-03-10,260290201G,Pirapama,CABO DE SANTO AGOSTINHO,-8.2820425,-35.0646785,13.0179995725833,12.9770992366412,4.9618320610687,6.10687022900763,6.87022900763359,,,,,,0,,FALSE,FALSE,FALSE,FALSE,,FALSE
2019-03-11,260290201G,Pirapama,CABO DE SANTO AGOSTINHO,-8.2820425,-35.0646785,13.0179995725833,12.9770992366412,4.9618320610687,6.10687022900763,6.87022900763359,,,,,,0,,FALSE,FALSE,FALSE,FALSE,,FALSE
2019-03-12,260290201G,Pirapama,CABO DE SANTO AGOSTINHO,-8.2820425,-35.0646785,13.0179995725833,12.9770992366412,4.9618320610687,6.10687022900763,6.87022900763359,,,,,,0,,FALSE,FALSE,FALSE,FALSE,,FALSE
2019-03-13,260290201G,Pirapama,CABO DE SANTO AGOSTINHO,-8.2820425,-35.0646785,13.0179995725833,12.9770992366412,4.9618320610687,6.10687022900763,6.87022900763359,,,,,,0,,FALSE,FALSE,FALSE,FALSE,,FALSE
2019-03-14,260290201G,Pirapama,CABO DE SANTO AGOSTINHO,-8.2820425,-35.0646785,13.0179995725833,12.9770992366412,4.9618320610687,6.10687022900763,6.87022900763359,,,,,,0,,FALSE,FALSE,FALSE,FALSE,,FALSE
2019-03-15,260290201G,Pirapama,CABO DE SANTO AGOSTINHO,-8.2820425,-35.0646785,13.0179995725833,12.9770992366412,4.9618320610687,6.10687022900763,6.87022900763359,,,,,,0,,FALSE,FALSE,FALSE,FALSE,,FALSE
2019-03-16,260290201G,Pirapama,CABO DE SANTO AGOSTINHO,-8.2820425,-35.0646785,13.0179995725833,12.9770992366412,4.9618320610687,6.10687022900763,6.87022900763359,,,,,,0,,FALSE,FALSE,FALSE,FALSE,,FALSE
2019-03-17,260290201G,Pirapama,CABO DE SANTO AGOSTINHO,-8.2820425,-35.0646785,13.0179995725833,12.9770992366412,4.9618320610687,6.10687022900763,6.87022900763359,,,,,,0,,FALSE,FALSE,FALSE,FALSE,,FALSE
2019-03-18,260290201G,Pirapama,CABO DE SANTO AGOSTINHO,-8.2820425,-35.0646785,13.0179995725833,12.9770992366412,4.9618320610687,6.10687022900763,6.87022900763359,,,,,,0,,FALSE,FALSE,FALSE,FALSE,,FALSE
2019-03-19,260290201G,Pirapama,CABO DE SANTO AGOSTINHO,-8.2820425,-35.0646785,13.0179995725833,12.9770992366412,4.9618320610687,6.10687022900763,6.87022900763359,,,,,,0,,FALSE,FALSE,FALSE,FALSE,,FALSE
2019-03-20,260290201G,Pirapama,CABO DE SANTO AGOSTINHO,-8.2820425,-35.0646785,13.0179995725833,12.9770992366412,4.9618320610687,6.10687022900763,6.87022900763359,,,,,,0,,FALSE,FALSE,FALSE,FALSE,,FALSE
2019-03-21,260290201G,Pirapama,CABO DE SANTO AGOSTINHO,-8.2820425,-35.0646785,13.0179995725833,12.9770992366412,4.9618320610687,6.10687022900763,6.87022900763359,,,,,,0,,FALSE,FALSE,FALSE,FALSE,,FALSE
2019-03-22,260290201G,Pirapama,CABO DE SANTO AGOSTINHO,-8.2820425,-35.0646785,13.0179995725833,12.9770992366412,4.9618320610687,6.10687022900763,6.87022900763359,,,,,,0,,FALSE,FALSE,FALSE,FALSE,,FALSE
2019-03-23,260290201G,Pirapama,CABO DE SANTO AGOSTINHO,-8.2820425,-35.0646785,13.0179995725833,12.9770992366412,4.9618320610687,6.10687022900763,6.87022900763359,,,,,,0,,FALSE,FALSE,FALSE,FALSE,,FALSE
2019-03-24,260290201G,Pirapama,CABO DE SANTO AGOSTINHO,-8.2820425,-35.0646785,13.0179995725833,12.9770992366412,4.9618320610687,6.10687022900763,6.87022900763359,,,,,,0,,FALSE,FALSE,FALSE,FALSE,,FALSE
2019-03-25,260290201G,Pirapama,CABO DE SANTO AGOSTINHO,-8.2820425,-35.0646785,13.0179995725833,12.9770992366412,4.9618320610687,6.10687022900763,6.87022900763359,,,,,,0,,FALSE,FALSE,FALSE,FALSE,,FALSE
2019-03-26,260290201G,Pirapama,CABO DE SANTO AGOSTINHO,-8.2820425,-35.0646785,13.0179995725833,12.9770992366412,4.9618320610687,6.10687022900763,6.87022900763359,,,,,,0,,FALSE,FALSE,FALSE,FALSE,,FALSE
2019-03-27,260290201G,Pirapama,CABO DE SANTO AGOSTINHO,-8.2820425,-35.0646785,13.0179995725833,12.9770992366412,4.9618320610687,6.10687022900763,6.87022900763359,,,,,,0,,FALSE,FALSE,FALSE,TRUE,21,FALSE
2019-03-28,260290201G,Pirapama,CABO DE SANTO AGOSTINHO,-8.2820425,-35.0646785,13.0179995725833,12.9770992366412,4.9618320610687,6.10687022900763,6.87022900763359,,,,,,0,,FALSE,FALSE,FALSE,TRUE,40.6521739130435,FALSE
2019-03-29,260290201G,Pirapama,CABO DE SANTO AGOSTINHO,-8.2820425,-35.0646785,13.0179995725833,12.9770992366412,4.9618320610687,6.10687022900763,6.87022900763359,,,,,,0,,FALSE,FALSE,FALSE,TRUE,21.5555555555556,FALSE
2019-03-30,260290201G,Pirapama,CABO DE SANTO AGOSTINHO,-8.2820425,-35.0646785,13.0179995725833,12.9770992366412,4.9618320610687,6.10687022900763,6.87022900763359,,,,,,0,,FALSE,FALSE,FALSE,FALSE,,FALSE
2019-03-31,260290201G,Pirapama,CABO DE SANTO AGOSTINHO,-8.2820425,-35.0646785,13.0179995725833,12.9770992366412,4.9618320610687,6.10687022900763,6.87022900763359,,,,,,0,,FALSE,FALSE,FALSE,FALSE,,FALSE
2019-04-01,260290201G,Pirapama,CABO DE SANTO AGOSTINHO,-8.2820425,-35.0646785,13.0179995725833,12.9770992366412,4.9618320610687,6.10687022900763,6.87022900763359,,,,,,0,,FALSE,FALSE,FALSE,FALSE,,FALSE
2019-04-02,260290201G,Pirapama,CABO DE SANTO AGOSTINHO,-8.2820425,-35.0646785,13.0179995725833,12.9770992366412,4.9618320610687,6.10687022900763,6.87022900763359,,,,,,0,,FALSE,FALSE,FALSE,TRUE,42.375,FALSE
2019-04-03,260290201G,Pirapama,CABO DE SANTO AGOSTINHO,-8.2820425,-35.0646785,13.0179995725833,12.9770992366412,4.9618320610687,6.10687022900763,6.87022900763359,,,,,,0,,FALSE,FALSE,FALSE,TRUE,53.2222222222222,FALSE
2019-04-04,260290201G,Pirapama,CABO DE SANTO AGOSTINHO,-8.2820425,-35.0646785,13.0179995725833,12.9770992366412,4.9618320610687,6.10687022900763,6.87022900763359,,,,,,0,,FALSE,FALSE,FALSE,TRUE,51.3684210526316,FALSE
2019-04-05,260290201G,Pirapama,CABO DE SANTO AGOSTINHO,-8.2820425,-35.0646785,13.0179995725833,12.9770992366412,4.9618320610687,6.10687022900763,6.87022900763359,,,,,,0,,FALSE,FALSE,FALSE,TRUE,55.5416666666667,FALSE
2019-04-06,260290201G,Pirapama,CABO DE SANTO AGOSTINHO,-8.2820425,-35.0646785,13.0179995725833,12.9770992366412,4.9618320610687,6.10687022900763,6.87022900763359,,,,,,0,,FALSE,FALSE,FALSE,TRUE,70.7916666666667,FALSE
2019-04-07,260290201G,Pirapama,CABO DE SANTO AGOSTINHO,-8.2820425,-35.0646785,13.0179995725833,12.9770992366412,4.9618320610687,6.10687022900763,6.87022900763359,,,,,,0,,FALSE,FALSE,FALSE,TRUE,44.2631578947368,FALSE
2019-04-08,260290201G,Pirapama,CABO DE SANTO AGOSTINHO,-8.2820425,-35.0646785,13.0179995725833,12.9770992366412,4.9618320610687,6.10687022900763,6.87022900763359,,,,,,0,,FALSE,FALSE,FALSE,TRUE,37.5833333333333,FALSE
2019-04-09,260290201G,Pirapama,CABO DE SANTO AGOSTINHO,-8.2820425,-35.0646785,13.0179995725833,12.9770992366412,4.9618320610687,6.10687022900763,6.87022900763359,,,,,,0,,FALSE,FALSE,FALSE,TRUE,54.5652173913044,FALSE
2019-04-10,260290201G,Pirapama,CABO DE SANTO AGOSTINHO,-8.2820425,-35.0646785,13.0179995725833,12.9770992366412,4.9618320610687,6.10687022900763,6.87022900763359,,,,,,0,,FALSE,FALSE,FALSE,TRUE,68.7083333333333,FALSE
2019-04-11,260290201G,Pirapama,CABO DE SANTO AGOSTINHO,-8.2820425,-35.0646785,13.0179995725833,12.9770992366412,4.9618320610687,6.10687022900763,6.87022900763359,,,,,,0,,FALSE,FALSE,FALSE,TRUE,49.8333333333333,FALSE
2019-04-12,260290201G,Pirapama,CABO DE SANTO AGOSTINHO,-8.2820425,-35.0646785,13.0179995725833,12.9770992366412,4.9618320610687,6.10687022900763,6.87022900763359,,,,,,0,,FALSE,FALSE,FALSE,TRUE,10.7058823529412,FALSE
2019-04-13,260290201G,Pirapama,CABO DE SANTO AGOSTINHO,-8.2820425,-35.0646785,13.0179995725833,12.9770992366412,4.9618320610687,6.10687022900763,6.87022900763359,,,,,,0,,FALSE,FALSE,FALSE,TRUE,25.95,FALSE
2019-04-14,260290201G,Pirapama,CABO DE SANTO AGOSTINHO,-8.2820425,-35.0646785,13.0179995725833,12.9770992366412,4.9618320610687,6.10687022900763,6.87022900763359,,,,,,0,,FALSE,FALSE,FALSE,TRUE,30.7083333333333,FALSE
2019-04-15,260290201G,Pirapama,CABO DE SANTO AGOSTINHO,-8.2820425,-35.0646785,13.0179995725833,12.9770992366412,4.9618320610687,6.10687022900763,6.87022900763359,,,,,,0,,FALSE,FALSE,FALSE,TRUE,33.5,FALSE
2019-04-16,260290201G,Pirapama,CABO DE SANTO AGOSTINHO,-8.2820425,-35.0646785,13.0179995725833,12.9770992366412,4.9618320610687,6.10687022900763,6.87022900763359,,,,,,0,,FALSE,FALSE,FALSE,TRUE,46.3888888888889,FALSE
2019-04-17,260290201G,Pirapama,CABO DE SANTO AGOSTINHO,-8.2820425,-35.0646785,13.0179995725833,12.9770992366412,4.9618320610687,6.10687022900763,6.87022900763359,,,,,,0,,FALSE,FALSE,FALSE,TRUE,29.8333333333333,FALSE
2019-04-18,260290201G,Pirapama,CABO DE SANTO AGOSTINHO,-8.2820425,-35.0646785,13.0179995725833,12.9770992366412,4.9618320610687,6.10687022900763,6.87022900763359,,,,,,0,,FALSE,FALSE,FALSE,TRUE,28.0952380952381,FALSE
2019-04-19,260290201G,Pirapama,CABO DE SANTO AGOSTINHO,-8.2820425,-35.0646785,13.0179995725833,12.9770992366412,4.9618320610687,6.10687022900763,6.87022900763359,,,,,,0,,FALSE,FALSE,FALSE,TRUE,25.7916666666667,FALSE
2019-04-20,260290201G,Pirapama,CABO DE SANTO AGOSTINHO,-8.2820425,-35.0646785,13.0179995725833,12.9770992366412,4.9618320610687,6.10687022900763,6.87022900763359,,,,,,0,,FALSE,FALSE,FALSE,FALSE,,FALSE
2019-04-21,260290201G,Pirapama,CABO DE SANTO AGOSTINHO,-8.2820425,-35.0646785,13.0179995725833,12.9770992366412,4.9618320610687,6.10687022900763,6.87022900763359,,,,,,0,,FALSE,FALSE,FALSE,TRUE,35.6,FALSE
2019-04-22,260290201G,Pirapama,CABO DE SANTO AGOSTINHO,-8.2820425,-35.0646785,13.0179995725833,12.9770992366412,4.9618320610687,6.10687022900763,6.87022900763359,,,,,,0,,FALSE,FALSE,FALSE,FALSE,,FALSE
2019-04-23,260290201G,Pirapama,CABO DE SANTO AGOSTINHO,-8.2820425,-35.0646785,13.0179995725833,12.9770992366412,4.9618320610687,6.10687022900763,6.87022900763359,,,,,,0,,FALSE,FALSE,FALSE,TRUE,25.625,FALSE
2019-04-24,260290201G,Pirapama,CABO DE SANTO AGOSTINHO,-8.2820425,-35.0646785,13.0179995725833,12.9770992366412,4.9618320610687,6.10687022900763,6.87022900763359,,,,,,0,,FALSE,FALSE,FALSE,TRUE,15.9375,FALSE
2019-04-25,260290201G,Pirapama,CABO DE SANTO AGOSTINHO,-8.2820425,-35.0646785,13.0179995725833,12.9770992366412,4.9618320610687,6.10687022900763,6.87022900763359,,,,,,0,,FALSE,FALSE,FALSE,FALSE,,FALSE
2019-04-26,260290201G,Pirapama,CABO DE SANTO AGOSTINHO,-8.2820425,-35.0646785,13.0179995725833,12.9770992366412,4.9618320610687,6.10687022900763,6.87022900763359,,,,,,0,,FALSE,FALSE,FALSE,TRUE,25.5217391304348,FALSE
2019-04-27,260290201G,Pirapama,CABO DE SANTO AGOSTINHO,-8.2820425,-35.0646785,13.0179995725833,12.9770992366412,4.9618320610687,6.10687022900763,6.87022900763359,,,,,,0,,FALSE,FALSE,FALSE,TRUE,36.7727272727273,FALSE
2019-04-28,260290201G,Pirapama,CABO DE SANTO AGOSTINHO,-8.2820425,-35.0646785,13.0179995725833,12.9770992366412,4.9618320610687,6.10687022900763,6.87022900763359,,,,,,0,,FALSE,FALSE,FALSE,TRUE,39.1666666666667,FALSE
2019-04-29,260290201G,Pirapama,CABO DE SANTO AGOSTINHO,-8.2820425,-35.0646785,13.0179995725833,12.9770992366412,4.9618320610687,6.10687022900763,6.87022900763359,,,,,,0,,FALSE,FALSE,FALSE,TRUE,33.5,FALSE
2019-04-30,260290201G,Pirapama,CABO DE SANTO AGOSTINHO,-8.2820425,-35.0646785,13.0179995725833,12.9770992366412,4.9618320610687,6.10687022900763,6.87022900763359,,,,,,0,,FALSE,FALSE,FALSE,TRUE,41.4117647058824,FALSE
2019-05-01,260290201G,Pirapama,CABO DE SANTO AGOSTINHO,-8.2820425,-35.0646785,13.0179995725833,12.9770992366412,4.9618320610687,6.10687022900763,6.87022900763359,,,,,,0,,FALSE,FALSE,FALSE,TRUE,41.125,FALSE
2019-05-02,260290201G,Pirapama,CABO DE SANTO AGOSTINHO,-8.2820425,-35.0646785,13.0179995725833,12.9770992366412,4.9618320610687,6.10687022900763,6.87022900763359,,,,,,0,,FALSE,FALSE,FALSE,TRUE,55,FALSE
2019-05-03,260290201G,Pirapama,CABO DE SANTO AGOSTINHO,-8.2820425,-35.0646785,13.0179995725833,12.9770992366412,4.9618320610687,6.10687022900763,6.87022900763359,,,,,,0,,FALSE,FALSE,FALSE,TRUE,62.2916666666667,FALSE
2019-05-04,260290201G,Pirapama,CABO DE SANTO AGOSTINHO,-8.2820425,-35.0646785,13.0179995725833,12.9770992366412,4.9618320610687,6.10687022900763,6.87022900763359,,,,,,0,,FALSE,FALSE,FALSE,TRUE,49.2916666666667,FALSE
2019-05-05,260290201G,Pirapama,CABO DE SANTO AGOSTINHO,-8.2820425,-35.0646785,13.0179995725833,12.9770992366412,4.9618320610687,6.10687022900763,6.87022900763359,,,,,,0,,FALSE,FALSE,FALSE,TRUE,41.8333333333333,FALSE
2019-05-06,260290201G,Pirapama,CABO DE SANTO AGOSTINHO,-8.2820425,-35.0646785,13.0179995725833,12.9770992366412,4.9618320610687,6.10687022900763,6.87022900763359,,,,,,0,,FALSE,FALSE,FALSE,TRUE,54.3157894736842,FALSE
2019-05-07,260290201G,Pirapama,CABO DE SANTO AGOSTINHO,-8.2820425,-35.0646785,13.0179995725833,12.9770992366412,4.9618320610687,6.10687022900763,6.87022900763359,,,,,,0,,FALSE,FALSE,FALSE,TRUE,52.1304347826087,FALSE
2019-05-08,260290201G,Pirapama,CABO DE SANTO AGOSTINHO,-8.2820425,-35.0646785,13.0179995725833,12.9770992366412,4.9618320610687,6.10687022900763,6.87022900763359,,,,,,0,,FALSE,FALSE,FALSE,FALSE,,FALSE
2019-05-09,260290201G,Pirapama,CABO DE SANTO AGOSTINHO,-8.2820425,-35.0646785,13.0179995725833,12.9770992366412,4.9618320610687,6.10687022900763,6.87022900763359,,,,,,0,,FALSE,FALSE,FALSE,TRUE,42.1875,FALSE
2019-05-10,260290201G,Pirapama,CABO DE SANTO AGOSTINHO,-8.2820425,-35.0646785,13.0179995725833,12.9770992366412,4.9618320610687,6.10687022900763,6.87022900763359,,,,,,0,,FALSE,FALSE,FALSE,FALSE,,FALSE
2019-05-11,260290201G,Pirapama,CABO DE SANTO AGOSTINHO,-8.2820425,-35.0646785,13.0179995725833,12.9770992366412,4.9618320610687,6.10687022900763,6.87022900763359,,,,,,0,,FALSE,FALSE,FALSE,TRUE,48.3809523809524,FALSE
2019-05-12,260290201G,Pirapama,CABO DE SANTO AGOSTINHO,-8.2820425,-35.0646785,13.0179995725833,12.9770992366412,4.9618320610687,6.10687022900763,6.87022900763359,,,,,,0,,FALSE,FALSE,FALSE,TRUE,37.9565217391304,FALSE
2019-05-13,260290201G,Pirapama,CABO DE SANTO AGOSTINHO,-8.2820425,-35.0646785,13.0179995725833,12.9770992366412,4.9618320610687,6.10687022900763,6.87022900763359,,,,,,0,,FALSE,FALSE,FALSE,TRUE,95.75,FALSE
2019-05-14,260290201G,Pirapama,CABO DE SANTO AGOSTINHO,-8.2820425,-35.0646785,13.0179995725833,12.9770992366412,4.9618320610687,6.10687022900763,6.87022900763359,,,,,,0,,FALSE,FALSE,FALSE,TRUE,104.0625,FALSE
2019-05-15,260290201G,Pirapama,CABO DE SANTO AGOSTINHO,-8.2820425,-35.0646785,13.0179995725833,12.9770992366412,4.9618320610687,6.10687022900763,6.87022900763359,,,,,,0,,FALSE,FALSE,FALSE,TRUE,72.5833333333333,FALSE
2019-05-16,260290201G,Pirapama,CABO DE SANTO AGOSTINHO,-8.2820425,-35.0646785,13.0179995725833,12.9770992366412,4.9618320610687,6.10687022900763,6.87022900763359,,,,,,0,,FALSE,FALSE,FALSE,TRUE,57.8333333333333,FALSE
2019-05-17,260290201G,Pirapama,CABO DE SANTO AGOSTINHO,-8.2820425,-35.0646785,13.0179995725833,12.9770992366412,4.9618320610687,6.10687022900763,6.87022900763359,,,,,,0,,FALSE,FALSE,FALSE,TRUE,49.0909090909091,FALSE
2019-05-18,260290201G,Pirapama,CABO DE SANTO AGOSTINHO,-8.2820425,-35.0646785,13.0179995725833,12.9770992366412,4.9618320610687,6.10687022900763,6.87022900763359,,,,,,0,,FALSE,FALSE,FALSE,TRUE,43.0909090909091,FALSE
2019-05-19,260290201G,Pirapama,CABO DE SANTO AGOSTINHO,-8.2820425,-35.0646785,13.0179995725833,12.9770992366412,4.9618320610687,6.10687022900763,6.87022900763359,,,,,,0,,FALSE,FALSE,FALSE,TRUE,22.3529411764706,FALSE
2019-05-20,260290201G,Pirapama,CABO DE SANTO AGOSTINHO,-8.2820425,-35.0646785,13.0179995725833,12.9770992366412,4.9618320610687,6.10687022900763,6.87022900763359,,,,,,0,,FALSE,FALSE,FALSE,TRUE,24.9047619047619,FALSE
2019-05-21,260290201G,Pirapama,CABO DE SANTO AGOSTINHO,-8.2820425,-35.0646785,13.0179995725833,12.9770992366412,4.9618320610687,6.10687022900763,6.87022900763359,,,,,,0,,FALSE,FALSE,FALSE,FALSE,,FALSE
2019-05-22,260290201G,Pirapama,CABO DE SANTO AGOSTINHO,-8.2820425,-35.0646785,13.0179995725833,12.9770992366412,4.9618320610687,6.10687022900763,6.87022900763359,,,,,,0,,FALSE,FALSE,FALSE,TRUE,63.5,FALSE
2019-05-23,260290201G,Pirapama,CABO DE SANTO AGOSTINHO,-8.2820425,-35.0646785,13.0179995725833,12.9770992366412,4.9618320610687,6.10687022900763,6.87022900763359,,,,,,0,,FALSE,FALSE,FALSE,TRUE,42.4166666666667,FALSE
2019-05-24,260290201G,Pirapama,CABO DE SANTO AGOSTINHO,-8.2820425,-35.0646785,13.0179995725833,12.9770992366412,4.9618320610687,6.10687022900763,6.87022900763359,,,,,,0,,FALSE,FALSE,FALSE,TRUE,47.6666666666667,FALSE
2019-05-25,260290201G,Pirapama,CABO DE SANTO AGOSTINHO,-8.2820425,-35.0646785,13.0179995725833,12.9770992366412,4.9618320610687,6.10687022900763,6.87022900763359,,,,,,0,,FALSE,FALSE,FALSE,TRUE,50.6666666666667,FALSE
2019-05-26,260290201G,Pirapama,CABO DE SANTO AGOSTINHO,-8.2820425,-35.0646785,13.0179995725833,12.9770992366412,4.9618320610687,6.10687022900763,6.87022900763359,,,,,,0,,FALSE,FALSE,FALSE,TRUE,30,FALSE
2019-05-27,260290201G,Pirapama,CABO DE SANTO AGOSTINHO,-8.2820425,-35.0646785,13.0179995725833,12.9770992366412,4.9618320610687,6.10687022900763,6.87022900763359,,,,,,0,,FALSE,FALSE,FALSE,TRUE,32.0588235294118,FALSE
2019-05-28,260290201G,Pirapama,CABO DE SANTO AGOSTINHO,-8.2820425,-35.0646785,13.0179995725833,12.9770992366412,4.9618320610687,6.10687022900763,6.87022900763359,,,,,,0,,FALSE,FALSE,FALSE,TRUE,51.2857142857143,FALSE
2019-05-29,260290201G,Pirapama,CABO DE SANTO AGOSTINHO,-8.2820425,-35.0646785,13.0179995725833,12.9770992366412,4.9618320610687,6.10687022900763,6.87022900763359,,,,,,0,,FALSE,FALSE,FALSE,TRUE,20.95,FALSE
2019-05-30,260290201G,Pirapama,CABO DE SANTO AGOSTINHO,-8.2820425,-35.0646785,13.0179995725833,12.9770992366412,4.9618320610687,6.10687022900763,6.87022900763359,,,,,,0,,FALSE,FALSE,FALSE,TRUE,31.8333333333333,FALSE
2019-05-31,260290201G,Pirapama,CABO DE SANTO AGOSTINHO,-8.2820425,-35.0646785,13.0179995725833,12.9770992366412,4.9618320610687,6.10687022900763,6.87022900763359,,,,,,0,,FALSE,FALSE,FALSE,TRUE,38.5416666666667,FALSE
2019-06-01,260290201G,Pirapama,CABO DE SANTO AGOSTINHO,-8.2820425,-35.0646785,13.0179995725833,12.9770992366412,4.9618320610687,6.10687022900763,6.87022900763359,,,,,,0,,FALSE,FALSE,FALSE,TRUE,42.2222222222222,FALSE
2019-06-02,260290201G,Pirapama,CABO DE SANTO AGOSTINHO,-8.2820425,-35.0646785,13.0179995725833,12.9770992366412,4.9618320610687,6.10687022900763,6.87022900763359,,,,,,0,,FALSE,FALSE,FALSE,TRUE,40.0833333333333,FALSE
2019-06-03,260290201G,Pirapama,CABO DE SANTO AGOSTINHO,-8.2820425,-35.0646785,13.0179995725833,12.9770992366412,4.9618320610687,6.10687022900763,6.87022900763359,,,,,,0,,FALSE,FALSE,FALSE,TRUE,34.9047619047619,FALSE
2019-06-04,260290201G,Pirapama,CABO DE SANTO AGOSTINHO,-8.2820425,-35.0646785,13.0179995725833,12.9770992366412,4.9618320610687,6.10687022900763,6.87022900763359,,,,,,0,,FALSE,FALSE,FALSE,TRUE,40.1578947368421,FALSE
2019-06-05,260290201G,Pirapama,CABO DE SANTO AGOSTINHO,-8.2820425,-35.0646785,13.0179995725833,12.9770992366412,4.9618320610687,6.10687022900763,6.87022900763359,,,,,,0,,FALSE,FALSE,FALSE,TRUE,29.35,FALSE
2019-06-06,260290201G,Pirapama,CABO DE SANTO AGOSTINHO,-8.2820425,-35.0646785,13.0179995725833,12.9770992366412,4.9618320610687,6.10687022900763,6.87022900763359,,,,,,0,,FALSE,FALSE,FALSE,TRUE,37.1111111111111,FALSE
2019-06-07,260290201G,Pirapama,CABO DE SANTO AGOSTINHO,-8.2820425,-35.0646785,13.0179995725833,12.9770992366412,4.9618320610687,6.10687022900763,6.87022900763359,,,,,,0,,FALSE,FALSE,FALSE,TRUE,49.5263157894737,FALSE
2019-06-08,260290201G,Pirapama,CABO DE SANTO AGOSTINHO,-8.2820425,-35.0646785,13.0179995725833,12.9770992366412,4.9618320610687,6.10687022900763,6.87022900763359,,,,,,0,,FALSE,FALSE,FALSE,TRUE,42.8571428571429,FALSE
2019-06-09,260290201G,Pirapama,CABO DE SANTO AGOSTINHO,-8.2820425,-35.0646785,13.0179995725833,12.9770992366412,4.9618320610687,6.10687022900763,6.87022900763359,,,,,,0,,FALSE,FALSE,FALSE,TRUE,37.1176470588235,FALSE
2019-06-10,260290201G,Pirapama,CABO DE SANTO AGOSTINHO,-8.2820425,-35.0646785,13.0179995725833,12.9770992366412,4.9618320610687,6.10687022900763,6.87022900763359,,,,,,0,,FALSE,FALSE,FALSE,TRUE,37.8333333333333,FALSE
2019-06-11,260290201G,Pirapama,CABO DE SANTO AGOSTINHO,-8.2820425,-35.0646785,13.0179995725833,12.9770992366412,4.9618320610687,6.10687022900763,6.87022900763359,,,,,,0,,FALSE,FALSE,FALSE,TRUE,41.1666666666667,FALSE
2019-06-12,260290201G,Pirapama,CABO DE SANTO AGOSTINHO,-8.2820425,-35.0646785,13.0179995725833,12.9770992366412,4.9618320610687,6.10687022900763,6.87022900763359,,,,,,0,,FALSE,FALSE,FALSE,TRUE,32.625,FALSE
2019-06-13,260290201G,Pirapama,CABO DE SANTO AGOSTINHO,-8.2820425,-35.0646785,13.0179995725833,12.9770992366412,4.9618320610687,6.10687022900763,6.87022900763359,,,,,,0,,FALSE,FALSE,FALSE,TRUE,26.25,FALSE
2019-06-14,260290201G,Pirapama,CABO DE SANTO AGOSTINHO,-8.2820425,-35.0646785,13.0179995725833,12.9770992366412,4.9618320610687,6.10687022900763,6.87022900763359,,,,,,0,,FALSE,FALSE,FALSE,TRUE,51.7083333333333,FALSE
2019-06-15,260290201G,Pirapama,CABO DE SANTO AGOSTINHO,-8.2820425,-35.0646785,13.0179995725833,12.9770992366412,4.9618320610687,6.10687022900763,6.87022900763359,,,,,,0,,FALSE,FALSE,FALSE,TRUE,41.2083333333333,FALSE
2019-06-16,260290201G,Pirapama,CABO DE SANTO AGOSTINHO,-8.2820425,-35.0646785,13.0179995725833,12.9770992366412,4.9618320610687,6.10687022900763,6.87022900763359,,,,,,0,,FALSE,FALSE,FALSE,TRUE,20.7647058823529,FALSE
2019-06-17,260290201G,Pirapama,CABO DE SANTO AGOSTINHO,-8.2820425,-35.0646785,13.0179995725833,12.9770992366412,4.9618320610687,6.10687022900763,6.87022900763359,,,,,,0,,FALSE,FALSE,FALSE,FALSE,,FALSE
2019-06-18,260290201G,Pirapama,CABO DE SANTO AGOSTINHO,-8.2820425,-35.0646785,13.0179995725833,12.9770992366412,4.9618320610687,6.10687022900763,6.87022900763359,,,,,,0,,FALSE,FALSE,FALSE,TRUE,24.6363636363636,FALSE
2019-06-19,260290201G,Pirapama,CABO DE SANTO AGOSTINHO,-8.2820425,-35.0646785,13.0179995725833,12.9770992366412,4.9618320610687,6.10687022900763,6.87022900763359,,,,,,0,,FALSE,FALSE,FALSE,TRUE,19.4166666666667,FALSE
2019-06-20,260290201G,Pirapama,CABO DE SANTO AGOSTINHO,-8.2820425,-35.0646785,13.0179995725833,12.9770992366412,4.9618320610687,6.10687022900763,6.87022900763359,,,,,,0,,FALSE,FALSE,FALSE,TRUE,33.7826086956522,FALSE
2019-06-21,260290201G,Pirapama,CABO DE SANTO AGOSTINHO,-8.2820425,-35.0646785,13.0179995725833,12.9770992366412,4.9618320610687,6.10687022900763,6.87022900763359,,,,,,0,,FALSE,FALSE,FALSE,TRUE,45,FALSE
2019-06-22,260290201G,Pirapama,CABO DE SANTO AGOSTINHO,-8.2820425,-35.0646785,13.0179995725833,12.9770992366412,4.9618320610687,6.10687022900763,6.87022900763359,,,,,,0,,FALSE,FALSE,FALSE,TRUE,53.2083333333333,FALSE
2019-06-23,260290201G,Pirapama,CABO DE SANTO AGOSTINHO,-8.2820425,-35.0646785,13.0179995725833,12.9770992366412,4.9618320610687,6.10687022900763,6.87022900763359,,,,,,0,,FALSE,FALSE,FALSE,TRUE,63,FALSE
2019-06-24,260290201G,Pirapama,CABO DE SANTO AGOSTINHO,-8.2820425,-35.0646785,13.0179995725833,12.9770992366412,4.9618320610687,6.10687022900763,6.87022900763359,,,,,,0,,FALSE,FALSE,FALSE,TRUE,58.4166666666667,FALSE
2019-06-25,260290201G,Pirapama,CABO DE SANTO AGOSTINHO,-8.2820425,-35.0646785,13.0179995725833,12.9770992366412,4.9618320610687,6.10687022900763,6.87022900763359,,,,,,0,,FALSE,FALSE,FALSE,TRUE,43.75,FALSE
2019-06-26,260290201G,Pirapama,CABO DE SANTO AGOSTINHO,-8.2820425,-35.0646785,13.0179995725833,12.9770992366412,4.9618320610687,6.10687022900763,6.87022900763359,,,,,,0,,FALSE,FALSE,FALSE,TRUE,27.1818181818182,FALSE
2019-06-27,260290201G,Pirapama,CABO DE SANTO AGOSTINHO,-8.2820425,-35.0646785,13.0179995725833,12.9770992366412,4.9618320610687,6.10687022900763,6.87022900763359,,,,,,0,,FALSE,FALSE,FALSE,TRUE,35.5238095238095,FALSE
2019-06-28,260290201G,Pirapama,CABO DE SANTO AGOSTINHO,-8.2820425,-35.0646785,13.0179995725833,12.9770992366412,4.9618320610687,6.10687022900763,6.87022900763359,,,,,,0,,FALSE,FALSE,FALSE,TRUE,37.4782608695652,FALSE
2019-06-29,260290201G,Pirapama,CABO DE SANTO AGOSTINHO,-8.2820425,-35.0646785,13.0179995725833,12.9770992366412,4.9618320610687,6.10687022900763,6.87022900763359,,,,,,0,,FALSE,FALSE,FALSE,TRUE,33.9583333333333,FALSE
2019-06-30,260290201G,Pirapama,CABO DE SANTO AGOSTINHO,-8.2820425,-35.0646785,13.0179995725833,12.9770992366412,4.9618320610687,6.10687022900763,6.87022900763359,,,,,,0,,FALSE,FALSE,FALSE,TRUE,30.875,FALSE
2019-07-01,260290201G,Pirapama,CABO DE SANTO AGOSTINHO,-8.2820425,-35.0646785,13.0179995725833,12.9770992366412,4.9618320610687,6.10687022900763,6.87022900763359,,,,,,0,,FALSE,FALSE,FALSE,TRUE,49.5416666666667,FALSE
2019-07-02,260290201G,Pirapama,CABO DE SANTO AGOSTINHO,-8.2820425,-35.0646785,13.0179995725833,12.9770992366412,4.9618320610687,6.10687022900763,6.87022900763359,,,,,,0,,FALSE,FALSE,FALSE,TRUE,53.875,FALSE
2019-07-03,260290201G,Pirapama,CABO DE SANTO AGOSTINHO,-8.2820425,-35.0646785,13.0179995725833,12.9770992366412,4.9618320610687,6.10687022900763,6.87022900763359,,,,,,0,,FALSE,FALSE,FALSE,TRUE,18.0454545454545,FALSE
2019-07-04,260290201G,Pirapama,CABO DE SANTO AGOSTINHO,-8.2820425,-35.0646785,13.0179995725833,12.9770992366412,4.9618320610687,6.10687022900763,6.87022900763359,,,,,,0,,FALSE,FALSE,FALSE,TRUE,39.2083333333333,FALSE
2019-07-05,260290201G,Pirapama,CABO DE SANTO AGOSTINHO,-8.2820425,-35.0646785,13.0179995725833,12.9770992366412,4.9618320610687,6.10687022900763,6.87022900763359,,,,,,0,,FALSE,FALSE,FALSE,TRUE,73.6666666666667,FALSE
2019-07-06,260290201G,Pirapama,CABO DE SANTO AGOSTINHO,-8.2820425,-35.0646785,13.0179995725833,12.9770992366412,4.9618320610687,6.10687022900763,6.87022900763359,,,,,,0,,FALSE,FALSE,FALSE,TRUE,60.6666666666667,FALSE
2019-07-07,260290201G,Pirapama,CABO DE SANTO AGOSTINHO,-8.2820425,-35.0646785,13.0179995725833,12.9770992366412,4.9618320610687,6.10687022900763,6.87022900763359,,,,,,0,,FALSE,FALSE,FALSE,TRUE,49.5416666666667,FALSE
2019-07-08,260290201G,Pirapama,CABO DE SANTO AGOSTINHO,-8.2820425,-35.0646785,13.0179995725833,12.9770992366412,4.9618320610687,6.10687022900763,6.87022900763359,,,,,,0,,FALSE,FALSE,FALSE,TRUE,33.0952380952381,FALSE
2019-07-09,260290201G,Pirapama,CABO DE SANTO AGOSTINHO,-8.2820425,-35.0646785,13.0179995725833,12.9770992366412,4.9618320610687,6.10687022900763,6.87022900763359,,,,,,0,,FALSE,FALSE,FALSE,TRUE,44.3333333333333,FALSE
2019-07-10,260290201G,Pirapama,CABO DE SANTO AGOSTINHO,-8.2820425,-35.0646785,13.0179995725833,12.9770992366412,4.9618320610687,6.10687022900763,6.87022900763359,,,,,,0,,FALSE,FALSE,FALSE,TRUE,39.9166666666667,FALSE
2019-07-11,260290201G,Pirapama,CABO DE SANTO AGOSTINHO,-8.2820425,-35.0646785,13.0179995725833,12.9770992366412,4.9618320610687,6.10687022900763,6.87022900763359,,,,,,0,,FALSE,FALSE,FALSE,TRUE,35.6666666666667,FALSE
2019-07-12,260290201G,Pirapama,CABO DE SANTO AGOSTINHO,-8.2820425,-35.0646785,13.0179995725833,12.9770992366412,4.9618320610687,6.10687022900763,6.87022900763359,,,,,,0,,FALSE,FALSE,FALSE,TRUE,65.0833333333333,FALSE
2019-07-13,260290201G,Pirapama,CABO DE SANTO AGOSTINHO,-8.2820425,-35.0646785,13.0179995725833,12.9770992366412,4.9618320610687,6.10687022900763,6.87022900763359,,,,,,0,,FALSE,FALSE,FALSE,TRUE,21.6190476190476,FALSE
2019-07-14,260290201G,Pirapama,CABO DE SANTO AGOSTINHO,-8.2820425,-35.0646785,13.0179995725833,12.9770992366412,4.9618320610687,6.10687022900763,6.87022900763359,,,,,,0,,FALSE,FALSE,FALSE,FALSE,,FALSE
2019-07-15,260290201G,Pirapama,CABO DE SANTO AGOSTINHO,-8.2820425,-35.0646785,13.0179995725833,12.9770992366412,4.9618320610687,6.10687022900763,6.87022900763359,,,,,,0,,FALSE,FALSE,FALSE,TRUE,40.8260869565217,FALSE
2019-07-16,260290201G,Pirapama,CABO DE SANTO AGOSTINHO,-8.2820425,-35.0646785,13.0179995725833,12.9770992366412,4.9618320610687,6.10687022900763,6.87022900763359,,,,,,0,,FALSE,FALSE,FALSE,TRUE,71.4166666666667,FALSE
2019-07-17,260290201G,Pirapama,CABO DE SANTO AGOSTINHO,-8.2820425,-35.0646785,13.0179995725833,12.9770992366412,4.9618320610687,6.10687022900763,6.87022900763359,,,,,,0,,FALSE,FALSE,FALSE,TRUE,54.125,FALSE
2019-07-18,260290201G,Pirapama,CABO DE SANTO AGOSTINHO,-8.2820425,-35.0646785,13.0179995725833,12.9770992366412,4.9618320610687,6.10687022900763,6.87022900763359,,,,,,0,,FALSE,FALSE,FALSE,TRUE,40.1666666666667,FALSE
2019-07-19,260290201G,Pirapama,CABO DE SANTO AGOSTINHO,-8.2820425,-35.0646785,13.0179995725833,12.9770992366412,4.9618320610687,6.10687022900763,6.87022900763359,,,,,,0,,FALSE,FALSE,FALSE,TRUE,34.7916666666667,FALSE
2019-07-20,260290201G,Pirapama,CABO DE SANTO AGOSTINHO,-8.2820425,-35.0646785,13.0179995725833,12.9770992366412,4.9618320610687,6.10687022900763,6.87022900763359,,,,,,0,,FALSE,FALSE,FALSE,TRUE,15,FALSE
2019-07-21,260290201G,Pirapama,CABO DE SANTO AGOSTINHO,-8.2820425,-35.0646785,13.0179995725833,12.9770992366412,4.9618320610687,6.10687022900763,6.87022900763359,,,,,,0,,FALSE,FALSE,FALSE,TRUE,26.75,FALSE
2019-07-22,260290201G,Pirapama,CABO DE SANTO AGOSTINHO,-8.2820425,-35.0646785,13.0179995725833,12.9770992366412,4.9618320610687,6.10687022900763,6.87022900763359,,,,,,0,,FALSE,FALSE,FALSE,TRUE,20.2380952380952,FALSE
2019-07-23,260290201G,Pirapama,CABO DE SANTO AGOSTINHO,-8.2820425,-35.0646785,13.0179995725833,12.9770992366412,4.9618320610687,6.10687022900763,6.87022900763359,,,,,,0,,FALSE,FALSE,FALSE,TRUE,14.9166666666667,FALSE
2019-07-24,260290201G,Pirapama,CABO DE SANTO AGOSTINHO,-8.2820425,-35.0646785,13.0179995725833,12.9770992366412,4.9618320610687,6.10687022900763,6.87022900763359,,,,,,0,,FALSE,FALSE,FALSE,TRUE,12.3,FALSE
2019-07-25,260290201G,Pirapama,CABO DE SANTO AGOSTINHO,-8.2820425,-35.0646785,13.0179995725833,12.9770992366412,4.9618320610687,6.10687022900763,6.87022900763359,,,,,,0,,FALSE,FALSE,FALSE,TRUE,18.1818181818182,FALSE
2019-07-26,260290201G,Pirapama,CABO DE SANTO AGOSTINHO,-8.2820425,-35.0646785,13.0179995725833,12.9770992366412,4.9618320610687,6.10687022900763,6.87022900763359,,,,,,0,,FALSE,FALSE,FALSE,TRUE,14.7727272727273,FALSE
2019-07-27,260290201G,Pirapama,CABO DE SANTO AGOSTINHO,-8.2820425,-35.0646785,13.0179995725833,12.9770992366412,4.9618320610687,6.10687022900763,6.87022900763359,,,,,,0,,FALSE,FALSE,FALSE,TRUE,9.1,FALSE
2019-07-28,260290201G,Pirapama,CABO DE SANTO AGOSTINHO,-8.2820425,-35.0646785,13.0179995725833,12.9770992366412,4.9618320610687,6.10687022900763,6.87022900763359,,,,,,0,,FALSE,FALSE,FALSE,TRUE,15.6521739130435,FALSE
2019-07-29,260290201G,Pirapama,CABO DE SANTO AGOSTINHO,-8.2820425,-35.0646785,13.0179995725833,12.9770992366412,4.9618320610687,6.10687022900763,6.87022900763359,,,,,,0,,FALSE,FALSE,FALSE,FALSE,,FALSE
2019-07-30,260290201G,Pirapama,CABO DE SANTO AGOSTINHO,-8.2820425,-35.0646785,13.0179995725833,12.9770992366412,4.9618320610687,6.10687022900763,6.87022900763359,,,,,,0,,FALSE,FALSE,FALSE,TRUE,11.6315789473684,FALSE
2019-07-31,260290201G,Pirapama,CABO DE SANTO AGOSTINHO,-8.2820425,-35.0646785,13.0179995725833,12.9770992366412,4.9618320610687,6.10687022900763,6.87022900763359,,,,,,0,,FALSE,FALSE,FALSE,FALSE,,FALSE
2019-08-01,260290201G,Pirapama,CABO DE SANTO AGOSTINHO,-8.2820425,-35.0646785,13.0179995725833,12.9770992366412,4.9618320610687,6.10687022900763,6.87022900763359,,,,,,0,,FALSE,FALSE,FALSE,TRUE,10.0526315789474,FALSE
2019-08-02,260290201G,Pirapama,CABO DE SANTO AGOSTINHO,-8.2820425,-35.0646785,13.0179995725833,12.9770992366412,4.9618320610687,6.10687022900763,6.87022900763359,,,,,,0,,FALSE,FALSE,FALSE,TRUE,33.3333333333333,FALSE
2019-08-03,260290201G,Pirapama,CABO DE SANTO AGOSTINHO,-8.2820425,-35.0646785,13.0179995725833,12.9770992366412,4.9618320610687,6.10687022900763,6.87022900763359,,,,,,0,,FALSE,FALSE,FALSE,TRUE,53.8333333333333,FALSE
2019-08-04,260290201G,Pirapama,CABO DE SANTO AGOSTINHO,-8.2820425,-35.0646785,13.0179995725833,12.9770992366412,4.9618320610687,6.10687022900763,6.87022900763359,,,,,,0,,FALSE,FALSE,FALSE,TRUE,69.125,FALSE
2019-08-05,260290201G,Pirapama,CABO DE SANTO AGOSTINHO,-8.2820425,-35.0646785,13.0179995725833,12.9770992366412,4.9618320610687,6.10687022900763,6.87022900763359,,,,,,0,,FALSE,FALSE,FALSE,TRUE,65.2916666666667,FALSE
2019-08-06,260290201G,Pirapama,CABO DE SANTO AGOSTINHO,-8.2820425,-35.0646785,13.0179995725833,12.9770992366412,4.9618320610687,6.10687022900763,6.87022900763359,,,,,,0,,FALSE,FALSE,FALSE,TRUE,44.8947368421053,FALSE
2019-08-07,260290201G,Pirapama,CABO DE SANTO AGOSTINHO,-8.2820425,-35.0646785,13.0179995725833,12.9770992366412,4.9618320610687,6.10687022900763,6.87022900763359,,,,,,0,,FALSE,FALSE,FALSE,TRUE,48.1666666666667,FALSE
2019-08-08,260290201G,Pirapama,CABO DE SANTO AGOSTINHO,-8.2820425,-35.0646785,13.0179995725833,12.9770992366412,4.9618320610687,6.10687022900763,6.87022900763359,,,,,,0,,FALSE,FALSE,FALSE,TRUE,37.3333333333333,FALSE
2019-08-09,260290201G,Pirapama,CABO DE SANTO AGOSTINHO,-8.2820425,-35.0646785,13.0179995725833,12.9770992366412,4.9618320610687,6.10687022900763,6.87022900763359,,,,,,0,,FALSE,FALSE,FALSE,TRUE,75.4583333333333,FALSE
2019-08-10,260290201G,Pirapama,CABO DE SANTO AGOSTINHO,-8.2820425,-35.0646785,13.0179995725833,12.9770992366412,4.9618320610687,6.10687022900763,6.87022900763359,,,,,,0,,FALSE,FALSE,FALSE,TRUE,75.9166666666667,FALSE
2019-08-11,260290201G,Pirapama,CABO DE SANTO AGOSTINHO,-8.2820425,-35.0646785,13.0179995725833,12.9770992366412,4.9618320610687,6.10687022900763,6.87022900763359,,,,,,0,,FALSE,FALSE,FALSE,TRUE,75.8333333333333,FALSE
2019-08-12,260290201G,Pirapama,CABO DE SANTO AGOSTINHO,-8.2820425,-35.0646785,13.0179995725833,12.9770992366412,4.9618320610687,6.10687022900763,6.87022900763359,,,,,,0,,FALSE,FALSE,FALSE,TRUE,42,FALSE
2019-08-13,260290201G,Pirapama,CABO DE SANTO AGOSTINHO,-8.2820425,-35.0646785,13.0179995725833,12.9770992366412,4.9618320610687,6.10687022900763,6.87022900763359,,,,,,0,,FALSE,FALSE,FALSE,TRUE,41.8695652173913,FALSE
2019-08-14,260290201G,Pirapama,CABO DE SANTO AGOSTINHO,-8.2820425,-35.0646785,13.0179995725833,12.9770992366412,4.9618320610687,6.10687022900763,6.87022900763359,,,,,,0,,FALSE,FALSE,FALSE,TRUE,16.9583333333333,FALSE
2019-08-15,260290201G,Pirapama,CABO DE SANTO AGOSTINHO,-8.2820425,-35.0646785,13.0179995725833,12.9770992366412,4.9618320610687,6.10687022900763,6.87022900763359,,,,,,0,,FALSE,FALSE,FALSE,TRUE,25.0833333333333,FALSE
2019-08-16,260290201G,Pirapama,CABO DE SANTO AGOSTINHO,-8.2820425,-35.0646785,13.0179995725833,12.9770992366412,4.9618320610687,6.10687022900763,6.87022900763359,,,,,,0,,FALSE,FALSE,FALSE,TRUE,31.7916666666667,FALSE
2019-08-17,260290201G,Pirapama,CABO DE SANTO AGOSTINHO,-8.2820425,-35.0646785,13.0179995725833,12.9770992366412,4.9618320610687,6.10687022900763,6.87022900763359,,,,,,0,,FALSE,FALSE,FALSE,TRUE,55.125,FALSE
2019-08-18,260290201G,Pirapama,CABO DE SANTO AGOSTINHO,-8.2820425,-35.0646785,13.0179995725833,12.9770992366412,4.9618320610687,6.10687022900763,6.87022900763359,,,,,,0,,FALSE,FALSE,FALSE,TRUE,57.7916666666667,FALSE
2019-08-19,260290201G,Pirapama,CABO DE SANTO AGOSTINHO,-8.2820425,-35.0646785,13.0179995725833,12.9770992366412,4.9618320610687,6.10687022900763,6.87022900763359,,,,,,0,,FALSE,FALSE,FALSE,TRUE,71.9166666666667,FALSE
2019-08-20,260290201G,Pirapama,CABO DE SANTO AGOSTINHO,-8.2820425,-35.0646785,13.0179995725833,12.9770992366412,4.9618320610687,6.10687022900763,6.87022900763359,,,,,,0,,FALSE,FALSE,FALSE,TRUE,71.25,FALSE
2019-08-21,260290201G,Pirapama,CABO DE SANTO AGOSTINHO,-8.2820425,-35.0646785,13.0179995725833,12.9770992366412,4.9618320610687,6.10687022900763,6.87022900763359,,,,,,0,,FALSE,FALSE,FALSE,TRUE,52.7727272727273,FALSE
2019-08-22,260290201G,Pirapama,CABO DE SANTO AGOSTINHO,-8.2820425,-35.0646785,13.0179995725833,12.9770992366412,4.9618320610687,6.10687022900763,6.87022900763359,,,,,,0,,FALSE,FALSE,FALSE,TRUE,14.5,FALSE
2019-08-23,260290201G,Pirapama,CABO DE SANTO AGOSTINHO,-8.2820425,-35.0646785,13.0179995725833,12.9770992366412,4.9618320610687,6.10687022900763,6.87022900763359,,,,,,0,,FALSE,FALSE,FALSE,TRUE,34.6363636363636,FALSE
2019-08-24,260290201G,Pirapama,CABO DE SANTO AGOSTINHO,-8.2820425,-35.0646785,13.0179995725833,12.9770992366412,4.9618320610687,6.10687022900763,6.87022900763359,,,,,,0,,FALSE,FALSE,FALSE,TRUE,35.2608695652174,FALSE
2019-08-25,260290201G,Pirapama,CABO DE SANTO AGOSTINHO,-8.2820425,-35.0646785,13.0179995725833,12.9770992366412,4.9618320610687,6.10687022900763,6.87022900763359,,,,,,0,,FALSE,FALSE,FALSE,TRUE,40.3333333333333,FALSE
2019-08-26,260290201G,Pirapama,CABO DE SANTO AGOSTINHO,-8.2820425,-35.0646785,13.0179995725833,12.9770992366412,4.9618320610687,6.10687022900763,6.87022900763359,,,,,,0,,FALSE,FALSE,FALSE,TRUE,41.125,FALSE
2019-08-27,260290201G,Pirapama,CABO DE SANTO AGOSTINHO,-8.2820425,-35.0646785,13.0179995725833,12.9770992366412,4.9618320610687,6.10687022900763,6.87022900763359,,,,,,0,,FALSE,FALSE,FALSE,TRUE,58.4166666666667,FALSE
2019-08-28,260290201G,Pirapama,CABO DE SANTO AGOSTINHO,-8.2820425,-35.0646785,13.0179995725833,12.9770992366412,4.9618320610687,6.10687022900763,6.87022900763359,,,,,,0,,FALSE,FALSE,FALSE,TRUE,45,FALSE
2019-08-29,260290201G,Pirapama,CABO DE SANTO AGOSTINHO,-8.2820425,-35.0646785,13.0179995725833,12.9770992366412,4.9618320610687,6.10687022900763,6.87022900763359,,,,,,0,,FALSE,FALSE,FALSE,TRUE,52.1666666666667,FALSE
2019-08-30,260290201G,Pirapama,CABO DE SANTO AGOSTINHO,-8.2820425,-35.0646785,13.0179995725833,12.9770992366412,4.9618320610687,6.10687022900763,6.87022900763359,,,,,,0,,FALSE,FALSE,FALSE,TRUE,55.4583333333333,FALSE
2019-08-31,260290201G,Pirapama,CABO DE SANTO AGOSTINHO,-8.2820425,-35.0646785,13.0179995725833,12.9770992366412,4.9618320610687,6.10687022900763,6.87022900763359,,,,,,0,,FALSE,FALSE,FALSE,TRUE,69.4583333333333,FALSE
2019-09-01,260290201G,Pirapama,CABO DE SANTO AGOSTINHO,-8.2820425,-35.0646785,13.0179995725833,12.9770992366412,4.9618320610687,6.10687022900763,6.87022900763359,,,,,,0,,FALSE,FALSE,FALSE,TRUE,36.375,FALSE
2019-09-02,260290201G,Pirapama,CABO DE SANTO AGOSTINHO,-8.2820425,-35.0646785,13.0179995725833,12.9770992366412,4.9618320610687,6.10687022900763,6.87022900763359,,,,,,0,,FALSE,FALSE,FALSE,TRUE,39.9583333333333,FALSE
2019-09-03,260290201G,Pirapama,CABO DE SANTO AGOSTINHO,-8.2820425,-35.0646785,13.0179995725833,12.9770992366412,4.9618320610687,6.10687022900763,6.87022900763359,,,,,,0,,FALSE,FALSE,FALSE,TRUE,49.6666666666667,FALSE
2019-09-04,260290201G,Pirapama,CABO DE SANTO AGOSTINHO,-8.2820425,-35.0646785,13.0179995725833,12.9770992366412,4.9618320610687,6.10687022900763,6.87022900763359,,,,,,0,,FALSE,FALSE,FALSE,TRUE,37.875,FALSE
2019-09-05,260290201G,Pirapama,CABO DE SANTO AGOSTINHO,-8.2820425,-35.0646785,13.0179995725833,12.9770992366412,4.9618320610687,6.10687022900763,6.87022900763359,,,,,,0,,FALSE,FALSE,FALSE,TRUE,26.9583333333333,FALSE
2019-09-06,260290201G,Pirapama,CABO DE SANTO AGOSTINHO,-8.2820425,-35.0646785,13.0179995725833,12.9770992366412,4.9618320610687,6.10687022900763,6.87022900763359,,,,,,0,,FALSE,FALSE,FALSE,TRUE,30.6363636363636,FALSE
2019-09-07,260290201G,Pirapama,CABO DE SANTO AGOSTINHO,-8.2820425,-35.0646785,13.0179995725833,12.9770992366412,4.9618320610687,6.10687022900763,6.87022900763359,,,,,,0,,FALSE,FALSE,FALSE,TRUE,28,FALSE
2019-09-08,260290201G,Pirapama,CABO DE SANTO AGOSTINHO,-8.2820425,-35.0646785,13.0179995725833,12.9770992366412,4.9618320610687,6.10687022900763,6.87022900763359,,,,,,0,,FALSE,FALSE,FALSE,TRUE,29.125,FALSE
2019-09-09,260290201G,Pirapama,CABO DE SANTO AGOSTINHO,-8.2820425,-35.0646785,13.0179995725833,12.9770992366412,4.9618320610687,6.10687022900763,6.87022900763359,,,,,,0,,FALSE,FALSE,FALSE,TRUE,48.8333333333333,FALSE
2019-09-10,260290201G,Pirapama,CABO DE SANTO AGOSTINHO,-8.2820425,-35.0646785,13.0179995725833,12.9770992366412,4.9618320610687,6.10687022900763,6.87022900763359,,,,,,0,,FALSE,FALSE,FALSE,TRUE,57.6666666666667,FALSE
2019-09-11,260290201G,Pirapama,CABO DE SANTO AGOSTINHO,-8.2820425,-35.0646785,13.0179995725833,12.9770992366412,4.9618320610687,6.10687022900763,6.87022900763359,,,,,,0,,FALSE,FALSE,FALSE,TRUE,46.75,FALSE
2019-09-12,260290201G,Pirapama,CABO DE SANTO AGOSTINHO,-8.2820425,-35.0646785,13.0179995725833,12.9770992366412,4.9618320610687,6.10687022900763,6.87022900763359,,,,,,0,,FALSE,FALSE,FALSE,TRUE,49.7826086956522,FALSE
2019-09-13,260290201G,Pirapama,CABO DE SANTO AGOSTINHO,-8.2820425,-35.0646785,13.0179995725833,12.9770992366412,4.9618320610687,6.10687022900763,6.87022900763359,,,,,,0,,FALSE,FALSE,FALSE,TRUE,54.0952380952381,FALSE
2019-09-14,260290201G,Pirapama,CABO DE SANTO AGOSTINHO,-8.2820425,-35.0646785,13.0179995725833,12.9770992366412,4.9618320610687,6.10687022900763,6.87022900763359,,,,,,0,,FALSE,FALSE,FALSE,TRUE,54.1666666666667,FALSE
2019-09-15,260290201G,Pirapama,CABO DE SANTO AGOSTINHO,-8.2820425,-35.0646785,13.0179995725833,12.9770992366412,4.9618320610687,6.10687022900763,6.87022900763359,,,,,,0,,FALSE,FALSE,FALSE,TRUE,40.3125,FALSE
2019-09-16,260290201G,Pirapama,CABO DE SANTO AGOSTINHO,-8.2820425,-35.0646785,13.0179995725833,12.9770992366412,4.9618320610687,6.10687022900763,6.87022900763359,,,,,,0,,FALSE,FALSE,FALSE,TRUE,38.3684210526316,FALSE
2019-09-17,260290201G,Pirapama,CABO DE SANTO AGOSTINHO,-8.2820425,-35.0646785,13.0179995725833,12.9770992366412,4.9618320610687,6.10687022900763,6.87022900763359,,,,,,0,,FALSE,FALSE,FALSE,TRUE,20.7826086956522,FALSE
2019-09-18,260290201G,Pirapama,CABO DE SANTO AGOSTINHO,-8.2820425,-35.0646785,13.0179995725833,12.9770992366412,4.9618320610687,6.10687022900763,6.87022900763359,,,,,,0,,FALSE,FALSE,FALSE,TRUE,50.1739130434783,FALSE
2019-09-19,260290201G,Pirapama,CABO DE SANTO AGOSTINHO,-8.2820425,-35.0646785,13.0179995725833,12.9770992366412,4.9618320610687,6.10687022900763,6.87022900763359,,,,,,0,,FALSE,FALSE,FALSE,TRUE,63.8636363636364,FALSE
2019-09-20,260290201G,Pirapama,CABO DE SANTO AGOSTINHO,-8.2820425,-35.0646785,13.0179995725833,12.9770992366412,4.9618320610687,6.10687022900763,6.87022900763359,,,,,,0,,FALSE,FALSE,FALSE,TRUE,31.5,FALSE
2019-09-21,260290201G,Pirapama,CABO DE SANTO AGOSTINHO,-8.2820425,-35.0646785,13.0179995725833,12.9770992366412,4.9618320610687,6.10687022900763,6.87022900763359,,,,,,0,,FALSE,FALSE,FALSE,TRUE,48.6666666666667,FALSE
2019-09-22,260290201G,Pirapama,CABO DE SANTO AGOSTINHO,-8.2820425,-35.0646785,13.0179995725833,12.9770992366412,4.9618320610687,6.10687022900763,6.87022900763359,,,,,,0,,FALSE,FALSE,FALSE,TRUE,41.1666666666667,FALSE
2019-09-23,260290201G,Pirapama,CABO DE SANTO AGOSTINHO,-8.2820425,-35.0646785,13.0179995725833,12.9770992366412,4.9618320610687,6.10687022900763,6.87022900763359,,,,,,0,,FALSE,FALSE,FALSE,TRUE,38.9047619047619,FALSE
2019-09-24,260290201G,Pirapama,CABO DE SANTO AGOSTINHO,-8.2820425,-35.0646785,13.0179995725833,12.9770992366412,4.9618320610687,6.10687022900763,6.87022900763359,,,,,,0,,FALSE,FALSE,FALSE,TRUE,45.9166666666667,FALSE
2019-09-25,260290201G,Pirapama,CABO DE SANTO AGOSTINHO,-8.2820425,-35.0646785,13.0179995725833,12.9770992366412,4.9618320610687,6.10687022900763,6.87022900763359,,,,,,0,,FALSE,FALSE,FALSE,TRUE,53.25,FALSE
2019-09-26,260290201G,Pirapama,CABO DE SANTO AGOSTINHO,-8.2820425,-35.0646785,13.0179995725833,12.9770992366412,4.9618320610687,6.10687022900763,6.87022900763359,,,,,,0,,FALSE,FALSE,FALSE,FALSE,,FALSE
2019-09-27,260290201G,Pirapama,CABO DE SANTO AGOSTINHO,-8.2820425,-35.0646785,13.0179995725833,12.9770992366412,4.9618320610687,6.10687022900763,6.87022900763359,,,,,,0,,FALSE,FALSE,FALSE,FALSE,,FALSE
2019-09-28,260290201G,Pirapama,CABO DE SANTO AGOSTINHO,-8.2820425,-35.0646785,13.0179995725833,12.9770992366412,4.9618320610687,6.10687022900763,6.87022900763359,,,,,,0,,FALSE,FALSE,FALSE,FALSE,,FALSE
2019-09-29,260290201G,Pirapama,CABO DE SANTO AGOSTINHO,-8.2820425,-35.0646785,13.0179995725833,12.9770992366412,4.9618320610687,6.10687022900763,6.87022900763359,,,,,,0,,FALSE,FALSE,FALSE,FALSE,,FALSE
2019-09-30,260290201G,Pirapama,CABO DE SANTO AGOSTINHO,-8.2820425,-35.0646785,13.0179995725833,12.9770992366412,4.9618320610687,6.10687022900763,6.87022900763359,0,3,0,0,0,3,,FALSE,FALSE,FALSE,FALSE,,TRUE
2019-10-01,260290201G,Pirapama,CABO DE SANTO AGOSTINHO,-8.2820425,-35.0646785,13.0179995725833,12.9770992366412,4.9618320610687,6.10687022900763,6.87022900763359,0,24,0,0,0,24,60,TRUE,TRUE,TRUE,FALSE,,TRUE
2019-10-02,260290201G,Pirapama,CABO DE SANTO AGOSTINHO,-8.2820425,-35.0646785,13.0179995725833,12.9770992366412,4.9618320610687,6.10687022900763,6.87022900763359,0,24,0,0,0,24,60,TRUE,TRUE,TRUE,FALSE,,TRUE
2019-10-03,260290201G,Pirapama,CABO DE SANTO AGOSTINHO,-8.2820425,-35.0646785,13.0179995725833,12.9770992366412,4.9618320610687,6.10687022900763,6.87022900763359,0.6,24,0,1,0.6,24,70,FALSE,TRUE,TRUE,FALSE,,TRUE
2019-10-04,260290201G,Pirapama,CABO DE SANTO AGOSTINHO,-8.2820425,-35.0646785,13.0179995725833,12.9770992366412,4.9618320610687,6.10687022900763,6.87022900763359,0,24,0,0,0,24,60,TRUE,TRUE,TRUE,FALSE,,TRUE
2019-10-05,260290201G,Pirapama,CABO DE SANTO AGOSTINHO,-8.2820425,-35.0646785,13.0179995725833,12.9770992366412,4.9618320610687,6.10687022900763,6.87022900763359,0,24,0,0,0,24,60,TRUE,TRUE,TRUE,FALSE,,TRUE
2019-10-06,260290201G,Pirapama,CABO DE SANTO AGOSTINHO,-8.2820425,-35.0646785,13.0179995725833,12.9770992366412,4.9618320610687,6.10687022900763,6.87022900763359,0,24,0,0,0,24,60,TRUE,TRUE,TRUE,FALSE,,TRUE
2019-10-07,260290201G,Pirapama,CABO DE SANTO AGOSTINHO,-8.2820425,-35.0646785,13.0179995725833,12.9770992366412,4.9618320610687,6.10687022900763,6.87022900763359,0,24,0,0,0,24,60,TRUE,TRUE,TRUE,FALSE,,TRUE
2019-10-08,260290201G,Pirapama,CABO DE SANTO AGOSTINHO,-8.2820425,-35.0646785,13.0179995725833,12.9770992366412,4.9618320610687,6.10687022900763,6.87022900763359,0.2,16,0,1,0.2,16,2350,FALSE,FALSE,FALSE,FALSE,,TRUE
2019-10-09,260290201G,Pirapama,CABO DE SANTO AGOSTINHO,-8.2820425,-35.0646785,13.0179995725833,12.9770992366412,4.9618320610687,6.10687022900763,6.87022900763359,,,,,,0,,FALSE,FALSE,FALSE,FALSE,,FALSE
2019-10-10,260290201G,Pirapama,CABO DE SANTO AGOSTINHO,-8.2820425,-35.0646785,13.0179995725833,12.9770992366412,4.9618320610687,6.10687022900763,6.87022900763359,0.8,11,0,3,0.4,11,2350,FALSE,FALSE,FALSE,FALSE,,TRUE
2019-10-11,260290201G,Pirapama,CABO DE SANTO AGOSTINHO,-8.2820425,-35.0646785,13.0179995725833,12.9770992366412,4.9618320610687,6.10687022900763,6.87022900763359,0.8,24,0,2,0.6,24,140,FALSE,FALSE,FALSE,FALSE,,TRUE
2019-10-12,260290201G,Pirapama,CABO DE SANTO AGOSTINHO,-8.2820425,-35.0646785,13.0179995725833,12.9770992366412,4.9618320610687,6.10687022900763,6.87022900763359,1,28,0,4,0.4,28,60,TRUE,TRUE,TRUE,FALSE,,TRUE
2019-10-13,260290201G,Pirapama,CABO DE SANTO AGOSTINHO,-8.2820425,-35.0646785,13.0179995725833,12.9770992366412,4.9618320610687,6.10687022900763,6.87022900763359,11.6,29,0,22,2.2,29,600,FALSE,FALSE,FALSE,FALSE,,TRUE
2019-10-14,260290201G,Pirapama,CABO DE SANTO AGOSTINHO,-8.2820425,-35.0646785,13.0179995725833,12.9770992366412,4.9618320610687,6.10687022900763,6.87022900763359,7,15,0,15,1.6,15,760,FALSE,FALSE,FALSE,FALSE,,TRUE
2019-10-15,260290201G,Pirapama,CABO DE SANTO AGOSTINHO,-8.2820425,-35.0646785,13.0179995725833,12.9770992366412,4.9618320610687,6.10687022900763,6.87022900763359,0,14,0,0,0,14,760,FALSE,FALSE,FALSE,FALSE,,TRUE
2019-10-16,260290201G,Pirapama,CABO DE SANTO AGOSTINHO,-8.2820425,-35.0646785,13.0179995725833,12.9770992366412,4.9618320610687,6.10687022900763,6.87022900763359,0,24,0,0,0,24,60,TRUE,TRUE,TRUE,FALSE,,TRUE
2019-10-17,260290201G,Pirapama,CABO DE SANTO AGOSTINHO,-8.2820425,-35.0646785,13.0179995725833,12.9770992366412,4.9618320610687,6.10687022900763,6.87022900763359,0.4,26,0,2,0.2,26,60,TRUE,TRUE,TRUE,FALSE,,TRUE
2019-10-18,260290201G,Pirapama,CABO DE SANTO AGOSTINHO,-8.2820425,-35.0646785,13.0179995725833,12.9770992366412,4.9618320610687,6.10687022900763,6.87022900763359,12,46,0,27,1.6,46,60,TRUE,TRUE,TRUE,FALSE,,TRUE
2019-10-19,260290201G,Pirapama,CABO DE SANTO AGOSTINHO,-8.2820425,-35.0646785,13.0179995725833,12.9770992366412,4.9618320610687,6.10687022900763,6.87022900763359,0.2,23,0,1,0.2,23,130,FALSE,FALSE,FALSE,FALSE,,TRUE
2019-10-20,260290201G,Pirapama,CABO DE SANTO AGOSTINHO,-8.2820425,-35.0646785,13.0179995725833,12.9770992366412,4.9618320610687,6.10687022900763,6.87022900763359,0,22,0,0,0,22,190,FALSE,FALSE,FALSE,FALSE,,TRUE
2019-10-21,260290201G,Pirapama,CABO DE SANTO AGOSTINHO,-8.2820425,-35.0646785,13.0179995725833,12.9770992366412,4.9618320610687,6.10687022900763,6.87022900763359,0,24,0,0,0,24,60,TRUE,TRUE,TRUE,FALSE,,TRUE
2019-10-22,260290201G,Pirapama,CABO DE SANTO AGOSTINHO,-8.2820425,-35.0646785,13.0179995725833,12.9770992366412,4.9618320610687,6.10687022900763,6.87022900763359,0,24,0,0,0,24,60,TRUE,TRUE,TRUE,FALSE,,TRUE
2019-10-23,260290201G,Pirapama,CABO DE SANTO AGOSTINHO,-8.2820425,-35.0646785,13.0179995725833,12.9770992366412,4.9618320610687,6.10687022900763,6.87022900763359,0,24,0,0,0,24,60,TRUE,TRUE,TRUE,FALSE,,TRUE
2019-10-24,260290201G,Pirapama,CABO DE SANTO AGOSTINHO,-8.2820425,-35.0646785,13.0179995725833,12.9770992366412,4.9618320610687,6.10687022900763,6.87022900763359,0,24,0,0,0,24,60,TRUE,TRUE,TRUE,FALSE,,TRUE
2019-10-25,260290201G,Pirapama,CABO DE SANTO AGOSTINHO,-8.2820425,-35.0646785,13.0179995725833,12.9770992366412,4.9618320610687,6.10687022900763,6.87022900763359,0.2,25,1,1,0.2,24,60,TRUE,TRUE,TRUE,FALSE,,TRUE
2019-10-26,260290201G,Pirapama,CABO DE SANTO AGOSTINHO,-8.2820425,-35.0646785,13.0179995725833,12.9770992366412,4.9618320610687,6.10687022900763,6.87022900763359,6,29,0,7,2.4,30,60,TRUE,TRUE,TRUE,TRUE,39.5714285714286,TRUE
2019-10-27,260290201G,Pirapama,CABO DE SANTO AGOSTINHO,-8.2820425,-35.0646785,13.0179995725833,12.9770992366412,4.9618320610687,6.10687022900763,6.87022900763359,0,24,0,0,0,24,60,TRUE,TRUE,TRUE,TRUE,49.2916666666667,TRUE
2019-10-28,260290201G,Pirapama,CABO DE SANTO AGOSTINHO,-8.2820425,-35.0646785,13.0179995725833,12.9770992366412,4.9618320610687,6.10687022900763,6.87022900763359,0,24,0,0,0,24,60,TRUE,TRUE,TRUE,TRUE,56.625,TRUE
2019-10-29,260290201G,Pirapama,CABO DE SANTO AGOSTINHO,-8.2820425,-35.0646785,13.0179995725833,12.9770992366412,4.9618320610687,6.10687022900763,6.87022900763359,0,24,0,0,0,24,60,TRUE,TRUE,TRUE,TRUE,47.125,TRUE
2019-10-30,260290201G,Pirapama,CABO DE SANTO AGOSTINHO,-8.2820425,-35.0646785,13.0179995725833,12.9770992366412,4.9618320610687,6.10687022900763,6.87022900763359,0.2,24,0,1,0.2,24,70,FALSE,TRUE,TRUE,TRUE,40.4583333333333,TRUE
2019-10-31,260290201G,Pirapama,CABO DE SANTO AGOSTINHO,-8.2820425,-35.0646785,13.0179995725833,12.9770992366412,4.9618320610687,6.10687022900763,6.87022900763359,0,24,0,0,0,24,70,FALSE,TRUE,TRUE,TRUE,38.9583333333333,TRUE
2019-11-01,260290201G,Pirapama,CABO DE SANTO AGOSTINHO,-8.2820425,-35.0646785,13.0179995725833,12.9770992366412,4.9618320610687,6.10687022900763,6.87022900763359,0,24,0,0,0,24,60,TRUE,TRUE,TRUE,TRUE,36.5416666666667,TRUE
2019-11-02,260290201G,Pirapama,CABO DE SANTO AGOSTINHO,-8.2820425,-35.0646785,13.0179995725833,12.9770992366412,4.9618320610687,6.10687022900763,6.87022900763359,0.2,21,1,1,0.2,20,330,FALSE,FALSE,FALSE,TRUE,36.25,TRUE
2019-11-03,260290201G,Pirapama,CABO DE SANTO AGOSTINHO,-8.2820425,-35.0646785,13.0179995725833,12.9770992366412,4.9618320610687,6.10687022900763,6.87022900763359,0.6,24,0,3,0.2,25,70,FALSE,TRUE,TRUE,TRUE,37.125,TRUE
2019-11-04,260290201G,Pirapama,CABO DE SANTO AGOSTINHO,-8.2820425,-35.0646785,13.0179995725833,12.9770992366412,4.9618320610687,6.10687022900763,6.87022900763359,0.2,25,0,1,0.2,25,60,TRUE,TRUE,TRUE,TRUE,42.375,TRUE
2019-11-05,260290201G,Pirapama,CABO DE SANTO AGOSTINHO,-8.2820425,-35.0646785,13.0179995725833,12.9770992366412,4.9618320610687,6.10687022900763,6.87022900763359,0,23,0,0,0,23,170,FALSE,FALSE,FALSE,TRUE,45.875,TRUE
2019-11-06,260290201G,Pirapama,CABO DE SANTO AGOSTINHO,-8.2820425,-35.0646785,13.0179995725833,12.9770992366412,4.9618320610687,6.10687022900763,6.87022900763359,0,24,0,0,0,24,80,FALSE,FALSE,TRUE,TRUE,44.6521739130435,TRUE
2019-11-07,260290201G,Pirapama,CABO DE SANTO AGOSTINHO,-8.2820425,-35.0646785,13.0179995725833,12.9770992366412,4.9618320610687,6.10687022900763,6.87022900763359,1.6,27,0,5,0.8,27,130,FALSE,FALSE,FALSE,TRUE,40.55,TRUE
2019-11-08,260290201G,Pirapama,CABO DE SANTO AGOSTINHO,-8.2820425,-35.0646785,13.0179995725833,12.9770992366412,4.9618320610687,6.10687022900763,6.87022900763359,0.2,25,0,1,0.2,25,60,TRUE,TRUE,TRUE,TRUE,36.0416666666667,TRUE
2019-11-09,260290201G,Pirapama,CABO DE SANTO AGOSTINHO,-8.2820425,-35.0646785,13.0179995725833,12.9770992366412,4.9618320610687,6.10687022900763,6.87022900763359,0.6,24,0,2,0.4,24,110,FALSE,FALSE,FALSE,TRUE,44.625,TRUE
2019-11-10,260290201G,Pirapama,CABO DE SANTO AGOSTINHO,-8.2820425,-35.0646785,13.0179995725833,12.9770992366412,4.9618320610687,6.10687022900763,6.87022900763359,0,24,0,0,0,24,60,TRUE,TRUE,TRUE,TRUE,40.25,TRUE
2019-11-11,260290201G,Pirapama,CABO DE SANTO AGOSTINHO,-8.2820425,-35.0646785,13.0179995725833,12.9770992366412,4.9618320610687,6.10687022900763,6.87022900763359,0,24,0,0,0,24,80,FALSE,FALSE,TRUE,TRUE,42.5416666666667,TRUE
2019-11-12,260290201G,Pirapama,CABO DE SANTO AGOSTINHO,-8.2820425,-35.0646785,13.0179995725833,12.9770992366412,4.9618320610687,6.10687022900763,6.87022900763359,0,23,0,0,0,23,140,FALSE,FALSE,FALSE,TRUE,80.8333333333333,TRUE
2019-11-13,260290201G,Pirapama,CABO DE SANTO AGOSTINHO,-8.2820425,-35.0646785,13.0179995725833,12.9770992366412,4.9618320610687,6.10687022900763,6.87022900763359,0,18,0,0,0,18,360,FALSE,FALSE,FALSE,TRUE,40.4583333333333,TRUE
2019-11-14,260290201G,Pirapama,CABO DE SANTO AGOSTINHO,-8.2820425,-35.0646785,13.0179995725833,12.9770992366412,4.9618320610687,6.10687022900763,6.87022900763359,0,24,0,0,0,24,60,TRUE,TRUE,TRUE,TRUE,36.125,TRUE
2019-11-15,260290201G,Pirapama,CABO DE SANTO AGOSTINHO,-8.2820425,-35.0646785,13.0179995725833,12.9770992366412,4.9618320610687,6.10687022900763,6.87022900763359,0,24,0,0,0,24,60,TRUE,TRUE,TRUE,TRUE,51.7142857142857,TRUE
2019-11-16,260290201G,Pirapama,CABO DE SANTO AGOSTINHO,-8.2820425,-35.0646785,13.0179995725833,12.9770992366412,4.9618320610687,6.10687022900763,6.87022900763359,0,16,0,0,0,16,560,FALSE,FALSE,FALSE,TRUE,55.5833333333333,TRUE
2019-11-17,260290201G,Pirapama,CABO DE SANTO AGOSTINHO,-8.2820425,-35.0646785,13.0179995725833,12.9770992366412,4.9618320610687,6.10687022900763,6.87022900763359,0,21,0,0,0,21,220,FALSE,FALSE,FALSE,TRUE,30.5833333333333,TRUE
2019-11-18,260290201G,Pirapama,CABO DE SANTO AGOSTINHO,-8.2820425,-35.0646785,13.0179995725833,12.9770992366412,4.9618320610687,6.10687022900763,6.87022900763359,0,18,0,0,0,18,400,FALSE,FALSE,FALSE,TRUE,37.0416666666667,TRUE
2019-11-19,260290201G,Pirapama,CABO DE SANTO AGOSTINHO,-8.2820425,-35.0646785,13.0179995725833,12.9770992366412,4.9618320610687,6.10687022900763,6.87022900763359,0,24,0,0,0,24,60,TRUE,TRUE,TRUE,TRUE,34.7619047619048,TRUE
2019-11-20,260290201G,Pirapama,CABO DE SANTO AGOSTINHO,-8.2820425,-35.0646785,13.0179995725833,12.9770992366412,4.9618320610687,6.10687022900763,6.87022900763359,0,21,0,0,0,21,380,FALSE,FALSE,FALSE,TRUE,36.3809523809524,TRUE
2019-11-21,260290201G,Pirapama,CABO DE SANTO AGOSTINHO,-8.2820425,-35.0646785,13.0179995725833,12.9770992366412,4.9618320610687,6.10687022900763,6.87022900763359,0,20,0,0,0,20,380,FALSE,FALSE,FALSE,TRUE,36.2083333333333,TRUE
2019-11-22,260290201G,Pirapama,CABO DE SANTO AGOSTINHO,-8.2820425,-35.0646785,13.0179995725833,12.9770992366412,4.9618320610687,6.10687022900763,6.87022900763359,0,23,0,0,0,23,130,FALSE,FALSE,FALSE,TRUE,36.7916666666667,TRUE
2019-11-23,260290201G,Pirapama,CABO DE SANTO AGOSTINHO,-8.2820425,-35.0646785,13.0179995725833,12.9770992366412,4.9618320610687,6.10687022900763,6.87022900763359,0,24,0,0,0,24,60,TRUE,TRUE,TRUE,TRUE,32.4583333333333,TRUE
2019-11-24,260290201G,Pirapama,CABO DE SANTO AGOSTINHO,-8.2820425,-35.0646785,13.0179995725833,12.9770992366412,4.9618320610687,6.10687022900763,6.87022900763359,0,24,0,0,0,24,60,TRUE,TRUE,TRUE,TRUE,39.2083333333333,TRUE
2019-11-25,260290201G,Pirapama,CABO DE SANTO AGOSTINHO,-8.2820425,-35.0646785,13.0179995725833,12.9770992366412,4.9618320610687,6.10687022900763,6.87022900763359,0,22,0,0,0,22,350,FALSE,FALSE,FALSE,FALSE,,TRUE
2019-11-26,260290201G,Pirapama,CABO DE SANTO AGOSTINHO,-8.2820425,-35.0646785,13.0179995725833,12.9770992366412,4.9618320610687,6.10687022900763,6.87022900763359,2,14,0,2,1.8,14,350,FALSE,FALSE,FALSE,FALSE,,TRUE
2019-11-27,260290201G,Pirapama,CABO DE SANTO AGOSTINHO,-8.2820425,-35.0646785,13.0179995725833,12.9770992366412,4.9618320610687,6.10687022900763,6.87022900763359,4.4,30,0,8,1.8,30,80,FALSE,FALSE,TRUE,FALSE,,TRUE
2019-11-28,260290201G,Pirapama,CABO DE SANTO AGOSTINHO,-8.2820425,-35.0646785,13.0179995725833,12.9770992366412,4.9618320610687,6.10687022900763,6.87022900763359,1,17,0,2,0.8,17,690,FALSE,FALSE,FALSE,FALSE,,TRUE
2019-11-29,260290201G,Pirapama,CABO DE SANTO AGOSTINHO,-8.2820425,-35.0646785,13.0179995725833,12.9770992366412,4.9618320610687,6.10687022900763,6.87022900763359,0,8,0,0,0,8,1060,FALSE,FALSE,FALSE,FALSE,,TRUE
2019-11-30,260290201G,Pirapama,CABO DE SANTO AGOSTINHO,-8.2820425,-35.0646785,13.0179995725833,12.9770992366412,4.9618320610687,6.10687022900763,6.87022900763359,0,10,0,0,0,10,1060,FALSE,FALSE,FALSE,FALSE,,TRUE
2019-12-01,260290201G,Pirapama,CABO DE SANTO AGOSTINHO,-8.2820425,-35.0646785,13.0179995725833,12.9770992366412,4.9618320610687,6.10687022900763,6.87022900763359,0,6,0,0,0,6,1260,FALSE,FALSE,FALSE,FALSE,,TRUE
2019-12-02,260290201G,Pirapama,CABO DE SANTO AGOSTINHO,-8.2820425,-35.0646785,13.0179995725833,12.9770992366412,4.9618320610687,6.10687022900763,6.87022900763359,0,4,0,0,0,4,1260,FALSE,FALSE,FALSE,FALSE,,TRUE
2019-12-03,260290201G,Pirapama,CABO DE SANTO AGOSTINHO,-8.2820425,-35.0646785,13.0179995725833,12.9770992366412,4.9618320610687,6.10687022900763,6.87022900763359,0,6,0,0,0,6,1260,FALSE,FALSE,FALSE,FALSE,,TRUE
2019-12-04,260290201G,Pirapama,CABO DE SANTO AGOSTINHO,-8.2820425,-35.0646785,13.0179995725833,12.9770992366412,4.9618320610687,6.10687022900763,6.87022900763359,0,4,0,0,0,4,1260,FALSE,FALSE,FALSE,FALSE,,TRUE
2019-12-05,260290201G,Pirapama,CABO DE SANTO AGOSTINHO,-8.2820425,-35.0646785,13.0179995725833,12.9770992366412,4.9618320610687,6.10687022900763,6.87022900763359,0.4,7,0,1,0.4,7,1280,FALSE,FALSE,FALSE,FALSE,,TRUE
2019-12-06,260290201G,Pirapama,CABO DE SANTO AGOSTINHO,-8.2820425,-35.0646785,13.0179995725833,12.9770992366412,4.9618320610687,6.10687022900763,6.87022900763359,0,4,0,0,0,4,5380,FALSE,FALSE,FALSE,FALSE,,TRUE
2019-12-07,260290201G,Pirapama,CABO DE SANTO AGOSTINHO,-8.2820425,-35.0646785,13.0179995725833,12.9770992366412,4.9618320610687,6.10687022900763,6.87022900763359,,,,,,0,,FALSE,FALSE,FALSE,FALSE,,FALSE
2019-12-08,260290201G,Pirapama,CABO DE SANTO AGOSTINHO,-8.2820425,-35.0646785,13.0179995725833,12.9770992366412,4.9618320610687,6.10687022900763,6.87022900763359,,,,,,0,,FALSE,FALSE,FALSE,FALSE,,FALSE
2019-12-09,260290201G,Pirapama,CABO DE SANTO AGOSTINHO,-8.2820425,-35.0646785,13.0179995725833,12.9770992366412,4.9618320610687,6.10687022900763,6.87022900763359,,,,,,0,,FALSE,FALSE,FALSE,FALSE,,FALSE
2019-12-10,260290201G,Pirapama,CABO DE SANTO AGOSTINHO,-8.2820425,-35.0646785,13.0179995725833,12.9770992366412,4.9618320610687,6.10687022900763,6.87022900763359,1,7,0,2,0.8,7,5380,FALSE,FALSE,FALSE,FALSE,,TRUE
2019-12-11,260290201G,Pirapama,CABO DE SANTO AGOSTINHO,-8.2820425,-35.0646785,13.0179995725833,12.9770992366412,4.9618320610687,6.10687022900763,6.87022900763359,0.8,4,0,4,0.2,4,1180,FALSE,FALSE,FALSE,FALSE,,TRUE
2019-12-12,260290201G,Pirapama,CABO DE SANTO AGOSTINHO,-8.2820425,-35.0646785,13.0179995725833,12.9770992366412,4.9618320610687,6.10687022900763,6.87022900763359,0.6,21,0,3,0.2,21,1180,FALSE,FALSE,FALSE,FALSE,,TRUE
2019-12-13,260290201G,Pirapama,CABO DE SANTO AGOSTINHO,-8.2820425,-35.0646785,13.0179995725833,12.9770992366412,4.9618320610687,6.10687022900763,6.87022900763359,0,10,0,0,0,10,1150,FALSE,FALSE,FALSE,FALSE,,TRUE
2019-12-14,260290201G,Pirapama,CABO DE SANTO AGOSTINHO,-8.2820425,-35.0646785,13.0179995725833,12.9770992366412,4.9618320610687,6.10687022900763,6.87022900763359,3.2,4,0,4,1.6,4,1150,FALSE,FALSE,FALSE,FALSE,,TRUE
2019-12-15,260290201G,Pirapama,CABO DE SANTO AGOSTINHO,-8.2820425,-35.0646785,13.0179995725833,12.9770992366412,4.9618320610687,6.10687022900763,6.87022900763359,5.2,16,1,13,1.6,15,630,FALSE,FALSE,FALSE,FALSE,,TRUE
2019-12-16,260290201G,Pirapama,CABO DE SANTO AGOSTINHO,-8.2820425,-35.0646785,13.0179995725833,12.9770992366412,4.9618320610687,6.10687022900763,6.87022900763359,33.2,28,0,28,5.2,29,480,FALSE,FALSE,FALSE,FALSE,,TRUE
2019-12-17,260290201G,Pirapama,CABO DE SANTO AGOSTINHO,-8.2820425,-35.0646785,13.0179995725833,12.9770992366412,4.9618320610687,6.10687022900763,6.87022900763359,1.8,22,0,6,0.8,22,480,FALSE,FALSE,FALSE,FALSE,,TRUE
2019-12-18,260290201G,Pirapama,CABO DE SANTO AGOSTINHO,-8.2820425,-35.0646785,13.0179995725833,12.9770992366412,4.9618320610687,6.10687022900763,6.87022900763359,0.2,10,0,1,0.2,10,1190,FALSE,FALSE,FALSE,FALSE,,TRUE
2019-12-19,260290201G,Pirapama,CABO DE SANTO AGOSTINHO,-8.2820425,-35.0646785,13.0179995725833,12.9770992366412,4.9618320610687,6.10687022900763,6.87022900763359,2,9,0,4,1,9,1190,FALSE,FALSE,FALSE,FALSE,,TRUE
2019-12-20,260290201G,Pirapama,CABO DE SANTO AGOSTINHO,-8.2820425,-35.0646785,13.0179995725833,12.9770992366412,4.9618320610687,6.10687022900763,6.87022900763359,3.2,10,0,8,0.8,10,3180,FALSE,FALSE,FALSE,FALSE,,TRUE
2019-12-21,260290201G,Pirapama,CABO DE SANTO AGOSTINHO,-8.2820425,-35.0646785,13.0179995725833,12.9770992366412,4.9618320610687,6.10687022900763,6.87022900763359,,,,,,0,,FALSE,FALSE,FALSE,FALSE,,FALSE
2019-12-22,260290201G,Pirapama,CABO DE SANTO AGOSTINHO,-8.2820425,-35.0646785,13.0179995725833,12.9770992366412,4.9618320610687,6.10687022900763,6.87022900763359,,,,,,0,,FALSE,FALSE,FALSE,FALSE,,FALSE
2019-12-23,260290201G,Pirapama,CABO DE SANTO AGOSTINHO,-8.2820425,-35.0646785,13.0179995725833,12.9770992366412,4.9618320610687,6.10687022900763,6.87022900763359,0,6,0,0,0,6,3180,FALSE,FALSE,FALSE,FALSE,,TRUE
2019-12-24,260290201G,Pirapama,CABO DE SANTO AGOSTINHO,-8.2820425,-35.0646785,13.0179995725833,12.9770992366412,4.9618320610687,6.10687022900763,6.87022900763359,0,3,0,0,0,3,2320,FALSE,FALSE,FALSE,FALSE,,TRUE
2019-12-25,260290201G,Pirapama,CABO DE SANTO AGOSTINHO,-8.2820425,-35.0646785,13.0179995725833,12.9770992366412,4.9618320610687,6.10687022900763,6.87022900763359,0.2,1,1,1,0.2,0,,FALSE,FALSE,FALSE,FALSE,,TRUE
2019-12-26,260290201G,Pirapama,CABO DE SANTO AGOSTINHO,-8.2820425,-35.0646785,13.0179995725833,12.9770992366412,4.9618320610687,6.10687022900763,6.87022900763359,3.2,4,0,4,2.2,5,2320,FALSE,FALSE,FALSE,TRUE,64.7619047619048,TRUE
2019-12-27,260290201G,Pirapama,CABO DE SANTO AGOSTINHO,-8.2820425,-35.0646785,13.0179995725833,12.9770992366412,4.9618320610687,6.10687022900763,6.87022900763359,0.4,2,0,2,0.2,2,1250,FALSE,FALSE,FALSE,TRUE,45.9166666666667,TRUE
2019-12-28,260290201G,Pirapama,CABO DE SANTO AGOSTINHO,-8.2820425,-35.0646785,13.0179995725833,12.9770992366412,4.9618320610687,6.10687022900763,6.87022900763359,0,7,0,0,0,7,1170,FALSE,FALSE,FALSE,TRUE,44.125,TRUE
2019-12-29,260290201G,Pirapama,CABO DE SANTO AGOSTINHO,-8.2820425,-35.0646785,13.0179995725833,12.9770992366412,4.9618320610687,6.10687022900763,6.87022900763359,0,8,0,0,0,8,8090,FALSE,FALSE,FALSE,TRUE,43.7083333333333,TRUE
2019-12-30,260290201G,Pirapama,CABO DE SANTO AGOSTINHO,-8.2820425,-35.0646785,13.0179995725833,12.9770992366412,4.9618320610687,6.10687022900763,6.87022900763359,,,,,,0,,FALSE,FALSE,FALSE,TRUE,43.4166666666667,FALSE
2019-12-31,260290201G,Pirapama,CABO DE SANTO AGOSTINHO,-8.2820425,-35.0646785,13.0179995725833,12.9770992366412,4.9618320610687,6.10687022900763,6.87022900763359,,,,,,0,,FALSE,FALSE,FALSE,TRUE,53.4583333333333,FALSE
2019-01-01,260720801G,Campo do Avião,IPOJUCA,-8.3994445,-35.0584555,13.699863829626,13.7404580152672,10.3053435114504,12.9770992366412,12.9770992366412,,,,,,0,,FALSE,FALSE,FALSE,TRUE,89.2380952380952,FALSE
2019-01-02,260720801G,Campo do Avião,IPOJUCA,-8.3994445,-35.0584555,13.699863829626,13.7404580152672,10.3053435114504,12.9770992366412,12.9770992366412,,,,,,0,,FALSE,FALSE,FALSE,TRUE,76,FALSE
2019-01-03,260720801G,Campo do Avião,IPOJUCA,-8.3994445,-35.0584555,13.699863829626,13.7404580152672,10.3053435114504,12.9770992366412,12.9770992366412,,,,,,0,,FALSE,FALSE,FALSE,TRUE,52.1666666666667,FALSE
2019-01-04,260720801G,Campo do Avião,IPOJUCA,-8.3994445,-35.0584555,13.699863829626,13.7404580152672,10.3053435114504,12.9770992366412,12.9770992366412,,,,,,0,,FALSE,FALSE,FALSE,TRUE,57.5,FALSE
2019-01-05,260720801G,Campo do Avião,IPOJUCA,-8.3994445,-35.0584555,13.699863829626,13.7404580152672,10.3053435114504,12.9770992366412,12.9770992366412,,,,,,0,,FALSE,FALSE,FALSE,TRUE,50.4583333333333,FALSE
2019-01-06,260720801G,Campo do Avião,IPOJUCA,-8.3994445,-35.0584555,13.699863829626,13.7404580152672,10.3053435114504,12.9770992366412,12.9770992366412,,,,,,0,,FALSE,FALSE,FALSE,TRUE,29.9583333333333,FALSE
2019-01-07,260720801G,Campo do Avião,IPOJUCA,-8.3994445,-35.0584555,13.699863829626,13.7404580152672,10.3053435114504,12.9770992366412,12.9770992366412,,,,,,0,,FALSE,FALSE,FALSE,TRUE,23.7619047619048,FALSE
2019-01-08,260720801G,Campo do Avião,IPOJUCA,-8.3994445,-35.0584555,13.699863829626,13.7404580152672,10.3053435114504,12.9770992366412,12.9770992366412,,,,,,0,,FALSE,FALSE,FALSE,TRUE,42.5416666666667,FALSE
2019-01-09,260720801G,Campo do Avião,IPOJUCA,-8.3994445,-35.0584555,13.699863829626,13.7404580152672,10.3053435114504,12.9770992366412,12.9770992366412,,,,,,0,,FALSE,FALSE,FALSE,TRUE,41.9166666666667,FALSE
2019-01-10,260720801G,Campo do Avião,IPOJUCA,-8.3994445,-35.0584555,13.699863829626,13.7404580152672,10.3053435114504,12.9770992366412,12.9770992366412,,,,,,0,,FALSE,FALSE,FALSE,TRUE,37.6666666666667,FALSE
2019-01-11,260720801G,Campo do Avião,IPOJUCA,-8.3994445,-35.0584555,13.699863829626,13.7404580152672,10.3053435114504,12.9770992366412,12.9770992366412,,,,,,0,,FALSE,FALSE,FALSE,TRUE,38.7272727272727,FALSE
2019-01-12,260720801G,Campo do Avião,IPOJUCA,-8.3994445,-35.0584555,13.699863829626,13.7404580152672,10.3053435114504,12.9770992366412,12.9770992366412,,,,,,0,,FALSE,FALSE,FALSE,TRUE,14.8333333333333,FALSE
2019-01-13,260720801G,Campo do Avião,IPOJUCA,-8.3994445,-35.0584555,13.699863829626,13.7404580152672,10.3053435114504,12.9770992366412,12.9770992366412,,,,,,0,,FALSE,FALSE,FALSE,TRUE,29.6666666666667,FALSE
2019-01-14,260720801G,Campo do Avião,IPOJUCA,-8.3994445,-35.0584555,13.699863829626,13.7404580152672,10.3053435114504,12.9770992366412,12.9770992366412,,,,,,0,,FALSE,FALSE,FALSE,TRUE,36.3333333333333,FALSE
2019-01-15,260720801G,Campo do Avião,IPOJUCA,-8.3994445,-35.0584555,13.699863829626,13.7404580152672,10.3053435114504,12.9770992366412,12.9770992366412,,,,,,0,,FALSE,FALSE,FALSE,TRUE,37.695652173913,FALSE
2019-01-16,260720801G,Campo do Avião,IPOJUCA,-8.3994445,-35.0584555,13.699863829626,13.7404580152672,10.3053435114504,12.9770992366412,12.9770992366412,,,,,,0,,FALSE,FALSE,FALSE,TRUE,32.9583333333333,FALSE
2019-01-17,260720801G,Campo do Avião,IPOJUCA,-8.3994445,-35.0584555,13.699863829626,13.7404580152672,10.3053435114504,12.9770992366412,12.9770992366412,,,,,,0,,FALSE,FALSE,FALSE,TRUE,24.8333333333333,FALSE
2019-01-18,260720801G,Campo do Avião,IPOJUCA,-8.3994445,-35.0584555,13.699863829626,13.7404580152672,10.3053435114504,12.9770992366412,12.9770992366412,,,,,,0,,FALSE,FALSE,FALSE,TRUE,32.9166666666667,FALSE
2019-01-19,260720801G,Campo do Avião,IPOJUCA,-8.3994445,-35.0584555,13.699863829626,13.7404580152672,10.3053435114504,12.9770992366412,12.9770992366412,,,,,,0,,FALSE,FALSE,FALSE,TRUE,34.7916666666667,FALSE
2019-01-20,260720801G,Campo do Avião,IPOJUCA,-8.3994445,-35.0584555,13.699863829626,13.7404580152672,10.3053435114504,12.9770992366412,12.9770992366412,,,,,,0,,FALSE,FALSE,FALSE,TRUE,34.125,FALSE
2019-01-21,260720801G,Campo do Avião,IPOJUCA,-8.3994445,-35.0584555,13.699863829626,13.7404580152672,10.3053435114504,12.9770992366412,12.9770992366412,,,,,,0,,FALSE,FALSE,FALSE,TRUE,38.8333333333333,FALSE
2019-01-22,260720801G,Campo do Avião,IPOJUCA,-8.3994445,-35.0584555,13.699863829626,13.7404580152672,10.3053435114504,12.9770992366412,12.9770992366412,,,,,,0,,FALSE,FALSE,FALSE,TRUE,25.6363636363636,FALSE
2019-01-23,260720801G,Campo do Avião,IPOJUCA,-8.3994445,-35.0584555,13.699863829626,13.7404580152672,10.3053435114504,12.9770992366412,12.9770992366412,,,,,,0,,FALSE,FALSE,FALSE,TRUE,33.7916666666667,FALSE
2019-01-24,260720801G,Campo do Avião,IPOJUCA,-8.3994445,-35.0584555,13.699863829626,13.7404580152672,10.3053435114504,12.9770992366412,12.9770992366412,,,,,,0,,FALSE,FALSE,FALSE,TRUE,38.6666666666667,FALSE
2019-01-25,260720801G,Campo do Avião,IPOJUCA,-8.3994445,-35.0584555,13.699863829626,13.7404580152672,10.3053435114504,12.9770992366412,12.9770992366412,,,,,,0,,FALSE,FALSE,FALSE,TRUE,38.6666666666667,FALSE
2019-01-26,260720801G,Campo do Avião,IPOJUCA,-8.3994445,-35.0584555,13.699863829626,13.7404580152672,10.3053435114504,12.9770992366412,12.9770992366412,,,,,,0,,FALSE,FALSE,FALSE,TRUE,44.7083333333333,FALSE
2019-01-27,260720801G,Campo do Avião,IPOJUCA,-8.3994445,-35.0584555,13.699863829626,13.7404580152672,10.3053435114504,12.9770992366412,12.9770992366412,,,,,,0,,FALSE,FALSE,FALSE,TRUE,40.5,FALSE
2019-01-28,260720801G,Campo do Avião,IPOJUCA,-8.3994445,-35.0584555,13.699863829626,13.7404580152672,10.3053435114504,12.9770992366412,12.9770992366412,,,,,,0,,FALSE,FALSE,FALSE,TRUE,22.25,FALSE
2019-01-29,260720801G,Campo do Avião,IPOJUCA,-8.3994445,-35.0584555,13.699863829626,13.7404580152672,10.3053435114504,12.9770992366412,12.9770992366412,,,,,,0,,FALSE,FALSE,FALSE,TRUE,26.4782608695652,FALSE
2019-01-30,260720801G,Campo do Avião,IPOJUCA,-8.3994445,-35.0584555,13.699863829626,13.7404580152672,10.3053435114504,12.9770992366412,12.9770992366412,,,,,,0,,FALSE,FALSE,FALSE,TRUE,30.9166666666667,FALSE
2019-01-31,260720801G,Campo do Avião,IPOJUCA,-8.3994445,-35.0584555,13.699863829626,13.7404580152672,10.3053435114504,12.9770992366412,12.9770992366412,,,,,,0,,FALSE,FALSE,FALSE,TRUE,37,FALSE
2019-02-01,260720801G,Campo do Avião,IPOJUCA,-8.3994445,-35.0584555,13.699863829626,13.7404580152672,10.3053435114504,12.9770992366412,12.9770992366412,,,,,,0,,FALSE,FALSE,FALSE,TRUE,32.75,FALSE
2019-02-02,260720801G,Campo do Avião,IPOJUCA,-8.3994445,-35.0584555,13.699863829626,13.7404580152672,10.3053435114504,12.9770992366412,12.9770992366412,,,,,,0,,FALSE,FALSE,FALSE,TRUE,30.5416666666667,FALSE
2019-02-03,260720801G,Campo do Avião,IPOJUCA,-8.3994445,-35.0584555,13.699863829626,13.7404580152672,10.3053435114504,12.9770992366412,12.9770992366412,,,,,,0,,FALSE,FALSE,FALSE,TRUE,15.2083333333333,FALSE
2019-02-04,260720801G,Campo do Avião,IPOJUCA,-8.3994445,-35.0584555,13.699863829626,13.7404580152672,10.3053435114504,12.9770992366412,12.9770992366412,,,,,,0,,FALSE,FALSE,FALSE,TRUE,16.8333333333333,FALSE
2019-02-05,260720801G,Campo do Avião,IPOJUCA,-8.3994445,-35.0584555,13.699863829626,13.7404580152672,10.3053435114504,12.9770992366412,12.9770992366412,,,,,,0,,FALSE,FALSE,FALSE,TRUE,16,FALSE
2019-02-06,260720801G,Campo do Avião,IPOJUCA,-8.3994445,-35.0584555,13.699863829626,13.7404580152672,10.3053435114504,12.9770992366412,12.9770992366412,,,,,,0,,FALSE,FALSE,FALSE,TRUE,15.5238095238095,FALSE
2019-02-07,260720801G,Campo do Avião,IPOJUCA,-8.3994445,-35.0584555,13.699863829626,13.7404580152672,10.3053435114504,12.9770992366412,12.9770992366412,,,,,,0,,FALSE,FALSE,FALSE,TRUE,35.25,FALSE
2019-02-08,260720801G,Campo do Avião,IPOJUCA,-8.3994445,-35.0584555,13.699863829626,13.7404580152672,10.3053435114504,12.9770992366412,12.9770992366412,,,,,,0,,FALSE,FALSE,FALSE,TRUE,50.75,FALSE
2019-02-09,260720801G,Campo do Avião,IPOJUCA,-8.3994445,-35.0584555,13.699863829626,13.7404580152672,10.3053435114504,12.9770992366412,12.9770992366412,,,,,,0,,FALSE,FALSE,FALSE,TRUE,54.125,FALSE
2019-02-10,260720801G,Campo do Avião,IPOJUCA,-8.3994445,-35.0584555,13.699863829626,13.7404580152672,10.3053435114504,12.9770992366412,12.9770992366412,,,,,,0,,FALSE,FALSE,FALSE,TRUE,46.75,FALSE
2019-02-11,260720801G,Campo do Avião,IPOJUCA,-8.3994445,-35.0584555,13.699863829626,13.7404580152672,10.3053435114504,12.9770992366412,12.9770992366412,,,,,,0,,FALSE,FALSE,FALSE,TRUE,45.875,FALSE
2019-02-12,260720801G,Campo do Avião,IPOJUCA,-8.3994445,-35.0584555,13.699863829626,13.7404580152672,10.3053435114504,12.9770992366412,12.9770992366412,,,,,,0,,FALSE,FALSE,FALSE,TRUE,35.7272727272727,FALSE
2019-02-13,260720801G,Campo do Avião,IPOJUCA,-8.3994445,-35.0584555,13.699863829626,13.7404580152672,10.3053435114504,12.9770992366412,12.9770992366412,,,,,,0,,FALSE,FALSE,FALSE,TRUE,23.625,FALSE
2019-02-14,260720801G,Campo do Avião,IPOJUCA,-8.3994445,-35.0584555,13.699863829626,13.7404580152672,10.3053435114504,12.9770992366412,12.9770992366412,,,,,,0,,FALSE,FALSE,FALSE,TRUE,25.4444444444444,FALSE
2019-02-15,260720801G,Campo do Avião,IPOJUCA,-8.3994445,-35.0584555,13.699863829626,13.7404580152672,10.3053435114504,12.9770992366412,12.9770992366412,,,,,,0,,FALSE,FALSE,FALSE,TRUE,23.2083333333333,FALSE
2019-02-16,260720801G,Campo do Avião,IPOJUCA,-8.3994445,-35.0584555,13.699863829626,13.7404580152672,10.3053435114504,12.9770992366412,12.9770992366412,,,,,,0,,FALSE,FALSE,FALSE,TRUE,24.7083333333333,FALSE
2019-02-17,260720801G,Campo do Avião,IPOJUCA,-8.3994445,-35.0584555,13.699863829626,13.7404580152672,10.3053435114504,12.9770992366412,12.9770992366412,,,,,,0,,FALSE,FALSE,FALSE,TRUE,21.047619047619,FALSE
2019-02-18,260720801G,Campo do Avião,IPOJUCA,-8.3994445,-35.0584555,13.699863829626,13.7404580152672,10.3053435114504,12.9770992366412,12.9770992366412,,,,,,0,,FALSE,FALSE,FALSE,TRUE,40.0416666666667,FALSE
2019-02-19,260720801G,Campo do Avião,IPOJUCA,-8.3994445,-35.0584555,13.699863829626,13.7404580152672,10.3053435114504,12.9770992366412,12.9770992366412,,,,,,0,,FALSE,FALSE,FALSE,TRUE,42.5833333333333,FALSE
2019-02-20,260720801G,Campo do Avião,IPOJUCA,-8.3994445,-35.0584555,13.699863829626,13.7404580152672,10.3053435114504,12.9770992366412,12.9770992366412,,,,,,0,,FALSE,FALSE,FALSE,TRUE,31,FALSE
2019-02-21,260720801G,Campo do Avião,IPOJUCA,-8.3994445,-35.0584555,13.699863829626,13.7404580152672,10.3053435114504,12.9770992366412,12.9770992366412,,,,,,0,,FALSE,FALSE,FALSE,TRUE,34.5416666666667,FALSE
2019-02-22,260720801G,Campo do Avião,IPOJUCA,-8.3994445,-35.0584555,13.699863829626,13.7404580152672,10.3053435114504,12.9770992366412,12.9770992366412,,,,,,0,,FALSE,FALSE,FALSE,TRUE,40.1666666666667,FALSE
2019-02-23,260720801G,Campo do Avião,IPOJUCA,-8.3994445,-35.0584555,13.699863829626,13.7404580152672,10.3053435114504,12.9770992366412,12.9770992366412,,,,,,0,,FALSE,FALSE,FALSE,TRUE,45.5416666666667,FALSE
2019-02-24,260720801G,Campo do Avião,IPOJUCA,-8.3994445,-35.0584555,13.699863829626,13.7404580152672,10.3053435114504,12.9770992366412,12.9770992366412,,,,,,0,,FALSE,FALSE,FALSE,TRUE,26.7083333333333,FALSE
2019-02-25,260720801G,Campo do Avião,IPOJUCA,-8.3994445,-35.0584555,13.699863829626,13.7404580152672,10.3053435114504,12.9770992366412,12.9770992366412,,,,,,0,,FALSE,FALSE,FALSE,TRUE,43.5416666666667,FALSE
2019-02-26,260720801G,Campo do Avião,IPOJUCA,-8.3994445,-35.0584555,13.699863829626,13.7404580152672,10.3053435114504,12.9770992366412,12.9770992366412,,,,,,0,,FALSE,FALSE,FALSE,FALSE,,FALSE
2019-02-27,260720801G,Campo do Avião,IPOJUCA,-8.3994445,-35.0584555,13.699863829626,13.7404580152672,10.3053435114504,12.9770992366412,12.9770992366412,,,,,,0,,FALSE,FALSE,FALSE,FALSE,,FALSE
2019-02-28,260720801G,Campo do Avião,IPOJUCA,-8.3994445,-35.0584555,13.699863829626,13.7404580152672,10.3053435114504,12.9770992366412,12.9770992366412,,,,,,0,,FALSE,FALSE,FALSE,FALSE,,FALSE
2019-03-01,260720801G,Campo do Avião,IPOJUCA,-8.3994445,-35.0584555,13.699863829626,13.7404580152672,10.3053435114504,12.9770992366412,12.9770992366412,,,,,,0,,FALSE,FALSE,FALSE,FALSE,,FALSE
2019-03-02,260720801G,Campo do Avião,IPOJUCA,-8.3994445,-35.0584555,13.699863829626,13.7404580152672,10.3053435114504,12.9770992366412,12.9770992366412,,,,,,0,,FALSE,FALSE,FALSE,FALSE,,FALSE
2019-03-03,260720801G,Campo do Avião,IPOJUCA,-8.3994445,-35.0584555,13.699863829626,13.7404580152672,10.3053435114504,12.9770992366412,12.9770992366412,,,,,,0,,FALSE,FALSE,FALSE,FALSE,,FALSE
2019-03-04,260720801G,Campo do Avião,IPOJUCA,-8.3994445,-35.0584555,13.699863829626,13.7404580152672,10.3053435114504,12.9770992366412,12.9770992366412,,,,,,0,,FALSE,FALSE,FALSE,FALSE,,FALSE
2019-03-05,260720801G,Campo do Avião,IPOJUCA,-8.3994445,-35.0584555,13.699863829626,13.7404580152672,10.3053435114504,12.9770992366412,12.9770992366412,,,,,,0,,FALSE,FALSE,FALSE,FALSE,,FALSE
2019-03-06,260720801G,Campo do Avião,IPOJUCA,-8.3994445,-35.0584555,13.699863829626,13.7404580152672,10.3053435114504,12.9770992366412,12.9770992366412,,,,,,0,,FALSE,FALSE,FALSE,FALSE,,FALSE
2019-03-07,260720801G,Campo do Avião,IPOJUCA,-8.3994445,-35.0584555,13.699863829626,13.7404580152672,10.3053435114504,12.9770992366412,12.9770992366412,,,,,,0,,FALSE,FALSE,FALSE,FALSE,,FALSE
2019-03-08,260720801G,Campo do Avião,IPOJUCA,-8.3994445,-35.0584555,13.699863829626,13.7404580152672,10.3053435114504,12.9770992366412,12.9770992366412,,,,,,0,,FALSE,FALSE,FALSE,FALSE,,FALSE
2019-03-09,260720801G,Campo do Avião,IPOJUCA,-8.3994445,-35.0584555,13.699863829626,13.7404580152672,10.3053435114504,12.9770992366412,12.9770992366412,,,,,,0,,FALSE,FALSE,FALSE,FALSE,,FALSE
2019-03-10,260720801G,Campo do Avião,IPOJUCA,-8.3994445,-35.0584555,13.699863829626,13.7404580152672,10.3053435114504,12.9770992366412,12.9770992366412,,,,,,0,,FALSE,FALSE,FALSE,FALSE,,FALSE
2019-03-11,260720801G,Campo do Avião,IPOJUCA,-8.3994445,-35.0584555,13.699863829626,13.7404580152672,10.3053435114504,12.9770992366412,12.9770992366412,,,,,,0,,FALSE,FALSE,FALSE,FALSE,,FALSE
2019-03-12,260720801G,Campo do Avião,IPOJUCA,-8.3994445,-35.0584555,13.699863829626,13.7404580152672,10.3053435114504,12.9770992366412,12.9770992366412,,,,,,0,,FALSE,FALSE,FALSE,FALSE,,FALSE
2019-03-13,260720801G,Campo do Avião,IPOJUCA,-8.3994445,-35.0584555,13.699863829626,13.7404580152672,10.3053435114504,12.9770992366412,12.9770992366412,,,,,,0,,FALSE,FALSE,FALSE,FALSE,,FALSE
2019-03-14,260720801G,Campo do Avião,IPOJUCA,-8.3994445,-35.0584555,13.699863829626,13.7404580152672,10.3053435114504,12.9770992366412,12.9770992366412,,,,,,0,,FALSE,FALSE,FALSE,FALSE,,FALSE
2019-03-15,260720801G,Campo do Avião,IPOJUCA,-8.3994445,-35.0584555,13.699863829626,13.7404580152672,10.3053435114504,12.9770992366412,12.9770992366412,,,,,,0,,FALSE,FALSE,FALSE,FALSE,,FALSE
2019-03-16,260720801G,Campo do Avião,IPOJUCA,-8.3994445,-35.0584555,13.699863829626,13.7404580152672,10.3053435114504,12.9770992366412,12.9770992366412,,,,,,0,,FALSE,FALSE,FALSE,FALSE,,FALSE
2019-03-17,260720801G,Campo do Avião,IPOJUCA,-8.3994445,-35.0584555,13.699863829626,13.7404580152672,10.3053435114504,12.9770992366412,12.9770992366412,,,,,,0,,FALSE,FALSE,FALSE,FALSE,,FALSE
2019-03-18,260720801G,Campo do Avião,IPOJUCA,-8.3994445,-35.0584555,13.699863829626,13.7404580152672,10.3053435114504,12.9770992366412,12.9770992366412,,,,,,0,,FALSE,FALSE,FALSE,FALSE,,FALSE
2019-03-19,260720801G,Campo do Avião,IPOJUCA,-8.3994445,-35.0584555,13.699863829626,13.7404580152672,10.3053435114504,12.9770992366412,12.9770992366412,,,,,,0,,FALSE,FALSE,FALSE,FALSE,,FALSE
2019-03-20,260720801G,Campo do Avião,IPOJUCA,-8.3994445,-35.0584555,13.699863829626,13.7404580152672,10.3053435114504,12.9770992366412,12.9770992366412,,,,,,0,,FALSE,FALSE,FALSE,FALSE,,FALSE
2019-03-21,260720801G,Campo do Avião,IPOJUCA,-8.3994445,-35.0584555,13.699863829626,13.7404580152672,10.3053435114504,12.9770992366412,12.9770992366412,,,,,,0,,FALSE,FALSE,FALSE,FALSE,,FALSE
2019-03-22,260720801G,Campo do Avião,IPOJUCA,-8.3994445,-35.0584555,13.699863829626,13.7404580152672,10.3053435114504,12.9770992366412,12.9770992366412,,,,,,0,,FALSE,FALSE,FALSE,FALSE,,FALSE
2019-03-23,260720801G,Campo do Avião,IPOJUCA,-8.3994445,-35.0584555,13.699863829626,13.7404580152672,10.3053435114504,12.9770992366412,12.9770992366412,,,,,,0,,FALSE,FALSE,FALSE,FALSE,,FALSE
2019-03-24,260720801G,Campo do Avião,IPOJUCA,-8.3994445,-35.0584555,13.699863829626,13.7404580152672,10.3053435114504,12.9770992366412,12.9770992366412,,,,,,0,,FALSE,FALSE,FALSE,FALSE,,FALSE
2019-03-25,260720801G,Campo do Avião,IPOJUCA,-8.3994445,-35.0584555,13.699863829626,13.7404580152672,10.3053435114504,12.9770992366412,12.9770992366412,,,,,,0,,FALSE,FALSE,FALSE,FALSE,,FALSE
2019-03-26,260720801G,Campo do Avião,IPOJUCA,-8.3994445,-35.0584555,13.699863829626,13.7404580152672,10.3053435114504,12.9770992366412,12.9770992366412,,,,,,0,,FALSE,FALSE,FALSE,FALSE,,FALSE
2019-03-27,260720801G,Campo do Avião,IPOJUCA,-8.3994445,-35.0584555,13.699863829626,13.7404580152672,10.3053435114504,12.9770992366412,12.9770992366412,,,,,,0,,FALSE,FALSE,FALSE,TRUE,21,FALSE
2019-03-28,260720801G,Campo do Avião,IPOJUCA,-8.3994445,-35.0584555,13.699863829626,13.7404580152672,10.3053435114504,12.9770992366412,12.9770992366412,,,,,,0,,FALSE,FALSE,FALSE,TRUE,40.6521739130435,FALSE
2019-03-29,260720801G,Campo do Avião,IPOJUCA,-8.3994445,-35.0584555,13.699863829626,13.7404580152672,10.3053435114504,12.9770992366412,12.9770992366412,,,,,,0,,FALSE,FALSE,FALSE,TRUE,21.5555555555556,FALSE
2019-03-30,260720801G,Campo do Avião,IPOJUCA,-8.3994445,-35.0584555,13.699863829626,13.7404580152672,10.3053435114504,12.9770992366412,12.9770992366412,,,,,,0,,FALSE,FALSE,FALSE,FALSE,,FALSE
2019-03-31,260720801G,Campo do Avião,IPOJUCA,-8.3994445,-35.0584555,13.699863829626,13.7404580152672,10.3053435114504,12.9770992366412,12.9770992366412,,,,,,0,,FALSE,FALSE,FALSE,FALSE,,FALSE
2019-04-01,260720801G,Campo do Avião,IPOJUCA,-8.3994445,-35.0584555,13.699863829626,13.7404580152672,10.3053435114504,12.9770992366412,12.9770992366412,,,,,,0,,FALSE,FALSE,FALSE,FALSE,,FALSE
2019-04-02,260720801G,Campo do Avião,IPOJUCA,-8.3994445,-35.0584555,13.699863829626,13.7404580152672,10.3053435114504,12.9770992366412,12.9770992366412,,,,,,0,,FALSE,FALSE,FALSE,TRUE,42.375,FALSE
2019-04-03,260720801G,Campo do Avião,IPOJUCA,-8.3994445,-35.0584555,13.699863829626,13.7404580152672,10.3053435114504,12.9770992366412,12.9770992366412,,,,,,0,,FALSE,FALSE,FALSE,TRUE,53.2222222222222,FALSE
2019-04-04,260720801G,Campo do Avião,IPOJUCA,-8.3994445,-35.0584555,13.699863829626,13.7404580152672,10.3053435114504,12.9770992366412,12.9770992366412,,,,,,0,,FALSE,FALSE,FALSE,TRUE,51.3684210526316,FALSE
2019-04-05,260720801G,Campo do Avião,IPOJUCA,-8.3994445,-35.0584555,13.699863829626,13.7404580152672,10.3053435114504,12.9770992366412,12.9770992366412,,,,,,0,,FALSE,FALSE,FALSE,TRUE,55.5416666666667,FALSE
2019-04-06,260720801G,Campo do Avião,IPOJUCA,-8.3994445,-35.0584555,13.699863829626,13.7404580152672,10.3053435114504,12.9770992366412,12.9770992366412,,,,,,0,,FALSE,FALSE,FALSE,TRUE,70.7916666666667,FALSE
2019-04-07,260720801G,Campo do Avião,IPOJUCA,-8.3994445,-35.0584555,13.699863829626,13.7404580152672,10.3053435114504,12.9770992366412,12.9770992366412,,,,,,0,,FALSE,FALSE,FALSE,TRUE,44.2631578947368,FALSE
2019-04-08,260720801G,Campo do Avião,IPOJUCA,-8.3994445,-35.0584555,13.699863829626,13.7404580152672,10.3053435114504,12.9770992366412,12.9770992366412,,,,,,0,,FALSE,FALSE,FALSE,TRUE,37.5833333333333,FALSE
2019-04-09,260720801G,Campo do Avião,IPOJUCA,-8.3994445,-35.0584555,13.699863829626,13.7404580152672,10.3053435114504,12.9770992366412,12.9770992366412,,,,,,0,,FALSE,FALSE,FALSE,TRUE,54.5652173913044,FALSE
2019-04-10,260720801G,Campo do Avião,IPOJUCA,-8.3994445,-35.0584555,13.699863829626,13.7404580152672,10.3053435114504,12.9770992366412,12.9770992366412,,,,,,0,,FALSE,FALSE,FALSE,TRUE,68.7083333333333,FALSE
2019-04-11,260720801G,Campo do Avião,IPOJUCA,-8.3994445,-35.0584555,13.699863829626,13.7404580152672,10.3053435114504,12.9770992366412,12.9770992366412,,,,,,0,,FALSE,FALSE,FALSE,TRUE,49.8333333333333,FALSE
2019-04-12,260720801G,Campo do Avião,IPOJUCA,-8.3994445,-35.0584555,13.699863829626,13.7404580152672,10.3053435114504,12.9770992366412,12.9770992366412,,,,,,0,,FALSE,FALSE,FALSE,TRUE,10.7058823529412,FALSE
2019-04-13,260720801G,Campo do Avião,IPOJUCA,-8.3994445,-35.0584555,13.699863829626,13.7404580152672,10.3053435114504,12.9770992366412,12.9770992366412,,,,,,0,,FALSE,FALSE,FALSE,TRUE,25.95,FALSE
2019-04-14,260720801G,Campo do Avião,IPOJUCA,-8.3994445,-35.0584555,13.699863829626,13.7404580152672,10.3053435114504,12.9770992366412,12.9770992366412,,,,,,0,,FALSE,FALSE,FALSE,TRUE,30.7083333333333,FALSE
2019-04-15,260720801G,Campo do Avião,IPOJUCA,-8.3994445,-35.0584555,13.699863829626,13.7404580152672,10.3053435114504,12.9770992366412,12.9770992366412,,,,,,0,,FALSE,FALSE,FALSE,TRUE,33.5,FALSE
2019-04-16,260720801G,Campo do Avião,IPOJUCA,-8.3994445,-35.0584555,13.699863829626,13.7404580152672,10.3053435114504,12.9770992366412,12.9770992366412,,,,,,0,,FALSE,FALSE,FALSE,TRUE,46.3888888888889,FALSE
2019-04-17,260720801G,Campo do Avião,IPOJUCA,-8.3994445,-35.0584555,13.699863829626,13.7404580152672,10.3053435114504,12.9770992366412,12.9770992366412,,,,,,0,,FALSE,FALSE,FALSE,TRUE,29.8333333333333,FALSE
2019-04-18,260720801G,Campo do Avião,IPOJUCA,-8.3994445,-35.0584555,13.699863829626,13.7404580152672,10.3053435114504,12.9770992366412,12.9770992366412,,,,,,0,,FALSE,FALSE,FALSE,TRUE,28.0952380952381,FALSE
2019-04-19,260720801G,Campo do Avião,IPOJUCA,-8.3994445,-35.0584555,13.699863829626,13.7404580152672,10.3053435114504,12.9770992366412,12.9770992366412,,,,,,0,,FALSE,FALSE,FALSE,TRUE,25.7916666666667,FALSE
2019-04-20,260720801G,Campo do Avião,IPOJUCA,-8.3994445,-35.0584555,13.699863829626,13.7404580152672,10.3053435114504,12.9770992366412,12.9770992366412,,,,,,0,,FALSE,FALSE,FALSE,FALSE,,FALSE
2019-04-21,260720801G,Campo do Avião,IPOJUCA,-8.3994445,-35.0584555,13.699863829626,13.7404580152672,10.3053435114504,12.9770992366412,12.9770992366412,,,,,,0,,FALSE,FALSE,FALSE,TRUE,35.6,FALSE
2019-04-22,260720801G,Campo do Avião,IPOJUCA,-8.3994445,-35.0584555,13.699863829626,13.7404580152672,10.3053435114504,12.9770992366412,12.9770992366412,,,,,,0,,FALSE,FALSE,FALSE,FALSE,,FALSE
2019-04-23,260720801G,Campo do Avião,IPOJUCA,-8.3994445,-35.0584555,13.699863829626,13.7404580152672,10.3053435114504,12.9770992366412,12.9770992366412,,,,,,0,,FALSE,FALSE,FALSE,TRUE,25.625,FALSE
2019-04-24,260720801G,Campo do Avião,IPOJUCA,-8.3994445,-35.0584555,13.699863829626,13.7404580152672,10.3053435114504,12.9770992366412,12.9770992366412,,,,,,0,,FALSE,FALSE,FALSE,TRUE,15.9375,FALSE
2019-04-25,260720801G,Campo do Avião,IPOJUCA,-8.3994445,-35.0584555,13.699863829626,13.7404580152672,10.3053435114504,12.9770992366412,12.9770992366412,,,,,,0,,FALSE,FALSE,FALSE,FALSE,,FALSE
2019-04-26,260720801G,Campo do Avião,IPOJUCA,-8.3994445,-35.0584555,13.699863829626,13.7404580152672,10.3053435114504,12.9770992366412,12.9770992366412,,,,,,0,,FALSE,FALSE,FALSE,TRUE,25.5217391304348,FALSE
2019-04-27,260720801G,Campo do Avião,IPOJUCA,-8.3994445,-35.0584555,13.699863829626,13.7404580152672,10.3053435114504,12.9770992366412,12.9770992366412,,,,,,0,,FALSE,FALSE,FALSE,TRUE,36.7727272727273,FALSE
2019-04-28,260720801G,Campo do Avião,IPOJUCA,-8.3994445,-35.0584555,13.699863829626,13.7404580152672,10.3053435114504,12.9770992366412,12.9770992366412,,,,,,0,,FALSE,FALSE,FALSE,TRUE,39.1666666666667,FALSE
2019-04-29,260720801G,Campo do Avião,IPOJUCA,-8.3994445,-35.0584555,13.699863829626,13.7404580152672,10.3053435114504,12.9770992366412,12.9770992366412,,,,,,0,,FALSE,FALSE,FALSE,TRUE,33.5,FALSE
2019-04-30,260720801G,Campo do Avião,IPOJUCA,-8.3994445,-35.0584555,13.699863829626,13.7404580152672,10.3053435114504,12.9770992366412,12.9770992366412,,,,,,0,,FALSE,FALSE,FALSE,TRUE,41.4117647058824,FALSE
2019-05-01,260720801G,Campo do Avião,IPOJUCA,-8.3994445,-35.0584555,13.699863829626,13.7404580152672,10.3053435114504,12.9770992366412,12.9770992366412,,,,,,0,,FALSE,FALSE,FALSE,TRUE,41.125,FALSE
2019-05-02,260720801G,Campo do Avião,IPOJUCA,-8.3994445,-35.0584555,13.699863829626,13.7404580152672,10.3053435114504,12.9770992366412,12.9770992366412,,,,,,0,,FALSE,FALSE,FALSE,TRUE,55,FALSE
2019-05-03,260720801G,Campo do Avião,IPOJUCA,-8.3994445,-35.0584555,13.699863829626,13.7404580152672,10.3053435114504,12.9770992366412,12.9770992366412,,,,,,0,,FALSE,FALSE,FALSE,TRUE,62.2916666666667,FALSE
2019-05-04,260720801G,Campo do Avião,IPOJUCA,-8.3994445,-35.0584555,13.699863829626,13.7404580152672,10.3053435114504,12.9770992366412,12.9770992366412,,,,,,0,,FALSE,FALSE,FALSE,TRUE,49.2916666666667,FALSE
2019-05-05,260720801G,Campo do Avião,IPOJUCA,-8.3994445,-35.0584555,13.699863829626,13.7404580152672,10.3053435114504,12.9770992366412,12.9770992366412,,,,,,0,,FALSE,FALSE,FALSE,TRUE,41.8333333333333,FALSE
2019-05-06,260720801G,Campo do Avião,IPOJUCA,-8.3994445,-35.0584555,13.699863829626,13.7404580152672,10.3053435114504,12.9770992366412,12.9770992366412,,,,,,0,,FALSE,FALSE,FALSE,TRUE,54.3157894736842,FALSE
2019-05-07,260720801G,Campo do Avião,IPOJUCA,-8.3994445,-35.0584555,13.699863829626,13.7404580152672,10.3053435114504,12.9770992366412,12.9770992366412,,,,,,0,,FALSE,FALSE,FALSE,TRUE,52.1304347826087,FALSE
2019-05-08,260720801G,Campo do Avião,IPOJUCA,-8.3994445,-35.0584555,13.699863829626,13.7404580152672,10.3053435114504,12.9770992366412,12.9770992366412,,,,,,0,,FALSE,FALSE,FALSE,FALSE,,FALSE
2019-05-09,260720801G,Campo do Avião,IPOJUCA,-8.3994445,-35.0584555,13.699863829626,13.7404580152672,10.3053435114504,12.9770992366412,12.9770992366412,,,,,,0,,FALSE,FALSE,FALSE,TRUE,42.1875,FALSE
2019-05-10,260720801G,Campo do Avião,IPOJUCA,-8.3994445,-35.0584555,13.699863829626,13.7404580152672,10.3053435114504,12.9770992366412,12.9770992366412,,,,,,0,,FALSE,FALSE,FALSE,FALSE,,FALSE
2019-05-11,260720801G,Campo do Avião,IPOJUCA,-8.3994445,-35.0584555,13.699863829626,13.7404580152672,10.3053435114504,12.9770992366412,12.9770992366412,,,,,,0,,FALSE,FALSE,FALSE,TRUE,48.3809523809524,FALSE
2019-05-12,260720801G,Campo do Avião,IPOJUCA,-8.3994445,-35.0584555,13.699863829626,13.7404580152672,10.3053435114504,12.9770992366412,12.9770992366412,,,,,,0,,FALSE,FALSE,FALSE,TRUE,37.9565217391304,FALSE
2019-05-13,260720801G,Campo do Avião,IPOJUCA,-8.3994445,-35.0584555,13.699863829626,13.7404580152672,10.3053435114504,12.9770992366412,12.9770992366412,,,,,,0,,FALSE,FALSE,FALSE,TRUE,95.75,FALSE
2019-05-14,260720801G,Campo do Avião,IPOJUCA,-8.3994445,-35.0584555,13.699863829626,13.7404580152672,10.3053435114504,12.9770992366412,12.9770992366412,,,,,,0,,FALSE,FALSE,FALSE,TRUE,104.0625,FALSE
2019-05-15,260720801G,Campo do Avião,IPOJUCA,-8.3994445,-35.0584555,13.699863829626,13.7404580152672,10.3053435114504,12.9770992366412,12.9770992366412,,,,,,0,,FALSE,FALSE,FALSE,TRUE,72.5833333333333,FALSE
2019-05-16,260720801G,Campo do Avião,IPOJUCA,-8.3994445,-35.0584555,13.699863829626,13.7404580152672,10.3053435114504,12.9770992366412,12.9770992366412,,,,,,0,,FALSE,FALSE,FALSE,TRUE,57.8333333333333,FALSE
2019-05-17,260720801G,Campo do Avião,IPOJUCA,-8.3994445,-35.0584555,13.699863829626,13.7404580152672,10.3053435114504,12.9770992366412,12.9770992366412,,,,,,0,,FALSE,FALSE,FALSE,TRUE,49.0909090909091,FALSE
2019-05-18,260720801G,Campo do Avião,IPOJUCA,-8.3994445,-35.0584555,13.699863829626,13.7404580152672,10.3053435114504,12.9770992366412,12.9770992366412,,,,,,0,,FALSE,FALSE,FALSE,TRUE,43.0909090909091,FALSE
2019-05-19,260720801G,Campo do Avião,IPOJUCA,-8.3994445,-35.0584555,13.699863829626,13.7404580152672,10.3053435114504,12.9770992366412,12.9770992366412,,,,,,0,,FALSE,FALSE,FALSE,TRUE,22.3529411764706,FALSE
2019-05-20,260720801G,Campo do Avião,IPOJUCA,-8.3994445,-35.0584555,13.699863829626,13.7404580152672,10.3053435114504,12.9770992366412,12.9770992366412,,,,,,0,,FALSE,FALSE,FALSE,TRUE,24.9047619047619,FALSE
2019-05-21,260720801G,Campo do Avião,IPOJUCA,-8.3994445,-35.0584555,13.699863829626,13.7404580152672,10.3053435114504,12.9770992366412,12.9770992366412,,,,,,0,,FALSE,FALSE,FALSE,FALSE,,FALSE
2019-05-22,260720801G,Campo do Avião,IPOJUCA,-8.3994445,-35.0584555,13.699863829626,13.7404580152672,10.3053435114504,12.9770992366412,12.9770992366412,,,,,,0,,FALSE,FALSE,FALSE,TRUE,63.5,FALSE
2019-05-23,260720801G,Campo do Avião,IPOJUCA,-8.3994445,-35.0584555,13.699863829626,13.7404580152672,10.3053435114504,12.9770992366412,12.9770992366412,,,,,,0,,FALSE,FALSE,FALSE,TRUE,42.4166666666667,FALSE
2019-05-24,260720801G,Campo do Avião,IPOJUCA,-8.3994445,-35.0584555,13.699863829626,13.7404580152672,10.3053435114504,12.9770992366412,12.9770992366412,,,,,,0,,FALSE,FALSE,FALSE,TRUE,47.6666666666667,FALSE
2019-05-25,260720801G,Campo do Avião,IPOJUCA,-8.3994445,-35.0584555,13.699863829626,13.7404580152672,10.3053435114504,12.9770992366412,12.9770992366412,,,,,,0,,FALSE,FALSE,FALSE,TRUE,50.6666666666667,FALSE
2019-05-26,260720801G,Campo do Avião,IPOJUCA,-8.3994445,-35.0584555,13.699863829626,13.7404580152672,10.3053435114504,12.9770992366412,12.9770992366412,,,,,,0,,FALSE,FALSE,FALSE,TRUE,30,FALSE
2019-05-27,260720801G,Campo do Avião,IPOJUCA,-8.3994445,-35.0584555,13.699863829626,13.7404580152672,10.3053435114504,12.9770992366412,12.9770992366412,,,,,,0,,FALSE,FALSE,FALSE,TRUE,32.0588235294118,FALSE
2019-05-28,260720801G,Campo do Avião,IPOJUCA,-8.3994445,-35.0584555,13.699863829626,13.7404580152672,10.3053435114504,12.9770992366412,12.9770992366412,,,,,,0,,FALSE,FALSE,FALSE,TRUE,51.2857142857143,FALSE
2019-05-29,260720801G,Campo do Avião,IPOJUCA,-8.3994445,-35.0584555,13.699863829626,13.7404580152672,10.3053435114504,12.9770992366412,12.9770992366412,,,,,,0,,FALSE,FALSE,FALSE,TRUE,20.95,FALSE
2019-05-30,260720801G,Campo do Avião,IPOJUCA,-8.3994445,-35.0584555,13.699863829626,13.7404580152672,10.3053435114504,12.9770992366412,12.9770992366412,,,,,,0,,FALSE,FALSE,FALSE,TRUE,31.8333333333333,FALSE
2019-05-31,260720801G,Campo do Avião,IPOJUCA,-8.3994445,-35.0584555,13.699863829626,13.7404580152672,10.3053435114504,12.9770992366412,12.9770992366412,,,,,,0,,FALSE,FALSE,FALSE,TRUE,38.5416666666667,FALSE
2019-06-01,260720801G,Campo do Avião,IPOJUCA,-8.3994445,-35.0584555,13.699863829626,13.7404580152672,10.3053435114504,12.9770992366412,12.9770992366412,,,,,,0,,FALSE,FALSE,FALSE,TRUE,42.2222222222222,FALSE
2019-06-02,260720801G,Campo do Avião,IPOJUCA,-8.3994445,-35.0584555,13.699863829626,13.7404580152672,10.3053435114504,12.9770992366412,12.9770992366412,,,,,,0,,FALSE,FALSE,FALSE,TRUE,40.0833333333333,FALSE
2019-06-03,260720801G,Campo do Avião,IPOJUCA,-8.3994445,-35.0584555,13.699863829626,13.7404580152672,10.3053435114504,12.9770992366412,12.9770992366412,,,,,,0,,FALSE,FALSE,FALSE,TRUE,34.9047619047619,FALSE
2019-06-04,260720801G,Campo do Avião,IPOJUCA,-8.3994445,-35.0584555,13.699863829626,13.7404580152672,10.3053435114504,12.9770992366412,12.9770992366412,,,,,,0,,FALSE,FALSE,FALSE,TRUE,40.1578947368421,FALSE
2019-06-05,260720801G,Campo do Avião,IPOJUCA,-8.3994445,-35.0584555,13.699863829626,13.7404580152672,10.3053435114504,12.9770992366412,12.9770992366412,,,,,,0,,FALSE,FALSE,FALSE,TRUE,29.35,FALSE
2019-06-06,260720801G,Campo do Avião,IPOJUCA,-8.3994445,-35.0584555,13.699863829626,13.7404580152672,10.3053435114504,12.9770992366412,12.9770992366412,,,,,,0,,FALSE,FALSE,FALSE,TRUE,37.1111111111111,FALSE
2019-06-07,260720801G,Campo do Avião,IPOJUCA,-8.3994445,-35.0584555,13.699863829626,13.7404580152672,10.3053435114504,12.9770992366412,12.9770992366412,,,,,,0,,FALSE,FALSE,FALSE,TRUE,49.5263157894737,FALSE
2019-06-08,260720801G,Campo do Avião,IPOJUCA,-8.3994445,-35.0584555,13.699863829626,13.7404580152672,10.3053435114504,12.9770992366412,12.9770992366412,,,,,,0,,FALSE,FALSE,FALSE,TRUE,42.8571428571429,FALSE
2019-06-09,260720801G,Campo do Avião,IPOJUCA,-8.3994445,-35.0584555,13.699863829626,13.7404580152672,10.3053435114504,12.9770992366412,12.9770992366412,,,,,,0,,FALSE,FALSE,FALSE,TRUE,37.1176470588235,FALSE
2019-06-10,260720801G,Campo do Avião,IPOJUCA,-8.3994445,-35.0584555,13.699863829626,13.7404580152672,10.3053435114504,12.9770992366412,12.9770992366412,,,,,,0,,FALSE,FALSE,FALSE,TRUE,37.8333333333333,FALSE
2019-06-11,260720801G,Campo do Avião,IPOJUCA,-8.3994445,-35.0584555,13.699863829626,13.7404580152672,10.3053435114504,12.9770992366412,12.9770992366412,,,,,,0,,FALSE,FALSE,FALSE,TRUE,41.1666666666667,FALSE
2019-06-12,260720801G,Campo do Avião,IPOJUCA,-8.3994445,-35.0584555,13.699863829626,13.7404580152672,10.3053435114504,12.9770992366412,12.9770992366412,,,,,,0,,FALSE,FALSE,FALSE,TRUE,32.625,FALSE
2019-06-13,260720801G,Campo do Avião,IPOJUCA,-8.3994445,-35.0584555,13.699863829626,13.7404580152672,10.3053435114504,12.9770992366412,12.9770992366412,,,,,,0,,FALSE,FALSE,FALSE,TRUE,26.25,FALSE
2019-06-14,260720801G,Campo do Avião,IPOJUCA,-8.3994445,-35.0584555,13.699863829626,13.7404580152672,10.3053435114504,12.9770992366412,12.9770992366412,,,,,,0,,FALSE,FALSE,FALSE,TRUE,51.7083333333333,FALSE
2019-06-15,260720801G,Campo do Avião,IPOJUCA,-8.3994445,-35.0584555,13.699863829626,13.7404580152672,10.3053435114504,12.9770992366412,12.9770992366412,,,,,,0,,FALSE,FALSE,FALSE,TRUE,41.2083333333333,FALSE
2019-06-16,260720801G,Campo do Avião,IPOJUCA,-8.3994445,-35.0584555,13.699863829626,13.7404580152672,10.3053435114504,12.9770992366412,12.9770992366412,,,,,,0,,FALSE,FALSE,FALSE,TRUE,20.7647058823529,FALSE
2019-06-17,260720801G,Campo do Avião,IPOJUCA,-8.3994445,-35.0584555,13.699863829626,13.7404580152672,10.3053435114504,12.9770992366412,12.9770992366412,,,,,,0,,FALSE,FALSE,FALSE,FALSE,,FALSE
2019-06-18,260720801G,Campo do Avião,IPOJUCA,-8.3994445,-35.0584555,13.699863829626,13.7404580152672,10.3053435114504,12.9770992366412,12.9770992366412,,,,,,0,,FALSE,FALSE,FALSE,TRUE,24.6363636363636,FALSE
2019-06-19,260720801G,Campo do Avião,IPOJUCA,-8.3994445,-35.0584555,13.699863829626,13.7404580152672,10.3053435114504,12.9770992366412,12.9770992366412,,,,,,0,,FALSE,FALSE,FALSE,TRUE,19.4166666666667,FALSE
2019-06-20,260720801G,Campo do Avião,IPOJUCA,-8.3994445,-35.0584555,13.699863829626,13.7404580152672,10.3053435114504,12.9770992366412,12.9770992366412,,,,,,0,,FALSE,FALSE,FALSE,TRUE,33.7826086956522,FALSE
2019-06-21,260720801G,Campo do Avião,IPOJUCA,-8.3994445,-35.0584555,13.699863829626,13.7404580152672,10.3053435114504,12.9770992366412,12.9770992366412,,,,,,0,,FALSE,FALSE,FALSE,TRUE,45,FALSE
2019-06-22,260720801G,Campo do Avião,IPOJUCA,-8.3994445,-35.0584555,13.699863829626,13.7404580152672,10.3053435114504,12.9770992366412,12.9770992366412,,,,,,0,,FALSE,FALSE,FALSE,TRUE,53.2083333333333,FALSE
2019-06-23,260720801G,Campo do Avião,IPOJUCA,-8.3994445,-35.0584555,13.699863829626,13.7404580152672,10.3053435114504,12.9770992366412,12.9770992366412,,,,,,0,,FALSE,FALSE,FALSE,TRUE,63,FALSE
2019-06-24,260720801G,Campo do Avião,IPOJUCA,-8.3994445,-35.0584555,13.699863829626,13.7404580152672,10.3053435114504,12.9770992366412,12.9770992366412,,,,,,0,,FALSE,FALSE,FALSE,TRUE,58.4166666666667,FALSE
2019-06-25,260720801G,Campo do Avião,IPOJUCA,-8.3994445,-35.0584555,13.699863829626,13.7404580152672,10.3053435114504,12.9770992366412,12.9770992366412,,,,,,0,,FALSE,FALSE,FALSE,TRUE,43.75,FALSE
2019-06-26,260720801G,Campo do Avião,IPOJUCA,-8.3994445,-35.0584555,13.699863829626,13.7404580152672,10.3053435114504,12.9770992366412,12.9770992366412,,,,,,0,,FALSE,FALSE,FALSE,TRUE,27.1818181818182,FALSE
2019-06-27,260720801G,Campo do Avião,IPOJUCA,-8.3994445,-35.0584555,13.699863829626,13.7404580152672,10.3053435114504,12.9770992366412,12.9770992366412,,,,,,0,,FALSE,FALSE,FALSE,TRUE,35.5238095238095,FALSE
2019-06-28,260720801G,Campo do Avião,IPOJUCA,-8.3994445,-35.0584555,13.699863829626,13.7404580152672,10.3053435114504,12.9770992366412,12.9770992366412,,,,,,0,,FALSE,FALSE,FALSE,TRUE,37.4782608695652,FALSE
2019-06-29,260720801G,Campo do Avião,IPOJUCA,-8.3994445,-35.0584555,13.699863829626,13.7404580152672,10.3053435114504,12.9770992366412,12.9770992366412,,,,,,0,,FALSE,FALSE,FALSE,TRUE,33.9583333333333,FALSE
2019-06-30,260720801G,Campo do Avião,IPOJUCA,-8.3994445,-35.0584555,13.699863829626,13.7404580152672,10.3053435114504,12.9770992366412,12.9770992366412,,,,,,0,,FALSE,FALSE,FALSE,TRUE,30.875,FALSE
2019-07-01,260720801G,Campo do Avião,IPOJUCA,-8.3994445,-35.0584555,13.699863829626,13.7404580152672,10.3053435114504,12.9770992366412,12.9770992366412,,,,,,0,,FALSE,FALSE,FALSE,TRUE,49.5416666666667,FALSE
2019-07-02,260720801G,Campo do Avião,IPOJUCA,-8.3994445,-35.0584555,13.699863829626,13.7404580152672,10.3053435114504,12.9770992366412,12.9770992366412,,,,,,0,,FALSE,FALSE,FALSE,TRUE,53.875,FALSE
2019-07-03,260720801G,Campo do Avião,IPOJUCA,-8.3994445,-35.0584555,13.699863829626,13.7404580152672,10.3053435114504,12.9770992366412,12.9770992366412,,,,,,0,,FALSE,FALSE,FALSE,TRUE,18.0454545454545,FALSE
2019-07-04,260720801G,Campo do Avião,IPOJUCA,-8.3994445,-35.0584555,13.699863829626,13.7404580152672,10.3053435114504,12.9770992366412,12.9770992366412,,,,,,0,,FALSE,FALSE,FALSE,TRUE,39.2083333333333,FALSE
2019-07-05,260720801G,Campo do Avião,IPOJUCA,-8.3994445,-35.0584555,13.699863829626,13.7404580152672,10.3053435114504,12.9770992366412,12.9770992366412,,,,,,0,,FALSE,FALSE,FALSE,TRUE,73.6666666666667,FALSE
2019-07-06,260720801G,Campo do Avião,IPOJUCA,-8.3994445,-35.0584555,13.699863829626,13.7404580152672,10.3053435114504,12.9770992366412,12.9770992366412,,,,,,0,,FALSE,FALSE,FALSE,TRUE,60.6666666666667,FALSE
2019-07-07,260720801G,Campo do Avião,IPOJUCA,-8.3994445,-35.0584555,13.699863829626,13.7404580152672,10.3053435114504,12.9770992366412,12.9770992366412,,,,,,0,,FALSE,FALSE,FALSE,TRUE,49.5416666666667,FALSE
2019-07-08,260720801G,Campo do Avião,IPOJUCA,-8.3994445,-35.0584555,13.699863829626,13.7404580152672,10.3053435114504,12.9770992366412,12.9770992366412,,,,,,0,,FALSE,FALSE,FALSE,TRUE,33.0952380952381,FALSE
2019-07-09,260720801G,Campo do Avião,IPOJUCA,-8.3994445,-35.0584555,13.699863829626,13.7404580152672,10.3053435114504,12.9770992366412,12.9770992366412,,,,,,0,,FALSE,FALSE,FALSE,TRUE,44.3333333333333,FALSE
2019-07-10,260720801G,Campo do Avião,IPOJUCA,-8.3994445,-35.0584555,13.699863829626,13.7404580152672,10.3053435114504,12.9770992366412,12.9770992366412,,,,,,0,,FALSE,FALSE,FALSE,TRUE,39.9166666666667,FALSE
2019-07-11,260720801G,Campo do Avião,IPOJUCA,-8.3994445,-35.0584555,13.699863829626,13.7404580152672,10.3053435114504,12.9770992366412,12.9770992366412,,,,,,0,,FALSE,FALSE,FALSE,TRUE,35.6666666666667,FALSE
2019-07-12,260720801G,Campo do Avião,IPOJUCA,-8.3994445,-35.0584555,13.699863829626,13.7404580152672,10.3053435114504,12.9770992366412,12.9770992366412,,,,,,0,,FALSE,FALSE,FALSE,TRUE,65.0833333333333,FALSE
2019-07-13,260720801G,Campo do Avião,IPOJUCA,-8.3994445,-35.0584555,13.699863829626,13.7404580152672,10.3053435114504,12.9770992366412,12.9770992366412,,,,,,0,,FALSE,FALSE,FALSE,TRUE,21.6190476190476,FALSE
2019-07-14,260720801G,Campo do Avião,IPOJUCA,-8.3994445,-35.0584555,13.699863829626,13.7404580152672,10.3053435114504,12.9770992366412,12.9770992366412,,,,,,0,,FALSE,FALSE,FALSE,FALSE,,FALSE
2019-07-15,260720801G,Campo do Avião,IPOJUCA,-8.3994445,-35.0584555,13.699863829626,13.7404580152672,10.3053435114504,12.9770992366412,12.9770992366412,,,,,,0,,FALSE,FALSE,FALSE,TRUE,40.8260869565217,FALSE
2019-07-16,260720801G,Campo do Avião,IPOJUCA,-8.3994445,-35.0584555,13.699863829626,13.7404580152672,10.3053435114504,12.9770992366412,12.9770992366412,,,,,,0,,FALSE,FALSE,FALSE,TRUE,71.4166666666667,FALSE
2019-07-17,260720801G,Campo do Avião,IPOJUCA,-8.3994445,-35.0584555,13.699863829626,13.7404580152672,10.3053435114504,12.9770992366412,12.9770992366412,,,,,,0,,FALSE,FALSE,FALSE,TRUE,54.125,FALSE
2019-07-18,260720801G,Campo do Avião,IPOJUCA,-8.3994445,-35.0584555,13.699863829626,13.7404580152672,10.3053435114504,12.9770992366412,12.9770992366412,,,,,,0,,FALSE,FALSE,FALSE,TRUE,40.1666666666667,FALSE
2019-07-19,260720801G,Campo do Avião,IPOJUCA,-8.3994445,-35.0584555,13.699863829626,13.7404580152672,10.3053435114504,12.9770992366412,12.9770992366412,,,,,,0,,FALSE,FALSE,FALSE,TRUE,34.7916666666667,FALSE
2019-07-20,260720801G,Campo do Avião,IPOJUCA,-8.3994445,-35.0584555,13.699863829626,13.7404580152672,10.3053435114504,12.9770992366412,12.9770992366412,,,,,,0,,FALSE,FALSE,FALSE,TRUE,15,FALSE
2019-07-21,260720801G,Campo do Avião,IPOJUCA,-8.3994445,-35.0584555,13.699863829626,13.7404580152672,10.3053435114504,12.9770992366412,12.9770992366412,,,,,,0,,FALSE,FALSE,FALSE,TRUE,26.75,FALSE
2019-07-22,260720801G,Campo do Avião,IPOJUCA,-8.3994445,-35.0584555,13.699863829626,13.7404580152672,10.3053435114504,12.9770992366412,12.9770992366412,,,,,,0,,FALSE,FALSE,FALSE,TRUE,20.2380952380952,FALSE
2019-07-23,260720801G,Campo do Avião,IPOJUCA,-8.3994445,-35.0584555,13.699863829626,13.7404580152672,10.3053435114504,12.9770992366412,12.9770992366412,,,,,,0,,FALSE,FALSE,FALSE,TRUE,14.9166666666667,FALSE
2019-07-24,260720801G,Campo do Avião,IPOJUCA,-8.3994445,-35.0584555,13.699863829626,13.7404580152672,10.3053435114504,12.9770992366412,12.9770992366412,,,,,,0,,FALSE,FALSE,FALSE,TRUE,12.3,FALSE
2019-07-25,260720801G,Campo do Avião,IPOJUCA,-8.3994445,-35.0584555,13.699863829626,13.7404580152672,10.3053435114504,12.9770992366412,12.9770992366412,,,,,,0,,FALSE,FALSE,FALSE,TRUE,18.1818181818182,FALSE
2019-07-26,260720801G,Campo do Avião,IPOJUCA,-8.3994445,-35.0584555,13.699863829626,13.7404580152672,10.3053435114504,12.9770992366412,12.9770992366412,,,,,,0,,FALSE,FALSE,FALSE,TRUE,14.7727272727273,FALSE
2019-07-27,260720801G,Campo do Avião,IPOJUCA,-8.3994445,-35.0584555,13.699863829626,13.7404580152672,10.3053435114504,12.9770992366412,12.9770992366412,,,,,,0,,FALSE,FALSE,FALSE,TRUE,9.1,FALSE
2019-07-28,260720801G,Campo do Avião,IPOJUCA,-8.3994445,-35.0584555,13.699863829626,13.7404580152672,10.3053435114504,12.9770992366412,12.9770992366412,,,,,,0,,FALSE,FALSE,FALSE,TRUE,15.6521739130435,FALSE
2019-07-29,260720801G,Campo do Avião,IPOJUCA,-8.3994445,-35.0584555,13.699863829626,13.7404580152672,10.3053435114504,12.9770992366412,12.9770992366412,,,,,,0,,FALSE,FALSE,FALSE,FALSE,,FALSE
2019-07-30,260720801G,Campo do Avião,IPOJUCA,-8.3994445,-35.0584555,13.699863829626,13.7404580152672,10.3053435114504,12.9770992366412,12.9770992366412,,,,,,0,,FALSE,FALSE,FALSE,TRUE,11.6315789473684,FALSE
2019-07-31,260720801G,Campo do Avião,IPOJUCA,-8.3994445,-35.0584555,13.699863829626,13.7404580152672,10.3053435114504,12.9770992366412,12.9770992366412,,,,,,0,,FALSE,FALSE,FALSE,FALSE,,FALSE
2019-08-01,260720801G,Campo do Avião,IPOJUCA,-8.3994445,-35.0584555,13.699863829626,13.7404580152672,10.3053435114504,12.9770992366412,12.9770992366412,,,,,,0,,FALSE,FALSE,FALSE,TRUE,10.0526315789474,FALSE
2019-08-02,260720801G,Campo do Avião,IPOJUCA,-8.3994445,-35.0584555,13.699863829626,13.7404580152672,10.3053435114504,12.9770992366412,12.9770992366412,,,,,,0,,FALSE,FALSE,FALSE,TRUE,33.3333333333333,FALSE
2019-08-03,260720801G,Campo do Avião,IPOJUCA,-8.3994445,-35.0584555,13.699863829626,13.7404580152672,10.3053435114504,12.9770992366412,12.9770992366412,,,,,,0,,FALSE,FALSE,FALSE,TRUE,53.8333333333333,FALSE
2019-08-04,260720801G,Campo do Avião,IPOJUCA,-8.3994445,-35.0584555,13.699863829626,13.7404580152672,10.3053435114504,12.9770992366412,12.9770992366412,,,,,,0,,FALSE,FALSE,FALSE,TRUE,69.125,FALSE
2019-08-05,260720801G,Campo do Avião,IPOJUCA,-8.3994445,-35.0584555,13.699863829626,13.7404580152672,10.3053435114504,12.9770992366412,12.9770992366412,,,,,,0,,FALSE,FALSE,FALSE,TRUE,65.2916666666667,FALSE
2019-08-06,260720801G,Campo do Avião,IPOJUCA,-8.3994445,-35.0584555,13.699863829626,13.7404580152672,10.3053435114504,12.9770992366412,12.9770992366412,,,,,,0,,FALSE,FALSE,FALSE,TRUE,44.8947368421053,FALSE
2019-08-07,260720801G,Campo do Avião,IPOJUCA,-8.3994445,-35.0584555,13.699863829626,13.7404580152672,10.3053435114504,12.9770992366412,12.9770992366412,,,,,,0,,FALSE,FALSE,FALSE,TRUE,48.1666666666667,FALSE
2019-08-08,260720801G,Campo do Avião,IPOJUCA,-8.3994445,-35.0584555,13.699863829626,13.7404580152672,10.3053435114504,12.9770992366412,12.9770992366412,,,,,,0,,FALSE,FALSE,FALSE,TRUE,37.3333333333333,FALSE
2019-08-09,260720801G,Campo do Avião,IPOJUCA,-8.3994445,-35.0584555,13.699863829626,13.7404580152672,10.3053435114504,12.9770992366412,12.9770992366412,,,,,,0,,FALSE,FALSE,FALSE,TRUE,75.4583333333333,FALSE
2019-08-10,260720801G,Campo do Avião,IPOJUCA,-8.3994445,-35.0584555,13.699863829626,13.7404580152672,10.3053435114504,12.9770992366412,12.9770992366412,,,,,,0,,FALSE,FALSE,FALSE,TRUE,75.9166666666667,FALSE
2019-08-11,260720801G,Campo do Avião,IPOJUCA,-8.3994445,-35.0584555,13.699863829626,13.7404580152672,10.3053435114504,12.9770992366412,12.9770992366412,,,,,,0,,FALSE,FALSE,FALSE,TRUE,75.8333333333333,FALSE
2019-08-12,260720801G,Campo do Avião,IPOJUCA,-8.3994445,-35.0584555,13.699863829626,13.7404580152672,10.3053435114504,12.9770992366412,12.9770992366412,,,,,,0,,FALSE,FALSE,FALSE,TRUE,42,FALSE
2019-08-13,260720801G,Campo do Avião,IPOJUCA,-8.3994445,-35.0584555,13.699863829626,13.7404580152672,10.3053435114504,12.9770992366412,12.9770992366412,,,,,,0,,FALSE,FALSE,FALSE,TRUE,41.8695652173913,FALSE
2019-08-14,260720801G,Campo do Avião,IPOJUCA,-8.3994445,-35.0584555,13.699863829626,13.7404580152672,10.3053435114504,12.9770992366412,12.9770992366412,,,,,,0,,FALSE,FALSE,FALSE,TRUE,16.9583333333333,FALSE
2019-08-15,260720801G,Campo do Avião,IPOJUCA,-8.3994445,-35.0584555,13.699863829626,13.7404580152672,10.3053435114504,12.9770992366412,12.9770992366412,,,,,,0,,FALSE,FALSE,FALSE,TRUE,25.0833333333333,FALSE
2019-08-16,260720801G,Campo do Avião,IPOJUCA,-8.3994445,-35.0584555,13.699863829626,13.7404580152672,10.3053435114504,12.9770992366412,12.9770992366412,,,,,,0,,FALSE,FALSE,FALSE,TRUE,31.7916666666667,FALSE
2019-08-17,260720801G,Campo do Avião,IPOJUCA,-8.3994445,-35.0584555,13.699863829626,13.7404580152672,10.3053435114504,12.9770992366412,12.9770992366412,,,,,,0,,FALSE,FALSE,FALSE,TRUE,55.125,FALSE
2019-08-18,260720801G,Campo do Avião,IPOJUCA,-8.3994445,-35.0584555,13.699863829626,13.7404580152672,10.3053435114504,12.9770992366412,12.9770992366412,,,,,,0,,FALSE,FALSE,FALSE,TRUE,57.7916666666667,FALSE
2019-08-19,260720801G,Campo do Avião,IPOJUCA,-8.3994445,-35.0584555,13.699863829626,13.7404580152672,10.3053435114504,12.9770992366412,12.9770992366412,,,,,,0,,FALSE,FALSE,FALSE,TRUE,71.9166666666667,FALSE
2019-08-20,260720801G,Campo do Avião,IPOJUCA,-8.3994445,-35.0584555,13.699863829626,13.7404580152672,10.3053435114504,12.9770992366412,12.9770992366412,,,,,,0,,FALSE,FALSE,FALSE,TRUE,71.25,FALSE
2019-08-21,260720801G,Campo do Avião,IPOJUCA,-8.3994445,-35.0584555,13.699863829626,13.7404580152672,10.3053435114504,12.9770992366412,12.9770992366412,,,,,,0,,FALSE,FALSE,FALSE,TRUE,52.7727272727273,FALSE
2019-08-22,260720801G,Campo do Avião,IPOJUCA,-8.3994445,-35.0584555,13.699863829626,13.7404580152672,10.3053435114504,12.9770992366412,12.9770992366412,,,,,,0,,FALSE,FALSE,FALSE,TRUE,14.5,FALSE
2019-08-23,260720801G,Campo do Avião,IPOJUCA,-8.3994445,-35.0584555,13.699863829626,13.7404580152672,10.3053435114504,12.9770992366412,12.9770992366412,,,,,,0,,FALSE,FALSE,FALSE,TRUE,34.6363636363636,FALSE
2019-08-24,260720801G,Campo do Avião,IPOJUCA,-8.3994445,-35.0584555,13.699863829626,13.7404580152672,10.3053435114504,12.9770992366412,12.9770992366412,,,,,,0,,FALSE,FALSE,FALSE,TRUE,35.2608695652174,FALSE
2019-08-25,260720801G,Campo do Avião,IPOJUCA,-8.3994445,-35.0584555,13.699863829626,13.7404580152672,10.3053435114504,12.9770992366412,12.9770992366412,,,,,,0,,FALSE,FALSE,FALSE,TRUE,40.3333333333333,FALSE
2019-08-26,260720801G,Campo do Avião,IPOJUCA,-8.3994445,-35.0584555,13.699863829626,13.7404580152672,10.3053435114504,12.9770992366412,12.9770992366412,,,,,,0,,FALSE,FALSE,FALSE,TRUE,41.125,FALSE
2019-08-27,260720801G,Campo do Avião,IPOJUCA,-8.3994445,-35.0584555,13.699863829626,13.7404580152672,10.3053435114504,12.9770992366412,12.9770992366412,,,,,,0,,FALSE,FALSE,FALSE,TRUE,58.4166666666667,FALSE
2019-08-28,260720801G,Campo do Avião,IPOJUCA,-8.3994445,-35.0584555,13.699863829626,13.7404580152672,10.3053435114504,12.9770992366412,12.9770992366412,,,,,,0,,FALSE,FALSE,FALSE,TRUE,45,FALSE
2019-08-29,260720801G,Campo do Avião,IPOJUCA,-8.3994445,-35.0584555,13.699863829626,13.7404580152672,10.3053435114504,12.9770992366412,12.9770992366412,,,,,,0,,FALSE,FALSE,FALSE,TRUE,52.1666666666667,FALSE
2019-08-30,260720801G,Campo do Avião,IPOJUCA,-8.3994445,-35.0584555,13.699863829626,13.7404580152672,10.3053435114504,12.9770992366412,12.9770992366412,,,,,,0,,FALSE,FALSE,FALSE,TRUE,55.4583333333333,FALSE
2019-08-31,260720801G,Campo do Avião,IPOJUCA,-8.3994445,-35.0584555,13.699863829626,13.7404580152672,10.3053435114504,12.9770992366412,12.9770992366412,,,,,,0,,FALSE,FALSE,FALSE,TRUE,69.4583333333333,FALSE
2019-09-01,260720801G,Campo do Avião,IPOJUCA,-8.3994445,-35.0584555,13.699863829626,13.7404580152672,10.3053435114504,12.9770992366412,12.9770992366412,,,,,,0,,FALSE,FALSE,FALSE,TRUE,36.375,FALSE
2019-09-02,260720801G,Campo do Avião,IPOJUCA,-8.3994445,-35.0584555,13.699863829626,13.7404580152672,10.3053435114504,12.9770992366412,12.9770992366412,,,,,,0,,FALSE,FALSE,FALSE,TRUE,39.9583333333333,FALSE
2019-09-03,260720801G,Campo do Avião,IPOJUCA,-8.3994445,-35.0584555,13.699863829626,13.7404580152672,10.3053435114504,12.9770992366412,12.9770992366412,,,,,,0,,FALSE,FALSE,FALSE,TRUE,49.6666666666667,FALSE
2019-09-04,260720801G,Campo do Avião,IPOJUCA,-8.3994445,-35.0584555,13.699863829626,13.7404580152672,10.3053435114504,12.9770992366412,12.9770992366412,,,,,,0,,FALSE,FALSE,FALSE,TRUE,37.875,FALSE
2019-09-05,260720801G,Campo do Avião,IPOJUCA,-8.3994445,-35.0584555,13.699863829626,13.7404580152672,10.3053435114504,12.9770992366412,12.9770992366412,,,,,,0,,FALSE,FALSE,FALSE,TRUE,26.9583333333333,FALSE
2019-09-06,260720801G,Campo do Avião,IPOJUCA,-8.3994445,-35.0584555,13.699863829626,13.7404580152672,10.3053435114504,12.9770992366412,12.9770992366412,,,,,,0,,FALSE,FALSE,FALSE,TRUE,30.6363636363636,FALSE
2019-09-07,260720801G,Campo do Avião,IPOJUCA,-8.3994445,-35.0584555,13.699863829626,13.7404580152672,10.3053435114504,12.9770992366412,12.9770992366412,,,,,,0,,FALSE,FALSE,FALSE,TRUE,28,FALSE
2019-09-08,260720801G,Campo do Avião,IPOJUCA,-8.3994445,-35.0584555,13.699863829626,13.7404580152672,10.3053435114504,12.9770992366412,12.9770992366412,,,,,,0,,FALSE,FALSE,FALSE,TRUE,29.125,FALSE
2019-09-09,260720801G,Campo do Avião,IPOJUCA,-8.3994445,-35.0584555,13.699863829626,13.7404580152672,10.3053435114504,12.9770992366412,12.9770992366412,,,,,,0,,FALSE,FALSE,FALSE,TRUE,48.8333333333333,FALSE
2019-09-10,260720801G,Campo do Avião,IPOJUCA,-8.3994445,-35.0584555,13.699863829626,13.7404580152672,10.3053435114504,12.9770992366412,12.9770992366412,,,,,,0,,FALSE,FALSE,FALSE,TRUE,57.6666666666667,FALSE
2019-09-11,260720801G,Campo do Avião,IPOJUCA,-8.3994445,-35.0584555,13.699863829626,13.7404580152672,10.3053435114504,12.9770992366412,12.9770992366412,,,,,,0,,FALSE,FALSE,FALSE,TRUE,46.75,FALSE
2019-09-12,260720801G,Campo do Avião,IPOJUCA,-8.3994445,-35.0584555,13.699863829626,13.7404580152672,10.3053435114504,12.9770992366412,12.9770992366412,,,,,,0,,FALSE,FALSE,FALSE,TRUE,49.7826086956522,FALSE
2019-09-13,260720801G,Campo do Avião,IPOJUCA,-8.3994445,-35.0584555,13.699863829626,13.7404580152672,10.3053435114504,12.9770992366412,12.9770992366412,,,,,,0,,FALSE,FALSE,FALSE,TRUE,54.0952380952381,FALSE
2019-09-14,260720801G,Campo do Avião,IPOJUCA,-8.3994445,-35.0584555,13.699863829626,13.7404580152672,10.3053435114504,12.9770992366412,12.9770992366412,,,,,,0,,FALSE,FALSE,FALSE,TRUE,54.1666666666667,FALSE
2019-09-15,260720801G,Campo do Avião,IPOJUCA,-8.3994445,-35.0584555,13.699863829626,13.7404580152672,10.3053435114504,12.9770992366412,12.9770992366412,,,,,,0,,FALSE,FALSE,FALSE,TRUE,40.3125,FALSE
2019-09-16,260720801G,Campo do Avião,IPOJUCA,-8.3994445,-35.0584555,13.699863829626,13.7404580152672,10.3053435114504,12.9770992366412,12.9770992366412,,,,,,0,,FALSE,FALSE,FALSE,TRUE,38.3684210526316,FALSE
2019-09-17,260720801G,Campo do Avião,IPOJUCA,-8.3994445,-35.0584555,13.699863829626,13.7404580152672,10.3053435114504,12.9770992366412,12.9770992366412,,,,,,0,,FALSE,FALSE,FALSE,TRUE,20.7826086956522,FALSE
2019-09-18,260720801G,Campo do Avião,IPOJUCA,-8.3994445,-35.0584555,13.699863829626,13.7404580152672,10.3053435114504,12.9770992366412,12.9770992366412,,,,,,0,,FALSE,FALSE,FALSE,TRUE,50.1739130434783,FALSE
2019-09-19,260720801G,Campo do Avião,IPOJUCA,-8.3994445,-35.0584555,13.699863829626,13.7404580152672,10.3053435114504,12.9770992366412,12.9770992366412,,,,,,0,,FALSE,FALSE,FALSE,TRUE,63.8636363636364,FALSE
2019-09-20,260720801G,Campo do Avião,IPOJUCA,-8.3994445,-35.0584555,13.699863829626,13.7404580152672,10.3053435114504,12.9770992366412,12.9770992366412,,,,,,0,,FALSE,FALSE,FALSE,TRUE,31.5,FALSE
2019-09-21,260720801G,Campo do Avião,IPOJUCA,-8.3994445,-35.0584555,13.699863829626,13.7404580152672,10.3053435114504,12.9770992366412,12.9770992366412,,,,,,0,,FALSE,FALSE,FALSE,TRUE,48.6666666666667,FALSE
2019-09-22,260720801G,Campo do Avião,IPOJUCA,-8.3994445,-35.0584555,13.699863829626,13.7404580152672,10.3053435114504,12.9770992366412,12.9770992366412,,,,,,0,,FALSE,FALSE,FALSE,TRUE,41.1666666666667,FALSE
2019-09-23,260720801G,Campo do Avião,IPOJUCA,-8.3994445,-35.0584555,13.699863829626,13.7404580152672,10.3053435114504,12.9770992366412,12.9770992366412,,,,,,0,,FALSE,FALSE,FALSE,TRUE,38.9047619047619,FALSE
2019-09-24,260720801G,Campo do Avião,IPOJUCA,-8.3994445,-35.0584555,13.699863829626,13.7404580152672,10.3053435114504,12.9770992366412,12.9770992366412,,,,,,0,,FALSE,FALSE,FALSE,TRUE,45.9166666666667,FALSE
2019-09-25,260720801G,Campo do Avião,IPOJUCA,-8.3994445,-35.0584555,13.699863829626,13.7404580152672,10.3053435114504,12.9770992366412,12.9770992366412,,,,,,0,,FALSE,FALSE,FALSE,TRUE,53.25,FALSE
2019-09-26,260720801G,Campo do Avião,IPOJUCA,-8.3994445,-35.0584555,13.699863829626,13.7404580152672,10.3053435114504,12.9770992366412,12.9770992366412,,,,,,0,,FALSE,FALSE,FALSE,FALSE,,FALSE
2019-09-27,260720801G,Campo do Avião,IPOJUCA,-8.3994445,-35.0584555,13.699863829626,13.7404580152672,10.3053435114504,12.9770992366412,12.9770992366412,,,,,,0,,FALSE,FALSE,FALSE,FALSE,,FALSE
2019-09-28,260720801G,Campo do Avião,IPOJUCA,-8.3994445,-35.0584555,13.699863829626,13.7404580152672,10.3053435114504,12.9770992366412,12.9770992366412,,,,,,0,,FALSE,FALSE,FALSE,FALSE,,FALSE
2019-09-29,260720801G,Campo do Avião,IPOJUCA,-8.3994445,-35.0584555,13.699863829626,13.7404580152672,10.3053435114504,12.9770992366412,12.9770992366412,,,,,,0,,FALSE,FALSE,FALSE,FALSE,,FALSE
2019-09-30,260720801G,Campo do Avião,IPOJUCA,-8.3994445,-35.0584555,13.699863829626,13.7404580152672,10.3053435114504,12.9770992366412,12.9770992366412,,,,,,0,,FALSE,FALSE,FALSE,FALSE,,FALSE
2019-10-01,260720801G,Campo do Avião,IPOJUCA,-8.3994445,-35.0584555,13.699863829626,13.7404580152672,10.3053435114504,12.9770992366412,12.9770992366412,0,12,0,0,0,12,,FALSE,FALSE,FALSE,FALSE,,TRUE
2019-10-02,260720801G,Campo do Avião,IPOJUCA,-8.3994445,-35.0584555,13.699863829626,13.7404580152672,10.3053435114504,12.9770992366412,12.9770992366412,0,24,0,0,0,24,60,TRUE,TRUE,TRUE,FALSE,,TRUE
2019-10-03,260720801G,Campo do Avião,IPOJUCA,-8.3994445,-35.0584555,13.699863829626,13.7404580152672,10.3053435114504,12.9770992366412,12.9770992366412,0.2,24,0,1,0.2,24,60,TRUE,TRUE,TRUE,FALSE,,TRUE
2019-10-04,260720801G,Campo do Avião,IPOJUCA,-8.3994445,-35.0584555,13.699863829626,13.7404580152672,10.3053435114504,12.9770992366412,12.9770992366412,0.2,25,0,1,0.2,25,70,FALSE,TRUE,TRUE,FALSE,,TRUE
2019-10-05,260720801G,Campo do Avião,IPOJUCA,-8.3994445,-35.0584555,13.699863829626,13.7404580152672,10.3053435114504,12.9770992366412,12.9770992366412,0,24,0,0,0,24,60,TRUE,TRUE,TRUE,FALSE,,TRUE
2019-10-06,260720801G,Campo do Avião,IPOJUCA,-8.3994445,-35.0584555,13.699863829626,13.7404580152672,10.3053435114504,12.9770992366412,12.9770992366412,0,24,0,0,0,24,60,TRUE,TRUE,TRUE,FALSE,,TRUE
2019-10-07,260720801G,Campo do Avião,IPOJUCA,-8.3994445,-35.0584555,13.699863829626,13.7404580152672,10.3053435114504,12.9770992366412,12.9770992366412,0,24,0,0,0,24,60,TRUE,TRUE,TRUE,FALSE,,TRUE
2019-10-08,260720801G,Campo do Avião,IPOJUCA,-8.3994445,-35.0584555,13.699863829626,13.7404580152672,10.3053435114504,12.9770992366412,12.9770992366412,0,15,0,0,0,15,2320,FALSE,FALSE,FALSE,FALSE,,TRUE
2019-10-09,260720801G,Campo do Avião,IPOJUCA,-8.3994445,-35.0584555,13.699863829626,13.7404580152672,10.3053435114504,12.9770992366412,12.9770992366412,,,,,,0,,FALSE,FALSE,FALSE,FALSE,,FALSE
2019-10-10,260720801G,Campo do Avião,IPOJUCA,-8.3994445,-35.0584555,13.699863829626,13.7404580152672,10.3053435114504,12.9770992366412,12.9770992366412,1.2,11,0,4,0.4,11,2320,FALSE,FALSE,FALSE,FALSE,,TRUE
2019-10-11,260720801G,Campo do Avião,IPOJUCA,-8.3994445,-35.0584555,13.699863829626,13.7404580152672,10.3053435114504,12.9770992366412,12.9770992366412,6,29,0,7,2,29,70,FALSE,TRUE,TRUE,FALSE,,TRUE
2019-10-12,260720801G,Campo do Avião,IPOJUCA,-8.3994445,-35.0584555,13.699863829626,13.7404580152672,10.3053435114504,12.9770992366412,12.9770992366412,4,25,0,3,3.2,25,70,FALSE,TRUE,TRUE,FALSE,,TRUE
2019-10-13,260720801G,Campo do Avião,IPOJUCA,-8.3994445,-35.0584555,13.699863829626,13.7404580152672,10.3053435114504,12.9770992366412,12.9770992366412,7.2,18,0,11,1.6,18,520,FALSE,FALSE,FALSE,FALSE,,TRUE
2019-10-14,260720801G,Campo do Avião,IPOJUCA,-8.3994445,-35.0584555,13.699863829626,13.7404580152672,10.3053435114504,12.9770992366412,12.9770992366412,2.4,6,0,6,0.6,6,1750,FALSE,FALSE,FALSE,FALSE,,TRUE
2019-10-15,260720801G,Campo do Avião,IPOJUCA,-8.3994445,-35.0584555,13.699863829626,13.7404580152672,10.3053435114504,12.9770992366412,12.9770992366412,0,14,0,0,0,14,1750,FALSE,FALSE,FALSE,FALSE,,TRUE
2019-10-16,260720801G,Campo do Avião,IPOJUCA,-8.3994445,-35.0584555,13.699863829626,13.7404580152672,10.3053435114504,12.9770992366412,12.9770992366412,0.2,25,0,1,0.2,25,60,TRUE,TRUE,TRUE,FALSE,,TRUE
2019-10-17,260720801G,Campo do Avião,IPOJUCA,-8.3994445,-35.0584555,13.699863829626,13.7404580152672,10.3053435114504,12.9770992366412,12.9770992366412,0,24,0,0,0,24,60,TRUE,TRUE,TRUE,FALSE,,TRUE
2019-10-18,260720801G,Campo do Avião,IPOJUCA,-8.3994445,-35.0584555,13.699863829626,13.7404580152672,10.3053435114504,12.9770992366412,12.9770992366412,7.2,40,0,21,1,40,70,FALSE,TRUE,TRUE,FALSE,,TRUE
2019-10-19,260720801G,Campo do Avião,IPOJUCA,-8.3994445,-35.0584555,13.699863829626,13.7404580152672,10.3053435114504,12.9770992366412,12.9770992366412,1.2,26,0,3,0.8,26,70,FALSE,TRUE,TRUE,FALSE,,TRUE
2019-10-20,260720801G,Campo do Avião,IPOJUCA,-8.3994445,-35.0584555,13.699863829626,13.7404580152672,10.3053435114504,12.9770992366412,12.9770992366412,0,24,0,0,0,24,60,TRUE,TRUE,TRUE,FALSE,,TRUE
2019-10-21,260720801G,Campo do Avião,IPOJUCA,-8.3994445,-35.0584555,13.699863829626,13.7404580152672,10.3053435114504,12.9770992366412,12.9770992366412,0,24,0,0,0,24,60,TRUE,TRUE,TRUE,FALSE,,TRUE
2019-10-22,260720801G,Campo do Avião,IPOJUCA,-8.3994445,-35.0584555,13.699863829626,13.7404580152672,10.3053435114504,12.9770992366412,12.9770992366412,0,24,0,0,0,24,60,TRUE,TRUE,TRUE,FALSE,,TRUE
2019-10-23,260720801G,Campo do Avião,IPOJUCA,-8.3994445,-35.0584555,13.699863829626,13.7404580152672,10.3053435114504,12.9770992366412,12.9770992366412,0,24,0,0,0,24,60,TRUE,TRUE,TRUE,FALSE,,TRUE
2019-10-24,260720801G,Campo do Avião,IPOJUCA,-8.3994445,-35.0584555,13.699863829626,13.7404580152672,10.3053435114504,12.9770992366412,12.9770992366412,0,24,0,0,0,24,60,TRUE,TRUE,TRUE,FALSE,,TRUE
2019-10-25,260720801G,Campo do Avião,IPOJUCA,-8.3994445,-35.0584555,13.699863829626,13.7404580152672,10.3053435114504,12.9770992366412,12.9770992366412,2,25,1,2,1.6,24,70,FALSE,TRUE,TRUE,FALSE,,TRUE
2019-10-26,260720801G,Campo do Avião,IPOJUCA,-8.3994445,-35.0584555,13.699863829626,13.7404580152672,10.3053435114504,12.9770992366412,12.9770992366412,3,25,0,3,1.6,26,70,FALSE,TRUE,TRUE,TRUE,39.5714285714286,TRUE
2019-10-27,260720801G,Campo do Avião,IPOJUCA,-8.3994445,-35.0584555,13.699863829626,13.7404580152672,10.3053435114504,12.9770992366412,12.9770992366412,0,24,0,0,0,24,60,TRUE,TRUE,TRUE,TRUE,49.2916666666667,TRUE
2019-10-28,260720801G,Campo do Avião,IPOJUCA,-8.3994445,-35.0584555,13.699863829626,13.7404580152672,10.3053435114504,12.9770992366412,12.9770992366412,0,24,0,0,0,24,60,TRUE,TRUE,TRUE,TRUE,56.625,TRUE
2019-10-29,260720801G,Campo do Avião,IPOJUCA,-8.3994445,-35.0584555,13.699863829626,13.7404580152672,10.3053435114504,12.9770992366412,12.9770992366412,0,24,0,0,0,24,60,TRUE,TRUE,TRUE,TRUE,47.125,TRUE
2019-10-30,260720801G,Campo do Avião,IPOJUCA,-8.3994445,-35.0584555,13.699863829626,13.7404580152672,10.3053435114504,12.9770992366412,12.9770992366412,0,24,0,0,0,24,60,TRUE,TRUE,TRUE,TRUE,40.4583333333333,TRUE
2019-10-31,260720801G,Campo do Avião,IPOJUCA,-8.3994445,-35.0584555,13.699863829626,13.7404580152672,10.3053435114504,12.9770992366412,12.9770992366412,0,24,0,0,0,24,60,TRUE,TRUE,TRUE,TRUE,38.9583333333333,TRUE
2019-11-01,260720801G,Campo do Avião,IPOJUCA,-8.3994445,-35.0584555,13.699863829626,13.7404580152672,10.3053435114504,12.9770992366412,12.9770992366412,0,24,0,0,0,24,60,TRUE,TRUE,TRUE,TRUE,36.5416666666667,TRUE
2019-11-02,260720801G,Campo do Avião,IPOJUCA,-8.3994445,-35.0584555,13.699863829626,13.7404580152672,10.3053435114504,12.9770992366412,12.9770992366412,0,24,0,0,0,24,60,TRUE,TRUE,TRUE,TRUE,36.25,TRUE
2019-11-03,260720801G,Campo do Avião,IPOJUCA,-8.3994445,-35.0584555,13.699863829626,13.7404580152672,10.3053435114504,12.9770992366412,12.9770992366412,0.8,26,0,3,0.4,26,60,TRUE,TRUE,TRUE,TRUE,37.125,TRUE
2019-11-04,260720801G,Campo do Avião,IPOJUCA,-8.3994445,-35.0584555,13.699863829626,13.7404580152672,10.3053435114504,12.9770992366412,12.9770992366412,0,24,0,0,0,24,60,TRUE,TRUE,TRUE,TRUE,42.375,TRUE
2019-11-05,260720801G,Campo do Avião,IPOJUCA,-8.3994445,-35.0584555,13.699863829626,13.7404580152672,10.3053435114504,12.9770992366412,12.9770992366412,0,24,0,0,0,24,60,TRUE,TRUE,TRUE,TRUE,45.875,TRUE
2019-11-06,260720801G,Campo do Avião,IPOJUCA,-8.3994445,-35.0584555,13.699863829626,13.7404580152672,10.3053435114504,12.9770992366412,12.9770992366412,0.4,24,0,1,0.4,24,70,FALSE,TRUE,TRUE,TRUE,44.6521739130435,TRUE
2019-11-07,260720801G,Campo do Avião,IPOJUCA,-8.3994445,-35.0584555,13.699863829626,13.7404580152672,10.3053435114504,12.9770992366412,12.9770992366412,0,24,0,0,0,24,60,TRUE,TRUE,TRUE,TRUE,40.55,TRUE
2019-11-08,260720801G,Campo do Avião,IPOJUCA,-8.3994445,-35.0584555,13.699863829626,13.7404580152672,10.3053435114504,12.9770992366412,12.9770992366412,0,24,0,0,0,24,60,TRUE,TRUE,TRUE,TRUE,36.0416666666667,TRUE
2019-11-09,260720801G,Campo do Avião,IPOJUCA,-8.3994445,-35.0584555,13.699863829626,13.7404580152672,10.3053435114504,12.9770992366412,12.9770992366412,0,24,0,0,0,24,60,TRUE,TRUE,TRUE,TRUE,44.625,TRUE
2019-11-10,260720801G,Campo do Avião,IPOJUCA,-8.3994445,-35.0584555,13.699863829626,13.7404580152672,10.3053435114504,12.9770992366412,12.9770992366412,0.4,24,0,1,0.4,24,70,FALSE,TRUE,TRUE,TRUE,40.25,TRUE
2019-11-11,260720801G,Campo do Avião,IPOJUCA,-8.3994445,-35.0584555,13.699863829626,13.7404580152672,10.3053435114504,12.9770992366412,12.9770992366412,0,24,0,0,0,24,60,TRUE,TRUE,TRUE,TRUE,42.5416666666667,TRUE
2019-11-12,260720801G,Campo do Avião,IPOJUCA,-8.3994445,-35.0584555,13.699863829626,13.7404580152672,10.3053435114504,12.9770992366412,12.9770992366412,0,24,0,0,0,24,60,TRUE,TRUE,TRUE,TRUE,80.8333333333333,TRUE
2019-11-13,260720801G,Campo do Avião,IPOJUCA,-8.3994445,-35.0584555,13.699863829626,13.7404580152672,10.3053435114504,12.9770992366412,12.9770992366412,0,19,0,0,0,19,360,FALSE,FALSE,FALSE,TRUE,40.4583333333333,TRUE
2019-11-14,260720801G,Campo do Avião,IPOJUCA,-8.3994445,-35.0584555,13.699863829626,13.7404580152672,10.3053435114504,12.9770992366412,12.9770992366412,0,24,0,0,0,24,60,TRUE,TRUE,TRUE,TRUE,36.125,TRUE
2019-11-15,260720801G,Campo do Avião,IPOJUCA,-8.3994445,-35.0584555,13.699863829626,13.7404580152672,10.3053435114504,12.9770992366412,12.9770992366412,0,24,0,0,0,24,60,TRUE,TRUE,TRUE,TRUE,51.7142857142857,TRUE
2019-11-16,260720801G,Campo do Avião,IPOJUCA,-8.3994445,-35.0584555,13.699863829626,13.7404580152672,10.3053435114504,12.9770992366412,12.9770992366412,0,24,0,0,0,24,70,FALSE,TRUE,TRUE,TRUE,55.5833333333333,TRUE
2019-11-17,260720801G,Campo do Avião,IPOJUCA,-8.3994445,-35.0584555,13.699863829626,13.7404580152672,10.3053435114504,12.9770992366412,12.9770992366412,0.2,24,0,1,0.2,24,60,TRUE,TRUE,TRUE,TRUE,30.5833333333333,TRUE
2019-11-18,260720801G,Campo do Avião,IPOJUCA,-8.3994445,-35.0584555,13.699863829626,13.7404580152672,10.3053435114504,12.9770992366412,12.9770992366412,0,24,0,0,0,24,70,FALSE,TRUE,TRUE,TRUE,37.0416666666667,TRUE
2019-11-19,260720801G,Campo do Avião,IPOJUCA,-8.3994445,-35.0584555,13.699863829626,13.7404580152672,10.3053435114504,12.9770992366412,12.9770992366412,0.2,25,0,1,0.2,25,70,FALSE,TRUE,TRUE,TRUE,34.7619047619048,TRUE
2019-11-20,260720801G,Campo do Avião,IPOJUCA,-8.3994445,-35.0584555,13.699863829626,13.7404580152672,10.3053435114504,12.9770992366412,12.9770992366412,0,24,0,0,0,24,60,TRUE,TRUE,TRUE,TRUE,36.3809523809524,TRUE
2019-11-21,260720801G,Campo do Avião,IPOJUCA,-8.3994445,-35.0584555,13.699863829626,13.7404580152672,10.3053435114504,12.9770992366412,12.9770992366412,0,24,0,0,0,24,60,TRUE,TRUE,TRUE,TRUE,36.2083333333333,TRUE
2019-11-22,260720801G,Campo do Avião,IPOJUCA,-8.3994445,-35.0584555,13.699863829626,13.7404580152672,10.3053435114504,12.9770992366412,12.9770992366412,0,24,0,0,0,24,60,TRUE,TRUE,TRUE,TRUE,36.7916666666667,TRUE
2019-11-23,260720801G,Campo do Avião,IPOJUCA,-8.3994445,-35.0584555,13.699863829626,13.7404580152672,10.3053435114504,12.9770992366412,12.9770992366412,0,24,0,0,0,24,60,TRUE,TRUE,TRUE,TRUE,32.4583333333333,TRUE
2019-11-24,260720801G,Campo do Avião,IPOJUCA,-8.3994445,-35.0584555,13.699863829626,13.7404580152672,10.3053435114504,12.9770992366412,12.9770992366412,0,24,0,0,0,24,60,TRUE,TRUE,TRUE,TRUE,39.2083333333333,TRUE
2019-11-25,260720801G,Campo do Avião,IPOJUCA,-8.3994445,-35.0584555,13.699863829626,13.7404580152672,10.3053435114504,12.9770992366412,12.9770992366412,0,24,0,0,0,24,60,TRUE,TRUE,TRUE,FALSE,,TRUE
2019-11-26,260720801G,Campo do Avião,IPOJUCA,-8.3994445,-35.0584555,13.699863829626,13.7404580152672,10.3053435114504,12.9770992366412,12.9770992366412,0,24,0,0,0,24,80,FALSE,FALSE,TRUE,FALSE,,TRUE
2019-11-27,260720801G,Campo do Avião,IPOJUCA,-8.3994445,-35.0584555,13.699863829626,13.7404580152672,10.3053435114504,12.9770992366412,12.9770992366412,2,26,0,4,1,26,70,FALSE,TRUE,TRUE,FALSE,,TRUE
2019-11-28,260720801G,Campo do Avião,IPOJUCA,-8.3994445,-35.0584555,13.699863829626,13.7404580152672,10.3053435114504,12.9770992366412,12.9770992366412,0,24,0,0,0,24,80,FALSE,FALSE,TRUE,FALSE,,TRUE
2019-11-29,260720801G,Campo do Avião,IPOJUCA,-8.3994445,-35.0584555,13.699863829626,13.7404580152672,10.3053435114504,12.9770992366412,12.9770992366412,0,24,0,0,0,24,60,TRUE,TRUE,TRUE,FALSE,,TRUE
2019-11-30,260720801G,Campo do Avião,IPOJUCA,-8.3994445,-35.0584555,13.699863829626,13.7404580152672,10.3053435114504,12.9770992366412,12.9770992366412,0,24,0,0,0,24,60,TRUE,TRUE,TRUE,FALSE,,TRUE
2019-12-01,260720801G,Campo do Avião,IPOJUCA,-8.3994445,-35.0584555,13.699863829626,13.7404580152672,10.3053435114504,12.9770992366412,12.9770992366412,0,24,0,0,0,24,60,TRUE,TRUE,TRUE,FALSE,,TRUE
2019-12-02,260720801G,Campo do Avião,IPOJUCA,-8.3994445,-35.0584555,13.699863829626,13.7404580152672,10.3053435114504,12.9770992366412,12.9770992366412,0,24,0,0,0,24,60,TRUE,TRUE,TRUE,FALSE,,TRUE
2019-12-03,260720801G,Campo do Avião,IPOJUCA,-8.3994445,-35.0584555,13.699863829626,13.7404580152672,10.3053435114504,12.9770992366412,12.9770992366412,0,24,0,0,0,24,60,TRUE,TRUE,TRUE,FALSE,,TRUE
2019-12-04,260720801G,Campo do Avião,IPOJUCA,-8.3994445,-35.0584555,13.699863829626,13.7404580152672,10.3053435114504,12.9770992366412,12.9770992366412,0,24,0,0,0,24,60,TRUE,TRUE,TRUE,FALSE,,TRUE
2019-12-05,260720801G,Campo do Avião,IPOJUCA,-8.3994445,-35.0584555,13.699863829626,13.7404580152672,10.3053435114504,12.9770992366412,12.9770992366412,0,24,0,0,0,24,70,FALSE,TRUE,TRUE,FALSE,,TRUE
2019-12-06,260720801G,Campo do Avião,IPOJUCA,-8.3994445,-35.0584555,13.699863829626,13.7404580152672,10.3053435114504,12.9770992366412,12.9770992366412,0,24,0,0,0,24,60,TRUE,TRUE,TRUE,FALSE,,TRUE
2019-12-07,260720801G,Campo do Avião,IPOJUCA,-8.3994445,-35.0584555,13.699863829626,13.7404580152672,10.3053435114504,12.9770992366412,12.9770992366412,0,24,0,0,0,24,60,TRUE,TRUE,TRUE,FALSE,,TRUE
2019-12-08,260720801G,Campo do Avião,IPOJUCA,-8.3994445,-35.0584555,13.699863829626,13.7404580152672,10.3053435114504,12.9770992366412,12.9770992366412,0,24,0,0,0,24,60,TRUE,TRUE,TRUE,FALSE,,TRUE
2019-12-09,260720801G,Campo do Avião,IPOJUCA,-8.3994445,-35.0584555,13.699863829626,13.7404580152672,10.3053435114504,12.9770992366412,12.9770992366412,0,24,0,0,0,24,70,FALSE,TRUE,TRUE,FALSE,,TRUE
2019-12-10,260720801G,Campo do Avião,IPOJUCA,-8.3994445,-35.0584555,13.699863829626,13.7404580152672,10.3053435114504,12.9770992366412,12.9770992366412,0,23,0,0,0,23,130,FALSE,FALSE,FALSE,FALSE,,TRUE
2019-12-11,260720801G,Campo do Avião,IPOJUCA,-8.3994445,-35.0584555,13.699863829626,13.7404580152672,10.3053435114504,12.9770992366412,12.9770992366412,0,24,0,0,0,24,70,FALSE,TRUE,TRUE,FALSE,,TRUE
2019-12-12,260720801G,Campo do Avião,IPOJUCA,-8.3994445,-35.0584555,13.699863829626,13.7404580152672,10.3053435114504,12.9770992366412,12.9770992366412,0,24,0,0,0,24,60,TRUE,TRUE,TRUE,FALSE,,TRUE
2019-12-13,260720801G,Campo do Avião,IPOJUCA,-8.3994445,-35.0584555,13.699863829626,13.7404580152672,10.3053435114504,12.9770992366412,12.9770992366412,0.2,25,0,1,0.2,25,60,TRUE,TRUE,TRUE,FALSE,,TRUE
2019-12-14,260720801G,Campo do Avião,IPOJUCA,-8.3994445,-35.0584555,13.699863829626,13.7404580152672,10.3053435114504,12.9770992366412,12.9770992366412,0,24,0,0,0,24,60,TRUE,TRUE,TRUE,FALSE,,TRUE
2019-12-15,260720801G,Campo do Avião,IPOJUCA,-8.3994445,-35.0584555,13.699863829626,13.7404580152672,10.3053435114504,12.9770992366412,12.9770992366412,2,25,0,3,1.2,25,70,FALSE,TRUE,TRUE,FALSE,,TRUE
2019-12-16,260720801G,Campo do Avião,IPOJUCA,-8.3994445,-35.0584555,13.699863829626,13.7404580152672,10.3053435114504,12.9770992366412,12.9770992366412,41.2,56,0,40,4.2,56,70,FALSE,TRUE,TRUE,FALSE,,TRUE
2019-12-17,260720801G,Campo do Avião,IPOJUCA,-8.3994445,-35.0584555,13.699863829626,13.7404580152672,10.3053435114504,12.9770992366412,12.9770992366412,2.4,29,0,7,0.8,29,60,TRUE,TRUE,TRUE,FALSE,,TRUE
2019-12-18,260720801G,Campo do Avião,IPOJUCA,-8.3994445,-35.0584555,13.699863829626,13.7404580152672,10.3053435114504,12.9770992366412,12.9770992366412,0,24,0,0,0,24,60,TRUE,TRUE,TRUE,FALSE,,TRUE
2019-12-19,260720801G,Campo do Avião,IPOJUCA,-8.3994445,-35.0584555,13.699863829626,13.7404580152672,10.3053435114504,12.9770992366412,12.9770992366412,3.2,28,0,4,1.2,28,60,TRUE,TRUE,TRUE,FALSE,,TRUE
2019-12-20,260720801G,Campo do Avião,IPOJUCA,-8.3994445,-35.0584555,13.699863829626,13.7404580152672,10.3053435114504,12.9770992366412,12.9770992366412,5.8,28,0,5,2.6,28,70,FALSE,TRUE,TRUE,FALSE,,TRUE
2019-12-21,260720801G,Campo do Avião,IPOJUCA,-8.3994445,-35.0584555,13.699863829626,13.7404580152672,10.3053435114504,12.9770992366412,12.9770992366412,0.8,25,0,1,0.8,25,60,TRUE,TRUE,TRUE,FALSE,,TRUE
2019-12-22,260720801G,Campo do Avião,IPOJUCA,-8.3994445,-35.0584555,13.699863829626,13.7404580152672,10.3053435114504,12.9770992366412,12.9770992366412,1.8,26,0,2,1.2,26,60,TRUE,TRUE,TRUE,FALSE,,TRUE
2019-12-23,260720801G,Campo do Avião,IPOJUCA,-8.3994445,-35.0584555,13.699863829626,13.7404580152672,10.3053435114504,12.9770992366412,12.9770992366412,0,24,0,0,0,24,60,TRUE,TRUE,TRUE,FALSE,,TRUE
2019-12-24,260720801G,Campo do Avião,IPOJUCA,-8.3994445,-35.0584555,13.699863829626,13.7404580152672,10.3053435114504,12.9770992366412,12.9770992366412,0,24,0,0,0,24,60,TRUE,TRUE,TRUE,FALSE,,TRUE
2019-12-25,260720801G,Campo do Avião,IPOJUCA,-8.3994445,-35.0584555,13.699863829626,13.7404580152672,10.3053435114504,12.9770992366412,12.9770992366412,0.8,25,0,2,0.6,25,60,TRUE,TRUE,TRUE,FALSE,,TRUE
2019-12-26,260720801G,Campo do Avião,IPOJUCA,-8.3994445,-35.0584555,13.699863829626,13.7404580152672,10.3053435114504,12.9770992366412,12.9770992366412,0.8,26,1,2,0.6,25,70,FALSE,TRUE,TRUE,TRUE,64.7619047619048,TRUE
2019-12-27,260720801G,Campo do Avião,IPOJUCA,-8.3994445,-35.0584555,13.699863829626,13.7404580152672,10.3053435114504,12.9770992366412,12.9770992366412,2.6,24,0,2,2.2,25,100,FALSE,FALSE,FALSE,TRUE,45.9166666666667,TRUE
2019-12-28,260720801G,Campo do Avião,IPOJUCA,-8.3994445,-35.0584555,13.699863829626,13.7404580152672,10.3053435114504,12.9770992366412,12.9770992366412,0,24,0,0,0,24,60,TRUE,TRUE,TRUE,TRUE,44.125,TRUE
2019-12-29,260720801G,Campo do Avião,IPOJUCA,-8.3994445,-35.0584555,13.699863829626,13.7404580152672,10.3053435114504,12.9770992366412,12.9770992366412,0,24,0,0,0,24,60,TRUE,TRUE,TRUE,TRUE,43.7083333333333,TRUE
2019-12-30,260720801G,Campo do Avião,IPOJUCA,-8.3994445,-35.0584555,13.699863829626,13.7404580152672,10.3053435114504,12.9770992366412,12.9770992366412,0,24,0,0,0,24,60,TRUE,TRUE,TRUE,TRUE,43.4166666666667,TRUE
2019-12-31,260720801G,Campo do Avião,IPOJUCA,-8.3994445,-35.0584555,13.699863829626,13.7404580152672,10.3053435114504,12.9770992366412,12.9770992366412,0,24,0,0,0,24,60,TRUE,TRUE,TRUE,TRUE,53.4583333333333,TRUE
2019-01-01,260720801A,Centro,IPOJUCA,-8.4,-35.064,14.2386959438181,75.5725190839695,59.1603053435115,64.8854961832061,66.793893129771,3.53,28,0,6,1.57,28,60,TRUE,TRUE,TRUE,TRUE,89.2380952380952,TRUE
2019-01-02,260720801A,Centro,IPOJUCA,-8.4,-35.064,14.2386959438181,75.5725190839695,59.1603053435115,64.8854961832061,66.793893129771,1.77,25,0,2,1.57,25,60,TRUE,TRUE,TRUE,TRUE,76,TRUE
2019-01-03,260720801A,Centro,IPOJUCA,-8.4,-35.064,14.2386959438181,75.5725190839695,59.1603053435115,64.8854961832061,66.793893129771,0,24,0,0,0,24,60,TRUE,TRUE,TRUE,TRUE,52.1666666666667,TRUE
2019-01-04,260720801A,Centro,IPOJUCA,-8.4,-35.064,14.2386959438181,75.5725190839695,59.1603053435115,64.8854961832061,66.793893129771,0,24,0,0,0,24,60,TRUE,TRUE,TRUE,TRUE,57.5,TRUE
2019-01-05,260720801A,Centro,IPOJUCA,-8.4,-35.064,14.2386959438181,75.5725190839695,59.1603053435115,64.8854961832061,66.793893129771,0,24,0,0,0,24,60,TRUE,TRUE,TRUE,TRUE,50.4583333333333,TRUE
2019-01-06,260720801A,Centro,IPOJUCA,-8.4,-35.064,14.2386959438181,75.5725190839695,59.1603053435115,64.8854961832061,66.793893129771,3.94,31,0,8,0.98,31,60,TRUE,TRUE,TRUE,TRUE,29.9583333333333,TRUE
2019-01-07,260720801A,Centro,IPOJUCA,-8.4,-35.064,14.2386959438181,75.5725190839695,59.1603053435115,64.8854961832061,66.793893129771,37.79,44,0,24,4.73,44,70,FALSE,TRUE,TRUE,TRUE,23.7619047619048,TRUE
2019-01-08,260720801A,Centro,IPOJUCA,-8.4,-35.064,14.2386959438181,75.5725190839695,59.1603053435115,64.8854961832061,66.793893129771,0.79,26,0,3,0.39,26,70,FALSE,TRUE,TRUE,TRUE,42.5416666666667,TRUE
2019-01-09,260720801A,Centro,IPOJUCA,-8.4,-35.064,14.2386959438181,75.5725190839695,59.1603053435115,64.8854961832061,66.793893129771,0,24,0,0,0,24,60,TRUE,TRUE,TRUE,TRUE,41.9166666666667,TRUE
2019-01-10,260720801A,Centro,IPOJUCA,-8.4,-35.064,14.2386959438181,75.5725190839695,59.1603053435115,64.8854961832061,66.793893129771,1.19,27,0,3,0.79,27,60,TRUE,TRUE,TRUE,TRUE,37.6666666666667,TRUE
2019-01-11,260720801A,Centro,IPOJUCA,-8.4,-35.064,14.2386959438181,75.5725190839695,59.1603053435115,64.8854961832061,66.793893129771,0.42,24,0,1,0.42,24,120,FALSE,FALSE,FALSE,TRUE,38.7272727272727,TRUE
2019-01-12,260720801A,Centro,IPOJUCA,-8.4,-35.064,14.2386959438181,75.5725190839695,59.1603053435115,64.8854961832061,66.793893129771,12.01,39,0,19,2.56,39,60,TRUE,TRUE,TRUE,TRUE,14.8333333333333,TRUE
2019-01-13,260720801A,Centro,IPOJUCA,-8.4,-35.064,14.2386959438181,75.5725190839695,59.1603053435115,64.8854961832061,66.793893129771,0,24,0,0,0,24,60,TRUE,TRUE,TRUE,TRUE,29.6666666666667,TRUE
2019-01-14,260720801A,Centro,IPOJUCA,-8.4,-35.064,14.2386959438181,75.5725190839695,59.1603053435115,64.8854961832061,66.793893129771,0.99,28,0,4,0.39,28,60,TRUE,TRUE,TRUE,TRUE,36.3333333333333,TRUE
2019-01-15,260720801A,Centro,IPOJUCA,-8.4,-35.064,14.2386959438181,75.5725190839695,59.1603053435115,64.8854961832061,66.793893129771,0.99,26,0,2,0.79,26,60,TRUE,TRUE,TRUE,TRUE,37.695652173913,TRUE
2019-01-16,260720801A,Centro,IPOJUCA,-8.4,-35.064,14.2386959438181,75.5725190839695,59.1603053435115,64.8854961832061,66.793893129771,0,24,0,0,0,24,60,TRUE,TRUE,TRUE,TRUE,32.9583333333333,TRUE
2019-01-17,260720801A,Centro,IPOJUCA,-8.4,-35.064,14.2386959438181,75.5725190839695,59.1603053435115,64.8854961832061,66.793893129771,2.37,30,0,7,0.79,30,60,TRUE,TRUE,TRUE,TRUE,24.8333333333333,TRUE
2019-01-18,260720801A,Centro,IPOJUCA,-8.4,-35.064,14.2386959438181,75.5725190839695,59.1603053435115,64.8854961832061,66.793893129771,0.2,25,0,1,0.2,25,60,TRUE,TRUE,TRUE,TRUE,32.9166666666667,TRUE
2019-01-19,260720801A,Centro,IPOJUCA,-8.4,-35.064,14.2386959438181,75.5725190839695,59.1603053435115,64.8854961832061,66.793893129771,0.99,26,0,2,0.79,26,60,TRUE,TRUE,TRUE,TRUE,34.7916666666667,TRUE
2019-01-20,260720801A,Centro,IPOJUCA,-8.4,-35.064,14.2386959438181,75.5725190839695,59.1603053435115,64.8854961832061,66.793893129771,2.55,27,0,3,1.77,27,60,TRUE,TRUE,TRUE,TRUE,34.125,TRUE
2019-01-21,260720801A,Centro,IPOJUCA,-8.4,-35.064,14.2386959438181,75.5725190839695,59.1603053435115,64.8854961832061,66.793893129771,0,24,0,0,0,24,60,TRUE,TRUE,TRUE,TRUE,38.8333333333333,TRUE
2019-01-22,260720801A,Centro,IPOJUCA,-8.4,-35.064,14.2386959438181,75.5725190839695,59.1603053435115,64.8854961832061,66.793893129771,0.2,24,0,1,0.2,24,60,TRUE,TRUE,TRUE,TRUE,25.6363636363636,TRUE
2019-01-23,260720801A,Centro,IPOJUCA,-8.4,-35.064,14.2386959438181,75.5725190839695,59.1603053435115,64.8854961832061,66.793893129771,0.2,25,0,1,0.2,25,60,TRUE,TRUE,TRUE,TRUE,33.7916666666667,TRUE
2019-01-24,260720801A,Centro,IPOJUCA,-8.4,-35.064,14.2386959438181,75.5725190839695,59.1603053435115,64.8854961832061,66.793893129771,0,24,0,0,0,24,60,TRUE,TRUE,TRUE,TRUE,38.6666666666667,TRUE
2019-01-25,260720801A,Centro,IPOJUCA,-8.4,-35.064,14.2386959438181,75.5725190839695,59.1603053435115,64.8854961832061,66.793893129771,0,24,0,0,0,24,60,TRUE,TRUE,TRUE,TRUE,38.6666666666667,TRUE
2019-01-26,260720801A,Centro,IPOJUCA,-8.4,-35.064,14.2386959438181,75.5725190839695,59.1603053435115,64.8854961832061,66.793893129771,0,24,0,0,0,24,60,TRUE,TRUE,TRUE,TRUE,44.7083333333333,TRUE
2019-01-27,260720801A,Centro,IPOJUCA,-8.4,-35.064,14.2386959438181,75.5725190839695,59.1603053435115,64.8854961832061,66.793893129771,0.6,26,0,3,0.2,26,60,TRUE,TRUE,TRUE,TRUE,40.5,TRUE
2019-01-28,260720801A,Centro,IPOJUCA,-8.4,-35.064,14.2386959438181,75.5725190839695,59.1603053435115,64.8854961832061,66.793893129771,22.72,39,0,19,5.54,39,60,TRUE,TRUE,TRUE,TRUE,22.25,TRUE
2019-01-29,260720801A,Centro,IPOJUCA,-8.4,-35.064,14.2386959438181,75.5725190839695,59.1603053435115,64.8854961832061,66.793893129771,0,24,0,0,0,24,60,TRUE,TRUE,TRUE,TRUE,26.4782608695652,TRUE
2019-01-30,260720801A,Centro,IPOJUCA,-8.4,-35.064,14.2386959438181,75.5725190839695,59.1603053435115,64.8854961832061,66.793893129771,4.52,27,0,4,2.56,27,60,TRUE,TRUE,TRUE,TRUE,30.9166666666667,TRUE
2019-01-31,260720801A,Centro,IPOJUCA,-8.4,-35.064,14.2386959438181,75.5725190839695,59.1603053435115,64.8854961832061,66.793893129771,0.2,24,0,1,0.2,24,70,FALSE,TRUE,TRUE,TRUE,37,TRUE
2019-02-01,260720801A,Centro,IPOJUCA,-8.4,-35.064,14.2386959438181,75.5725190839695,59.1603053435115,64.8854961832061,66.793893129771,0,24,0,0,0,24,60,TRUE,TRUE,TRUE,TRUE,32.75,TRUE
2019-02-02,260720801A,Centro,IPOJUCA,-8.4,-35.064,14.2386959438181,75.5725190839695,59.1603053435115,64.8854961832061,66.793893129771,1.78,26,0,2,1.58,26,60,TRUE,TRUE,TRUE,TRUE,30.5416666666667,TRUE
2019-02-03,260720801A,Centro,IPOJUCA,-8.4,-35.064,14.2386959438181,75.5725190839695,59.1603053435115,64.8854961832061,66.793893129771,11.25,40,0,18,4.73,40,60,TRUE,TRUE,TRUE,TRUE,15.2083333333333,TRUE
2019-02-04,260720801A,Centro,IPOJUCA,-8.4,-35.064,14.2386959438181,75.5725190839695,59.1603053435115,64.8854961832061,66.793893129771,32.87,43,0,24,6.49,43,80,FALSE,FALSE,TRUE,TRUE,16.8333333333333,TRUE
2019-02-05,260720801A,Centro,IPOJUCA,-8.4,-35.064,14.2386959438181,75.5725190839695,59.1603053435115,64.8854961832061,66.793893129771,14.39,35,1,19,2.36,34,180,FALSE,FALSE,FALSE,TRUE,16,TRUE
2019-02-06,260720801A,Centro,IPOJUCA,-8.4,-35.064,14.2386959438181,75.5725190839695,59.1603053435115,64.8854961832061,66.793893129771,33.53,57,0,40,5.12,58,150,FALSE,FALSE,FALSE,TRUE,15.5238095238095,TRUE
2019-02-07,260720801A,Centro,IPOJUCA,-8.4,-35.064,14.2386959438181,75.5725190839695,59.1603053435115,64.8854961832061,66.793893129771,0,19,0,0,0,19,1210,FALSE,FALSE,FALSE,TRUE,35.25,TRUE
2019-02-08,260720801A,Centro,IPOJUCA,-8.4,-35.064,14.2386959438181,75.5725190839695,59.1603053435115,64.8854961832061,66.793893129771,0,10,0,0,0,10,1210,FALSE,FALSE,FALSE,TRUE,50.75,TRUE
2019-02-09,260720801A,Centro,IPOJUCA,-8.4,-35.064,14.2386959438181,75.5725190839695,59.1603053435115,64.8854961832061,66.793893129771,1.78,27,0,4,0.79,27,60,TRUE,TRUE,TRUE,TRUE,54.125,TRUE
2019-02-10,260720801A,Centro,IPOJUCA,-8.4,-35.064,14.2386959438181,75.5725190839695,59.1603053435115,64.8854961832061,66.793893129771,0,24,0,0,0,24,60,TRUE,TRUE,TRUE,TRUE,46.75,TRUE
2019-02-11,260720801A,Centro,IPOJUCA,-8.4,-35.064,14.2386959438181,75.5725190839695,59.1603053435115,64.8854961832061,66.793893129771,2.96,29,0,5,1.97,29,70,FALSE,TRUE,TRUE,TRUE,45.875,TRUE
2019-02-12,260720801A,Centro,IPOJUCA,-8.4,-35.064,14.2386959438181,75.5725190839695,59.1603053435115,64.8854961832061,66.793893129771,1.19,27,0,3,0.79,27,60,TRUE,TRUE,TRUE,TRUE,35.7272727272727,TRUE
2019-02-13,260720801A,Centro,IPOJUCA,-8.4,-35.064,14.2386959438181,75.5725190839695,59.1603053435115,64.8854961832061,66.793893129771,0.8,27,0,4,0.2,27,80,FALSE,FALSE,TRUE,TRUE,23.625,TRUE
2019-02-14,260720801A,Centro,IPOJUCA,-8.4,-35.064,14.2386959438181,75.5725190839695,59.1603053435115,64.8854961832061,66.793893129771,0.2,24,0,1,0.2,24,70,FALSE,TRUE,TRUE,TRUE,25.4444444444444,TRUE
2019-02-15,260720801A,Centro,IPOJUCA,-8.4,-35.064,14.2386959438181,75.5725190839695,59.1603053435115,64.8854961832061,66.793893129771,41.85,44,0,23,10.42,44,70,FALSE,TRUE,TRUE,TRUE,23.2083333333333,TRUE
2019-02-16,260720801A,Centro,IPOJUCA,-8.4,-35.064,14.2386959438181,75.5725190839695,59.1603053435115,64.8854961832061,66.793893129771,0.4,21,0,2,0.2,21,220,FALSE,FALSE,FALSE,TRUE,24.7083333333333,TRUE
2019-02-17,260720801A,Centro,IPOJUCA,-8.4,-35.064,14.2386959438181,75.5725190839695,59.1603053435115,64.8854961832061,66.793893129771,17.76,35,0,14,4.73,35,60,TRUE,TRUE,TRUE,TRUE,21.047619047619,TRUE
2019-02-18,260720801A,Centro,IPOJUCA,-8.4,-35.064,14.2386959438181,75.5725190839695,59.1603053435115,64.8854961832061,66.793893129771,3.54,28,0,4,1.38,28,60,TRUE,TRUE,TRUE,TRUE,40.0416666666667,TRUE
2019-02-19,260720801A,Centro,IPOJUCA,-8.4,-35.064,14.2386959438181,75.5725190839695,59.1603053435115,64.8854961832061,66.793893129771,0,24,0,0,0,24,60,TRUE,TRUE,TRUE,TRUE,42.5833333333333,TRUE
2019-02-20,260720801A,Centro,IPOJUCA,-8.4,-35.064,14.2386959438181,75.5725190839695,59.1603053435115,64.8854961832061,66.793893129771,0,24,0,0,0,24,60,TRUE,TRUE,TRUE,TRUE,31,TRUE
2019-02-21,260720801A,Centro,IPOJUCA,-8.4,-35.064,14.2386959438181,75.5725190839695,59.1603053435115,64.8854961832061,66.793893129771,0,23,0,0,0,23,120,FALSE,FALSE,FALSE,TRUE,34.5416666666667,TRUE
2019-02-22,260720801A,Centro,IPOJUCA,-8.4,-35.064,14.2386959438181,75.5725190839695,59.1603053435115,64.8854961832061,66.793893129771,8.93,25,0,2,7.95,25,60,TRUE,TRUE,TRUE,TRUE,40.1666666666667,TRUE
2019-02-23,260720801A,Centro,IPOJUCA,-8.4,-35.064,14.2386959438181,75.5725190839695,59.1603053435115,64.8854961832061,66.793893129771,0.2,24,0,1,0.2,24,60,TRUE,TRUE,TRUE,TRUE,45.5416666666667,TRUE
2019-02-24,260720801A,Centro,IPOJUCA,-8.4,-35.064,14.2386959438181,75.5725190839695,59.1603053435115,64.8854961832061,66.793893129771,0,24,0,0,0,24,60,TRUE,TRUE,TRUE,TRUE,26.7083333333333,TRUE
2019-02-25,260720801A,Centro,IPOJUCA,-8.4,-35.064,14.2386959438181,75.5725190839695,59.1603053435115,64.8854961832061,66.793893129771,0,24,0,0,0,24,60,TRUE,TRUE,TRUE,TRUE,43.5416666666667,TRUE
2019-02-26,260720801A,Centro,IPOJUCA,-8.4,-35.064,14.2386959438181,75.5725190839695,59.1603053435115,64.8854961832061,66.793893129771,0,22,0,0,0,22,180,FALSE,FALSE,FALSE,FALSE,,TRUE
2019-02-27,260720801A,Centro,IPOJUCA,-8.4,-35.064,14.2386959438181,75.5725190839695,59.1603053435115,64.8854961832061,66.793893129771,0,24,0,0,0,24,60,TRUE,TRUE,TRUE,FALSE,,TRUE
2019-02-28,260720801A,Centro,IPOJUCA,-8.4,-35.064,14.2386959438181,75.5725190839695,59.1603053435115,64.8854961832061,66.793893129771,0,23,0,0,0,23,120,FALSE,FALSE,FALSE,FALSE,,TRUE
2019-03-01,260720801A,Centro,IPOJUCA,-8.4,-35.064,14.2386959438181,75.5725190839695,59.1603053435115,64.8854961832061,66.793893129771,18.36,42,0,19,4.13,42,70,FALSE,TRUE,TRUE,FALSE,,TRUE
2019-03-02,260720801A,Centro,IPOJUCA,-8.4,-35.064,14.2386959438181,75.5725190839695,59.1603053435115,64.8854961832061,66.793893129771,0,24,0,0,0,24,60,TRUE,TRUE,TRUE,FALSE,,TRUE
2019-03-03,260720801A,Centro,IPOJUCA,-8.4,-35.064,14.2386959438181,75.5725190839695,59.1603053435115,64.8854961832061,66.793893129771,15.16,37,0,13,3.54,37,60,TRUE,TRUE,TRUE,FALSE,,TRUE
2019-03-04,260720801A,Centro,IPOJUCA,-8.4,-35.064,14.2386959438181,75.5725190839695,59.1603053435115,64.8854961832061,66.793893129771,10.05,32,0,10,4.53,32,60,TRUE,TRUE,TRUE,FALSE,,TRUE
2019-03-05,260720801A,Centro,IPOJUCA,-8.4,-35.064,14.2386959438181,75.5725190839695,59.1603053435115,64.8854961832061,66.793893129771,1.97,27,0,3,1.38,27,60,TRUE,TRUE,TRUE,FALSE,,TRUE
2019-03-06,260720801A,Centro,IPOJUCA,-8.4,-35.064,14.2386959438181,75.5725190839695,59.1603053435115,64.8854961832061,66.793893129771,1.19,27,0,3,0.79,27,60,TRUE,TRUE,TRUE,FALSE,,TRUE
2019-03-07,260720801A,Centro,IPOJUCA,-8.4,-35.064,14.2386959438181,75.5725190839695,59.1603053435115,64.8854961832061,66.793893129771,0,24,0,0,0,24,60,TRUE,TRUE,TRUE,FALSE,,TRUE
2019-03-08,260720801A,Centro,IPOJUCA,-8.4,-35.064,14.2386959438181,75.5725190839695,59.1603053435115,64.8854961832061,66.793893129771,11.07,28,0,8,3.94,28,120,FALSE,FALSE,FALSE,FALSE,,TRUE
2019-03-09,260720801A,Centro,IPOJUCA,-8.4,-35.064,14.2386959438181,75.5725190839695,59.1603053435115,64.8854961832061,66.793893129771,0,24,0,0,0,24,60,TRUE,TRUE,TRUE,FALSE,,TRUE
2019-03-10,260720801A,Centro,IPOJUCA,-8.4,-35.064,14.2386959438181,75.5725190839695,59.1603053435115,64.8854961832061,66.793893129771,0,24,0,0,0,24,60,TRUE,TRUE,TRUE,FALSE,,TRUE
2019-03-11,260720801A,Centro,IPOJUCA,-8.4,-35.064,14.2386959438181,75.5725190839695,59.1603053435115,64.8854961832061,66.793893129771,0,24,0,0,0,24,60,TRUE,TRUE,TRUE,FALSE,,TRUE
2019-03-12,260720801A,Centro,IPOJUCA,-8.4,-35.064,14.2386959438181,75.5725190839695,59.1603053435115,64.8854961832061,66.793893129771,2.36,27,0,4,1.18,27,80,FALSE,FALSE,TRUE,FALSE,,TRUE
2019-03-13,260720801A,Centro,IPOJUCA,-8.4,-35.064,14.2386959438181,75.5725190839695,59.1603053435115,64.8854961832061,66.793893129771,2.19,27,0,4,0.98,27,60,TRUE,TRUE,TRUE,FALSE,,TRUE
2019-03-14,260720801A,Centro,IPOJUCA,-8.4,-35.064,14.2386959438181,75.5725190839695,59.1603053435115,64.8854961832061,66.793893129771,12.9,30,0,6,5.51,30,60,TRUE,TRUE,TRUE,FALSE,,TRUE
2019-03-15,260720801A,Centro,IPOJUCA,-8.4,-35.064,14.2386959438181,75.5725190839695,59.1603053435115,64.8854961832061,66.793893129771,0.2,25,0,1,0.2,25,60,TRUE,TRUE,TRUE,FALSE,,TRUE
2019-03-16,260720801A,Centro,IPOJUCA,-8.4,-35.064,14.2386959438181,75.5725190839695,59.1603053435115,64.8854961832061,66.793893129771,0,24,0,0,0,24,60,TRUE,TRUE,TRUE,FALSE,,TRUE
2019-03-17,260720801A,Centro,IPOJUCA,-8.4,-35.064,14.2386959438181,75.5725190839695,59.1603053435115,64.8854961832061,66.793893129771,0,24,0,0,0,24,60,TRUE,TRUE,TRUE,FALSE,,TRUE
2019-03-18,260720801A,Centro,IPOJUCA,-8.4,-35.064,14.2386959438181,75.5725190839695,59.1603053435115,64.8854961832061,66.793893129771,7.68,29,0,7,2.36,29,60,TRUE,TRUE,TRUE,FALSE,,TRUE
2019-03-19,260720801A,Centro,IPOJUCA,-8.4,-35.064,14.2386959438181,75.5725190839695,59.1603053435115,64.8854961832061,66.793893129771,0,24,0,0,0,24,60,TRUE,TRUE,TRUE,FALSE,,TRUE
2019-03-20,260720801A,Centro,IPOJUCA,-8.4,-35.064,14.2386959438181,75.5725190839695,59.1603053435115,64.8854961832061,66.793893129771,0,24,0,0,0,24,60,TRUE,TRUE,TRUE,FALSE,,TRUE
2019-03-21,260720801A,Centro,IPOJUCA,-8.4,-35.064,14.2386959438181,75.5725190839695,59.1603053435115,64.8854961832061,66.793893129771,0,24,0,0,0,24,60,TRUE,TRUE,TRUE,FALSE,,TRUE
2019-03-22,260720801A,Centro,IPOJUCA,-8.4,-35.064,14.2386959438181,75.5725190839695,59.1603053435115,64.8854961832061,66.793893129771,0,24,0,0,0,24,60,TRUE,TRUE,TRUE,FALSE,,TRUE
2019-03-23,260720801A,Centro,IPOJUCA,-8.4,-35.064,14.2386959438181,75.5725190839695,59.1603053435115,64.8854961832061,66.793893129771,0,24,0,0,0,24,60,TRUE,TRUE,TRUE,FALSE,,TRUE
2019-03-24,260720801A,Centro,IPOJUCA,-8.4,-35.064,14.2386959438181,75.5725190839695,59.1603053435115,64.8854961832061,66.793893129771,10.45,29,0,6,4.14,29,60,TRUE,TRUE,TRUE,FALSE,,TRUE
2019-03-25,260720801A,Centro,IPOJUCA,-8.4,-35.064,14.2386959438181,75.5725190839695,59.1603053435115,64.8854961832061,66.793893129771,0,24,0,0,0,24,60,TRUE,TRUE,TRUE,FALSE,,TRUE
2019-03-26,260720801A,Centro,IPOJUCA,-8.4,-35.064,14.2386959438181,75.5725190839695,59.1603053435115,64.8854961832061,66.793893129771,44.89,43,0,25,14.71,43,60,TRUE,TRUE,TRUE,FALSE,,TRUE
2019-03-27,260720801A,Centro,IPOJUCA,-8.4,-35.064,14.2386959438181,75.5725190839695,59.1603053435115,64.8854961832061,66.793893129771,25.78,35,0,15,3.74,35,70,FALSE,TRUE,TRUE,TRUE,21,TRUE
2019-03-28,260720801A,Centro,IPOJUCA,-8.4,-35.064,14.2386959438181,75.5725190839695,59.1603053435115,64.8854961832061,66.793893129771,4.94,27,0,4,3.75,27,60,TRUE,TRUE,TRUE,TRUE,40.6521739130435,TRUE
2019-03-29,260720801A,Centro,IPOJUCA,-8.4,-35.064,14.2386959438181,75.5725190839695,59.1603053435115,64.8854961832061,66.793893129771,0.6,27,0,3,0.2,27,60,TRUE,TRUE,TRUE,TRUE,21.5555555555556,TRUE
2019-03-30,260720801A,Centro,IPOJUCA,-8.4,-35.064,14.2386959438181,75.5725190839695,59.1603053435115,64.8854961832061,66.793893129771,60.32,42,0,21,14.49,42,60,TRUE,TRUE,TRUE,FALSE,,TRUE
2019-03-31,260720801A,Centro,IPOJUCA,-8.4,-35.064,14.2386959438181,75.5725190839695,59.1603053435115,64.8854961832061,66.793893129771,10.69,35,0,13,3.74,35,60,TRUE,TRUE,TRUE,FALSE,,TRUE
2019-04-01,260720801A,Centro,IPOJUCA,-8.4,-35.064,14.2386959438181,75.5725190839695,59.1603053435115,64.8854961832061,66.793893129771,0,24,0,0,0,24,60,TRUE,TRUE,TRUE,FALSE,,TRUE
2019-04-02,260720801A,Centro,IPOJUCA,-8.4,-35.064,14.2386959438181,75.5725190839695,59.1603053435115,64.8854961832061,66.793893129771,0,24,0,0,0,24,60,TRUE,TRUE,TRUE,TRUE,42.375,TRUE
2019-04-03,260720801A,Centro,IPOJUCA,-8.4,-35.064,14.2386959438181,75.5725190839695,59.1603053435115,64.8854961832061,66.793893129771,0,24,0,0,0,24,60,TRUE,TRUE,TRUE,TRUE,53.2222222222222,TRUE
2019-04-04,260720801A,Centro,IPOJUCA,-8.4,-35.064,14.2386959438181,75.5725190839695,59.1603053435115,64.8854961832061,66.793893129771,0,24,0,0,0,24,60,TRUE,TRUE,TRUE,TRUE,51.3684210526316,TRUE
2019-04-05,260720801A,Centro,IPOJUCA,-8.4,-35.064,14.2386959438181,75.5725190839695,59.1603053435115,64.8854961832061,66.793893129771,0,24,0,0,0,24,60,TRUE,TRUE,TRUE,TRUE,55.5416666666667,TRUE
2019-04-06,260720801A,Centro,IPOJUCA,-8.4,-35.064,14.2386959438181,75.5725190839695,59.1603053435115,64.8854961832061,66.793893129771,1.77,26,0,2,1.57,26,60,TRUE,TRUE,TRUE,TRUE,70.7916666666667,TRUE
2019-04-07,260720801A,Centro,IPOJUCA,-8.4,-35.064,14.2386959438181,75.5725190839695,59.1603053435115,64.8854961832061,66.793893129771,9.44,31,0,9,2.95,31,60,TRUE,TRUE,TRUE,TRUE,44.2631578947368,TRUE
2019-04-08,260720801A,Centro,IPOJUCA,-8.4,-35.064,14.2386959438181,75.5725190839695,59.1603053435115,64.8854961832061,66.793893129771,1.59,28,0,5,0.79,28,60,TRUE,TRUE,TRUE,TRUE,37.5833333333333,TRUE
2019-04-09,260720801A,Centro,IPOJUCA,-8.4,-35.064,14.2386959438181,75.5725190839695,59.1603053435115,64.8854961832061,66.793893129771,0.4,26,0,2,0.2,26,60,TRUE,TRUE,TRUE,TRUE,54.5652173913044,TRUE
2019-04-10,260720801A,Centro,IPOJUCA,-8.4,-35.064,14.2386959438181,75.5725190839695,59.1603053435115,64.8854961832061,66.793893129771,0,24,0,0,0,24,60,TRUE,TRUE,TRUE,TRUE,68.7083333333333,TRUE
2019-04-11,260720801A,Centro,IPOJUCA,-8.4,-35.064,14.2386959438181,75.5725190839695,59.1603053435115,64.8854961832061,66.793893129771,0,24,0,0,0,24,60,TRUE,TRUE,TRUE,TRUE,49.8333333333333,TRUE
2019-04-12,260720801A,Centro,IPOJUCA,-8.4,-35.064,14.2386959438181,75.5725190839695,59.1603053435115,64.8854961832061,66.793893129771,35.38,41,0,22,8.73,41,60,TRUE,TRUE,TRUE,TRUE,10.7058823529412,TRUE
2019-04-13,260720801A,Centro,IPOJUCA,-8.4,-35.064,14.2386959438181,75.5725190839695,59.1603053435115,64.8854961832061,66.793893129771,18.31,38,0,17,5.12,38,60,TRUE,TRUE,TRUE,TRUE,25.95,TRUE
2019-04-14,260720801A,Centro,IPOJUCA,-8.4,-35.064,14.2386959438181,75.5725190839695,59.1603053435115,64.8854961832061,66.793893129771,0,24,0,0,0,24,60,TRUE,TRUE,TRUE,TRUE,30.7083333333333,TRUE
2019-04-15,260720801A,Centro,IPOJUCA,-8.4,-35.064,14.2386959438181,75.5725190839695,59.1603053435115,64.8854961832061,66.793893129771,0,24,0,0,0,24,60,TRUE,TRUE,TRUE,TRUE,33.5,TRUE
2019-04-16,260720801A,Centro,IPOJUCA,-8.4,-35.064,14.2386959438181,75.5725190839695,59.1603053435115,64.8854961832061,66.793893129771,0,24,0,0,0,24,60,TRUE,TRUE,TRUE,TRUE,46.3888888888889,TRUE
2019-04-17,260720801A,Centro,IPOJUCA,-8.4,-35.064,14.2386959438181,75.5725190839695,59.1603053435115,64.8854961832061,66.793893129771,7.49,33,0,11,1.77,33,70,FALSE,TRUE,TRUE,TRUE,29.8333333333333,TRUE
2019-04-18,260720801A,Centro,IPOJUCA,-8.4,-35.064,14.2386959438181,75.5725190839695,59.1603053435115,64.8854961832061,66.793893129771,0,24,0,0,0,24,60,TRUE,TRUE,TRUE,TRUE,28.0952380952381,TRUE
2019-04-19,260720801A,Centro,IPOJUCA,-8.4,-35.064,14.2386959438181,75.5725190839695,59.1603053435115,64.8854961832061,66.793893129771,0.4,26,0,2,0.2,26,60,TRUE,TRUE,TRUE,TRUE,25.7916666666667,TRUE
2019-04-20,260720801A,Centro,IPOJUCA,-8.4,-35.064,14.2386959438181,75.5725190839695,59.1603053435115,64.8854961832061,66.793893129771,18.96,42,0,20,3.35,42,60,TRUE,TRUE,TRUE,FALSE,,TRUE
2019-04-21,260720801A,Centro,IPOJUCA,-8.4,-35.064,14.2386959438181,75.5725190839695,59.1603053435115,64.8854961832061,66.793893129771,0,24,0,0,0,24,60,TRUE,TRUE,TRUE,TRUE,35.6,TRUE
2019-04-22,260720801A,Centro,IPOJUCA,-8.4,-35.064,14.2386959438181,75.5725190839695,59.1603053435115,64.8854961832061,66.793893129771,2.37,30,1,7,0.79,29,60,TRUE,TRUE,TRUE,FALSE,,TRUE
2019-04-23,260720801A,Centro,IPOJUCA,-8.4,-35.064,14.2386959438181,75.5725190839695,59.1603053435115,64.8854961832061,66.793893129771,15.95,38,0,20,3.15,39,80,FALSE,FALSE,TRUE,TRUE,25.625,TRUE
2019-04-24,260720801A,Centro,IPOJUCA,-8.4,-35.064,14.2386959438181,75.5725190839695,59.1603053435115,64.8854961832061,66.793893129771,15.76,41,0,22,2.56,41,60,TRUE,TRUE,TRUE,TRUE,15.9375,TRUE
2019-04-25,260720801A,Centro,IPOJUCA,-8.4,-35.064,14.2386959438181,75.5725190839695,59.1603053435115,64.8854961832061,66.793893129771,12.24,37,0,19,2.36,37,60,TRUE,TRUE,TRUE,FALSE,,TRUE
2019-04-26,260720801A,Centro,IPOJUCA,-8.4,-35.064,14.2386959438181,75.5725190839695,59.1603053435115,64.8854961832061,66.793893129771,0.6,26,0,3,0.2,26,60,TRUE,TRUE,TRUE,TRUE,25.5217391304348,TRUE
2019-04-27,260720801A,Centro,IPOJUCA,-8.4,-35.064,14.2386959438181,75.5725190839695,59.1603053435115,64.8854961832061,66.793893129771,0.2,25,0,1,0.2,25,60,TRUE,TRUE,TRUE,TRUE,36.7727272727273,TRUE
2019-04-28,260720801A,Centro,IPOJUCA,-8.4,-35.064,14.2386959438181,75.5725190839695,59.1603053435115,64.8854961832061,66.793893129771,0,24,0,0,0,24,60,TRUE,TRUE,TRUE,TRUE,39.1666666666667,TRUE
2019-04-29,260720801A,Centro,IPOJUCA,-8.4,-35.064,14.2386959438181,75.5725190839695,59.1603053435115,64.8854961832061,66.793893129771,5.31,29,0,7,1.57,29,70,FALSE,TRUE,TRUE,TRUE,33.5,TRUE
2019-04-30,260720801A,Centro,IPOJUCA,-8.4,-35.064,14.2386959438181,75.5725190839695,59.1603053435115,64.8854961832061,66.793893129771,3.54,27,0,4,1.96,27,70,FALSE,TRUE,TRUE,TRUE,41.4117647058824,TRUE
2019-05-01,260720801A,Centro,IPOJUCA,-8.4,-35.064,14.2386959438181,75.5725190839695,59.1603053435115,64.8854961832061,66.793893129771,1.38,24,0,1,1.38,24,60,TRUE,TRUE,TRUE,TRUE,41.125,TRUE
2019-05-02,260720801A,Centro,IPOJUCA,-8.4,-35.064,14.2386959438181,75.5725190839695,59.1603053435115,64.8854961832061,66.793893129771,0,24,0,0,0,24,60,TRUE,TRUE,TRUE,TRUE,55,TRUE
2019-05-03,260720801A,Centro,IPOJUCA,-8.4,-35.064,14.2386959438181,75.5725190839695,59.1603053435115,64.8854961832061,66.793893129771,0,24,0,0,0,24,100,FALSE,FALSE,FALSE,TRUE,62.2916666666667,TRUE
2019-05-04,260720801A,Centro,IPOJUCA,-8.4,-35.064,14.2386959438181,75.5725190839695,59.1603053435115,64.8854961832061,66.793893129771,0,24,0,0,0,24,60,TRUE,TRUE,TRUE,TRUE,49.2916666666667,TRUE
2019-05-05,260720801A,Centro,IPOJUCA,-8.4,-35.064,14.2386959438181,75.5725190839695,59.1603053435115,64.8854961832061,66.793893129771,0.2,25,0,1,0.2,25,60,TRUE,TRUE,TRUE,TRUE,41.8333333333333,TRUE
2019-05-06,260720801A,Centro,IPOJUCA,-8.4,-35.064,14.2386959438181,75.5725190839695,59.1603053435115,64.8854961832061,66.793893129771,0,24,0,0,0,24,60,TRUE,TRUE,TRUE,TRUE,54.3157894736842,TRUE
2019-05-07,260720801A,Centro,IPOJUCA,-8.4,-35.064,14.2386959438181,75.5725190839695,59.1603053435115,64.8854961832061,66.793893129771,4.33,24,0,3,1.77,24,240,FALSE,FALSE,FALSE,TRUE,52.1304347826087,TRUE
2019-05-08,260720801A,Centro,IPOJUCA,-8.4,-35.064,14.2386959438181,75.5725190839695,59.1603053435115,64.8854961832061,66.793893129771,3.95,34,0,12,0.79,34,60,TRUE,TRUE,TRUE,FALSE,,TRUE
2019-05-09,260720801A,Centro,IPOJUCA,-8.4,-35.064,14.2386959438181,75.5725190839695,59.1603053435115,64.8854961832061,66.793893129771,20.19,41,0,20,4.62,41,70,FALSE,TRUE,TRUE,TRUE,42.1875,TRUE
2019-05-10,260720801A,Centro,IPOJUCA,-8.4,-35.064,14.2386959438181,75.5725190839695,59.1603053435115,64.8854961832061,66.793893129771,3.94,28,0,5,1.97,28,60,TRUE,TRUE,TRUE,FALSE,,TRUE
2019-05-11,260720801A,Centro,IPOJUCA,-8.4,-35.064,14.2386959438181,75.5725190839695,59.1603053435115,64.8854961832061,66.793893129771,1.57,26,0,3,0.59,26,60,TRUE,TRUE,TRUE,TRUE,48.3809523809524,TRUE
2019-05-12,260720801A,Centro,IPOJUCA,-8.4,-35.064,14.2386959438181,75.5725190839695,59.1603053435115,64.8854961832061,66.793893129771,0,24,0,0,0,24,60,TRUE,TRUE,TRUE,TRUE,37.9565217391304,TRUE
2019-05-13,260720801A,Centro,IPOJUCA,-8.4,-35.064,14.2386959438181,75.5725190839695,59.1603053435115,64.8854961832061,66.793893129771,0,24,0,0,0,24,60,TRUE,TRUE,TRUE,TRUE,95.75,TRUE
2019-05-14,260720801A,Centro,IPOJUCA,-8.4,-35.064,14.2386959438181,75.5725190839695,59.1603053435115,64.8854961832061,66.793893129771,0,24,0,0,0,24,70,FALSE,TRUE,TRUE,TRUE,104.0625,TRUE
2019-05-15,260720801A,Centro,IPOJUCA,-8.4,-35.064,14.2386959438181,75.5725190839695,59.1603053435115,64.8854961832061,66.793893129771,0,24,0,0,0,24,60,TRUE,TRUE,TRUE,TRUE,72.5833333333333,TRUE
2019-05-16,260720801A,Centro,IPOJUCA,-8.4,-35.064,14.2386959438181,75.5725190839695,59.1603053435115,64.8854961832061,66.793893129771,0,24,0,0,0,24,60,TRUE,TRUE,TRUE,TRUE,57.8333333333333,TRUE
2019-05-17,260720801A,Centro,IPOJUCA,-8.4,-35.064,14.2386959438181,75.5725190839695,59.1603053435115,64.8854961832061,66.793893129771,3.94,30,0,7,1.57,30,60,TRUE,TRUE,TRUE,TRUE,49.0909090909091,TRUE
2019-05-18,260720801A,Centro,IPOJUCA,-8.4,-35.064,14.2386959438181,75.5725190839695,59.1603053435115,64.8854961832061,66.793893129771,0.99,26,0,2,0.79,26,60,TRUE,TRUE,TRUE,TRUE,43.0909090909091,TRUE
2019-05-19,260720801A,Centro,IPOJUCA,-8.4,-35.064,14.2386959438181,75.5725190839695,59.1603053435115,64.8854961832061,66.793893129771,9.66,36,0,14,3.35,36,60,TRUE,TRUE,TRUE,TRUE,22.3529411764706,TRUE
2019-05-20,260720801A,Centro,IPOJUCA,-8.4,-35.064,14.2386959438181,75.5725190839695,59.1603053435115,64.8854961832061,66.793893129771,14.77,41,0,19,3.35,41,60,TRUE,TRUE,TRUE,TRUE,24.9047619047619,TRUE
2019-05-21,260720801A,Centro,IPOJUCA,-8.4,-35.064,14.2386959438181,75.5725190839695,59.1603053435115,64.8854961832061,66.793893129771,32.39,42,0,23,9.55,42,60,TRUE,TRUE,TRUE,FALSE,,TRUE
2019-05-22,260720801A,Centro,IPOJUCA,-8.4,-35.064,14.2386959438181,75.5725190839695,59.1603053435115,64.8854961832061,66.793893129771,2.95,26,0,3,1.96,26,120,FALSE,FALSE,FALSE,TRUE,63.5,TRUE
2019-05-23,260720801A,Centro,IPOJUCA,-8.4,-35.064,14.2386959438181,75.5725190839695,59.1603053435115,64.8854961832061,66.793893129771,0.2,25,0,1,0.2,25,70,FALSE,TRUE,TRUE,TRUE,42.4166666666667,TRUE
2019-05-24,260720801A,Centro,IPOJUCA,-8.4,-35.064,14.2386959438181,75.5725190839695,59.1603053435115,64.8854961832061,66.793893129771,0.2,25,0,1,0.2,25,60,TRUE,TRUE,TRUE,TRUE,47.6666666666667,TRUE
2019-05-25,260720801A,Centro,IPOJUCA,-8.4,-35.064,14.2386959438181,75.5725190839695,59.1603053435115,64.8854961832061,66.793893129771,0,24,0,0,0,24,60,TRUE,TRUE,TRUE,TRUE,50.6666666666667,TRUE
2019-05-26,260720801A,Centro,IPOJUCA,-8.4,-35.064,14.2386959438181,75.5725190839695,59.1603053435115,64.8854961832061,66.793893129771,7.5,26,0,3,4.13,26,60,TRUE,TRUE,TRUE,TRUE,30,TRUE
2019-05-27,260720801A,Centro,IPOJUCA,-8.4,-35.064,14.2386959438181,75.5725190839695,59.1603053435115,64.8854961832061,66.793893129771,14,37,0,16,2.16,37,60,TRUE,TRUE,TRUE,TRUE,32.0588235294118,TRUE
2019-05-28,260720801A,Centro,IPOJUCA,-8.4,-35.064,14.2386959438181,75.5725190839695,59.1603053435115,64.8854961832061,66.793893129771,3.76,30,0,7,1.97,30,60,TRUE,TRUE,TRUE,TRUE,51.2857142857143,TRUE
2019-05-29,260720801A,Centro,IPOJUCA,-8.4,-35.064,14.2386959438181,75.5725190839695,59.1603053435115,64.8854961832061,66.793893129771,57.61,43,0,22,9.34,43,60,TRUE,TRUE,TRUE,TRUE,20.95,TRUE
2019-05-30,260720801A,Centro,IPOJUCA,-8.4,-35.064,14.2386959438181,75.5725190839695,59.1603053435115,64.8854961832061,66.793893129771,4.73,26,0,4,3.15,26,60,TRUE,TRUE,TRUE,TRUE,31.8333333333333,TRUE
2019-05-31,260720801A,Centro,IPOJUCA,-8.4,-35.064,14.2386959438181,75.5725190839695,59.1603053435115,64.8854961832061,66.793893129771,2.57,27,0,4,1.97,27,90,FALSE,FALSE,TRUE,TRUE,38.5416666666667,TRUE
2019-06-01,260720801A,Centro,IPOJUCA,-8.4,-35.064,14.2386959438181,75.5725190839695,59.1603053435115,64.8854961832061,66.793893129771,0,24,0,0,0,24,60,TRUE,TRUE,TRUE,TRUE,42.2222222222222,TRUE
2019-06-02,260720801A,Centro,IPOJUCA,-8.4,-35.064,14.2386959438181,75.5725190839695,59.1603053435115,64.8854961832061,66.793893129771,0,24,0,0,0,24,60,TRUE,TRUE,TRUE,TRUE,40.0833333333333,TRUE
2019-06-03,260720801A,Centro,IPOJUCA,-8.4,-35.064,14.2386959438181,75.5725190839695,59.1603053435115,64.8854961832061,66.793893129771,0.98,26,0,2,0.59,26,60,TRUE,TRUE,TRUE,TRUE,34.9047619047619,TRUE
2019-06-04,260720801A,Centro,IPOJUCA,-8.4,-35.064,14.2386959438181,75.5725190839695,59.1603053435115,64.8854961832061,66.793893129771,3.94,30,0,6,1.96,30,60,TRUE,TRUE,TRUE,TRUE,40.1578947368421,TRUE
2019-06-05,260720801A,Centro,IPOJUCA,-8.4,-35.064,14.2386959438181,75.5725190839695,59.1603053435115,64.8854961832061,66.793893129771,0,24,0,0,0,24,60,TRUE,TRUE,TRUE,TRUE,29.35,TRUE
2019-06-06,260720801A,Centro,IPOJUCA,-8.4,-35.064,14.2386959438181,75.5725190839695,59.1603053435115,64.8854961832061,66.793893129771,0,23,0,0,0,23,120,FALSE,FALSE,FALSE,TRUE,37.1111111111111,TRUE
2019-06-07,260720801A,Centro,IPOJUCA,-8.4,-35.064,14.2386959438181,75.5725190839695,59.1603053435115,64.8854961832061,66.793893129771,0,24,0,0,0,24,60,TRUE,TRUE,TRUE,TRUE,49.5263157894737,TRUE
2019-06-08,260720801A,Centro,IPOJUCA,-8.4,-35.064,14.2386959438181,75.5725190839695,59.1603053435115,64.8854961832061,66.793893129771,1.19,27,0,3,0.79,27,60,TRUE,TRUE,TRUE,TRUE,42.8571428571429,TRUE
2019-06-09,260720801A,Centro,IPOJUCA,-8.4,-35.064,14.2386959438181,75.5725190839695,59.1603053435115,64.8854961832061,66.793893129771,3.94,31,0,7,1.57,31,60,TRUE,TRUE,TRUE,TRUE,37.1176470588235,TRUE
2019-06-10,260720801A,Centro,IPOJUCA,-8.4,-35.064,14.2386959438181,75.5725190839695,59.1603053435115,64.8854961832061,66.793893129771,0,24,0,0,0,24,60,TRUE,TRUE,TRUE,TRUE,37.8333333333333,TRUE
2019-06-11,260720801A,Centro,IPOJUCA,-8.4,-35.064,14.2386959438181,75.5725190839695,59.1603053435115,64.8854961832061,66.793893129771,2.96,29,0,7,0.98,29,60,TRUE,TRUE,TRUE,TRUE,41.1666666666667,TRUE
2019-06-12,260720801A,Centro,IPOJUCA,-8.4,-35.064,14.2386959438181,75.5725190839695,59.1603053435115,64.8854961832061,66.793893129771,32.32,42,0,20,5.12,42,60,TRUE,TRUE,TRUE,TRUE,32.625,TRUE
2019-06-13,260720801A,Centro,IPOJUCA,-8.4,-35.064,14.2386959438181,75.5725190839695,59.1603053435115,64.8854961832061,66.793893129771,81.81,72,0,57,6.5,72,60,TRUE,TRUE,TRUE,TRUE,26.25,TRUE
2019-06-14,260720801A,Centro,IPOJUCA,-8.4,-35.064,14.2386959438181,75.5725190839695,59.1603053435115,64.8854961832061,66.793893129771,0.2,25,0,1,0.2,25,60,TRUE,TRUE,TRUE,TRUE,51.7083333333333,TRUE
2019-06-15,260720801A,Centro,IPOJUCA,-8.4,-35.064,14.2386959438181,75.5725190839695,59.1603053435115,64.8854961832061,66.793893129771,2.77,31,0,8,0.79,31,60,TRUE,TRUE,TRUE,TRUE,41.2083333333333,TRUE
2019-06-16,260720801A,Centro,IPOJUCA,-8.4,-35.064,14.2386959438181,75.5725190839695,59.1603053435115,64.8854961832061,66.793893129771,39.36,83,0,70,2.76,83,60,TRUE,TRUE,TRUE,TRUE,20.7647058823529,TRUE
2019-06-17,260720801A,Centro,IPOJUCA,-8.4,-35.064,14.2386959438181,75.5725190839695,59.1603053435115,64.8854961832061,66.793893129771,124.18,104,1,93,5.9,103,60,TRUE,TRUE,TRUE,FALSE,,TRUE
2019-06-18,260720801A,Centro,IPOJUCA,-8.4,-35.064,14.2386959438181,75.5725190839695,59.1603053435115,64.8854961832061,66.793893129771,12.59,36,0,16,3.15,37,60,TRUE,TRUE,TRUE,TRUE,24.6363636363636,TRUE
2019-06-19,260720801A,Centro,IPOJUCA,-8.4,-35.064,14.2386959438181,75.5725190839695,59.1603053435115,64.8854961832061,66.793893129771,10.07,30,0,7,3.15,30,60,TRUE,TRUE,TRUE,TRUE,19.4166666666667,TRUE
2019-06-20,260720801A,Centro,IPOJUCA,-8.4,-35.064,14.2386959438181,75.5725190839695,59.1603053435115,64.8854961832061,66.793893129771,0.2,25,0,1,0.2,25,60,TRUE,TRUE,TRUE,TRUE,33.7826086956522,TRUE
2019-06-21,260720801A,Centro,IPOJUCA,-8.4,-35.064,14.2386959438181,75.5725190839695,59.1603053435115,64.8854961832061,66.793893129771,0,24,0,0,0,24,60,TRUE,TRUE,TRUE,TRUE,45,TRUE
2019-06-22,260720801A,Centro,IPOJUCA,-8.4,-35.064,14.2386959438181,75.5725190839695,59.1603053435115,64.8854961832061,66.793893129771,0,24,0,0,0,24,60,TRUE,TRUE,TRUE,TRUE,53.2083333333333,TRUE
2019-06-23,260720801A,Centro,IPOJUCA,-8.4,-35.064,14.2386959438181,75.5725190839695,59.1603053435115,64.8854961832061,66.793893129771,3.56,30,0,6,1.59,30,60,TRUE,TRUE,TRUE,TRUE,63,TRUE
2019-06-24,260720801A,Centro,IPOJUCA,-8.4,-35.064,14.2386959438181,75.5725190839695,59.1603053435115,64.8854961832061,66.793893129771,2.4,29,0,6,0.79,29,60,TRUE,TRUE,TRUE,TRUE,58.4166666666667,TRUE
2019-06-25,260720801A,Centro,IPOJUCA,-8.4,-35.064,14.2386959438181,75.5725190839695,59.1603053435115,64.8854961832061,66.793893129771,0.6,26,0,3,0.2,26,60,TRUE,TRUE,TRUE,TRUE,43.75,TRUE
2019-06-26,260720801A,Centro,IPOJUCA,-8.4,-35.064,14.2386959438181,75.5725190839695,59.1603053435115,64.8854961832061,66.793893129771,3.18,29,0,7,1.37,29,60,TRUE,TRUE,TRUE,TRUE,27.1818181818182,TRUE
2019-06-27,260720801A,Centro,IPOJUCA,-8.4,-35.064,14.2386959438181,75.5725190839695,59.1603053435115,64.8854961832061,66.793893129771,24.81,47,0,29,4.92,47,60,TRUE,TRUE,TRUE,TRUE,35.5238095238095,TRUE
2019-06-28,260720801A,Centro,IPOJUCA,-8.4,-35.064,14.2386959438181,75.5725190839695,59.1603053435115,64.8854961832061,66.793893129771,17.76,41,1,23,3.94,40,60,TRUE,TRUE,TRUE,TRUE,37.4782608695652,TRUE
2019-06-29,260720801A,Centro,IPOJUCA,-8.4,-35.064,14.2386959438181,75.5725190839695,59.1603053435115,64.8854961832061,66.793893129771,25.41,41,0,21,4.14,42,60,TRUE,TRUE,TRUE,TRUE,33.9583333333333,TRUE
2019-06-30,260720801A,Centro,IPOJUCA,-8.4,-35.064,14.2386959438181,75.5725190839695,59.1603053435115,64.8854961832061,66.793893129771,11.02,38,1,17,3.15,37,60,TRUE,TRUE,TRUE,TRUE,30.875,TRUE
2019-07-01,260720801A,Centro,IPOJUCA,-8.4,-35.064,14.2386959438181,75.5725190839695,59.1603053435115,64.8854961832061,66.793893129771,5.33,33,0,12,1.77,34,70,FALSE,TRUE,TRUE,TRUE,49.5416666666667,TRUE
2019-07-02,260720801A,Centro,IPOJUCA,-8.4,-35.064,14.2386959438181,75.5725190839695,59.1603053435115,64.8854961832061,66.793893129771,0.4,25,0,2,0.2,25,60,TRUE,TRUE,TRUE,TRUE,53.875,TRUE
2019-07-03,260720801A,Centro,IPOJUCA,-8.4,-35.064,14.2386959438181,75.5725190839695,59.1603053435115,64.8854961832061,66.793893129771,4.38,35,0,13,1.18,35,60,TRUE,TRUE,TRUE,TRUE,18.0454545454545,TRUE
2019-07-04,260720801A,Centro,IPOJUCA,-8.4,-35.064,14.2386959438181,75.5725190839695,59.1603053435115,64.8854961832061,66.793893129771,0.2,25,0,1,0.2,25,60,TRUE,TRUE,TRUE,TRUE,39.2083333333333,TRUE
2019-07-05,260720801A,Centro,IPOJUCA,-8.4,-35.064,14.2386959438181,75.5725190839695,59.1603053435115,64.8854961832061,66.793893129771,2.96,26,0,2,2.76,26,60,TRUE,TRUE,TRUE,TRUE,73.6666666666667,TRUE
2019-07-06,260720801A,Centro,IPOJUCA,-8.4,-35.064,14.2386959438181,75.5725190839695,59.1603053435115,64.8854961832061,66.793893129771,0,24,0,0,0,24,60,TRUE,TRUE,TRUE,TRUE,60.6666666666667,TRUE
2019-07-07,260720801A,Centro,IPOJUCA,-8.4,-35.064,14.2386959438181,75.5725190839695,59.1603053435115,64.8854961832061,66.793893129771,0,24,0,0,0,24,60,TRUE,TRUE,TRUE,TRUE,49.5416666666667,TRUE
2019-07-08,260720801A,Centro,IPOJUCA,-8.4,-35.064,14.2386959438181,75.5725190839695,59.1603053435115,64.8854961832061,66.793893129771,3.35,31,0,7,0.98,31,60,TRUE,TRUE,TRUE,TRUE,33.0952380952381,TRUE
2019-07-09,260720801A,Centro,IPOJUCA,-8.4,-35.064,14.2386959438181,75.5725190839695,59.1603053435115,64.8854961832061,66.793893129771,3.55,29,0,6,2.36,29,60,TRUE,TRUE,TRUE,TRUE,44.3333333333333,TRUE
2019-07-10,260720801A,Centro,IPOJUCA,-8.4,-35.064,14.2386959438181,75.5725190839695,59.1603053435115,64.8854961832061,66.793893129771,4.54,33,0,11,0.98,33,60,TRUE,TRUE,TRUE,TRUE,39.9166666666667,TRUE
2019-07-11,260720801A,Centro,IPOJUCA,-8.4,-35.064,14.2386959438181,75.5725190839695,59.1603053435115,64.8854961832061,66.793893129771,8.67,35,0,16,1.57,35,130,FALSE,FALSE,FALSE,TRUE,35.6666666666667,TRUE
2019-07-12,260720801A,Centro,IPOJUCA,-8.4,-35.064,14.2386959438181,75.5725190839695,59.1603053435115,64.8854961832061,66.793893129771,0,24,0,0,0,24,70,FALSE,TRUE,TRUE,TRUE,65.0833333333333,TRUE
2019-07-13,260720801A,Centro,IPOJUCA,-8.4,-35.064,14.2386959438181,75.5725190839695,59.1603053435115,64.8854961832061,66.793893129771,16.2,46,0,26,2.56,46,60,TRUE,TRUE,TRUE,TRUE,21.6190476190476,TRUE
2019-07-14,260720801A,Centro,IPOJUCA,-8.4,-35.064,14.2386959438181,75.5725190839695,59.1603053435115,64.8854961832061,66.793893129771,27,53,0,33,4.33,53,60,TRUE,TRUE,TRUE,FALSE,,TRUE
2019-07-15,260720801A,Centro,IPOJUCA,-8.4,-35.064,14.2386959438181,75.5725190839695,59.1603053435115,64.8854961832061,66.793893129771,0.2,17,0,1,0.2,17,450,FALSE,FALSE,FALSE,TRUE,40.8260869565217,TRUE
2019-07-16,260720801A,Centro,IPOJUCA,-8.4,-35.064,14.2386959438181,75.5725190839695,59.1603053435115,64.8854961832061,66.793893129771,0.4,1,0,1,0.4,1,4070,FALSE,FALSE,FALSE,TRUE,71.4166666666667,TRUE
2019-07-17,260720801A,Centro,IPOJUCA,-8.4,-35.064,14.2386959438181,75.5725190839695,59.1603053435115,64.8854961832061,66.793893129771,,,,,,0,,FALSE,FALSE,FALSE,TRUE,54.125,FALSE
2019-07-18,260720801A,Centro,IPOJUCA,-8.4,-35.064,14.2386959438181,75.5725190839695,59.1603053435115,64.8854961832061,66.793893129771,,,,,,0,,FALSE,FALSE,FALSE,TRUE,40.1666666666667,FALSE
2019-07-19,260720801A,Centro,IPOJUCA,-8.4,-35.064,14.2386959438181,75.5725190839695,59.1603053435115,64.8854961832061,66.793893129771,13.28,14,0,14,2.95,14,9730,FALSE,FALSE,FALSE,TRUE,34.7916666666667,TRUE
2019-07-20,260720801A,Centro,IPOJUCA,-8.4,-35.064,14.2386959438181,75.5725190839695,59.1603053435115,64.8854961832061,66.793893129771,,,,,,0,,FALSE,FALSE,FALSE,TRUE,15,FALSE
2019-07-21,260720801A,Centro,IPOJUCA,-8.4,-35.064,14.2386959438181,75.5725190839695,59.1603053435115,64.8854961832061,66.793893129771,,,,,,0,,FALSE,FALSE,FALSE,TRUE,26.75,FALSE
2019-07-22,260720801A,Centro,IPOJUCA,-8.4,-35.064,14.2386959438181,75.5725190839695,59.1603053435115,64.8854961832061,66.793893129771,,,,,,0,,FALSE,FALSE,FALSE,TRUE,20.2380952380952,FALSE
2019-07-23,260720801A,Centro,IPOJUCA,-8.4,-35.064,14.2386959438181,75.5725190839695,59.1603053435115,64.8854961832061,66.793893129771,,,,,,0,,FALSE,FALSE,FALSE,TRUE,14.9166666666667,FALSE
2019-07-24,260720801A,Centro,IPOJUCA,-8.4,-35.064,14.2386959438181,75.5725190839695,59.1603053435115,64.8854961832061,66.793893129771,,,,,,0,,FALSE,FALSE,FALSE,TRUE,12.3,FALSE
2019-07-25,260720801A,Centro,IPOJUCA,-8.4,-35.064,14.2386959438181,75.5725190839695,59.1603053435115,64.8854961832061,66.793893129771,,,,,,0,,FALSE,FALSE,FALSE,TRUE,18.1818181818182,FALSE
2019-07-26,260720801A,Centro,IPOJUCA,-8.4,-35.064,14.2386959438181,75.5725190839695,59.1603053435115,64.8854961832061,66.793893129771,0,14,0,0,0,14,9730,FALSE,FALSE,FALSE,TRUE,14.7727272727273,TRUE
2019-07-27,260720801A,Centro,IPOJUCA,-8.4,-35.064,14.2386959438181,75.5725190839695,59.1603053435115,64.8854961832061,66.793893129771,0,12,0,0,0,12,2730,FALSE,FALSE,FALSE,TRUE,9.1,TRUE
2019-07-28,260720801A,Centro,IPOJUCA,-8.4,-35.064,14.2386959438181,75.5725190839695,59.1603053435115,64.8854961832061,66.793893129771,,,,,,0,,FALSE,FALSE,FALSE,TRUE,15.6521739130435,FALSE
2019-07-29,260720801A,Centro,IPOJUCA,-8.4,-35.064,14.2386959438181,75.5725190839695,59.1603053435115,64.8854961832061,66.793893129771,0,16,0,0,0,16,2730,FALSE,FALSE,FALSE,FALSE,,TRUE
2019-07-30,260720801A,Centro,IPOJUCA,-8.4,-35.064,14.2386959438181,75.5725190839695,59.1603053435115,64.8854961832061,66.793893129771,0,24,0,0,0,24,60,TRUE,TRUE,TRUE,TRUE,11.6315789473684,TRUE
2019-07-31,260720801A,Centro,IPOJUCA,-8.4,-35.064,14.2386959438181,75.5725190839695,59.1603053435115,64.8854961832061,66.793893129771,0,24,0,0,0,24,60,TRUE,TRUE,TRUE,FALSE,,TRUE
2019-08-01,260720801A,Centro,IPOJUCA,-8.4,-35.064,14.2386959438181,75.5725190839695,59.1603053435115,64.8854961832061,66.793893129771,0,24,0,0,0,24,60,TRUE,TRUE,TRUE,TRUE,10.0526315789474,TRUE
2019-08-02,260720801A,Centro,IPOJUCA,-8.4,-35.064,14.2386959438181,75.5725190839695,59.1603053435115,64.8854961832061,66.793893129771,0,24,0,0,0,24,60,TRUE,TRUE,TRUE,TRUE,33.3333333333333,TRUE
2019-08-03,260720801A,Centro,IPOJUCA,-8.4,-35.064,14.2386959438181,75.5725190839695,59.1603053435115,64.8854961832061,66.793893129771,0,24,0,0,0,24,60,TRUE,TRUE,TRUE,TRUE,53.8333333333333,TRUE
2019-08-04,260720801A,Centro,IPOJUCA,-8.4,-35.064,14.2386959438181,75.5725190839695,59.1603053435115,64.8854961832061,66.793893129771,0,24,0,0,0,24,60,TRUE,TRUE,TRUE,TRUE,69.125,TRUE
2019-08-05,260720801A,Centro,IPOJUCA,-8.4,-35.064,14.2386959438181,75.5725190839695,59.1603053435115,64.8854961832061,66.793893129771,0,24,0,0,0,24,80,FALSE,FALSE,TRUE,TRUE,65.2916666666667,TRUE
2019-08-06,260720801A,Centro,IPOJUCA,-8.4,-35.064,14.2386959438181,75.5725190839695,59.1603053435115,64.8854961832061,66.793893129771,0,24,0,0,0,24,60,TRUE,TRUE,TRUE,TRUE,44.8947368421053,TRUE
2019-08-07,260720801A,Centro,IPOJUCA,-8.4,-35.064,14.2386959438181,75.5725190839695,59.1603053435115,64.8854961832061,66.793893129771,0,24,0,0,0,24,60,TRUE,TRUE,TRUE,TRUE,48.1666666666667,TRUE
2019-08-08,260720801A,Centro,IPOJUCA,-8.4,-35.064,14.2386959438181,75.5725190839695,59.1603053435115,64.8854961832061,66.793893129771,0,24,0,0,0,24,60,TRUE,TRUE,TRUE,TRUE,37.3333333333333,TRUE
2019-08-09,260720801A,Centro,IPOJUCA,-8.4,-35.064,14.2386959438181,75.5725190839695,59.1603053435115,64.8854961832061,66.793893129771,0,24,0,0,0,24,60,TRUE,TRUE,TRUE,TRUE,75.4583333333333,TRUE
2019-08-10,260720801A,Centro,IPOJUCA,-8.4,-35.064,14.2386959438181,75.5725190839695,59.1603053435115,64.8854961832061,66.793893129771,0,24,0,0,0,24,60,TRUE,TRUE,TRUE,TRUE,75.9166666666667,TRUE
2019-08-11,260720801A,Centro,IPOJUCA,-8.4,-35.064,14.2386959438181,75.5725190839695,59.1603053435115,64.8854961832061,66.793893129771,0,24,0,0,0,24,60,TRUE,TRUE,TRUE,TRUE,75.8333333333333,TRUE
2019-08-12,260720801A,Centro,IPOJUCA,-8.4,-35.064,14.2386959438181,75.5725190839695,59.1603053435115,64.8854961832061,66.793893129771,0,24,0,0,0,24,60,TRUE,TRUE,TRUE,TRUE,42,TRUE
2019-08-13,260720801A,Centro,IPOJUCA,-8.4,-35.064,14.2386959438181,75.5725190839695,59.1603053435115,64.8854961832061,66.793893129771,0,24,0,0,0,24,60,TRUE,TRUE,TRUE,TRUE,41.8695652173913,TRUE
2019-08-14,260720801A,Centro,IPOJUCA,-8.4,-35.064,14.2386959438181,75.5725190839695,59.1603053435115,64.8854961832061,66.793893129771,0,24,0,0,0,24,60,TRUE,TRUE,TRUE,TRUE,16.9583333333333,TRUE
2019-08-15,260720801A,Centro,IPOJUCA,-8.4,-35.064,14.2386959438181,75.5725190839695,59.1603053435115,64.8854961832061,66.793893129771,0,24,0,0,0,24,60,TRUE,TRUE,TRUE,TRUE,25.0833333333333,TRUE
2019-08-16,260720801A,Centro,IPOJUCA,-8.4,-35.064,14.2386959438181,75.5725190839695,59.1603053435115,64.8854961832061,66.793893129771,0,24,0,0,0,24,60,TRUE,TRUE,TRUE,TRUE,31.7916666666667,TRUE
2019-08-17,260720801A,Centro,IPOJUCA,-8.4,-35.064,14.2386959438181,75.5725190839695,59.1603053435115,64.8854961832061,66.793893129771,0,24,0,0,0,24,60,TRUE,TRUE,TRUE,TRUE,55.125,TRUE
2019-08-18,260720801A,Centro,IPOJUCA,-8.4,-35.064,14.2386959438181,75.5725190839695,59.1603053435115,64.8854961832061,66.793893129771,0,24,0,0,0,24,60,TRUE,TRUE,TRUE,TRUE,57.7916666666667,TRUE
2019-08-19,260720801A,Centro,IPOJUCA,-8.4,-35.064,14.2386959438181,75.5725190839695,59.1603053435115,64.8854961832061,66.793893129771,0,24,0,0,0,24,60,TRUE,TRUE,TRUE,TRUE,71.9166666666667,TRUE
2019-08-20,260720801A,Centro,IPOJUCA,-8.4,-35.064,14.2386959438181,75.5725190839695,59.1603053435115,64.8854961832061,66.793893129771,0,24,0,0,0,24,60,TRUE,TRUE,TRUE,TRUE,71.25,TRUE
2019-08-21,260720801A,Centro,IPOJUCA,-8.4,-35.064,14.2386959438181,75.5725190839695,59.1603053435115,64.8854961832061,66.793893129771,0,22,0,0,0,22,230,FALSE,FALSE,FALSE,TRUE,52.7727272727273,TRUE
2019-08-22,260720801A,Centro,IPOJUCA,-8.4,-35.064,14.2386959438181,75.5725190839695,59.1603053435115,64.8854961832061,66.793893129771,0,24,0,0,0,24,60,TRUE,TRUE,TRUE,TRUE,14.5,TRUE
2019-08-23,260720801A,Centro,IPOJUCA,-8.4,-35.064,14.2386959438181,75.5725190839695,59.1603053435115,64.8854961832061,66.793893129771,0,24,0,0,0,24,60,TRUE,TRUE,TRUE,TRUE,34.6363636363636,TRUE
2019-08-24,260720801A,Centro,IPOJUCA,-8.4,-35.064,14.2386959438181,75.5725190839695,59.1603053435115,64.8854961832061,66.793893129771,0,24,0,0,0,24,60,TRUE,TRUE,TRUE,TRUE,35.2608695652174,TRUE
2019-08-25,260720801A,Centro,IPOJUCA,-8.4,-35.064,14.2386959438181,75.5725190839695,59.1603053435115,64.8854961832061,66.793893129771,0,24,0,0,0,24,60,TRUE,TRUE,TRUE,TRUE,40.3333333333333,TRUE
2019-08-26,260720801A,Centro,IPOJUCA,-8.4,-35.064,14.2386959438181,75.5725190839695,59.1603053435115,64.8854961832061,66.793893129771,0,24,0,0,0,24,60,TRUE,TRUE,TRUE,TRUE,41.125,TRUE
2019-08-27,260720801A,Centro,IPOJUCA,-8.4,-35.064,14.2386959438181,75.5725190839695,59.1603053435115,64.8854961832061,66.793893129771,0,24,0,0,0,24,60,TRUE,TRUE,TRUE,TRUE,58.4166666666667,TRUE
2019-08-28,260720801A,Centro,IPOJUCA,-8.4,-35.064,14.2386959438181,75.5725190839695,59.1603053435115,64.8854961832061,66.793893129771,0,10,0,0,0,10,3240,FALSE,FALSE,FALSE,TRUE,45,TRUE
2019-08-29,260720801A,Centro,IPOJUCA,-8.4,-35.064,14.2386959438181,75.5725190839695,59.1603053435115,64.8854961832061,66.793893129771,,,,,,0,,FALSE,FALSE,FALSE,TRUE,52.1666666666667,FALSE
2019-08-30,260720801A,Centro,IPOJUCA,-8.4,-35.064,14.2386959438181,75.5725190839695,59.1603053435115,64.8854961832061,66.793893129771,0,9,0,0,0,9,3240,FALSE,FALSE,FALSE,TRUE,55.4583333333333,TRUE
2019-08-31,260720801A,Centro,IPOJUCA,-8.4,-35.064,14.2386959438181,75.5725190839695,59.1603053435115,64.8854961832061,66.793893129771,0,24,0,0,0,24,60,TRUE,TRUE,TRUE,TRUE,69.4583333333333,TRUE
2019-09-01,260720801A,Centro,IPOJUCA,-8.4,-35.064,14.2386959438181,75.5725190839695,59.1603053435115,64.8854961832061,66.793893129771,0,24,0,0,0,24,60,TRUE,TRUE,TRUE,TRUE,36.375,TRUE
2019-09-02,260720801A,Centro,IPOJUCA,-8.4,-35.064,14.2386959438181,75.5725190839695,59.1603053435115,64.8854961832061,66.793893129771,0,24,0,0,0,24,60,TRUE,TRUE,TRUE,TRUE,39.9583333333333,TRUE
2019-09-03,260720801A,Centro,IPOJUCA,-8.4,-35.064,14.2386959438181,75.5725190839695,59.1603053435115,64.8854961832061,66.793893129771,0,24,0,0,0,24,60,TRUE,TRUE,TRUE,TRUE,49.6666666666667,TRUE
2019-09-04,260720801A,Centro,IPOJUCA,-8.4,-35.064,14.2386959438181,75.5725190839695,59.1603053435115,64.8854961832061,66.793893129771,0,24,0,0,0,24,60,TRUE,TRUE,TRUE,TRUE,37.875,TRUE
2019-09-05,260720801A,Centro,IPOJUCA,-8.4,-35.064,14.2386959438181,75.5725190839695,59.1603053435115,64.8854961832061,66.793893129771,0,14,0,0,0,14,5910,FALSE,FALSE,FALSE,TRUE,26.9583333333333,TRUE
2019-09-06,260720801A,Centro,IPOJUCA,-8.4,-35.064,14.2386959438181,75.5725190839695,59.1603053435115,64.8854961832061,66.793893129771,,,,,,0,,FALSE,FALSE,FALSE,TRUE,30.6363636363636,FALSE
2019-09-07,260720801A,Centro,IPOJUCA,-8.4,-35.064,14.2386959438181,75.5725190839695,59.1603053435115,64.8854961832061,66.793893129771,,,,,,0,,FALSE,FALSE,FALSE,TRUE,28,FALSE
2019-09-08,260720801A,Centro,IPOJUCA,-8.4,-35.064,14.2386959438181,75.5725190839695,59.1603053435115,64.8854961832061,66.793893129771,,,,,,0,,FALSE,FALSE,FALSE,TRUE,29.125,FALSE
2019-09-09,260720801A,Centro,IPOJUCA,-8.4,-35.064,14.2386959438181,75.5725190839695,59.1603053435115,64.8854961832061,66.793893129771,0.2,10,0,1,0.2,10,5910,FALSE,FALSE,FALSE,TRUE,48.8333333333333,TRUE
2019-09-10,260720801A,Centro,IPOJUCA,-8.4,-35.064,14.2386959438181,75.5725190839695,59.1603053435115,64.8854961832061,66.793893129771,0,9,0,0,0,9,30340,FALSE,FALSE,FALSE,TRUE,57.6666666666667,TRUE
2019-09-11,260720801A,Centro,IPOJUCA,-8.4,-35.064,14.2386959438181,75.5725190839695,59.1603053435115,64.8854961832061,66.793893129771,,,,,,0,,FALSE,FALSE,FALSE,TRUE,46.75,FALSE
2019-09-12,260720801A,Centro,IPOJUCA,-8.4,-35.064,14.2386959438181,75.5725190839695,59.1603053435115,64.8854961832061,66.793893129771,,,,,,0,,FALSE,FALSE,FALSE,TRUE,49.7826086956522,FALSE
2019-09-13,260720801A,Centro,IPOJUCA,-8.4,-35.064,14.2386959438181,75.5725190839695,59.1603053435115,64.8854961832061,66.793893129771,,,,,,0,,FALSE,FALSE,FALSE,TRUE,54.0952380952381,FALSE
2019-09-14,260720801A,Centro,IPOJUCA,-8.4,-35.064,14.2386959438181,75.5725190839695,59.1603053435115,64.8854961832061,66.793893129771,,,,,,0,,FALSE,FALSE,FALSE,TRUE,54.1666666666667,FALSE
2019-09-15,260720801A,Centro,IPOJUCA,-8.4,-35.064,14.2386959438181,75.5725190839695,59.1603053435115,64.8854961832061,66.793893129771,,,,,,0,,FALSE,FALSE,FALSE,TRUE,40.3125,FALSE
2019-09-16,260720801A,Centro,IPOJUCA,-8.4,-35.064,14.2386959438181,75.5725190839695,59.1603053435115,64.8854961832061,66.793893129771,,,,,,0,,FALSE,FALSE,FALSE,TRUE,38.3684210526316,FALSE
2019-09-17,260720801A,Centro,IPOJUCA,-8.4,-35.064,14.2386959438181,75.5725190839695,59.1603053435115,64.8854961832061,66.793893129771,,,,,,0,,FALSE,FALSE,FALSE,TRUE,20.7826086956522,FALSE
2019-09-18,260720801A,Centro,IPOJUCA,-8.4,-35.064,14.2386959438181,75.5725190839695,59.1603053435115,64.8854961832061,66.793893129771,,,,,,0,,FALSE,FALSE,FALSE,TRUE,50.1739130434783,FALSE
2019-09-19,260720801A,Centro,IPOJUCA,-8.4,-35.064,14.2386959438181,75.5725190839695,59.1603053435115,64.8854961832061,66.793893129771,,,,,,0,,FALSE,FALSE,FALSE,TRUE,63.8636363636364,FALSE
2019-09-20,260720801A,Centro,IPOJUCA,-8.4,-35.064,14.2386959438181,75.5725190839695,59.1603053435115,64.8854961832061,66.793893129771,,,,,,0,,FALSE,FALSE,FALSE,TRUE,31.5,FALSE
2019-09-21,260720801A,Centro,IPOJUCA,-8.4,-35.064,14.2386959438181,75.5725190839695,59.1603053435115,64.8854961832061,66.793893129771,,,,,,0,,FALSE,FALSE,FALSE,TRUE,48.6666666666667,FALSE
2019-09-22,260720801A,Centro,IPOJUCA,-8.4,-35.064,14.2386959438181,75.5725190839695,59.1603053435115,64.8854961832061,66.793893129771,,,,,,0,,FALSE,FALSE,FALSE,TRUE,41.1666666666667,FALSE
2019-09-23,260720801A,Centro,IPOJUCA,-8.4,-35.064,14.2386959438181,75.5725190839695,59.1603053435115,64.8854961832061,66.793893129771,,,,,,0,,FALSE,FALSE,FALSE,TRUE,38.9047619047619,FALSE
2019-09-24,260720801A,Centro,IPOJUCA,-8.4,-35.064,14.2386959438181,75.5725190839695,59.1603053435115,64.8854961832061,66.793893129771,,,,,,0,,FALSE,FALSE,FALSE,TRUE,45.9166666666667,FALSE
2019-09-25,260720801A,Centro,IPOJUCA,-8.4,-35.064,14.2386959438181,75.5725190839695,59.1603053435115,64.8854961832061,66.793893129771,,,,,,0,,FALSE,FALSE,FALSE,TRUE,53.25,FALSE
2019-09-26,260720801A,Centro,IPOJUCA,-8.4,-35.064,14.2386959438181,75.5725190839695,59.1603053435115,64.8854961832061,66.793893129771,,,,,,0,,FALSE,FALSE,FALSE,FALSE,,FALSE
2019-09-27,260720801A,Centro,IPOJUCA,-8.4,-35.064,14.2386959438181,75.5725190839695,59.1603053435115,64.8854961832061,66.793893129771,,,,,,0,,FALSE,FALSE,FALSE,FALSE,,FALSE
2019-09-28,260720801A,Centro,IPOJUCA,-8.4,-35.064,14.2386959438181,75.5725190839695,59.1603053435115,64.8854961832061,66.793893129771,,,,,,0,,FALSE,FALSE,FALSE,FALSE,,FALSE
2019-09-29,260720801A,Centro,IPOJUCA,-8.4,-35.064,14.2386959438181,75.5725190839695,59.1603053435115,64.8854961832061,66.793893129771,,,,,,0,,FALSE,FALSE,FALSE,FALSE,,FALSE
2019-09-30,260720801A,Centro,IPOJUCA,-8.4,-35.064,14.2386959438181,75.5725190839695,59.1603053435115,64.8854961832061,66.793893129771,,,,,,0,,FALSE,FALSE,FALSE,FALSE,,FALSE
2019-10-01,260720801A,Centro,IPOJUCA,-8.4,-35.064,14.2386959438181,75.5725190839695,59.1603053435115,64.8854961832061,66.793893129771,0,15,0,0,0,15,30340,FALSE,FALSE,FALSE,FALSE,,TRUE
2019-10-02,260720801A,Centro,IPOJUCA,-8.4,-35.064,14.2386959438181,75.5725190839695,59.1603053435115,64.8854961832061,66.793893129771,0,24,0,0,0,24,60,TRUE,TRUE,TRUE,FALSE,,TRUE
2019-10-03,260720801A,Centro,IPOJUCA,-8.4,-35.064,14.2386959438181,75.5725190839695,59.1603053435115,64.8854961832061,66.793893129771,0.2,24,0,1,0.2,24,100,FALSE,FALSE,FALSE,FALSE,,TRUE
2019-10-04,260720801A,Centro,IPOJUCA,-8.4,-35.064,14.2386959438181,75.5725190839695,59.1603053435115,64.8854961832061,66.793893129771,0,2,0,0,0,2,390660,FALSE,FALSE,FALSE,FALSE,,TRUE
2019-10-05,260720801A,Centro,IPOJUCA,-8.4,-35.064,14.2386959438181,75.5725190839695,59.1603053435115,64.8854961832061,66.793893129771,,,,,,0,,FALSE,FALSE,FALSE,FALSE,,FALSE
2019-10-06,260720801A,Centro,IPOJUCA,-8.4,-35.064,14.2386959438181,75.5725190839695,59.1603053435115,64.8854961832061,66.793893129771,,,,,,0,,FALSE,FALSE,FALSE,FALSE,,FALSE
2019-10-07,260720801A,Centro,IPOJUCA,-8.4,-35.064,14.2386959438181,75.5725190839695,59.1603053435115,64.8854961832061,66.793893129771,,,,,,0,,FALSE,FALSE,FALSE,FALSE,,FALSE
2019-10-08,260720801A,Centro,IPOJUCA,-8.4,-35.064,14.2386959438181,75.5725190839695,59.1603053435115,64.8854961832061,66.793893129771,,,,,,0,,FALSE,FALSE,FALSE,FALSE,,FALSE
2019-10-09,260720801A,Centro,IPOJUCA,-8.4,-35.064,14.2386959438181,75.5725190839695,59.1603053435115,64.8854961832061,66.793893129771,,,,,,0,,FALSE,FALSE,FALSE,FALSE,,FALSE
2019-10-10,260720801A,Centro,IPOJUCA,-8.4,-35.064,14.2386959438181,75.5725190839695,59.1603053435115,64.8854961832061,66.793893129771,,,,,,0,,FALSE,FALSE,FALSE,FALSE,,FALSE
2019-10-11,260720801A,Centro,IPOJUCA,-8.4,-35.064,14.2386959438181,75.5725190839695,59.1603053435115,64.8854961832061,66.793893129771,,,,,,0,,FALSE,FALSE,FALSE,FALSE,,FALSE
2019-10-12,260720801A,Centro,IPOJUCA,-8.4,-35.064,14.2386959438181,75.5725190839695,59.1603053435115,64.8854961832061,66.793893129771,,,,,,0,,FALSE,FALSE,FALSE,FALSE,,FALSE
2019-10-13,260720801A,Centro,IPOJUCA,-8.4,-35.064,14.2386959438181,75.5725190839695,59.1603053435115,64.8854961832061,66.793893129771,,,,,,0,,FALSE,FALSE,FALSE,FALSE,,FALSE
2019-10-14,260720801A,Centro,IPOJUCA,-8.4,-35.064,14.2386959438181,75.5725190839695,59.1603053435115,64.8854961832061,66.793893129771,,,,,,0,,FALSE,FALSE,FALSE,FALSE,,FALSE
2019-10-15,260720801A,Centro,IPOJUCA,-8.4,-35.064,14.2386959438181,75.5725190839695,59.1603053435115,64.8854961832061,66.793893129771,,,,,,0,,FALSE,FALSE,FALSE,FALSE,,FALSE
2019-10-16,260720801A,Centro,IPOJUCA,-8.4,-35.064,14.2386959438181,75.5725190839695,59.1603053435115,64.8854961832061,66.793893129771,,,,,,0,,FALSE,FALSE,FALSE,FALSE,,FALSE
2019-10-17,260720801A,Centro,IPOJUCA,-8.4,-35.064,14.2386959438181,75.5725190839695,59.1603053435115,64.8854961832061,66.793893129771,,,,,,0,,FALSE,FALSE,FALSE,FALSE,,FALSE
2019-10-18,260720801A,Centro,IPOJUCA,-8.4,-35.064,14.2386959438181,75.5725190839695,59.1603053435115,64.8854961832061,66.793893129771,,,,,,0,,FALSE,FALSE,FALSE,FALSE,,FALSE
2019-10-19,260720801A,Centro,IPOJUCA,-8.4,-35.064,14.2386959438181,75.5725190839695,59.1603053435115,64.8854961832061,66.793893129771,,,,,,0,,FALSE,FALSE,FALSE,FALSE,,FALSE
2019-10-20,260720801A,Centro,IPOJUCA,-8.4,-35.064,14.2386959438181,75.5725190839695,59.1603053435115,64.8854961832061,66.793893129771,,,,,,0,,FALSE,FALSE,FALSE,FALSE,,FALSE
2019-10-21,260720801A,Centro,IPOJUCA,-8.4,-35.064,14.2386959438181,75.5725190839695,59.1603053435115,64.8854961832061,66.793893129771,,,,,,0,,FALSE,FALSE,FALSE,FALSE,,FALSE
2019-10-22,260720801A,Centro,IPOJUCA,-8.4,-35.064,14.2386959438181,75.5725190839695,59.1603053435115,64.8854961832061,66.793893129771,,,,,,0,,FALSE,FALSE,FALSE,FALSE,,FALSE
2019-10-23,260720801A,Centro,IPOJUCA,-8.4,-35.064,14.2386959438181,75.5725190839695,59.1603053435115,64.8854961832061,66.793893129771,,,,,,0,,FALSE,FALSE,FALSE,FALSE,,FALSE
2019-10-24,260720801A,Centro,IPOJUCA,-8.4,-35.064,14.2386959438181,75.5725190839695,59.1603053435115,64.8854961832061,66.793893129771,,,,,,0,,FALSE,FALSE,FALSE,FALSE,,FALSE
2019-10-25,260720801A,Centro,IPOJUCA,-8.4,-35.064,14.2386959438181,75.5725190839695,59.1603053435115,64.8854961832061,66.793893129771,,,,,,0,,FALSE,FALSE,FALSE,FALSE,,FALSE
2019-10-26,260720801A,Centro,IPOJUCA,-8.4,-35.064,14.2386959438181,75.5725190839695,59.1603053435115,64.8854961832061,66.793893129771,,,,,,0,,FALSE,FALSE,FALSE,TRUE,39.5714285714286,FALSE
2019-10-27,260720801A,Centro,IPOJUCA,-8.4,-35.064,14.2386959438181,75.5725190839695,59.1603053435115,64.8854961832061,66.793893129771,,,,,,0,,FALSE,FALSE,FALSE,TRUE,49.2916666666667,FALSE
2019-10-28,260720801A,Centro,IPOJUCA,-8.4,-35.064,14.2386959438181,75.5725190839695,59.1603053435115,64.8854961832061,66.793893129771,,,,,,0,,FALSE,FALSE,FALSE,TRUE,56.625,FALSE
2019-10-29,260720801A,Centro,IPOJUCA,-8.4,-35.064,14.2386959438181,75.5725190839695,59.1603053435115,64.8854961832061,66.793893129771,,,,,,0,,FALSE,FALSE,FALSE,TRUE,47.125,FALSE
2019-10-30,260720801A,Centro,IPOJUCA,-8.4,-35.064,14.2386959438181,75.5725190839695,59.1603053435115,64.8854961832061,66.793893129771,,,,,,0,,FALSE,FALSE,FALSE,TRUE,40.4583333333333,FALSE
2019-10-31,260720801A,Centro,IPOJUCA,-8.4,-35.064,14.2386959438181,75.5725190839695,59.1603053435115,64.8854961832061,66.793893129771,,,,,,0,,FALSE,FALSE,FALSE,TRUE,38.9583333333333,FALSE
2019-11-01,260720801A,Centro,IPOJUCA,-8.4,-35.064,14.2386959438181,75.5725190839695,59.1603053435115,64.8854961832061,66.793893129771,,,,,,0,,FALSE,FALSE,FALSE,TRUE,36.5416666666667,FALSE
2019-11-02,260720801A,Centro,IPOJUCA,-8.4,-35.064,14.2386959438181,75.5725190839695,59.1603053435115,64.8854961832061,66.793893129771,,,,,,0,,FALSE,FALSE,FALSE,TRUE,36.25,FALSE
2019-11-03,260720801A,Centro,IPOJUCA,-8.4,-35.064,14.2386959438181,75.5725190839695,59.1603053435115,64.8854961832061,66.793893129771,,,,,,0,,FALSE,FALSE,FALSE,TRUE,37.125,FALSE
2019-11-04,260720801A,Centro,IPOJUCA,-8.4,-35.064,14.2386959438181,75.5725190839695,59.1603053435115,64.8854961832061,66.793893129771,,,,,,0,,FALSE,FALSE,FALSE,TRUE,42.375,FALSE
2019-11-05,260720801A,Centro,IPOJUCA,-8.4,-35.064,14.2386959438181,75.5725190839695,59.1603053435115,64.8854961832061,66.793893129771,,,,,,0,,FALSE,FALSE,FALSE,TRUE,45.875,FALSE
2019-11-06,260720801A,Centro,IPOJUCA,-8.4,-35.064,14.2386959438181,75.5725190839695,59.1603053435115,64.8854961832061,66.793893129771,,,,,,0,,FALSE,FALSE,FALSE,TRUE,44.6521739130435,FALSE
2019-11-07,260720801A,Centro,IPOJUCA,-8.4,-35.064,14.2386959438181,75.5725190839695,59.1603053435115,64.8854961832061,66.793893129771,,,,,,0,,FALSE,FALSE,FALSE,TRUE,40.55,FALSE
2019-11-08,260720801A,Centro,IPOJUCA,-8.4,-35.064,14.2386959438181,75.5725190839695,59.1603053435115,64.8854961832061,66.793893129771,,,,,,0,,FALSE,FALSE,FALSE,TRUE,36.0416666666667,FALSE
2019-11-09,260720801A,Centro,IPOJUCA,-8.4,-35.064,14.2386959438181,75.5725190839695,59.1603053435115,64.8854961832061,66.793893129771,,,,,,0,,FALSE,FALSE,FALSE,TRUE,44.625,FALSE
2019-11-10,260720801A,Centro,IPOJUCA,-8.4,-35.064,14.2386959438181,75.5725190839695,59.1603053435115,64.8854961832061,66.793893129771,,,,,,0,,FALSE,FALSE,FALSE,TRUE,40.25,FALSE
2019-11-11,260720801A,Centro,IPOJUCA,-8.4,-35.064,14.2386959438181,75.5725190839695,59.1603053435115,64.8854961832061,66.793893129771,,,,,,0,,FALSE,FALSE,FALSE,TRUE,42.5416666666667,FALSE
2019-11-12,260720801A,Centro,IPOJUCA,-8.4,-35.064,14.2386959438181,75.5725190839695,59.1603053435115,64.8854961832061,66.793893129771,,,,,,0,,FALSE,FALSE,FALSE,TRUE,80.8333333333333,FALSE
2019-11-13,260720801A,Centro,IPOJUCA,-8.4,-35.064,14.2386959438181,75.5725190839695,59.1603053435115,64.8854961832061,66.793893129771,,,,,,0,,FALSE,FALSE,FALSE,TRUE,40.4583333333333,FALSE
2019-11-14,260720801A,Centro,IPOJUCA,-8.4,-35.064,14.2386959438181,75.5725190839695,59.1603053435115,64.8854961832061,66.793893129771,,,,,,0,,FALSE,FALSE,FALSE,TRUE,36.125,FALSE
2019-11-15,260720801A,Centro,IPOJUCA,-8.4,-35.064,14.2386959438181,75.5725190839695,59.1603053435115,64.8854961832061,66.793893129771,,,,,,0,,FALSE,FALSE,FALSE,TRUE,51.7142857142857,FALSE
2019-11-16,260720801A,Centro,IPOJUCA,-8.4,-35.064,14.2386959438181,75.5725190839695,59.1603053435115,64.8854961832061,66.793893129771,,,,,,0,,FALSE,FALSE,FALSE,TRUE,55.5833333333333,FALSE
2019-11-17,260720801A,Centro,IPOJUCA,-8.4,-35.064,14.2386959438181,75.5725190839695,59.1603053435115,64.8854961832061,66.793893129771,,,,,,0,,FALSE,FALSE,FALSE,TRUE,30.5833333333333,FALSE
2019-11-18,260720801A,Centro,IPOJUCA,-8.4,-35.064,14.2386959438181,75.5725190839695,59.1603053435115,64.8854961832061,66.793893129771,,,,,,0,,FALSE,FALSE,FALSE,TRUE,37.0416666666667,FALSE
2019-11-19,260720801A,Centro,IPOJUCA,-8.4,-35.064,14.2386959438181,75.5725190839695,59.1603053435115,64.8854961832061,66.793893129771,,,,,,0,,FALSE,FALSE,FALSE,TRUE,34.7619047619048,FALSE
2019-11-20,260720801A,Centro,IPOJUCA,-8.4,-35.064,14.2386959438181,75.5725190839695,59.1603053435115,64.8854961832061,66.793893129771,,,,,,0,,FALSE,FALSE,FALSE,TRUE,36.3809523809524,FALSE
2019-11-21,260720801A,Centro,IPOJUCA,-8.4,-35.064,14.2386959438181,75.5725190839695,59.1603053435115,64.8854961832061,66.793893129771,,,,,,0,,FALSE,FALSE,FALSE,TRUE,36.2083333333333,FALSE
2019-11-22,260720801A,Centro,IPOJUCA,-8.4,-35.064,14.2386959438181,75.5725190839695,59.1603053435115,64.8854961832061,66.793893129771,,,,,,0,,FALSE,FALSE,FALSE,TRUE,36.7916666666667,FALSE
2019-11-23,260720801A,Centro,IPOJUCA,-8.4,-35.064,14.2386959438181,75.5725190839695,59.1603053435115,64.8854961832061,66.793893129771,,,,,,0,,FALSE,FALSE,FALSE,TRUE,32.4583333333333,FALSE
2019-11-24,260720801A,Centro,IPOJUCA,-8.4,-35.064,14.2386959438181,75.5725190839695,59.1603053435115,64.8854961832061,66.793893129771,,,,,,0,,FALSE,FALSE,FALSE,TRUE,39.2083333333333,FALSE
2019-11-25,260720801A,Centro,IPOJUCA,-8.4,-35.064,14.2386959438181,75.5725190839695,59.1603053435115,64.8854961832061,66.793893129771,,,,,,0,,FALSE,FALSE,FALSE,FALSE,,FALSE
2019-11-26,260720801A,Centro,IPOJUCA,-8.4,-35.064,14.2386959438181,75.5725190839695,59.1603053435115,64.8854961832061,66.793893129771,,,,,,0,,FALSE,FALSE,FALSE,FALSE,,FALSE
2019-11-27,260720801A,Centro,IPOJUCA,-8.4,-35.064,14.2386959438181,75.5725190839695,59.1603053435115,64.8854961832061,66.793893129771,,,,,,0,,FALSE,FALSE,FALSE,FALSE,,FALSE
2019-11-28,260720801A,Centro,IPOJUCA,-8.4,-35.064,14.2386959438181,75.5725190839695,59.1603053435115,64.8854961832061,66.793893129771,,,,,,0,,FALSE,FALSE,FALSE,FALSE,,FALSE
2019-11-29,260720801A,Centro,IPOJUCA,-8.4,-35.064,14.2386959438181,75.5725190839695,59.1603053435115,64.8854961832061,66.793893129771,,,,,,0,,FALSE,FALSE,FALSE,FALSE,,FALSE
2019-11-30,260720801A,Centro,IPOJUCA,-8.4,-35.064,14.2386959438181,75.5725190839695,59.1603053435115,64.8854961832061,66.793893129771,,,,,,0,,FALSE,FALSE,FALSE,FALSE,,FALSE
2019-12-01,260720801A,Centro,IPOJUCA,-8.4,-35.064,14.2386959438181,75.5725190839695,59.1603053435115,64.8854961832061,66.793893129771,,,,,,0,,FALSE,FALSE,FALSE,FALSE,,FALSE
2019-12-02,260720801A,Centro,IPOJUCA,-8.4,-35.064,14.2386959438181,75.5725190839695,59.1603053435115,64.8854961832061,66.793893129771,,,,,,0,,FALSE,FALSE,FALSE,FALSE,,FALSE
2019-12-03,260720801A,Centro,IPOJUCA,-8.4,-35.064,14.2386959438181,75.5725190839695,59.1603053435115,64.8854961832061,66.793893129771,,,,,,0,,FALSE,FALSE,FALSE,FALSE,,FALSE
2019-12-04,260720801A,Centro,IPOJUCA,-8.4,-35.064,14.2386959438181,75.5725190839695,59.1603053435115,64.8854961832061,66.793893129771,,,,,,0,,FALSE,FALSE,FALSE,FALSE,,FALSE
2019-12-05,260720801A,Centro,IPOJUCA,-8.4,-35.064,14.2386959438181,75.5725190839695,59.1603053435115,64.8854961832061,66.793893129771,,,,,,0,,FALSE,FALSE,FALSE,FALSE,,FALSE
2019-12-06,260720801A,Centro,IPOJUCA,-8.4,-35.064,14.2386959438181,75.5725190839695,59.1603053435115,64.8854961832061,66.793893129771,,,,,,0,,FALSE,FALSE,FALSE,FALSE,,FALSE
2019-12-07,260720801A,Centro,IPOJUCA,-8.4,-35.064,14.2386959438181,75.5725190839695,59.1603053435115,64.8854961832061,66.793893129771,,,,,,0,,FALSE,FALSE,FALSE,FALSE,,FALSE
2019-12-08,260720801A,Centro,IPOJUCA,-8.4,-35.064,14.2386959438181,75.5725190839695,59.1603053435115,64.8854961832061,66.793893129771,,,,,,0,,FALSE,FALSE,FALSE,FALSE,,FALSE
2019-12-09,260720801A,Centro,IPOJUCA,-8.4,-35.064,14.2386959438181,75.5725190839695,59.1603053435115,64.8854961832061,66.793893129771,,,,,,0,,FALSE,FALSE,FALSE,FALSE,,FALSE
2019-12-10,260720801A,Centro,IPOJUCA,-8.4,-35.064,14.2386959438181,75.5725190839695,59.1603053435115,64.8854961832061,66.793893129771,,,,,,0,,FALSE,FALSE,FALSE,FALSE,,FALSE
2019-12-11,260720801A,Centro,IPOJUCA,-8.4,-35.064,14.2386959438181,75.5725190839695,59.1603053435115,64.8854961832061,66.793893129771,,,,,,0,,FALSE,FALSE,FALSE,FALSE,,FALSE
2019-12-12,260720801A,Centro,IPOJUCA,-8.4,-35.064,14.2386959438181,75.5725190839695,59.1603053435115,64.8854961832061,66.793893129771,,,,,,0,,FALSE,FALSE,FALSE,FALSE,,FALSE
2019-12-13,260720801A,Centro,IPOJUCA,-8.4,-35.064,14.2386959438181,75.5725190839695,59.1603053435115,64.8854961832061,66.793893129771,,,,,,0,,FALSE,FALSE,FALSE,FALSE,,FALSE
2019-12-14,260720801A,Centro,IPOJUCA,-8.4,-35.064,14.2386959438181,75.5725190839695,59.1603053435115,64.8854961832061,66.793893129771,,,,,,0,,FALSE,FALSE,FALSE,FALSE,,FALSE
2019-12-15,260720801A,Centro,IPOJUCA,-8.4,-35.064,14.2386959438181,75.5725190839695,59.1603053435115,64.8854961832061,66.793893129771,,,,,,0,,FALSE,FALSE,FALSE,FALSE,,FALSE
2019-12-16,260720801A,Centro,IPOJUCA,-8.4,-35.064,14.2386959438181,75.5725190839695,59.1603053435115,64.8854961832061,66.793893129771,,,,,,0,,FALSE,FALSE,FALSE,FALSE,,FALSE
2019-12-17,260720801A,Centro,IPOJUCA,-8.4,-35.064,14.2386959438181,75.5725190839695,59.1603053435115,64.8854961832061,66.793893129771,,,,,,0,,FALSE,FALSE,FALSE,FALSE,,FALSE
2019-12-18,260720801A,Centro,IPOJUCA,-8.4,-35.064,14.2386959438181,75.5725190839695,59.1603053435115,64.8854961832061,66.793893129771,,,,,,0,,FALSE,FALSE,FALSE,FALSE,,FALSE
2019-12-19,260720801A,Centro,IPOJUCA,-8.4,-35.064,14.2386959438181,75.5725190839695,59.1603053435115,64.8854961832061,66.793893129771,,,,,,0,,FALSE,FALSE,FALSE,FALSE,,FALSE
2019-12-20,260720801A,Centro,IPOJUCA,-8.4,-35.064,14.2386959438181,75.5725190839695,59.1603053435115,64.8854961832061,66.793893129771,,,,,,0,,FALSE,FALSE,FALSE,FALSE,,FALSE
2019-12-21,260720801A,Centro,IPOJUCA,-8.4,-35.064,14.2386959438181,75.5725190839695,59.1603053435115,64.8854961832061,66.793893129771,,,,,,0,,FALSE,FALSE,FALSE,FALSE,,FALSE
2019-12-22,260720801A,Centro,IPOJUCA,-8.4,-35.064,14.2386959438181,75.5725190839695,59.1603053435115,64.8854961832061,66.793893129771,,,,,,0,,FALSE,FALSE,FALSE,FALSE,,FALSE
2019-12-23,260720801A,Centro,IPOJUCA,-8.4,-35.064,14.2386959438181,75.5725190839695,59.1603053435115,64.8854961832061,66.793893129771,,,,,,0,,FALSE,FALSE,FALSE,FALSE,,FALSE
2019-12-24,260720801A,Centro,IPOJUCA,-8.4,-35.064,14.2386959438181,75.5725190839695,59.1603053435115,64.8854961832061,66.793893129771,,,,,,0,,FALSE,FALSE,FALSE,FALSE,,FALSE
2019-12-25,260720801A,Centro,IPOJUCA,-8.4,-35.064,14.2386959438181,75.5725190839695,59.1603053435115,64.8854961832061,66.793893129771,,,,,,0,,FALSE,FALSE,FALSE,FALSE,,FALSE
2019-12-26,260720801A,Centro,IPOJUCA,-8.4,-35.064,14.2386959438181,75.5725190839695,59.1603053435115,64.8854961832061,66.793893129771,,,,,,0,,FALSE,FALSE,FALSE,TRUE,64.7619047619048,FALSE
2019-12-27,260720801A,Centro,IPOJUCA,-8.4,-35.064,14.2386959438181,75.5725190839695,59.1603053435115,64.8854961832061,66.793893129771,,,,,,0,,FALSE,FALSE,FALSE,TRUE,45.9166666666667,FALSE
2019-12-28,260720801A,Centro,IPOJUCA,-8.4,-35.064,14.2386959438181,75.5725190839695,59.1603053435115,64.8854961832061,66.793893129771,,,,,,0,,FALSE,FALSE,FALSE,TRUE,44.125,FALSE
2019-12-29,260720801A,Centro,IPOJUCA,-8.4,-35.064,14.2386959438181,75.5725190839695,59.1603053435115,64.8854961832061,66.793893129771,,,,,,0,,FALSE,FALSE,FALSE,TRUE,43.7083333333333,FALSE
2019-12-30,260720801A,Centro,IPOJUCA,-8.4,-35.064,14.2386959438181,75.5725190839695,59.1603053435115,64.8854961832061,66.793893129771,,,,,,0,,FALSE,FALSE,FALSE,TRUE,43.4166666666667,FALSE
2019-12-31,260720801A,Centro,IPOJUCA,-8.4,-35.064,14.2386959438181,75.5725190839695,59.1603053435115,64.8854961832061,66.793893129771,,,,,,0,,FALSE,FALSE,FALSE,TRUE,53.4583333333333,FALSE
2019-01-01,260720804A,Rurópolis,IPOJUCA,-8.411,-35.07,15.4798425489309,95.8015267175572,77.0992366412214,80.9160305343512,83.206106870229,1.57,26,0,3,0.59,26,60,TRUE,TRUE,TRUE,TRUE,89.2380952380952,TRUE
2019-01-02,260720804A,Rurópolis,IPOJUCA,-8.411,-35.07,15.4798425489309,95.8015267175572,77.0992366412214,80.9160305343512,83.206106870229,0.98,26,0,3,0.39,26,60,TRUE,TRUE,TRUE,TRUE,76,TRUE
2019-01-03,260720804A,Rurópolis,IPOJUCA,-8.411,-35.07,15.4798425489309,95.8015267175572,77.0992366412214,80.9160305343512,83.206106870229,0,24,0,0,0,24,60,TRUE,TRUE,TRUE,TRUE,52.1666666666667,TRUE
2019-01-04,260720804A,Rurópolis,IPOJUCA,-8.411,-35.07,15.4798425489309,95.8015267175572,77.0992366412214,80.9160305343512,83.206106870229,0,24,0,0,0,24,60,TRUE,TRUE,TRUE,TRUE,57.5,TRUE
2019-01-05,260720804A,Rurópolis,IPOJUCA,-8.411,-35.07,15.4798425489309,95.8015267175572,77.0992366412214,80.9160305343512,83.206106870229,0,24,0,0,0,24,60,TRUE,TRUE,TRUE,TRUE,50.4583333333333,TRUE
2019-01-06,260720804A,Rurópolis,IPOJUCA,-8.411,-35.07,15.4798425489309,95.8015267175572,77.0992366412214,80.9160305343512,83.206106870229,4.74,32,0,10,1.18,32,60,TRUE,TRUE,TRUE,TRUE,29.9583333333333,TRUE
2019-01-07,260720804A,Rurópolis,IPOJUCA,-8.411,-35.07,15.4798425489309,95.8015267175572,77.0992366412214,80.9160305343512,83.206106870229,43.5,45,0,25,5.12,45,60,TRUE,TRUE,TRUE,TRUE,23.7619047619048,TRUE
2019-01-08,260720804A,Rurópolis,IPOJUCA,-8.411,-35.07,15.4798425489309,95.8015267175572,77.0992366412214,80.9160305343512,83.206106870229,4.92,26,0,4,2.36,26,60,TRUE,TRUE,TRUE,TRUE,42.5416666666667,TRUE
2019-01-09,260720804A,Rurópolis,IPOJUCA,-8.411,-35.07,15.4798425489309,95.8015267175572,77.0992366412214,80.9160305343512,83.206106870229,0,23,0,0,0,23,120,FALSE,FALSE,FALSE,TRUE,41.9166666666667,TRUE
2019-01-10,260720804A,Rurópolis,IPOJUCA,-8.411,-35.07,15.4798425489309,95.8015267175572,77.0992366412214,80.9160305343512,83.206106870229,0.2,25,0,1,0.2,25,60,TRUE,TRUE,TRUE,TRUE,37.6666666666667,TRUE
2019-01-11,260720804A,Rurópolis,IPOJUCA,-8.411,-35.07,15.4798425489309,95.8015267175572,77.0992366412214,80.9160305343512,83.206106870229,1.18,28,0,4,0.39,28,60,TRUE,TRUE,TRUE,TRUE,38.7272727272727,TRUE
2019-01-12,260720804A,Rurópolis,IPOJUCA,-8.411,-35.07,15.4798425489309,95.8015267175572,77.0992366412214,80.9160305343512,83.206106870229,10.23,38,0,18,3.15,38,60,TRUE,TRUE,TRUE,TRUE,14.8333333333333,TRUE
2019-01-13,260720804A,Rurópolis,IPOJUCA,-8.411,-35.07,15.4798425489309,95.8015267175572,77.0992366412214,80.9160305343512,83.206106870229,1.98,28,0,4,0.79,28,60,TRUE,TRUE,TRUE,TRUE,29.6666666666667,TRUE
2019-01-14,260720804A,Rurópolis,IPOJUCA,-8.411,-35.07,15.4798425489309,95.8015267175572,77.0992366412214,80.9160305343512,83.206106870229,2.36,28,0,5,0.98,28,60,TRUE,TRUE,TRUE,TRUE,36.3333333333333,TRUE
2019-01-15,260720804A,Rurópolis,IPOJUCA,-8.411,-35.07,15.4798425489309,95.8015267175572,77.0992366412214,80.9160305343512,83.206106870229,0.2,25,0,1,0.2,25,60,TRUE,TRUE,TRUE,TRUE,37.695652173913,TRUE
2019-01-16,260720804A,Rurópolis,IPOJUCA,-8.411,-35.07,15.4798425489309,95.8015267175572,77.0992366412214,80.9160305343512,83.206106870229,0,24,0,0,0,24,60,TRUE,TRUE,TRUE,TRUE,32.9583333333333,TRUE
2019-01-17,260720804A,Rurópolis,IPOJUCA,-8.411,-35.07,15.4798425489309,95.8015267175572,77.0992366412214,80.9160305343512,83.206106870229,1.18,27,0,4,0.39,27,60,TRUE,TRUE,TRUE,TRUE,24.8333333333333,TRUE
2019-01-18,260720804A,Rurópolis,IPOJUCA,-8.411,-35.07,15.4798425489309,95.8015267175572,77.0992366412214,80.9160305343512,83.206106870229,0,24,0,0,0,24,60,TRUE,TRUE,TRUE,TRUE,32.9166666666667,TRUE
2019-01-19,260720804A,Rurópolis,IPOJUCA,-8.411,-35.07,15.4798425489309,95.8015267175572,77.0992366412214,80.9160305343512,83.206106870229,0,24,0,0,0,24,60,TRUE,TRUE,TRUE,TRUE,34.7916666666667,TRUE
2019-01-20,260720804A,Rurópolis,IPOJUCA,-8.411,-35.07,15.4798425489309,95.8015267175572,77.0992366412214,80.9160305343512,83.206106870229,4.56,29,0,7,2.58,29,60,TRUE,TRUE,TRUE,TRUE,34.125,TRUE
2019-01-21,260720804A,Rurópolis,IPOJUCA,-8.411,-35.07,15.4798425489309,95.8015267175572,77.0992366412214,80.9160305343512,83.206106870229,0.79,26,0,3,0.39,26,60,TRUE,TRUE,TRUE,TRUE,38.8333333333333,TRUE
2019-01-22,260720804A,Rurópolis,IPOJUCA,-8.411,-35.07,15.4798425489309,95.8015267175572,77.0992366412214,80.9160305343512,83.206106870229,0.2,24,0,1,0.2,24,70,FALSE,TRUE,TRUE,TRUE,25.6363636363636,TRUE
2019-01-23,260720804A,Rurópolis,IPOJUCA,-8.411,-35.07,15.4798425489309,95.8015267175572,77.0992366412214,80.9160305343512,83.206106870229,0.39,25,0,1,0.39,25,60,TRUE,TRUE,TRUE,TRUE,33.7916666666667,TRUE
2019-01-24,260720804A,Rurópolis,IPOJUCA,-8.411,-35.07,15.4798425489309,95.8015267175572,77.0992366412214,80.9160305343512,83.206106870229,0,24,0,0,0,24,60,TRUE,TRUE,TRUE,TRUE,38.6666666666667,TRUE
2019-01-25,260720804A,Rurópolis,IPOJUCA,-8.411,-35.07,15.4798425489309,95.8015267175572,77.0992366412214,80.9160305343512,83.206106870229,0,24,0,0,0,24,60,TRUE,TRUE,TRUE,TRUE,38.6666666666667,TRUE
2019-01-26,260720804A,Rurópolis,IPOJUCA,-8.411,-35.07,15.4798425489309,95.8015267175572,77.0992366412214,80.9160305343512,83.206106870229,0.39,25,0,1,0.39,25,60,TRUE,TRUE,TRUE,TRUE,44.7083333333333,TRUE
2019-01-27,260720804A,Rurópolis,IPOJUCA,-8.411,-35.07,15.4798425489309,95.8015267175572,77.0992366412214,80.9160305343512,83.206106870229,1.58,26,0,2,1.38,26,60,TRUE,TRUE,TRUE,TRUE,40.5,TRUE
2019-01-28,260720804A,Rurópolis,IPOJUCA,-8.411,-35.07,15.4798425489309,95.8015267175572,77.0992366412214,80.9160305343512,83.206106870229,32.23,40,0,18,10.37,40,60,TRUE,TRUE,TRUE,TRUE,22.25,TRUE
2019-01-29,260720804A,Rurópolis,IPOJUCA,-8.411,-35.07,15.4798425489309,95.8015267175572,77.0992366412214,80.9160305343512,83.206106870229,0.2,24,0,1,0.2,24,60,TRUE,TRUE,TRUE,TRUE,26.4782608695652,TRUE
2019-01-30,260720804A,Rurópolis,IPOJUCA,-8.411,-35.07,15.4798425489309,95.8015267175572,77.0992366412214,80.9160305343512,83.206106870229,5.72,30,0,6,1.97,30,60,TRUE,TRUE,TRUE,TRUE,30.9166666666667,TRUE
2019-01-31,260720804A,Rurópolis,IPOJUCA,-8.411,-35.07,15.4798425489309,95.8015267175572,77.0992366412214,80.9160305343512,83.206106870229,0.4,26,0,2,0.2,26,60,TRUE,TRUE,TRUE,TRUE,37,TRUE
2019-02-01,260720804A,Rurópolis,IPOJUCA,-8.411,-35.07,15.4798425489309,95.8015267175572,77.0992366412214,80.9160305343512,83.206106870229,0,24,0,0,0,24,60,TRUE,TRUE,TRUE,TRUE,32.75,TRUE
2019-02-02,260720804A,Rurópolis,IPOJUCA,-8.411,-35.07,15.4798425489309,95.8015267175572,77.0992366412214,80.9160305343512,83.206106870229,0.79,26,0,2,0.59,26,60,TRUE,TRUE,TRUE,TRUE,30.5416666666667,TRUE
2019-02-03,260720804A,Rurópolis,IPOJUCA,-8.411,-35.07,15.4798425489309,95.8015267175572,77.0992366412214,80.9160305343512,83.206106870229,8.71,40,0,19,1.97,40,60,TRUE,TRUE,TRUE,TRUE,15.2083333333333,TRUE
2019-02-04,260720804A,Rurópolis,IPOJUCA,-8.411,-35.07,15.4798425489309,95.8015267175572,77.0992366412214,80.9160305343512,83.206106870229,34.65,48,0,28,6.5,48,60,TRUE,TRUE,TRUE,TRUE,16.8333333333333,TRUE
2019-02-05,260720804A,Rurópolis,IPOJUCA,-8.411,-35.07,15.4798425489309,95.8015267175572,77.0992366412214,80.9160305343512,83.206106870229,30.97,40,1,24,6.93,39,190,FALSE,FALSE,FALSE,TRUE,16,TRUE
2019-02-06,260720804A,Rurópolis,IPOJUCA,-8.411,-35.07,15.4798425489309,95.8015267175572,77.0992366412214,80.9160305343512,83.206106870229,26.41,59,0,42,2.76,60,90,FALSE,FALSE,TRUE,TRUE,15.5238095238095,TRUE
2019-02-07,260720804A,Rurópolis,IPOJUCA,-8.411,-35.07,15.4798425489309,95.8015267175572,77.0992366412214,80.9160305343512,83.206106870229,0,19,0,0,0,19,1180,FALSE,FALSE,FALSE,TRUE,35.25,TRUE
2019-02-08,260720804A,Rurópolis,IPOJUCA,-8.411,-35.07,15.4798425489309,95.8015267175572,77.0992366412214,80.9160305343512,83.206106870229,0,11,0,0,0,11,1180,FALSE,FALSE,FALSE,TRUE,50.75,TRUE
2019-02-09,260720804A,Rurópolis,IPOJUCA,-8.411,-35.07,15.4798425489309,95.8015267175572,77.0992366412214,80.9160305343512,83.206106870229,0,24,0,0,0,24,60,TRUE,TRUE,TRUE,TRUE,54.125,TRUE
2019-02-10,260720804A,Rurópolis,IPOJUCA,-8.411,-35.07,15.4798425489309,95.8015267175572,77.0992366412214,80.9160305343512,83.206106870229,0.59,25,0,1,0.59,25,60,TRUE,TRUE,TRUE,TRUE,46.75,TRUE
2019-02-11,260720804A,Rurópolis,IPOJUCA,-8.411,-35.07,15.4798425489309,95.8015267175572,77.0992366412214,80.9160305343512,83.206106870229,3.56,29,0,6,2.17,29,120,FALSE,FALSE,FALSE,TRUE,45.875,TRUE
2019-02-12,260720804A,Rurópolis,IPOJUCA,-8.411,-35.07,15.4798425489309,95.8015267175572,77.0992366412214,80.9160305343512,83.206106870229,0.99,27,0,3,0.59,27,60,TRUE,TRUE,TRUE,TRUE,35.7272727272727,TRUE
2019-02-13,260720804A,Rurópolis,IPOJUCA,-8.411,-35.07,15.4798425489309,95.8015267175572,77.0992366412214,80.9160305343512,83.206106870229,0.6,26,0,3,0.2,26,60,TRUE,TRUE,TRUE,TRUE,23.625,TRUE
2019-02-14,260720804A,Rurópolis,IPOJUCA,-8.411,-35.07,15.4798425489309,95.8015267175572,77.0992366412214,80.9160305343512,83.206106870229,0,24,0,0,0,24,60,TRUE,TRUE,TRUE,TRUE,25.4444444444444,TRUE
2019-02-15,260720804A,Rurópolis,IPOJUCA,-8.411,-35.07,15.4798425489309,95.8015267175572,77.0992366412214,80.9160305343512,83.206106870229,21.48,39,0,20,4.14,39,120,FALSE,FALSE,FALSE,TRUE,23.2083333333333,TRUE
2019-02-16,260720804A,Rurópolis,IPOJUCA,-8.411,-35.07,15.4798425489309,95.8015267175572,77.0992366412214,80.9160305343512,83.206106870229,0.2,21,0,1,0.2,21,320,FALSE,FALSE,FALSE,TRUE,24.7083333333333,TRUE
2019-02-17,260720804A,Rurópolis,IPOJUCA,-8.411,-35.07,15.4798425489309,95.8015267175572,77.0992366412214,80.9160305343512,83.206106870229,20.98,33,0,10,9.38,33,70,FALSE,TRUE,TRUE,TRUE,21.047619047619,TRUE
2019-02-18,260720804A,Rurópolis,IPOJUCA,-8.411,-35.07,15.4798425489309,95.8015267175572,77.0992366412214,80.9160305343512,83.206106870229,0.2,25,0,1,0.2,25,60,TRUE,TRUE,TRUE,TRUE,40.0416666666667,TRUE
2019-02-19,260720804A,Rurópolis,IPOJUCA,-8.411,-35.07,15.4798425489309,95.8015267175572,77.0992366412214,80.9160305343512,83.206106870229,0,24,0,0,0,24,60,TRUE,TRUE,TRUE,TRUE,42.5833333333333,TRUE
2019-02-20,260720804A,Rurópolis,IPOJUCA,-8.411,-35.07,15.4798425489309,95.8015267175572,77.0992366412214,80.9160305343512,83.206106870229,0,24,0,0,0,24,60,TRUE,TRUE,TRUE,TRUE,31,TRUE
2019-02-21,260720804A,Rurópolis,IPOJUCA,-8.411,-35.07,15.4798425489309,95.8015267175572,77.0992366412214,80.9160305343512,83.206106870229,0,22,0,0,0,22,120,FALSE,FALSE,FALSE,TRUE,34.5416666666667,TRUE
2019-02-22,260720804A,Rurópolis,IPOJUCA,-8.411,-35.07,15.4798425489309,95.8015267175572,77.0992366412214,80.9160305343512,83.206106870229,15.47,29,0,5,8.19,29,60,TRUE,TRUE,TRUE,TRUE,40.1666666666667,TRUE
2019-02-23,260720804A,Rurópolis,IPOJUCA,-8.411,-35.07,15.4798425489309,95.8015267175572,77.0992366412214,80.9160305343512,83.206106870229,0,24,0,0,0,24,60,TRUE,TRUE,TRUE,TRUE,45.5416666666667,TRUE
2019-02-24,260720804A,Rurópolis,IPOJUCA,-8.411,-35.07,15.4798425489309,95.8015267175572,77.0992366412214,80.9160305343512,83.206106870229,0,24,0,0,0,24,60,TRUE,TRUE,TRUE,TRUE,26.7083333333333,TRUE
2019-02-25,260720804A,Rurópolis,IPOJUCA,-8.411,-35.07,15.4798425489309,95.8015267175572,77.0992366412214,80.9160305343512,83.206106870229,0,24,0,0,0,24,60,TRUE,TRUE,TRUE,TRUE,43.5416666666667,TRUE
2019-02-26,260720804A,Rurópolis,IPOJUCA,-8.411,-35.07,15.4798425489309,95.8015267175572,77.0992366412214,80.9160305343512,83.206106870229,0,22,0,0,0,22,180,FALSE,FALSE,FALSE,FALSE,,TRUE
2019-02-27,260720804A,Rurópolis,IPOJUCA,-8.411,-35.07,15.4798425489309,95.8015267175572,77.0992366412214,80.9160305343512,83.206106870229,0,24,0,0,0,24,60,TRUE,TRUE,TRUE,FALSE,,TRUE
2019-02-28,260720804A,Rurópolis,IPOJUCA,-8.411,-35.07,15.4798425489309,95.8015267175572,77.0992366412214,80.9160305343512,83.206106870229,0,23,0,0,0,23,120,FALSE,FALSE,FALSE,FALSE,,TRUE
2019-03-01,260720804A,Rurópolis,IPOJUCA,-8.411,-35.07,15.4798425489309,95.8015267175572,77.0992366412214,80.9160305343512,83.206106870229,21.74,37,0,15,6.54,37,60,TRUE,TRUE,TRUE,FALSE,,TRUE
2019-03-02,260720804A,Rurópolis,IPOJUCA,-8.411,-35.07,15.4798425489309,95.8015267175572,77.0992366412214,80.9160305343512,83.206106870229,0.2,25,0,1,0.2,25,60,TRUE,TRUE,TRUE,FALSE,,TRUE
2019-03-03,260720804A,Rurópolis,IPOJUCA,-8.411,-35.07,15.4798425489309,95.8015267175572,77.0992366412214,80.9160305343512,83.206106870229,20.18,33,0,10,7.1,33,60,TRUE,TRUE,TRUE,FALSE,,TRUE
2019-03-04,260720804A,Rurópolis,IPOJUCA,-8.411,-35.07,15.4798425489309,95.8015267175572,77.0992366412214,80.9160305343512,83.206106870229,7.49,33,0,10,2.36,33,60,TRUE,TRUE,TRUE,FALSE,,TRUE
2019-03-05,260720804A,Rurópolis,IPOJUCA,-8.411,-35.07,15.4798425489309,95.8015267175572,77.0992366412214,80.9160305343512,83.206106870229,1.78,26,0,3,0.79,26,60,TRUE,TRUE,TRUE,FALSE,,TRUE
2019-03-06,260720804A,Rurópolis,IPOJUCA,-8.411,-35.07,15.4798425489309,95.8015267175572,77.0992366412214,80.9160305343512,83.206106870229,2.18,29,0,5,0.79,29,60,TRUE,TRUE,TRUE,FALSE,,TRUE
2019-03-07,260720804A,Rurópolis,IPOJUCA,-8.411,-35.07,15.4798425489309,95.8015267175572,77.0992366412214,80.9160305343512,83.206106870229,0.4,26,0,2,0.2,26,60,TRUE,TRUE,TRUE,FALSE,,TRUE
2019-03-08,260720804A,Rurópolis,IPOJUCA,-8.411,-35.07,15.4798425489309,95.8015267175572,77.0992366412214,80.9160305343512,83.206106870229,8.09,31,0,7,3.15,31,60,TRUE,TRUE,TRUE,FALSE,,TRUE
2019-03-09,260720804A,Rurópolis,IPOJUCA,-8.411,-35.07,15.4798425489309,95.8015267175572,77.0992366412214,80.9160305343512,83.206106870229,0,24,0,0,0,24,60,TRUE,TRUE,TRUE,FALSE,,TRUE
2019-03-10,260720804A,Rurópolis,IPOJUCA,-8.411,-35.07,15.4798425489309,95.8015267175572,77.0992366412214,80.9160305343512,83.206106870229,0,24,0,0,0,24,60,TRUE,TRUE,TRUE,FALSE,,TRUE
2019-03-11,260720804A,Rurópolis,IPOJUCA,-8.411,-35.07,15.4798425489309,95.8015267175572,77.0992366412214,80.9160305343512,83.206106870229,0,24,0,0,0,24,60,TRUE,TRUE,TRUE,FALSE,,TRUE
2019-03-12,260720804A,Rurópolis,IPOJUCA,-8.411,-35.07,15.4798425489309,95.8015267175572,77.0992366412214,80.9160305343512,83.206106870229,4.74,29,0,6,1.97,29,60,TRUE,TRUE,TRUE,FALSE,,TRUE
2019-03-13,260720804A,Rurópolis,IPOJUCA,-8.411,-35.07,15.4798425489309,95.8015267175572,77.0992366412214,80.9160305343512,83.206106870229,0.59,25,0,2,0.39,25,60,TRUE,TRUE,TRUE,FALSE,,TRUE
2019-03-14,260720804A,Rurópolis,IPOJUCA,-8.411,-35.07,15.4798425489309,95.8015267175572,77.0992366412214,80.9160305343512,83.206106870229,5.9,29,0,7,2.36,29,60,TRUE,TRUE,TRUE,FALSE,,TRUE
2019-03-15,260720804A,Rurópolis,IPOJUCA,-8.411,-35.07,15.4798425489309,95.8015267175572,77.0992366412214,80.9160305343512,83.206106870229,0,24,0,0,0,24,60,TRUE,TRUE,TRUE,FALSE,,TRUE
2019-03-16,260720804A,Rurópolis,IPOJUCA,-8.411,-35.07,15.4798425489309,95.8015267175572,77.0992366412214,80.9160305343512,83.206106870229,0,24,0,0,0,24,60,TRUE,TRUE,TRUE,FALSE,,TRUE
2019-03-17,260720804A,Rurópolis,IPOJUCA,-8.411,-35.07,15.4798425489309,95.8015267175572,77.0992366412214,80.9160305343512,83.206106870229,0,24,0,0,0,24,60,TRUE,TRUE,TRUE,FALSE,,TRUE
2019-03-18,260720804A,Rurópolis,IPOJUCA,-8.411,-35.07,15.4798425489309,95.8015267175572,77.0992366412214,80.9160305343512,83.206106870229,13.99,34,0,12,3.76,34,60,TRUE,TRUE,TRUE,FALSE,,TRUE
2019-03-19,260720804A,Rurópolis,IPOJUCA,-8.411,-35.07,15.4798425489309,95.8015267175572,77.0992366412214,80.9160305343512,83.206106870229,0,24,0,0,0,24,60,TRUE,TRUE,TRUE,FALSE,,TRUE
2019-03-20,260720804A,Rurópolis,IPOJUCA,-8.411,-35.07,15.4798425489309,95.8015267175572,77.0992366412214,80.9160305343512,83.206106870229,0,24,0,0,0,24,60,TRUE,TRUE,TRUE,FALSE,,TRUE
2019-03-21,260720804A,Rurópolis,IPOJUCA,-8.411,-35.07,15.4798425489309,95.8015267175572,77.0992366412214,80.9160305343512,83.206106870229,0,24,0,0,0,24,60,TRUE,TRUE,TRUE,FALSE,,TRUE
2019-03-22,260720804A,Rurópolis,IPOJUCA,-8.411,-35.07,15.4798425489309,95.8015267175572,77.0992366412214,80.9160305343512,83.206106870229,0,24,0,0,0,24,60,TRUE,TRUE,TRUE,FALSE,,TRUE
2019-03-23,260720804A,Rurópolis,IPOJUCA,-8.411,-35.07,15.4798425489309,95.8015267175572,77.0992366412214,80.9160305343512,83.206106870229,0,24,0,0,0,24,60,TRUE,TRUE,TRUE,FALSE,,TRUE
2019-03-24,260720804A,Rurópolis,IPOJUCA,-8.411,-35.07,15.4798425489309,95.8015267175572,77.0992366412214,80.9160305343512,83.206106870229,13.59,29,0,5,5.32,29,60,TRUE,TRUE,TRUE,FALSE,,TRUE
2019-03-25,260720804A,Rurópolis,IPOJUCA,-8.411,-35.07,15.4798425489309,95.8015267175572,77.0992366412214,80.9160305343512,83.206106870229,0,24,0,0,0,24,60,TRUE,TRUE,TRUE,FALSE,,TRUE
2019-03-26,260720804A,Rurópolis,IPOJUCA,-8.411,-35.07,15.4798425489309,95.8015267175572,77.0992366412214,80.9160305343512,83.206106870229,63.3,46,0,26,14.06,46,60,TRUE,TRUE,TRUE,FALSE,,TRUE
2019-03-27,260720804A,Rurópolis,IPOJUCA,-8.411,-35.07,15.4798425489309,95.8015267175572,77.0992366412214,80.9160305343512,83.206106870229,18.34,39,0,16,6.53,39,60,TRUE,TRUE,TRUE,TRUE,21,TRUE
2019-03-28,260720804A,Rurópolis,IPOJUCA,-8.411,-35.07,15.4798425489309,95.8015267175572,77.0992366412214,80.9160305343512,83.206106870229,2.36,26,0,2,2.16,26,60,TRUE,TRUE,TRUE,TRUE,40.6521739130435,TRUE
2019-03-29,260720804A,Rurópolis,IPOJUCA,-8.411,-35.07,15.4798425489309,95.8015267175572,77.0992366412214,80.9160305343512,83.206106870229,0.6,26,0,3,0.2,26,60,TRUE,TRUE,TRUE,TRUE,21.5555555555556,TRUE
2019-03-30,260720804A,Rurópolis,IPOJUCA,-8.411,-35.07,15.4798425489309,95.8015267175572,77.0992366412214,80.9160305343512,83.206106870229,57.9,44,1,23,16.86,43,70,FALSE,TRUE,TRUE,FALSE,,TRUE
2019-03-31,260720804A,Rurópolis,IPOJUCA,-8.411,-35.07,15.4798425489309,95.8015267175572,77.0992366412214,80.9160305343512,83.206106870229,4.55,34,0,13,0.79,35,60,TRUE,TRUE,TRUE,FALSE,,TRUE
2019-04-01,260720804A,Rurópolis,IPOJUCA,-8.411,-35.07,15.4798425489309,95.8015267175572,77.0992366412214,80.9160305343512,83.206106870229,0,24,0,0,0,24,60,TRUE,TRUE,TRUE,FALSE,,TRUE
2019-04-02,260720804A,Rurópolis,IPOJUCA,-8.411,-35.07,15.4798425489309,95.8015267175572,77.0992366412214,80.9160305343512,83.206106870229,0,24,0,0,0,24,60,TRUE,TRUE,TRUE,TRUE,42.375,TRUE
2019-04-03,260720804A,Rurópolis,IPOJUCA,-8.411,-35.07,15.4798425489309,95.8015267175572,77.0992366412214,80.9160305343512,83.206106870229,1.78,27,0,4,1.18,27,60,TRUE,TRUE,TRUE,TRUE,53.2222222222222,TRUE
2019-04-04,260720804A,Rurópolis,IPOJUCA,-8.411,-35.07,15.4798425489309,95.8015267175572,77.0992366412214,80.9160305343512,83.206106870229,0,24,0,0,0,24,60,TRUE,TRUE,TRUE,TRUE,51.3684210526316,TRUE
2019-04-05,260720804A,Rurópolis,IPOJUCA,-8.411,-35.07,15.4798425489309,95.8015267175572,77.0992366412214,80.9160305343512,83.206106870229,0,24,0,0,0,24,60,TRUE,TRUE,TRUE,TRUE,55.5416666666667,TRUE
2019-04-06,260720804A,Rurópolis,IPOJUCA,-8.411,-35.07,15.4798425489309,95.8015267175572,77.0992366412214,80.9160305343512,83.206106870229,4.34,25,0,3,3.35,25,60,TRUE,TRUE,TRUE,TRUE,70.7916666666667,TRUE
2019-04-07,260720804A,Rurópolis,IPOJUCA,-8.411,-35.07,15.4798425489309,95.8015267175572,77.0992366412214,80.9160305343512,83.206106870229,8.67,33,0,11,2.56,33,80,FALSE,FALSE,TRUE,TRUE,44.2631578947368,TRUE
2019-04-08,260720804A,Rurópolis,IPOJUCA,-8.411,-35.07,15.4798425489309,95.8015267175572,77.0992366412214,80.9160305343512,83.206106870229,1.96,27,0,4,0.98,27,60,TRUE,TRUE,TRUE,TRUE,37.5833333333333,TRUE
2019-04-09,260720804A,Rurópolis,IPOJUCA,-8.411,-35.07,15.4798425489309,95.8015267175572,77.0992366412214,80.9160305343512,83.206106870229,0.2,25,0,1,0.2,25,60,TRUE,TRUE,TRUE,TRUE,54.5652173913044,TRUE
2019-04-10,260720804A,Rurópolis,IPOJUCA,-8.411,-35.07,15.4798425489309,95.8015267175572,77.0992366412214,80.9160305343512,83.206106870229,0,24,0,0,0,24,60,TRUE,TRUE,TRUE,TRUE,68.7083333333333,TRUE
2019-04-11,260720804A,Rurópolis,IPOJUCA,-8.411,-35.07,15.4798425489309,95.8015267175572,77.0992366412214,80.9160305343512,83.206106870229,0,24,0,0,0,24,60,TRUE,TRUE,TRUE,TRUE,49.8333333333333,TRUE
2019-04-12,260720804A,Rurópolis,IPOJUCA,-8.411,-35.07,15.4798425489309,95.8015267175572,77.0992366412214,80.9160305343512,83.206106870229,36.79,41,0,20,8.72,41,60,TRUE,TRUE,TRUE,TRUE,10.7058823529412,TRUE
2019-04-13,260720804A,Rurópolis,IPOJUCA,-8.411,-35.07,15.4798425489309,95.8015267175572,77.0992366412214,80.9160305343512,83.206106870229,22.75,36,0,15,9.96,36,60,TRUE,TRUE,TRUE,TRUE,25.95,TRUE
2019-04-14,260720804A,Rurópolis,IPOJUCA,-8.411,-35.07,15.4798425489309,95.8015267175572,77.0992366412214,80.9160305343512,83.206106870229,0,24,0,0,0,24,60,TRUE,TRUE,TRUE,TRUE,30.7083333333333,TRUE
2019-04-15,260720804A,Rurópolis,IPOJUCA,-8.411,-35.07,15.4798425489309,95.8015267175572,77.0992366412214,80.9160305343512,83.206106870229,0,24,0,0,0,24,60,TRUE,TRUE,TRUE,TRUE,33.5,TRUE
2019-04-16,260720804A,Rurópolis,IPOJUCA,-8.411,-35.07,15.4798425489309,95.8015267175572,77.0992366412214,80.9160305343512,83.206106870229,0,24,0,0,0,24,60,TRUE,TRUE,TRUE,TRUE,46.3888888888889,TRUE
2019-04-17,260720804A,Rurópolis,IPOJUCA,-8.411,-35.07,15.4798425489309,95.8015267175572,77.0992366412214,80.9160305343512,83.206106870229,13.38,32,0,10,3.35,32,60,TRUE,TRUE,TRUE,TRUE,29.8333333333333,TRUE
2019-04-18,260720804A,Rurópolis,IPOJUCA,-8.411,-35.07,15.4798425489309,95.8015267175572,77.0992366412214,80.9160305343512,83.206106870229,0,24,0,0,0,24,60,TRUE,TRUE,TRUE,TRUE,28.0952380952381,TRUE
2019-04-19,260720804A,Rurópolis,IPOJUCA,-8.411,-35.07,15.4798425489309,95.8015267175572,77.0992366412214,80.9160305343512,83.206106870229,0,24,0,0,0,24,60,TRUE,TRUE,TRUE,TRUE,25.7916666666667,TRUE
2019-04-20,260720804A,Rurópolis,IPOJUCA,-8.411,-35.07,15.4798425489309,95.8015267175572,77.0992366412214,80.9160305343512,83.206106870229,16.75,40,0,17,3.74,40,60,TRUE,TRUE,TRUE,FALSE,,TRUE
2019-04-21,260720804A,Rurópolis,IPOJUCA,-8.411,-35.07,15.4798425489309,95.8015267175572,77.0992366412214,80.9160305343512,83.206106870229,0.6,26,0,3,0.2,26,60,TRUE,TRUE,TRUE,TRUE,35.6,TRUE
2019-04-22,260720804A,Rurópolis,IPOJUCA,-8.411,-35.07,15.4798425489309,95.8015267175572,77.0992366412214,80.9160305343512,83.206106870229,0.99,27,0,3,0.59,27,60,TRUE,TRUE,TRUE,FALSE,,TRUE
2019-04-23,260720804A,Rurópolis,IPOJUCA,-8.411,-35.07,15.4798425489309,95.8015267175572,77.0992366412214,80.9160305343512,83.206106870229,8.67,37,0,14,2.95,37,60,TRUE,TRUE,TRUE,TRUE,25.625,TRUE
2019-04-24,260720804A,Rurópolis,IPOJUCA,-8.411,-35.07,15.4798425489309,95.8015267175572,77.0992366412214,80.9160305343512,83.206106870229,19.89,45,1,25,4.92,44,60,TRUE,TRUE,TRUE,TRUE,15.9375,TRUE
2019-04-25,260720804A,Rurópolis,IPOJUCA,-8.411,-35.07,15.4798425489309,95.8015267175572,77.0992366412214,80.9160305343512,83.206106870229,8.49,34,0,13,3.35,35,80,FALSE,FALSE,TRUE,FALSE,,TRUE
2019-04-26,260720804A,Rurópolis,IPOJUCA,-8.411,-35.07,15.4798425489309,95.8015267175572,77.0992366412214,80.9160305343512,83.206106870229,1.58,27,0,4,0.98,27,60,TRUE,TRUE,TRUE,TRUE,25.5217391304348,TRUE
2019-04-27,260720804A,Rurópolis,IPOJUCA,-8.411,-35.07,15.4798425489309,95.8015267175572,77.0992366412214,80.9160305343512,83.206106870229,0,24,0,0,0,24,60,TRUE,TRUE,TRUE,TRUE,36.7727272727273,TRUE
2019-04-28,260720804A,Rurópolis,IPOJUCA,-8.411,-35.07,15.4798425489309,95.8015267175572,77.0992366412214,80.9160305343512,83.206106870229,0,24,0,0,0,24,60,TRUE,TRUE,TRUE,TRUE,39.1666666666667,TRUE
2019-04-29,260720804A,Rurópolis,IPOJUCA,-8.411,-35.07,15.4798425489309,95.8015267175572,77.0992366412214,80.9160305343512,83.206106870229,8.08,30,0,7,4.92,30,60,TRUE,TRUE,TRUE,TRUE,33.5,TRUE
2019-04-30,260720804A,Rurópolis,IPOJUCA,-8.411,-35.07,15.4798425489309,95.8015267175572,77.0992366412214,80.9160305343512,83.206106870229,0.82,26,0,3,0.42,26,60,TRUE,TRUE,TRUE,TRUE,41.4117647058824,TRUE
2019-05-01,260720804A,Rurópolis,IPOJUCA,-8.411,-35.07,15.4798425489309,95.8015267175572,77.0992366412214,80.9160305343512,83.206106870229,0.2,25,0,1,0.2,25,60,TRUE,TRUE,TRUE,TRUE,41.125,TRUE
2019-05-02,260720804A,Rurópolis,IPOJUCA,-8.411,-35.07,15.4798425489309,95.8015267175572,77.0992366412214,80.9160305343512,83.206106870229,0,24,0,0,0,24,60,TRUE,TRUE,TRUE,TRUE,55,TRUE
2019-05-03,260720804A,Rurópolis,IPOJUCA,-8.411,-35.07,15.4798425489309,95.8015267175572,77.0992366412214,80.9160305343512,83.206106870229,0,24,0,0,0,24,60,TRUE,TRUE,TRUE,TRUE,62.2916666666667,TRUE
2019-05-04,260720804A,Rurópolis,IPOJUCA,-8.411,-35.07,15.4798425489309,95.8015267175572,77.0992366412214,80.9160305343512,83.206106870229,0,24,0,0,0,24,60,TRUE,TRUE,TRUE,TRUE,49.2916666666667,TRUE
2019-05-05,260720804A,Rurópolis,IPOJUCA,-8.411,-35.07,15.4798425489309,95.8015267175572,77.0992366412214,80.9160305343512,83.206106870229,0,24,0,0,0,24,60,TRUE,TRUE,TRUE,TRUE,41.8333333333333,TRUE
2019-05-06,260720804A,Rurópolis,IPOJUCA,-8.411,-35.07,15.4798425489309,95.8015267175572,77.0992366412214,80.9160305343512,83.206106870229,0,24,0,0,0,24,60,TRUE,TRUE,TRUE,TRUE,54.3157894736842,TRUE
2019-05-07,260720804A,Rurópolis,IPOJUCA,-8.411,-35.07,15.4798425489309,95.8015267175572,77.0992366412214,80.9160305343512,83.206106870229,3.94,28,0,5,2.56,28,60,TRUE,TRUE,TRUE,TRUE,52.1304347826087,TRUE
2019-05-08,260720804A,Rurópolis,IPOJUCA,-8.411,-35.07,15.4798425489309,95.8015267175572,77.0992366412214,80.9160305343512,83.206106870229,2.77,30,0,9,0.79,30,60,TRUE,TRUE,TRUE,FALSE,,TRUE
2019-05-09,260720804A,Rurópolis,IPOJUCA,-8.411,-35.07,15.4798425489309,95.8015267175572,77.0992366412214,80.9160305343512,83.206106870229,16.77,39,0,17,3.94,39,120,FALSE,FALSE,FALSE,TRUE,42.1875,TRUE
2019-05-10,260720804A,Rurópolis,IPOJUCA,-8.411,-35.07,15.4798425489309,95.8015267175572,77.0992366412214,80.9160305343512,83.206106870229,4.95,28,0,7,2.16,28,70,FALSE,TRUE,TRUE,FALSE,,TRUE
2019-05-11,260720804A,Rurópolis,IPOJUCA,-8.411,-35.07,15.4798425489309,95.8015267175572,77.0992366412214,80.9160305343512,83.206106870229,1.58,26,0,3,1.18,26,120,FALSE,FALSE,FALSE,TRUE,48.3809523809524,TRUE
2019-05-12,260720804A,Rurópolis,IPOJUCA,-8.411,-35.07,15.4798425489309,95.8015267175572,77.0992366412214,80.9160305343512,83.206106870229,0.2,25,0,1,0.2,25,60,TRUE,TRUE,TRUE,TRUE,37.9565217391304,TRUE
2019-05-13,260720804A,Rurópolis,IPOJUCA,-8.411,-35.07,15.4798425489309,95.8015267175572,77.0992366412214,80.9160305343512,83.206106870229,0,24,0,0,0,24,60,TRUE,TRUE,TRUE,TRUE,95.75,TRUE
2019-05-14,260720804A,Rurópolis,IPOJUCA,-8.411,-35.07,15.4798425489309,95.8015267175572,77.0992366412214,80.9160305343512,83.206106870229,0,24,0,0,0,24,60,TRUE,TRUE,TRUE,TRUE,104.0625,TRUE
2019-05-15,260720804A,Rurópolis,IPOJUCA,-8.411,-35.07,15.4798425489309,95.8015267175572,77.0992366412214,80.9160305343512,83.206106870229,0,24,0,0,0,24,60,TRUE,TRUE,TRUE,TRUE,72.5833333333333,TRUE
2019-05-16,260720804A,Rurópolis,IPOJUCA,-8.411,-35.07,15.4798425489309,95.8015267175572,77.0992366412214,80.9160305343512,83.206106870229,0,24,0,0,0,24,60,TRUE,TRUE,TRUE,TRUE,57.8333333333333,TRUE
2019-05-17,260720804A,Rurópolis,IPOJUCA,-8.411,-35.07,15.4798425489309,95.8015267175572,77.0992366412214,80.9160305343512,83.206106870229,14.42,29,0,8,5.94,29,120,FALSE,FALSE,FALSE,TRUE,49.0909090909091,TRUE
2019-05-18,260720804A,Rurópolis,IPOJUCA,-8.411,-35.07,15.4798425489309,95.8015267175572,77.0992366412214,80.9160305343512,83.206106870229,1.77,26,0,2,1.18,26,120,FALSE,FALSE,FALSE,TRUE,43.0909090909091,TRUE
2019-05-19,260720804A,Rurópolis,IPOJUCA,-8.411,-35.07,15.4798425489309,95.8015267175572,77.0992366412214,80.9160305343512,83.206106870229,16.74,34,0,13,3.94,34,60,TRUE,TRUE,TRUE,TRUE,22.3529411764706,TRUE
2019-05-20,260720804A,Rurópolis,IPOJUCA,-8.411,-35.07,15.4798425489309,95.8015267175572,77.0992366412214,80.9160305343512,83.206106870229,14.38,43,1,23,3.74,42,120,FALSE,FALSE,FALSE,TRUE,24.9047619047619,TRUE
2019-05-21,260720804A,Rurópolis,IPOJUCA,-8.411,-35.07,15.4798425489309,95.8015267175572,77.0992366412214,80.9160305343512,83.206106870229,24.86,43,0,24,5.31,44,70,FALSE,TRUE,TRUE,FALSE,,TRUE
2019-05-22,260720804A,Rurópolis,IPOJUCA,-8.411,-35.07,15.4798425489309,95.8015267175572,77.0992366412214,80.9160305343512,83.206106870229,4.53,27,0,4,3.74,27,90,FALSE,FALSE,TRUE,TRUE,63.5,TRUE
2019-05-23,260720804A,Rurópolis,IPOJUCA,-8.411,-35.07,15.4798425489309,95.8015267175572,77.0992366412214,80.9160305343512,83.206106870229,0,24,0,0,0,24,70,FALSE,TRUE,TRUE,TRUE,42.4166666666667,TRUE
2019-05-24,260720804A,Rurópolis,IPOJUCA,-8.411,-35.07,15.4798425489309,95.8015267175572,77.0992366412214,80.9160305343512,83.206106870229,4.92,27,0,4,3.15,27,60,TRUE,TRUE,TRUE,TRUE,47.6666666666667,TRUE
2019-05-25,260720804A,Rurópolis,IPOJUCA,-8.411,-35.07,15.4798425489309,95.8015267175572,77.0992366412214,80.9160305343512,83.206106870229,0,24,0,0,0,24,60,TRUE,TRUE,TRUE,TRUE,50.6666666666667,TRUE
2019-05-26,260720804A,Rurópolis,IPOJUCA,-8.411,-35.07,15.4798425489309,95.8015267175572,77.0992366412214,80.9160305343512,83.206106870229,5.12,26,0,2,3.35,26,60,TRUE,TRUE,TRUE,TRUE,30,TRUE
2019-05-27,260720804A,Rurópolis,IPOJUCA,-8.411,-35.07,15.4798425489309,95.8015267175572,77.0992366412214,80.9160305343512,83.206106870229,10.03,35,0,14,1.77,35,70,FALSE,TRUE,TRUE,TRUE,32.0588235294118,TRUE
2019-05-28,260720804A,Rurópolis,IPOJUCA,-8.411,-35.07,15.4798425489309,95.8015267175572,77.0992366412214,80.9160305343512,83.206106870229,7.91,29,0,7,6.52,29,60,TRUE,TRUE,TRUE,TRUE,51.2857142857143,TRUE
2019-05-29,260720804A,Rurópolis,IPOJUCA,-8.411,-35.07,15.4798425489309,95.8015267175572,77.0992366412214,80.9160305343512,83.206106870229,67.04,49,0,29,9.34,49,60,TRUE,TRUE,TRUE,TRUE,20.95,TRUE
2019-05-30,260720804A,Rurópolis,IPOJUCA,-8.411,-35.07,15.4798425489309,95.8015267175572,77.0992366412214,80.9160305343512,83.206106870229,2.77,31,0,9,0.98,31,70,FALSE,TRUE,TRUE,TRUE,31.8333333333333,TRUE
2019-05-31,260720804A,Rurópolis,IPOJUCA,-8.411,-35.07,15.4798425489309,95.8015267175572,77.0992366412214,80.9160305343512,83.206106870229,0.6,27,0,3,0.2,27,60,TRUE,TRUE,TRUE,TRUE,38.5416666666667,TRUE
2019-06-01,260720804A,Rurópolis,IPOJUCA,-8.411,-35.07,15.4798425489309,95.8015267175572,77.0992366412214,80.9160305343512,83.206106870229,0.2,25,0,1,0.2,25,60,TRUE,TRUE,TRUE,TRUE,42.2222222222222,TRUE
2019-06-02,260720804A,Rurópolis,IPOJUCA,-8.411,-35.07,15.4798425489309,95.8015267175572,77.0992366412214,80.9160305343512,83.206106870229,0,24,0,0,0,24,60,TRUE,TRUE,TRUE,TRUE,40.0833333333333,TRUE
2019-06-03,260720804A,Rurópolis,IPOJUCA,-8.411,-35.07,15.4798425489309,95.8015267175572,77.0992366412214,80.9160305343512,83.206106870229,0.59,26,0,2,0.39,26,60,TRUE,TRUE,TRUE,TRUE,34.9047619047619,TRUE
2019-06-04,260720804A,Rurópolis,IPOJUCA,-8.411,-35.07,15.4798425489309,95.8015267175572,77.0992366412214,80.9160305343512,83.206106870229,0.99,28,0,4,0.39,28,60,TRUE,TRUE,TRUE,TRUE,40.1578947368421,TRUE
2019-06-05,260720804A,Rurópolis,IPOJUCA,-8.411,-35.07,15.4798425489309,95.8015267175572,77.0992366412214,80.9160305343512,83.206106870229,0.4,26,0,2,0.2,26,60,TRUE,TRUE,TRUE,TRUE,29.35,TRUE
2019-06-06,260720804A,Rurópolis,IPOJUCA,-8.411,-35.07,15.4798425489309,95.8015267175572,77.0992366412214,80.9160305343512,83.206106870229,0,24,0,0,0,24,60,TRUE,TRUE,TRUE,TRUE,37.1111111111111,TRUE
2019-06-07,260720804A,Rurópolis,IPOJUCA,-8.411,-35.07,15.4798425489309,95.8015267175572,77.0992366412214,80.9160305343512,83.206106870229,0,24,0,0,0,24,60,TRUE,TRUE,TRUE,TRUE,49.5263157894737,TRUE
2019-06-08,260720804A,Rurópolis,IPOJUCA,-8.411,-35.07,15.4798425489309,95.8015267175572,77.0992366412214,80.9160305343512,83.206106870229,0,24,0,0,0,24,60,TRUE,TRUE,TRUE,TRUE,42.8571428571429,TRUE
2019-06-09,260720804A,Rurópolis,IPOJUCA,-8.411,-35.07,15.4798425489309,95.8015267175572,77.0992366412214,80.9160305343512,83.206106870229,2.37,30,0,6,0.98,30,60,TRUE,TRUE,TRUE,TRUE,37.1176470588235,TRUE
2019-06-10,260720804A,Rurópolis,IPOJUCA,-8.411,-35.07,15.4798425489309,95.8015267175572,77.0992366412214,80.9160305343512,83.206106870229,0,24,0,0,0,24,60,TRUE,TRUE,TRUE,TRUE,37.8333333333333,TRUE
2019-06-11,260720804A,Rurópolis,IPOJUCA,-8.411,-35.07,15.4798425489309,95.8015267175572,77.0992366412214,80.9160305343512,83.206106870229,5.51,30,0,6,2.36,30,60,TRUE,TRUE,TRUE,TRUE,41.1666666666667,TRUE
2019-06-12,260720804A,Rurópolis,IPOJUCA,-8.411,-35.07,15.4798425489309,95.8015267175572,77.0992366412214,80.9160305343512,83.206106870229,34.03,42,0,24,4.53,42,60,TRUE,TRUE,TRUE,TRUE,32.625,TRUE
2019-06-13,260720804A,Rurópolis,IPOJUCA,-8.411,-35.07,15.4798425489309,95.8015267175572,77.0992366412214,80.9160305343512,83.206106870229,78.14,66,0,48,5.9,66,60,TRUE,TRUE,TRUE,TRUE,26.25,TRUE
2019-06-14,260720804A,Rurópolis,IPOJUCA,-8.411,-35.07,15.4798425489309,95.8015267175572,77.0992366412214,80.9160305343512,83.206106870229,0.2,25,0,1,0.2,25,60,TRUE,TRUE,TRUE,TRUE,51.7083333333333,TRUE
2019-06-15,260720804A,Rurópolis,IPOJUCA,-8.411,-35.07,15.4798425489309,95.8015267175572,77.0992366412214,80.9160305343512,83.206106870229,3.76,32,0,11,1.18,32,60,TRUE,TRUE,TRUE,TRUE,41.2083333333333,TRUE
2019-06-16,260720804A,Rurópolis,IPOJUCA,-8.411,-35.07,15.4798425489309,95.8015267175572,77.0992366412214,80.9160305343512,83.206106870229,39.34,82,0,70,3.15,82,60,TRUE,TRUE,TRUE,TRUE,20.7647058823529,TRUE
2019-06-17,260720804A,Rurópolis,IPOJUCA,-8.411,-35.07,15.4798425489309,95.8015267175572,77.0992366412214,80.9160305343512,83.206106870229,119.05,95,1,91,6.1,94,60,TRUE,TRUE,TRUE,FALSE,,TRUE
2019-06-18,260720804A,Rurópolis,IPOJUCA,-8.411,-35.07,15.4798425489309,95.8015267175572,77.0992366412214,80.9160305343512,83.206106870229,13.58,33,0,12,3.15,34,60,TRUE,TRUE,TRUE,TRUE,24.6363636363636,TRUE
2019-06-19,260720804A,Rurópolis,IPOJUCA,-8.411,-35.07,15.4798425489309,95.8015267175572,77.0992366412214,80.9160305343512,83.206106870229,8.66,30,0,7,3.35,30,60,TRUE,TRUE,TRUE,TRUE,19.4166666666667,TRUE
2019-06-20,260720804A,Rurópolis,IPOJUCA,-8.411,-35.07,15.4798425489309,95.8015267175572,77.0992366412214,80.9160305343512,83.206106870229,0,24,0,0,0,24,60,TRUE,TRUE,TRUE,TRUE,33.7826086956522,TRUE
2019-06-21,260720804A,Rurópolis,IPOJUCA,-8.411,-35.07,15.4798425489309,95.8015267175572,77.0992366412214,80.9160305343512,83.206106870229,0,24,0,0,0,24,60,TRUE,TRUE,TRUE,TRUE,45,TRUE
2019-06-22,260720804A,Rurópolis,IPOJUCA,-8.411,-35.07,15.4798425489309,95.8015267175572,77.0992366412214,80.9160305343512,83.206106870229,0,24,0,0,0,24,60,TRUE,TRUE,TRUE,TRUE,53.2083333333333,TRUE
2019-06-23,260720804A,Rurópolis,IPOJUCA,-8.411,-35.07,15.4798425489309,95.8015267175572,77.0992366412214,80.9160305343512,83.206106870229,1.78,26,0,2,1.58,26,60,TRUE,TRUE,TRUE,TRUE,63,TRUE
2019-06-24,260720804A,Rurópolis,IPOJUCA,-8.411,-35.07,15.4798425489309,95.8015267175572,77.0992366412214,80.9160305343512,83.206106870229,1.58,29,0,5,0.59,29,60,TRUE,TRUE,TRUE,TRUE,58.4166666666667,TRUE
2019-06-25,260720804A,Rurópolis,IPOJUCA,-8.411,-35.07,15.4798425489309,95.8015267175572,77.0992366412214,80.9160305343512,83.206106870229,0.4,26,0,2,0.2,26,60,TRUE,TRUE,TRUE,TRUE,43.75,TRUE
2019-06-26,260720804A,Rurópolis,IPOJUCA,-8.411,-35.07,15.4798425489309,95.8015267175572,77.0992366412214,80.9160305343512,83.206106870229,6.12,35,0,11,1.77,35,60,TRUE,TRUE,TRUE,TRUE,27.1818181818182,TRUE
2019-06-27,260720804A,Rurópolis,IPOJUCA,-8.411,-35.07,15.4798425489309,95.8015267175572,77.0992366412214,80.9160305343512,83.206106870229,25.38,47,0,27,4.92,47,60,TRUE,TRUE,TRUE,TRUE,35.5238095238095,TRUE
2019-06-28,260720804A,Rurópolis,IPOJUCA,-8.411,-35.07,15.4798425489309,95.8015267175572,77.0992366412214,80.9160305343512,83.206106870229,17.93,46,1,25,3.74,45,60,TRUE,TRUE,TRUE,TRUE,37.4782608695652,TRUE
2019-06-29,260720804A,Rurópolis,IPOJUCA,-8.411,-35.07,15.4798425489309,95.8015267175572,77.0992366412214,80.9160305343512,83.206106870229,15.62,37,1,19,2.8,37,70,FALSE,TRUE,TRUE,TRUE,33.9583333333333,TRUE
2019-06-30,260720804A,Rurópolis,IPOJUCA,-8.411,-35.07,15.4798425489309,95.8015267175572,77.0992366412214,80.9160305343512,83.206106870229,15.34,41,1,17,3.15,41,60,TRUE,TRUE,TRUE,TRUE,30.875,TRUE
2019-07-01,260720804A,Rurópolis,IPOJUCA,-8.411,-35.07,15.4798425489309,95.8015267175572,77.0992366412214,80.9160305343512,83.206106870229,8.09,37,0,14,2.95,38,60,TRUE,TRUE,TRUE,TRUE,49.5416666666667,TRUE
2019-07-02,260720804A,Rurópolis,IPOJUCA,-8.411,-35.07,15.4798425489309,95.8015267175572,77.0992366412214,80.9160305343512,83.206106870229,1.77,26,0,3,1.18,26,60,TRUE,TRUE,TRUE,TRUE,53.875,TRUE
2019-07-03,260720804A,Rurópolis,IPOJUCA,-8.411,-35.07,15.4798425489309,95.8015267175572,77.0992366412214,80.9160305343512,83.206106870229,3.96,33,0,11,1.18,33,60,TRUE,TRUE,TRUE,TRUE,18.0454545454545,TRUE
2019-07-04,260720804A,Rurópolis,IPOJUCA,-8.411,-35.07,15.4798425489309,95.8015267175572,77.0992366412214,80.9160305343512,83.206106870229,0,24,0,0,0,24,60,TRUE,TRUE,TRUE,TRUE,39.2083333333333,TRUE
2019-07-05,260720804A,Rurópolis,IPOJUCA,-8.411,-35.07,15.4798425489309,95.8015267175572,77.0992366412214,80.9160305343512,83.206106870229,0.99,25,0,2,0.79,25,60,TRUE,TRUE,TRUE,TRUE,73.6666666666667,TRUE
2019-07-06,260720804A,Rurópolis,IPOJUCA,-8.411,-35.07,15.4798425489309,95.8015267175572,77.0992366412214,80.9160305343512,83.206106870229,0,24,0,0,0,24,60,TRUE,TRUE,TRUE,TRUE,60.6666666666667,TRUE
2019-07-07,260720804A,Rurópolis,IPOJUCA,-8.411,-35.07,15.4798425489309,95.8015267175572,77.0992366412214,80.9160305343512,83.206106870229,0,24,0,0,0,24,60,TRUE,TRUE,TRUE,TRUE,49.5416666666667,TRUE
2019-07-08,260720804A,Rurópolis,IPOJUCA,-8.411,-35.07,15.4798425489309,95.8015267175572,77.0992366412214,80.9160305343512,83.206106870229,3.15,28,0,5,0.98,28,60,TRUE,TRUE,TRUE,TRUE,33.0952380952381,TRUE
2019-07-09,260720804A,Rurópolis,IPOJUCA,-8.411,-35.07,15.4798425489309,95.8015267175572,77.0992366412214,80.9160305343512,83.206106870229,1.2,27,0,6,0.2,27,60,TRUE,TRUE,TRUE,TRUE,44.3333333333333,TRUE
2019-07-10,260720804A,Rurópolis,IPOJUCA,-8.411,-35.07,15.4798425489309,95.8015267175572,77.0992366412214,80.9160305343512,83.206106870229,6.72,34,0,12,1.18,34,60,TRUE,TRUE,TRUE,TRUE,39.9166666666667,TRUE
2019-07-11,260720804A,Rurópolis,IPOJUCA,-8.411,-35.07,15.4798425489309,95.8015267175572,77.0992366412214,80.9160305343512,83.206106870229,7.09,33,0,14,1.57,33,120,FALSE,FALSE,FALSE,TRUE,35.6666666666667,TRUE
2019-07-12,260720804A,Rurópolis,IPOJUCA,-8.411,-35.07,15.4798425489309,95.8015267175572,77.0992366412214,80.9160305343512,83.206106870229,0,24,0,0,0,24,60,TRUE,TRUE,TRUE,TRUE,65.0833333333333,TRUE
2019-07-13,260720804A,Rurópolis,IPOJUCA,-8.411,-35.07,15.4798425489309,95.8015267175572,77.0992366412214,80.9160305343512,83.206106870229,18.73,41,0,23,4.33,41,60,TRUE,TRUE,TRUE,TRUE,21.6190476190476,TRUE
2019-07-14,260720804A,Rurópolis,IPOJUCA,-8.411,-35.07,15.4798425489309,95.8015267175572,77.0992366412214,80.9160305343512,83.206106870229,28.15,52,0,35,4.14,52,70,FALSE,TRUE,TRUE,FALSE,,TRUE
2019-07-15,260720804A,Rurópolis,IPOJUCA,-8.411,-35.07,15.4798425489309,95.8015267175572,77.0992366412214,80.9160305343512,83.206106870229,0.4,18,0,2,0.2,18,4470,FALSE,FALSE,FALSE,TRUE,40.8260869565217,TRUE
2019-07-16,260720804A,Rurópolis,IPOJUCA,-8.411,-35.07,15.4798425489309,95.8015267175572,77.0992366412214,80.9160305343512,83.206106870229,,,,,,0,,FALSE,FALSE,FALSE,TRUE,71.4166666666667,FALSE
2019-07-17,260720804A,Rurópolis,IPOJUCA,-8.411,-35.07,15.4798425489309,95.8015267175572,77.0992366412214,80.9160305343512,83.206106870229,,,,,,0,,FALSE,FALSE,FALSE,TRUE,54.125,FALSE
2019-07-18,260720804A,Rurópolis,IPOJUCA,-8.411,-35.07,15.4798425489309,95.8015267175572,77.0992366412214,80.9160305343512,83.206106870229,,,,,,0,,FALSE,FALSE,FALSE,TRUE,40.1666666666667,FALSE
2019-07-19,260720804A,Rurópolis,IPOJUCA,-8.411,-35.07,15.4798425489309,95.8015267175572,77.0992366412214,80.9160305343512,83.206106870229,20.47,19,0,19,3.15,19,4470,FALSE,FALSE,FALSE,TRUE,34.7916666666667,TRUE
2019-07-20,260720804A,Rurópolis,IPOJUCA,-8.411,-35.07,15.4798425489309,95.8015267175572,77.0992366412214,80.9160305343512,83.206106870229,88.96,91,0,91,4.92,91,180,FALSE,FALSE,FALSE,TRUE,15,TRUE
2019-07-21,260720804A,Rurópolis,IPOJUCA,-8.411,-35.07,15.4798425489309,95.8015267175572,77.0992366412214,80.9160305343512,83.206106870229,11.04,20,0,20,1.77,20,1000,FALSE,FALSE,FALSE,TRUE,26.75,TRUE
2019-07-22,260720804A,Rurópolis,IPOJUCA,-8.411,-35.07,15.4798425489309,95.8015267175572,77.0992366412214,80.9160305343512,83.206106870229,34.12,45,0,45,6.7,45,1000,FALSE,FALSE,FALSE,TRUE,20.2380952380952,TRUE
2019-07-23,260720804A,Rurópolis,IPOJUCA,-8.411,-35.07,15.4798425489309,95.8015267175572,77.0992366412214,80.9160305343512,83.206106870229,48.25,43,1,43,4.33,42,340,FALSE,FALSE,FALSE,TRUE,14.9166666666667,TRUE
2019-07-24,260720804A,Rurópolis,IPOJUCA,-8.411,-35.07,15.4798425489309,95.8015267175572,77.0992366412214,80.9160305343512,83.206106870229,24.44,41,0,41,2.36,42,410,FALSE,FALSE,FALSE,TRUE,12.3,TRUE
2019-07-25,260720804A,Rurópolis,IPOJUCA,-8.411,-35.07,15.4798425489309,95.8015267175572,77.0992366412214,80.9160305343512,83.206106870229,8.26,9,1,9,1.97,8,760,FALSE,FALSE,FALSE,TRUE,18.1818181818182,TRUE
2019-07-26,260720804A,Rurópolis,IPOJUCA,-8.411,-35.07,15.4798425489309,95.8015267175572,77.0992366412214,80.9160305343512,83.206106870229,19.67,34,0,26,4.14,35,220,FALSE,FALSE,FALSE,TRUE,14.7727272727273,TRUE
2019-07-27,260720804A,Rurópolis,IPOJUCA,-8.411,-35.07,15.4798425489309,95.8015267175572,77.0992366412214,80.9160305343512,83.206106870229,16.75,39,0,28,2.36,39,400,FALSE,FALSE,FALSE,TRUE,9.1,TRUE
2019-07-28,260720804A,Rurópolis,IPOJUCA,-8.411,-35.07,15.4798425489309,95.8015267175572,77.0992366412214,80.9160305343512,83.206106870229,9.07,15,1,15,3.94,14,750,FALSE,FALSE,FALSE,TRUE,15.6521739130435,TRUE
2019-07-29,260720804A,Rurópolis,IPOJUCA,-8.411,-35.07,15.4798425489309,95.8015267175572,77.0992366412214,80.9160305343512,83.206106870229,1.98,22,0,7,0.59,23,260,FALSE,FALSE,FALSE,FALSE,,TRUE
2019-07-30,260720804A,Rurópolis,IPOJUCA,-8.411,-35.07,15.4798425489309,95.8015267175572,77.0992366412214,80.9160305343512,83.206106870229,18.32,43,0,25,1.97,43,60,TRUE,TRUE,TRUE,TRUE,11.6315789473684,TRUE
2019-07-31,260720804A,Rurópolis,IPOJUCA,-8.411,-35.07,15.4798425489309,95.8015267175572,77.0992366412214,80.9160305343512,83.206106870229,5.75,41,1,21,0.79,40,60,TRUE,TRUE,TRUE,FALSE,,TRUE
2019-08-01,260720804A,Rurópolis,IPOJUCA,-8.411,-35.07,15.4798425489309,95.8015267175572,77.0992366412214,80.9160305343512,83.206106870229,34.65,62,1,44,3.55,62,60,TRUE,TRUE,TRUE,TRUE,10.0526315789474,TRUE
2019-08-02,260720804A,Rurópolis,IPOJUCA,-8.411,-35.07,15.4798425489309,95.8015267175572,77.0992366412214,80.9160305343512,83.206106870229,29.29,53,0,36,2.56,54,70,FALSE,TRUE,TRUE,TRUE,33.3333333333333,TRUE
2019-08-03,260720804A,Rurópolis,IPOJUCA,-8.411,-35.07,15.4798425489309,95.8015267175572,77.0992366412214,80.9160305343512,83.206106870229,0,24,0,0,0,24,60,TRUE,TRUE,TRUE,TRUE,53.8333333333333,TRUE
2019-08-04,260720804A,Rurópolis,IPOJUCA,-8.411,-35.07,15.4798425489309,95.8015267175572,77.0992366412214,80.9160305343512,83.206106870229,0.99,26,0,2,0.79,26,60,TRUE,TRUE,TRUE,TRUE,69.125,TRUE
2019-08-05,260720804A,Rurópolis,IPOJUCA,-8.411,-35.07,15.4798425489309,95.8015267175572,77.0992366412214,80.9160305343512,83.206106870229,1.18,26,0,2,0.79,26,60,TRUE,TRUE,TRUE,TRUE,65.2916666666667,TRUE
2019-08-06,260720804A,Rurópolis,IPOJUCA,-8.411,-35.07,15.4798425489309,95.8015267175572,77.0992366412214,80.9160305343512,83.206106870229,3.94,31,0,7,1.38,31,60,TRUE,TRUE,TRUE,TRUE,44.8947368421053,TRUE
2019-08-07,260720804A,Rurópolis,IPOJUCA,-8.411,-35.07,15.4798425489309,95.8015267175572,77.0992366412214,80.9160305343512,83.206106870229,8.67,32,0,9,2.95,32,60,TRUE,TRUE,TRUE,TRUE,48.1666666666667,TRUE
2019-08-08,260720804A,Rurópolis,IPOJUCA,-8.411,-35.07,15.4798425489309,95.8015267175572,77.0992366412214,80.9160305343512,83.206106870229,11.7,39,0,16,3.8,39,70,FALSE,TRUE,TRUE,TRUE,37.3333333333333,TRUE
2019-08-09,260720804A,Rurópolis,IPOJUCA,-8.411,-35.07,15.4798425489309,95.8015267175572,77.0992366412214,80.9160305343512,83.206106870229,0,24,0,0,0,24,60,TRUE,TRUE,TRUE,TRUE,75.4583333333333,TRUE
2019-08-10,260720804A,Rurópolis,IPOJUCA,-8.411,-35.07,15.4798425489309,95.8015267175572,77.0992366412214,80.9160305343512,83.206106870229,0,24,0,0,0,24,60,TRUE,TRUE,TRUE,TRUE,75.9166666666667,TRUE
2019-08-11,260720804A,Rurópolis,IPOJUCA,-8.411,-35.07,15.4798425489309,95.8015267175572,77.0992366412214,80.9160305343512,83.206106870229,2.57,27,0,3,2.17,27,60,TRUE,TRUE,TRUE,TRUE,75.8333333333333,TRUE
2019-08-12,260720804A,Rurópolis,IPOJUCA,-8.411,-35.07,15.4798425489309,95.8015267175572,77.0992366412214,80.9160305343512,83.206106870229,7.1,38,0,15,1.18,38,60,TRUE,TRUE,TRUE,TRUE,42,TRUE
2019-08-13,260720804A,Rurópolis,IPOJUCA,-8.411,-35.07,15.4798425489309,95.8015267175572,77.0992366412214,80.9160305343512,83.206106870229,0.59,25,0,2,0.39,25,60,TRUE,TRUE,TRUE,TRUE,41.8695652173913,TRUE
2019-08-14,260720804A,Rurópolis,IPOJUCA,-8.411,-35.07,15.4798425489309,95.8015267175572,77.0992366412214,80.9160305343512,83.206106870229,40.95,74,0,62,3.94,74,60,TRUE,TRUE,TRUE,TRUE,16.9583333333333,TRUE
2019-08-15,260720804A,Rurópolis,IPOJUCA,-8.411,-35.07,15.4798425489309,95.8015267175572,77.0992366412214,80.9160305343512,83.206106870229,0.79,27,0,3,0.39,27,60,TRUE,TRUE,TRUE,TRUE,25.0833333333333,TRUE
2019-08-16,260720804A,Rurópolis,IPOJUCA,-8.411,-35.07,15.4798425489309,95.8015267175572,77.0992366412214,80.9160305343512,83.206106870229,3.75,28,0,6,2.56,28,60,TRUE,TRUE,TRUE,TRUE,31.7916666666667,TRUE
2019-08-17,260720804A,Rurópolis,IPOJUCA,-8.411,-35.07,15.4798425489309,95.8015267175572,77.0992366412214,80.9160305343512,83.206106870229,1.77,26,0,2,0.98,26,60,TRUE,TRUE,TRUE,TRUE,55.125,TRUE
2019-08-18,260720804A,Rurópolis,IPOJUCA,-8.411,-35.07,15.4798425489309,95.8015267175572,77.0992366412214,80.9160305343512,83.206106870229,12.01,32,0,9,3.94,32,60,TRUE,TRUE,TRUE,TRUE,57.7916666666667,TRUE
2019-08-19,260720804A,Rurópolis,IPOJUCA,-8.411,-35.07,15.4798425489309,95.8015267175572,77.0992366412214,80.9160305343512,83.206106870229,2.18,30,0,8,0.59,30,60,TRUE,TRUE,TRUE,TRUE,71.9166666666667,TRUE
2019-08-20,260720804A,Rurópolis,IPOJUCA,-8.411,-35.07,15.4798425489309,95.8015267175572,77.0992366412214,80.9160305343512,83.206106870229,0,24,0,0,0,24,60,TRUE,TRUE,TRUE,TRUE,71.25,TRUE
2019-08-21,260720804A,Rurópolis,IPOJUCA,-8.411,-35.07,15.4798425489309,95.8015267175572,77.0992366412214,80.9160305343512,83.206106870229,0,22,0,0,0,22,220,FALSE,FALSE,FALSE,TRUE,52.7727272727273,TRUE
2019-08-22,260720804A,Rurópolis,IPOJUCA,-8.411,-35.07,15.4798425489309,95.8015267175572,77.0992366412214,80.9160305343512,83.206106870229,2.17,29,1,6,0.98,28,60,TRUE,TRUE,TRUE,TRUE,14.5,TRUE
2019-08-23,260720804A,Rurópolis,IPOJUCA,-8.411,-35.07,15.4798425489309,95.8015267175572,77.0992366412214,80.9160305343512,83.206106870229,6.31,33,0,11,1.38,34,70,FALSE,TRUE,TRUE,TRUE,34.6363636363636,TRUE
2019-08-24,260720804A,Rurópolis,IPOJUCA,-8.411,-35.07,15.4798425489309,95.8015267175572,77.0992366412214,80.9160305343512,83.206106870229,13.69,31,0,11,7.37,31,60,TRUE,TRUE,TRUE,TRUE,35.2608695652174,TRUE
2019-08-25,260720804A,Rurópolis,IPOJUCA,-8.411,-35.07,15.4798425489309,95.8015267175572,77.0992366412214,80.9160305343512,83.206106870229,0.99,25,0,2,0.79,25,60,TRUE,TRUE,TRUE,TRUE,40.3333333333333,TRUE
2019-08-26,260720804A,Rurópolis,IPOJUCA,-8.411,-35.07,15.4798425489309,95.8015267175572,77.0992366412214,80.9160305343512,83.206106870229,0.4,26,0,2,0.2,26,60,TRUE,TRUE,TRUE,TRUE,41.125,TRUE
2019-08-27,260720804A,Rurópolis,IPOJUCA,-8.411,-35.07,15.4798425489309,95.8015267175572,77.0992366412214,80.9160305343512,83.206106870229,2.37,29,0,6,1.18,29,60,TRUE,TRUE,TRUE,TRUE,58.4166666666667,TRUE
2019-08-28,260720804A,Rurópolis,IPOJUCA,-8.411,-35.07,15.4798425489309,95.8015267175572,77.0992366412214,80.9160305343512,83.206106870229,0.98,13,0,3,0.39,13,2950,FALSE,FALSE,FALSE,TRUE,45,TRUE
2019-08-29,260720804A,Rurópolis,IPOJUCA,-8.411,-35.07,15.4798425489309,95.8015267175572,77.0992366412214,80.9160305343512,83.206106870229,,,,,,0,,FALSE,FALSE,FALSE,TRUE,52.1666666666667,FALSE
2019-08-30,260720804A,Rurópolis,IPOJUCA,-8.411,-35.07,15.4798425489309,95.8015267175572,77.0992366412214,80.9160305343512,83.206106870229,4.33,14,0,5,2.36,14,2950,FALSE,FALSE,FALSE,TRUE,55.4583333333333,TRUE
2019-08-31,260720804A,Rurópolis,IPOJUCA,-8.411,-35.07,15.4798425489309,95.8015267175572,77.0992366412214,80.9160305343512,83.206106870229,0,24,0,0,0,24,60,TRUE,TRUE,TRUE,TRUE,69.4583333333333,TRUE
2019-09-01,260720804A,Rurópolis,IPOJUCA,-8.411,-35.07,15.4798425489309,95.8015267175572,77.0992366412214,80.9160305343512,83.206106870229,40.65,46,0,29,9.34,46,70,FALSE,TRUE,TRUE,TRUE,36.375,TRUE
2019-09-02,260720804A,Rurópolis,IPOJUCA,-8.411,-35.07,15.4798425489309,95.8015267175572,77.0992366412214,80.9160305343512,83.206106870229,14,35,0,13,3.74,35,60,TRUE,TRUE,TRUE,TRUE,39.9583333333333,TRUE
2019-09-03,260720804A,Rurópolis,IPOJUCA,-8.411,-35.07,15.4798425489309,95.8015267175572,77.0992366412214,80.9160305343512,83.206106870229,0,24,0,0,0,24,60,TRUE,TRUE,TRUE,TRUE,49.6666666666667,TRUE
2019-09-04,260720804A,Rurópolis,IPOJUCA,-8.411,-35.07,15.4798425489309,95.8015267175572,77.0992366412214,80.9160305343512,83.206106870229,1.18,26,0,2,0.79,26,60,TRUE,TRUE,TRUE,TRUE,37.875,TRUE
2019-09-05,260720804A,Rurópolis,IPOJUCA,-8.411,-35.07,15.4798425489309,95.8015267175572,77.0992366412214,80.9160305343512,83.206106870229,1.2,30,1,6,0.2,29,60,TRUE,TRUE,TRUE,TRUE,26.9583333333333,TRUE
2019-09-06,260720804A,Rurópolis,IPOJUCA,-8.411,-35.07,15.4798425489309,95.8015267175572,77.0992366412214,80.9160305343512,83.206106870229,1.8,28,0,9,0.2,29,90,FALSE,FALSE,TRUE,TRUE,30.6363636363636,TRUE
2019-09-07,260720804A,Rurópolis,IPOJUCA,-8.411,-35.07,15.4798425489309,95.8015267175572,77.0992366412214,80.9160305343512,83.206106870229,2.36,28,0,6,0.79,28,60,TRUE,TRUE,TRUE,TRUE,28,TRUE
2019-09-08,260720804A,Rurópolis,IPOJUCA,-8.411,-35.07,15.4798425489309,95.8015267175572,77.0992366412214,80.9160305343512,83.206106870229,5.13,36,0,15,0.98,36,60,TRUE,TRUE,TRUE,TRUE,29.125,TRUE
2019-09-09,260720804A,Rurópolis,IPOJUCA,-8.411,-35.07,15.4798425489309,95.8015267175572,77.0992366412214,80.9160305343512,83.206106870229,1.37,26,0,2,0.98,26,60,TRUE,TRUE,TRUE,TRUE,48.8333333333333,TRUE
2019-09-10,260720804A,Rurópolis,IPOJUCA,-8.411,-35.07,15.4798425489309,95.8015267175572,77.0992366412214,80.9160305343512,83.206106870229,0,24,0,0,0,24,60,TRUE,TRUE,TRUE,TRUE,57.6666666666667,TRUE
2019-09-11,260720804A,Rurópolis,IPOJUCA,-8.411,-35.07,15.4798425489309,95.8015267175572,77.0992366412214,80.9160305343512,83.206106870229,4.33,28,0,5,2.17,28,60,TRUE,TRUE,TRUE,TRUE,46.75,TRUE
2019-09-12,260720804A,Rurópolis,IPOJUCA,-8.411,-35.07,15.4798425489309,95.8015267175572,77.0992366412214,80.9160305343512,83.206106870229,1.59,28,0,5,0.79,28,60,TRUE,TRUE,TRUE,TRUE,49.7826086956522,TRUE
2019-09-13,260720804A,Rurópolis,IPOJUCA,-8.411,-35.07,15.4798425489309,95.8015267175572,77.0992366412214,80.9160305343512,83.206106870229,0,24,0,0,0,24,60,TRUE,TRUE,TRUE,TRUE,54.0952380952381,TRUE
2019-09-14,260720804A,Rurópolis,IPOJUCA,-8.411,-35.07,15.4798425489309,95.8015267175572,77.0992366412214,80.9160305343512,83.206106870229,0,24,0,0,0,24,60,TRUE,TRUE,TRUE,TRUE,54.1666666666667,TRUE
2019-09-15,260720804A,Rurópolis,IPOJUCA,-8.411,-35.07,15.4798425489309,95.8015267175572,77.0992366412214,80.9160305343512,83.206106870229,1.76,26,0,2,1.37,26,60,TRUE,TRUE,TRUE,TRUE,40.3125,TRUE
2019-09-16,260720804A,Rurópolis,IPOJUCA,-8.411,-35.07,15.4798425489309,95.8015267175572,77.0992366412214,80.9160305343512,83.206106870229,0,24,0,0,0,24,60,TRUE,TRUE,TRUE,TRUE,38.3684210526316,TRUE
2019-09-17,260720804A,Rurópolis,IPOJUCA,-8.411,-35.07,15.4798425489309,95.8015267175572,77.0992366412214,80.9160305343512,83.206106870229,6.88,37,0,14,1.37,37,60,TRUE,TRUE,TRUE,TRUE,20.7826086956522,TRUE
2019-09-18,260720804A,Rurópolis,IPOJUCA,-8.411,-35.07,15.4798425489309,95.8015267175572,77.0992366412214,80.9160305343512,83.206106870229,0.4,25,0,2,0.2,25,60,TRUE,TRUE,TRUE,TRUE,50.1739130434783,TRUE
2019-09-19,260720804A,Rurópolis,IPOJUCA,-8.411,-35.07,15.4798425489309,95.8015267175572,77.0992366412214,80.9160305343512,83.206106870229,0,24,0,0,0,24,60,TRUE,TRUE,TRUE,TRUE,63.8636363636364,TRUE
2019-09-20,260720804A,Rurópolis,IPOJUCA,-8.411,-35.07,15.4798425489309,95.8015267175572,77.0992366412214,80.9160305343512,83.206106870229,4.92,33,0,11,0.98,33,60,TRUE,TRUE,TRUE,TRUE,31.5,TRUE
2019-09-21,260720804A,Rurópolis,IPOJUCA,-8.411,-35.07,15.4798425489309,95.8015267175572,77.0992366412214,80.9160305343512,83.206106870229,0.4,26,0,2,0.2,26,60,TRUE,TRUE,TRUE,TRUE,48.6666666666667,TRUE
2019-09-22,260720804A,Rurópolis,IPOJUCA,-8.411,-35.07,15.4798425489309,95.8015267175572,77.0992366412214,80.9160305343512,83.206106870229,4.53,32,1,10,0.98,31,60,TRUE,TRUE,TRUE,TRUE,41.1666666666667,TRUE
2019-09-23,260720804A,Rurópolis,IPOJUCA,-8.411,-35.07,15.4798425489309,95.8015267175572,77.0992366412214,80.9160305343512,83.206106870229,7.3,39,0,18,1.38,40,60,TRUE,TRUE,TRUE,TRUE,38.9047619047619,TRUE
2019-09-24,260720804A,Rurópolis,IPOJUCA,-8.411,-35.07,15.4798425489309,95.8015267175572,77.0992366412214,80.9160305343512,83.206106870229,0.2,25,0,1,0.2,25,60,TRUE,TRUE,TRUE,TRUE,45.9166666666667,TRUE
2019-09-25,260720804A,Rurópolis,IPOJUCA,-8.411,-35.07,15.4798425489309,95.8015267175572,77.0992366412214,80.9160305343512,83.206106870229,0,24,0,0,0,24,60,TRUE,TRUE,TRUE,TRUE,53.25,TRUE
2019-09-26,260720804A,Rurópolis,IPOJUCA,-8.411,-35.07,15.4798425489309,95.8015267175572,77.0992366412214,80.9160305343512,83.206106870229,0,24,0,0,0,24,60,TRUE,TRUE,TRUE,FALSE,,TRUE
2019-09-27,260720804A,Rurópolis,IPOJUCA,-8.411,-35.07,15.4798425489309,95.8015267175572,77.0992366412214,80.9160305343512,83.206106870229,0,24,0,0,0,24,60,TRUE,TRUE,TRUE,FALSE,,TRUE
2019-09-28,260720804A,Rurópolis,IPOJUCA,-8.411,-35.07,15.4798425489309,95.8015267175572,77.0992366412214,80.9160305343512,83.206106870229,0,24,0,0,0,24,60,TRUE,TRUE,TRUE,FALSE,,TRUE
2019-09-29,260720804A,Rurópolis,IPOJUCA,-8.411,-35.07,15.4798425489309,95.8015267175572,77.0992366412214,80.9160305343512,83.206106870229,0,24,0,0,0,24,60,TRUE,TRUE,TRUE,FALSE,,TRUE
2019-09-30,260720804A,Rurópolis,IPOJUCA,-8.411,-35.07,15.4798425489309,95.8015267175572,77.0992366412214,80.9160305343512,83.206106870229,0,24,0,0,0,24,60,TRUE,TRUE,TRUE,FALSE,,TRUE
2019-10-01,260720804A,Rurópolis,IPOJUCA,-8.411,-35.07,15.4798425489309,95.8015267175572,77.0992366412214,80.9160305343512,83.206106870229,0,24,0,0,0,24,60,TRUE,TRUE,TRUE,FALSE,,TRUE
2019-10-02,260720804A,Rurópolis,IPOJUCA,-8.411,-35.07,15.4798425489309,95.8015267175572,77.0992366412214,80.9160305343512,83.206106870229,0,24,0,0,0,24,60,TRUE,TRUE,TRUE,FALSE,,TRUE
2019-10-03,260720804A,Rurópolis,IPOJUCA,-8.411,-35.07,15.4798425489309,95.8015267175572,77.0992366412214,80.9160305343512,83.206106870229,0,24,0,0,0,24,60,TRUE,TRUE,TRUE,FALSE,,TRUE
2019-10-04,260720804A,Rurópolis,IPOJUCA,-8.411,-35.07,15.4798425489309,95.8015267175572,77.0992366412214,80.9160305343512,83.206106870229,0.6,27,0,3,0.2,27,60,TRUE,TRUE,TRUE,FALSE,,TRUE
2019-10-05,260720804A,Rurópolis,IPOJUCA,-8.411,-35.07,15.4798425489309,95.8015267175572,77.0992366412214,80.9160305343512,83.206106870229,0,24,0,0,0,24,60,TRUE,TRUE,TRUE,FALSE,,TRUE
2019-10-06,260720804A,Rurópolis,IPOJUCA,-8.411,-35.07,15.4798425489309,95.8015267175572,77.0992366412214,80.9160305343512,83.206106870229,0,24,0,0,0,24,60,TRUE,TRUE,TRUE,FALSE,,TRUE
2019-10-07,260720804A,Rurópolis,IPOJUCA,-8.411,-35.07,15.4798425489309,95.8015267175572,77.0992366412214,80.9160305343512,83.206106870229,0.2,25,0,1,0.2,25,60,TRUE,TRUE,TRUE,FALSE,,TRUE
2019-10-08,260720804A,Rurópolis,IPOJUCA,-8.411,-35.07,15.4798425489309,95.8015267175572,77.0992366412214,80.9160305343512,83.206106870229,2.96,18,0,5,1.18,18,870,FALSE,FALSE,FALSE,FALSE,,TRUE
2019-10-09,260720804A,Rurópolis,IPOJUCA,-8.411,-35.07,15.4798425489309,95.8015267175572,77.0992366412214,80.9160305343512,83.206106870229,2.56,1,0,1,2.56,1,1320,FALSE,FALSE,FALSE,FALSE,,TRUE
2019-10-10,260720804A,Rurópolis,IPOJUCA,-8.411,-35.07,15.4798425489309,95.8015267175572,77.0992366412214,80.9160305343512,83.206106870229,3.75,17,0,10,0.98,17,1320,FALSE,FALSE,FALSE,FALSE,,TRUE
2019-10-11,260720804A,Rurópolis,IPOJUCA,-8.411,-35.07,15.4798425489309,95.8015267175572,77.0992366412214,80.9160305343512,83.206106870229,10.63,31,0,8,2.95,31,60,TRUE,TRUE,TRUE,FALSE,,TRUE
2019-10-12,260720804A,Rurópolis,IPOJUCA,-8.411,-35.07,15.4798425489309,95.8015267175572,77.0992366412214,80.9160305343512,83.206106870229,0.79,27,0,3,0.39,27,60,TRUE,TRUE,TRUE,FALSE,,TRUE
2019-10-13,260720804A,Rurópolis,IPOJUCA,-8.411,-35.07,15.4798425489309,95.8015267175572,77.0992366412214,80.9160305343512,83.206106870229,7.68,17,1,11,1.97,16,630,FALSE,FALSE,FALSE,FALSE,,TRUE
2019-10-14,260720804A,Rurópolis,IPOJUCA,-8.411,-35.07,15.4798425489309,95.8015267175572,77.0992366412214,80.9160305343512,83.206106870229,4.33,8,0,8,1.38,9,1770,FALSE,FALSE,FALSE,FALSE,,TRUE
2019-10-15,260720804A,Rurópolis,IPOJUCA,-8.411,-35.07,15.4798425489309,95.8015267175572,77.0992366412214,80.9160305343512,83.206106870229,0,13,0,0,0,13,1770,FALSE,FALSE,FALSE,FALSE,,TRUE
2019-10-16,260720804A,Rurópolis,IPOJUCA,-8.411,-35.07,15.4798425489309,95.8015267175572,77.0992366412214,80.9160305343512,83.206106870229,0,24,0,0,0,24,60,TRUE,TRUE,TRUE,FALSE,,TRUE
2019-10-17,260720804A,Rurópolis,IPOJUCA,-8.411,-35.07,15.4798425489309,95.8015267175572,77.0992366412214,80.9160305343512,83.206106870229,0,24,0,0,0,24,60,TRUE,TRUE,TRUE,FALSE,,TRUE
2019-10-18,260720804A,Rurópolis,IPOJUCA,-8.411,-35.07,15.4798425489309,95.8015267175572,77.0992366412214,80.9160305343512,83.206106870229,11.07,45,0,28,0.98,45,80,FALSE,FALSE,TRUE,FALSE,,TRUE
2019-10-19,260720804A,Rurópolis,IPOJUCA,-8.411,-35.07,15.4798425489309,95.8015267175572,77.0992366412214,80.9160305343512,83.206106870229,0.39,25,0,1,0.39,25,60,TRUE,TRUE,TRUE,FALSE,,TRUE
2019-10-20,260720804A,Rurópolis,IPOJUCA,-8.411,-35.07,15.4798425489309,95.8015267175572,77.0992366412214,80.9160305343512,83.206106870229,0,24,0,0,0,24,60,TRUE,TRUE,TRUE,FALSE,,TRUE
2019-10-21,260720804A,Rurópolis,IPOJUCA,-8.411,-35.07,15.4798425489309,95.8015267175572,77.0992366412214,80.9160305343512,83.206106870229,0,24,0,0,0,24,60,TRUE,TRUE,TRUE,FALSE,,TRUE
2019-10-22,260720804A,Rurópolis,IPOJUCA,-8.411,-35.07,15.4798425489309,95.8015267175572,77.0992366412214,80.9160305343512,83.206106870229,0,24,0,0,0,24,60,TRUE,TRUE,TRUE,FALSE,,TRUE
2019-10-23,260720804A,Rurópolis,IPOJUCA,-8.411,-35.07,15.4798425489309,95.8015267175572,77.0992366412214,80.9160305343512,83.206106870229,0,24,0,0,0,24,60,TRUE,TRUE,TRUE,FALSE,,TRUE
2019-10-24,260720804A,Rurópolis,IPOJUCA,-8.411,-35.07,15.4798425489309,95.8015267175572,77.0992366412214,80.9160305343512,83.206106870229,0,24,0,0,0,24,60,TRUE,TRUE,TRUE,FALSE,,TRUE
2019-10-25,260720804A,Rurópolis,IPOJUCA,-8.411,-35.07,15.4798425489309,95.8015267175572,77.0992366412214,80.9160305343512,83.206106870229,0.4,26,1,2,0.2,25,60,TRUE,TRUE,TRUE,FALSE,,TRUE
2019-10-26,260720804A,Rurópolis,IPOJUCA,-8.411,-35.07,15.4798425489309,95.8015267175572,77.0992366412214,80.9160305343512,83.206106870229,3.35,27,0,3,2.17,28,60,TRUE,TRUE,TRUE,TRUE,39.5714285714286,TRUE
2019-10-27,260720804A,Rurópolis,IPOJUCA,-8.411,-35.07,15.4798425489309,95.8015267175572,77.0992366412214,80.9160305343512,83.206106870229,0,24,0,0,0,24,60,TRUE,TRUE,TRUE,TRUE,49.2916666666667,TRUE
2019-10-28,260720804A,Rurópolis,IPOJUCA,-8.411,-35.07,15.4798425489309,95.8015267175572,77.0992366412214,80.9160305343512,83.206106870229,0,24,0,0,0,24,60,TRUE,TRUE,TRUE,TRUE,56.625,TRUE
2019-10-29,260720804A,Rurópolis,IPOJUCA,-8.411,-35.07,15.4798425489309,95.8015267175572,77.0992366412214,80.9160305343512,83.206106870229,0,24,0,0,0,24,60,TRUE,TRUE,TRUE,TRUE,47.125,TRUE
2019-10-30,260720804A,Rurópolis,IPOJUCA,-8.411,-35.07,15.4798425489309,95.8015267175572,77.0992366412214,80.9160305343512,83.206106870229,0,24,0,0,0,24,60,TRUE,TRUE,TRUE,TRUE,40.4583333333333,TRUE
2019-10-31,260720804A,Rurópolis,IPOJUCA,-8.411,-35.07,15.4798425489309,95.8015267175572,77.0992366412214,80.9160305343512,83.206106870229,0,24,0,0,0,24,60,TRUE,TRUE,TRUE,TRUE,38.9583333333333,TRUE
2019-11-01,260720804A,Rurópolis,IPOJUCA,-8.411,-35.07,15.4798425489309,95.8015267175572,77.0992366412214,80.9160305343512,83.206106870229,0,24,0,0,0,24,60,TRUE,TRUE,TRUE,TRUE,36.5416666666667,TRUE
2019-11-02,260720804A,Rurópolis,IPOJUCA,-8.411,-35.07,15.4798425489309,95.8015267175572,77.0992366412214,80.9160305343512,83.206106870229,0,24,0,0,0,24,60,TRUE,TRUE,TRUE,TRUE,36.25,TRUE
2019-11-03,260720804A,Rurópolis,IPOJUCA,-8.411,-35.07,15.4798425489309,95.8015267175572,77.0992366412214,80.9160305343512,83.206106870229,8.66,15,0,6,2.95,15,8410,FALSE,FALSE,FALSE,TRUE,37.125,TRUE
2019-11-04,260720804A,Rurópolis,IPOJUCA,-8.411,-35.07,15.4798425489309,95.8015267175572,77.0992366412214,80.9160305343512,83.206106870229,,,,,,0,,FALSE,FALSE,FALSE,TRUE,42.375,FALSE
2019-11-05,260720804A,Rurópolis,IPOJUCA,-8.411,-35.07,15.4798425489309,95.8015267175572,77.0992366412214,80.9160305343512,83.206106870229,,,,,,0,,FALSE,FALSE,FALSE,TRUE,45.875,FALSE
2019-11-06,260720804A,Rurópolis,IPOJUCA,-8.411,-35.07,15.4798425489309,95.8015267175572,77.0992366412214,80.9160305343512,83.206106870229,,,,,,0,,FALSE,FALSE,FALSE,TRUE,44.6521739130435,FALSE
2019-11-07,260720804A,Rurópolis,IPOJUCA,-8.411,-35.07,15.4798425489309,95.8015267175572,77.0992366412214,80.9160305343512,83.206106870229,,,,,,0,,FALSE,FALSE,FALSE,TRUE,40.55,FALSE
2019-11-08,260720804A,Rurópolis,IPOJUCA,-8.411,-35.07,15.4798425489309,95.8015267175572,77.0992366412214,80.9160305343512,83.206106870229,,,,,,0,,FALSE,FALSE,FALSE,TRUE,36.0416666666667,FALSE
2019-11-09,260720804A,Rurópolis,IPOJUCA,-8.411,-35.07,15.4798425489309,95.8015267175572,77.0992366412214,80.9160305343512,83.206106870229,0.2,1,0,1,0.2,1,8410,FALSE,FALSE,FALSE,TRUE,44.625,TRUE
2019-11-10,260720804A,Rurópolis,IPOJUCA,-8.411,-35.07,15.4798425489309,95.8015267175572,77.0992366412214,80.9160305343512,83.206106870229,,,,,,0,,FALSE,FALSE,FALSE,TRUE,40.25,FALSE
2019-11-11,260720804A,Rurópolis,IPOJUCA,-8.411,-35.07,15.4798425489309,95.8015267175572,77.0992366412214,80.9160305343512,83.206106870229,,,,,,0,,FALSE,FALSE,FALSE,TRUE,42.5416666666667,FALSE
2019-11-12,260720804A,Rurópolis,IPOJUCA,-8.411,-35.07,15.4798425489309,95.8015267175572,77.0992366412214,80.9160305343512,83.206106870229,0,13,0,0,0,13,4610,FALSE,FALSE,FALSE,TRUE,80.8333333333333,TRUE
2019-11-13,260720804A,Rurópolis,IPOJUCA,-8.411,-35.07,15.4798425489309,95.8015267175572,77.0992366412214,80.9160305343512,83.206106870229,0.2,18,0,1,0.2,18,430,FALSE,FALSE,FALSE,TRUE,40.4583333333333,TRUE
2019-11-14,260720804A,Rurópolis,IPOJUCA,-8.411,-35.07,15.4798425489309,95.8015267175572,77.0992366412214,80.9160305343512,83.206106870229,0,24,0,0,0,24,60,TRUE,TRUE,TRUE,TRUE,36.125,TRUE
2019-11-15,260720804A,Rurópolis,IPOJUCA,-8.411,-35.07,15.4798425489309,95.8015267175572,77.0992366412214,80.9160305343512,83.206106870229,0,24,0,0,0,24,60,TRUE,TRUE,TRUE,TRUE,51.7142857142857,TRUE
2019-11-16,260720804A,Rurópolis,IPOJUCA,-8.411,-35.07,15.4798425489309,95.8015267175572,77.0992366412214,80.9160305343512,83.206106870229,0,24,0,0,0,24,60,TRUE,TRUE,TRUE,TRUE,55.5833333333333,TRUE
2019-11-17,260720804A,Rurópolis,IPOJUCA,-8.411,-35.07,15.4798425489309,95.8015267175572,77.0992366412214,80.9160305343512,83.206106870229,0.4,22,0,2,0.2,22,210,FALSE,FALSE,FALSE,TRUE,30.5833333333333,TRUE
2019-11-18,260720804A,Rurópolis,IPOJUCA,-8.411,-35.07,15.4798425489309,95.8015267175572,77.0992366412214,80.9160305343512,83.206106870229,0,24,0,0,0,24,80,FALSE,FALSE,TRUE,TRUE,37.0416666666667,TRUE
2019-11-19,260720804A,Rurópolis,IPOJUCA,-8.411,-35.07,15.4798425489309,95.8015267175572,77.0992366412214,80.9160305343512,83.206106870229,1.77,25,0,2,1.38,25,60,TRUE,TRUE,TRUE,TRUE,34.7619047619048,TRUE
2019-11-20,260720804A,Rurópolis,IPOJUCA,-8.411,-35.07,15.4798425489309,95.8015267175572,77.0992366412214,80.9160305343512,83.206106870229,0,24,0,0,0,24,60,TRUE,TRUE,TRUE,TRUE,36.3809523809524,TRUE
2019-11-21,260720804A,Rurópolis,IPOJUCA,-8.411,-35.07,15.4798425489309,95.8015267175572,77.0992366412214,80.9160305343512,83.206106870229,0,24,0,0,0,24,60,TRUE,TRUE,TRUE,TRUE,36.2083333333333,TRUE
2019-11-22,260720804A,Rurópolis,IPOJUCA,-8.411,-35.07,15.4798425489309,95.8015267175572,77.0992366412214,80.9160305343512,83.206106870229,0,24,0,0,0,24,60,TRUE,TRUE,TRUE,TRUE,36.7916666666667,TRUE
2019-11-23,260720804A,Rurópolis,IPOJUCA,-8.411,-35.07,15.4798425489309,95.8015267175572,77.0992366412214,80.9160305343512,83.206106870229,0,24,0,0,0,24,60,TRUE,TRUE,TRUE,TRUE,32.4583333333333,TRUE
2019-11-24,260720804A,Rurópolis,IPOJUCA,-8.411,-35.07,15.4798425489309,95.8015267175572,77.0992366412214,80.9160305343512,83.206106870229,0,24,0,0,0,24,60,TRUE,TRUE,TRUE,TRUE,39.2083333333333,TRUE
2019-11-25,260720804A,Rurópolis,IPOJUCA,-8.411,-35.07,15.4798425489309,95.8015267175572,77.0992366412214,80.9160305343512,83.206106870229,0,24,0,0,0,24,60,TRUE,TRUE,TRUE,FALSE,,TRUE
2019-11-26,260720804A,Rurópolis,IPOJUCA,-8.411,-35.07,15.4798425489309,95.8015267175572,77.0992366412214,80.9160305343512,83.206106870229,0,23,0,0,0,23,120,FALSE,FALSE,FALSE,FALSE,,TRUE
2019-11-27,260720804A,Rurópolis,IPOJUCA,-8.411,-35.07,15.4798425489309,95.8015267175572,77.0992366412214,80.9160305343512,83.206106870229,3.34,30,0,6,1.38,30,60,TRUE,TRUE,TRUE,FALSE,,TRUE
2019-11-28,260720804A,Rurópolis,IPOJUCA,-8.411,-35.07,15.4798425489309,95.8015267175572,77.0992366412214,80.9160305343512,83.206106870229,0,24,0,0,0,24,60,TRUE,TRUE,TRUE,FALSE,,TRUE
2019-11-29,260720804A,Rurópolis,IPOJUCA,-8.411,-35.07,15.4798425489309,95.8015267175572,77.0992366412214,80.9160305343512,83.206106870229,0,24,0,0,0,24,60,TRUE,TRUE,TRUE,FALSE,,TRUE
2019-11-30,260720804A,Rurópolis,IPOJUCA,-8.411,-35.07,15.4798425489309,95.8015267175572,77.0992366412214,80.9160305343512,83.206106870229,0,24,0,0,0,24,60,TRUE,TRUE,TRUE,FALSE,,TRUE
2019-12-01,260720804A,Rurópolis,IPOJUCA,-8.411,-35.07,15.4798425489309,95.8015267175572,77.0992366412214,80.9160305343512,83.206106870229,0,24,0,0,0,24,60,TRUE,TRUE,TRUE,FALSE,,TRUE
2019-12-02,260720804A,Rurópolis,IPOJUCA,-8.411,-35.07,15.4798425489309,95.8015267175572,77.0992366412214,80.9160305343512,83.206106870229,0,24,0,0,0,24,60,TRUE,TRUE,TRUE,FALSE,,TRUE
2019-12-03,260720804A,Rurópolis,IPOJUCA,-8.411,-35.07,15.4798425489309,95.8015267175572,77.0992366412214,80.9160305343512,83.206106870229,0,24,0,0,0,24,70,FALSE,TRUE,TRUE,FALSE,,TRUE
2019-12-04,260720804A,Rurópolis,IPOJUCA,-8.411,-35.07,15.4798425489309,95.8015267175572,77.0992366412214,80.9160305343512,83.206106870229,0,22,0,0,0,22,180,FALSE,FALSE,FALSE,FALSE,,TRUE
2019-12-05,260720804A,Rurópolis,IPOJUCA,-8.411,-35.07,15.4798425489309,95.8015267175572,77.0992366412214,80.9160305343512,83.206106870229,0,24,0,0,0,24,180,FALSE,FALSE,FALSE,FALSE,,TRUE
2019-12-06,260720804A,Rurópolis,IPOJUCA,-8.411,-35.07,15.4798425489309,95.8015267175572,77.0992366412214,80.9160305343512,83.206106870229,0,24,0,0,0,24,60,TRUE,TRUE,TRUE,FALSE,,TRUE
2019-12-07,260720804A,Rurópolis,IPOJUCA,-8.411,-35.07,15.4798425489309,95.8015267175572,77.0992366412214,80.9160305343512,83.206106870229,0,15,0,0,0,15,600,FALSE,FALSE,FALSE,FALSE,,TRUE
2019-12-08,260720804A,Rurópolis,IPOJUCA,-8.411,-35.07,15.4798425489309,95.8015267175572,77.0992366412214,80.9160305343512,83.206106870229,0,22,0,0,0,22,600,FALSE,FALSE,FALSE,FALSE,,TRUE
2019-12-09,260720804A,Rurópolis,IPOJUCA,-8.411,-35.07,15.4798425489309,95.8015267175572,77.0992366412214,80.9160305343512,83.206106870229,0,24,0,0,0,24,60,TRUE,TRUE,TRUE,FALSE,,TRUE
2019-12-10,260720804A,Rurópolis,IPOJUCA,-8.411,-35.07,15.4798425489309,95.8015267175572,77.0992366412214,80.9160305343512,83.206106870229,0,24,0,0,0,24,60,TRUE,TRUE,TRUE,FALSE,,TRUE
2019-12-11,260720804A,Rurópolis,IPOJUCA,-8.411,-35.07,15.4798425489309,95.8015267175572,77.0992366412214,80.9160305343512,83.206106870229,0,24,0,0,0,24,60,TRUE,TRUE,TRUE,FALSE,,TRUE
2019-12-12,260720804A,Rurópolis,IPOJUCA,-8.411,-35.07,15.4798425489309,95.8015267175572,77.0992366412214,80.9160305343512,83.206106870229,0,24,0,0,0,24,70,FALSE,TRUE,TRUE,FALSE,,TRUE
2019-12-13,260720804A,Rurópolis,IPOJUCA,-8.411,-35.07,15.4798425489309,95.8015267175572,77.0992366412214,80.9160305343512,83.206106870229,0,24,0,0,0,24,70,FALSE,TRUE,TRUE,FALSE,,TRUE
2019-12-14,260720804A,Rurópolis,IPOJUCA,-8.411,-35.07,15.4798425489309,95.8015267175572,77.0992366412214,80.9160305343512,83.206106870229,0.39,22,0,1,0.39,22,230,FALSE,FALSE,FALSE,FALSE,,TRUE
2019-12-15,260720804A,Rurópolis,IPOJUCA,-8.411,-35.07,15.4798425489309,95.8015267175572,77.0992366412214,80.9160305343512,83.206106870229,2.38,30,0,8,0.79,30,60,TRUE,TRUE,TRUE,FALSE,,TRUE
2019-12-16,260720804A,Rurópolis,IPOJUCA,-8.411,-35.07,15.4798425489309,95.8015267175572,77.0992366412214,80.9160305343512,83.206106870229,45.16,54,0,35,5.21,54,60,TRUE,TRUE,TRUE,FALSE,,TRUE
2019-12-17,260720804A,Rurópolis,IPOJUCA,-8.411,-35.07,15.4798425489309,95.8015267175572,77.0992366412214,80.9160305343512,83.206106870229,1.39,28,0,5,0.59,28,60,TRUE,TRUE,TRUE,FALSE,,TRUE
2019-12-18,260720804A,Rurópolis,IPOJUCA,-8.411,-35.07,15.4798425489309,95.8015267175572,77.0992366412214,80.9160305343512,83.206106870229,0,24,0,0,0,24,70,FALSE,TRUE,TRUE,FALSE,,TRUE
2019-12-19,260720804A,Rurópolis,IPOJUCA,-8.411,-35.07,15.4798425489309,95.8015267175572,77.0992366412214,80.9160305343512,83.206106870229,1.97,28,0,5,0.59,28,60,TRUE,TRUE,TRUE,FALSE,,TRUE
2019-12-20,260720804A,Rurópolis,IPOJUCA,-8.411,-35.07,15.4798425489309,95.8015267175572,77.0992366412214,80.9160305343512,83.206106870229,5.9,30,0,7,2.95,30,90,FALSE,FALSE,TRUE,FALSE,,TRUE
2019-12-21,260720804A,Rurópolis,IPOJUCA,-8.411,-35.07,15.4798425489309,95.8015267175572,77.0992366412214,80.9160305343512,83.206106870229,0,24,0,0,0,24,60,TRUE,TRUE,TRUE,FALSE,,TRUE
2019-12-22,260720804A,Rurópolis,IPOJUCA,-8.411,-35.07,15.4798425489309,95.8015267175572,77.0992366412214,80.9160305343512,83.206106870229,2.96,19,0,2,2.76,19,450,FALSE,FALSE,FALSE,FALSE,,TRUE
2019-12-23,260720804A,Rurópolis,IPOJUCA,-8.411,-35.07,15.4798425489309,95.8015267175572,77.0992366412214,80.9160305343512,83.206106870229,0,24,0,0,0,24,100,FALSE,FALSE,FALSE,FALSE,,TRUE
2019-12-24,260720804A,Rurópolis,IPOJUCA,-8.411,-35.07,15.4798425489309,95.8015267175572,77.0992366412214,80.9160305343512,83.206106870229,0,23,0,0,0,23,130,FALSE,FALSE,FALSE,FALSE,,TRUE
2019-12-25,260720804A,Rurópolis,IPOJUCA,-8.411,-35.07,15.4798425489309,95.8015267175572,77.0992366412214,80.9160305343512,83.206106870229,0,24,0,0,0,24,70,FALSE,TRUE,TRUE,FALSE,,TRUE
2019-12-26,260720804A,Rurópolis,IPOJUCA,-8.411,-35.07,15.4798425489309,95.8015267175572,77.0992366412214,80.9160305343512,83.206106870229,1.18,24,0,1,1.18,24,60,TRUE,TRUE,TRUE,TRUE,64.7619047619048,TRUE
2019-12-27,260720804A,Rurópolis,IPOJUCA,-8.411,-35.07,15.4798425489309,95.8015267175572,77.0992366412214,80.9160305343512,83.206106870229,0.39,25,0,1,0.39,25,60,TRUE,TRUE,TRUE,TRUE,45.9166666666667,TRUE
2019-12-28,260720804A,Rurópolis,IPOJUCA,-8.411,-35.07,15.4798425489309,95.8015267175572,77.0992366412214,80.9160305343512,83.206106870229,0,24,0,0,0,24,60,TRUE,TRUE,TRUE,TRUE,44.125,TRUE
2019-12-29,260720804A,Rurópolis,IPOJUCA,-8.411,-35.07,15.4798425489309,95.8015267175572,77.0992366412214,80.9160305343512,83.206106870229,0,24,0,0,0,24,60,TRUE,TRUE,TRUE,TRUE,43.7083333333333,TRUE
2019-12-30,260720804A,Rurópolis,IPOJUCA,-8.411,-35.07,15.4798425489309,95.8015267175572,77.0992366412214,80.9160305343512,83.206106870229,0,24,0,0,0,24,60,TRUE,TRUE,TRUE,TRUE,43.4166666666667,TRUE
2019-12-31,260720804A,Rurópolis,IPOJUCA,-8.411,-35.07,15.4798425489309,95.8015267175572,77.0992366412214,80.9160305343512,83.206106870229,0,24,0,0,0,24,80,FALSE,FALSE,TRUE,TRUE,53.4583333333333,TRUE
2019-01-01,260790104A,Prazeres,JABOATÃO DOS GUARARAPES,-8.188,-34.953,15.6817706880758,93.5114503816794,80.5343511450382,82.824427480916,84.351145038168,0.2,24,1,1,0.2,24,60,TRUE,TRUE,TRUE,TRUE,89.2380952380952,TRUE
2019-01-02,260790104A,Prazeres,JABOATÃO DOS GUARARAPES,-8.188,-34.953,15.6817706880758,93.5114503816794,80.5343511450382,82.824427480916,84.351145038168,0.2,25,1,1,0.2,25,60,TRUE,TRUE,TRUE,TRUE,76,TRUE
2019-01-03,260790104A,Prazeres,JABOATÃO DOS GUARARAPES,-8.188,-34.953,15.6817706880758,93.5114503816794,80.5343511450382,82.824427480916,84.351145038168,0,24,1,0,0,24,60,TRUE,TRUE,TRUE,TRUE,52.1666666666667,TRUE
2019-01-04,260790104A,Prazeres,JABOATÃO DOS GUARARAPES,-8.188,-34.953,15.6817706880758,93.5114503816794,80.5343511450382,82.824427480916,84.351145038168,0,24,1,0,0,24,60,TRUE,TRUE,TRUE,TRUE,57.5,TRUE
2019-01-05,260790104A,Prazeres,JABOATÃO DOS GUARARAPES,-8.188,-34.953,15.6817706880758,93.5114503816794,80.5343511450382,82.824427480916,84.351145038168,0,24,1,0,0,24,60,TRUE,TRUE,TRUE,TRUE,50.4583333333333,TRUE
2019-01-06,260790104A,Prazeres,JABOATÃO DOS GUARARAPES,-8.188,-34.953,15.6817706880758,93.5114503816794,80.5343511450382,82.824427480916,84.351145038168,1.39,27,1,4,0.79,27,60,TRUE,TRUE,TRUE,TRUE,29.9583333333333,TRUE
2019-01-07,260790104A,Prazeres,JABOATÃO DOS GUARARAPES,-8.188,-34.953,15.6817706880758,93.5114503816794,80.5343511450382,82.824427480916,84.351145038168,13.2,38,1,19,2.95,38,60,TRUE,TRUE,TRUE,TRUE,23.7619047619048,TRUE
2019-01-08,260790104A,Prazeres,JABOATÃO DOS GUARARAPES,-8.188,-34.953,15.6817706880758,93.5114503816794,80.5343511450382,82.824427480916,84.351145038168,0,24,1,0,0,24,60,TRUE,TRUE,TRUE,TRUE,42.5416666666667,TRUE
2019-01-09,260790104A,Prazeres,JABOATÃO DOS GUARARAPES,-8.188,-34.953,15.6817706880758,93.5114503816794,80.5343511450382,82.824427480916,84.351145038168,0.2,24,1,1,0.2,24,60,TRUE,TRUE,TRUE,TRUE,41.9166666666667,TRUE
2019-01-10,260790104A,Prazeres,JABOATÃO DOS GUARARAPES,-8.188,-34.953,15.6817706880758,93.5114503816794,80.5343511450382,82.824427480916,84.351145038168,0,24,1,0,0,24,60,TRUE,TRUE,TRUE,TRUE,37.6666666666667,TRUE
2019-01-11,260790104A,Prazeres,JABOATÃO DOS GUARARAPES,-8.188,-34.953,15.6817706880758,93.5114503816794,80.5343511450382,82.824427480916,84.351145038168,0.4,25,1,2,0.2,25,70,FALSE,TRUE,TRUE,TRUE,38.7272727272727,TRUE
2019-01-12,260790104A,Prazeres,JABOATÃO DOS GUARARAPES,-8.188,-34.953,15.6817706880758,93.5114503816794,80.5343511450382,82.824427480916,84.351145038168,4.72,35,1,12,0.98,35,60,TRUE,TRUE,TRUE,TRUE,14.8333333333333,TRUE
2019-01-13,260790104A,Prazeres,JABOATÃO DOS GUARARAPES,-8.188,-34.953,15.6817706880758,93.5114503816794,80.5343511450382,82.824427480916,84.351145038168,0.2,24,1,1,0.2,24,60,TRUE,TRUE,TRUE,TRUE,29.6666666666667,TRUE
2019-01-14,260790104A,Prazeres,JABOATÃO DOS GUARARAPES,-8.188,-34.953,15.6817706880758,93.5114503816794,80.5343511450382,82.824427480916,84.351145038168,0.2,25,1,1,0.2,25,60,TRUE,TRUE,TRUE,TRUE,36.3333333333333,TRUE
2019-01-15,260790104A,Prazeres,JABOATÃO DOS GUARARAPES,-8.188,-34.953,15.6817706880758,93.5114503816794,80.5343511450382,82.824427480916,84.351145038168,0,24,1,0,0,24,60,TRUE,TRUE,TRUE,TRUE,37.695652173913,TRUE
2019-01-16,260790104A,Prazeres,JABOATÃO DOS GUARARAPES,-8.188,-34.953,15.6817706880758,93.5114503816794,80.5343511450382,82.824427480916,84.351145038168,0,24,1,0,0,24,60,TRUE,TRUE,TRUE,TRUE,32.9583333333333,TRUE
2019-01-17,260790104A,Prazeres,JABOATÃO DOS GUARARAPES,-8.188,-34.953,15.6817706880758,93.5114503816794,80.5343511450382,82.824427480916,84.351145038168,0,24,1,0,0,24,60,TRUE,TRUE,TRUE,TRUE,24.8333333333333,TRUE
2019-01-18,260790104A,Prazeres,JABOATÃO DOS GUARARAPES,-8.188,-34.953,15.6817706880758,93.5114503816794,80.5343511450382,82.824427480916,84.351145038168,0.98,25,1,2,0.59,25,70,FALSE,TRUE,TRUE,TRUE,32.9166666666667,TRUE
2019-01-19,260790104A,Prazeres,JABOATÃO DOS GUARARAPES,-8.188,-34.953,15.6817706880758,93.5114503816794,80.5343511450382,82.824427480916,84.351145038168,0.59,25,1,1,0.59,25,60,TRUE,TRUE,TRUE,TRUE,34.7916666666667,TRUE
2019-01-20,260790104A,Prazeres,JABOATÃO DOS GUARARAPES,-8.188,-34.953,15.6817706880758,93.5114503816794,80.5343511450382,82.824427480916,84.351145038168,0,24,1,0,0,24,60,TRUE,TRUE,TRUE,TRUE,34.125,TRUE
2019-01-21,260790104A,Prazeres,JABOATÃO DOS GUARARAPES,-8.188,-34.953,15.6817706880758,93.5114503816794,80.5343511450382,82.824427480916,84.351145038168,0,24,1,0,0,24,60,TRUE,TRUE,TRUE,TRUE,38.8333333333333,TRUE
2019-01-22,260790104A,Prazeres,JABOATÃO DOS GUARARAPES,-8.188,-34.953,15.6817706880758,93.5114503816794,80.5343511450382,82.824427480916,84.351145038168,5.12,31,1,8,0.98,31,60,TRUE,TRUE,TRUE,TRUE,25.6363636363636,TRUE
2019-01-23,260790104A,Prazeres,JABOATÃO DOS GUARARAPES,-8.188,-34.953,15.6817706880758,93.5114503816794,80.5343511450382,82.824427480916,84.351145038168,1.19,26,1,3,0.79,26,60,TRUE,TRUE,TRUE,TRUE,33.7916666666667,TRUE
2019-01-24,260790104A,Prazeres,JABOATÃO DOS GUARARAPES,-8.188,-34.953,15.6817706880758,93.5114503816794,80.5343511450382,82.824427480916,84.351145038168,0.2,24,1,1,0.2,24,60,TRUE,TRUE,TRUE,TRUE,38.6666666666667,TRUE
2019-01-25,260790104A,Prazeres,JABOATÃO DOS GUARARAPES,-8.188,-34.953,15.6817706880758,93.5114503816794,80.5343511450382,82.824427480916,84.351145038168,0,24,1,0,0,24,60,TRUE,TRUE,TRUE,TRUE,38.6666666666667,TRUE
2019-01-26,260790104A,Prazeres,JABOATÃO DOS GUARARAPES,-8.188,-34.953,15.6817706880758,93.5114503816794,80.5343511450382,82.824427480916,84.351145038168,0,24,1,0,0,24,60,TRUE,TRUE,TRUE,TRUE,44.7083333333333,TRUE
2019-01-27,260790104A,Prazeres,JABOATÃO DOS GUARARAPES,-8.188,-34.953,15.6817706880758,93.5114503816794,80.5343511450382,82.824427480916,84.351145038168,0,24,1,0,0,24,60,TRUE,TRUE,TRUE,TRUE,40.5,TRUE
2019-01-28,260790104A,Prazeres,JABOATÃO DOS GUARARAPES,-8.188,-34.953,15.6817706880758,93.5114503816794,80.5343511450382,82.824427480916,84.351145038168,28.56,55,1,37,4.14,55,60,TRUE,TRUE,TRUE,TRUE,22.25,TRUE
2019-01-29,260790104A,Prazeres,JABOATÃO DOS GUARARAPES,-8.188,-34.953,15.6817706880758,93.5114503816794,80.5343511450382,82.824427480916,84.351145038168,0.2,25,1,1,0.2,25,60,TRUE,TRUE,TRUE,TRUE,26.4782608695652,TRUE
2019-01-30,260790104A,Prazeres,JABOATÃO DOS GUARARAPES,-8.188,-34.953,15.6817706880758,93.5114503816794,80.5343511450382,82.824427480916,84.351145038168,0,24,1,0,0,24,60,TRUE,TRUE,TRUE,TRUE,30.9166666666667,TRUE
2019-01-31,260790104A,Prazeres,JABOATÃO DOS GUARARAPES,-8.188,-34.953,15.6817706880758,93.5114503816794,80.5343511450382,82.824427480916,84.351145038168,0.79,24,1,1,0.79,24,120,FALSE,FALSE,FALSE,TRUE,37,TRUE
2019-02-01,260790104A,Prazeres,JABOATÃO DOS GUARARAPES,-8.188,-34.953,15.6817706880758,93.5114503816794,80.5343511450382,82.824427480916,84.351145038168,0,24,1,0,0,24,60,TRUE,TRUE,TRUE,TRUE,32.75,TRUE
2019-02-02,260790104A,Prazeres,JABOATÃO DOS GUARARAPES,-8.188,-34.953,15.6817706880758,93.5114503816794,80.5343511450382,82.824427480916,84.351145038168,7.87,29,1,8,3.54,29,60,TRUE,TRUE,TRUE,TRUE,30.5416666666667,TRUE
2019-02-03,260790104A,Prazeres,JABOATÃO DOS GUARARAPES,-8.188,-34.953,15.6817706880758,93.5114503816794,80.5343511450382,82.824427480916,84.351145038168,24.03,46,1,27,5.51,46,60,TRUE,TRUE,TRUE,TRUE,15.2083333333333,TRUE
2019-02-04,260790104A,Prazeres,JABOATÃO DOS GUARARAPES,-8.188,-34.953,15.6817706880758,93.5114503816794,80.5343511450382,82.824427480916,84.351145038168,4.14,31,1,9,1.37,31,60,TRUE,TRUE,TRUE,TRUE,16.8333333333333,TRUE
2019-02-05,260790104A,Prazeres,JABOATÃO DOS GUARARAPES,-8.188,-34.953,15.6817706880758,93.5114503816794,80.5343511450382,82.824427480916,84.351145038168,9.47,35,1,15,3.94,35,60,TRUE,TRUE,TRUE,TRUE,16,TRUE
2019-02-06,260790104A,Prazeres,JABOATÃO DOS GUARARAPES,-8.188,-34.953,15.6817706880758,93.5114503816794,80.5343511450382,82.824427480916,84.351145038168,57.53,58,1,42,6.1,58,70,FALSE,TRUE,TRUE,TRUE,15.5238095238095,TRUE
2019-02-07,260790104A,Prazeres,JABOATÃO DOS GUARARAPES,-8.188,-34.953,15.6817706880758,93.5114503816794,80.5343511450382,82.824427480916,84.351145038168,0,18,0,0,0,19,1690,FALSE,FALSE,FALSE,TRUE,35.25,TRUE
2019-02-08,260790104A,Prazeres,JABOATÃO DOS GUARARAPES,-8.188,-34.953,15.6817706880758,93.5114503816794,80.5343511450382,82.824427480916,84.351145038168,0,1,0,0,0,1,1690,FALSE,FALSE,FALSE,TRUE,50.75,TRUE
2019-02-09,260790104A,Prazeres,JABOATÃO DOS GUARARAPES,-8.188,-34.953,15.6817706880758,93.5114503816794,80.5343511450382,82.824427480916,84.351145038168,0.4,2,0,2,0.2,2,2150,FALSE,FALSE,FALSE,TRUE,54.125,TRUE
2019-02-10,260790104A,Prazeres,JABOATÃO DOS GUARARAPES,-8.188,-34.953,15.6817706880758,93.5114503816794,80.5343511450382,82.824427480916,84.351145038168,0.2,4,1,1,0.2,3,2150,FALSE,FALSE,FALSE,TRUE,46.75,TRUE
2019-02-11,260790104A,Prazeres,JABOATÃO DOS GUARARAPES,-8.188,-34.953,15.6817706880758,93.5114503816794,80.5343511450382,82.824427480916,84.351145038168,0.4,26,1,2,0.2,26,60,TRUE,TRUE,TRUE,TRUE,45.875,TRUE
2019-02-12,260790104A,Prazeres,JABOATÃO DOS GUARARAPES,-8.188,-34.953,15.6817706880758,93.5114503816794,80.5343511450382,82.824427480916,84.351145038168,2.17,28,1,6,0.79,28,70,FALSE,TRUE,TRUE,TRUE,35.7272727272727,TRUE
2019-02-13,260790104A,Prazeres,JABOATÃO DOS GUARARAPES,-8.188,-34.953,15.6817706880758,93.5114503816794,80.5343511450382,82.824427480916,84.351145038168,10.65,46,1,26,0.98,46,60,TRUE,TRUE,TRUE,TRUE,23.625,TRUE
2019-02-14,260790104A,Prazeres,JABOATÃO DOS GUARARAPES,-8.188,-34.953,15.6817706880758,93.5114503816794,80.5343511450382,82.824427480916,84.351145038168,0,24,1,0,0,24,60,TRUE,TRUE,TRUE,TRUE,25.4444444444444,TRUE
2019-02-15,260790104A,Prazeres,JABOATÃO DOS GUARARAPES,-8.188,-34.953,15.6817706880758,93.5114503816794,80.5343511450382,82.824427480916,84.351145038168,0,24,1,0,0,24,60,TRUE,TRUE,TRUE,TRUE,23.2083333333333,TRUE
2019-02-16,260790104A,Prazeres,JABOATÃO DOS GUARARAPES,-8.188,-34.953,15.6817706880758,93.5114503816794,80.5343511450382,82.824427480916,84.351145038168,4.54,28,1,8,1.18,28,350,FALSE,FALSE,FALSE,TRUE,24.7083333333333,TRUE
2019-02-17,260790104A,Prazeres,JABOATÃO DOS GUARARAPES,-8.188,-34.953,15.6817706880758,93.5114503816794,80.5343511450382,82.824427480916,84.351145038168,10.05,33,1,9,3.94,33,60,TRUE,TRUE,TRUE,TRUE,21.047619047619,TRUE
2019-02-18,260790104A,Prazeres,JABOATÃO DOS GUARARAPES,-8.188,-34.953,15.6817706880758,93.5114503816794,80.5343511450382,82.824427480916,84.351145038168,0,24,1,0,0,24,60,TRUE,TRUE,TRUE,TRUE,40.0416666666667,TRUE
2019-02-19,260790104A,Prazeres,JABOATÃO DOS GUARARAPES,-8.188,-34.953,15.6817706880758,93.5114503816794,80.5343511450382,82.824427480916,84.351145038168,0,24,1,0,0,24,60,TRUE,TRUE,TRUE,TRUE,42.5833333333333,TRUE
2019-02-20,260790104A,Prazeres,JABOATÃO DOS GUARARAPES,-8.188,-34.953,15.6817706880758,93.5114503816794,80.5343511450382,82.824427480916,84.351145038168,0,24,1,0,0,24,60,TRUE,TRUE,TRUE,TRUE,31,TRUE
2019-02-21,260790104A,Prazeres,JABOATÃO DOS GUARARAPES,-8.188,-34.953,15.6817706880758,93.5114503816794,80.5343511450382,82.824427480916,84.351145038168,0,24,1,0,0,24,60,TRUE,TRUE,TRUE,TRUE,34.5416666666667,TRUE
2019-02-22,260790104A,Prazeres,JABOATÃO DOS GUARARAPES,-8.188,-34.953,15.6817706880758,93.5114503816794,80.5343511450382,82.824427480916,84.351145038168,5.12,26,1,3,4.72,26,60,TRUE,TRUE,TRUE,TRUE,40.1666666666667,TRUE
2019-02-23,260790104A,Prazeres,JABOATÃO DOS GUARARAPES,-8.188,-34.953,15.6817706880758,93.5114503816794,80.5343511450382,82.824427480916,84.351145038168,0,17,0,0,0,18,460,FALSE,FALSE,FALSE,TRUE,45.5416666666667,TRUE
2019-02-24,260790104A,Prazeres,JABOATÃO DOS GUARARAPES,-8.188,-34.953,15.6817706880758,93.5114503816794,80.5343511450382,82.824427480916,84.351145038168,0,25,1,0,0,24,460,FALSE,FALSE,FALSE,TRUE,26.7083333333333,TRUE
2019-02-25,260790104A,Prazeres,JABOATÃO DOS GUARARAPES,-8.188,-34.953,15.6817706880758,93.5114503816794,80.5343511450382,82.824427480916,84.351145038168,0,24,1,0,0,24,60,TRUE,TRUE,TRUE,TRUE,43.5416666666667,TRUE
2019-02-26,260790104A,Prazeres,JABOATÃO DOS GUARARAPES,-8.188,-34.953,15.6817706880758,93.5114503816794,80.5343511450382,82.824427480916,84.351145038168,2.95,28,1,4,1.57,28,60,TRUE,TRUE,TRUE,FALSE,,TRUE
2019-02-27,260790104A,Prazeres,JABOATÃO DOS GUARARAPES,-8.188,-34.953,15.6817706880758,93.5114503816794,80.5343511450382,82.824427480916,84.351145038168,0,24,1,0,0,24,60,TRUE,TRUE,TRUE,FALSE,,TRUE
2019-02-28,260790104A,Prazeres,JABOATÃO DOS GUARARAPES,-8.188,-34.953,15.6817706880758,93.5114503816794,80.5343511450382,82.824427480916,84.351145038168,0,24,1,0,0,24,60,TRUE,TRUE,TRUE,FALSE,,TRUE
2019-03-01,260790104A,Prazeres,JABOATÃO DOS GUARARAPES,-8.188,-34.953,15.6817706880758,93.5114503816794,80.5343511450382,82.824427480916,84.351145038168,16.41,30,1,8,13.05,30,60,TRUE,TRUE,TRUE,FALSE,,TRUE
2019-03-02,260790104A,Prazeres,JABOATÃO DOS GUARARAPES,-8.188,-34.953,15.6817706880758,93.5114503816794,80.5343511450382,82.824427480916,84.351145038168,3.36,29,1,6,2.17,29,60,TRUE,TRUE,TRUE,FALSE,,TRUE
2019-03-03,260790104A,Prazeres,JABOATÃO DOS GUARARAPES,-8.188,-34.953,15.6817706880758,93.5114503816794,80.5343511450382,82.824427480916,84.351145038168,0.99,28,1,4,0.39,28,60,TRUE,TRUE,TRUE,FALSE,,TRUE
2019-03-04,260790104A,Prazeres,JABOATÃO DOS GUARARAPES,-8.188,-34.953,15.6817706880758,93.5114503816794,80.5343511450382,82.824427480916,84.351145038168,1.77,26,1,2,1.57,26,60,TRUE,TRUE,TRUE,FALSE,,TRUE
2019-03-05,260790104A,Prazeres,JABOATÃO DOS GUARARAPES,-8.188,-34.953,15.6817706880758,93.5114503816794,80.5343511450382,82.824427480916,84.351145038168,29.18,29,1,5,11.79,29,60,TRUE,TRUE,TRUE,FALSE,,TRUE
2019-03-06,260790104A,Prazeres,JABOATÃO DOS GUARARAPES,-8.188,-34.953,15.6817706880758,93.5114503816794,80.5343511450382,82.824427480916,84.351145038168,1.57,28,1,5,0.39,28,60,TRUE,TRUE,TRUE,FALSE,,TRUE
2019-03-07,260790104A,Prazeres,JABOATÃO DOS GUARARAPES,-8.188,-34.953,15.6817706880758,93.5114503816794,80.5343511450382,82.824427480916,84.351145038168,0,24,1,0,0,24,60,TRUE,TRUE,TRUE,FALSE,,TRUE
2019-03-08,260790104A,Prazeres,JABOATÃO DOS GUARARAPES,-8.188,-34.953,15.6817706880758,93.5114503816794,80.5343511450382,82.824427480916,84.351145038168,0.2,25,1,1,0.2,25,60,TRUE,TRUE,TRUE,FALSE,,TRUE
2019-03-09,260790104A,Prazeres,JABOATÃO DOS GUARARAPES,-8.188,-34.953,15.6817706880758,93.5114503816794,80.5343511450382,82.824427480916,84.351145038168,0.59,25,1,1,0.59,25,60,TRUE,TRUE,TRUE,FALSE,,TRUE
2019-03-10,260790104A,Prazeres,JABOATÃO DOS GUARARAPES,-8.188,-34.953,15.6817706880758,93.5114503816794,80.5343511450382,82.824427480916,84.351145038168,0,24,1,0,0,24,60,TRUE,TRUE,TRUE,FALSE,,TRUE
2019-03-11,260790104A,Prazeres,JABOATÃO DOS GUARARAPES,-8.188,-34.953,15.6817706880758,93.5114503816794,80.5343511450382,82.824427480916,84.351145038168,0,24,1,0,0,24,60,TRUE,TRUE,TRUE,FALSE,,TRUE
2019-03-12,260790104A,Prazeres,JABOATÃO DOS GUARARAPES,-8.188,-34.953,15.6817706880758,93.5114503816794,80.5343511450382,82.824427480916,84.351145038168,1.18,25,1,1,1.18,25,60,TRUE,TRUE,TRUE,FALSE,,TRUE
2019-03-13,260790104A,Prazeres,JABOATÃO DOS GUARARAPES,-8.188,-34.953,15.6817706880758,93.5114503816794,80.5343511450382,82.824427480916,84.351145038168,0.6,26,1,3,0.2,26,60,TRUE,TRUE,TRUE,FALSE,,TRUE
2019-03-14,260790104A,Prazeres,JABOATÃO DOS GUARARAPES,-8.188,-34.953,15.6817706880758,93.5114503816794,80.5343511450382,82.824427480916,84.351145038168,0.39,25,1,1,0.39,25,60,TRUE,TRUE,TRUE,FALSE,,TRUE
2019-03-15,260790104A,Prazeres,JABOATÃO DOS GUARARAPES,-8.188,-34.953,15.6817706880758,93.5114503816794,80.5343511450382,82.824427480916,84.351145038168,1.57,24,1,1,1.57,24,60,TRUE,TRUE,TRUE,FALSE,,TRUE
2019-03-16,260790104A,Prazeres,JABOATÃO DOS GUARARAPES,-8.188,-34.953,15.6817706880758,93.5114503816794,80.5343511450382,82.824427480916,84.351145038168,2.56,26,1,2,2.36,26,60,TRUE,TRUE,TRUE,FALSE,,TRUE
2019-03-17,260790104A,Prazeres,JABOATÃO DOS GUARARAPES,-8.188,-34.953,15.6817706880758,93.5114503816794,80.5343511450382,82.824427480916,84.351145038168,0,24,1,0,0,24,60,TRUE,TRUE,TRUE,FALSE,,TRUE
2019-03-18,260790104A,Prazeres,JABOATÃO DOS GUARARAPES,-8.188,-34.953,15.6817706880758,93.5114503816794,80.5343511450382,82.824427480916,84.351145038168,9.83,33,1,11,2.56,33,70,FALSE,TRUE,TRUE,FALSE,,TRUE
2019-03-19,260790104A,Prazeres,JABOATÃO DOS GUARARAPES,-8.188,-34.953,15.6817706880758,93.5114503816794,80.5343511450382,82.824427480916,84.351145038168,0,24,1,0,0,24,60,TRUE,TRUE,TRUE,FALSE,,TRUE
2019-03-20,260790104A,Prazeres,JABOATÃO DOS GUARARAPES,-8.188,-34.953,15.6817706880758,93.5114503816794,80.5343511450382,82.824427480916,84.351145038168,0,24,1,0,0,24,60,TRUE,TRUE,TRUE,FALSE,,TRUE
2019-03-21,260790104A,Prazeres,JABOATÃO DOS GUARARAPES,-8.188,-34.953,15.6817706880758,93.5114503816794,80.5343511450382,82.824427480916,84.351145038168,0,24,1,0,0,24,60,TRUE,TRUE,TRUE,FALSE,,TRUE
2019-03-22,260790104A,Prazeres,JABOATÃO DOS GUARARAPES,-8.188,-34.953,15.6817706880758,93.5114503816794,80.5343511450382,82.824427480916,84.351145038168,0,24,1,0,0,24,60,TRUE,TRUE,TRUE,FALSE,,TRUE
2019-03-23,260790104A,Prazeres,JABOATÃO DOS GUARARAPES,-8.188,-34.953,15.6817706880758,93.5114503816794,80.5343511450382,82.824427480916,84.351145038168,0,24,1,0,0,24,60,TRUE,TRUE,TRUE,FALSE,,TRUE
2019-03-24,260790104A,Prazeres,JABOATÃO DOS GUARARAPES,-8.188,-34.953,15.6817706880758,93.5114503816794,80.5343511450382,82.824427480916,84.351145038168,1.58,25,1,2,1.38,25,60,TRUE,TRUE,TRUE,FALSE,,TRUE
2019-03-25,260790104A,Prazeres,JABOATÃO DOS GUARARAPES,-8.188,-34.953,15.6817706880758,93.5114503816794,80.5343511450382,82.824427480916,84.351145038168,0.4,26,1,2,0.2,26,60,TRUE,TRUE,TRUE,FALSE,,TRUE
2019-03-26,260790104A,Prazeres,JABOATÃO DOS GUARARAPES,-8.188,-34.953,15.6817706880758,93.5114503816794,80.5343511450382,82.824427480916,84.351145038168,37.04,43,1,24,6.1,43,60,TRUE,TRUE,TRUE,FALSE,,TRUE
2019-03-27,260790104A,Prazeres,JABOATÃO DOS GUARARAPES,-8.188,-34.953,15.6817706880758,93.5114503816794,80.5343511450382,82.824427480916,84.351145038168,22.27,40,1,18,5.54,40,60,TRUE,TRUE,TRUE,TRUE,21,TRUE
2019-03-28,260790104A,Prazeres,JABOATÃO DOS GUARARAPES,-8.188,-34.953,15.6817706880758,93.5114503816794,80.5343511450382,82.824427480916,84.351145038168,8.68,33,1,10,2.56,33,60,TRUE,TRUE,TRUE,TRUE,40.6521739130435,TRUE
2019-03-29,260790104A,Prazeres,JABOATÃO DOS GUARARAPES,-8.188,-34.953,15.6817706880758,93.5114503816794,80.5343511450382,82.824427480916,84.351145038168,3.55,31,1,7,1.18,31,60,TRUE,TRUE,TRUE,TRUE,21.5555555555556,TRUE
2019-03-30,260790104A,Prazeres,JABOATÃO DOS GUARARAPES,-8.188,-34.953,15.6817706880758,93.5114503816794,80.5343511450382,82.824427480916,84.351145038168,35.76,43,1,20,8.12,43,60,TRUE,TRUE,TRUE,FALSE,,TRUE
2019-03-31,260790104A,Prazeres,JABOATÃO DOS GUARARAPES,-8.188,-34.953,15.6817706880758,93.5114503816794,80.5343511450382,82.824427480916,84.351145038168,4.93,31,1,9,1.57,31,60,TRUE,TRUE,TRUE,FALSE,,TRUE
2019-04-01,260790104A,Prazeres,JABOATÃO DOS GUARARAPES,-8.188,-34.953,15.6817706880758,93.5114503816794,80.5343511450382,82.824427480916,84.351145038168,0.2,24,1,1,0.2,24,60,TRUE,TRUE,TRUE,FALSE,,TRUE
2019-04-02,260790104A,Prazeres,JABOATÃO DOS GUARARAPES,-8.188,-34.953,15.6817706880758,93.5114503816794,80.5343511450382,82.824427480916,84.351145038168,0,24,1,0,0,24,60,TRUE,TRUE,TRUE,TRUE,42.375,TRUE
2019-04-03,260790104A,Prazeres,JABOATÃO DOS GUARARAPES,-8.188,-34.953,15.6817706880758,93.5114503816794,80.5343511450382,82.824427480916,84.351145038168,9.46,37,1,15,3.15,37,60,TRUE,TRUE,TRUE,TRUE,53.2222222222222,TRUE
2019-04-04,260790104A,Prazeres,JABOATÃO DOS GUARARAPES,-8.188,-34.953,15.6817706880758,93.5114503816794,80.5343511450382,82.824427480916,84.351145038168,5.72,29,1,5,2.56,29,60,TRUE,TRUE,TRUE,TRUE,51.3684210526316,TRUE
2019-04-05,260790104A,Prazeres,JABOATÃO DOS GUARARAPES,-8.188,-34.953,15.6817706880758,93.5114503816794,80.5343511450382,82.824427480916,84.351145038168,1.96,25,1,2,1.57,25,60,TRUE,TRUE,TRUE,TRUE,55.5416666666667,TRUE
2019-04-06,260790104A,Prazeres,JABOATÃO DOS GUARARAPES,-8.188,-34.953,15.6817706880758,93.5114503816794,80.5343511450382,82.824427480916,84.351145038168,9.26,27,1,4,5.71,27,60,TRUE,TRUE,TRUE,TRUE,70.7916666666667,TRUE
2019-04-07,260790104A,Prazeres,JABOATÃO DOS GUARARAPES,-8.188,-34.953,15.6817706880758,93.5114503816794,80.5343511450382,82.824427480916,84.351145038168,5.51,32,1,11,1.97,32,60,TRUE,TRUE,TRUE,TRUE,44.2631578947368,TRUE
2019-04-08,260790104A,Prazeres,JABOATÃO DOS GUARARAPES,-8.188,-34.953,15.6817706880758,93.5114503816794,80.5343511450382,82.824427480916,84.351145038168,3.76,30,1,7,2.56,30,60,TRUE,TRUE,TRUE,TRUE,37.5833333333333,TRUE
2019-04-09,260790104A,Prazeres,JABOATÃO DOS GUARARAPES,-8.188,-34.953,15.6817706880758,93.5114503816794,80.5343511450382,82.824427480916,84.351145038168,0,24,1,0,0,24,60,TRUE,TRUE,TRUE,TRUE,54.5652173913044,TRUE
2019-04-10,260790104A,Prazeres,JABOATÃO DOS GUARARAPES,-8.188,-34.953,15.6817706880758,93.5114503816794,80.5343511450382,82.824427480916,84.351145038168,0,24,1,0,0,24,60,TRUE,TRUE,TRUE,TRUE,68.7083333333333,TRUE
2019-04-11,260790104A,Prazeres,JABOATÃO DOS GUARARAPES,-8.188,-34.953,15.6817706880758,93.5114503816794,80.5343511450382,82.824427480916,84.351145038168,0,24,1,0,0,24,60,TRUE,TRUE,TRUE,TRUE,49.8333333333333,TRUE
2019-04-12,260790104A,Prazeres,JABOATÃO DOS GUARARAPES,-8.188,-34.953,15.6817706880758,93.5114503816794,80.5343511450382,82.824427480916,84.351145038168,18.5,45,1,27,2.95,45,60,TRUE,TRUE,TRUE,TRUE,10.7058823529412,TRUE
2019-04-13,260790104A,Prazeres,JABOATÃO DOS GUARARAPES,-8.188,-34.953,15.6817706880758,93.5114503816794,80.5343511450382,82.824427480916,84.351145038168,0.4,24,1,2,0.2,24,60,TRUE,TRUE,TRUE,TRUE,25.95,TRUE
2019-04-14,260790104A,Prazeres,JABOATÃO DOS GUARARAPES,-8.188,-34.953,15.6817706880758,93.5114503816794,80.5343511450382,82.824427480916,84.351145038168,0,24,1,0,0,24,60,TRUE,TRUE,TRUE,TRUE,30.7083333333333,TRUE
2019-04-15,260790104A,Prazeres,JABOATÃO DOS GUARARAPES,-8.188,-34.953,15.6817706880758,93.5114503816794,80.5343511450382,82.824427480916,84.351145038168,0,24,1,0,0,24,60,TRUE,TRUE,TRUE,TRUE,33.5,TRUE
2019-04-16,260790104A,Prazeres,JABOATÃO DOS GUARARAPES,-8.188,-34.953,15.6817706880758,93.5114503816794,80.5343511450382,82.824427480916,84.351145038168,0,24,1,0,0,24,60,TRUE,TRUE,TRUE,TRUE,46.3888888888889,TRUE
2019-04-17,260790104A,Prazeres,JABOATÃO DOS GUARARAPES,-8.188,-34.953,15.6817706880758,93.5114503816794,80.5343511450382,82.824427480916,84.351145038168,1.97,28,1,4,1.18,28,60,TRUE,TRUE,TRUE,TRUE,29.8333333333333,TRUE
2019-04-18,260790104A,Prazeres,JABOATÃO DOS GUARARAPES,-8.188,-34.953,15.6817706880758,93.5114503816794,80.5343511450382,82.824427480916,84.351145038168,0,24,1,0,0,24,60,TRUE,TRUE,TRUE,TRUE,28.0952380952381,TRUE
2019-04-19,260790104A,Prazeres,JABOATÃO DOS GUARARAPES,-8.188,-34.953,15.6817706880758,93.5114503816794,80.5343511450382,82.824427480916,84.351145038168,0,24,1,0,0,24,60,TRUE,TRUE,TRUE,TRUE,25.7916666666667,TRUE
2019-04-20,260790104A,Prazeres,JABOATÃO DOS GUARARAPES,-8.188,-34.953,15.6817706880758,93.5114503816794,80.5343511450382,82.824427480916,84.351145038168,14.96,35,1,16,4.92,35,60,TRUE,TRUE,TRUE,FALSE,,TRUE
2019-04-21,260790104A,Prazeres,JABOATÃO DOS GUARARAPES,-8.188,-34.953,15.6817706880758,93.5114503816794,80.5343511450382,82.824427480916,84.351145038168,0,24,1,0,0,24,60,TRUE,TRUE,TRUE,TRUE,35.6,TRUE
2019-04-22,260790104A,Prazeres,JABOATÃO DOS GUARARAPES,-8.188,-34.953,15.6817706880758,93.5114503816794,80.5343511450382,82.824427480916,84.351145038168,0.4,25,1,2,0.2,25,60,TRUE,TRUE,TRUE,FALSE,,TRUE
2019-04-23,260790104A,Prazeres,JABOATÃO DOS GUARARAPES,-8.188,-34.953,15.6817706880758,93.5114503816794,80.5343511450382,82.824427480916,84.351145038168,10.65,36,1,15,2.56,36,60,TRUE,TRUE,TRUE,TRUE,25.625,TRUE
2019-04-24,260790104A,Prazeres,JABOATÃO DOS GUARARAPES,-8.188,-34.953,15.6817706880758,93.5114503816794,80.5343511450382,82.824427480916,84.351145038168,14.79,38,1,17,3.95,38,60,TRUE,TRUE,TRUE,TRUE,15.9375,TRUE
2019-04-25,260790104A,Prazeres,JABOATÃO DOS GUARARAPES,-8.188,-34.953,15.6817706880758,93.5114503816794,80.5343511450382,82.824427480916,84.351145038168,3.35,32,1,9,0.98,32,60,TRUE,TRUE,TRUE,FALSE,,TRUE
2019-04-26,260790104A,Prazeres,JABOATÃO DOS GUARARAPES,-8.188,-34.953,15.6817706880758,93.5114503816794,80.5343511450382,82.824427480916,84.351145038168,6.11,32,1,10,2.95,32,60,TRUE,TRUE,TRUE,TRUE,25.5217391304348,TRUE
2019-04-27,260790104A,Prazeres,JABOATÃO DOS GUARARAPES,-8.188,-34.953,15.6817706880758,93.5114503816794,80.5343511450382,82.824427480916,84.351145038168,0.2,25,1,1,0.2,25,60,TRUE,TRUE,TRUE,TRUE,36.7727272727273,TRUE
2019-04-28,260790104A,Prazeres,JABOATÃO DOS GUARARAPES,-8.188,-34.953,15.6817706880758,93.5114503816794,80.5343511450382,82.824427480916,84.351145038168,0,24,1,0,0,24,60,TRUE,TRUE,TRUE,TRUE,39.1666666666667,TRUE
2019-04-29,260790104A,Prazeres,JABOATÃO DOS GUARARAPES,-8.188,-34.953,15.6817706880758,93.5114503816794,80.5343511450382,82.824427480916,84.351145038168,6.89,30,1,6,3.15,30,60,TRUE,TRUE,TRUE,TRUE,33.5,TRUE
2019-04-30,260790104A,Prazeres,JABOATÃO DOS GUARARAPES,-8.188,-34.953,15.6817706880758,93.5114503816794,80.5343511450382,82.824427480916,84.351145038168,12.6,33,1,9,3.15,33,60,TRUE,TRUE,TRUE,TRUE,41.4117647058824,TRUE
2019-05-01,260790104A,Prazeres,JABOATÃO DOS GUARARAPES,-8.188,-34.953,15.6817706880758,93.5114503816794,80.5343511450382,82.824427480916,84.351145038168,3.79,27,1,4,2.17,27,60,TRUE,TRUE,TRUE,TRUE,41.125,TRUE
2019-05-02,260790104A,Prazeres,JABOATÃO DOS GUARARAPES,-8.188,-34.953,15.6817706880758,93.5114503816794,80.5343511450382,82.824427480916,84.351145038168,0,24,1,0,0,24,60,TRUE,TRUE,TRUE,TRUE,55,TRUE
2019-05-03,260790104A,Prazeres,JABOATÃO DOS GUARARAPES,-8.188,-34.953,15.6817706880758,93.5114503816794,80.5343511450382,82.824427480916,84.351145038168,0,24,1,0,0,24,60,TRUE,TRUE,TRUE,TRUE,62.2916666666667,TRUE
2019-05-04,260790104A,Prazeres,JABOATÃO DOS GUARARAPES,-8.188,-34.953,15.6817706880758,93.5114503816794,80.5343511450382,82.824427480916,84.351145038168,0.2,24,1,1,0.2,24,60,TRUE,TRUE,TRUE,TRUE,49.2916666666667,TRUE
2019-05-05,260790104A,Prazeres,JABOATÃO DOS GUARARAPES,-8.188,-34.953,15.6817706880758,93.5114503816794,80.5343511450382,82.824427480916,84.351145038168,0.2,25,1,1,0.2,25,60,TRUE,TRUE,TRUE,TRUE,41.8333333333333,TRUE
2019-05-06,260790104A,Prazeres,JABOATÃO DOS GUARARAPES,-8.188,-34.953,15.6817706880758,93.5114503816794,80.5343511450382,82.824427480916,84.351145038168,0,24,1,0,0,24,60,TRUE,TRUE,TRUE,TRUE,54.3157894736842,TRUE
2019-05-07,260790104A,Prazeres,JABOATÃO DOS GUARARAPES,-8.188,-34.953,15.6817706880758,93.5114503816794,80.5343511450382,82.824427480916,84.351145038168,1.38,27,1,5,0.39,27,60,TRUE,TRUE,TRUE,TRUE,52.1304347826087,TRUE
2019-05-08,260790104A,Prazeres,JABOATÃO DOS GUARARAPES,-8.188,-34.953,15.6817706880758,93.5114503816794,80.5343511450382,82.824427480916,84.351145038168,17.14,40,1,18,5.9,40,60,TRUE,TRUE,TRUE,FALSE,,TRUE
2019-05-09,260790104A,Prazeres,JABOATÃO DOS GUARARAPES,-8.188,-34.953,15.6817706880758,93.5114503816794,80.5343511450382,82.824427480916,84.351145038168,21.33,43,1,23,3.37,43,60,TRUE,TRUE,TRUE,TRUE,42.1875,TRUE
2019-05-10,260790104A,Prazeres,JABOATÃO DOS GUARARAPES,-8.188,-34.953,15.6817706880758,93.5114503816794,80.5343511450382,82.824427480916,84.351145038168,9.88,28,1,6,4.55,28,60,TRUE,TRUE,TRUE,FALSE,,TRUE
2019-05-11,260790104A,Prazeres,JABOATÃO DOS GUARARAPES,-8.188,-34.953,15.6817706880758,93.5114503816794,80.5343511450382,82.824427480916,84.351145038168,0.2,25,1,1,0.2,25,60,TRUE,TRUE,TRUE,TRUE,48.3809523809524,TRUE
2019-05-12,260790104A,Prazeres,JABOATÃO DOS GUARARAPES,-8.188,-34.953,15.6817706880758,93.5114503816794,80.5343511450382,82.824427480916,84.351145038168,0,24,1,0,0,24,60,TRUE,TRUE,TRUE,TRUE,37.9565217391304,TRUE
2019-05-13,260790104A,Prazeres,JABOATÃO DOS GUARARAPES,-8.188,-34.953,15.6817706880758,93.5114503816794,80.5343511450382,82.824427480916,84.351145038168,0,24,1,0,0,24,60,TRUE,TRUE,TRUE,TRUE,95.75,TRUE
2019-05-14,260790104A,Prazeres,JABOATÃO DOS GUARARAPES,-8.188,-34.953,15.6817706880758,93.5114503816794,80.5343511450382,82.824427480916,84.351145038168,0,24,1,0,0,24,60,TRUE,TRUE,TRUE,TRUE,104.0625,TRUE
2019-05-15,260790104A,Prazeres,JABOATÃO DOS GUARARAPES,-8.188,-34.953,15.6817706880758,93.5114503816794,80.5343511450382,82.824427480916,84.351145038168,0,24,1,0,0,24,60,TRUE,TRUE,TRUE,TRUE,72.5833333333333,TRUE
2019-05-16,260790104A,Prazeres,JABOATÃO DOS GUARARAPES,-8.188,-34.953,15.6817706880758,93.5114503816794,80.5343511450382,82.824427480916,84.351145038168,1.57,25,1,2,1.37,25,80,FALSE,FALSE,TRUE,TRUE,57.8333333333333,TRUE
2019-05-17,260790104A,Prazeres,JABOATÃO DOS GUARARAPES,-8.188,-34.953,15.6817706880758,93.5114503816794,80.5343511450382,82.824427480916,84.351145038168,1.18,27,1,3,0.59,27,60,TRUE,TRUE,TRUE,TRUE,49.0909090909091,TRUE
2019-05-18,260790104A,Prazeres,JABOATÃO DOS GUARARAPES,-8.188,-34.953,15.6817706880758,93.5114503816794,80.5343511450382,82.824427480916,84.351145038168,0.99,26,1,2,0.79,26,60,TRUE,TRUE,TRUE,TRUE,43.0909090909091,TRUE
2019-05-19,260790104A,Prazeres,JABOATÃO DOS GUARARAPES,-8.188,-34.953,15.6817706880758,93.5114503816794,80.5343511450382,82.824427480916,84.351145038168,18.3,40,1,20,3.15,40,60,TRUE,TRUE,TRUE,TRUE,22.3529411764706,TRUE
2019-05-20,260790104A,Prazeres,JABOATÃO DOS GUARARAPES,-8.188,-34.953,15.6817706880758,93.5114503816794,80.5343511450382,82.824427480916,84.351145038168,24.41,47,1,25,6.49,47,60,TRUE,TRUE,TRUE,TRUE,24.9047619047619,TRUE
2019-05-21,260790104A,Prazeres,JABOATÃO DOS GUARARAPES,-8.188,-34.953,15.6817706880758,93.5114503816794,80.5343511450382,82.824427480916,84.351145038168,28.36,42,1,22,6.1,42,60,TRUE,TRUE,TRUE,FALSE,,TRUE
2019-05-22,260790104A,Prazeres,JABOATÃO DOS GUARARAPES,-8.188,-34.953,15.6817706880758,93.5114503816794,80.5343511450382,82.824427480916,84.351145038168,0,24,1,0,0,24,60,TRUE,TRUE,TRUE,TRUE,63.5,TRUE
2019-05-23,260790104A,Prazeres,JABOATÃO DOS GUARARAPES,-8.188,-34.953,15.6817706880758,93.5114503816794,80.5343511450382,82.824427480916,84.351145038168,0.2,24,1,1,0.2,24,60,TRUE,TRUE,TRUE,TRUE,42.4166666666667,TRUE
2019-05-24,260790104A,Prazeres,JABOATÃO DOS GUARARAPES,-8.188,-34.953,15.6817706880758,93.5114503816794,80.5343511450382,82.824427480916,84.351145038168,11.15,27,1,4,10.16,27,60,TRUE,TRUE,TRUE,TRUE,47.6666666666667,TRUE
2019-05-25,260790104A,Prazeres,JABOATÃO DOS GUARARAPES,-8.188,-34.953,15.6817706880758,93.5114503816794,80.5343511450382,82.824427480916,84.351145038168,2.76,26,1,2,2.56,26,60,TRUE,TRUE,TRUE,TRUE,50.6666666666667,TRUE
2019-05-26,260790104A,Prazeres,JABOATÃO DOS GUARARAPES,-8.188,-34.953,15.6817706880758,93.5114503816794,80.5343511450382,82.824427480916,84.351145038168,5.72,34,1,11,1.77,34,60,TRUE,TRUE,TRUE,TRUE,30,TRUE
2019-05-27,260790104A,Prazeres,JABOATÃO DOS GUARARAPES,-8.188,-34.953,15.6817706880758,93.5114503816794,80.5343511450382,82.824427480916,84.351145038168,32.69,44,1,25,6.9,44,80,FALSE,FALSE,TRUE,TRUE,32.0588235294118,TRUE
2019-05-28,260790104A,Prazeres,JABOATÃO DOS GUARARAPES,-8.188,-34.953,15.6817706880758,93.5114503816794,80.5343511450382,82.824427480916,84.351145038168,9.84,36,1,15,3.74,36,60,TRUE,TRUE,TRUE,TRUE,51.2857142857143,TRUE
2019-05-29,260790104A,Prazeres,JABOATÃO DOS GUARARAPES,-8.188,-34.953,15.6817706880758,93.5114503816794,80.5343511450382,82.824427480916,84.351145038168,6.72,31,1,7,3.36,31,60,TRUE,TRUE,TRUE,TRUE,20.95,TRUE
2019-05-30,260790104A,Prazeres,JABOATÃO DOS GUARARAPES,-8.188,-34.953,15.6817706880758,93.5114503816794,80.5343511450382,82.824427480916,84.351145038168,3.94,28,1,4,2.56,28,60,TRUE,TRUE,TRUE,TRUE,31.8333333333333,TRUE
2019-05-31,260790104A,Prazeres,JABOATÃO DOS GUARARAPES,-8.188,-34.953,15.6817706880758,93.5114503816794,80.5343511450382,82.824427480916,84.351145038168,0,24,1,0,0,24,60,TRUE,TRUE,TRUE,TRUE,38.5416666666667,TRUE
2019-06-01,260790104A,Prazeres,JABOATÃO DOS GUARARAPES,-8.188,-34.953,15.6817706880758,93.5114503816794,80.5343511450382,82.824427480916,84.351145038168,0.2,25,1,1,0.2,25,60,TRUE,TRUE,TRUE,TRUE,42.2222222222222,TRUE
2019-06-02,260790104A,Prazeres,JABOATÃO DOS GUARARAPES,-8.188,-34.953,15.6817706880758,93.5114503816794,80.5343511450382,82.824427480916,84.351145038168,0,24,1,0,0,24,60,TRUE,TRUE,TRUE,TRUE,40.0833333333333,TRUE
2019-06-03,260790104A,Prazeres,JABOATÃO DOS GUARARAPES,-8.188,-34.953,15.6817706880758,93.5114503816794,80.5343511450382,82.824427480916,84.351145038168,4.54,30,1,10,1.77,30,60,TRUE,TRUE,TRUE,TRUE,34.9047619047619,TRUE
2019-06-04,260790104A,Prazeres,JABOATÃO DOS GUARARAPES,-8.188,-34.953,15.6817706880758,93.5114503816794,80.5343511450382,82.824427480916,84.351145038168,13.19,31,1,8,4.14,31,60,TRUE,TRUE,TRUE,TRUE,40.1578947368421,TRUE
2019-06-05,260790104A,Prazeres,JABOATÃO DOS GUARARAPES,-8.188,-34.953,15.6817706880758,93.5114503816794,80.5343511450382,82.824427480916,84.351145038168,0.4,26,1,2,0.2,26,60,TRUE,TRUE,TRUE,TRUE,29.35,TRUE
2019-06-06,260790104A,Prazeres,JABOATÃO DOS GUARARAPES,-8.188,-34.953,15.6817706880758,93.5114503816794,80.5343511450382,82.824427480916,84.351145038168,0.98,26,1,2,0.59,26,60,TRUE,TRUE,TRUE,TRUE,37.1111111111111,TRUE
2019-06-07,260790104A,Prazeres,JABOATÃO DOS GUARARAPES,-8.188,-34.953,15.6817706880758,93.5114503816794,80.5343511450382,82.824427480916,84.351145038168,0,24,1,0,0,24,60,TRUE,TRUE,TRUE,TRUE,49.5263157894737,TRUE
2019-06-08,260790104A,Prazeres,JABOATÃO DOS GUARARAPES,-8.188,-34.953,15.6817706880758,93.5114503816794,80.5343511450382,82.824427480916,84.351145038168,0.4,26,1,2,0.2,26,60,TRUE,TRUE,TRUE,TRUE,42.8571428571429,TRUE
2019-06-09,260790104A,Prazeres,JABOATÃO DOS GUARARAPES,-8.188,-34.953,15.6817706880758,93.5114503816794,80.5343511450382,82.824427480916,84.351145038168,2.95,27,1,4,1.97,27,60,TRUE,TRUE,TRUE,TRUE,37.1176470588235,TRUE
2019-06-10,260790104A,Prazeres,JABOATÃO DOS GUARARAPES,-8.188,-34.953,15.6817706880758,93.5114503816794,80.5343511450382,82.824427480916,84.351145038168,1.58,28,1,5,0.59,28,60,TRUE,TRUE,TRUE,TRUE,37.8333333333333,TRUE
2019-06-11,260790104A,Prazeres,JABOATÃO DOS GUARARAPES,-8.188,-34.953,15.6817706880758,93.5114503816794,80.5343511450382,82.824427480916,84.351145038168,7.09,34,1,12,2.16,34,60,TRUE,TRUE,TRUE,TRUE,41.1666666666667,TRUE
2019-06-12,260790104A,Prazeres,JABOATÃO DOS GUARARAPES,-8.188,-34.953,15.6817706880758,93.5114503816794,80.5343511450382,82.824427480916,84.351145038168,21.55,42,1,22,7.37,42,60,TRUE,TRUE,TRUE,TRUE,32.625,TRUE
2019-06-13,260790104A,Prazeres,JABOATÃO DOS GUARARAPES,-8.188,-34.953,15.6817706880758,93.5114503816794,80.5343511450382,82.824427480916,84.351145038168,124.49,98,1,89,8.73,98,60,TRUE,TRUE,TRUE,TRUE,26.25,TRUE
2019-06-14,260790104A,Prazeres,JABOATÃO DOS GUARARAPES,-8.188,-34.953,15.6817706880758,93.5114503816794,80.5343511450382,82.824427480916,84.351145038168,0,24,1,0,0,24,60,TRUE,TRUE,TRUE,TRUE,51.7083333333333,TRUE
2019-06-15,260790104A,Prazeres,JABOATÃO DOS GUARARAPES,-8.188,-34.953,15.6817706880758,93.5114503816794,80.5343511450382,82.824427480916,84.351145038168,0,24,1,0,0,24,60,TRUE,TRUE,TRUE,TRUE,41.2083333333333,TRUE
2019-06-16,260790104A,Prazeres,JABOATÃO DOS GUARARAPES,-8.188,-34.953,15.6817706880758,93.5114503816794,80.5343511450382,82.824427480916,84.351145038168,62.16,91,1,83,2.56,91,60,TRUE,TRUE,TRUE,TRUE,20.7647058823529,TRUE
2019-06-17,260790104A,Prazeres,JABOATÃO DOS GUARARAPES,-8.188,-34.953,15.6817706880758,93.5114503816794,80.5343511450382,82.824427480916,84.351145038168,90.56,90,1,79,6.79,90,60,TRUE,TRUE,TRUE,FALSE,,TRUE
2019-06-18,260790104A,Prazeres,JABOATÃO DOS GUARARAPES,-8.188,-34.953,15.6817706880758,93.5114503816794,80.5343511450382,82.824427480916,84.351145038168,23.84,35,1,14,5.51,35,60,TRUE,TRUE,TRUE,TRUE,24.6363636363636,TRUE
2019-06-19,260790104A,Prazeres,JABOATÃO DOS GUARARAPES,-8.188,-34.953,15.6817706880758,93.5114503816794,80.5343511450382,82.824427480916,84.351145038168,11.6,31,1,10,3.54,31,60,TRUE,TRUE,TRUE,TRUE,19.4166666666667,TRUE
2019-06-20,260790104A,Prazeres,JABOATÃO DOS GUARARAPES,-8.188,-34.953,15.6817706880758,93.5114503816794,80.5343511450382,82.824427480916,84.351145038168,0.2,25,1,1,0.2,25,60,TRUE,TRUE,TRUE,TRUE,33.7826086956522,TRUE
2019-06-21,260790104A,Prazeres,JABOATÃO DOS GUARARAPES,-8.188,-34.953,15.6817706880758,93.5114503816794,80.5343511450382,82.824427480916,84.351145038168,0,24,1,0,0,24,60,TRUE,TRUE,TRUE,TRUE,45,TRUE
2019-06-22,260790104A,Prazeres,JABOATÃO DOS GUARARAPES,-8.188,-34.953,15.6817706880758,93.5114503816794,80.5343511450382,82.824427480916,84.351145038168,0,24,1,0,0,24,60,TRUE,TRUE,TRUE,TRUE,53.2083333333333,TRUE
2019-06-23,260790104A,Prazeres,JABOATÃO DOS GUARARAPES,-8.188,-34.953,15.6817706880758,93.5114503816794,80.5343511450382,82.824427480916,84.351145038168,2.36,24,1,1,2.36,24,60,TRUE,TRUE,TRUE,TRUE,63,TRUE
2019-06-24,260790104A,Prazeres,JABOATÃO DOS GUARARAPES,-8.188,-34.953,15.6817706880758,93.5114503816794,80.5343511450382,82.824427480916,84.351145038168,1.78,30,1,6,0.59,30,60,TRUE,TRUE,TRUE,TRUE,58.4166666666667,TRUE
2019-06-25,260790104A,Prazeres,JABOATÃO DOS GUARARAPES,-8.188,-34.953,15.6817706880758,93.5114503816794,80.5343511450382,82.824427480916,84.351145038168,10.45,37,1,14,2.75,37,60,TRUE,TRUE,TRUE,TRUE,43.75,TRUE
2019-06-26,260790104A,Prazeres,JABOATÃO DOS GUARARAPES,-8.188,-34.953,15.6817706880758,93.5114503816794,80.5343511450382,82.824427480916,84.351145038168,19.88,38,1,18,3.74,38,60,TRUE,TRUE,TRUE,TRUE,27.1818181818182,TRUE
2019-06-27,260790104A,Prazeres,JABOATÃO DOS GUARARAPES,-8.188,-34.953,15.6817706880758,93.5114503816794,80.5343511450382,82.824427480916,84.351145038168,19.3,43,1,21,2.95,43,60,TRUE,TRUE,TRUE,TRUE,35.5238095238095,TRUE
2019-06-28,260790104A,Prazeres,JABOATÃO DOS GUARARAPES,-8.188,-34.953,15.6817706880758,93.5114503816794,80.5343511450382,82.824427480916,84.351145038168,13.2,38,1,17,2.76,38,60,TRUE,TRUE,TRUE,TRUE,37.4782608695652,TRUE
2019-06-29,260790104A,Prazeres,JABOATÃO DOS GUARARAPES,-8.188,-34.953,15.6817706880758,93.5114503816794,80.5343511450382,82.824427480916,84.351145038168,6.51,31,1,8,2.76,31,60,TRUE,TRUE,TRUE,TRUE,33.9583333333333,TRUE
2019-06-30,260790104A,Prazeres,JABOATÃO DOS GUARARAPES,-8.188,-34.953,15.6817706880758,93.5114503816794,80.5343511450382,82.824427480916,84.351145038168,14.77,33,1,10,3.35,33,60,TRUE,TRUE,TRUE,TRUE,30.875,TRUE
2019-07-01,260790104A,Prazeres,JABOATÃO DOS GUARARAPES,-8.188,-34.953,15.6817706880758,93.5114503816794,80.5343511450382,82.824427480916,84.351145038168,4.14,32,1,9,1.57,32,60,TRUE,TRUE,TRUE,TRUE,49.5416666666667,TRUE
2019-07-02,260790104A,Prazeres,JABOATÃO DOS GUARARAPES,-8.188,-34.953,15.6817706880758,93.5114503816794,80.5343511450382,82.824427480916,84.351145038168,0,24,1,0,0,24,60,TRUE,TRUE,TRUE,TRUE,53.875,TRUE
2019-07-03,260790104A,Prazeres,JABOATÃO DOS GUARARAPES,-8.188,-34.953,15.6817706880758,93.5114503816794,80.5343511450382,82.824427480916,84.351145038168,14.37,41,1,21,2.56,41,60,TRUE,TRUE,TRUE,TRUE,18.0454545454545,TRUE
2019-07-04,260790104A,Prazeres,JABOATÃO DOS GUARARAPES,-8.188,-34.953,15.6817706880758,93.5114503816794,80.5343511450382,82.824427480916,84.351145038168,0.2,25,1,1,0.2,25,60,TRUE,TRUE,TRUE,TRUE,39.2083333333333,TRUE
2019-07-05,260790104A,Prazeres,JABOATÃO DOS GUARARAPES,-8.188,-34.953,15.6817706880758,93.5114503816794,80.5343511450382,82.824427480916,84.351145038168,0,24,1,0,0,24,60,TRUE,TRUE,TRUE,TRUE,73.6666666666667,TRUE
2019-07-06,260790104A,Prazeres,JABOATÃO DOS GUARARAPES,-8.188,-34.953,15.6817706880758,93.5114503816794,80.5343511450382,82.824427480916,84.351145038168,0,24,1,0,0,24,60,TRUE,TRUE,TRUE,TRUE,60.6666666666667,TRUE
2019-07-07,260790104A,Prazeres,JABOATÃO DOS GUARARAPES,-8.188,-34.953,15.6817706880758,93.5114503816794,80.5343511450382,82.824427480916,84.351145038168,0.39,24,1,1,0.39,24,60,TRUE,TRUE,TRUE,TRUE,49.5416666666667,TRUE
2019-07-08,260790104A,Prazeres,JABOATÃO DOS GUARARAPES,-8.188,-34.953,15.6817706880758,93.5114503816794,80.5343511450382,82.824427480916,84.351145038168,1.78,26,1,2,1.58,26,60,TRUE,TRUE,TRUE,TRUE,33.0952380952381,TRUE
2019-07-09,260790104A,Prazeres,JABOATÃO DOS GUARARAPES,-8.188,-34.953,15.6817706880758,93.5114503816794,80.5343511450382,82.824427480916,84.351145038168,1.58,27,1,5,0.59,27,60,TRUE,TRUE,TRUE,TRUE,44.3333333333333,TRUE
2019-07-10,260790104A,Prazeres,JABOATÃO DOS GUARARAPES,-8.188,-34.953,15.6817706880758,93.5114503816794,80.5343511450382,82.824427480916,84.351145038168,3.95,36,1,12,0.79,36,60,TRUE,TRUE,TRUE,TRUE,39.9166666666667,TRUE
2019-07-11,260790104A,Prazeres,JABOATÃO DOS GUARARAPES,-8.188,-34.953,15.6817706880758,93.5114503816794,80.5343511450382,82.824427480916,84.351145038168,5.92,29,1,6,3.35,29,80,FALSE,FALSE,TRUE,TRUE,35.6666666666667,TRUE
2019-07-12,260790104A,Prazeres,JABOATÃO DOS GUARARAPES,-8.188,-34.953,15.6817706880758,93.5114503816794,80.5343511450382,82.824427480916,84.351145038168,0,24,1,0,0,24,90,FALSE,FALSE,TRUE,TRUE,65.0833333333333,TRUE
2019-07-13,260790104A,Prazeres,JABOATÃO DOS GUARARAPES,-8.188,-34.953,15.6817706880758,93.5114503816794,80.5343511450382,82.824427480916,84.351145038168,15,45,1,26,5.15,45,70,FALSE,TRUE,TRUE,TRUE,21.6190476190476,TRUE
2019-07-14,260790104A,Prazeres,JABOATÃO DOS GUARARAPES,-8.188,-34.953,15.6817706880758,93.5114503816794,80.5343511450382,82.824427480916,84.351145038168,70.29,67,1,54,8.32,67,60,TRUE,TRUE,TRUE,FALSE,,TRUE
2019-07-15,260790104A,Prazeres,JABOATÃO DOS GUARARAPES,-8.188,-34.953,15.6817706880758,93.5114503816794,80.5343511450382,82.824427480916,84.351145038168,0,15,0,0,0,16,4850,FALSE,FALSE,FALSE,TRUE,40.8260869565217,TRUE
2019-07-16,260790104A,Prazeres,JABOATÃO DOS GUARARAPES,-8.188,-34.953,15.6817706880758,93.5114503816794,80.5343511450382,82.824427480916,84.351145038168,,,,,,0,,FALSE,FALSE,FALSE,TRUE,71.4166666666667,FALSE
2019-07-17,260790104A,Prazeres,JABOATÃO DOS GUARARAPES,-8.188,-34.953,15.6817706880758,93.5114503816794,80.5343511450382,82.824427480916,84.351145038168,,,,,,0,,FALSE,FALSE,FALSE,TRUE,54.125,FALSE
2019-07-18,260790104A,Prazeres,JABOATÃO DOS GUARARAPES,-8.188,-34.953,15.6817706880758,93.5114503816794,80.5343511450382,82.824427480916,84.351145038168,3.54,2,1,2,3.15,1,4850,FALSE,FALSE,FALSE,TRUE,40.1666666666667,TRUE
2019-07-19,260790104A,Prazeres,JABOATÃO DOS GUARARAPES,-8.188,-34.953,15.6817706880758,93.5114503816794,80.5343511450382,82.824427480916,84.351145038168,15.96,22,1,22,3.35,22,340,FALSE,FALSE,FALSE,TRUE,34.7916666666667,TRUE
2019-07-20,260790104A,Prazeres,JABOATÃO DOS GUARARAPES,-8.188,-34.953,15.6817706880758,93.5114503816794,80.5343511450382,82.824427480916,84.351145038168,45.32,47,0,47,4.92,48,210,FALSE,FALSE,FALSE,TRUE,15,TRUE
2019-07-21,260790104A,Prazeres,JABOATÃO DOS GUARARAPES,-8.188,-34.953,15.6817706880758,93.5114503816794,80.5343511450382,82.824427480916,84.351145038168,15.2,12,0,12,6.93,12,910,FALSE,FALSE,FALSE,TRUE,26.75,TRUE
2019-07-22,260790104A,Prazeres,JABOATÃO DOS GUARARAPES,-8.188,-34.953,15.6817706880758,93.5114503816794,80.5343511450382,82.824427480916,84.351145038168,50.04,52,0,52,6.49,52,910,FALSE,FALSE,FALSE,TRUE,20.2380952380952,TRUE
2019-07-23,260790104A,Prazeres,JABOATÃO DOS GUARARAPES,-8.188,-34.953,15.6817706880758,93.5114503816794,80.5343511450382,82.824427480916,84.351145038168,39.13,41,1,41,5.71,40,260,FALSE,FALSE,FALSE,TRUE,14.9166666666667,TRUE
2019-07-24,260790104A,Prazeres,JABOATÃO DOS GUARARAPES,-8.188,-34.953,15.6817706880758,93.5114503816794,80.5343511450382,82.824427480916,84.351145038168,64.31,70,1,70,3.54,70,380,FALSE,FALSE,FALSE,TRUE,12.3,TRUE
2019-07-25,260790104A,Prazeres,JABOATÃO DOS GUARARAPES,-8.188,-34.953,15.6817706880758,93.5114503816794,80.5343511450382,82.824427480916,84.351145038168,5.52,11,0,11,1.77,12,600,FALSE,FALSE,FALSE,TRUE,18.1818181818182,TRUE
2019-07-26,260790104A,Prazeres,JABOATÃO DOS GUARARAPES,-8.188,-34.953,15.6817706880758,93.5114503816794,80.5343511450382,82.824427480916,84.351145038168,9.26,28,1,21,1.57,27,510,FALSE,FALSE,FALSE,TRUE,14.7727272727273,TRUE
2019-07-27,260790104A,Prazeres,JABOATÃO DOS GUARARAPES,-8.188,-34.953,15.6817706880758,93.5114503816794,80.5343511450382,82.824427480916,84.351145038168,28.2,60,1,44,4.92,60,60,TRUE,TRUE,TRUE,TRUE,9.1,TRUE
2019-07-28,260790104A,Prazeres,JABOATÃO DOS GUARARAPES,-8.188,-34.953,15.6817706880758,93.5114503816794,80.5343511450382,82.824427480916,84.351145038168,7.48,35,1,14,1.37,35,60,TRUE,TRUE,TRUE,TRUE,15.6521739130435,TRUE
2019-07-29,260790104A,Prazeres,JABOATÃO DOS GUARARAPES,-8.188,-34.953,15.6817706880758,93.5114503816794,80.5343511450382,82.824427480916,84.351145038168,2.17,28,1,6,0.98,28,60,TRUE,TRUE,TRUE,FALSE,,TRUE
2019-07-30,260790104A,Prazeres,JABOATÃO DOS GUARARAPES,-8.188,-34.953,15.6817706880758,93.5114503816794,80.5343511450382,82.824427480916,84.351145038168,11.81,39,1,19,2.56,39,60,TRUE,TRUE,TRUE,TRUE,11.6315789473684,TRUE
2019-07-31,260790104A,Prazeres,JABOATÃO DOS GUARARAPES,-8.188,-34.953,15.6817706880758,93.5114503816794,80.5343511450382,82.824427480916,84.351145038168,40.43,53,1,35,8.55,53,60,TRUE,TRUE,TRUE,FALSE,,TRUE
2019-08-01,260790104A,Prazeres,JABOATÃO DOS GUARARAPES,-8.188,-34.953,15.6817706880758,93.5114503816794,80.5343511450382,82.824427480916,84.351145038168,28.18,47,1,26,4.33,47,60,TRUE,TRUE,TRUE,TRUE,10.0526315789474,TRUE
2019-08-02,260790104A,Prazeres,JABOATÃO DOS GUARARAPES,-8.188,-34.953,15.6817706880758,93.5114503816794,80.5343511450382,82.824427480916,84.351145038168,31.9,59,1,43,2.57,59,60,TRUE,TRUE,TRUE,TRUE,33.3333333333333,TRUE
2019-08-03,260790104A,Prazeres,JABOATÃO DOS GUARARAPES,-8.188,-34.953,15.6817706880758,93.5114503816794,80.5343511450382,82.824427480916,84.351145038168,0.6,26,1,3,0.2,26,60,TRUE,TRUE,TRUE,TRUE,53.8333333333333,TRUE
2019-08-04,260790104A,Prazeres,JABOATÃO DOS GUARARAPES,-8.188,-34.953,15.6817706880758,93.5114503816794,80.5343511450382,82.824427480916,84.351145038168,2.57,26,1,3,2.17,26,60,TRUE,TRUE,TRUE,TRUE,69.125,TRUE
2019-08-05,260790104A,Prazeres,JABOATÃO DOS GUARARAPES,-8.188,-34.953,15.6817706880758,93.5114503816794,80.5343511450382,82.824427480916,84.351145038168,1.78,26,1,3,0.79,26,60,TRUE,TRUE,TRUE,TRUE,65.2916666666667,TRUE
2019-08-06,260790104A,Prazeres,JABOATÃO DOS GUARARAPES,-8.188,-34.953,15.6817706880758,93.5114503816794,80.5343511450382,82.824427480916,84.351145038168,2.56,31,1,7,0.98,31,60,TRUE,TRUE,TRUE,TRUE,44.8947368421053,TRUE
2019-08-07,260790104A,Prazeres,JABOATÃO DOS GUARARAPES,-8.188,-34.953,15.6817706880758,93.5114503816794,80.5343511450382,82.824427480916,84.351145038168,5.35,30,1,9,2,30,60,TRUE,TRUE,TRUE,TRUE,48.1666666666667,TRUE
2019-08-08,260790104A,Prazeres,JABOATÃO DOS GUARARAPES,-8.188,-34.953,15.6817706880758,93.5114503816794,80.5343511450382,82.824427480916,84.351145038168,3.54,30,1,8,0.98,30,60,TRUE,TRUE,TRUE,TRUE,37.3333333333333,TRUE
2019-08-09,260790104A,Prazeres,JABOATÃO DOS GUARARAPES,-8.188,-34.953,15.6817706880758,93.5114503816794,80.5343511450382,82.824427480916,84.351145038168,0,24,1,0,0,24,60,TRUE,TRUE,TRUE,TRUE,75.4583333333333,TRUE
2019-08-10,260790104A,Prazeres,JABOATÃO DOS GUARARAPES,-8.188,-34.953,15.6817706880758,93.5114503816794,80.5343511450382,82.824427480916,84.351145038168,0,24,1,0,0,24,60,TRUE,TRUE,TRUE,TRUE,75.9166666666667,TRUE
2019-08-11,260790104A,Prazeres,JABOATÃO DOS GUARARAPES,-8.188,-34.953,15.6817706880758,93.5114503816794,80.5343511450382,82.824427480916,84.351145038168,0,24,1,0,0,24,60,TRUE,TRUE,TRUE,TRUE,75.8333333333333,TRUE
2019-08-12,260790104A,Prazeres,JABOATÃO DOS GUARARAPES,-8.188,-34.953,15.6817706880758,93.5114503816794,80.5343511450382,82.824427480916,84.351145038168,8.09,36,1,16,2.36,36,60,TRUE,TRUE,TRUE,TRUE,42,TRUE
2019-08-13,260790104A,Prazeres,JABOATÃO DOS GUARARAPES,-8.188,-34.953,15.6817706880758,93.5114503816794,80.5343511450382,82.824427480916,84.351145038168,1.97,29,1,6,0.59,29,60,TRUE,TRUE,TRUE,TRUE,41.8695652173913,TRUE
2019-08-14,260790104A,Prazeres,JABOATÃO DOS GUARARAPES,-8.188,-34.953,15.6817706880758,93.5114503816794,80.5343511450382,82.824427480916,84.351145038168,17.52,50,1,29,2.56,50,60,TRUE,TRUE,TRUE,TRUE,16.9583333333333,TRUE
2019-08-15,260790104A,Prazeres,JABOATÃO DOS GUARARAPES,-8.188,-34.953,15.6817706880758,93.5114503816794,80.5343511450382,82.824427480916,84.351145038168,6.92,39,1,17,1.38,39,60,TRUE,TRUE,TRUE,TRUE,25.0833333333333,TRUE
2019-08-16,260790104A,Prazeres,JABOATÃO DOS GUARARAPES,-8.188,-34.953,15.6817706880758,93.5114503816794,80.5343511450382,82.824427480916,84.351145038168,15,34,1,14,5.53,34,60,TRUE,TRUE,TRUE,TRUE,31.7916666666667,TRUE
2019-08-17,260790104A,Prazeres,JABOATÃO DOS GUARARAPES,-8.188,-34.953,15.6817706880758,93.5114503816794,80.5343511450382,82.824427480916,84.351145038168,1.18,28,1,4,0.39,28,60,TRUE,TRUE,TRUE,TRUE,55.125,TRUE
2019-08-18,260790104A,Prazeres,JABOATÃO DOS GUARARAPES,-8.188,-34.953,15.6817706880758,93.5114503816794,80.5343511450382,82.824427480916,84.351145038168,6.92,31,1,10,3.15,31,60,TRUE,TRUE,TRUE,TRUE,57.7916666666667,TRUE
2019-08-19,260790104A,Prazeres,JABOATÃO DOS GUARARAPES,-8.188,-34.953,15.6817706880758,93.5114503816794,80.5343511450382,82.824427480916,84.351145038168,1.58,28,1,4,0.79,28,60,TRUE,TRUE,TRUE,TRUE,71.9166666666667,TRUE
2019-08-20,260790104A,Prazeres,JABOATÃO DOS GUARARAPES,-8.188,-34.953,15.6817706880758,93.5114503816794,80.5343511450382,82.824427480916,84.351145038168,4.13,27,1,3,2.17,27,60,TRUE,TRUE,TRUE,TRUE,71.25,TRUE
2019-08-21,260790104A,Prazeres,JABOATÃO DOS GUARARAPES,-8.188,-34.953,15.6817706880758,93.5114503816794,80.5343511450382,82.824427480916,84.351145038168,0,24,1,0,0,24,60,TRUE,TRUE,TRUE,TRUE,52.7727272727273,TRUE
2019-08-22,260790104A,Prazeres,JABOATÃO DOS GUARARAPES,-8.188,-34.953,15.6817706880758,93.5114503816794,80.5343511450382,82.824427480916,84.351145038168,1.78,30,1,7,0.39,30,60,TRUE,TRUE,TRUE,TRUE,14.5,TRUE
2019-08-23,260790104A,Prazeres,JABOATÃO DOS GUARARAPES,-8.188,-34.953,15.6817706880758,93.5114503816794,80.5343511450382,82.824427480916,84.351145038168,5.34,36,1,16,0.79,36,60,TRUE,TRUE,TRUE,TRUE,34.6363636363636,TRUE
2019-08-24,260790104A,Prazeres,JABOATÃO DOS GUARARAPES,-8.188,-34.953,15.6817706880758,93.5114503816794,80.5343511450382,82.824427480916,84.351145038168,9.54,32,1,9,4.99,32,60,TRUE,TRUE,TRUE,TRUE,35.2608695652174,TRUE
2019-08-25,260790104A,Prazeres,JABOATÃO DOS GUARARAPES,-8.188,-34.953,15.6817706880758,93.5114503816794,80.5343511450382,82.824427480916,84.351145038168,1.19,27,1,3,0.79,27,60,TRUE,TRUE,TRUE,TRUE,40.3333333333333,TRUE
2019-08-26,260790104A,Prazeres,JABOATÃO DOS GUARARAPES,-8.188,-34.953,15.6817706880758,93.5114503816794,80.5343511450382,82.824427480916,84.351145038168,27,45,1,25,4.33,45,60,TRUE,TRUE,TRUE,TRUE,41.125,TRUE
2019-08-27,260790104A,Prazeres,JABOATÃO DOS GUARARAPES,-8.188,-34.953,15.6817706880758,93.5114503816794,80.5343511450382,82.824427480916,84.351145038168,0.6,27,1,3,0.2,27,60,TRUE,TRUE,TRUE,TRUE,58.4166666666667,TRUE
2019-08-28,260790104A,Prazeres,JABOATÃO DOS GUARARAPES,-8.188,-34.953,15.6817706880758,93.5114503816794,80.5343511450382,82.824427480916,84.351145038168,1.38,12,0,4,0.59,13,3240,FALSE,FALSE,FALSE,TRUE,45,TRUE
2019-08-29,260790104A,Prazeres,JABOATÃO DOS GUARARAPES,-8.188,-34.953,15.6817706880758,93.5114503816794,80.5343511450382,82.824427480916,84.351145038168,,,,,,0,,FALSE,FALSE,FALSE,TRUE,52.1666666666667,FALSE
2019-08-30,260790104A,Prazeres,JABOATÃO DOS GUARARAPES,-8.188,-34.953,15.6817706880758,93.5114503816794,80.5343511450382,82.824427480916,84.351145038168,0,10,1,0,0,9,3240,FALSE,FALSE,FALSE,TRUE,55.4583333333333,TRUE
2019-08-31,260790104A,Prazeres,JABOATÃO DOS GUARARAPES,-8.188,-34.953,15.6817706880758,93.5114503816794,80.5343511450382,82.824427480916,84.351145038168,13.83,32,1,9,3.94,32,60,TRUE,TRUE,TRUE,TRUE,69.4583333333333,TRUE
2019-09-01,260790104A,Prazeres,JABOATÃO DOS GUARARAPES,-8.188,-34.953,15.6817706880758,93.5114503816794,80.5343511450382,82.824427480916,84.351145038168,5.52,29,1,8,2.56,29,70,FALSE,TRUE,TRUE,TRUE,36.375,TRUE
2019-09-02,260790104A,Prazeres,JABOATÃO DOS GUARARAPES,-8.188,-34.953,15.6817706880758,93.5114503816794,80.5343511450382,82.824427480916,84.351145038168,37.21,43,1,22,12.6,43,60,TRUE,TRUE,TRUE,TRUE,39.9583333333333,TRUE
2019-09-03,260790104A,Prazeres,JABOATÃO DOS GUARARAPES,-8.188,-34.953,15.6817706880758,93.5114503816794,80.5343511450382,82.824427480916,84.351145038168,0,24,1,0,0,24,60,TRUE,TRUE,TRUE,TRUE,49.6666666666667,TRUE
2019-09-04,260790104A,Prazeres,JABOATÃO DOS GUARARAPES,-8.188,-34.953,15.6817706880758,93.5114503816794,80.5343511450382,82.824427480916,84.351145038168,8.69,47,1,25,0.98,47,60,TRUE,TRUE,TRUE,TRUE,37.875,TRUE
2019-09-05,260790104A,Prazeres,JABOATÃO DOS GUARARAPES,-8.188,-34.953,15.6817706880758,93.5114503816794,80.5343511450382,82.824427480916,84.351145038168,2.55,32,1,8,0.39,32,60,TRUE,TRUE,TRUE,TRUE,26.9583333333333,TRUE
2019-09-06,260790104A,Prazeres,JABOATÃO DOS GUARARAPES,-8.188,-34.953,15.6817706880758,93.5114503816794,80.5343511450382,82.824427480916,84.351145038168,8.68,33,1,10,3.35,33,60,TRUE,TRUE,TRUE,TRUE,30.6363636363636,TRUE
2019-09-07,260790104A,Prazeres,JABOATÃO DOS GUARARAPES,-8.188,-34.953,15.6817706880758,93.5114503816794,80.5343511450382,82.824427480916,84.351145038168,1.78,28,1,7,0.39,28,60,TRUE,TRUE,TRUE,TRUE,28,TRUE
2019-09-08,260790104A,Prazeres,JABOATÃO DOS GUARARAPES,-8.188,-34.953,15.6817706880758,93.5114503816794,80.5343511450382,82.824427480916,84.351145038168,3.55,26,1,3,1.97,26,60,TRUE,TRUE,TRUE,TRUE,29.125,TRUE
2019-09-09,260790104A,Prazeres,JABOATÃO DOS GUARARAPES,-8.188,-34.953,15.6817706880758,93.5114503816794,80.5343511450382,82.824427480916,84.351145038168,0,24,1,0,0,24,60,TRUE,TRUE,TRUE,TRUE,48.8333333333333,TRUE
2019-09-10,260790104A,Prazeres,JABOATÃO DOS GUARARAPES,-8.188,-34.953,15.6817706880758,93.5114503816794,80.5343511450382,82.824427480916,84.351145038168,0,24,1,0,0,24,60,TRUE,TRUE,TRUE,TRUE,57.6666666666667,TRUE
2019-09-11,260790104A,Prazeres,JABOATÃO DOS GUARARAPES,-8.188,-34.953,15.6817706880758,93.5114503816794,80.5343511450382,82.824427480916,84.351145038168,1.57,25,1,3,0.98,25,60,TRUE,TRUE,TRUE,TRUE,46.75,TRUE
2019-09-12,260790104A,Prazeres,JABOATÃO DOS GUARARAPES,-8.188,-34.953,15.6817706880758,93.5114503816794,80.5343511450382,82.824427480916,84.351145038168,1.39,30,1,6,0.39,30,60,TRUE,TRUE,TRUE,TRUE,49.7826086956522,TRUE
2019-09-13,260790104A,Prazeres,JABOATÃO DOS GUARARAPES,-8.188,-34.953,15.6817706880758,93.5114503816794,80.5343511450382,82.824427480916,84.351145038168,0,24,1,0,0,24,60,TRUE,TRUE,TRUE,TRUE,54.0952380952381,TRUE
2019-09-14,260790104A,Prazeres,JABOATÃO DOS GUARARAPES,-8.188,-34.953,15.6817706880758,93.5114503816794,80.5343511450382,82.824427480916,84.351145038168,0,24,1,0,0,24,60,TRUE,TRUE,TRUE,TRUE,54.1666666666667,TRUE
2019-09-15,260790104A,Prazeres,JABOATÃO DOS GUARARAPES,-8.188,-34.953,15.6817706880758,93.5114503816794,80.5343511450382,82.824427480916,84.351145038168,0.39,25,1,1,0.39,25,60,TRUE,TRUE,TRUE,TRUE,40.3125,TRUE
2019-09-16,260790104A,Prazeres,JABOATÃO DOS GUARARAPES,-8.188,-34.953,15.6817706880758,93.5114503816794,80.5343511450382,82.824427480916,84.351145038168,1.98,28,1,6,0.79,28,60,TRUE,TRUE,TRUE,TRUE,38.3684210526316,TRUE
2019-09-17,260790104A,Prazeres,JABOATÃO DOS GUARARAPES,-8.188,-34.953,15.6817706880758,93.5114503816794,80.5343511450382,82.824427480916,84.351145038168,11.46,47,1,27,1.97,47,60,TRUE,TRUE,TRUE,TRUE,20.7826086956522,TRUE
2019-09-18,260790104A,Prazeres,JABOATÃO DOS GUARARAPES,-8.188,-34.953,15.6817706880758,93.5114503816794,80.5343511450382,82.824427480916,84.351145038168,0.79,25,1,2,0.59,25,60,TRUE,TRUE,TRUE,TRUE,50.1739130434783,TRUE
2019-09-19,260790104A,Prazeres,JABOATÃO DOS GUARARAPES,-8.188,-34.953,15.6817706880758,93.5114503816794,80.5343511450382,82.824427480916,84.351145038168,0,24,1,0,0,24,60,TRUE,TRUE,TRUE,TRUE,63.8636363636364,TRUE
2019-09-20,260790104A,Prazeres,JABOATÃO DOS GUARARAPES,-8.188,-34.953,15.6817706880758,93.5114503816794,80.5343511450382,82.824427480916,84.351145038168,8.66,37,1,17,1.77,37,60,TRUE,TRUE,TRUE,TRUE,31.5,TRUE
2019-09-21,260790104A,Prazeres,JABOATÃO DOS GUARARAPES,-8.188,-34.953,15.6817706880758,93.5114503816794,80.5343511450382,82.824427480916,84.351145038168,0,24,1,0,0,24,60,TRUE,TRUE,TRUE,TRUE,48.6666666666667,TRUE
2019-09-22,260790104A,Prazeres,JABOATÃO DOS GUARARAPES,-8.188,-34.953,15.6817706880758,93.5114503816794,80.5343511450382,82.824427480916,84.351145038168,1.38,27,1,3,0.98,27,60,TRUE,TRUE,TRUE,TRUE,41.1666666666667,TRUE
2019-09-23,260790104A,Prazeres,JABOATÃO DOS GUARARAPES,-8.188,-34.953,15.6817706880758,93.5114503816794,80.5343511450382,82.824427480916,84.351145038168,5.12,32,1,10,1.77,32,60,TRUE,TRUE,TRUE,TRUE,38.9047619047619,TRUE
2019-09-24,260790104A,Prazeres,JABOATÃO DOS GUARARAPES,-8.188,-34.953,15.6817706880758,93.5114503816794,80.5343511450382,82.824427480916,84.351145038168,0,24,1,0,0,24,60,TRUE,TRUE,TRUE,TRUE,45.9166666666667,TRUE
2019-09-25,260790104A,Prazeres,JABOATÃO DOS GUARARAPES,-8.188,-34.953,15.6817706880758,93.5114503816794,80.5343511450382,82.824427480916,84.351145038168,0,24,1,0,0,24,60,TRUE,TRUE,TRUE,TRUE,53.25,TRUE
2019-09-26,260790104A,Prazeres,JABOATÃO DOS GUARARAPES,-8.188,-34.953,15.6817706880758,93.5114503816794,80.5343511450382,82.824427480916,84.351145038168,0,24,1,0,0,24,60,TRUE,TRUE,TRUE,FALSE,,TRUE
2019-09-27,260790104A,Prazeres,JABOATÃO DOS GUARARAPES,-8.188,-34.953,15.6817706880758,93.5114503816794,80.5343511450382,82.824427480916,84.351145038168,0,24,1,0,0,24,60,TRUE,TRUE,TRUE,FALSE,,TRUE
2019-09-28,260790104A,Prazeres,JABOATÃO DOS GUARARAPES,-8.188,-34.953,15.6817706880758,93.5114503816794,80.5343511450382,82.824427480916,84.351145038168,0,24,1,0,0,24,60,TRUE,TRUE,TRUE,FALSE,,TRUE
2019-09-29,260790104A,Prazeres,JABOATÃO DOS GUARARAPES,-8.188,-34.953,15.6817706880758,93.5114503816794,80.5343511450382,82.824427480916,84.351145038168,0,24,1,0,0,24,60,TRUE,TRUE,TRUE,FALSE,,TRUE
2019-09-30,260790104A,Prazeres,JABOATÃO DOS GUARARAPES,-8.188,-34.953,15.6817706880758,93.5114503816794,80.5343511450382,82.824427480916,84.351145038168,0,24,1,0,0,24,60,TRUE,TRUE,TRUE,FALSE,,TRUE
2019-10-01,260790104A,Prazeres,JABOATÃO DOS GUARARAPES,-8.188,-34.953,15.6817706880758,93.5114503816794,80.5343511450382,82.824427480916,84.351145038168,0,24,1,0,0,24,60,TRUE,TRUE,TRUE,FALSE,,TRUE
2019-10-02,260790104A,Prazeres,JABOATÃO DOS GUARARAPES,-8.188,-34.953,15.6817706880758,93.5114503816794,80.5343511450382,82.824427480916,84.351145038168,0.2,25,1,1,0.2,25,60,TRUE,TRUE,TRUE,FALSE,,TRUE
2019-10-03,260790104A,Prazeres,JABOATÃO DOS GUARARAPES,-8.188,-34.953,15.6817706880758,93.5114503816794,80.5343511450382,82.824427480916,84.351145038168,0,24,1,0,0,24,60,TRUE,TRUE,TRUE,FALSE,,TRUE
2019-10-04,260790104A,Prazeres,JABOATÃO DOS GUARARAPES,-8.188,-34.953,15.6817706880758,93.5114503816794,80.5343511450382,82.824427480916,84.351145038168,2.76,27,1,3,2.36,27,60,TRUE,TRUE,TRUE,FALSE,,TRUE
2019-10-05,260790104A,Prazeres,JABOATÃO DOS GUARARAPES,-8.188,-34.953,15.6817706880758,93.5114503816794,80.5343511450382,82.824427480916,84.351145038168,0.2,25,1,1,0.2,25,60,TRUE,TRUE,TRUE,FALSE,,TRUE
2019-10-06,260790104A,Prazeres,JABOATÃO DOS GUARARAPES,-8.188,-34.953,15.6817706880758,93.5114503816794,80.5343511450382,82.824427480916,84.351145038168,0,24,1,0,0,24,60,TRUE,TRUE,TRUE,FALSE,,TRUE
2019-10-07,260790104A,Prazeres,JABOATÃO DOS GUARARAPES,-8.188,-34.953,15.6817706880758,93.5114503816794,80.5343511450382,82.824427480916,84.351145038168,0,24,1,0,0,24,60,TRUE,TRUE,TRUE,FALSE,,TRUE
2019-10-08,260790104A,Prazeres,JABOATÃO DOS GUARARAPES,-8.188,-34.953,15.6817706880758,93.5114503816794,80.5343511450382,82.824427480916,84.351145038168,0.4,16,0,2,0.2,17,810,FALSE,FALSE,FALSE,FALSE,,TRUE
2019-10-09,260790104A,Prazeres,JABOATÃO DOS GUARARAPES,-8.188,-34.953,15.6817706880758,93.5114503816794,80.5343511450382,82.824427480916,84.351145038168,1.38,2,0,2,1.18,2,1090,FALSE,FALSE,FALSE,FALSE,,TRUE
2019-10-10,260790104A,Prazeres,JABOATÃO DOS GUARARAPES,-8.188,-34.953,15.6817706880758,93.5114503816794,80.5343511450382,82.824427480916,84.351145038168,5.53,20,1,14,1.18,19,1090,FALSE,FALSE,FALSE,FALSE,,TRUE
2019-10-11,260790104A,Prazeres,JABOATÃO DOS GUARARAPES,-8.188,-34.953,15.6817706880758,93.5114503816794,80.5343511450382,82.824427480916,84.351145038168,5.13,27,1,6,1.97,27,60,TRUE,TRUE,TRUE,FALSE,,TRUE
2019-10-12,260790104A,Prazeres,JABOATÃO DOS GUARARAPES,-8.188,-34.953,15.6817706880758,93.5114503816794,80.5343511450382,82.824427480916,84.351145038168,2.37,28,1,5,1.38,28,60,TRUE,TRUE,TRUE,FALSE,,TRUE
2019-10-13,260790104A,Prazeres,JABOATÃO DOS GUARARAPES,-8.188,-34.953,15.6817706880758,93.5114503816794,80.5343511450382,82.824427480916,84.351145038168,4.75,21,0,15,0.79,22,580,FALSE,FALSE,FALSE,FALSE,,TRUE
2019-10-14,260790104A,Prazeres,JABOATÃO DOS GUARARAPES,-8.188,-34.953,15.6817706880758,93.5114503816794,80.5343511450382,82.824427480916,84.351145038168,3.15,7,0,7,1.37,7,840,FALSE,FALSE,FALSE,FALSE,,TRUE
2019-10-15,260790104A,Prazeres,JABOATÃO DOS GUARARAPES,-8.188,-34.953,15.6817706880758,93.5114503816794,80.5343511450382,82.824427480916,84.351145038168,0.2,15,1,1,0.2,14,630,FALSE,FALSE,FALSE,FALSE,,TRUE
2019-10-16,260790104A,Prazeres,JABOATÃO DOS GUARARAPES,-8.188,-34.953,15.6817706880758,93.5114503816794,80.5343511450382,82.824427480916,84.351145038168,1.19,25,1,2,0.79,25,60,TRUE,TRUE,TRUE,FALSE,,TRUE
2019-10-17,260790104A,Prazeres,JABOATÃO DOS GUARARAPES,-8.188,-34.953,15.6817706880758,93.5114503816794,80.5343511450382,82.824427480916,84.351145038168,1.18,28,1,4,0.39,28,60,TRUE,TRUE,TRUE,FALSE,,TRUE
2019-10-18,260790104A,Prazeres,JABOATÃO DOS GUARARAPES,-8.188,-34.953,15.6817706880758,93.5114503816794,80.5343511450382,82.824427480916,84.351145038168,25.61,54,1,36,4.14,54,60,TRUE,TRUE,TRUE,FALSE,,TRUE
2019-10-19,260790104A,Prazeres,JABOATÃO DOS GUARARAPES,-8.188,-34.953,15.6817706880758,93.5114503816794,80.5343511450382,82.824427480916,84.351145038168,0.2,25,1,1,0.2,25,60,TRUE,TRUE,TRUE,FALSE,,TRUE
2019-10-20,260790104A,Prazeres,JABOATÃO DOS GUARARAPES,-8.188,-34.953,15.6817706880758,93.5114503816794,80.5343511450382,82.824427480916,84.351145038168,0,24,1,0,0,24,60,TRUE,TRUE,TRUE,FALSE,,TRUE
2019-10-21,260790104A,Prazeres,JABOATÃO DOS GUARARAPES,-8.188,-34.953,15.6817706880758,93.5114503816794,80.5343511450382,82.824427480916,84.351145038168,0,24,1,0,0,24,60,TRUE,TRUE,TRUE,FALSE,,TRUE
2019-10-22,260790104A,Prazeres,JABOATÃO DOS GUARARAPES,-8.188,-34.953,15.6817706880758,93.5114503816794,80.5343511450382,82.824427480916,84.351145038168,0,24,1,0,0,24,60,TRUE,TRUE,TRUE,FALSE,,TRUE
2019-10-23,260790104A,Prazeres,JABOATÃO DOS GUARARAPES,-8.188,-34.953,15.6817706880758,93.5114503816794,80.5343511450382,82.824427480916,84.351145038168,0,24,1,0,0,24,60,TRUE,TRUE,TRUE,FALSE,,TRUE
2019-10-24,260790104A,Prazeres,JABOATÃO DOS GUARARAPES,-8.188,-34.953,15.6817706880758,93.5114503816794,80.5343511450382,82.824427480916,84.351145038168,0,24,1,0,0,24,60,TRUE,TRUE,TRUE,FALSE,,TRUE
2019-10-25,260790104A,Prazeres,JABOATÃO DOS GUARARAPES,-8.188,-34.953,15.6817706880758,93.5114503816794,80.5343511450382,82.824427480916,84.351145038168,0,24,1,0,0,24,60,TRUE,TRUE,TRUE,FALSE,,TRUE
2019-10-26,260790104A,Prazeres,JABOATÃO DOS GUARARAPES,-8.188,-34.953,15.6817706880758,93.5114503816794,80.5343511450382,82.824427480916,84.351145038168,0.99,25,1,2,0.79,25,60,TRUE,TRUE,TRUE,TRUE,39.5714285714286,TRUE
2019-10-27,260790104A,Prazeres,JABOATÃO DOS GUARARAPES,-8.188,-34.953,15.6817706880758,93.5114503816794,80.5343511450382,82.824427480916,84.351145038168,0,24,1,0,0,24,60,TRUE,TRUE,TRUE,TRUE,49.2916666666667,TRUE
2019-10-28,260790104A,Prazeres,JABOATÃO DOS GUARARAPES,-8.188,-34.953,15.6817706880758,93.5114503816794,80.5343511450382,82.824427480916,84.351145038168,0,13,1,0,0,13,750,FALSE,FALSE,FALSE,TRUE,56.625,TRUE
2019-10-29,260790104A,Prazeres,JABOATÃO DOS GUARARAPES,-8.188,-34.953,15.6817706880758,93.5114503816794,80.5343511450382,82.824427480916,84.351145038168,0,24,1,0,0,24,60,TRUE,TRUE,TRUE,TRUE,47.125,TRUE
2019-10-30,260790104A,Prazeres,JABOATÃO DOS GUARARAPES,-8.188,-34.953,15.6817706880758,93.5114503816794,80.5343511450382,82.824427480916,84.351145038168,0,24,1,0,0,24,60,TRUE,TRUE,TRUE,TRUE,40.4583333333333,TRUE
2019-10-31,260790104A,Prazeres,JABOATÃO DOS GUARARAPES,-8.188,-34.953,15.6817706880758,93.5114503816794,80.5343511450382,82.824427480916,84.351145038168,0,24,1,0,0,24,60,TRUE,TRUE,TRUE,TRUE,38.9583333333333,TRUE
2019-11-01,260790104A,Prazeres,JABOATÃO DOS GUARARAPES,-8.188,-34.953,15.6817706880758,93.5114503816794,80.5343511450382,82.824427480916,84.351145038168,0,24,1,0,0,24,60,TRUE,TRUE,TRUE,TRUE,36.5416666666667,TRUE
2019-11-02,260790104A,Prazeres,JABOATÃO DOS GUARARAPES,-8.188,-34.953,15.6817706880758,93.5114503816794,80.5343511450382,82.824427480916,84.351145038168,0,24,1,0,0,24,60,TRUE,TRUE,TRUE,TRUE,36.25,TRUE
2019-11-03,260790104A,Prazeres,JABOATÃO DOS GUARARAPES,-8.188,-34.953,15.6817706880758,93.5114503816794,80.5343511450382,82.824427480916,84.351145038168,0,13,0,0,0,14,12840,FALSE,FALSE,FALSE,TRUE,37.125,TRUE
2019-11-04,260790104A,Prazeres,JABOATÃO DOS GUARARAPES,-8.188,-34.953,15.6817706880758,93.5114503816794,80.5343511450382,82.824427480916,84.351145038168,,,,,,0,,FALSE,FALSE,FALSE,TRUE,42.375,FALSE
2019-11-05,260790104A,Prazeres,JABOATÃO DOS GUARARAPES,-8.188,-34.953,15.6817706880758,93.5114503816794,80.5343511450382,82.824427480916,84.351145038168,,,,,,0,,FALSE,FALSE,FALSE,TRUE,45.875,FALSE
2019-11-06,260790104A,Prazeres,JABOATÃO DOS GUARARAPES,-8.188,-34.953,15.6817706880758,93.5114503816794,80.5343511450382,82.824427480916,84.351145038168,,,,,,0,,FALSE,FALSE,FALSE,TRUE,44.6521739130435,FALSE
2019-11-07,260790104A,Prazeres,JABOATÃO DOS GUARARAPES,-8.188,-34.953,15.6817706880758,93.5114503816794,80.5343511450382,82.824427480916,84.351145038168,,,,,,0,,FALSE,FALSE,FALSE,TRUE,40.55,FALSE
2019-11-08,260790104A,Prazeres,JABOATÃO DOS GUARARAPES,-8.188,-34.953,15.6817706880758,93.5114503816794,80.5343511450382,82.824427480916,84.351145038168,,,,,,0,,FALSE,FALSE,FALSE,TRUE,36.0416666666667,FALSE
2019-11-09,260790104A,Prazeres,JABOATÃO DOS GUARARAPES,-8.188,-34.953,15.6817706880758,93.5114503816794,80.5343511450382,82.824427480916,84.351145038168,,,,,,0,,FALSE,FALSE,FALSE,TRUE,44.625,FALSE
2019-11-10,260790104A,Prazeres,JABOATÃO DOS GUARARAPES,-8.188,-34.953,15.6817706880758,93.5114503816794,80.5343511450382,82.824427480916,84.351145038168,,,,,,0,,FALSE,FALSE,FALSE,TRUE,40.25,FALSE
2019-11-11,260790104A,Prazeres,JABOATÃO DOS GUARARAPES,-8.188,-34.953,15.6817706880758,93.5114503816794,80.5343511450382,82.824427480916,84.351145038168,,,,,,0,,FALSE,FALSE,FALSE,TRUE,42.5416666666667,FALSE
2019-11-12,260790104A,Prazeres,JABOATÃO DOS GUARARAPES,-8.188,-34.953,15.6817706880758,93.5114503816794,80.5343511450382,82.824427480916,84.351145038168,0,14,1,0,0,13,12840,FALSE,FALSE,FALSE,TRUE,80.8333333333333,TRUE
2019-11-13,260790104A,Prazeres,JABOATÃO DOS GUARARAPES,-8.188,-34.953,15.6817706880758,93.5114503816794,80.5343511450382,82.824427480916,84.351145038168,0,19,1,0,0,19,360,FALSE,FALSE,FALSE,TRUE,40.4583333333333,TRUE
2019-11-14,260790104A,Prazeres,JABOATÃO DOS GUARARAPES,-8.188,-34.953,15.6817706880758,93.5114503816794,80.5343511450382,82.824427480916,84.351145038168,0,24,1,0,0,24,60,TRUE,TRUE,TRUE,TRUE,36.125,TRUE
2019-11-15,260790104A,Prazeres,JABOATÃO DOS GUARARAPES,-8.188,-34.953,15.6817706880758,93.5114503816794,80.5343511450382,82.824427480916,84.351145038168,0,24,1,0,0,24,60,TRUE,TRUE,TRUE,TRUE,51.7142857142857,TRUE
2019-11-16,260790104A,Prazeres,JABOATÃO DOS GUARARAPES,-8.188,-34.953,15.6817706880758,93.5114503816794,80.5343511450382,82.824427480916,84.351145038168,0,24,1,0,0,24,60,TRUE,TRUE,TRUE,TRUE,55.5833333333333,TRUE
2019-11-17,260790104A,Prazeres,JABOATÃO DOS GUARARAPES,-8.188,-34.953,15.6817706880758,93.5114503816794,80.5343511450382,82.824427480916,84.351145038168,0,24,1,0,0,24,60,TRUE,TRUE,TRUE,TRUE,30.5833333333333,TRUE
2019-11-18,260790104A,Prazeres,JABOATÃO DOS GUARARAPES,-8.188,-34.953,15.6817706880758,93.5114503816794,80.5343511450382,82.824427480916,84.351145038168,0,24,1,0,0,24,60,TRUE,TRUE,TRUE,TRUE,37.0416666666667,TRUE
2019-11-19,260790104A,Prazeres,JABOATÃO DOS GUARARAPES,-8.188,-34.953,15.6817706880758,93.5114503816794,80.5343511450382,82.824427480916,84.351145038168,0,24,1,0,0,24,60,TRUE,TRUE,TRUE,TRUE,34.7619047619048,TRUE
2019-11-20,260790104A,Prazeres,JABOATÃO DOS GUARARAPES,-8.188,-34.953,15.6817706880758,93.5114503816794,80.5343511450382,82.824427480916,84.351145038168,0,24,1,0,0,24,60,TRUE,TRUE,TRUE,TRUE,36.3809523809524,TRUE
2019-11-21,260790104A,Prazeres,JABOATÃO DOS GUARARAPES,-8.188,-34.953,15.6817706880758,93.5114503816794,80.5343511450382,82.824427480916,84.351145038168,0,24,1,0,0,24,60,TRUE,TRUE,TRUE,TRUE,36.2083333333333,TRUE
2019-11-22,260790104A,Prazeres,JABOATÃO DOS GUARARAPES,-8.188,-34.953,15.6817706880758,93.5114503816794,80.5343511450382,82.824427480916,84.351145038168,0,24,1,0,0,24,60,TRUE,TRUE,TRUE,TRUE,36.7916666666667,TRUE
2019-11-23,260790104A,Prazeres,JABOATÃO DOS GUARARAPES,-8.188,-34.953,15.6817706880758,93.5114503816794,80.5343511450382,82.824427480916,84.351145038168,0,24,1,0,0,24,60,TRUE,TRUE,TRUE,TRUE,32.4583333333333,TRUE
2019-11-24,260790104A,Prazeres,JABOATÃO DOS GUARARAPES,-8.188,-34.953,15.6817706880758,93.5114503816794,80.5343511450382,82.824427480916,84.351145038168,0,24,1,0,0,24,60,TRUE,TRUE,TRUE,TRUE,39.2083333333333,TRUE
2019-11-25,260790104A,Prazeres,JABOATÃO DOS GUARARAPES,-8.188,-34.953,15.6817706880758,93.5114503816794,80.5343511450382,82.824427480916,84.351145038168,0,24,1,0,0,24,60,TRUE,TRUE,TRUE,FALSE,,TRUE
2019-11-26,260790104A,Prazeres,JABOATÃO DOS GUARARAPES,-8.188,-34.953,15.6817706880758,93.5114503816794,80.5343511450382,82.824427480916,84.351145038168,0,24,1,0,0,24,60,TRUE,TRUE,TRUE,FALSE,,TRUE
2019-11-27,260790104A,Prazeres,JABOATÃO DOS GUARARAPES,-8.188,-34.953,15.6817706880758,93.5114503816794,80.5343511450382,82.824427480916,84.351145038168,0.4,25,1,2,0.2,25,60,TRUE,TRUE,TRUE,FALSE,,TRUE
2019-11-28,260790104A,Prazeres,JABOATÃO DOS GUARARAPES,-8.188,-34.953,15.6817706880758,93.5114503816794,80.5343511450382,82.824427480916,84.351145038168,0,24,1,0,0,24,60,TRUE,TRUE,TRUE,FALSE,,TRUE
2019-11-29,260790104A,Prazeres,JABOATÃO DOS GUARARAPES,-8.188,-34.953,15.6817706880758,93.5114503816794,80.5343511450382,82.824427480916,84.351145038168,0,24,1,0,0,24,60,TRUE,TRUE,TRUE,FALSE,,TRUE
2019-11-30,260790104A,Prazeres,JABOATÃO DOS GUARARAPES,-8.188,-34.953,15.6817706880758,93.5114503816794,80.5343511450382,82.824427480916,84.351145038168,0,24,1,0,0,24,60,TRUE,TRUE,TRUE,FALSE,,TRUE
2019-12-01,260790104A,Prazeres,JABOATÃO DOS GUARARAPES,-8.188,-34.953,15.6817706880758,93.5114503816794,80.5343511450382,82.824427480916,84.351145038168,0,24,1,0,0,24,60,TRUE,TRUE,TRUE,FALSE,,TRUE
2019-12-02,260790104A,Prazeres,JABOATÃO DOS GUARARAPES,-8.188,-34.953,15.6817706880758,93.5114503816794,80.5343511450382,82.824427480916,84.351145038168,0,24,1,0,0,24,60,TRUE,TRUE,TRUE,FALSE,,TRUE
2019-12-03,260790104A,Prazeres,JABOATÃO DOS GUARARAPES,-8.188,-34.953,15.6817706880758,93.5114503816794,80.5343511450382,82.824427480916,84.351145038168,0,24,1,0,0,24,60,TRUE,TRUE,TRUE,FALSE,,TRUE
2019-12-04,260790104A,Prazeres,JABOATÃO DOS GUARARAPES,-8.188,-34.953,15.6817706880758,93.5114503816794,80.5343511450382,82.824427480916,84.351145038168,0,24,1,0,0,24,60,TRUE,TRUE,TRUE,FALSE,,TRUE
2019-12-05,260790104A,Prazeres,JABOATÃO DOS GUARARAPES,-8.188,-34.953,15.6817706880758,93.5114503816794,80.5343511450382,82.824427480916,84.351145038168,0,24,1,0,0,24,60,TRUE,TRUE,TRUE,FALSE,,TRUE
2019-12-06,260790104A,Prazeres,JABOATÃO DOS GUARARAPES,-8.188,-34.953,15.6817706880758,93.5114503816794,80.5343511450382,82.824427480916,84.351145038168,0,24,1,0,0,24,60,TRUE,TRUE,TRUE,FALSE,,TRUE
2019-12-07,260790104A,Prazeres,JABOATÃO DOS GUARARAPES,-8.188,-34.953,15.6817706880758,93.5114503816794,80.5343511450382,82.824427480916,84.351145038168,0,24,1,0,0,24,60,TRUE,TRUE,TRUE,FALSE,,TRUE
2019-12-08,260790104A,Prazeres,JABOATÃO DOS GUARARAPES,-8.188,-34.953,15.6817706880758,93.5114503816794,80.5343511450382,82.824427480916,84.351145038168,0,24,1,0,0,24,60,TRUE,TRUE,TRUE,FALSE,,TRUE
2019-12-09,260790104A,Prazeres,JABOATÃO DOS GUARARAPES,-8.188,-34.953,15.6817706880758,93.5114503816794,80.5343511450382,82.824427480916,84.351145038168,0,24,1,0,0,24,60,TRUE,TRUE,TRUE,FALSE,,TRUE
2019-12-10,260790104A,Prazeres,JABOATÃO DOS GUARARAPES,-8.188,-34.953,15.6817706880758,93.5114503816794,80.5343511450382,82.824427480916,84.351145038168,2.57,27,1,5,1.18,27,60,TRUE,TRUE,TRUE,FALSE,,TRUE
2019-12-11,260790104A,Prazeres,JABOATÃO DOS GUARARAPES,-8.188,-34.953,15.6817706880758,93.5114503816794,80.5343511450382,82.824427480916,84.351145038168,0,24,1,0,0,24,60,TRUE,TRUE,TRUE,FALSE,,TRUE
2019-12-12,260790104A,Prazeres,JABOATÃO DOS GUARARAPES,-8.188,-34.953,15.6817706880758,93.5114503816794,80.5343511450382,82.824427480916,84.351145038168,0,24,1,0,0,24,60,TRUE,TRUE,TRUE,FALSE,,TRUE
2019-12-13,260790104A,Prazeres,JABOATÃO DOS GUARARAPES,-8.188,-34.953,15.6817706880758,93.5114503816794,80.5343511450382,82.824427480916,84.351145038168,0,24,1,0,0,24,60,TRUE,TRUE,TRUE,FALSE,,TRUE
2019-12-14,260790104A,Prazeres,JABOATÃO DOS GUARARAPES,-8.188,-34.953,15.6817706880758,93.5114503816794,80.5343511450382,82.824427480916,84.351145038168,0,24,1,0,0,24,60,TRUE,TRUE,TRUE,FALSE,,TRUE
2019-12-15,260790104A,Prazeres,JABOATÃO DOS GUARARAPES,-8.188,-34.953,15.6817706880758,93.5114503816794,80.5343511450382,82.824427480916,84.351145038168,1.77,25,1,2,1.57,25,60,TRUE,TRUE,TRUE,FALSE,,TRUE
2019-12-16,260790104A,Prazeres,JABOATÃO DOS GUARARAPES,-8.188,-34.953,15.6817706880758,93.5114503816794,80.5343511450382,82.824427480916,84.351145038168,4.14,28,0,8,1.18,29,245860,FALSE,FALSE,FALSE,FALSE,,TRUE
2019-12-17,260790104A,Prazeres,JABOATÃO DOS GUARARAPES,-8.188,-34.953,15.6817706880758,93.5114503816794,80.5343511450382,82.824427480916,84.351145038168,,,,,,0,,FALSE,FALSE,FALSE,FALSE,,FALSE
2019-12-18,260790104A,Prazeres,JABOATÃO DOS GUARARAPES,-8.188,-34.953,15.6817706880758,93.5114503816794,80.5343511450382,82.824427480916,84.351145038168,,,,,,0,,FALSE,FALSE,FALSE,FALSE,,FALSE
2019-12-19,260790104A,Prazeres,JABOATÃO DOS GUARARAPES,-8.188,-34.953,15.6817706880758,93.5114503816794,80.5343511450382,82.824427480916,84.351145038168,,,,,,0,,FALSE,FALSE,FALSE,FALSE,,FALSE
2019-12-20,260790104A,Prazeres,JABOATÃO DOS GUARARAPES,-8.188,-34.953,15.6817706880758,93.5114503816794,80.5343511450382,82.824427480916,84.351145038168,,,,,,0,,FALSE,FALSE,FALSE,FALSE,,FALSE
2019-12-21,260790104A,Prazeres,JABOATÃO DOS GUARARAPES,-8.188,-34.953,15.6817706880758,93.5114503816794,80.5343511450382,82.824427480916,84.351145038168,,,,,,0,,FALSE,FALSE,FALSE,FALSE,,FALSE
2019-12-22,260790104A,Prazeres,JABOATÃO DOS GUARARAPES,-8.188,-34.953,15.6817706880758,93.5114503816794,80.5343511450382,82.824427480916,84.351145038168,,,,,,0,,FALSE,FALSE,FALSE,FALSE,,FALSE
2019-12-23,260790104A,Prazeres,JABOATÃO DOS GUARARAPES,-8.188,-34.953,15.6817706880758,93.5114503816794,80.5343511450382,82.824427480916,84.351145038168,,,,,,0,,FALSE,FALSE,FALSE,FALSE,,FALSE
2019-12-24,260790104A,Prazeres,JABOATÃO DOS GUARARAPES,-8.188,-34.953,15.6817706880758,93.5114503816794,80.5343511450382,82.824427480916,84.351145038168,,,,,,0,,FALSE,FALSE,FALSE,FALSE,,FALSE
2019-12-25,260790104A,Prazeres,JABOATÃO DOS GUARARAPES,-8.188,-34.953,15.6817706880758,93.5114503816794,80.5343511450382,82.824427480916,84.351145038168,,,,,,0,,FALSE,FALSE,FALSE,FALSE,,FALSE
2019-12-26,260790104A,Prazeres,JABOATÃO DOS GUARARAPES,-8.188,-34.953,15.6817706880758,93.5114503816794,80.5343511450382,82.824427480916,84.351145038168,,,,,,0,,FALSE,FALSE,FALSE,TRUE,64.7619047619048,FALSE
2019-12-27,260790104A,Prazeres,JABOATÃO DOS GUARARAPES,-8.188,-34.953,15.6817706880758,93.5114503816794,80.5343511450382,82.824427480916,84.351145038168,,,,,,0,,FALSE,FALSE,FALSE,TRUE,45.9166666666667,FALSE
2019-12-28,260790104A,Prazeres,JABOATÃO DOS GUARARAPES,-8.188,-34.953,15.6817706880758,93.5114503816794,80.5343511450382,82.824427480916,84.351145038168,,,,,,0,,FALSE,FALSE,FALSE,TRUE,44.125,FALSE
2019-12-29,260790104A,Prazeres,JABOATÃO DOS GUARARAPES,-8.188,-34.953,15.6817706880758,93.5114503816794,80.5343511450382,82.824427480916,84.351145038168,,,,,,0,,FALSE,FALSE,FALSE,TRUE,43.7083333333333,FALSE
2019-12-30,260790104A,Prazeres,JABOATÃO DOS GUARARAPES,-8.188,-34.953,15.6817706880758,93.5114503816794,80.5343511450382,82.824427480916,84.351145038168,,,,,,0,,FALSE,FALSE,FALSE,TRUE,43.4166666666667,FALSE
2019-12-31,260790104A,Prazeres,JABOATÃO DOS GUARARAPES,-8.188,-34.953,15.6817706880758,93.5114503816794,80.5343511450382,82.824427480916,84.351145038168,,,,,,0,,FALSE,FALSE,FALSE,TRUE,53.4583333333333,FALSE
2019-01-01,260790110A,Cajueiro Seco,JABOATÃO DOS GUARARAPES,-8.168,-34.928,18.17024712476,80.9160305343512,40.0763358778626,40.8396946564886,42.3664122137405,,,,,,0,,FALSE,FALSE,FALSE,TRUE,89.2380952380952,FALSE
2019-01-02,260790110A,Cajueiro Seco,JABOATÃO DOS GUARARAPES,-8.168,-34.928,18.17024712476,80.9160305343512,40.0763358778626,40.8396946564886,42.3664122137405,,,,,,0,,FALSE,FALSE,FALSE,TRUE,76,FALSE
2019-01-03,260790110A,Cajueiro Seco,JABOATÃO DOS GUARARAPES,-8.168,-34.928,18.17024712476,80.9160305343512,40.0763358778626,40.8396946564886,42.3664122137405,,,,,,0,,FALSE,FALSE,FALSE,TRUE,52.1666666666667,FALSE
2019-01-04,260790110A,Cajueiro Seco,JABOATÃO DOS GUARARAPES,-8.168,-34.928,18.17024712476,80.9160305343512,40.0763358778626,40.8396946564886,42.3664122137405,,,,,,0,,FALSE,FALSE,FALSE,TRUE,57.5,FALSE
2019-01-05,260790110A,Cajueiro Seco,JABOATÃO DOS GUARARAPES,-8.168,-34.928,18.17024712476,80.9160305343512,40.0763358778626,40.8396946564886,42.3664122137405,,,,,,0,,FALSE,FALSE,FALSE,TRUE,50.4583333333333,FALSE
2019-01-06,260790110A,Cajueiro Seco,JABOATÃO DOS GUARARAPES,-8.168,-34.928,18.17024712476,80.9160305343512,40.0763358778626,40.8396946564886,42.3664122137405,2,3,0,3,1.2,3,9280,FALSE,FALSE,FALSE,TRUE,29.9583333333333,TRUE
2019-01-07,260790110A,Cajueiro Seco,JABOATÃO DOS GUARARAPES,-8.168,-34.928,18.17024712476,80.9160305343512,40.0763358778626,40.8396946564886,42.3664122137405,9,12,0,10,4.4,12,1140,FALSE,FALSE,FALSE,TRUE,23.7619047619048,TRUE
2019-01-08,260790110A,Cajueiro Seco,JABOATÃO DOS GUARARAPES,-8.168,-34.928,18.17024712476,80.9160305343512,40.0763358778626,40.8396946564886,42.3664122137405,1.6,3,0,3,0.8,3,2830,FALSE,FALSE,FALSE,TRUE,42.5416666666667,TRUE
2019-01-09,260790110A,Cajueiro Seco,JABOATÃO DOS GUARARAPES,-8.168,-34.928,18.17024712476,80.9160305343512,40.0763358778626,40.8396946564886,42.3664122137405,,,,,,0,,FALSE,FALSE,FALSE,TRUE,41.9166666666667,FALSE
2019-01-10,260790110A,Cajueiro Seco,JABOATÃO DOS GUARARAPES,-8.168,-34.928,18.17024712476,80.9160305343512,40.0763358778626,40.8396946564886,42.3664122137405,0.6,1,0,1,0.6,1,2830,FALSE,FALSE,FALSE,TRUE,37.6666666666667,TRUE
2019-01-11,260790110A,Cajueiro Seco,JABOATÃO DOS GUARARAPES,-8.168,-34.928,18.17024712476,80.9160305343512,40.0763358778626,40.8396946564886,42.3664122137405,1.4,6,0,6,0.4,6,880,FALSE,FALSE,FALSE,TRUE,38.7272727272727,TRUE
2019-01-12,260790110A,Cajueiro Seco,JABOATÃO DOS GUARARAPES,-8.168,-34.928,18.17024712476,80.9160305343512,40.0763358778626,40.8396946564886,42.3664122137405,9.6,23,0,20,2,23,800,FALSE,FALSE,FALSE,TRUE,14.8333333333333,TRUE
2019-01-13,260790110A,Cajueiro Seco,JABOATÃO DOS GUARARAPES,-8.168,-34.928,18.17024712476,80.9160305343512,40.0763358778626,40.8396946564886,42.3664122137405,2.2,4,0,4,1.4,4,1510,FALSE,FALSE,FALSE,TRUE,29.6666666666667,TRUE
2019-01-14,260790110A,Cajueiro Seco,JABOATÃO DOS GUARARAPES,-8.168,-34.928,18.17024712476,80.9160305343512,40.0763358778626,40.8396946564886,42.3664122137405,0.8,2,0,1,0.8,2,5500,FALSE,FALSE,FALSE,TRUE,36.3333333333333,TRUE
2019-01-15,260790110A,Cajueiro Seco,JABOATÃO DOS GUARARAPES,-8.168,-34.928,18.17024712476,80.9160305343512,40.0763358778626,40.8396946564886,42.3664122137405,,,,,,0,,FALSE,FALSE,FALSE,TRUE,37.695652173913,FALSE
2019-01-16,260790110A,Cajueiro Seco,JABOATÃO DOS GUARARAPES,-8.168,-34.928,18.17024712476,80.9160305343512,40.0763358778626,40.8396946564886,42.3664122137405,,,,,,0,,FALSE,FALSE,FALSE,TRUE,32.9583333333333,FALSE
2019-01-17,260790110A,Cajueiro Seco,JABOATÃO DOS GUARARAPES,-8.168,-34.928,18.17024712476,80.9160305343512,40.0763358778626,40.8396946564886,42.3664122137405,,,,,,0,,FALSE,FALSE,FALSE,TRUE,24.8333333333333,FALSE
2019-01-18,260790110A,Cajueiro Seco,JABOATÃO DOS GUARARAPES,-8.168,-34.928,18.17024712476,80.9160305343512,40.0763358778626,40.8396946564886,42.3664122137405,0.4,2,0,2,0.2,2,5500,FALSE,FALSE,FALSE,TRUE,32.9166666666667,TRUE
2019-01-19,260790110A,Cajueiro Seco,JABOATÃO DOS GUARARAPES,-8.168,-34.928,18.17024712476,80.9160305343512,40.0763358778626,40.8396946564886,42.3664122137405,0.8,3,0,3,0.4,3,1530,FALSE,FALSE,FALSE,TRUE,34.7916666666667,TRUE
2019-01-20,260790110A,Cajueiro Seco,JABOATÃO DOS GUARARAPES,-8.168,-34.928,18.17024712476,80.9160305343512,40.0763358778626,40.8396946564886,42.3664122137405,3,4,0,4,2.4,4,2900,FALSE,FALSE,FALSE,TRUE,34.125,TRUE
2019-01-21,260790110A,Cajueiro Seco,JABOATÃO DOS GUARARAPES,-8.168,-34.928,18.17024712476,80.9160305343512,40.0763358778626,40.8396946564886,42.3664122137405,,,,,,0,,FALSE,FALSE,FALSE,TRUE,38.8333333333333,FALSE
2019-01-22,260790110A,Cajueiro Seco,JABOATÃO DOS GUARARAPES,-8.168,-34.928,18.17024712476,80.9160305343512,40.0763358778626,40.8396946564886,42.3664122137405,0.8,3,0,3,0.4,3,5530,FALSE,FALSE,FALSE,TRUE,25.6363636363636,TRUE
2019-01-23,260790110A,Cajueiro Seco,JABOATÃO DOS GUARARAPES,-8.168,-34.928,18.17024712476,80.9160305343512,40.0763358778626,40.8396946564886,42.3664122137405,,,,,,0,,FALSE,FALSE,FALSE,TRUE,33.7916666666667,FALSE
2019-01-24,260790110A,Cajueiro Seco,JABOATÃO DOS GUARARAPES,-8.168,-34.928,18.17024712476,80.9160305343512,40.0763358778626,40.8396946564886,42.3664122137405,,,,,,0,,FALSE,FALSE,FALSE,TRUE,38.6666666666667,FALSE
2019-01-25,260790110A,Cajueiro Seco,JABOATÃO DOS GUARARAPES,-8.168,-34.928,18.17024712476,80.9160305343512,40.0763358778626,40.8396946564886,42.3664122137405,,,,,,0,,FALSE,FALSE,FALSE,TRUE,38.6666666666667,FALSE
2019-01-26,260790110A,Cajueiro Seco,JABOATÃO DOS GUARARAPES,-8.168,-34.928,18.17024712476,80.9160305343512,40.0763358778626,40.8396946564886,42.3664122137405,0.6,1,0,1,0.6,1,5530,FALSE,FALSE,FALSE,TRUE,44.7083333333333,TRUE
2019-01-27,260790110A,Cajueiro Seco,JABOATÃO DOS GUARARAPES,-8.168,-34.928,18.17024712476,80.9160305343512,40.0763358778626,40.8396946564886,42.3664122137405,,,,,,0,,FALSE,FALSE,FALSE,TRUE,40.5,FALSE
2019-01-28,260790110A,Cajueiro Seco,JABOATÃO DOS GUARARAPES,-8.168,-34.928,18.17024712476,80.9160305343512,40.0763358778626,40.8396946564886,42.3664122137405,35.8,33,0,33,8.8,33,2490,FALSE,FALSE,FALSE,TRUE,22.25,TRUE
2019-01-29,260790110A,Cajueiro Seco,JABOATÃO DOS GUARARAPES,-8.168,-34.928,18.17024712476,80.9160305343512,40.0763358778626,40.8396946564886,42.3664122137405,0.6,4,0,3,0.2,4,1680,FALSE,FALSE,FALSE,TRUE,26.4782608695652,TRUE
2019-01-30,260790110A,Cajueiro Seco,JABOATÃO DOS GUARARAPES,-8.168,-34.928,18.17024712476,80.9160305343512,40.0763358778626,40.8396946564886,42.3664122137405,2.8,3,0,3,1.6,3,2340,FALSE,FALSE,FALSE,TRUE,30.9166666666667,TRUE
2019-01-31,260790110A,Cajueiro Seco,JABOATÃO DOS GUARARAPES,-8.168,-34.928,18.17024712476,80.9160305343512,40.0763358778626,40.8396946564886,42.3664122137405,0.2,1,1,1,0.2,0,,FALSE,FALSE,FALSE,TRUE,37,TRUE
2019-02-01,260790110A,Cajueiro Seco,JABOATÃO DOS GUARARAPES,-8.168,-34.928,18.17024712476,80.9160305343512,40.0763358778626,40.8396946564886,42.3664122137405,0.2,1,0,1,0.2,2,2340,FALSE,FALSE,FALSE,TRUE,32.75,TRUE
2019-02-02,260790110A,Cajueiro Seco,JABOATÃO DOS GUARARAPES,-8.168,-34.928,18.17024712476,80.9160305343512,40.0763358778626,40.8396946564886,42.3664122137405,7,7,0,7,2.6,7,2000,FALSE,FALSE,FALSE,TRUE,30.5416666666667,TRUE
2019-02-03,260790110A,Cajueiro Seco,JABOATÃO DOS GUARARAPES,-8.168,-34.928,18.17024712476,80.9160305343512,40.0763358778626,40.8396946564886,42.3664122137405,23.8,26,0,24,3.4,26,910,FALSE,FALSE,FALSE,TRUE,15.2083333333333,TRUE
2019-02-04,260790110A,Cajueiro Seco,JABOATÃO DOS GUARARAPES,-8.168,-34.928,18.17024712476,80.9160305343512,40.0763358778626,40.8396946564886,42.3664122137405,3.2,10,0,10,0.8,10,590,FALSE,FALSE,FALSE,TRUE,16.8333333333333,TRUE
2019-02-05,260790110A,Cajueiro Seco,JABOATÃO DOS GUARARAPES,-8.168,-34.928,18.17024712476,80.9160305343512,40.0763358778626,40.8396946564886,42.3664122137405,11,11,1,11,7.2,10,750,FALSE,FALSE,FALSE,TRUE,16,TRUE
2019-02-06,260790110A,Cajueiro Seco,JABOATÃO DOS GUARARAPES,-8.168,-34.928,18.17024712476,80.9160305343512,40.0763358778626,40.8396946564886,42.3664122137405,36,38,0,36,6.8,39,3900,FALSE,FALSE,FALSE,TRUE,15.5238095238095,TRUE
2019-02-07,260790110A,Cajueiro Seco,JABOATÃO DOS GUARARAPES,-8.168,-34.928,18.17024712476,80.9160305343512,40.0763358778626,40.8396946564886,42.3664122137405,,,,,,0,,FALSE,FALSE,FALSE,TRUE,35.25,FALSE
2019-02-08,260790110A,Cajueiro Seco,JABOATÃO DOS GUARARAPES,-8.168,-34.928,18.17024712476,80.9160305343512,40.0763358778626,40.8396946564886,42.3664122137405,,,,,,0,,FALSE,FALSE,FALSE,TRUE,50.75,FALSE
2019-02-09,260790110A,Cajueiro Seco,JABOATÃO DOS GUARARAPES,-8.168,-34.928,18.17024712476,80.9160305343512,40.0763358778626,40.8396946564886,42.3664122137405,0.2,1,0,1,0.2,1,3900,FALSE,FALSE,FALSE,TRUE,54.125,TRUE
2019-02-10,260790110A,Cajueiro Seco,JABOATÃO DOS GUARARAPES,-8.168,-34.928,18.17024712476,80.9160305343512,40.0763358778626,40.8396946564886,42.3664122137405,,,,,,0,,FALSE,FALSE,FALSE,TRUE,46.75,FALSE
2019-02-11,260790110A,Cajueiro Seco,JABOATÃO DOS GUARARAPES,-8.168,-34.928,18.17024712476,80.9160305343512,40.0763358778626,40.8396946564886,42.3664122137405,,,,,,0,,FALSE,FALSE,FALSE,TRUE,45.875,FALSE
2019-02-12,260790110A,Cajueiro Seco,JABOATÃO DOS GUARARAPES,-8.168,-34.928,18.17024712476,80.9160305343512,40.0763358778626,40.8396946564886,42.3664122137405,0.4,2,0,1,0.4,2,3880,FALSE,FALSE,FALSE,TRUE,35.7272727272727,TRUE
2019-02-13,260790110A,Cajueiro Seco,JABOATÃO DOS GUARARAPES,-8.168,-34.928,18.17024712476,80.9160305343512,40.0763358778626,40.8396946564886,42.3664122137405,12.4,28,0,27,1,28,3060,FALSE,FALSE,FALSE,TRUE,23.625,TRUE
2019-02-14,260790110A,Cajueiro Seco,JABOATÃO DOS GUARARAPES,-8.168,-34.928,18.17024712476,80.9160305343512,40.0763358778626,40.8396946564886,42.3664122137405,,,,,,0,,FALSE,FALSE,FALSE,TRUE,25.4444444444444,FALSE
2019-02-15,260790110A,Cajueiro Seco,JABOATÃO DOS GUARARAPES,-8.168,-34.928,18.17024712476,80.9160305343512,40.0763358778626,40.8396946564886,42.3664122137405,1.2,2,0,2,1,2,3060,FALSE,FALSE,FALSE,TRUE,23.2083333333333,TRUE
2019-02-16,260790110A,Cajueiro Seco,JABOATÃO DOS GUARARAPES,-8.168,-34.928,18.17024712476,80.9160305343512,40.0763358778626,40.8396946564886,42.3664122137405,2.4,5,0,4,1,5,940,FALSE,FALSE,FALSE,TRUE,24.7083333333333,TRUE
2019-02-17,260790110A,Cajueiro Seco,JABOATÃO DOS GUARARAPES,-8.168,-34.928,18.17024712476,80.9160305343512,40.0763358778626,40.8396946564886,42.3664122137405,11.6,10,0,9,5.6,10,1380,FALSE,FALSE,FALSE,TRUE,21.047619047619,TRUE
2019-02-18,260790110A,Cajueiro Seco,JABOATÃO DOS GUARARAPES,-8.168,-34.928,18.17024712476,80.9160305343512,40.0763358778626,40.8396946564886,42.3664122137405,1.2,1,0,1,1.2,1,1380,FALSE,FALSE,FALSE,TRUE,40.0416666666667,TRUE
2019-02-19,260790110A,Cajueiro Seco,JABOATÃO DOS GUARARAPES,-8.168,-34.928,18.17024712476,80.9160305343512,40.0763358778626,40.8396946564886,42.3664122137405,2.2,1,0,1,2.2,1,4110,FALSE,FALSE,FALSE,TRUE,42.5833333333333,TRUE
2019-02-20,260790110A,Cajueiro Seco,JABOATÃO DOS GUARARAPES,-8.168,-34.928,18.17024712476,80.9160305343512,40.0763358778626,40.8396946564886,42.3664122137405,,,,,,0,,FALSE,FALSE,FALSE,TRUE,31,FALSE
2019-02-21,260790110A,Cajueiro Seco,JABOATÃO DOS GUARARAPES,-8.168,-34.928,18.17024712476,80.9160305343512,40.0763358778626,40.8396946564886,42.3664122137405,,,,,,0,,FALSE,FALSE,FALSE,TRUE,34.5416666666667,FALSE
2019-02-22,260790110A,Cajueiro Seco,JABOATÃO DOS GUARARAPES,-8.168,-34.928,18.17024712476,80.9160305343512,40.0763358778626,40.8396946564886,42.3664122137405,0.8,3,0,3,0.4,3,5890,FALSE,FALSE,FALSE,TRUE,40.1666666666667,TRUE
2019-02-23,260790110A,Cajueiro Seco,JABOATÃO DOS GUARARAPES,-8.168,-34.928,18.17024712476,80.9160305343512,40.0763358778626,40.8396946564886,42.3664122137405,,,,,,0,,FALSE,FALSE,FALSE,TRUE,45.5416666666667,FALSE
2019-02-24,260790110A,Cajueiro Seco,JABOATÃO DOS GUARARAPES,-8.168,-34.928,18.17024712476,80.9160305343512,40.0763358778626,40.8396946564886,42.3664122137405,,,,,,0,,FALSE,FALSE,FALSE,TRUE,26.7083333333333,FALSE
2019-02-25,260790110A,Cajueiro Seco,JABOATÃO DOS GUARARAPES,-8.168,-34.928,18.17024712476,80.9160305343512,40.0763358778626,40.8396946564886,42.3664122137405,,,,,,0,,FALSE,FALSE,FALSE,TRUE,43.5416666666667,FALSE
2019-02-26,260790110A,Cajueiro Seco,JABOATÃO DOS GUARARAPES,-8.168,-34.928,18.17024712476,80.9160305343512,40.0763358778626,40.8396946564886,42.3664122137405,1,3,0,3,0.6,3,5890,FALSE,FALSE,FALSE,FALSE,,TRUE
2019-02-27,260790110A,Cajueiro Seco,JABOATÃO DOS GUARARAPES,-8.168,-34.928,18.17024712476,80.9160305343512,40.0763358778626,40.8396946564886,42.3664122137405,,,,,,0,,FALSE,FALSE,FALSE,FALSE,,FALSE
2019-02-28,260790110A,Cajueiro Seco,JABOATÃO DOS GUARARAPES,-8.168,-34.928,18.17024712476,80.9160305343512,40.0763358778626,40.8396946564886,42.3664122137405,,,,,,0,,FALSE,FALSE,FALSE,FALSE,,FALSE
2019-03-01,260790110A,Cajueiro Seco,JABOATÃO DOS GUARARAPES,-8.168,-34.928,18.17024712476,80.9160305343512,40.0763358778626,40.8396946564886,42.3664122137405,0.8,2,0,2,0.6,2,4440,FALSE,FALSE,FALSE,FALSE,,TRUE
2019-03-02,260790110A,Cajueiro Seco,JABOATÃO DOS GUARARAPES,-8.168,-34.928,18.17024712476,80.9160305343512,40.0763358778626,40.8396946564886,42.3664122137405,5.2,5,0,5,3.4,5,1820,FALSE,FALSE,FALSE,FALSE,,TRUE
2019-03-03,260790110A,Cajueiro Seco,JABOATÃO DOS GUARARAPES,-8.168,-34.928,18.17024712476,80.9160305343512,40.0763358778626,40.8396946564886,42.3664122137405,1.2,3,0,3,0.8,3,1820,FALSE,FALSE,FALSE,FALSE,,TRUE
2019-03-04,260790110A,Cajueiro Seco,JABOATÃO DOS GUARARAPES,-8.168,-34.928,18.17024712476,80.9160305343512,40.0763358778626,40.8396946564886,42.3664122137405,1,2,0,2,0.8,2,1140,FALSE,FALSE,FALSE,FALSE,,TRUE
2019-03-05,260790110A,Cajueiro Seco,JABOATÃO DOS GUARARAPES,-8.168,-34.928,18.17024712476,80.9160305343512,40.0763358778626,40.8396946564886,42.3664122137405,9.2,4,0,4,5.6,4,1520,FALSE,FALSE,FALSE,FALSE,,TRUE
2019-03-06,260790110A,Cajueiro Seco,JABOATÃO DOS GUARARAPES,-8.168,-34.928,18.17024712476,80.9160305343512,40.0763358778626,40.8396946564886,42.3664122137405,5.4,4,0,4,3,4,8780,FALSE,FALSE,FALSE,FALSE,,TRUE
2019-03-07,260790110A,Cajueiro Seco,JABOATÃO DOS GUARARAPES,-8.168,-34.928,18.17024712476,80.9160305343512,40.0763358778626,40.8396946564886,42.3664122137405,,,,,,0,,FALSE,FALSE,FALSE,FALSE,,FALSE
2019-03-08,260790110A,Cajueiro Seco,JABOATÃO DOS GUARARAPES,-8.168,-34.928,18.17024712476,80.9160305343512,40.0763358778626,40.8396946564886,42.3664122137405,,,,,,0,,FALSE,FALSE,FALSE,FALSE,,FALSE
2019-03-09,260790110A,Cajueiro Seco,JABOATÃO DOS GUARARAPES,-8.168,-34.928,18.17024712476,80.9160305343512,40.0763358778626,40.8396946564886,42.3664122137405,,,,,,0,,FALSE,FALSE,FALSE,FALSE,,FALSE
2019-03-10,260790110A,Cajueiro Seco,JABOATÃO DOS GUARARAPES,-8.168,-34.928,18.17024712476,80.9160305343512,40.0763358778626,40.8396946564886,42.3664122137405,,,,,,0,,FALSE,FALSE,FALSE,FALSE,,FALSE
2019-03-11,260790110A,Cajueiro Seco,JABOATÃO DOS GUARARAPES,-8.168,-34.928,18.17024712476,80.9160305343512,40.0763358778626,40.8396946564886,42.3664122137405,,,,,,0,,FALSE,FALSE,FALSE,FALSE,,FALSE
2019-03-12,260790110A,Cajueiro Seco,JABOATÃO DOS GUARARAPES,-8.168,-34.928,18.17024712476,80.9160305343512,40.0763358778626,40.8396946564886,42.3664122137405,3.2,4,0,4,1.4,4,8780,FALSE,FALSE,FALSE,FALSE,,TRUE
2019-03-13,260790110A,Cajueiro Seco,JABOATÃO DOS GUARARAPES,-8.168,-34.928,18.17024712476,80.9160305343512,40.0763358778626,40.8396946564886,42.3664122137405,2.4,7,0,6,0.8,7,6360,FALSE,FALSE,FALSE,FALSE,,TRUE
2019-03-14,260790110A,Cajueiro Seco,JABOATÃO DOS GUARARAPES,-8.168,-34.928,18.17024712476,80.9160305343512,40.0763358778626,40.8396946564886,42.3664122137405,,,,,,0,,FALSE,FALSE,FALSE,FALSE,,FALSE
2019-03-15,260790110A,Cajueiro Seco,JABOATÃO DOS GUARARAPES,-8.168,-34.928,18.17024712476,80.9160305343512,40.0763358778626,40.8396946564886,42.3664122137405,,,,,,0,,FALSE,FALSE,FALSE,FALSE,,FALSE
2019-03-16,260790110A,Cajueiro Seco,JABOATÃO DOS GUARARAPES,-8.168,-34.928,18.17024712476,80.9160305343512,40.0763358778626,40.8396946564886,42.3664122137405,,,,,,0,,FALSE,FALSE,FALSE,FALSE,,FALSE
2019-03-17,260790110A,Cajueiro Seco,JABOATÃO DOS GUARARAPES,-8.168,-34.928,18.17024712476,80.9160305343512,40.0763358778626,40.8396946564886,42.3664122137405,,,,,,0,,FALSE,FALSE,FALSE,FALSE,,FALSE
2019-03-18,260790110A,Cajueiro Seco,JABOATÃO DOS GUARARAPES,-8.168,-34.928,18.17024712476,80.9160305343512,40.0763358778626,40.8396946564886,42.3664122137405,19,11,0,11,5,11,8130,FALSE,FALSE,FALSE,FALSE,,TRUE
2019-03-19,260790110A,Cajueiro Seco,JABOATÃO DOS GUARARAPES,-8.168,-34.928,18.17024712476,80.9160305343512,40.0763358778626,40.8396946564886,42.3664122137405,,,,,,0,,FALSE,FALSE,FALSE,FALSE,,FALSE
2019-03-20,260790110A,Cajueiro Seco,JABOATÃO DOS GUARARAPES,-8.168,-34.928,18.17024712476,80.9160305343512,40.0763358778626,40.8396946564886,42.3664122137405,,,,,,0,,FALSE,FALSE,FALSE,FALSE,,FALSE
2019-03-21,260790110A,Cajueiro Seco,JABOATÃO DOS GUARARAPES,-8.168,-34.928,18.17024712476,80.9160305343512,40.0763358778626,40.8396946564886,42.3664122137405,,,,,,0,,FALSE,FALSE,FALSE,FALSE,,FALSE
2019-03-22,260790110A,Cajueiro Seco,JABOATÃO DOS GUARARAPES,-8.168,-34.928,18.17024712476,80.9160305343512,40.0763358778626,40.8396946564886,42.3664122137405,,,,,,0,,FALSE,FALSE,FALSE,FALSE,,FALSE
2019-03-23,260790110A,Cajueiro Seco,JABOATÃO DOS GUARARAPES,-8.168,-34.928,18.17024712476,80.9160305343512,40.0763358778626,40.8396946564886,42.3664122137405,,,,,,0,,FALSE,FALSE,FALSE,FALSE,,FALSE
2019-03-24,260790110A,Cajueiro Seco,JABOATÃO DOS GUARARAPES,-8.168,-34.928,18.17024712476,80.9160305343512,40.0763358778626,40.8396946564886,42.3664122137405,0.6,2,0,2,0.4,2,8130,FALSE,FALSE,FALSE,FALSE,,TRUE
2019-03-25,260790110A,Cajueiro Seco,JABOATÃO DOS GUARARAPES,-8.168,-34.928,18.17024712476,80.9160305343512,40.0763358778626,40.8396946564886,42.3664122137405,2.6,3,0,3,1.6,3,1620,FALSE,FALSE,FALSE,FALSE,,TRUE
2019-03-26,260790110A,Cajueiro Seco,JABOATÃO DOS GUARARAPES,-8.168,-34.928,18.17024712476,80.9160305343512,40.0763358778626,40.8396946564886,42.3664122137405,15.8,16,1,16,4.6,15,1000,FALSE,FALSE,FALSE,FALSE,,TRUE
2019-03-27,260790110A,Cajueiro Seco,JABOATÃO DOS GUARARAPES,-8.168,-34.928,18.17024712476,80.9160305343512,40.0763358778626,40.8396946564886,42.3664122137405,32.2,18,0,17,9.8,19,470,FALSE,FALSE,FALSE,TRUE,21,TRUE
2019-03-28,260790110A,Cajueiro Seco,JABOATÃO DOS GUARARAPES,-8.168,-34.928,18.17024712476,80.9160305343512,40.0763358778626,40.8396946564886,42.3664122137405,2.6,6,0,6,0.8,6,1170,FALSE,FALSE,FALSE,TRUE,40.6521739130435,TRUE
2019-03-29,260790110A,Cajueiro Seco,JABOATÃO DOS GUARARAPES,-8.168,-34.928,18.17024712476,80.9160305343512,40.0763358778626,40.8396946564886,42.3664122137405,18,11,0,11,8.2,11,1170,FALSE,FALSE,FALSE,TRUE,21.5555555555556,TRUE
2019-03-30,260790110A,Cajueiro Seco,JABOATÃO DOS GUARARAPES,-8.168,-34.928,18.17024712476,80.9160305343512,40.0763358778626,40.8396946564886,42.3664122137405,45.6,25,0,23,16.2,25,420,FALSE,FALSE,FALSE,FALSE,,TRUE
2019-03-31,260790110A,Cajueiro Seco,JABOATÃO DOS GUARARAPES,-8.168,-34.928,18.17024712476,80.9160305343512,40.0763358778626,40.8396946564886,42.3664122137405,14.8,16,0,16,2.6,16,1470,FALSE,FALSE,FALSE,FALSE,,TRUE
2019-04-01,260790110A,Cajueiro Seco,JABOATÃO DOS GUARARAPES,-8.168,-34.928,18.17024712476,80.9160305343512,40.0763358778626,40.8396946564886,42.3664122137405,1.2,2,0,2,1,2,2220,FALSE,FALSE,FALSE,FALSE,,TRUE
2019-04-02,260790110A,Cajueiro Seco,JABOATÃO DOS GUARARAPES,-8.168,-34.928,18.17024712476,80.9160305343512,40.0763358778626,40.8396946564886,42.3664122137405,,,,,,0,,FALSE,FALSE,FALSE,TRUE,42.375,FALSE
2019-04-03,260790110A,Cajueiro Seco,JABOATÃO DOS GUARARAPES,-8.168,-34.928,18.17024712476,80.9160305343512,40.0763358778626,40.8396946564886,42.3664122137405,8,8,0,6,4,8,2220,FALSE,FALSE,FALSE,TRUE,53.2222222222222,TRUE
2019-04-04,260790110A,Cajueiro Seco,JABOATÃO DOS GUARARAPES,-8.168,-34.928,18.17024712476,80.9160305343512,40.0763358778626,40.8396946564886,42.3664122137405,3.4,3,0,3,3,3,1430,FALSE,FALSE,FALSE,TRUE,51.3684210526316,TRUE
2019-04-05,260790110A,Cajueiro Seco,JABOATÃO DOS GUARARAPES,-8.168,-34.928,18.17024712476,80.9160305343512,40.0763358778626,40.8396946564886,42.3664122137405,1.8,3,0,2,1.6,3,2560,FALSE,FALSE,FALSE,TRUE,55.5416666666667,TRUE
2019-04-06,260790110A,Cajueiro Seco,JABOATÃO DOS GUARARAPES,-8.168,-34.928,18.17024712476,80.9160305343512,40.0763358778626,40.8396946564886,42.3664122137405,5.2,4,0,4,2.6,4,2560,FALSE,FALSE,FALSE,TRUE,70.7916666666667,TRUE
2019-04-07,260790110A,Cajueiro Seco,JABOATÃO DOS GUARARAPES,-8.168,-34.928,18.17024712476,80.9160305343512,40.0763358778626,40.8396946564886,42.3664122137405,10,11,0,10,3.8,11,600,FALSE,FALSE,FALSE,TRUE,44.2631578947368,TRUE
2019-04-08,260790110A,Cajueiro Seco,JABOATÃO DOS GUARARAPES,-8.168,-34.928,18.17024712476,80.9160305343512,40.0763358778626,40.8396946564886,42.3664122137405,1.2,4,0,4,0.4,4,1130,FALSE,FALSE,FALSE,TRUE,37.5833333333333,TRUE
2019-04-09,260790110A,Cajueiro Seco,JABOATÃO DOS GUARARAPES,-8.168,-34.928,18.17024712476,80.9160305343512,40.0763358778626,40.8396946564886,42.3664122137405,0.4,3,0,2,0.2,3,4250,FALSE,FALSE,FALSE,TRUE,54.5652173913044,TRUE
2019-04-10,260790110A,Cajueiro Seco,JABOATÃO DOS GUARARAPES,-8.168,-34.928,18.17024712476,80.9160305343512,40.0763358778626,40.8396946564886,42.3664122137405,,,,,,0,,FALSE,FALSE,FALSE,TRUE,68.7083333333333,FALSE
2019-04-11,260790110A,Cajueiro Seco,JABOATÃO DOS GUARARAPES,-8.168,-34.928,18.17024712476,80.9160305343512,40.0763358778626,40.8396946564886,42.3664122137405,,,,,,0,,FALSE,FALSE,FALSE,TRUE,49.8333333333333,FALSE
2019-04-12,260790110A,Cajueiro Seco,JABOATÃO DOS GUARARAPES,-8.168,-34.928,18.17024712476,80.9160305343512,40.0763358778626,40.8396946564886,42.3664122137405,14.4,26,0,25,2.8,26,4250,FALSE,FALSE,FALSE,TRUE,10.7058823529412,TRUE
2019-04-13,260790110A,Cajueiro Seco,JABOATÃO DOS GUARARAPES,-8.168,-34.928,18.17024712476,80.9160305343512,40.0763358778626,40.8396946564886,42.3664122137405,1,4,0,4,0.4,4,5720,FALSE,FALSE,FALSE,TRUE,25.95,TRUE
2019-04-14,260790110A,Cajueiro Seco,JABOATÃO DOS GUARARAPES,-8.168,-34.928,18.17024712476,80.9160305343512,40.0763358778626,40.8396946564886,42.3664122137405,,,,,,0,,FALSE,FALSE,FALSE,TRUE,30.7083333333333,FALSE
2019-04-15,260790110A,Cajueiro Seco,JABOATÃO DOS GUARARAPES,-8.168,-34.928,18.17024712476,80.9160305343512,40.0763358778626,40.8396946564886,42.3664122137405,,,,,,0,,FALSE,FALSE,FALSE,TRUE,33.5,FALSE
2019-04-16,260790110A,Cajueiro Seco,JABOATÃO DOS GUARARAPES,-8.168,-34.928,18.17024712476,80.9160305343512,40.0763358778626,40.8396946564886,42.3664122137405,,,,,,0,,FALSE,FALSE,FALSE,TRUE,46.3888888888889,FALSE
2019-04-17,260790110A,Cajueiro Seco,JABOATÃO DOS GUARARAPES,-8.168,-34.928,18.17024712476,80.9160305343512,40.0763358778626,40.8396946564886,42.3664122137405,1.2,3,0,3,0.6,3,5720,FALSE,FALSE,FALSE,TRUE,29.8333333333333,TRUE
2019-04-18,260790110A,Cajueiro Seco,JABOATÃO DOS GUARARAPES,-8.168,-34.928,18.17024712476,80.9160305343512,40.0763358778626,40.8396946564886,42.3664122137405,,,,,,0,,FALSE,FALSE,FALSE,TRUE,28.0952380952381,FALSE
2019-04-19,260790110A,Cajueiro Seco,JABOATÃO DOS GUARARAPES,-8.168,-34.928,18.17024712476,80.9160305343512,40.0763358778626,40.8396946564886,42.3664122137405,,,,,,0,,FALSE,FALSE,FALSE,TRUE,25.7916666666667,FALSE
2019-04-20,260790110A,Cajueiro Seco,JABOATÃO DOS GUARARAPES,-8.168,-34.928,18.17024712476,80.9160305343512,40.0763358778626,40.8396946564886,42.3664122137405,35.6,19,0,18,6.4,19,4110,FALSE,FALSE,FALSE,FALSE,,TRUE
2019-04-21,260790110A,Cajueiro Seco,JABOATÃO DOS GUARARAPES,-8.168,-34.928,18.17024712476,80.9160305343512,40.0763358778626,40.8396946564886,42.3664122137405,0.2,1,0,1,0.2,1,2100,FALSE,FALSE,FALSE,TRUE,35.6,TRUE
2019-04-22,260790110A,Cajueiro Seco,JABOATÃO DOS GUARARAPES,-8.168,-34.928,18.17024712476,80.9160305343512,40.0763358778626,40.8396946564886,42.3664122137405,0.6,1,0,1,0.6,1,2100,FALSE,FALSE,FALSE,FALSE,,TRUE
2019-04-23,260790110A,Cajueiro Seco,JABOATÃO DOS GUARARAPES,-8.168,-34.928,18.17024712476,80.9160305343512,40.0763358778626,40.8396946564886,42.3664122137405,6.8,11,0,10,3,11,450,FALSE,FALSE,FALSE,TRUE,25.625,TRUE
2019-04-24,260790110A,Cajueiro Seco,JABOATÃO DOS GUARARAPES,-8.168,-34.928,18.17024712476,80.9160305343512,40.0763358778626,40.8396946564886,42.3664122137405,5.2,11,0,9,2,11,860,FALSE,FALSE,FALSE,TRUE,15.9375,TRUE
2019-04-25,260790110A,Cajueiro Seco,JABOATÃO DOS GUARARAPES,-8.168,-34.928,18.17024712476,80.9160305343512,40.0763358778626,40.8396946564886,42.3664122137405,3.6,10,0,9,1,10,860,FALSE,FALSE,FALSE,FALSE,,TRUE
2019-04-26,260790110A,Cajueiro Seco,JABOATÃO DOS GUARARAPES,-8.168,-34.928,18.17024712476,80.9160305343512,40.0763358778626,40.8396946564886,42.3664122137405,3.6,10,0,10,1.2,10,1050,FALSE,FALSE,FALSE,TRUE,25.5217391304348,TRUE
2019-04-27,260790110A,Cajueiro Seco,JABOATÃO DOS GUARARAPES,-8.168,-34.928,18.17024712476,80.9160305343512,40.0763358778626,40.8396946564886,42.3664122137405,1.4,3,0,3,0.8,3,2430,FALSE,FALSE,FALSE,TRUE,36.7727272727273,TRUE
2019-04-28,260790110A,Cajueiro Seco,JABOATÃO DOS GUARARAPES,-8.168,-34.928,18.17024712476,80.9160305343512,40.0763358778626,40.8396946564886,42.3664122137405,,,,,,0,,FALSE,FALSE,FALSE,TRUE,39.1666666666667,FALSE
2019-04-29,260790110A,Cajueiro Seco,JABOATÃO DOS GUARARAPES,-8.168,-34.928,18.17024712476,80.9160305343512,40.0763358778626,40.8396946564886,42.3664122137405,15.4,6,1,6,6.8,5,2430,FALSE,FALSE,FALSE,TRUE,33.5,TRUE
2019-04-30,260790110A,Cajueiro Seco,JABOATÃO DOS GUARARAPES,-8.168,-34.928,18.17024712476,80.9160305343512,40.0763358778626,40.8396946564886,42.3664122137405,6.6,7,0,7,4,8,1290,FALSE,FALSE,FALSE,TRUE,41.4117647058824,TRUE
2019-05-01,260790110A,Cajueiro Seco,JABOATÃO DOS GUARARAPES,-8.168,-34.928,18.17024712476,80.9160305343512,40.0763358778626,40.8396946564886,42.3664122137405,0.8,3,0,3,0.4,3,9580,FALSE,FALSE,FALSE,TRUE,41.125,TRUE
2019-05-02,260790110A,Cajueiro Seco,JABOATÃO DOS GUARARAPES,-8.168,-34.928,18.17024712476,80.9160305343512,40.0763358778626,40.8396946564886,42.3664122137405,,,,,,0,,FALSE,FALSE,FALSE,TRUE,55,FALSE
2019-05-03,260790110A,Cajueiro Seco,JABOATÃO DOS GUARARAPES,-8.168,-34.928,18.17024712476,80.9160305343512,40.0763358778626,40.8396946564886,42.3664122137405,,,,,,0,,FALSE,FALSE,FALSE,TRUE,62.2916666666667,FALSE
2019-05-04,260790110A,Cajueiro Seco,JABOATÃO DOS GUARARAPES,-8.168,-34.928,18.17024712476,80.9160305343512,40.0763358778626,40.8396946564886,42.3664122137405,,,,,,0,,FALSE,FALSE,FALSE,TRUE,49.2916666666667,FALSE
2019-05-05,260790110A,Cajueiro Seco,JABOATÃO DOS GUARARAPES,-8.168,-34.928,18.17024712476,80.9160305343512,40.0763358778626,40.8396946564886,42.3664122137405,,,,,,0,,FALSE,FALSE,FALSE,TRUE,41.8333333333333,FALSE
2019-05-06,260790110A,Cajueiro Seco,JABOATÃO DOS GUARARAPES,-8.168,-34.928,18.17024712476,80.9160305343512,40.0763358778626,40.8396946564886,42.3664122137405,,,,,,0,,FALSE,FALSE,FALSE,TRUE,54.3157894736842,FALSE
2019-05-07,260790110A,Cajueiro Seco,JABOATÃO DOS GUARARAPES,-8.168,-34.928,18.17024712476,80.9160305343512,40.0763358778626,40.8396946564886,42.3664122137405,1.2,3,0,3,0.6,3,9580,FALSE,FALSE,FALSE,TRUE,52.1304347826087,TRUE
2019-05-08,260790110A,Cajueiro Seco,JABOATÃO DOS GUARARAPES,-8.168,-34.928,18.17024712476,80.9160305343512,40.0763358778626,40.8396946564886,42.3664122137405,19.4,23,0,22,5.4,23,510,FALSE,FALSE,FALSE,FALSE,,TRUE
2019-05-09,260790110A,Cajueiro Seco,JABOATÃO DOS GUARARAPES,-8.168,-34.928,18.17024712476,80.9160305343512,40.0763358778626,40.8396946564886,42.3664122137405,28,16,0,14,12,16,330,FALSE,FALSE,FALSE,TRUE,42.1875,TRUE
2019-05-10,260790110A,Cajueiro Seco,JABOATÃO DOS GUARARAPES,-8.168,-34.928,18.17024712476,80.9160305343512,40.0763358778626,40.8396946564886,42.3664122137405,5.8,10,0,10,1,10,650,FALSE,FALSE,FALSE,FALSE,,TRUE
2019-05-11,260790110A,Cajueiro Seco,JABOATÃO DOS GUARARAPES,-8.168,-34.928,18.17024712476,80.9160305343512,40.0763358778626,40.8396946564886,42.3664122137405,0.2,1,0,1,0.2,1,1780,FALSE,FALSE,FALSE,TRUE,48.3809523809524,TRUE
2019-05-12,260790110A,Cajueiro Seco,JABOATÃO DOS GUARARAPES,-8.168,-34.928,18.17024712476,80.9160305343512,40.0763358778626,40.8396946564886,42.3664122137405,4.8,1,0,1,4.8,1,5270,FALSE,FALSE,FALSE,TRUE,37.9565217391304,TRUE
2019-05-13,260790110A,Cajueiro Seco,JABOATÃO DOS GUARARAPES,-8.168,-34.928,18.17024712476,80.9160305343512,40.0763358778626,40.8396946564886,42.3664122137405,,,,,,0,,FALSE,FALSE,FALSE,TRUE,95.75,FALSE
2019-05-14,260790110A,Cajueiro Seco,JABOATÃO DOS GUARARAPES,-8.168,-34.928,18.17024712476,80.9160305343512,40.0763358778626,40.8396946564886,42.3664122137405,,,,,,0,,FALSE,FALSE,FALSE,TRUE,104.0625,FALSE
2019-05-15,260790110A,Cajueiro Seco,JABOATÃO DOS GUARARAPES,-8.168,-34.928,18.17024712476,80.9160305343512,40.0763358778626,40.8396946564886,42.3664122137405,,,,,,0,,FALSE,FALSE,FALSE,TRUE,72.5833333333333,FALSE
2019-05-16,260790110A,Cajueiro Seco,JABOATÃO DOS GUARARAPES,-8.168,-34.928,18.17024712476,80.9160305343512,40.0763358778626,40.8396946564886,42.3664122137405,2.4,2,0,2,1.6,2,5270,FALSE,FALSE,FALSE,TRUE,57.8333333333333,TRUE
2019-05-17,260790110A,Cajueiro Seco,JABOATÃO DOS GUARARAPES,-8.168,-34.928,18.17024712476,80.9160305343512,40.0763358778626,40.8396946564886,42.3664122137405,,,,,,0,,FALSE,FALSE,FALSE,TRUE,49.0909090909091,FALSE
2019-05-18,260790110A,Cajueiro Seco,JABOATÃO DOS GUARARAPES,-8.168,-34.928,18.17024712476,80.9160305343512,40.0763358778626,40.8396946564886,42.3664122137405,0.8,1,0,1,0.8,1,3710,FALSE,FALSE,FALSE,TRUE,43.0909090909091,TRUE
2019-05-19,260790110A,Cajueiro Seco,JABOATÃO DOS GUARARAPES,-8.168,-34.928,18.17024712476,80.9160305343512,40.0763358778626,40.8396946564886,42.3664122137405,13.4,15,0,15,3.2,15,1440,FALSE,FALSE,FALSE,TRUE,22.3529411764706,TRUE
2019-05-20,260790110A,Cajueiro Seco,JABOATÃO DOS GUARARAPES,-8.168,-34.928,18.17024712476,80.9160305343512,40.0763358778626,40.8396946564886,42.3664122137405,11,24,0,23,1.8,24,1440,FALSE,FALSE,FALSE,TRUE,24.9047619047619,TRUE
2019-05-21,260790110A,Cajueiro Seco,JABOATÃO DOS GUARARAPES,-8.168,-34.928,18.17024712476,80.9160305343512,40.0763358778626,40.8396946564886,42.3664122137405,27,18,0,18,5.4,18,2300,FALSE,FALSE,FALSE,FALSE,,TRUE
2019-05-22,260790110A,Cajueiro Seco,JABOATÃO DOS GUARARAPES,-8.168,-34.928,18.17024712476,80.9160305343512,40.0763358778626,40.8396946564886,42.3664122137405,,,,,,0,,FALSE,FALSE,FALSE,TRUE,63.5,FALSE
2019-05-23,260790110A,Cajueiro Seco,JABOATÃO DOS GUARARAPES,-8.168,-34.928,18.17024712476,80.9160305343512,40.0763358778626,40.8396946564886,42.3664122137405,3.4,4,0,4,1.8,4,4070,FALSE,FALSE,FALSE,TRUE,42.4166666666667,TRUE
2019-05-24,260790110A,Cajueiro Seco,JABOATÃO DOS GUARARAPES,-8.168,-34.928,18.17024712476,80.9160305343512,40.0763358778626,40.8396946564886,42.3664122137405,,,,,,0,,FALSE,FALSE,FALSE,TRUE,47.6666666666667,FALSE
2019-05-25,260790110A,Cajueiro Seco,JABOATÃO DOS GUARARAPES,-8.168,-34.928,18.17024712476,80.9160305343512,40.0763358778626,40.8396946564886,42.3664122137405,,,,,,0,,FALSE,FALSE,FALSE,TRUE,50.6666666666667,FALSE
2019-05-26,260790110A,Cajueiro Seco,JABOATÃO DOS GUARARAPES,-8.168,-34.928,18.17024712476,80.9160305343512,40.0763358778626,40.8396946564886,42.3664122137405,15,12,0,12,2.8,12,4070,FALSE,FALSE,FALSE,TRUE,30,TRUE
2019-05-27,260790110A,Cajueiro Seco,JABOATÃO DOS GUARARAPES,-8.168,-34.928,18.17024712476,80.9160305343512,40.0763358778626,40.8396946564886,42.3664122137405,22.2,30,0,29,6,30,470,FALSE,FALSE,FALSE,TRUE,32.0588235294118,TRUE
2019-05-28,260790110A,Cajueiro Seco,JABOATÃO DOS GUARARAPES,-8.168,-34.928,18.17024712476,80.9160305343512,40.0763358778626,40.8396946564886,42.3664122137405,6.4,9,0,7,3.2,9,1250,FALSE,FALSE,FALSE,TRUE,51.2857142857143,TRUE
2019-05-29,260790110A,Cajueiro Seco,JABOATÃO DOS GUARARAPES,-8.168,-34.928,18.17024712476,80.9160305343512,40.0763358778626,40.8396946564886,42.3664122137405,3.4,8,0,8,1.2,8,1750,FALSE,FALSE,FALSE,TRUE,20.95,TRUE
2019-05-30,260790110A,Cajueiro Seco,JABOATÃO DOS GUARARAPES,-8.168,-34.928,18.17024712476,80.9160305343512,40.0763358778626,40.8396946564886,42.3664122137405,0.4,1,0,1,0.4,1,1750,FALSE,FALSE,FALSE,TRUE,31.8333333333333,TRUE
2019-05-31,260790110A,Cajueiro Seco,JABOATÃO DOS GUARARAPES,-8.168,-34.928,18.17024712476,80.9160305343512,40.0763358778626,40.8396946564886,42.3664122137405,7.6,6,0,6,2.8,6,3890,FALSE,FALSE,FALSE,TRUE,38.5416666666667,TRUE
2019-06-01,260790110A,Cajueiro Seco,JABOATÃO DOS GUARARAPES,-8.168,-34.928,18.17024712476,80.9160305343512,40.0763358778626,40.8396946564886,42.3664122137405,,,,,,0,,FALSE,FALSE,FALSE,TRUE,42.2222222222222,FALSE
2019-06-02,260790110A,Cajueiro Seco,JABOATÃO DOS GUARARAPES,-8.168,-34.928,18.17024712476,80.9160305343512,40.0763358778626,40.8396946564886,42.3664122137405,,,,,,0,,FALSE,FALSE,FALSE,TRUE,40.0833333333333,FALSE
2019-06-03,260790110A,Cajueiro Seco,JABOATÃO DOS GUARARAPES,-8.168,-34.928,18.17024712476,80.9160305343512,40.0763358778626,40.8396946564886,42.3664122137405,2.4,20,1,6,1.2,19,3890,FALSE,FALSE,FALSE,TRUE,34.9047619047619,TRUE
2019-06-04,260790110A,Cajueiro Seco,JABOATÃO DOS GUARARAPES,-8.168,-34.928,18.17024712476,80.9160305343512,40.0763358778626,40.8396946564886,42.3664122137405,12,32,0,11,3.4,33,60,TRUE,TRUE,TRUE,TRUE,40.1578947368421,TRUE
2019-06-05,260790110A,Cajueiro Seco,JABOATÃO DOS GUARARAPES,-8.168,-34.928,18.17024712476,80.9160305343512,40.0763358778626,40.8396946564886,42.3664122137405,0,23,0,0,0,23,120,FALSE,FALSE,FALSE,TRUE,29.35,TRUE
2019-06-06,260790110A,Cajueiro Seco,JABOATÃO DOS GUARARAPES,-8.168,-34.928,18.17024712476,80.9160305343512,40.0763358778626,40.8396946564886,42.3664122137405,2,25,0,2,1.6,25,60,TRUE,TRUE,TRUE,TRUE,37.1111111111111,TRUE
2019-06-07,260790110A,Cajueiro Seco,JABOATÃO DOS GUARARAPES,-8.168,-34.928,18.17024712476,80.9160305343512,40.0763358778626,40.8396946564886,42.3664122137405,0,24,0,0,0,24,60,TRUE,TRUE,TRUE,TRUE,49.5263157894737,TRUE
2019-06-08,260790110A,Cajueiro Seco,JABOATÃO DOS GUARARAPES,-8.168,-34.928,18.17024712476,80.9160305343512,40.0763358778626,40.8396946564886,42.3664122137405,3.2,28,1,5,1.6,27,60,TRUE,TRUE,TRUE,TRUE,42.8571428571429,TRUE
2019-06-09,260790110A,Cajueiro Seco,JABOATÃO DOS GUARARAPES,-8.168,-34.928,18.17024712476,80.9160305343512,40.0763358778626,40.8396946564886,42.3664122137405,0.4,25,0,1,0.4,26,60,TRUE,TRUE,TRUE,TRUE,37.1176470588235,TRUE
2019-06-10,260790110A,Cajueiro Seco,JABOATÃO DOS GUARARAPES,-8.168,-34.928,18.17024712476,80.9160305343512,40.0763358778626,40.8396946564886,42.3664122137405,2.4,25,0,1,2.4,25,60,TRUE,TRUE,TRUE,TRUE,37.8333333333333,TRUE
2019-06-11,260790110A,Cajueiro Seco,JABOATÃO DOS GUARARAPES,-8.168,-34.928,18.17024712476,80.9160305343512,40.0763358778626,40.8396946564886,42.3664122137405,4.4,32,0,11,1.4,32,60,TRUE,TRUE,TRUE,TRUE,41.1666666666667,TRUE
2019-06-12,260790110A,Cajueiro Seco,JABOATÃO DOS GUARARAPES,-8.168,-34.928,18.17024712476,80.9160305343512,40.0763358778626,40.8396946564886,42.3664122137405,33.6,45,1,24,4.8,44,60,TRUE,TRUE,TRUE,TRUE,32.625,TRUE
2019-06-13,260790110A,Cajueiro Seco,JABOATÃO DOS GUARARAPES,-8.168,-34.928,18.17024712476,80.9160305343512,40.0763358778626,40.8396946564886,42.3664122137405,131.2,86,0,76,11.4,87,60,TRUE,TRUE,TRUE,TRUE,26.25,TRUE
2019-06-14,260790110A,Cajueiro Seco,JABOATÃO DOS GUARARAPES,-8.168,-34.928,18.17024712476,80.9160305343512,40.0763358778626,40.8396946564886,42.3664122137405,0,24,0,0,0,24,60,TRUE,TRUE,TRUE,TRUE,51.7083333333333,TRUE
2019-06-15,260790110A,Cajueiro Seco,JABOATÃO DOS GUARARAPES,-8.168,-34.928,18.17024712476,80.9160305343512,40.0763358778626,40.8396946564886,42.3664122137405,0,24,0,0,0,24,60,TRUE,TRUE,TRUE,TRUE,41.2083333333333,TRUE
2019-06-16,260790110A,Cajueiro Seco,JABOATÃO DOS GUARARAPES,-8.168,-34.928,18.17024712476,80.9160305343512,40.0763358778626,40.8396946564886,42.3664122137405,75,92,1,82,6,91,60,TRUE,TRUE,TRUE,TRUE,20.7647058823529,TRUE
2019-06-17,260790110A,Cajueiro Seco,JABOATÃO DOS GUARARAPES,-8.168,-34.928,18.17024712476,80.9160305343512,40.0763358778626,40.8396946564886,42.3664122137405,73.2,92,1,79,5.2,92,70,FALSE,TRUE,TRUE,FALSE,,TRUE
2019-06-18,260790110A,Cajueiro Seco,JABOATÃO DOS GUARARAPES,-8.168,-34.928,18.17024712476,80.9160305343512,40.0763358778626,40.8396946564886,42.3664122137405,13,33,0,13,2.4,34,60,TRUE,TRUE,TRUE,TRUE,24.6363636363636,TRUE
2019-06-19,260790110A,Cajueiro Seco,JABOATÃO DOS GUARARAPES,-8.168,-34.928,18.17024712476,80.9160305343512,40.0763358778626,40.8396946564886,42.3664122137405,4.8,29,0,6,2,29,120,FALSE,FALSE,FALSE,TRUE,19.4166666666667,TRUE
2019-06-20,260790110A,Cajueiro Seco,JABOATÃO DOS GUARARAPES,-8.168,-34.928,18.17024712476,80.9160305343512,40.0763358778626,40.8396946564886,42.3664122137405,0,24,0,0,0,24,60,TRUE,TRUE,TRUE,TRUE,33.7826086956522,TRUE
2019-06-21,260790110A,Cajueiro Seco,JABOATÃO DOS GUARARAPES,-8.168,-34.928,18.17024712476,80.9160305343512,40.0763358778626,40.8396946564886,42.3664122137405,0,23,0,0,0,23,120,FALSE,FALSE,FALSE,TRUE,45,TRUE
2019-06-22,260790110A,Cajueiro Seco,JABOATÃO DOS GUARARAPES,-8.168,-34.928,18.17024712476,80.9160305343512,40.0763358778626,40.8396946564886,42.3664122137405,0.6,25,0,1,0.6,25,60,TRUE,TRUE,TRUE,TRUE,53.2083333333333,TRUE
2019-06-23,260790110A,Cajueiro Seco,JABOATÃO DOS GUARARAPES,-8.168,-34.928,18.17024712476,80.9160305343512,40.0763358778626,40.8396946564886,42.3664122137405,0,24,0,0,0,24,60,TRUE,TRUE,TRUE,TRUE,63,TRUE
2019-06-24,260790110A,Cajueiro Seco,JABOATÃO DOS GUARARAPES,-8.168,-34.928,18.17024712476,80.9160305343512,40.0763358778626,40.8396946564886,42.3664122137405,2.2,27,0,5,1,27,60,TRUE,TRUE,TRUE,TRUE,58.4166666666667,TRUE
2019-06-25,260790110A,Cajueiro Seco,JABOATÃO DOS GUARARAPES,-8.168,-34.928,18.17024712476,80.9160305343512,40.0763358778626,40.8396946564886,42.3664122137405,13.8,31,0,10,5,31,60,TRUE,TRUE,TRUE,TRUE,43.75,TRUE
2019-06-26,260790110A,Cajueiro Seco,JABOATÃO DOS GUARARAPES,-8.168,-34.928,18.17024712476,80.9160305343512,40.0763358778626,40.8396946564886,42.3664122137405,12,34,0,13,4,34,120,FALSE,FALSE,FALSE,TRUE,27.1818181818182,TRUE
2019-06-27,260790110A,Cajueiro Seco,JABOATÃO DOS GUARARAPES,-8.168,-34.928,18.17024712476,80.9160305343512,40.0763358778626,40.8396946564886,42.3664122137405,18.6,35,0,13,4.4,35,60,TRUE,TRUE,TRUE,TRUE,35.5238095238095,TRUE
2019-06-28,260790110A,Cajueiro Seco,JABOATÃO DOS GUARARAPES,-8.168,-34.928,18.17024712476,80.9160305343512,40.0763358778626,40.8396946564886,42.3664122137405,10.2,37,1,16,1.6,36,60,TRUE,TRUE,TRUE,TRUE,37.4782608695652,TRUE
2019-06-29,260790110A,Cajueiro Seco,JABOATÃO DOS GUARARAPES,-8.168,-34.928,18.17024712476,80.9160305343512,40.0763358778626,40.8396946564886,42.3664122137405,4.6,28,0,4,3.2,29,60,TRUE,TRUE,TRUE,TRUE,33.9583333333333,TRUE
2019-06-30,260790110A,Cajueiro Seco,JABOATÃO DOS GUARARAPES,-8.168,-34.928,18.17024712476,80.9160305343512,40.0763358778626,40.8396946564886,42.3664122137405,7.6,37,0,14,2,37,60,TRUE,TRUE,TRUE,TRUE,30.875,TRUE
2019-07-01,260790110A,Cajueiro Seco,JABOATÃO DOS GUARARAPES,-8.168,-34.928,18.17024712476,80.9160305343512,40.0763358778626,40.8396946564886,42.3664122137405,2.6,29,0,6,1,29,60,TRUE,TRUE,TRUE,TRUE,49.5416666666667,TRUE
2019-07-02,260790110A,Cajueiro Seco,JABOATÃO DOS GUARARAPES,-8.168,-34.928,18.17024712476,80.9160305343512,40.0763358778626,40.8396946564886,42.3664122137405,0,24,0,0,0,24,60,TRUE,TRUE,TRUE,TRUE,53.875,TRUE
2019-07-03,260790110A,Cajueiro Seco,JABOATÃO DOS GUARARAPES,-8.168,-34.928,18.17024712476,80.9160305343512,40.0763358778626,40.8396946564886,42.3664122137405,14.2,36,0,15,4,36,60,TRUE,TRUE,TRUE,TRUE,18.0454545454545,TRUE
2019-07-04,260790110A,Cajueiro Seco,JABOATÃO DOS GUARARAPES,-8.168,-34.928,18.17024712476,80.9160305343512,40.0763358778626,40.8396946564886,42.3664122137405,1.8,26,0,2,1.6,26,60,TRUE,TRUE,TRUE,TRUE,39.2083333333333,TRUE
2019-07-05,260790110A,Cajueiro Seco,JABOATÃO DOS GUARARAPES,-8.168,-34.928,18.17024712476,80.9160305343512,40.0763358778626,40.8396946564886,42.3664122137405,0,24,0,0,0,24,60,TRUE,TRUE,TRUE,TRUE,73.6666666666667,TRUE
2019-07-06,260790110A,Cajueiro Seco,JABOATÃO DOS GUARARAPES,-8.168,-34.928,18.17024712476,80.9160305343512,40.0763358778626,40.8396946564886,42.3664122137405,0,24,0,0,0,24,60,TRUE,TRUE,TRUE,TRUE,60.6666666666667,TRUE
2019-07-07,260790110A,Cajueiro Seco,JABOATÃO DOS GUARARAPES,-8.168,-34.928,18.17024712476,80.9160305343512,40.0763358778626,40.8396946564886,42.3664122137405,0.8,24,1,1,0.8,23,120,FALSE,FALSE,FALSE,TRUE,49.5416666666667,TRUE
2019-07-08,260790110A,Cajueiro Seco,JABOATÃO DOS GUARARAPES,-8.168,-34.928,18.17024712476,80.9160305343512,40.0763358778626,40.8396946564886,42.3664122137405,12.6,30,0,7,5.4,31,60,TRUE,TRUE,TRUE,TRUE,33.0952380952381,TRUE
2019-07-09,260790110A,Cajueiro Seco,JABOATÃO DOS GUARARAPES,-8.168,-34.928,18.17024712476,80.9160305343512,40.0763358778626,40.8396946564886,42.3664122137405,0,24,0,0,0,24,60,TRUE,TRUE,TRUE,TRUE,44.3333333333333,TRUE
2019-07-10,260790110A,Cajueiro Seco,JABOATÃO DOS GUARARAPES,-8.168,-34.928,18.17024712476,80.9160305343512,40.0763358778626,40.8396946564886,42.3664122137405,1.4,27,0,4,0.6,27,60,TRUE,TRUE,TRUE,TRUE,39.9166666666667,TRUE
2019-07-11,260790110A,Cajueiro Seco,JABOATÃO DOS GUARARAPES,-8.168,-34.928,18.17024712476,80.9160305343512,40.0763358778626,40.8396946564886,42.3664122137405,0.2,23,0,1,0.2,23,120,FALSE,FALSE,FALSE,TRUE,35.6666666666667,TRUE
2019-07-12,260790110A,Cajueiro Seco,JABOATÃO DOS GUARARAPES,-8.168,-34.928,18.17024712476,80.9160305343512,40.0763358778626,40.8396946564886,42.3664122137405,0,24,0,0,0,24,60,TRUE,TRUE,TRUE,TRUE,65.0833333333333,TRUE
2019-07-13,260790110A,Cajueiro Seco,JABOATÃO DOS GUARARAPES,-8.168,-34.928,18.17024712476,80.9160305343512,40.0763358778626,40.8396946564886,42.3664122137405,17.2,40,1,17,3.2,39,60,TRUE,TRUE,TRUE,TRUE,21.6190476190476,TRUE
2019-07-14,260790110A,Cajueiro Seco,JABOATÃO DOS GUARARAPES,-8.168,-34.928,18.17024712476,80.9160305343512,40.0763358778626,40.8396946564886,42.3664122137405,76.8,58,0,41,7.2,59,90,FALSE,FALSE,TRUE,FALSE,,TRUE
2019-07-15,260790110A,Cajueiro Seco,JABOATÃO DOS GUARARAPES,-8.168,-34.928,18.17024712476,80.9160305343512,40.0763358778626,40.8396946564886,42.3664122137405,0,16,0,0,0,16,3170,FALSE,FALSE,FALSE,TRUE,40.8260869565217,TRUE
2019-07-16,260790110A,Cajueiro Seco,JABOATÃO DOS GUARARAPES,-8.168,-34.928,18.17024712476,80.9160305343512,40.0763358778626,40.8396946564886,42.3664122137405,,,,,,0,,FALSE,FALSE,FALSE,TRUE,71.4166666666667,FALSE
2019-07-17,260790110A,Cajueiro Seco,JABOATÃO DOS GUARARAPES,-8.168,-34.928,18.17024712476,80.9160305343512,40.0763358778626,40.8396946564886,42.3664122137405,0.4,1,0,1,0.4,1,3170,FALSE,FALSE,FALSE,TRUE,54.125,TRUE
2019-07-18,260790110A,Cajueiro Seco,JABOATÃO DOS GUARARAPES,-8.168,-34.928,18.17024712476,80.9160305343512,40.0763358778626,40.8396946564886,42.3664122137405,4.8,6,1,6,1.4,5,850,FALSE,FALSE,FALSE,TRUE,40.1666666666667,TRUE
2019-07-19,260790110A,Cajueiro Seco,JABOATÃO DOS GUARARAPES,-8.168,-34.928,18.17024712476,80.9160305343512,40.0763358778626,40.8396946564886,42.3664122137405,4.6,12,0,12,1.6,13,590,FALSE,FALSE,FALSE,TRUE,34.7916666666667,TRUE
2019-07-20,260790110A,Cajueiro Seco,JABOATÃO DOS GUARARAPES,-8.168,-34.928,18.17024712476,80.9160305343512,40.0763358778626,40.8396946564886,42.3664122137405,29.6,28,0,28,4,28,330,FALSE,FALSE,FALSE,TRUE,15,TRUE
2019-07-21,260790110A,Cajueiro Seco,JABOATÃO DOS GUARARAPES,-8.168,-34.928,18.17024712476,80.9160305343512,40.0763358778626,40.8396946564886,42.3664122137405,14.2,18,1,18,4.4,17,760,FALSE,FALSE,FALSE,TRUE,26.75,TRUE
2019-07-22,260790110A,Cajueiro Seco,JABOATÃO DOS GUARARAPES,-8.168,-34.928,18.17024712476,80.9160305343512,40.0763358778626,40.8396946564886,42.3664122137405,26,43,0,43,3,44,760,FALSE,FALSE,FALSE,TRUE,20.2380952380952,TRUE
2019-07-23,260790110A,Cajueiro Seco,JABOATÃO DOS GUARARAPES,-8.168,-34.928,18.17024712476,80.9160305343512,40.0763358778626,40.8396946564886,42.3664122137405,45.2,37,1,37,6.4,36,310,FALSE,FALSE,FALSE,TRUE,14.9166666666667,TRUE
2019-07-24,260790110A,Cajueiro Seco,JABOATÃO DOS GUARARAPES,-8.168,-34.928,18.17024712476,80.9160305343512,40.0763358778626,40.8396946564886,42.3664122137405,72,66,1,66,5.4,66,390,FALSE,FALSE,FALSE,TRUE,12.3,TRUE
2019-07-25,260790110A,Cajueiro Seco,JABOATÃO DOS GUARARAPES,-8.168,-34.928,18.17024712476,80.9160305343512,40.0763358778626,40.8396946564886,42.3664122137405,9.6,10,0,10,3.4,11,460,FALSE,FALSE,FALSE,TRUE,18.1818181818182,TRUE
2019-07-26,260790110A,Cajueiro Seco,JABOATÃO DOS GUARARAPES,-8.168,-34.928,18.17024712476,80.9160305343512,40.0763358778626,40.8396946564886,42.3664122137405,7.6,28,0,19,1.2,28,380,FALSE,FALSE,FALSE,TRUE,14.7727272727273,TRUE
2019-07-27,260790110A,Cajueiro Seco,JABOATÃO DOS GUARARAPES,-8.168,-34.928,18.17024712476,80.9160305343512,40.0763358778626,40.8396946564886,42.3664122137405,28,39,0,28,5,39,240,FALSE,FALSE,FALSE,TRUE,9.1,TRUE
2019-07-28,260790110A,Cajueiro Seco,JABOATÃO DOS GUARARAPES,-8.168,-34.928,18.17024712476,80.9160305343512,40.0763358778626,40.8396946564886,42.3664122137405,16.4,17,0,17,3.4,17,710,FALSE,FALSE,FALSE,TRUE,15.6521739130435,TRUE
2019-07-29,260790110A,Cajueiro Seco,JABOATÃO DOS GUARARAPES,-8.168,-34.928,18.17024712476,80.9160305343512,40.0763358778626,40.8396946564886,42.3664122137405,0.4,18,0,2,0.2,18,710,FALSE,FALSE,FALSE,FALSE,,TRUE
2019-07-30,260790110A,Cajueiro Seco,JABOATÃO DOS GUARARAPES,-8.168,-34.928,18.17024712476,80.9160305343512,40.0763358778626,40.8396946564886,42.3664122137405,5.2,30,0,10,1.2,30,60,TRUE,TRUE,TRUE,TRUE,11.6315789473684,TRUE
2019-07-31,260790110A,Cajueiro Seco,JABOATÃO DOS GUARARAPES,-8.168,-34.928,18.17024712476,80.9160305343512,40.0763358778626,40.8396946564886,42.3664122137405,32.4,51,1,33,7,50,60,TRUE,TRUE,TRUE,FALSE,,TRUE
2019-08-01,260790110A,Cajueiro Seco,JABOATÃO DOS GUARARAPES,-8.168,-34.928,18.17024712476,80.9160305343512,40.0763358778626,40.8396946564886,42.3664122137405,25,42,0,22,5.8,43,60,TRUE,TRUE,TRUE,TRUE,10.0526315789474,TRUE
2019-08-02,260790110A,Cajueiro Seco,JABOATÃO DOS GUARARAPES,-8.168,-34.928,18.17024712476,80.9160305343512,40.0763358778626,40.8396946564886,42.3664122137405,18.2,48,0,29,3.2,48,60,TRUE,TRUE,TRUE,TRUE,33.3333333333333,TRUE
2019-08-03,260790110A,Cajueiro Seco,JABOATÃO DOS GUARARAPES,-8.168,-34.928,18.17024712476,80.9160305343512,40.0763358778626,40.8396946564886,42.3664122137405,0,24,0,0,0,24,60,TRUE,TRUE,TRUE,TRUE,53.8333333333333,TRUE
2019-08-04,260790110A,Cajueiro Seco,JABOATÃO DOS GUARARAPES,-8.168,-34.928,18.17024712476,80.9160305343512,40.0763358778626,40.8396946564886,42.3664122137405,3.6,30,0,6,1.6,30,60,TRUE,TRUE,TRUE,TRUE,69.125,TRUE
2019-08-05,260790110A,Cajueiro Seco,JABOATÃO DOS GUARARAPES,-8.168,-34.928,18.17024712476,80.9160305343512,40.0763358778626,40.8396946564886,42.3664122137405,1.2,26,0,2,1,26,60,TRUE,TRUE,TRUE,TRUE,65.2916666666667,TRUE
2019-08-06,260790110A,Cajueiro Seco,JABOATÃO DOS GUARARAPES,-8.168,-34.928,18.17024712476,80.9160305343512,40.0763358778626,40.8396946564886,42.3664122137405,4.8,31,0,7,2.2,31,60,TRUE,TRUE,TRUE,TRUE,44.8947368421053,TRUE
2019-08-07,260790110A,Cajueiro Seco,JABOATÃO DOS GUARARAPES,-8.168,-34.928,18.17024712476,80.9160305343512,40.0763358778626,40.8396946564886,42.3664122137405,3.4,30,0,7,1,30,60,TRUE,TRUE,TRUE,TRUE,48.1666666666667,TRUE
2019-08-08,260790110A,Cajueiro Seco,JABOATÃO DOS GUARARAPES,-8.168,-34.928,18.17024712476,80.9160305343512,40.0763358778626,40.8396946564886,42.3664122137405,3.8,31,0,8,2,31,60,TRUE,TRUE,TRUE,TRUE,37.3333333333333,TRUE
2019-08-09,260790110A,Cajueiro Seco,JABOATÃO DOS GUARARAPES,-8.168,-34.928,18.17024712476,80.9160305343512,40.0763358778626,40.8396946564886,42.3664122137405,4.4,25,0,1,4.4,25,60,TRUE,TRUE,TRUE,TRUE,75.4583333333333,TRUE
2019-08-10,260790110A,Cajueiro Seco,JABOATÃO DOS GUARARAPES,-8.168,-34.928,18.17024712476,80.9160305343512,40.0763358778626,40.8396946564886,42.3664122137405,0,23,0,0,0,23,120,FALSE,FALSE,FALSE,TRUE,75.9166666666667,TRUE
2019-08-11,260790110A,Cajueiro Seco,JABOATÃO DOS GUARARAPES,-8.168,-34.928,18.17024712476,80.9160305343512,40.0763358778626,40.8396946564886,42.3664122137405,0,24,0,0,0,24,60,TRUE,TRUE,TRUE,TRUE,75.8333333333333,TRUE
2019-08-12,260790110A,Cajueiro Seco,JABOATÃO DOS GUARARAPES,-8.168,-34.928,18.17024712476,80.9160305343512,40.0763358778626,40.8396946564886,42.3664122137405,10.2,35,0,16,3.4,35,60,TRUE,TRUE,TRUE,TRUE,42,TRUE
2019-08-13,260790110A,Cajueiro Seco,JABOATÃO DOS GUARARAPES,-8.168,-34.928,18.17024712476,80.9160305343512,40.0763358778626,40.8396946564886,42.3664122137405,1.6,27,1,5,0.4,26,60,TRUE,TRUE,TRUE,TRUE,41.8695652173913,TRUE
2019-08-14,260790110A,Cajueiro Seco,JABOATÃO DOS GUARARAPES,-8.168,-34.928,18.17024712476,80.9160305343512,40.0763358778626,40.8396946564886,42.3664122137405,15.6,47,0,27,2.6,48,60,TRUE,TRUE,TRUE,TRUE,16.9583333333333,TRUE
2019-08-15,260790110A,Cajueiro Seco,JABOATÃO DOS GUARARAPES,-8.168,-34.928,18.17024712476,80.9160305343512,40.0763358778626,40.8396946564886,42.3664122137405,10.6,34,0,13,2.8,34,60,TRUE,TRUE,TRUE,TRUE,25.0833333333333,TRUE
2019-08-16,260790110A,Cajueiro Seco,JABOATÃO DOS GUARARAPES,-8.168,-34.928,18.17024712476,80.9160305343512,40.0763358778626,40.8396946564886,42.3664122137405,5.4,32,0,10,2,32,60,TRUE,TRUE,TRUE,TRUE,31.7916666666667,TRUE
2019-08-17,260790110A,Cajueiro Seco,JABOATÃO DOS GUARARAPES,-8.168,-34.928,18.17024712476,80.9160305343512,40.0763358778626,40.8396946564886,42.3664122137405,0.8,25,0,1,0.8,25,60,TRUE,TRUE,TRUE,TRUE,55.125,TRUE
2019-08-18,260790110A,Cajueiro Seco,JABOATÃO DOS GUARARAPES,-8.168,-34.928,18.17024712476,80.9160305343512,40.0763358778626,40.8396946564886,42.3664122137405,5.6,34,1,10,1.6,33,60,TRUE,TRUE,TRUE,TRUE,57.7916666666667,TRUE
2019-08-19,260790110A,Cajueiro Seco,JABOATÃO DOS GUARARAPES,-8.168,-34.928,18.17024712476,80.9160305343512,40.0763358778626,40.8396946564886,42.3664122137405,5,28,0,5,2,29,60,TRUE,TRUE,TRUE,TRUE,71.9166666666667,TRUE
2019-08-20,260790110A,Cajueiro Seco,JABOATÃO DOS GUARARAPES,-8.168,-34.928,18.17024712476,80.9160305343512,40.0763358778626,40.8396946564886,42.3664122137405,0,24,0,0,0,24,60,TRUE,TRUE,TRUE,TRUE,71.25,TRUE
2019-08-21,260790110A,Cajueiro Seco,JABOATÃO DOS GUARARAPES,-8.168,-34.928,18.17024712476,80.9160305343512,40.0763358778626,40.8396946564886,42.3664122137405,0,24,0,0,0,24,60,TRUE,TRUE,TRUE,TRUE,52.7727272727273,TRUE
2019-08-22,260790110A,Cajueiro Seco,JABOATÃO DOS GUARARAPES,-8.168,-34.928,18.17024712476,80.9160305343512,40.0763358778626,40.8396946564886,42.3664122137405,0.8,25,0,2,0.6,25,60,TRUE,TRUE,TRUE,TRUE,14.5,TRUE
2019-08-23,260790110A,Cajueiro Seco,JABOATÃO DOS GUARARAPES,-8.168,-34.928,18.17024712476,80.9160305343512,40.0763358778626,40.8396946564886,42.3664122137405,3.2,29,0,6,1,29,120,FALSE,FALSE,FALSE,TRUE,34.6363636363636,TRUE
2019-08-24,260790110A,Cajueiro Seco,JABOATÃO DOS GUARARAPES,-8.168,-34.928,18.17024712476,80.9160305343512,40.0763358778626,40.8396946564886,42.3664122137405,3,30,0,7,0.8,30,60,TRUE,TRUE,TRUE,TRUE,35.2608695652174,TRUE
2019-08-25,260790110A,Cajueiro Seco,JABOATÃO DOS GUARARAPES,-8.168,-34.928,18.17024712476,80.9160305343512,40.0763358778626,40.8396946564886,42.3664122137405,2.8,29,0,5,1.6,29,60,TRUE,TRUE,TRUE,TRUE,40.3333333333333,TRUE
2019-08-26,260790110A,Cajueiro Seco,JABOATÃO DOS GUARARAPES,-8.168,-34.928,18.17024712476,80.9160305343512,40.0763358778626,40.8396946564886,42.3664122137405,23,40,0,18,4.6,40,60,TRUE,TRUE,TRUE,TRUE,41.125,TRUE
2019-08-27,260790110A,Cajueiro Seco,JABOATÃO DOS GUARARAPES,-8.168,-34.928,18.17024712476,80.9160305343512,40.0763358778626,40.8396946564886,42.3664122137405,1.8,30,1,6,0.6,29,60,TRUE,TRUE,TRUE,TRUE,58.4166666666667,TRUE
2019-08-28,260790110A,Cajueiro Seco,JABOATÃO DOS GUARARAPES,-8.168,-34.928,18.17024712476,80.9160305343512,40.0763358778626,40.8396946564886,42.3664122137405,9.2,15,0,7,3.8,16,3230,FALSE,FALSE,FALSE,TRUE,45,TRUE
2019-08-29,260790110A,Cajueiro Seco,JABOATÃO DOS GUARARAPES,-8.168,-34.928,18.17024712476,80.9160305343512,40.0763358778626,40.8396946564886,42.3664122137405,,,,,,0,,FALSE,FALSE,FALSE,TRUE,52.1666666666667,FALSE
2019-08-30,260790110A,Cajueiro Seco,JABOATÃO DOS GUARARAPES,-8.168,-34.928,18.17024712476,80.9160305343512,40.0763358778626,40.8396946564886,42.3664122137405,0,10,0,0,0,10,3230,FALSE,FALSE,FALSE,TRUE,55.4583333333333,TRUE
2019-08-31,260790110A,Cajueiro Seco,JABOATÃO DOS GUARARAPES,-8.168,-34.928,18.17024712476,80.9160305343512,40.0763358778626,40.8396946564886,42.3664122137405,18.4,35,1,12,5.2,34,60,TRUE,TRUE,TRUE,TRUE,69.4583333333333,TRUE
2019-09-01,260790110A,Cajueiro Seco,JABOATÃO DOS GUARARAPES,-8.168,-34.928,18.17024712476,80.9160305343512,40.0763358778626,40.8396946564886,42.3664122137405,2,28,0,5,1.2,29,60,TRUE,TRUE,TRUE,TRUE,36.375,TRUE
2019-09-02,260790110A,Cajueiro Seco,JABOATÃO DOS GUARARAPES,-8.168,-34.928,18.17024712476,80.9160305343512,40.0763358778626,40.8396946564886,42.3664122137405,14.2,34,0,13,2.8,34,60,TRUE,TRUE,TRUE,TRUE,39.9583333333333,TRUE
2019-09-03,260790110A,Cajueiro Seco,JABOATÃO DOS GUARARAPES,-8.168,-34.928,18.17024712476,80.9160305343512,40.0763358778626,40.8396946564886,42.3664122137405,0,24,0,0,0,24,60,TRUE,TRUE,TRUE,TRUE,49.6666666666667,TRUE
2019-09-04,260790110A,Cajueiro Seco,JABOATÃO DOS GUARARAPES,-8.168,-34.928,18.17024712476,80.9160305343512,40.0763358778626,40.8396946564886,42.3664122137405,5.2,42,0,20,0.6,42,60,TRUE,TRUE,TRUE,TRUE,37.875,TRUE
2019-09-05,260790110A,Cajueiro Seco,JABOATÃO DOS GUARARAPES,-8.168,-34.928,18.17024712476,80.9160305343512,40.0763358778626,40.8396946564886,42.3664122137405,3.4,30,0,10,0.4,30,60,TRUE,TRUE,TRUE,TRUE,26.9583333333333,TRUE
2019-09-06,260790110A,Cajueiro Seco,JABOATÃO DOS GUARARAPES,-8.168,-34.928,18.17024712476,80.9160305343512,40.0763358778626,40.8396946564886,42.3664122137405,6.4,33,0,11,1.8,33,60,TRUE,TRUE,TRUE,TRUE,30.6363636363636,TRUE
2019-09-07,260790110A,Cajueiro Seco,JABOATÃO DOS GUARARAPES,-8.168,-34.928,18.17024712476,80.9160305343512,40.0763358778626,40.8396946564886,42.3664122137405,3,31,0,7,0.8,31,60,TRUE,TRUE,TRUE,TRUE,28,TRUE
2019-09-08,260790110A,Cajueiro Seco,JABOATÃO DOS GUARARAPES,-8.168,-34.928,18.17024712476,80.9160305343512,40.0763358778626,40.8396946564886,42.3664122137405,0.8,26,0,3,0.4,26,60,TRUE,TRUE,TRUE,TRUE,29.125,TRUE
2019-09-09,260790110A,Cajueiro Seco,JABOATÃO DOS GUARARAPES,-8.168,-34.928,18.17024712476,80.9160305343512,40.0763358778626,40.8396946564886,42.3664122137405,0,23,0,0,0,23,120,FALSE,FALSE,FALSE,TRUE,48.8333333333333,TRUE
2019-09-10,260790110A,Cajueiro Seco,JABOATÃO DOS GUARARAPES,-8.168,-34.928,18.17024712476,80.9160305343512,40.0763358778626,40.8396946564886,42.3664122137405,0,24,0,0,0,24,60,TRUE,TRUE,TRUE,TRUE,57.6666666666667,TRUE
2019-09-11,260790110A,Cajueiro Seco,JABOATÃO DOS GUARARAPES,-8.168,-34.928,18.17024712476,80.9160305343512,40.0763358778626,40.8396946564886,42.3664122137405,1,26,0,3,0.6,26,60,TRUE,TRUE,TRUE,TRUE,46.75,TRUE
2019-09-12,260790110A,Cajueiro Seco,JABOATÃO DOS GUARARAPES,-8.168,-34.928,18.17024712476,80.9160305343512,40.0763358778626,40.8396946564886,42.3664122137405,0.4,25,0,2,0.2,25,60,TRUE,TRUE,TRUE,TRUE,49.7826086956522,TRUE
2019-09-13,260790110A,Cajueiro Seco,JABOATÃO DOS GUARARAPES,-8.168,-34.928,18.17024712476,80.9160305343512,40.0763358778626,40.8396946564886,42.3664122137405,0,24,0,0,0,24,60,TRUE,TRUE,TRUE,TRUE,54.0952380952381,TRUE
2019-09-14,260790110A,Cajueiro Seco,JABOATÃO DOS GUARARAPES,-8.168,-34.928,18.17024712476,80.9160305343512,40.0763358778626,40.8396946564886,42.3664122137405,0,24,0,0,0,24,60,TRUE,TRUE,TRUE,TRUE,54.1666666666667,TRUE
2019-09-15,260790110A,Cajueiro Seco,JABOATÃO DOS GUARARAPES,-8.168,-34.928,18.17024712476,80.9160305343512,40.0763358778626,40.8396946564886,42.3664122137405,0,24,0,0,0,24,60,TRUE,TRUE,TRUE,TRUE,40.3125,TRUE
2019-09-16,260790110A,Cajueiro Seco,JABOATÃO DOS GUARARAPES,-8.168,-34.928,18.17024712476,80.9160305343512,40.0763358778626,40.8396946564886,42.3664122137405,4.2,26,0,2,3.2,26,60,TRUE,TRUE,TRUE,TRUE,38.3684210526316,TRUE
2019-09-17,260790110A,Cajueiro Seco,JABOATÃO DOS GUARARAPES,-8.168,-34.928,18.17024712476,80.9160305343512,40.0763358778626,40.8396946564886,42.3664122137405,6.4,39,0,18,1.6,39,60,TRUE,TRUE,TRUE,TRUE,20.7826086956522,TRUE
2019-09-18,260790110A,Cajueiro Seco,JABOATÃO DOS GUARARAPES,-8.168,-34.928,18.17024712476,80.9160305343512,40.0763358778626,40.8396946564886,42.3664122137405,1.2,28,0,5,0.4,28,60,TRUE,TRUE,TRUE,TRUE,50.1739130434783,TRUE
2019-09-19,260790110A,Cajueiro Seco,JABOATÃO DOS GUARARAPES,-8.168,-34.928,18.17024712476,80.9160305343512,40.0763358778626,40.8396946564886,42.3664122137405,0,24,0,0,0,24,60,TRUE,TRUE,TRUE,TRUE,63.8636363636364,TRUE
2019-09-20,260790110A,Cajueiro Seco,JABOATÃO DOS GUARARAPES,-8.168,-34.928,18.17024712476,80.9160305343512,40.0763358778626,40.8396946564886,42.3664122137405,3.8,31,0,9,1,31,60,TRUE,TRUE,TRUE,TRUE,31.5,TRUE
2019-09-21,260790110A,Cajueiro Seco,JABOATÃO DOS GUARARAPES,-8.168,-34.928,18.17024712476,80.9160305343512,40.0763358778626,40.8396946564886,42.3664122137405,0,24,0,0,0,24,60,TRUE,TRUE,TRUE,TRUE,48.6666666666667,TRUE
2019-09-22,260790110A,Cajueiro Seco,JABOATÃO DOS GUARARAPES,-8.168,-34.928,18.17024712476,80.9160305343512,40.0763358778626,40.8396946564886,42.3664122137405,1,28,0,4,0.4,28,70,FALSE,TRUE,TRUE,TRUE,41.1666666666667,TRUE
2019-09-23,260790110A,Cajueiro Seco,JABOATÃO DOS GUARARAPES,-8.168,-34.928,18.17024712476,80.9160305343512,40.0763358778626,40.8396946564886,42.3664122137405,2.8,29,0,6,1,29,60,TRUE,TRUE,TRUE,TRUE,38.9047619047619,TRUE
2019-09-24,260790110A,Cajueiro Seco,JABOATÃO DOS GUARARAPES,-8.168,-34.928,18.17024712476,80.9160305343512,40.0763358778626,40.8396946564886,42.3664122137405,0,24,0,0,0,24,60,TRUE,TRUE,TRUE,TRUE,45.9166666666667,TRUE
2019-09-25,260790110A,Cajueiro Seco,JABOATÃO DOS GUARARAPES,-8.168,-34.928,18.17024712476,80.9160305343512,40.0763358778626,40.8396946564886,42.3664122137405,0,24,0,0,0,24,60,TRUE,TRUE,TRUE,TRUE,53.25,TRUE
2019-09-26,260790110A,Cajueiro Seco,JABOATÃO DOS GUARARAPES,-8.168,-34.928,18.17024712476,80.9160305343512,40.0763358778626,40.8396946564886,42.3664122137405,0,24,0,0,0,24,60,TRUE,TRUE,TRUE,FALSE,,TRUE
2019-09-27,260790110A,Cajueiro Seco,JABOATÃO DOS GUARARAPES,-8.168,-34.928,18.17024712476,80.9160305343512,40.0763358778626,40.8396946564886,42.3664122137405,0,24,0,0,0,24,60,TRUE,TRUE,TRUE,FALSE,,TRUE
2019-09-28,260790110A,Cajueiro Seco,JABOATÃO DOS GUARARAPES,-8.168,-34.928,18.17024712476,80.9160305343512,40.0763358778626,40.8396946564886,42.3664122137405,0,24,0,0,0,24,60,TRUE,TRUE,TRUE,FALSE,,TRUE
2019-09-29,260790110A,Cajueiro Seco,JABOATÃO DOS GUARARAPES,-8.168,-34.928,18.17024712476,80.9160305343512,40.0763358778626,40.8396946564886,42.3664122137405,0.2,25,0,1,0.2,25,60,TRUE,TRUE,TRUE,FALSE,,TRUE
2019-09-30,260790110A,Cajueiro Seco,JABOATÃO DOS GUARARAPES,-8.168,-34.928,18.17024712476,80.9160305343512,40.0763358778626,40.8396946564886,42.3664122137405,0.2,23,0,1,0.2,23,120,FALSE,FALSE,FALSE,FALSE,,TRUE
2019-10-01,260790110A,Cajueiro Seco,JABOATÃO DOS GUARARAPES,-8.168,-34.928,18.17024712476,80.9160305343512,40.0763358778626,40.8396946564886,42.3664122137405,0,24,0,0,0,24,60,TRUE,TRUE,TRUE,FALSE,,TRUE
2019-10-02,260790110A,Cajueiro Seco,JABOATÃO DOS GUARARAPES,-8.168,-34.928,18.17024712476,80.9160305343512,40.0763358778626,40.8396946564886,42.3664122137405,0,24,0,0,0,24,60,TRUE,TRUE,TRUE,FALSE,,TRUE
2019-10-03,260790110A,Cajueiro Seco,JABOATÃO DOS GUARARAPES,-8.168,-34.928,18.17024712476,80.9160305343512,40.0763358778626,40.8396946564886,42.3664122137405,0.2,25,0,1,0.2,25,60,TRUE,TRUE,TRUE,FALSE,,TRUE
2019-10-04,260790110A,Cajueiro Seco,JABOATÃO DOS GUARARAPES,-8.168,-34.928,18.17024712476,80.9160305343512,40.0763358778626,40.8396946564886,42.3664122137405,0,24,0,0,0,24,60,TRUE,TRUE,TRUE,FALSE,,TRUE
2019-10-05,260790110A,Cajueiro Seco,JABOATÃO DOS GUARARAPES,-8.168,-34.928,18.17024712476,80.9160305343512,40.0763358778626,40.8396946564886,42.3664122137405,0.8,25,0,1,0.8,25,60,TRUE,TRUE,TRUE,FALSE,,TRUE
2019-10-06,260790110A,Cajueiro Seco,JABOATÃO DOS GUARARAPES,-8.168,-34.928,18.17024712476,80.9160305343512,40.0763358778626,40.8396946564886,42.3664122137405,0,24,0,0,0,24,60,TRUE,TRUE,TRUE,FALSE,,TRUE
2019-10-07,260790110A,Cajueiro Seco,JABOATÃO DOS GUARARAPES,-8.168,-34.928,18.17024712476,80.9160305343512,40.0763358778626,40.8396946564886,42.3664122137405,0,24,0,0,0,24,60,TRUE,TRUE,TRUE,FALSE,,TRUE
2019-10-08,260790110A,Cajueiro Seco,JABOATÃO DOS GUARARAPES,-8.168,-34.928,18.17024712476,80.9160305343512,40.0763358778626,40.8396946564886,42.3664122137405,2.8,19,0,5,0.8,19,740,FALSE,FALSE,FALSE,FALSE,,TRUE
2019-10-09,260790110A,Cajueiro Seco,JABOATÃO DOS GUARARAPES,-8.168,-34.928,18.17024712476,80.9160305343512,40.0763358778626,40.8396946564886,42.3664122137405,1.8,4,0,4,1,4,1060,FALSE,FALSE,FALSE,FALSE,,TRUE
2019-10-10,260790110A,Cajueiro Seco,JABOATÃO DOS GUARARAPES,-8.168,-34.928,18.17024712476,80.9160305343512,40.0763358778626,40.8396946564886,42.3664122137405,6.2,16,0,8,2,16,1060,FALSE,FALSE,FALSE,FALSE,,TRUE
2019-10-11,260790110A,Cajueiro Seco,JABOATÃO DOS GUARARAPES,-8.168,-34.928,18.17024712476,80.9160305343512,40.0763358778626,40.8396946564886,42.3664122137405,1,27,0,3,0.6,27,60,TRUE,TRUE,TRUE,FALSE,,TRUE
2019-10-12,260790110A,Cajueiro Seco,JABOATÃO DOS GUARARAPES,-8.168,-34.928,18.17024712476,80.9160305343512,40.0763358778626,40.8396946564886,42.3664122137405,2.4,28,0,5,0.6,28,60,TRUE,TRUE,TRUE,FALSE,,TRUE
2019-10-13,260790110A,Cajueiro Seco,JABOATÃO DOS GUARARAPES,-8.168,-34.928,18.17024712476,80.9160305343512,40.0763358778626,40.8396946564886,42.3664122137405,6.4,19,0,13,2.2,19,1220,FALSE,FALSE,FALSE,FALSE,,TRUE
2019-10-14,260790110A,Cajueiro Seco,JABOATÃO DOS GUARARAPES,-8.168,-34.928,18.17024712476,80.9160305343512,40.0763358778626,40.8396946564886,42.3664122137405,2.4,6,0,6,0.8,6,1220,FALSE,FALSE,FALSE,FALSE,,TRUE
2019-10-15,260790110A,Cajueiro Seco,JABOATÃO DOS GUARARAPES,-8.168,-34.928,18.17024712476,80.9160305343512,40.0763358778626,40.8396946564886,42.3664122137405,0.2,14,0,1,0.2,14,580,FALSE,FALSE,FALSE,FALSE,,TRUE
2019-10-16,260790110A,Cajueiro Seco,JABOATÃO DOS GUARARAPES,-8.168,-34.928,18.17024712476,80.9160305343512,40.0763358778626,40.8396946564886,42.3664122137405,0,24,0,0,0,24,60,TRUE,TRUE,TRUE,FALSE,,TRUE
2019-10-17,260790110A,Cajueiro Seco,JABOATÃO DOS GUARARAPES,-8.168,-34.928,18.17024712476,80.9160305343512,40.0763358778626,40.8396946564886,42.3664122137405,0,24,0,0,0,24,60,TRUE,TRUE,TRUE,FALSE,,TRUE
2019-10-18,260790110A,Cajueiro Seco,JABOATÃO DOS GUARARAPES,-8.168,-34.928,18.17024712476,80.9160305343512,40.0763358778626,40.8396946564886,42.3664122137405,17,47,0,27,2.6,47,60,TRUE,TRUE,TRUE,FALSE,,TRUE
2019-10-19,260790110A,Cajueiro Seco,JABOATÃO DOS GUARARAPES,-8.168,-34.928,18.17024712476,80.9160305343512,40.0763358778626,40.8396946564886,42.3664122137405,0,24,0,0,0,24,60,TRUE,TRUE,TRUE,FALSE,,TRUE
2019-10-20,260790110A,Cajueiro Seco,JABOATÃO DOS GUARARAPES,-8.168,-34.928,18.17024712476,80.9160305343512,40.0763358778626,40.8396946564886,42.3664122137405,0,24,0,0,0,24,60,TRUE,TRUE,TRUE,FALSE,,TRUE
2019-10-21,260790110A,Cajueiro Seco,JABOATÃO DOS GUARARAPES,-8.168,-34.928,18.17024712476,80.9160305343512,40.0763358778626,40.8396946564886,42.3664122137405,0,24,0,0,0,24,60,TRUE,TRUE,TRUE,FALSE,,TRUE
2019-10-22,260790110A,Cajueiro Seco,JABOATÃO DOS GUARARAPES,-8.168,-34.928,18.17024712476,80.9160305343512,40.0763358778626,40.8396946564886,42.3664122137405,0,23,0,0,0,23,120,FALSE,FALSE,FALSE,FALSE,,TRUE
2019-10-23,260790110A,Cajueiro Seco,JABOATÃO DOS GUARARAPES,-8.168,-34.928,18.17024712476,80.9160305343512,40.0763358778626,40.8396946564886,42.3664122137405,0,24,0,0,0,24,60,TRUE,TRUE,TRUE,FALSE,,TRUE
2019-10-24,260790110A,Cajueiro Seco,JABOATÃO DOS GUARARAPES,-8.168,-34.928,18.17024712476,80.9160305343512,40.0763358778626,40.8396946564886,42.3664122137405,0,24,0,0,0,24,60,TRUE,TRUE,TRUE,FALSE,,TRUE
2019-10-25,260790110A,Cajueiro Seco,JABOATÃO DOS GUARARAPES,-8.168,-34.928,18.17024712476,80.9160305343512,40.0763358778626,40.8396946564886,42.3664122137405,0.4,25,1,1,0.4,24,60,TRUE,TRUE,TRUE,FALSE,,TRUE
2019-10-26,260790110A,Cajueiro Seco,JABOATÃO DOS GUARARAPES,-8.168,-34.928,18.17024712476,80.9160305343512,40.0763358778626,40.8396946564886,42.3664122137405,0.2,25,0,1,0.2,26,60,TRUE,TRUE,TRUE,TRUE,39.5714285714286,TRUE
2019-10-27,260790110A,Cajueiro Seco,JABOATÃO DOS GUARARAPES,-8.168,-34.928,18.17024712476,80.9160305343512,40.0763358778626,40.8396946564886,42.3664122137405,0,24,0,0,0,24,60,TRUE,TRUE,TRUE,TRUE,49.2916666666667,TRUE
2019-10-28,260790110A,Cajueiro Seco,JABOATÃO DOS GUARARAPES,-8.168,-34.928,18.17024712476,80.9160305343512,40.0763358778626,40.8396946564886,42.3664122137405,0,24,0,0,0,24,60,TRUE,TRUE,TRUE,TRUE,56.625,TRUE
2019-10-29,260790110A,Cajueiro Seco,JABOATÃO DOS GUARARAPES,-8.168,-34.928,18.17024712476,80.9160305343512,40.0763358778626,40.8396946564886,42.3664122137405,0,24,0,0,0,24,70,FALSE,TRUE,TRUE,TRUE,47.125,TRUE
2019-10-30,260790110A,Cajueiro Seco,JABOATÃO DOS GUARARAPES,-8.168,-34.928,18.17024712476,80.9160305343512,40.0763358778626,40.8396946564886,42.3664122137405,0,22,0,0,0,22,230,FALSE,FALSE,FALSE,TRUE,40.4583333333333,TRUE
2019-10-31,260790110A,Cajueiro Seco,JABOATÃO DOS GUARARAPES,-8.168,-34.928,18.17024712476,80.9160305343512,40.0763358778626,40.8396946564886,42.3664122137405,0,24,0,0,0,24,60,TRUE,TRUE,TRUE,TRUE,38.9583333333333,TRUE
2019-11-01,260790110A,Cajueiro Seco,JABOATÃO DOS GUARARAPES,-8.168,-34.928,18.17024712476,80.9160305343512,40.0763358778626,40.8396946564886,42.3664122137405,0,24,0,0,0,24,60,TRUE,TRUE,TRUE,TRUE,36.5416666666667,TRUE
2019-11-02,260790110A,Cajueiro Seco,JABOATÃO DOS GUARARAPES,-8.168,-34.928,18.17024712476,80.9160305343512,40.0763358778626,40.8396946564886,42.3664122137405,0,24,0,0,0,24,60,TRUE,TRUE,TRUE,TRUE,36.25,TRUE
2019-11-03,260790110A,Cajueiro Seco,JABOATÃO DOS GUARARAPES,-8.168,-34.928,18.17024712476,80.9160305343512,40.0763358778626,40.8396946564886,42.3664122137405,0,24,0,0,0,24,60,TRUE,TRUE,TRUE,TRUE,37.125,TRUE
2019-11-04,260790110A,Cajueiro Seco,JABOATÃO DOS GUARARAPES,-8.168,-34.928,18.17024712476,80.9160305343512,40.0763358778626,40.8396946564886,42.3664122137405,0,24,0,0,0,24,110,FALSE,FALSE,FALSE,TRUE,42.375,TRUE
2019-11-05,260790110A,Cajueiro Seco,JABOATÃO DOS GUARARAPES,-8.168,-34.928,18.17024712476,80.9160305343512,40.0763358778626,40.8396946564886,42.3664122137405,0,24,0,0,0,24,60,TRUE,TRUE,TRUE,TRUE,45.875,TRUE
2019-11-06,260790110A,Cajueiro Seco,JABOATÃO DOS GUARARAPES,-8.168,-34.928,18.17024712476,80.9160305343512,40.0763358778626,40.8396946564886,42.3664122137405,0,24,0,0,0,24,90,FALSE,FALSE,TRUE,TRUE,44.6521739130435,TRUE
2019-11-07,260790110A,Cajueiro Seco,JABOATÃO DOS GUARARAPES,-8.168,-34.928,18.17024712476,80.9160305343512,40.0763358778626,40.8396946564886,42.3664122137405,0,24,0,0,0,24,90,FALSE,FALSE,TRUE,TRUE,40.55,TRUE
2019-11-08,260790110A,Cajueiro Seco,JABOATÃO DOS GUARARAPES,-8.168,-34.928,18.17024712476,80.9160305343512,40.0763358778626,40.8396946564886,42.3664122137405,0,24,0,0,0,24,60,TRUE,TRUE,TRUE,TRUE,36.0416666666667,TRUE
2019-11-09,260790110A,Cajueiro Seco,JABOATÃO DOS GUARARAPES,-8.168,-34.928,18.17024712476,80.9160305343512,40.0763358778626,40.8396946564886,42.3664122137405,0,24,0,0,0,24,60,TRUE,TRUE,TRUE,TRUE,44.625,TRUE
2019-11-10,260790110A,Cajueiro Seco,JABOATÃO DOS GUARARAPES,-8.168,-34.928,18.17024712476,80.9160305343512,40.0763358778626,40.8396946564886,42.3664122137405,0,24,0,0,0,24,60,TRUE,TRUE,TRUE,TRUE,40.25,TRUE
2019-11-11,260790110A,Cajueiro Seco,JABOATÃO DOS GUARARAPES,-8.168,-34.928,18.17024712476,80.9160305343512,40.0763358778626,40.8396946564886,42.3664122137405,0,23,0,0,0,23,120,FALSE,FALSE,FALSE,TRUE,42.5416666666667,TRUE
2019-11-12,260790110A,Cajueiro Seco,JABOATÃO DOS GUARARAPES,-8.168,-34.928,18.17024712476,80.9160305343512,40.0763358778626,40.8396946564886,42.3664122137405,0,24,0,0,0,24,60,TRUE,TRUE,TRUE,TRUE,80.8333333333333,TRUE
2019-11-13,260790110A,Cajueiro Seco,JABOATÃO DOS GUARARAPES,-8.168,-34.928,18.17024712476,80.9160305343512,40.0763358778626,40.8396946564886,42.3664122137405,0,18,0,0,0,18,410,FALSE,FALSE,FALSE,TRUE,40.4583333333333,TRUE
2019-11-14,260790110A,Cajueiro Seco,JABOATÃO DOS GUARARAPES,-8.168,-34.928,18.17024712476,80.9160305343512,40.0763358778626,40.8396946564886,42.3664122137405,0,24,0,0,0,24,60,TRUE,TRUE,TRUE,TRUE,36.125,TRUE
2019-11-15,260790110A,Cajueiro Seco,JABOATÃO DOS GUARARAPES,-8.168,-34.928,18.17024712476,80.9160305343512,40.0763358778626,40.8396946564886,42.3664122137405,0,24,0,0,0,24,60,TRUE,TRUE,TRUE,TRUE,51.7142857142857,TRUE
2019-11-16,260790110A,Cajueiro Seco,JABOATÃO DOS GUARARAPES,-8.168,-34.928,18.17024712476,80.9160305343512,40.0763358778626,40.8396946564886,42.3664122137405,0,24,0,0,0,24,60,TRUE,TRUE,TRUE,TRUE,55.5833333333333,TRUE
2019-11-17,260790110A,Cajueiro Seco,JABOATÃO DOS GUARARAPES,-8.168,-34.928,18.17024712476,80.9160305343512,40.0763358778626,40.8396946564886,42.3664122137405,0,23,0,0,0,23,170,FALSE,FALSE,FALSE,TRUE,30.5833333333333,TRUE
2019-11-18,260790110A,Cajueiro Seco,JABOATÃO DOS GUARARAPES,-8.168,-34.928,18.17024712476,80.9160305343512,40.0763358778626,40.8396946564886,42.3664122137405,0,24,0,0,0,24,60,TRUE,TRUE,TRUE,TRUE,37.0416666666667,TRUE
2019-11-19,260790110A,Cajueiro Seco,JABOATÃO DOS GUARARAPES,-8.168,-34.928,18.17024712476,80.9160305343512,40.0763358778626,40.8396946564886,42.3664122137405,0,24,0,0,0,24,60,TRUE,TRUE,TRUE,TRUE,34.7619047619048,TRUE
2019-11-20,260790110A,Cajueiro Seco,JABOATÃO DOS GUARARAPES,-8.168,-34.928,18.17024712476,80.9160305343512,40.0763358778626,40.8396946564886,42.3664122137405,0,24,0,0,0,24,60,TRUE,TRUE,TRUE,TRUE,36.3809523809524,TRUE
2019-11-21,260790110A,Cajueiro Seco,JABOATÃO DOS GUARARAPES,-8.168,-34.928,18.17024712476,80.9160305343512,40.0763358778626,40.8396946564886,42.3664122137405,0,24,0,0,0,24,60,TRUE,TRUE,TRUE,TRUE,36.2083333333333,TRUE
2019-11-22,260790110A,Cajueiro Seco,JABOATÃO DOS GUARARAPES,-8.168,-34.928,18.17024712476,80.9160305343512,40.0763358778626,40.8396946564886,42.3664122137405,0,24,0,0,0,24,80,FALSE,FALSE,TRUE,TRUE,36.7916666666667,TRUE
2019-11-23,260790110A,Cajueiro Seco,JABOATÃO DOS GUARARAPES,-8.168,-34.928,18.17024712476,80.9160305343512,40.0763358778626,40.8396946564886,42.3664122137405,0,23,0,0,0,23,120,FALSE,FALSE,FALSE,TRUE,32.4583333333333,TRUE
2019-11-24,260790110A,Cajueiro Seco,JABOATÃO DOS GUARARAPES,-8.168,-34.928,18.17024712476,80.9160305343512,40.0763358778626,40.8396946564886,42.3664122137405,0,24,0,0,0,24,60,TRUE,TRUE,TRUE,TRUE,39.2083333333333,TRUE
2019-11-25,260790110A,Cajueiro Seco,JABOATÃO DOS GUARARAPES,-8.168,-34.928,18.17024712476,80.9160305343512,40.0763358778626,40.8396946564886,42.3664122137405,0,24,0,0,0,24,60,TRUE,TRUE,TRUE,FALSE,,TRUE
2019-11-26,260790110A,Cajueiro Seco,JABOATÃO DOS GUARARAPES,-8.168,-34.928,18.17024712476,80.9160305343512,40.0763358778626,40.8396946564886,42.3664122137405,0,24,0,0,0,24,80,FALSE,FALSE,TRUE,FALSE,,TRUE
2019-11-27,260790110A,Cajueiro Seco,JABOATÃO DOS GUARARAPES,-8.168,-34.928,18.17024712476,80.9160305343512,40.0763358778626,40.8396946564886,42.3664122137405,0,24,0,0,0,24,60,TRUE,TRUE,TRUE,FALSE,,TRUE
2019-11-28,260790110A,Cajueiro Seco,JABOATÃO DOS GUARARAPES,-8.168,-34.928,18.17024712476,80.9160305343512,40.0763358778626,40.8396946564886,42.3664122137405,0,24,0,0,0,24,60,TRUE,TRUE,TRUE,FALSE,,TRUE
2019-11-29,260790110A,Cajueiro Seco,JABOATÃO DOS GUARARAPES,-8.168,-34.928,18.17024712476,80.9160305343512,40.0763358778626,40.8396946564886,42.3664122137405,0,24,0,0,0,24,90,FALSE,FALSE,TRUE,FALSE,,TRUE
2019-11-30,260790110A,Cajueiro Seco,JABOATÃO DOS GUARARAPES,-8.168,-34.928,18.17024712476,80.9160305343512,40.0763358778626,40.8396946564886,42.3664122137405,0,24,0,0,0,24,60,TRUE,TRUE,TRUE,FALSE,,TRUE
2019-12-01,260790110A,Cajueiro Seco,JABOATÃO DOS GUARARAPES,-8.168,-34.928,18.17024712476,80.9160305343512,40.0763358778626,40.8396946564886,42.3664122137405,0,24,0,0,0,24,60,TRUE,TRUE,TRUE,FALSE,,TRUE
2019-12-02,260790110A,Cajueiro Seco,JABOATÃO DOS GUARARAPES,-8.168,-34.928,18.17024712476,80.9160305343512,40.0763358778626,40.8396946564886,42.3664122137405,0,24,0,0,0,24,60,TRUE,TRUE,TRUE,FALSE,,TRUE
2019-12-03,260790110A,Cajueiro Seco,JABOATÃO DOS GUARARAPES,-8.168,-34.928,18.17024712476,80.9160305343512,40.0763358778626,40.8396946564886,42.3664122137405,0,24,0,0,0,24,100,FALSE,FALSE,FALSE,FALSE,,TRUE
2019-12-04,260790110A,Cajueiro Seco,JABOATÃO DOS GUARARAPES,-8.168,-34.928,18.17024712476,80.9160305343512,40.0763358778626,40.8396946564886,42.3664122137405,0,24,0,0,0,24,110,FALSE,FALSE,FALSE,FALSE,,TRUE
2019-12-05,260790110A,Cajueiro Seco,JABOATÃO DOS GUARARAPES,-8.168,-34.928,18.17024712476,80.9160305343512,40.0763358778626,40.8396946564886,42.3664122137405,0,24,0,0,0,24,60,TRUE,TRUE,TRUE,FALSE,,TRUE
2019-12-06,260790110A,Cajueiro Seco,JABOATÃO DOS GUARARAPES,-8.168,-34.928,18.17024712476,80.9160305343512,40.0763358778626,40.8396946564886,42.3664122137405,0,23,0,0,0,23,170,FALSE,FALSE,FALSE,FALSE,,TRUE
2019-12-07,260790110A,Cajueiro Seco,JABOATÃO DOS GUARARAPES,-8.168,-34.928,18.17024712476,80.9160305343512,40.0763358778626,40.8396946564886,42.3664122137405,0,22,0,0,0,22,190,FALSE,FALSE,FALSE,FALSE,,TRUE
2019-12-08,260790110A,Cajueiro Seco,JABOATÃO DOS GUARARAPES,-8.168,-34.928,18.17024712476,80.9160305343512,40.0763358778626,40.8396946564886,42.3664122137405,0,24,0,0,0,24,80,FALSE,FALSE,TRUE,FALSE,,TRUE
2019-12-09,260790110A,Cajueiro Seco,JABOATÃO DOS GUARARAPES,-8.168,-34.928,18.17024712476,80.9160305343512,40.0763358778626,40.8396946564886,42.3664122137405,0,24,0,0,0,24,70,FALSE,TRUE,TRUE,FALSE,,TRUE
2019-12-10,260790110A,Cajueiro Seco,JABOATÃO DOS GUARARAPES,-8.168,-34.928,18.17024712476,80.9160305343512,40.0763358778626,40.8396946564886,42.3664122137405,0,24,0,0,0,24,60,TRUE,TRUE,TRUE,FALSE,,TRUE
2019-12-11,260790110A,Cajueiro Seco,JABOATÃO DOS GUARARAPES,-8.168,-34.928,18.17024712476,80.9160305343512,40.0763358778626,40.8396946564886,42.3664122137405,0,24,0,0,0,24,60,TRUE,TRUE,TRUE,FALSE,,TRUE
2019-12-12,260790110A,Cajueiro Seco,JABOATÃO DOS GUARARAPES,-8.168,-34.928,18.17024712476,80.9160305343512,40.0763358778626,40.8396946564886,42.3664122137405,0,24,0,0,0,24,90,FALSE,FALSE,TRUE,FALSE,,TRUE
2019-12-13,260790110A,Cajueiro Seco,JABOATÃO DOS GUARARAPES,-8.168,-34.928,18.17024712476,80.9160305343512,40.0763358778626,40.8396946564886,42.3664122137405,0,24,0,0,0,24,80,FALSE,FALSE,TRUE,FALSE,,TRUE
2019-12-14,260790110A,Cajueiro Seco,JABOATÃO DOS GUARARAPES,-8.168,-34.928,18.17024712476,80.9160305343512,40.0763358778626,40.8396946564886,42.3664122137405,0,23,0,0,0,23,170,FALSE,FALSE,FALSE,FALSE,,TRUE
2019-12-15,260790110A,Cajueiro Seco,JABOATÃO DOS GUARARAPES,-8.168,-34.928,18.17024712476,80.9160305343512,40.0763358778626,40.8396946564886,42.3664122137405,3.4,26,0,5,2.2,26,190,FALSE,FALSE,FALSE,FALSE,,TRUE
2019-12-16,260790110A,Cajueiro Seco,JABOATÃO DOS GUARARAPES,-8.168,-34.928,18.17024712476,80.9160305343512,40.0763358778626,40.8396946564886,42.3664122137405,6.2,31,0,10,2.8,31,120,FALSE,FALSE,FALSE,FALSE,,TRUE
2019-12-17,260790110A,Cajueiro Seco,JABOATÃO DOS GUARARAPES,-8.168,-34.928,18.17024712476,80.9160305343512,40.0763358778626,40.8396946564886,42.3664122137405,0.6,25,0,2,0.4,25,80,FALSE,FALSE,TRUE,FALSE,,TRUE
2019-12-18,260790110A,Cajueiro Seco,JABOATÃO DOS GUARARAPES,-8.168,-34.928,18.17024712476,80.9160305343512,40.0763358778626,40.8396946564886,42.3664122137405,0,24,0,0,0,24,100,FALSE,FALSE,FALSE,FALSE,,TRUE
2019-12-19,260790110A,Cajueiro Seco,JABOATÃO DOS GUARARAPES,-8.168,-34.928,18.17024712476,80.9160305343512,40.0763358778626,40.8396946564886,42.3664122137405,2,26,0,2,1.4,26,90,FALSE,FALSE,TRUE,FALSE,,TRUE
2019-12-20,260790110A,Cajueiro Seco,JABOATÃO DOS GUARARAPES,-8.168,-34.928,18.17024712476,80.9160305343512,40.0763358778626,40.8396946564886,42.3664122137405,2,24,0,2,1.8,24,230,FALSE,FALSE,FALSE,FALSE,,TRUE
2019-12-21,260790110A,Cajueiro Seco,JABOATÃO DOS GUARARAPES,-8.168,-34.928,18.17024712476,80.9160305343512,40.0763358778626,40.8396946564886,42.3664122137405,0,24,0,0,0,24,230,FALSE,FALSE,FALSE,FALSE,,TRUE
2019-12-22,260790110A,Cajueiro Seco,JABOATÃO DOS GUARARAPES,-8.168,-34.928,18.17024712476,80.9160305343512,40.0763358778626,40.8396946564886,42.3664122137405,0.2,25,0,1,0.2,25,60,TRUE,TRUE,TRUE,FALSE,,TRUE
2019-12-23,260790110A,Cajueiro Seco,JABOATÃO DOS GUARARAPES,-8.168,-34.928,18.17024712476,80.9160305343512,40.0763358778626,40.8396946564886,42.3664122137405,0,24,0,0,0,24,60,TRUE,TRUE,TRUE,FALSE,,TRUE
2019-12-24,260790110A,Cajueiro Seco,JABOATÃO DOS GUARARAPES,-8.168,-34.928,18.17024712476,80.9160305343512,40.0763358778626,40.8396946564886,42.3664122137405,0,22,0,0,0,22,120,FALSE,FALSE,FALSE,FALSE,,TRUE
2019-12-25,260790110A,Cajueiro Seco,JABOATÃO DOS GUARARAPES,-8.168,-34.928,18.17024712476,80.9160305343512,40.0763358778626,40.8396946564886,42.3664122137405,0,24,0,0,0,24,60,TRUE,TRUE,TRUE,FALSE,,TRUE
2019-12-26,260790110A,Cajueiro Seco,JABOATÃO DOS GUARARAPES,-8.168,-34.928,18.17024712476,80.9160305343512,40.0763358778626,40.8396946564886,42.3664122137405,0,24,0,0,0,24,60,TRUE,TRUE,TRUE,TRUE,64.7619047619048,TRUE
2019-12-27,260790110A,Cajueiro Seco,JABOATÃO DOS GUARARAPES,-8.168,-34.928,18.17024712476,80.9160305343512,40.0763358778626,40.8396946564886,42.3664122137405,0.2,25,0,1,0.2,25,60,TRUE,TRUE,TRUE,TRUE,45.9166666666667,TRUE
2019-12-28,260790110A,Cajueiro Seco,JABOATÃO DOS GUARARAPES,-8.168,-34.928,18.17024712476,80.9160305343512,40.0763358778626,40.8396946564886,42.3664122137405,0,24,0,0,0,24,100,FALSE,FALSE,FALSE,TRUE,44.125,TRUE
2019-12-29,260790110A,Cajueiro Seco,JABOATÃO DOS GUARARAPES,-8.168,-34.928,18.17024712476,80.9160305343512,40.0763358778626,40.8396946564886,42.3664122137405,0,23,0,0,0,23,140,FALSE,FALSE,FALSE,TRUE,43.7083333333333,TRUE
2019-12-30,260790110A,Cajueiro Seco,JABOATÃO DOS GUARARAPES,-8.168,-34.928,18.17024712476,80.9160305343512,40.0763358778626,40.8396946564886,42.3664122137405,0,24,0,0,0,24,140,FALSE,FALSE,FALSE,TRUE,43.4166666666667,TRUE
2019-12-31,260790110A,Cajueiro Seco,JABOATÃO DOS GUARARAPES,-8.168,-34.928,18.17024712476,80.9160305343512,40.0763358778626,40.8396946564886,42.3664122137405,0.6,26,0,2,0.4,26,80,FALSE,FALSE,TRUE,TRUE,53.4583333333333,TRUE
2019-01-01,260790101A,Muribeca,JABOATÃO DOS GUARARAPES,-8.157,-34.968,19.1679603398448,88.1679389312977,69.0839694656489,72.1374045801527,75.5725190839695,0,24,0,0,0,24,60,TRUE,TRUE,TRUE,TRUE,89.2380952380952,TRUE
2019-01-02,260790101A,Muribeca,JABOATÃO DOS GUARARAPES,-8.157,-34.968,19.1679603398448,88.1679389312977,69.0839694656489,72.1374045801527,75.5725190839695,0,24,0,0,0,24,60,TRUE,TRUE,TRUE,TRUE,76,TRUE
2019-01-03,260790101A,Muribeca,JABOATÃO DOS GUARARAPES,-8.157,-34.968,19.1679603398448,88.1679389312977,69.0839694656489,72.1374045801527,75.5725190839695,0,24,0,0,0,24,60,TRUE,TRUE,TRUE,TRUE,52.1666666666667,TRUE
2019-01-04,260790101A,Muribeca,JABOATÃO DOS GUARARAPES,-8.157,-34.968,19.1679603398448,88.1679389312977,69.0839694656489,72.1374045801527,75.5725190839695,0,24,0,0,0,24,60,TRUE,TRUE,TRUE,TRUE,57.5,TRUE
2019-01-05,260790101A,Muribeca,JABOATÃO DOS GUARARAPES,-8.157,-34.968,19.1679603398448,88.1679389312977,69.0839694656489,72.1374045801527,75.5725190839695,0,24,0,0,0,24,60,TRUE,TRUE,TRUE,TRUE,50.4583333333333,TRUE
2019-01-06,260790101A,Muribeca,JABOATÃO DOS GUARARAPES,-8.157,-34.968,19.1679603398448,88.1679389312977,69.0839694656489,72.1374045801527,75.5725190839695,2.59,28,0,5,1.18,28,60,TRUE,TRUE,TRUE,TRUE,29.9583333333333,TRUE
2019-01-07,260790101A,Muribeca,JABOATÃO DOS GUARARAPES,-8.157,-34.968,19.1679603398448,88.1679389312977,69.0839694656489,72.1374045801527,75.5725190839695,9.64,30,0,8,3.54,30,60,TRUE,TRUE,TRUE,TRUE,23.7619047619048,TRUE
2019-01-08,260790101A,Muribeca,JABOATÃO DOS GUARARAPES,-8.157,-34.968,19.1679603398448,88.1679389312977,69.0839694656489,72.1374045801527,75.5725190839695,0.99,28,0,4,0.39,28,60,TRUE,TRUE,TRUE,TRUE,42.5416666666667,TRUE
2019-01-09,260790101A,Muribeca,JABOATÃO DOS GUARARAPES,-8.157,-34.968,19.1679603398448,88.1679389312977,69.0839694656489,72.1374045801527,75.5725190839695,0,24,0,0,0,24,60,TRUE,TRUE,TRUE,TRUE,41.9166666666667,TRUE
2019-01-10,260790101A,Muribeca,JABOATÃO DOS GUARARAPES,-8.157,-34.968,19.1679603398448,88.1679389312977,69.0839694656489,72.1374045801527,75.5725190839695,0.39,25,0,1,0.39,25,60,TRUE,TRUE,TRUE,TRUE,37.6666666666667,TRUE
2019-01-11,260790101A,Muribeca,JABOATÃO DOS GUARARAPES,-8.157,-34.968,19.1679603398448,88.1679389312977,69.0839694656489,72.1374045801527,75.5725190839695,0.4,26,0,2,0.2,26,60,TRUE,TRUE,TRUE,TRUE,38.7272727272727,TRUE
2019-01-12,260790101A,Muribeca,JABOATÃO DOS GUARARAPES,-8.157,-34.968,19.1679603398448,88.1679389312977,69.0839694656489,72.1374045801527,75.5725190839695,13.29,42,0,25,2.95,42,120,FALSE,FALSE,FALSE,TRUE,14.8333333333333,TRUE
2019-01-13,260790101A,Muribeca,JABOATÃO DOS GUARARAPES,-8.157,-34.968,19.1679603398448,88.1679389312977,69.0839694656489,72.1374045801527,75.5725190839695,0.4,26,0,2,0.2,26,60,TRUE,TRUE,TRUE,TRUE,29.6666666666667,TRUE
2019-01-14,260790101A,Muribeca,JABOATÃO DOS GUARARAPES,-8.157,-34.968,19.1679603398448,88.1679389312977,69.0839694656489,72.1374045801527,75.5725190839695,1.78,26,0,2,1.58,26,60,TRUE,TRUE,TRUE,TRUE,36.3333333333333,TRUE
2019-01-15,260790101A,Muribeca,JABOATÃO DOS GUARARAPES,-8.157,-34.968,19.1679603398448,88.1679389312977,69.0839694656489,72.1374045801527,75.5725190839695,0.2,25,0,1,0.2,25,60,TRUE,TRUE,TRUE,TRUE,37.695652173913,TRUE
2019-01-16,260790101A,Muribeca,JABOATÃO DOS GUARARAPES,-8.157,-34.968,19.1679603398448,88.1679389312977,69.0839694656489,72.1374045801527,75.5725190839695,0.99,25,0,2,0.79,25,60,TRUE,TRUE,TRUE,TRUE,32.9583333333333,TRUE
2019-01-17,260790101A,Muribeca,JABOATÃO DOS GUARARAPES,-8.157,-34.968,19.1679603398448,88.1679389312977,69.0839694656489,72.1374045801527,75.5725190839695,0,24,0,0,0,24,60,TRUE,TRUE,TRUE,TRUE,24.8333333333333,TRUE
2019-01-18,260790101A,Muribeca,JABOATÃO DOS GUARARAPES,-8.157,-34.968,19.1679603398448,88.1679389312977,69.0839694656489,72.1374045801527,75.5725190839695,2.2,27,0,3,1.58,27,60,TRUE,TRUE,TRUE,TRUE,32.9166666666667,TRUE
2019-01-19,260790101A,Muribeca,JABOATÃO DOS GUARARAPES,-8.157,-34.968,19.1679603398448,88.1679389312977,69.0839694656489,72.1374045801527,75.5725190839695,1.18,26,0,2,0.98,26,60,TRUE,TRUE,TRUE,TRUE,34.7916666666667,TRUE
2019-01-20,260790101A,Muribeca,JABOATÃO DOS GUARARAPES,-8.157,-34.968,19.1679603398448,88.1679389312977,69.0839694656489,72.1374045801527,75.5725190839695,4.78,26,0,3,3.79,26,60,TRUE,TRUE,TRUE,TRUE,34.125,TRUE
2019-01-21,260790101A,Muribeca,JABOATÃO DOS GUARARAPES,-8.157,-34.968,19.1679603398448,88.1679389312977,69.0839694656489,72.1374045801527,75.5725190839695,0,24,0,0,0,24,60,TRUE,TRUE,TRUE,TRUE,38.8333333333333,TRUE
2019-01-22,260790101A,Muribeca,JABOATÃO DOS GUARARAPES,-8.157,-34.968,19.1679603398448,88.1679389312977,69.0839694656489,72.1374045801527,75.5725190839695,3.94,29,0,5,1.77,29,60,TRUE,TRUE,TRUE,TRUE,25.6363636363636,TRUE
2019-01-23,260790101A,Muribeca,JABOATÃO DOS GUARARAPES,-8.157,-34.968,19.1679603398448,88.1679389312977,69.0839694656489,72.1374045801527,75.5725190839695,0.81,26,0,2,0.42,26,60,TRUE,TRUE,TRUE,TRUE,33.7916666666667,TRUE
2019-01-24,260790101A,Muribeca,JABOATÃO DOS GUARARAPES,-8.157,-34.968,19.1679603398448,88.1679389312977,69.0839694656489,72.1374045801527,75.5725190839695,0,24,0,0,0,24,60,TRUE,TRUE,TRUE,TRUE,38.6666666666667,TRUE
2019-01-25,260790101A,Muribeca,JABOATÃO DOS GUARARAPES,-8.157,-34.968,19.1679603398448,88.1679389312977,69.0839694656489,72.1374045801527,75.5725190839695,0.2,25,0,1,0.2,25,60,TRUE,TRUE,TRUE,TRUE,38.6666666666667,TRUE
2019-01-26,260790101A,Muribeca,JABOATÃO DOS GUARARAPES,-8.157,-34.968,19.1679603398448,88.1679389312977,69.0839694656489,72.1374045801527,75.5725190839695,0.2,24,0,1,0.2,24,60,TRUE,TRUE,TRUE,TRUE,44.7083333333333,TRUE
2019-01-27,260790101A,Muribeca,JABOATÃO DOS GUARARAPES,-8.157,-34.968,19.1679603398448,88.1679389312977,69.0839694656489,72.1374045801527,75.5725190839695,0,24,0,0,0,24,60,TRUE,TRUE,TRUE,TRUE,40.5,TRUE
2019-01-28,260790101A,Muribeca,JABOATÃO DOS GUARARAPES,-8.157,-34.968,19.1679603398448,88.1679389312977,69.0839694656489,72.1374045801527,75.5725190839695,49.43,50,0,33,11.18,50,70,FALSE,TRUE,TRUE,TRUE,22.25,TRUE
2019-01-29,260790101A,Muribeca,JABOATÃO DOS GUARARAPES,-8.157,-34.968,19.1679603398448,88.1679389312977,69.0839694656489,72.1374045801527,75.5725190839695,0.4,25,0,2,0.2,25,80,FALSE,FALSE,TRUE,TRUE,26.4782608695652,TRUE
2019-01-30,260790101A,Muribeca,JABOATÃO DOS GUARARAPES,-8.157,-34.968,19.1679603398448,88.1679389312977,69.0839694656489,72.1374045801527,75.5725190839695,0,24,0,0,0,24,60,TRUE,TRUE,TRUE,TRUE,30.9166666666667,TRUE
2019-01-31,260790101A,Muribeca,JABOATÃO DOS GUARARAPES,-8.157,-34.968,19.1679603398448,88.1679389312977,69.0839694656489,72.1374045801527,75.5725190839695,0.59,25,1,1,0.59,24,60,TRUE,TRUE,TRUE,TRUE,37,TRUE
2019-02-01,260790101A,Muribeca,JABOATÃO DOS GUARARAPES,-8.157,-34.968,19.1679603398448,88.1679389312977,69.0839694656489,72.1374045801527,75.5725190839695,0,24,0,0,0,25,60,TRUE,TRUE,TRUE,TRUE,32.75,TRUE
2019-02-02,260790101A,Muribeca,JABOATÃO DOS GUARARAPES,-8.157,-34.968,19.1679603398448,88.1679389312977,69.0839694656489,72.1374045801527,75.5725190839695,9.29,32,0,9,2.76,32,60,TRUE,TRUE,TRUE,TRUE,30.5416666666667,TRUE
2019-02-03,260790101A,Muribeca,JABOATÃO DOS GUARARAPES,-8.157,-34.968,19.1679603398448,88.1679389312977,69.0839694656489,72.1374045801527,75.5725190839695,30.49,43,0,23,7.91,43,60,TRUE,TRUE,TRUE,TRUE,15.2083333333333,TRUE
2019-02-04,260790101A,Muribeca,JABOATÃO DOS GUARARAPES,-8.157,-34.968,19.1679603398448,88.1679389312977,69.0839694656489,72.1374045801527,75.5725190839695,6.01,37,0,17,0.79,37,60,TRUE,TRUE,TRUE,TRUE,16.8333333333333,TRUE
2019-02-05,260790101A,Muribeca,JABOATÃO DOS GUARARAPES,-8.157,-34.968,19.1679603398448,88.1679389312977,69.0839694656489,72.1374045801527,75.5725190839695,36.9,33,0,16,9.98,33,270,FALSE,FALSE,FALSE,TRUE,16,TRUE
2019-02-06,260790101A,Muribeca,JABOATÃO DOS GUARARAPES,-8.157,-34.968,19.1679603398448,88.1679389312977,69.0839694656489,72.1374045801527,75.5725190839695,30.74,55,0,36,5.51,55,70,FALSE,TRUE,TRUE,TRUE,15.5238095238095,TRUE
2019-02-07,260790101A,Muribeca,JABOATÃO DOS GUARARAPES,-8.157,-34.968,19.1679603398448,88.1679389312977,69.0839694656489,72.1374045801527,75.5725190839695,0,19,0,0,0,19,1420,FALSE,FALSE,FALSE,TRUE,35.25,TRUE
2019-02-08,260790101A,Muribeca,JABOATÃO DOS GUARARAPES,-8.157,-34.968,19.1679603398448,88.1679389312977,69.0839694656489,72.1374045801527,75.5725190839695,0,7,0,0,0,7,1420,FALSE,FALSE,FALSE,TRUE,50.75,TRUE
2019-02-09,260790101A,Muribeca,JABOATÃO DOS GUARARAPES,-8.157,-34.968,19.1679603398448,88.1679389312977,69.0839694656489,72.1374045801527,75.5725190839695,1.39,27,0,4,0.79,27,60,TRUE,TRUE,TRUE,TRUE,54.125,TRUE
2019-02-10,260790101A,Muribeca,JABOATÃO DOS GUARARAPES,-8.157,-34.968,19.1679603398448,88.1679389312977,69.0839694656489,72.1374045801527,75.5725190839695,0,24,0,0,0,24,60,TRUE,TRUE,TRUE,TRUE,46.75,TRUE
2019-02-11,260790101A,Muribeca,JABOATÃO DOS GUARARAPES,-8.157,-34.968,19.1679603398448,88.1679389312977,69.0839694656489,72.1374045801527,75.5725190839695,0.4,26,0,2,0.2,26,60,TRUE,TRUE,TRUE,TRUE,45.875,TRUE
2019-02-12,260790101A,Muribeca,JABOATÃO DOS GUARARAPES,-8.157,-34.968,19.1679603398448,88.1679389312977,69.0839694656489,72.1374045801527,75.5725190839695,0.99,28,0,4,0.39,28,60,TRUE,TRUE,TRUE,TRUE,35.7272727272727,TRUE
2019-02-13,260790101A,Muribeca,JABOATÃO DOS GUARARAPES,-8.157,-34.968,19.1679603398448,88.1679389312977,69.0839694656489,72.1374045801527,75.5725190839695,11.54,49,0,29,1.18,49,60,TRUE,TRUE,TRUE,TRUE,23.625,TRUE
2019-02-14,260790101A,Muribeca,JABOATÃO DOS GUARARAPES,-8.157,-34.968,19.1679603398448,88.1679389312977,69.0839694656489,72.1374045801527,75.5725190839695,0.2,24,0,1,0.2,24,90,FALSE,FALSE,TRUE,TRUE,25.4444444444444,TRUE
2019-02-15,260790101A,Muribeca,JABOATÃO DOS GUARARAPES,-8.157,-34.968,19.1679603398448,88.1679389312977,69.0839694656489,72.1374045801527,75.5725190839695,1.38,25,0,2,1.18,25,60,TRUE,TRUE,TRUE,TRUE,23.2083333333333,TRUE
2019-02-16,260790101A,Muribeca,JABOATÃO DOS GUARARAPES,-8.157,-34.968,19.1679603398448,88.1679389312977,69.0839694656489,72.1374045801527,75.5725190839695,2.96,24,0,5,1.57,24,320,FALSE,FALSE,FALSE,TRUE,24.7083333333333,TRUE
2019-02-17,260790101A,Muribeca,JABOATÃO DOS GUARARAPES,-8.157,-34.968,19.1679603398448,88.1679389312977,69.0839694656489,72.1374045801527,75.5725190839695,5.94,32,0,10,1.77,32,60,TRUE,TRUE,TRUE,TRUE,21.047619047619,TRUE
2019-02-18,260790101A,Muribeca,JABOATÃO DOS GUARARAPES,-8.157,-34.968,19.1679603398448,88.1679389312977,69.0839694656489,72.1374045801527,75.5725190839695,0,24,0,0,0,24,60,TRUE,TRUE,TRUE,TRUE,40.0416666666667,TRUE
2019-02-19,260790101A,Muribeca,JABOATÃO DOS GUARARAPES,-8.157,-34.968,19.1679603398448,88.1679389312977,69.0839694656489,72.1374045801527,75.5725190839695,0,24,0,0,0,24,60,TRUE,TRUE,TRUE,TRUE,42.5833333333333,TRUE
2019-02-20,260790101A,Muribeca,JABOATÃO DOS GUARARAPES,-8.157,-34.968,19.1679603398448,88.1679389312977,69.0839694656489,72.1374045801527,75.5725190839695,0,24,0,0,0,24,60,TRUE,TRUE,TRUE,TRUE,31,TRUE
2019-02-21,260790101A,Muribeca,JABOATÃO DOS GUARARAPES,-8.157,-34.968,19.1679603398448,88.1679389312977,69.0839694656489,72.1374045801527,75.5725190839695,0,24,0,0,0,24,60,TRUE,TRUE,TRUE,TRUE,34.5416666666667,TRUE
2019-02-22,260790101A,Muribeca,JABOATÃO DOS GUARARAPES,-8.157,-34.968,19.1679603398448,88.1679389312977,69.0839694656489,72.1374045801527,75.5725190839695,3.75,29,0,6,1.58,29,60,TRUE,TRUE,TRUE,TRUE,40.1666666666667,TRUE
2019-02-23,260790101A,Muribeca,JABOATÃO DOS GUARARAPES,-8.157,-34.968,19.1679603398448,88.1679389312977,69.0839694656489,72.1374045801527,75.5725190839695,0.4,25,0,2,0.2,25,80,FALSE,FALSE,TRUE,TRUE,45.5416666666667,TRUE
2019-02-24,260790101A,Muribeca,JABOATÃO DOS GUARARAPES,-8.157,-34.968,19.1679603398448,88.1679389312977,69.0839694656489,72.1374045801527,75.5725190839695,1.58,26,0,2,1.38,26,60,TRUE,TRUE,TRUE,TRUE,26.7083333333333,TRUE
2019-02-25,260790101A,Muribeca,JABOATÃO DOS GUARARAPES,-8.157,-34.968,19.1679603398448,88.1679389312977,69.0839694656489,72.1374045801527,75.5725190839695,0,24,0,0,0,24,60,TRUE,TRUE,TRUE,TRUE,43.5416666666667,TRUE
2019-02-26,260790101A,Muribeca,JABOATÃO DOS GUARARAPES,-8.157,-34.968,19.1679603398448,88.1679389312977,69.0839694656489,72.1374045801527,75.5725190839695,0.4,23,0,2,0.2,23,180,FALSE,FALSE,FALSE,FALSE,,TRUE
2019-02-27,260790101A,Muribeca,JABOATÃO DOS GUARARAPES,-8.157,-34.968,19.1679603398448,88.1679389312977,69.0839694656489,72.1374045801527,75.5725190839695,0,24,0,0,0,24,60,TRUE,TRUE,TRUE,FALSE,,TRUE
2019-02-28,260790101A,Muribeca,JABOATÃO DOS GUARARAPES,-8.157,-34.968,19.1679603398448,88.1679389312977,69.0839694656489,72.1374045801527,75.5725190839695,0,24,0,0,0,24,60,TRUE,TRUE,TRUE,FALSE,,TRUE
2019-03-01,260790101A,Muribeca,JABOATÃO DOS GUARARAPES,-8.157,-34.968,19.1679603398448,88.1679389312977,69.0839694656489,72.1374045801527,75.5725190839695,1.18,27,0,3,0.59,27,60,TRUE,TRUE,TRUE,FALSE,,TRUE
2019-03-02,260790101A,Muribeca,JABOATÃO DOS GUARARAPES,-8.157,-34.968,19.1679603398448,88.1679389312977,69.0839694656489,72.1374045801527,75.5725190839695,5.34,28,0,4,2.77,28,60,TRUE,TRUE,TRUE,FALSE,,TRUE
2019-03-03,260790101A,Muribeca,JABOATÃO DOS GUARARAPES,-8.157,-34.968,19.1679603398448,88.1679389312977,69.0839694656489,72.1374045801527,75.5725190839695,4,29,0,7,1.77,29,60,TRUE,TRUE,TRUE,FALSE,,TRUE
2019-03-04,260790101A,Muribeca,JABOATÃO DOS GUARARAPES,-8.157,-34.968,19.1679603398448,88.1679389312977,69.0839694656489,72.1374045801527,75.5725190839695,1.21,28,0,4,0.42,28,60,TRUE,TRUE,TRUE,FALSE,,TRUE
2019-03-05,260790101A,Muribeca,JABOATÃO DOS GUARARAPES,-8.157,-34.968,19.1679603398448,88.1679389312977,69.0839694656489,72.1374045801527,75.5725190839695,20.71,28,0,5,10.78,28,60,TRUE,TRUE,TRUE,FALSE,,TRUE
2019-03-06,260790101A,Muribeca,JABOATÃO DOS GUARARAPES,-8.157,-34.968,19.1679603398448,88.1679389312977,69.0839694656489,72.1374045801527,75.5725190839695,3.95,29,0,5,2.17,29,60,TRUE,TRUE,TRUE,FALSE,,TRUE
2019-03-07,260790101A,Muribeca,JABOATÃO DOS GUARARAPES,-8.157,-34.968,19.1679603398448,88.1679389312977,69.0839694656489,72.1374045801527,75.5725190839695,0,24,0,0,0,24,60,TRUE,TRUE,TRUE,FALSE,,TRUE
2019-03-08,260790101A,Muribeca,JABOATÃO DOS GUARARAPES,-8.157,-34.968,19.1679603398448,88.1679389312977,69.0839694656489,72.1374045801527,75.5725190839695,0.2,25,0,1,0.2,25,60,TRUE,TRUE,TRUE,FALSE,,TRUE
2019-03-09,260790101A,Muribeca,JABOATÃO DOS GUARARAPES,-8.157,-34.968,19.1679603398448,88.1679389312977,69.0839694656489,72.1374045801527,75.5725190839695,0.79,25,0,2,0.59,25,60,TRUE,TRUE,TRUE,FALSE,,TRUE
2019-03-10,260790101A,Muribeca,JABOATÃO DOS GUARARAPES,-8.157,-34.968,19.1679603398448,88.1679389312977,69.0839694656489,72.1374045801527,75.5725190839695,0,24,0,0,0,24,60,TRUE,TRUE,TRUE,FALSE,,TRUE
2019-03-11,260790101A,Muribeca,JABOATÃO DOS GUARARAPES,-8.157,-34.968,19.1679603398448,88.1679389312977,69.0839694656489,72.1374045801527,75.5725190839695,0.2,25,0,1,0.2,25,60,TRUE,TRUE,TRUE,FALSE,,TRUE
2019-03-12,260790101A,Muribeca,JABOATÃO DOS GUARARAPES,-8.157,-34.968,19.1679603398448,88.1679389312977,69.0839694656489,72.1374045801527,75.5725190839695,3.38,28,0,5,1.38,28,60,TRUE,TRUE,TRUE,FALSE,,TRUE
2019-03-13,260790101A,Muribeca,JABOATÃO DOS GUARARAPES,-8.157,-34.968,19.1679603398448,88.1679389312977,69.0839694656489,72.1374045801527,75.5725190839695,2.96,27,0,5,1.18,27,60,TRUE,TRUE,TRUE,FALSE,,TRUE
2019-03-14,260790101A,Muribeca,JABOATÃO DOS GUARARAPES,-8.157,-34.968,19.1679603398448,88.1679389312977,69.0839694656489,72.1374045801527,75.5725190839695,1.18,24,0,2,0.98,24,60,TRUE,TRUE,TRUE,FALSE,,TRUE
2019-03-15,260790101A,Muribeca,JABOATÃO DOS GUARARAPES,-8.157,-34.968,19.1679603398448,88.1679389312977,69.0839694656489,72.1374045801527,75.5725190839695,2.16,25,0,1,2.16,25,60,TRUE,TRUE,TRUE,FALSE,,TRUE
2019-03-16,260790101A,Muribeca,JABOATÃO DOS GUARARAPES,-8.157,-34.968,19.1679603398448,88.1679389312977,69.0839694656489,72.1374045801527,75.5725190839695,0.2,24,0,1,0.2,24,60,TRUE,TRUE,TRUE,FALSE,,TRUE
2019-03-17,260790101A,Muribeca,JABOATÃO DOS GUARARAPES,-8.157,-34.968,19.1679603398448,88.1679389312977,69.0839694656489,72.1374045801527,75.5725190839695,0,24,0,0,0,24,60,TRUE,TRUE,TRUE,FALSE,,TRUE
2019-03-18,260790101A,Muribeca,JABOATÃO DOS GUARARAPES,-8.157,-34.968,19.1679603398448,88.1679389312977,69.0839694656489,72.1374045801527,75.5725190839695,17.37,36,0,16,3.94,36,60,TRUE,TRUE,TRUE,FALSE,,TRUE
2019-03-19,260790101A,Muribeca,JABOATÃO DOS GUARARAPES,-8.157,-34.968,19.1679603398448,88.1679389312977,69.0839694656489,72.1374045801527,75.5725190839695,0,24,0,0,0,24,60,TRUE,TRUE,TRUE,FALSE,,TRUE
2019-03-20,260790101A,Muribeca,JABOATÃO DOS GUARARAPES,-8.157,-34.968,19.1679603398448,88.1679389312977,69.0839694656489,72.1374045801527,75.5725190839695,0,24,0,0,0,24,60,TRUE,TRUE,TRUE,FALSE,,TRUE
2019-03-21,260790101A,Muribeca,JABOATÃO DOS GUARARAPES,-8.157,-34.968,19.1679603398448,88.1679389312977,69.0839694656489,72.1374045801527,75.5725190839695,0,24,0,0,0,24,60,TRUE,TRUE,TRUE,FALSE,,TRUE
2019-03-22,260790101A,Muribeca,JABOATÃO DOS GUARARAPES,-8.157,-34.968,19.1679603398448,88.1679389312977,69.0839694656489,72.1374045801527,75.5725190839695,0,24,0,0,0,24,60,TRUE,TRUE,TRUE,FALSE,,TRUE
2019-03-23,260790101A,Muribeca,JABOATÃO DOS GUARARAPES,-8.157,-34.968,19.1679603398448,88.1679389312977,69.0839694656489,72.1374045801527,75.5725190839695,0,24,0,0,0,24,60,TRUE,TRUE,TRUE,FALSE,,TRUE
2019-03-24,260790101A,Muribeca,JABOATÃO DOS GUARARAPES,-8.157,-34.968,19.1679603398448,88.1679389312977,69.0839694656489,72.1374045801527,75.5725190839695,2.96,26,0,2,2.76,26,60,TRUE,TRUE,TRUE,FALSE,,TRUE
2019-03-25,260790101A,Muribeca,JABOATÃO DOS GUARARAPES,-8.157,-34.968,19.1679603398448,88.1679389312977,69.0839694656489,72.1374045801527,75.5725190839695,0.79,26,0,3,0.39,26,60,TRUE,TRUE,TRUE,FALSE,,TRUE
2019-03-26,260790101A,Muribeca,JABOATÃO DOS GUARARAPES,-8.157,-34.968,19.1679603398448,88.1679389312977,69.0839694656489,72.1374045801527,75.5725190839695,13.62,34,0,12,5.73,34,60,TRUE,TRUE,TRUE,FALSE,,TRUE
2019-03-27,260790101A,Muribeca,JABOATÃO DOS GUARARAPES,-8.157,-34.968,19.1679603398448,88.1679389312977,69.0839694656489,72.1374045801527,75.5725190839695,49.57,36,0,16,16.48,36,60,TRUE,TRUE,TRUE,TRUE,21,TRUE
2019-03-28,260790101A,Muribeca,JABOATÃO DOS GUARARAPES,-8.157,-34.968,19.1679603398448,88.1679389312977,69.0839694656489,72.1374045801527,75.5725190839695,18.98,33,0,13,6.3,33,120,FALSE,FALSE,FALSE,TRUE,40.6521739130435,TRUE
2019-03-29,260790101A,Muribeca,JABOATÃO DOS GUARARAPES,-8.157,-34.968,19.1679603398448,88.1679389312977,69.0839694656489,72.1374045801527,75.5725190839695,10.07,34,0,11,3.54,34,60,TRUE,TRUE,TRUE,TRUE,21.5555555555556,TRUE
2019-03-30,260790101A,Muribeca,JABOATÃO DOS GUARARAPES,-8.157,-34.968,19.1679603398448,88.1679389312977,69.0839694656489,72.1374045801527,75.5725190839695,30.71,37,0,17,6.89,37,60,TRUE,TRUE,TRUE,FALSE,,TRUE
2019-03-31,260790101A,Muribeca,JABOATÃO DOS GUARARAPES,-8.157,-34.968,19.1679603398448,88.1679389312977,69.0839694656489,72.1374045801527,75.5725190839695,2.96,28,0,4,1.18,28,60,TRUE,TRUE,TRUE,FALSE,,TRUE
2019-04-01,260790101A,Muribeca,JABOATÃO DOS GUARARAPES,-8.157,-34.968,19.1679603398448,88.1679389312977,69.0839694656489,72.1374045801527,75.5725190839695,0,24,0,0,0,24,60,TRUE,TRUE,TRUE,FALSE,,TRUE
2019-04-02,260790101A,Muribeca,JABOATÃO DOS GUARARAPES,-8.157,-34.968,19.1679603398448,88.1679389312977,69.0839694656489,72.1374045801527,75.5725190839695,0,24,0,0,0,24,60,TRUE,TRUE,TRUE,TRUE,42.375,TRUE
2019-04-03,260790101A,Muribeca,JABOATÃO DOS GUARARAPES,-8.157,-34.968,19.1679603398448,88.1679389312977,69.0839694656489,72.1374045801527,75.5725190839695,10.53,37,0,17,2,37,60,TRUE,TRUE,TRUE,TRUE,53.2222222222222,TRUE
2019-04-04,260790101A,Muribeca,JABOATÃO DOS GUARARAPES,-8.157,-34.968,19.1679603398448,88.1679389312977,69.0839694656489,72.1374045801527,75.5725190839695,4.73,26,0,3,3.94,26,60,TRUE,TRUE,TRUE,TRUE,51.3684210526316,TRUE
2019-04-05,260790101A,Muribeca,JABOATÃO DOS GUARARAPES,-8.157,-34.968,19.1679603398448,88.1679389312977,69.0839694656489,72.1374045801527,75.5725190839695,0,24,0,0,0,24,60,TRUE,TRUE,TRUE,TRUE,55.5416666666667,TRUE
2019-04-06,260790101A,Muribeca,JABOATÃO DOS GUARARAPES,-8.157,-34.968,19.1679603398448,88.1679389312977,69.0839694656489,72.1374045801527,75.5725190839695,2.75,26,0,3,1.77,26,60,TRUE,TRUE,TRUE,TRUE,70.7916666666667,TRUE
2019-04-07,260790101A,Muribeca,JABOATÃO DOS GUARARAPES,-8.157,-34.968,19.1679603398448,88.1679389312977,69.0839694656489,72.1374045801527,75.5725190839695,4.95,30,0,9,1.39,30,60,TRUE,TRUE,TRUE,TRUE,44.2631578947368,TRUE
2019-04-08,260790101A,Muribeca,JABOATÃO DOS GUARARAPES,-8.157,-34.968,19.1679603398448,88.1679389312977,69.0839694656489,72.1374045801527,75.5725190839695,0.82,26,0,3,0.42,26,60,TRUE,TRUE,TRUE,TRUE,37.5833333333333,TRUE
2019-04-09,260790101A,Muribeca,JABOATÃO DOS GUARARAPES,-8.157,-34.968,19.1679603398448,88.1679389312977,69.0839694656489,72.1374045801527,75.5725190839695,0,24,0,0,0,24,60,TRUE,TRUE,TRUE,TRUE,54.5652173913044,TRUE
2019-04-10,260790101A,Muribeca,JABOATÃO DOS GUARARAPES,-8.157,-34.968,19.1679603398448,88.1679389312977,69.0839694656489,72.1374045801527,75.5725190839695,5.31,27,0,3,4.72,27,60,TRUE,TRUE,TRUE,TRUE,68.7083333333333,TRUE
2019-04-11,260790101A,Muribeca,JABOATÃO DOS GUARARAPES,-8.157,-34.968,19.1679603398448,88.1679389312977,69.0839694656489,72.1374045801527,75.5725190839695,0.2,25,0,1,0.2,25,60,TRUE,TRUE,TRUE,TRUE,49.8333333333333,TRUE
2019-04-12,260790101A,Muribeca,JABOATÃO DOS GUARARAPES,-8.157,-34.968,19.1679603398448,88.1679389312977,69.0839694656489,72.1374045801527,75.5725190839695,23.88,46,0,27,4.92,46,70,FALSE,TRUE,TRUE,TRUE,10.7058823529412,TRUE
2019-04-13,260790101A,Muribeca,JABOATÃO DOS GUARARAPES,-8.157,-34.968,19.1679603398448,88.1679389312977,69.0839694656489,72.1374045801527,75.5725190839695,1.18,24,0,1,1.18,24,60,TRUE,TRUE,TRUE,TRUE,25.95,TRUE
2019-04-14,260790101A,Muribeca,JABOATÃO DOS GUARARAPES,-8.157,-34.968,19.1679603398448,88.1679389312977,69.0839694656489,72.1374045801527,75.5725190839695,0,24,0,0,0,24,60,TRUE,TRUE,TRUE,TRUE,30.7083333333333,TRUE
2019-04-15,260790101A,Muribeca,JABOATÃO DOS GUARARAPES,-8.157,-34.968,19.1679603398448,88.1679389312977,69.0839694656489,72.1374045801527,75.5725190839695,0,24,0,0,0,24,60,TRUE,TRUE,TRUE,TRUE,33.5,TRUE
2019-04-16,260790101A,Muribeca,JABOATÃO DOS GUARARAPES,-8.157,-34.968,19.1679603398448,88.1679389312977,69.0839694656489,72.1374045801527,75.5725190839695,0,24,0,0,0,24,60,TRUE,TRUE,TRUE,TRUE,46.3888888888889,TRUE
2019-04-17,260790101A,Muribeca,JABOATÃO DOS GUARARAPES,-8.157,-34.968,19.1679603398448,88.1679389312977,69.0839694656489,72.1374045801527,75.5725190839695,5.91,29,0,5,3.54,29,60,TRUE,TRUE,TRUE,TRUE,29.8333333333333,TRUE
2019-04-18,260790101A,Muribeca,JABOATÃO DOS GUARARAPES,-8.157,-34.968,19.1679603398448,88.1679389312977,69.0839694656489,72.1374045801527,75.5725190839695,0,24,0,0,0,24,60,TRUE,TRUE,TRUE,TRUE,28.0952380952381,TRUE
2019-04-19,260790101A,Muribeca,JABOATÃO DOS GUARARAPES,-8.157,-34.968,19.1679603398448,88.1679389312977,69.0839694656489,72.1374045801527,75.5725190839695,0,24,0,0,0,24,60,TRUE,TRUE,TRUE,TRUE,25.7916666666667,TRUE
2019-04-20,260790101A,Muribeca,JABOATÃO DOS GUARARAPES,-8.157,-34.968,19.1679603398448,88.1679389312977,69.0839694656489,72.1374045801527,75.5725190839695,21.84,36,0,15,6.1,36,60,TRUE,TRUE,TRUE,FALSE,,TRUE
2019-04-21,260790101A,Muribeca,JABOATÃO DOS GUARARAPES,-8.157,-34.968,19.1679603398448,88.1679389312977,69.0839694656489,72.1374045801527,75.5725190839695,0.2,25,0,1,0.2,25,60,TRUE,TRUE,TRUE,TRUE,35.6,TRUE
2019-04-22,260790101A,Muribeca,JABOATÃO DOS GUARARAPES,-8.157,-34.968,19.1679603398448,88.1679389312977,69.0839694656489,72.1374045801527,75.5725190839695,1.77,28,0,4,0.98,28,60,TRUE,TRUE,TRUE,FALSE,,TRUE
2019-04-23,260790101A,Muribeca,JABOATÃO DOS GUARARAPES,-8.157,-34.968,19.1679603398448,88.1679389312977,69.0839694656489,72.1374045801527,75.5725190839695,8.49,38,0,17,2.16,38,60,TRUE,TRUE,TRUE,TRUE,25.625,TRUE
2019-04-24,260790101A,Muribeca,JABOATÃO DOS GUARARAPES,-8.157,-34.968,19.1679603398448,88.1679389312977,69.0839694656489,72.1374045801527,75.5725190839695,13.35,39,1,21,3.36,38,60,TRUE,TRUE,TRUE,TRUE,15.9375,TRUE
2019-04-25,260790101A,Muribeca,JABOATÃO DOS GUARARAPES,-8.157,-34.968,19.1679603398448,88.1679389312977,69.0839694656489,72.1374045801527,75.5725190839695,4.4,33,0,11,1.18,34,60,TRUE,TRUE,TRUE,FALSE,,TRUE
2019-04-26,260790101A,Muribeca,JABOATÃO DOS GUARARAPES,-8.157,-34.968,19.1679603398448,88.1679389312977,69.0839694656489,72.1374045801527,75.5725190839695,3.38,30,0,7,1.37,30,60,TRUE,TRUE,TRUE,TRUE,25.5217391304348,TRUE
2019-04-27,260790101A,Muribeca,JABOATÃO DOS GUARARAPES,-8.157,-34.968,19.1679603398448,88.1679389312977,69.0839694656489,72.1374045801527,75.5725190839695,0,24,0,0,0,24,60,TRUE,TRUE,TRUE,TRUE,36.7727272727273,TRUE
2019-04-28,260790101A,Muribeca,JABOATÃO DOS GUARARAPES,-8.157,-34.968,19.1679603398448,88.1679389312977,69.0839694656489,72.1374045801527,75.5725190839695,0,24,0,0,0,24,60,TRUE,TRUE,TRUE,TRUE,39.1666666666667,TRUE
2019-04-29,260790101A,Muribeca,JABOATÃO DOS GUARARAPES,-8.157,-34.968,19.1679603398448,88.1679389312977,69.0839694656489,72.1374045801527,75.5725190839695,4.72,31,0,8,1.18,31,60,TRUE,TRUE,TRUE,TRUE,33.5,TRUE
2019-04-30,260790101A,Muribeca,JABOATÃO DOS GUARARAPES,-8.157,-34.968,19.1679603398448,88.1679389312977,69.0839694656489,72.1374045801527,75.5725190839695,5.51,28,0,6,2.56,28,60,TRUE,TRUE,TRUE,TRUE,41.4117647058824,TRUE
2019-05-01,260790101A,Muribeca,JABOATÃO DOS GUARARAPES,-8.157,-34.968,19.1679603398448,88.1679389312977,69.0839694656489,72.1374045801527,75.5725190839695,0.6,26,0,3,0.2,26,60,TRUE,TRUE,TRUE,TRUE,41.125,TRUE
2019-05-02,260790101A,Muribeca,JABOATÃO DOS GUARARAPES,-8.157,-34.968,19.1679603398448,88.1679389312977,69.0839694656489,72.1374045801527,75.5725190839695,0.2,25,0,1,0.2,25,60,TRUE,TRUE,TRUE,TRUE,55,TRUE
2019-05-03,260790101A,Muribeca,JABOATÃO DOS GUARARAPES,-8.157,-34.968,19.1679603398448,88.1679389312977,69.0839694656489,72.1374045801527,75.5725190839695,0,24,0,0,0,24,90,FALSE,FALSE,TRUE,TRUE,62.2916666666667,TRUE
2019-05-04,260790101A,Muribeca,JABOATÃO DOS GUARARAPES,-8.157,-34.968,19.1679603398448,88.1679389312977,69.0839694656489,72.1374045801527,75.5725190839695,0,24,0,0,0,24,60,TRUE,TRUE,TRUE,TRUE,49.2916666666667,TRUE
2019-05-05,260790101A,Muribeca,JABOATÃO DOS GUARARAPES,-8.157,-34.968,19.1679603398448,88.1679389312977,69.0839694656489,72.1374045801527,75.5725190839695,0.79,27,0,3,0.39,27,60,TRUE,TRUE,TRUE,TRUE,41.8333333333333,TRUE
2019-05-06,260790101A,Muribeca,JABOATÃO DOS GUARARAPES,-8.157,-34.968,19.1679603398448,88.1679389312977,69.0839694656489,72.1374045801527,75.5725190839695,0,24,0,0,0,24,60,TRUE,TRUE,TRUE,TRUE,54.3157894736842,TRUE
2019-05-07,260790101A,Muribeca,JABOATÃO DOS GUARARAPES,-8.157,-34.968,19.1679603398448,88.1679389312977,69.0839694656489,72.1374045801527,75.5725190839695,0,20,0,0,0,20,280,FALSE,FALSE,FALSE,TRUE,52.1304347826087,TRUE
2019-05-08,260790101A,Muribeca,JABOATÃO DOS GUARARAPES,-8.157,-34.968,19.1679603398448,88.1679389312977,69.0839694656489,72.1374045801527,75.5725190839695,33.3,37,1,17,12.19,36,60,TRUE,TRUE,TRUE,FALSE,,TRUE
2019-05-09,260790101A,Muribeca,JABOATÃO DOS GUARARAPES,-8.157,-34.968,19.1679603398448,88.1679389312977,69.0839694656489,72.1374045801527,75.5725190839695,42.53,43,0,23,9.79,44,60,TRUE,TRUE,TRUE,TRUE,42.1875,TRUE
2019-05-10,260790101A,Muribeca,JABOATÃO DOS GUARARAPES,-8.157,-34.968,19.1679603398448,88.1679389312977,69.0839694656489,72.1374045801527,75.5725190839695,15.19,30,0,8,10.17,30,60,TRUE,TRUE,TRUE,FALSE,,TRUE
2019-05-11,260790101A,Muribeca,JABOATÃO DOS GUARARAPES,-8.157,-34.968,19.1679603398448,88.1679389312977,69.0839694656489,72.1374045801527,75.5725190839695,0,24,0,0,0,24,60,TRUE,TRUE,TRUE,TRUE,48.3809523809524,TRUE
2019-05-12,260790101A,Muribeca,JABOATÃO DOS GUARARAPES,-8.157,-34.968,19.1679603398448,88.1679389312977,69.0839694656489,72.1374045801527,75.5725190839695,0,24,0,0,0,24,60,TRUE,TRUE,TRUE,TRUE,37.9565217391304,TRUE
2019-05-13,260790101A,Muribeca,JABOATÃO DOS GUARARAPES,-8.157,-34.968,19.1679603398448,88.1679389312977,69.0839694656489,72.1374045801527,75.5725190839695,0,24,0,0,0,24,60,TRUE,TRUE,TRUE,TRUE,95.75,TRUE
2019-05-14,260790101A,Muribeca,JABOATÃO DOS GUARARAPES,-8.157,-34.968,19.1679603398448,88.1679389312977,69.0839694656489,72.1374045801527,75.5725190839695,0,24,0,0,0,24,60,TRUE,TRUE,TRUE,TRUE,104.0625,TRUE
2019-05-15,260790101A,Muribeca,JABOATÃO DOS GUARARAPES,-8.157,-34.968,19.1679603398448,88.1679389312977,69.0839694656489,72.1374045801527,75.5725190839695,1.8,27,0,3,1.18,27,60,TRUE,TRUE,TRUE,TRUE,72.5833333333333,TRUE
2019-05-16,260790101A,Muribeca,JABOATÃO DOS GUARARAPES,-8.157,-34.968,19.1679603398448,88.1679389312977,69.0839694656489,72.1374045801527,75.5725190839695,0.4,26,0,2,0.2,26,60,TRUE,TRUE,TRUE,TRUE,57.8333333333333,TRUE
2019-05-17,260790101A,Muribeca,JABOATÃO DOS GUARARAPES,-8.157,-34.968,19.1679603398448,88.1679389312977,69.0839694656489,72.1374045801527,75.5725190839695,5.92,30,0,6,2.17,30,60,TRUE,TRUE,TRUE,TRUE,49.0909090909091,TRUE
2019-05-18,260790101A,Muribeca,JABOATÃO DOS GUARARAPES,-8.157,-34.968,19.1679603398448,88.1679389312977,69.0839694656489,72.1374045801527,75.5725190839695,1.99,24,0,2,1.79,24,80,FALSE,FALSE,TRUE,TRUE,43.0909090909091,TRUE
2019-05-19,260790101A,Muribeca,JABOATÃO DOS GUARARAPES,-8.157,-34.968,19.1679603398448,88.1679389312977,69.0839694656489,72.1374045801527,75.5725190839695,21.06,43,0,20,6.3,43,60,TRUE,TRUE,TRUE,TRUE,22.3529411764706,TRUE
2019-05-20,260790101A,Muribeca,JABOATÃO DOS GUARARAPES,-8.157,-34.968,19.1679603398448,88.1679389312977,69.0839694656489,72.1374045801527,75.5725190839695,11.47,39,0,18,1.57,39,60,TRUE,TRUE,TRUE,TRUE,24.9047619047619,TRUE
2019-05-21,260790101A,Muribeca,JABOATÃO DOS GUARARAPES,-8.157,-34.968,19.1679603398448,88.1679389312977,69.0839694656489,72.1374045801527,75.5725190839695,34.53,40,0,19,6.91,40,60,TRUE,TRUE,TRUE,FALSE,,TRUE
2019-05-22,260790101A,Muribeca,JABOATÃO DOS GUARARAPES,-8.157,-34.968,19.1679603398448,88.1679389312977,69.0839694656489,72.1374045801527,75.5725190839695,0,24,0,0,0,24,90,FALSE,FALSE,TRUE,TRUE,63.5,TRUE
2019-05-23,260790101A,Muribeca,JABOATÃO DOS GUARARAPES,-8.157,-34.968,19.1679603398448,88.1679389312977,69.0839694656489,72.1374045801527,75.5725190839695,0.82,27,0,3,0.42,27,60,TRUE,TRUE,TRUE,TRUE,42.4166666666667,TRUE
2019-05-24,260790101A,Muribeca,JABOATÃO DOS GUARARAPES,-8.157,-34.968,19.1679603398448,88.1679389312977,69.0839694656489,72.1374045801527,75.5725190839695,0.62,26,0,2,0.42,26,60,TRUE,TRUE,TRUE,TRUE,47.6666666666667,TRUE
2019-05-25,260790101A,Muribeca,JABOATÃO DOS GUARARAPES,-8.157,-34.968,19.1679603398448,88.1679389312977,69.0839694656489,72.1374045801527,75.5725190839695,0.59,25,0,1,0.59,25,60,TRUE,TRUE,TRUE,TRUE,50.6666666666667,TRUE
2019-05-26,260790101A,Muribeca,JABOATÃO DOS GUARARAPES,-8.157,-34.968,19.1679603398448,88.1679389312977,69.0839694656489,72.1374045801527,75.5725190839695,6.13,33,0,10,1.18,33,60,TRUE,TRUE,TRUE,TRUE,30,TRUE
2019-05-27,260790101A,Muribeca,JABOATÃO DOS GUARARAPES,-8.157,-34.968,19.1679603398448,88.1679389312977,69.0839694656489,72.1374045801527,75.5725190839695,29.5,43,0,26,9.55,43,120,FALSE,FALSE,FALSE,TRUE,32.0588235294118,TRUE
2019-05-28,260790101A,Muribeca,JABOATÃO DOS GUARARAPES,-8.157,-34.968,19.1679603398448,88.1679389312977,69.0839694656489,72.1374045801527,75.5725190839695,7.88,31,0,10,2.56,31,60,TRUE,TRUE,TRUE,TRUE,51.2857142857143,TRUE
2019-05-29,260790101A,Muribeca,JABOATÃO DOS GUARARAPES,-8.157,-34.968,19.1679603398448,88.1679389312977,69.0839694656489,72.1374045801527,75.5725190839695,5.74,31,0,10,1.38,31,60,TRUE,TRUE,TRUE,TRUE,20.95,TRUE
2019-05-30,260790101A,Muribeca,JABOATÃO DOS GUARARAPES,-8.157,-34.968,19.1679603398448,88.1679389312977,69.0839694656489,72.1374045801527,75.5725190839695,2.57,27,0,5,1.38,27,60,TRUE,TRUE,TRUE,TRUE,31.8333333333333,TRUE
2019-05-31,260790101A,Muribeca,JABOATÃO DOS GUARARAPES,-8.157,-34.968,19.1679603398448,88.1679389312977,69.0839694656489,72.1374045801527,75.5725190839695,1.42,30,0,6,0.42,30,60,TRUE,TRUE,TRUE,TRUE,38.5416666666667,TRUE
2019-06-01,260790101A,Muribeca,JABOATÃO DOS GUARARAPES,-8.157,-34.968,19.1679603398448,88.1679389312977,69.0839694656489,72.1374045801527,75.5725190839695,0,23,0,0,0,23,120,FALSE,FALSE,FALSE,TRUE,42.2222222222222,TRUE
2019-06-02,260790101A,Muribeca,JABOATÃO DOS GUARARAPES,-8.157,-34.968,19.1679603398448,88.1679389312977,69.0839694656489,72.1374045801527,75.5725190839695,0,24,0,0,0,24,60,TRUE,TRUE,TRUE,TRUE,40.0833333333333,TRUE
2019-06-03,260790101A,Muribeca,JABOATÃO DOS GUARARAPES,-8.157,-34.968,19.1679603398448,88.1679389312977,69.0839694656489,72.1374045801527,75.5725190839695,0.2,15,0,1,0.2,15,23200,FALSE,FALSE,FALSE,TRUE,34.9047619047619,TRUE
2019-06-04,260790101A,Muribeca,JABOATÃO DOS GUARARAPES,-8.157,-34.968,19.1679603398448,88.1679389312977,69.0839694656489,72.1374045801527,75.5725190839695,,,,,,0,,FALSE,FALSE,FALSE,TRUE,40.1578947368421,FALSE
2019-06-05,260790101A,Muribeca,JABOATÃO DOS GUARARAPES,-8.157,-34.968,19.1679603398448,88.1679389312977,69.0839694656489,72.1374045801527,75.5725190839695,,,,,,0,,FALSE,FALSE,FALSE,TRUE,29.35,FALSE
2019-06-06,260790101A,Muribeca,JABOATÃO DOS GUARARAPES,-8.157,-34.968,19.1679603398448,88.1679389312977,69.0839694656489,72.1374045801527,75.5725190839695,,,,,,0,,FALSE,FALSE,FALSE,TRUE,37.1111111111111,FALSE
2019-06-07,260790101A,Muribeca,JABOATÃO DOS GUARARAPES,-8.157,-34.968,19.1679603398448,88.1679389312977,69.0839694656489,72.1374045801527,75.5725190839695,,,,,,0,,FALSE,FALSE,FALSE,TRUE,49.5263157894737,FALSE
2019-06-08,260790101A,Muribeca,JABOATÃO DOS GUARARAPES,-8.157,-34.968,19.1679603398448,88.1679389312977,69.0839694656489,72.1374045801527,75.5725190839695,,,,,,0,,FALSE,FALSE,FALSE,TRUE,42.8571428571429,FALSE
2019-06-09,260790101A,Muribeca,JABOATÃO DOS GUARARAPES,-8.157,-34.968,19.1679603398448,88.1679389312977,69.0839694656489,72.1374045801527,75.5725190839695,,,,,,0,,FALSE,FALSE,FALSE,TRUE,37.1176470588235,FALSE
2019-06-10,260790101A,Muribeca,JABOATÃO DOS GUARARAPES,-8.157,-34.968,19.1679603398448,88.1679389312977,69.0839694656489,72.1374045801527,75.5725190839695,,,,,,0,,FALSE,FALSE,FALSE,TRUE,37.8333333333333,FALSE
2019-06-11,260790101A,Muribeca,JABOATÃO DOS GUARARAPES,-8.157,-34.968,19.1679603398448,88.1679389312977,69.0839694656489,72.1374045801527,75.5725190839695,,,,,,0,,FALSE,FALSE,FALSE,TRUE,41.1666666666667,FALSE
2019-06-12,260790101A,Muribeca,JABOATÃO DOS GUARARAPES,-8.157,-34.968,19.1679603398448,88.1679389312977,69.0839694656489,72.1374045801527,75.5725190839695,,,,,,0,,FALSE,FALSE,FALSE,TRUE,32.625,FALSE
2019-06-13,260790101A,Muribeca,JABOATÃO DOS GUARARAPES,-8.157,-34.968,19.1679603398448,88.1679389312977,69.0839694656489,72.1374045801527,75.5725190839695,,,,,,0,,FALSE,FALSE,FALSE,TRUE,26.25,FALSE
2019-06-14,260790101A,Muribeca,JABOATÃO DOS GUARARAPES,-8.157,-34.968,19.1679603398448,88.1679389312977,69.0839694656489,72.1374045801527,75.5725190839695,,,,,,0,,FALSE,FALSE,FALSE,TRUE,51.7083333333333,FALSE
2019-06-15,260790101A,Muribeca,JABOATÃO DOS GUARARAPES,-8.157,-34.968,19.1679603398448,88.1679389312977,69.0839694656489,72.1374045801527,75.5725190839695,,,,,,0,,FALSE,FALSE,FALSE,TRUE,41.2083333333333,FALSE
2019-06-16,260790101A,Muribeca,JABOATÃO DOS GUARARAPES,-8.157,-34.968,19.1679603398448,88.1679389312977,69.0839694656489,72.1374045801527,75.5725190839695,,,,,,0,,FALSE,FALSE,FALSE,TRUE,20.7647058823529,FALSE
2019-06-17,260790101A,Muribeca,JABOATÃO DOS GUARARAPES,-8.157,-34.968,19.1679603398448,88.1679389312977,69.0839694656489,72.1374045801527,75.5725190839695,,,,,,0,,FALSE,FALSE,FALSE,FALSE,,FALSE
2019-06-18,260790101A,Muribeca,JABOATÃO DOS GUARARAPES,-8.157,-34.968,19.1679603398448,88.1679389312977,69.0839694656489,72.1374045801527,75.5725190839695,,,,,,0,,FALSE,FALSE,FALSE,TRUE,24.6363636363636,FALSE
2019-06-19,260790101A,Muribeca,JABOATÃO DOS GUARARAPES,-8.157,-34.968,19.1679603398448,88.1679389312977,69.0839694656489,72.1374045801527,75.5725190839695,4.96,17,0,9,1.77,17,23200,FALSE,FALSE,FALSE,TRUE,19.4166666666667,TRUE
2019-06-20,260790101A,Muribeca,JABOATÃO DOS GUARARAPES,-8.157,-34.968,19.1679603398448,88.1679389312977,69.0839694656489,72.1374045801527,75.5725190839695,0.2,25,0,1,0.2,25,60,TRUE,TRUE,TRUE,TRUE,33.7826086956522,TRUE
2019-06-21,260790101A,Muribeca,JABOATÃO DOS GUARARAPES,-8.157,-34.968,19.1679603398448,88.1679389312977,69.0839694656489,72.1374045801527,75.5725190839695,0,24,0,0,0,24,60,TRUE,TRUE,TRUE,TRUE,45,TRUE
2019-06-22,260790101A,Muribeca,JABOATÃO DOS GUARARAPES,-8.157,-34.968,19.1679603398448,88.1679389312977,69.0839694656489,72.1374045801527,75.5725190839695,0.62,25,0,2,0.42,25,60,TRUE,TRUE,TRUE,TRUE,53.2083333333333,TRUE
2019-06-23,260790101A,Muribeca,JABOATÃO DOS GUARARAPES,-8.157,-34.968,19.1679603398448,88.1679389312977,69.0839694656489,72.1374045801527,75.5725190839695,1.97,26,0,2,1.77,26,60,TRUE,TRUE,TRUE,TRUE,63,TRUE
2019-06-24,260790101A,Muribeca,JABOATÃO DOS GUARARAPES,-8.157,-34.968,19.1679603398448,88.1679389312977,69.0839694656489,72.1374045801527,75.5725190839695,2.96,30,0,7,0.98,30,60,TRUE,TRUE,TRUE,TRUE,58.4166666666667,TRUE
2019-06-25,260790101A,Muribeca,JABOATÃO DOS GUARARAPES,-8.157,-34.968,19.1679603398448,88.1679389312977,69.0839694656489,72.1374045801527,75.5725190839695,5.74,34,0,11,1.37,34,60,TRUE,TRUE,TRUE,TRUE,43.75,TRUE
2019-06-26,260790101A,Muribeca,JABOATÃO DOS GUARARAPES,-8.157,-34.968,19.1679603398448,88.1679389312977,69.0839694656489,72.1374045801527,75.5725190839695,12.47,39,0,17,3.15,39,60,TRUE,TRUE,TRUE,TRUE,27.1818181818182,TRUE
2019-06-27,260790101A,Muribeca,JABOATÃO DOS GUARARAPES,-8.157,-34.968,19.1679603398448,88.1679389312977,69.0839694656489,72.1374045801527,75.5725190839695,16.21,42,0,21,2.95,42,60,TRUE,TRUE,TRUE,TRUE,35.5238095238095,TRUE
2019-06-28,260790101A,Muribeca,JABOATÃO DOS GUARARAPES,-8.157,-34.968,19.1679603398448,88.1679389312977,69.0839694656489,72.1374045801527,75.5725190839695,12.29,39,1,18,2.16,38,60,TRUE,TRUE,TRUE,TRUE,37.4782608695652,TRUE
2019-06-29,260790101A,Muribeca,JABOATÃO DOS GUARARAPES,-8.157,-34.968,19.1679603398448,88.1679389312977,69.0839694656489,72.1374045801527,75.5725190839695,6.33,29,0,8,2.76,30,70,FALSE,TRUE,TRUE,TRUE,33.9583333333333,TRUE
2019-06-30,260790101A,Muribeca,JABOATÃO DOS GUARARAPES,-8.157,-34.968,19.1679603398448,88.1679389312977,69.0839694656489,72.1374045801527,75.5725190839695,8.49,33,0,13,1.57,33,70,FALSE,TRUE,TRUE,TRUE,30.875,TRUE
2019-07-01,260790101A,Muribeca,JABOATÃO DOS GUARARAPES,-8.157,-34.968,19.1679603398448,88.1679389312977,69.0839694656489,72.1374045801527,75.5725190839695,4,32,0,9,1.38,32,60,TRUE,TRUE,TRUE,TRUE,49.5416666666667,TRUE
2019-07-02,260790101A,Muribeca,JABOATÃO DOS GUARARAPES,-8.157,-34.968,19.1679603398448,88.1679389312977,69.0839694656489,72.1374045801527,75.5725190839695,0,24,0,0,0,24,60,TRUE,TRUE,TRUE,TRUE,53.875,TRUE
2019-07-03,260790101A,Muribeca,JABOATÃO DOS GUARARAPES,-8.157,-34.968,19.1679603398448,88.1679389312977,69.0839694656489,72.1374045801527,75.5725190839695,15.15,40,0,19,3.54,40,60,TRUE,TRUE,TRUE,TRUE,18.0454545454545,TRUE
2019-07-04,260790101A,Muribeca,JABOATÃO DOS GUARARAPES,-8.157,-34.968,19.1679603398448,88.1679389312977,69.0839694656489,72.1374045801527,75.5725190839695,8.1,28,0,4,6.13,28,60,TRUE,TRUE,TRUE,TRUE,39.2083333333333,TRUE
2019-07-05,260790101A,Muribeca,JABOATÃO DOS GUARARAPES,-8.157,-34.968,19.1679603398448,88.1679389312977,69.0839694656489,72.1374045801527,75.5725190839695,0.2,25,0,1,0.2,25,60,TRUE,TRUE,TRUE,TRUE,73.6666666666667,TRUE
2019-07-06,260790101A,Muribeca,JABOATÃO DOS GUARARAPES,-8.157,-34.968,19.1679603398448,88.1679389312977,69.0839694656489,72.1374045801527,75.5725190839695,0,24,0,0,0,24,60,TRUE,TRUE,TRUE,TRUE,60.6666666666667,TRUE
2019-07-07,260790101A,Muribeca,JABOATÃO DOS GUARARAPES,-8.157,-34.968,19.1679603398448,88.1679389312977,69.0839694656489,72.1374045801527,75.5725190839695,0,24,0,0,0,24,60,TRUE,TRUE,TRUE,TRUE,49.5416666666667,TRUE
2019-07-08,260790101A,Muribeca,JABOATÃO DOS GUARARAPES,-8.157,-34.968,19.1679603398448,88.1679389312977,69.0839694656489,72.1374045801527,75.5725190839695,0.42,25,0,1,0.42,25,60,TRUE,TRUE,TRUE,TRUE,33.0952380952381,TRUE
2019-07-09,260790101A,Muribeca,JABOATÃO DOS GUARARAPES,-8.157,-34.968,19.1679603398448,88.1679389312977,69.0839694656489,72.1374045801527,75.5725190839695,0,24,0,0,0,24,60,TRUE,TRUE,TRUE,TRUE,44.3333333333333,TRUE
2019-07-10,260790101A,Muribeca,JABOATÃO DOS GUARARAPES,-8.157,-34.968,19.1679603398448,88.1679389312977,69.0839694656489,72.1374045801527,75.5725190839695,14.57,41,0,19,2.17,41,60,TRUE,TRUE,TRUE,TRUE,39.9166666666667,TRUE
2019-07-11,260790101A,Muribeca,JABOATÃO DOS GUARARAPES,-8.157,-34.968,19.1679603398448,88.1679389312977,69.0839694656489,72.1374045801527,75.5725190839695,4.61,29,0,6,3.17,29,120,FALSE,FALSE,FALSE,TRUE,35.6666666666667,TRUE
2019-07-12,260790101A,Muribeca,JABOATÃO DOS GUARARAPES,-8.157,-34.968,19.1679603398448,88.1679389312977,69.0839694656489,72.1374045801527,75.5725190839695,0,24,0,0,0,24,60,TRUE,TRUE,TRUE,TRUE,65.0833333333333,TRUE
2019-07-13,260790101A,Muribeca,JABOATÃO DOS GUARARAPES,-8.157,-34.968,19.1679603398448,88.1679389312977,69.0839694656489,72.1374045801527,75.5725190839695,20.77,40,1,19,4.92,39,60,TRUE,TRUE,TRUE,TRUE,21.6190476190476,TRUE
2019-07-14,260790101A,Muribeca,JABOATÃO DOS GUARARAPES,-8.157,-34.968,19.1679603398448,88.1679389312977,69.0839694656489,72.1374045801527,75.5725190839695,58.29,62,0,45,3.55,63,60,TRUE,TRUE,TRUE,FALSE,,TRUE
2019-07-15,260790101A,Muribeca,JABOATÃO DOS GUARARAPES,-8.157,-34.968,19.1679603398448,88.1679389312977,69.0839694656489,72.1374045801527,75.5725190839695,0.2,16,0,1,0.2,16,4830,FALSE,FALSE,FALSE,TRUE,40.8260869565217,TRUE
2019-07-16,260790101A,Muribeca,JABOATÃO DOS GUARARAPES,-8.157,-34.968,19.1679603398448,88.1679389312977,69.0839694656489,72.1374045801527,75.5725190839695,,,,,,0,,FALSE,FALSE,FALSE,TRUE,71.4166666666667,FALSE
2019-07-17,260790101A,Muribeca,JABOATÃO DOS GUARARAPES,-8.157,-34.968,19.1679603398448,88.1679389312977,69.0839694656489,72.1374045801527,75.5725190839695,,,,,,0,,FALSE,FALSE,FALSE,TRUE,54.125,FALSE
2019-07-18,260790101A,Muribeca,JABOATÃO DOS GUARARAPES,-8.157,-34.968,19.1679603398448,88.1679389312977,69.0839694656489,72.1374045801527,75.5725190839695,2.76,1,1,1,2.76,0,,FALSE,FALSE,FALSE,TRUE,40.1666666666667,TRUE
2019-07-19,260790101A,Muribeca,JABOATÃO DOS GUARARAPES,-8.157,-34.968,19.1679603398448,88.1679389312977,69.0839694656489,72.1374045801527,75.5725190839695,10.66,19,0,19,1.77,20,4830,FALSE,FALSE,FALSE,TRUE,34.7916666666667,TRUE
2019-07-20,260790101A,Muribeca,JABOATÃO DOS GUARARAPES,-8.157,-34.968,19.1679603398448,88.1679389312977,69.0839694656489,72.1374045801527,75.5725190839695,33.68,37,0,37,3.15,37,210,FALSE,FALSE,FALSE,TRUE,15,TRUE
2019-07-21,260790101A,Muribeca,JABOATÃO DOS GUARARAPES,-8.157,-34.968,19.1679603398448,88.1679389312977,69.0839694656489,72.1374045801527,75.5725190839695,16.22,16,1,16,5.39,15,740,FALSE,FALSE,FALSE,TRUE,26.75,TRUE
2019-07-22,260790101A,Muribeca,JABOATÃO DOS GUARARAPES,-8.157,-34.968,19.1679603398448,88.1679389312977,69.0839694656489,72.1374045801527,75.5725190839695,39.1,50,0,50,4.53,51,740,FALSE,FALSE,FALSE,TRUE,20.2380952380952,TRUE
2019-07-23,260790101A,Muribeca,JABOATÃO DOS GUARARAPES,-8.157,-34.968,19.1679603398448,88.1679389312977,69.0839694656489,72.1374045801527,75.5725190839695,40.24,38,1,38,4.34,37,270,FALSE,FALSE,FALSE,TRUE,14.9166666666667,TRUE
2019-07-24,260790101A,Muribeca,JABOATÃO DOS GUARARAPES,-8.157,-34.968,19.1679603398448,88.1679389312977,69.0839694656489,72.1374045801527,75.5725190839695,58.06,67,0,67,3.74,68,290,FALSE,FALSE,FALSE,TRUE,12.3,TRUE
2019-07-25,260790101A,Muribeca,JABOATÃO DOS GUARARAPES,-8.157,-34.968,19.1679603398448,88.1679389312977,69.0839694656489,72.1374045801527,75.5725190839695,8.5,17,0,17,1.57,17,420,FALSE,FALSE,FALSE,TRUE,18.1818181818182,TRUE
2019-07-26,260790101A,Muribeca,JABOATÃO DOS GUARARAPES,-8.157,-34.968,19.1679603398448,88.1679389312977,69.0839694656489,72.1374045801527,75.5725190839695,12.28,33,0,23,1.97,33,300,FALSE,FALSE,FALSE,TRUE,14.7727272727273,TRUE
2019-07-27,260790101A,Muribeca,JABOATÃO DOS GUARARAPES,-8.157,-34.968,19.1679603398448,88.1679389312977,69.0839694656489,72.1374045801527,75.5725190839695,33.99,48,0,38,3.74,48,160,FALSE,FALSE,FALSE,TRUE,9.1,TRUE
2019-07-28,260790101A,Muribeca,JABOATÃO DOS GUARARAPES,-8.157,-34.968,19.1679603398448,88.1679389312977,69.0839694656489,72.1374045801527,75.5725190839695,7.95,15,0,15,2.36,15,860,FALSE,FALSE,FALSE,TRUE,15.6521739130435,TRUE
2019-07-29,260790101A,Muribeca,JABOATÃO DOS GUARARAPES,-8.157,-34.968,19.1679603398448,88.1679389312977,69.0839694656489,72.1374045801527,75.5725190839695,2.02,20,0,5,0.59,20,380,FALSE,FALSE,FALSE,FALSE,,TRUE
2019-07-30,260790101A,Muribeca,JABOATÃO DOS GUARARAPES,-8.157,-34.968,19.1679603398448,88.1679389312977,69.0839694656489,72.1374045801527,75.5725190839695,7.79,35,0,15,1.57,35,60,TRUE,TRUE,TRUE,TRUE,11.6315789473684,TRUE
2019-07-31,260790101A,Muribeca,JABOATÃO DOS GUARARAPES,-8.157,-34.968,19.1679603398448,88.1679389312977,69.0839694656489,72.1374045801527,75.5725190839695,34.92,51,1,31,6.3,50,60,TRUE,TRUE,TRUE,FALSE,,TRUE
2019-08-01,260790101A,Muribeca,JABOATÃO DOS GUARARAPES,-8.157,-34.968,19.1679603398448,88.1679389312977,69.0839694656489,72.1374045801527,75.5725190839695,25.06,43,0,27,4.72,44,70,FALSE,TRUE,TRUE,TRUE,10.0526315789474,TRUE
2019-08-02,260790101A,Muribeca,JABOATÃO DOS GUARARAPES,-8.157,-34.968,19.1679603398448,88.1679389312977,69.0839694656489,72.1374045801527,75.5725190839695,22.36,60,0,41,1.97,60,60,TRUE,TRUE,TRUE,TRUE,33.3333333333333,TRUE
2019-08-03,260790101A,Muribeca,JABOATÃO DOS GUARARAPES,-8.157,-34.968,19.1679603398448,88.1679389312977,69.0839694656489,72.1374045801527,75.5725190839695,0.2,25,0,1,0.2,25,60,TRUE,TRUE,TRUE,TRUE,53.8333333333333,TRUE
2019-08-04,260790101A,Muribeca,JABOATÃO DOS GUARARAPES,-8.157,-34.968,19.1679603398448,88.1679389312977,69.0839694656489,72.1374045801527,75.5725190839695,4.57,28,0,5,2.2,28,60,TRUE,TRUE,TRUE,TRUE,69.125,TRUE
2019-08-05,260790101A,Muribeca,JABOATÃO DOS GUARARAPES,-8.157,-34.968,19.1679603398448,88.1679389312977,69.0839694656489,72.1374045801527,75.5725190839695,1.18,24,0,1,1.18,24,80,FALSE,FALSE,TRUE,TRUE,65.2916666666667,TRUE
2019-08-06,260790101A,Muribeca,JABOATÃO DOS GUARARAPES,-8.157,-34.968,19.1679603398448,88.1679389312977,69.0839694656489,72.1374045801527,75.5725190839695,4.15,29,0,7,1.38,29,60,TRUE,TRUE,TRUE,TRUE,44.8947368421053,TRUE
2019-08-07,260790101A,Muribeca,JABOATÃO DOS GUARARAPES,-8.157,-34.968,19.1679603398448,88.1679389312977,69.0839694656489,72.1374045801527,75.5725190839695,3.97,27,0,4,2.56,27,60,TRUE,TRUE,TRUE,TRUE,48.1666666666667,TRUE
2019-08-08,260790101A,Muribeca,JABOATÃO DOS GUARARAPES,-8.157,-34.968,19.1679603398448,88.1679389312977,69.0839694656489,72.1374045801527,75.5725190839695,4.2,29,0,8,1.77,29,80,FALSE,FALSE,TRUE,TRUE,37.3333333333333,TRUE
2019-08-09,260790101A,Muribeca,JABOATÃO DOS GUARARAPES,-8.157,-34.968,19.1679603398448,88.1679389312977,69.0839694656489,72.1374045801527,75.5725190839695,4.56,26,0,2,3.15,26,60,TRUE,TRUE,TRUE,TRUE,75.4583333333333,TRUE
2019-08-10,260790101A,Muribeca,JABOATÃO DOS GUARARAPES,-8.157,-34.968,19.1679603398448,88.1679389312977,69.0839694656489,72.1374045801527,75.5725190839695,0,24,0,0,0,24,60,TRUE,TRUE,TRUE,TRUE,75.9166666666667,TRUE
2019-08-11,260790101A,Muribeca,JABOATÃO DOS GUARARAPES,-8.157,-34.968,19.1679603398448,88.1679389312977,69.0839694656489,72.1374045801527,75.5725190839695,0,24,0,0,0,24,60,TRUE,TRUE,TRUE,TRUE,75.8333333333333,TRUE
2019-08-12,260790101A,Muribeca,JABOATÃO DOS GUARARAPES,-8.157,-34.968,19.1679603398448,88.1679389312977,69.0839694656489,72.1374045801527,75.5725190839695,13.02,37,0,18,2.36,37,60,TRUE,TRUE,TRUE,TRUE,42,TRUE
2019-08-13,260790101A,Muribeca,JABOATÃO DOS GUARARAPES,-8.157,-34.968,19.1679603398448,88.1679389312977,69.0839694656489,72.1374045801527,75.5725190839695,2.99,28,0,5,0.79,28,60,TRUE,TRUE,TRUE,TRUE,41.8695652173913,TRUE
2019-08-14,260790101A,Muribeca,JABOATÃO DOS GUARARAPES,-8.157,-34.968,19.1679603398448,88.1679389312977,69.0839694656489,72.1374045801527,75.5725190839695,16.57,46,0,26,2.36,46,60,TRUE,TRUE,TRUE,TRUE,16.9583333333333,TRUE
2019-08-15,260790101A,Muribeca,JABOATÃO DOS GUARARAPES,-8.157,-34.968,19.1679603398448,88.1679389312977,69.0839694656489,72.1374045801527,75.5725190839695,10.28,39,1,19,1.97,38,60,TRUE,TRUE,TRUE,TRUE,25.0833333333333,TRUE
2019-08-16,260790101A,Muribeca,JABOATÃO DOS GUARARAPES,-8.157,-34.968,19.1679603398448,88.1679389312977,69.0839694656489,72.1374045801527,75.5725190839695,12.03,35,0,12,2.76,36,60,TRUE,TRUE,TRUE,TRUE,31.7916666666667,TRUE
2019-08-17,260790101A,Muribeca,JABOATÃO DOS GUARARAPES,-8.157,-34.968,19.1679603398448,88.1679389312977,69.0839694656489,72.1374045801527,75.5725190839695,0.4,25,0,2,0.2,25,60,TRUE,TRUE,TRUE,TRUE,55.125,TRUE
2019-08-18,260790101A,Muribeca,JABOATÃO DOS GUARARAPES,-8.157,-34.968,19.1679603398448,88.1679389312977,69.0839694656489,72.1374045801527,75.5725190839695,11.52,37,1,14,3.15,36,60,TRUE,TRUE,TRUE,TRUE,57.7916666666667,TRUE
2019-08-19,260790101A,Muribeca,JABOATÃO DOS GUARARAPES,-8.157,-34.968,19.1679603398448,88.1679389312977,69.0839694656489,72.1374045801527,75.5725190839695,16.62,27,0,5,8.74,28,60,TRUE,TRUE,TRUE,TRUE,71.9166666666667,TRUE
2019-08-20,260790101A,Muribeca,JABOATÃO DOS GUARARAPES,-8.157,-34.968,19.1679603398448,88.1679389312977,69.0839694656489,72.1374045801527,75.5725190839695,0.2,25,0,1,0.2,25,60,TRUE,TRUE,TRUE,TRUE,71.25,TRUE
2019-08-21,260790101A,Muribeca,JABOATÃO DOS GUARARAPES,-8.157,-34.968,19.1679603398448,88.1679389312977,69.0839694656489,72.1374045801527,75.5725190839695,0,22,0,0,0,22,220,FALSE,FALSE,FALSE,TRUE,52.7727272727273,TRUE
2019-08-22,260790101A,Muribeca,JABOATÃO DOS GUARARAPES,-8.157,-34.968,19.1679603398448,88.1679389312977,69.0839694656489,72.1374045801527,75.5725190839695,2.2,29,0,6,0.59,29,60,TRUE,TRUE,TRUE,TRUE,14.5,TRUE
2019-08-23,260790101A,Muribeca,JABOATÃO DOS GUARARAPES,-8.157,-34.968,19.1679603398448,88.1679389312977,69.0839694656489,72.1374045801527,75.5725190839695,5.18,35,0,14,0.59,35,60,TRUE,TRUE,TRUE,TRUE,34.6363636363636,TRUE
2019-08-24,260790101A,Muribeca,JABOATÃO DOS GUARARAPES,-8.157,-34.968,19.1679603398448,88.1679389312977,69.0839694656489,72.1374045801527,75.5725190839695,6.5,32,0,9,2.36,32,60,TRUE,TRUE,TRUE,TRUE,35.2608695652174,TRUE
2019-08-25,260790101A,Muribeca,JABOATÃO DOS GUARARAPES,-8.157,-34.968,19.1679603398448,88.1679389312977,69.0839694656489,72.1374045801527,75.5725190839695,5.76,29,0,7,2.58,29,70,FALSE,TRUE,TRUE,TRUE,40.3333333333333,TRUE
2019-08-26,260790101A,Muribeca,JABOATÃO DOS GUARARAPES,-8.157,-34.968,19.1679603398448,88.1679389312977,69.0839694656489,72.1374045801527,75.5725190839695,18.77,41,0,22,3.15,41,60,TRUE,TRUE,TRUE,TRUE,41.125,TRUE
2019-08-27,260790101A,Muribeca,JABOATÃO DOS GUARARAPES,-8.157,-34.968,19.1679603398448,88.1679389312977,69.0839694656489,72.1374045801527,75.5725190839695,2.56,26,0,4,1.96,26,60,TRUE,TRUE,TRUE,TRUE,58.4166666666667,TRUE
2019-08-28,260790101A,Muribeca,JABOATÃO DOS GUARARAPES,-8.157,-34.968,19.1679603398448,88.1679389312977,69.0839694656489,72.1374045801527,75.5725190839695,3.95,15,0,6,1.37,15,3230,FALSE,FALSE,FALSE,TRUE,45,TRUE
2019-08-29,260790101A,Muribeca,JABOATÃO DOS GUARARAPES,-8.157,-34.968,19.1679603398448,88.1679389312977,69.0839694656489,72.1374045801527,75.5725190839695,,,,,,0,,FALSE,FALSE,FALSE,TRUE,52.1666666666667,FALSE
2019-08-30,260790101A,Muribeca,JABOATÃO DOS GUARARAPES,-8.157,-34.968,19.1679603398448,88.1679389312977,69.0839694656489,72.1374045801527,75.5725190839695,0,10,0,0,0,10,3230,FALSE,FALSE,FALSE,TRUE,55.4583333333333,TRUE
2019-08-31,260790101A,Muribeca,JABOATÃO DOS GUARARAPES,-8.157,-34.968,19.1679603398448,88.1679389312977,69.0839694656489,72.1374045801527,75.5725190839695,6.53,33,0,9,2.95,33,60,TRUE,TRUE,TRUE,TRUE,69.4583333333333,TRUE
2019-09-01,260790101A,Muribeca,JABOATÃO DOS GUARARAPES,-8.157,-34.968,19.1679603398448,88.1679389312977,69.0839694656489,72.1374045801527,75.5725190839695,3.78,34,0,11,0.79,34,60,TRUE,TRUE,TRUE,TRUE,36.375,TRUE
2019-09-02,260790101A,Muribeca,JABOATÃO DOS GUARARAPES,-8.157,-34.968,19.1679603398448,88.1679389312977,69.0839694656489,72.1374045801527,75.5725190839695,13.41,38,0,18,1.96,38,60,TRUE,TRUE,TRUE,TRUE,39.9583333333333,TRUE
2019-09-03,260790101A,Muribeca,JABOATÃO DOS GUARARAPES,-8.157,-34.968,19.1679603398448,88.1679389312977,69.0839694656489,72.1374045801527,75.5725190839695,0.42,25,0,1,0.42,25,60,TRUE,TRUE,TRUE,TRUE,49.6666666666667,TRUE
2019-09-04,260790101A,Muribeca,JABOATÃO DOS GUARARAPES,-8.157,-34.968,19.1679603398448,88.1679389312977,69.0839694656489,72.1374045801527,75.5725190839695,9.99,43,0,23,1.77,43,60,TRUE,TRUE,TRUE,TRUE,37.875,TRUE
2019-09-05,260790101A,Muribeca,JABOATÃO DOS GUARARAPES,-8.157,-34.968,19.1679603398448,88.1679389312977,69.0839694656489,72.1374045801527,75.5725190839695,1.61,25,0,5,0.59,25,60,TRUE,TRUE,TRUE,TRUE,26.9583333333333,TRUE
2019-09-06,260790101A,Muribeca,JABOATÃO DOS GUARARAPES,-8.157,-34.968,19.1679603398448,88.1679389312977,69.0839694656489,72.1374045801527,75.5725190839695,5.52,31,0,13,0.98,31,140,FALSE,FALSE,FALSE,TRUE,30.6363636363636,TRUE
2019-09-07,260790101A,Muribeca,JABOATÃO DOS GUARARAPES,-8.157,-34.968,19.1679603398448,88.1679389312977,69.0839694656489,72.1374045801527,75.5725190839695,2.38,30,0,8,0.59,30,70,FALSE,TRUE,TRUE,TRUE,28,TRUE
2019-09-08,260790101A,Muribeca,JABOATÃO DOS GUARARAPES,-8.157,-34.968,19.1679603398448,88.1679389312977,69.0839694656489,72.1374045801527,75.5725190839695,1.61,29,0,5,0.59,29,60,TRUE,TRUE,TRUE,TRUE,29.125,TRUE
2019-09-09,260790101A,Muribeca,JABOATÃO DOS GUARARAPES,-8.157,-34.968,19.1679603398448,88.1679389312977,69.0839694656489,72.1374045801527,75.5725190839695,0,24,0,0,0,24,60,TRUE,TRUE,TRUE,TRUE,48.8333333333333,TRUE
2019-09-10,260790101A,Muribeca,JABOATÃO DOS GUARARAPES,-8.157,-34.968,19.1679603398448,88.1679389312977,69.0839694656489,72.1374045801527,75.5725190839695,0,24,0,0,0,24,60,TRUE,TRUE,TRUE,TRUE,57.6666666666667,TRUE
2019-09-11,260790101A,Muribeca,JABOATÃO DOS GUARARAPES,-8.157,-34.968,19.1679603398448,88.1679389312977,69.0839694656489,72.1374045801527,75.5725190839695,0.79,26,0,2,0.59,26,60,TRUE,TRUE,TRUE,TRUE,46.75,TRUE
2019-09-12,260790101A,Muribeca,JABOATÃO DOS GUARARAPES,-8.157,-34.968,19.1679603398448,88.1679389312977,69.0839694656489,72.1374045801527,75.5725190839695,1.8,28,0,5,0.59,28,60,TRUE,TRUE,TRUE,TRUE,49.7826086956522,TRUE
2019-09-13,260790101A,Muribeca,JABOATÃO DOS GUARARAPES,-8.157,-34.968,19.1679603398448,88.1679389312977,69.0839694656489,72.1374045801527,75.5725190839695,0,24,0,0,0,24,60,TRUE,TRUE,TRUE,TRUE,54.0952380952381,TRUE
2019-09-14,260790101A,Muribeca,JABOATÃO DOS GUARARAPES,-8.157,-34.968,19.1679603398448,88.1679389312977,69.0839694656489,72.1374045801527,75.5725190839695,0,24,0,0,0,24,60,TRUE,TRUE,TRUE,TRUE,54.1666666666667,TRUE
2019-09-15,260790101A,Muribeca,JABOATÃO DOS GUARARAPES,-8.157,-34.968,19.1679603398448,88.1679389312977,69.0839694656489,72.1374045801527,75.5725190839695,0,24,0,0,0,24,60,TRUE,TRUE,TRUE,TRUE,40.3125,TRUE
2019-09-16,260790101A,Muribeca,JABOATÃO DOS GUARARAPES,-8.157,-34.968,19.1679603398448,88.1679389312977,69.0839694656489,72.1374045801527,75.5725190839695,2.95,29,0,5,0.98,29,60,TRUE,TRUE,TRUE,TRUE,38.3684210526316,TRUE
2019-09-17,260790101A,Muribeca,JABOATÃO DOS GUARARAPES,-8.157,-34.968,19.1679603398448,88.1679389312977,69.0839694656489,72.1374045801527,75.5725190839695,5.63,39,0,19,0.98,39,60,TRUE,TRUE,TRUE,TRUE,20.7826086956522,TRUE
2019-09-18,260790101A,Muribeca,JABOATÃO DOS GUARARAPES,-8.157,-34.968,19.1679603398448,88.1679389312977,69.0839694656489,72.1374045801527,75.5725190839695,1.99,27,0,3,1.59,27,60,TRUE,TRUE,TRUE,TRUE,50.1739130434783,TRUE
2019-09-19,260790101A,Muribeca,JABOATÃO DOS GUARARAPES,-8.157,-34.968,19.1679603398448,88.1679389312977,69.0839694656489,72.1374045801527,75.5725190839695,0,24,0,0,0,24,60,TRUE,TRUE,TRUE,TRUE,63.8636363636364,TRUE
2019-09-20,260790101A,Muribeca,JABOATÃO DOS GUARARAPES,-8.157,-34.968,19.1679603398448,88.1679389312977,69.0839694656489,72.1374045801527,75.5725190839695,5.54,34,0,10,1.77,34,60,TRUE,TRUE,TRUE,TRUE,31.5,TRUE
2019-09-21,260790101A,Muribeca,JABOATÃO DOS GUARARAPES,-8.157,-34.968,19.1679603398448,88.1679389312977,69.0839694656489,72.1374045801527,75.5725190839695,0.2,25,0,1,0.2,25,60,TRUE,TRUE,TRUE,TRUE,48.6666666666667,TRUE
2019-09-22,260790101A,Muribeca,JABOATÃO DOS GUARARAPES,-8.157,-34.968,19.1679603398448,88.1679389312977,69.0839694656489,72.1374045801527,75.5725190839695,0.98,25,0,2,0.59,25,120,FALSE,FALSE,FALSE,TRUE,41.1666666666667,TRUE
2019-09-23,260790101A,Muribeca,JABOATÃO DOS GUARARAPES,-8.157,-34.968,19.1679603398448,88.1679389312977,69.0839694656489,72.1374045801527,75.5725190839695,3.41,32,0,9,0.79,32,60,TRUE,TRUE,TRUE,TRUE,38.9047619047619,TRUE
2019-09-24,260790101A,Muribeca,JABOATÃO DOS GUARARAPES,-8.157,-34.968,19.1679603398448,88.1679389312977,69.0839694656489,72.1374045801527,75.5725190839695,0,24,0,0,0,24,60,TRUE,TRUE,TRUE,TRUE,45.9166666666667,TRUE
2019-09-25,260790101A,Muribeca,JABOATÃO DOS GUARARAPES,-8.157,-34.968,19.1679603398448,88.1679389312977,69.0839694656489,72.1374045801527,75.5725190839695,0,24,0,0,0,24,60,TRUE,TRUE,TRUE,TRUE,53.25,TRUE
2019-09-26,260790101A,Muribeca,JABOATÃO DOS GUARARAPES,-8.157,-34.968,19.1679603398448,88.1679389312977,69.0839694656489,72.1374045801527,75.5725190839695,0,24,0,0,0,24,60,TRUE,TRUE,TRUE,FALSE,,TRUE
2019-09-27,260790101A,Muribeca,JABOATÃO DOS GUARARAPES,-8.157,-34.968,19.1679603398448,88.1679389312977,69.0839694656489,72.1374045801527,75.5725190839695,0,24,0,0,0,24,60,TRUE,TRUE,TRUE,FALSE,,TRUE
2019-09-28,260790101A,Muribeca,JABOATÃO DOS GUARARAPES,-8.157,-34.968,19.1679603398448,88.1679389312977,69.0839694656489,72.1374045801527,75.5725190839695,0,24,0,0,0,24,60,TRUE,TRUE,TRUE,FALSE,,TRUE
2019-09-29,260790101A,Muribeca,JABOATÃO DOS GUARARAPES,-8.157,-34.968,19.1679603398448,88.1679389312977,69.0839694656489,72.1374045801527,75.5725190839695,0.78,25,0,2,0.39,25,60,TRUE,TRUE,TRUE,FALSE,,TRUE
2019-09-30,260790101A,Muribeca,JABOATÃO DOS GUARARAPES,-8.157,-34.968,19.1679603398448,88.1679389312977,69.0839694656489,72.1374045801527,75.5725190839695,0.2,25,0,1,0.2,25,60,TRUE,TRUE,TRUE,FALSE,,TRUE
2019-10-01,260790101A,Muribeca,JABOATÃO DOS GUARARAPES,-8.157,-34.968,19.1679603398448,88.1679389312977,69.0839694656489,72.1374045801527,75.5725190839695,0,24,0,0,0,24,60,TRUE,TRUE,TRUE,FALSE,,TRUE
2019-10-02,260790101A,Muribeca,JABOATÃO DOS GUARARAPES,-8.157,-34.968,19.1679603398448,88.1679389312977,69.0839694656489,72.1374045801527,75.5725190839695,0,24,0,0,0,24,60,TRUE,TRUE,TRUE,FALSE,,TRUE
2019-10-03,260790101A,Muribeca,JABOATÃO DOS GUARARAPES,-8.157,-34.968,19.1679603398448,88.1679389312977,69.0839694656489,72.1374045801527,75.5725190839695,0,24,0,0,0,24,60,TRUE,TRUE,TRUE,FALSE,,TRUE
2019-10-04,260790101A,Muribeca,JABOATÃO DOS GUARARAPES,-8.157,-34.968,19.1679603398448,88.1679389312977,69.0839694656489,72.1374045801527,75.5725190839695,1.18,25,1,1,1.18,24,60,TRUE,TRUE,TRUE,FALSE,,TRUE
2019-10-05,260790101A,Muribeca,JABOATÃO DOS GUARARAPES,-8.157,-34.968,19.1679603398448,88.1679389312977,69.0839694656489,72.1374045801527,75.5725190839695,0,24,0,0,0,25,60,TRUE,TRUE,TRUE,FALSE,,TRUE
2019-10-06,260790101A,Muribeca,JABOATÃO DOS GUARARAPES,-8.157,-34.968,19.1679603398448,88.1679389312977,69.0839694656489,72.1374045801527,75.5725190839695,0.59,25,0,1,0.59,25,60,TRUE,TRUE,TRUE,FALSE,,TRUE
2019-10-07,260790101A,Muribeca,JABOATÃO DOS GUARARAPES,-8.157,-34.968,19.1679603398448,88.1679389312977,69.0839694656489,72.1374045801527,75.5725190839695,0.42,25,0,1,0.42,25,60,TRUE,TRUE,TRUE,FALSE,,TRUE
2019-10-08,260790101A,Muribeca,JABOATÃO DOS GUARARAPES,-8.157,-34.968,19.1679603398448,88.1679389312977,69.0839694656489,72.1374045801527,75.5725190839695,1.63,18,0,5,0.42,18,650,FALSE,FALSE,FALSE,FALSE,,TRUE
2019-10-09,260790101A,Muribeca,JABOATÃO DOS GUARARAPES,-8.157,-34.968,19.1679603398448,88.1679389312977,69.0839694656489,72.1374045801527,75.5725190839695,1.58,4,0,4,0.79,4,1170,FALSE,FALSE,FALSE,FALSE,,TRUE
2019-10-10,260790101A,Muribeca,JABOATÃO DOS GUARARAPES,-8.157,-34.968,19.1679603398448,88.1679389312977,69.0839694656489,72.1374045801527,75.5725190839695,7.33,15,0,9,2.17,15,1170,FALSE,FALSE,FALSE,FALSE,,TRUE
2019-10-11,260790101A,Muribeca,JABOATÃO DOS GUARARAPES,-8.157,-34.968,19.1679603398448,88.1679389312977,69.0839694656489,72.1374045801527,75.5725190839695,1.23,27,0,3,0.42,27,60,TRUE,TRUE,TRUE,FALSE,,TRUE
2019-10-12,260790101A,Muribeca,JABOATÃO DOS GUARARAPES,-8.157,-34.968,19.1679603398448,88.1679389312977,69.0839694656489,72.1374045801527,75.5725190839695,2.01,30,0,6,0.79,30,60,TRUE,TRUE,TRUE,FALSE,,TRUE
2019-10-13,260790101A,Muribeca,JABOATÃO DOS GUARARAPES,-8.157,-34.968,19.1679603398448,88.1679389312977,69.0839694656489,72.1374045801527,75.5725190839695,8.71,23,0,17,2.76,23,620,FALSE,FALSE,FALSE,FALSE,,TRUE
2019-10-14,260790101A,Muribeca,JABOATÃO DOS GUARARAPES,-8.157,-34.968,19.1679603398448,88.1679389312977,69.0839694656489,72.1374045801527,75.5725190839695,3.43,9,0,9,0.98,9,1010,FALSE,FALSE,FALSE,FALSE,,TRUE
2019-10-15,260790101A,Muribeca,JABOATÃO DOS GUARARAPES,-8.157,-34.968,19.1679603398448,88.1679389312977,69.0839694656489,72.1374045801527,75.5725190839695,0.2,14,0,1,0.2,14,540,FALSE,FALSE,FALSE,FALSE,,TRUE
2019-10-16,260790101A,Muribeca,JABOATÃO DOS GUARARAPES,-8.157,-34.968,19.1679603398448,88.1679389312977,69.0839694656489,72.1374045801527,75.5725190839695,0,24,0,0,0,24,60,TRUE,TRUE,TRUE,FALSE,,TRUE
2019-10-17,260790101A,Muribeca,JABOATÃO DOS GUARARAPES,-8.157,-34.968,19.1679603398448,88.1679389312977,69.0839694656489,72.1374045801527,75.5725190839695,0,24,0,0,0,24,60,TRUE,TRUE,TRUE,FALSE,,TRUE
2019-10-18,260790101A,Muribeca,JABOATÃO DOS GUARARAPES,-8.157,-34.968,19.1679603398448,88.1679389312977,69.0839694656489,72.1374045801527,75.5725190839695,17.96,49,0,30,1.96,49,120,FALSE,FALSE,FALSE,FALSE,,TRUE
2019-10-19,260790101A,Muribeca,JABOATÃO DOS GUARARAPES,-8.157,-34.968,19.1679603398448,88.1679389312977,69.0839694656489,72.1374045801527,75.5725190839695,0.2,25,0,1,0.2,25,60,TRUE,TRUE,TRUE,FALSE,,TRUE
2019-10-20,260790101A,Muribeca,JABOATÃO DOS GUARARAPES,-8.157,-34.968,19.1679603398448,88.1679389312977,69.0839694656489,72.1374045801527,75.5725190839695,0,24,0,0,0,24,60,TRUE,TRUE,TRUE,FALSE,,TRUE
2019-10-21,260790101A,Muribeca,JABOATÃO DOS GUARARAPES,-8.157,-34.968,19.1679603398448,88.1679389312977,69.0839694656489,72.1374045801527,75.5725190839695,0,24,0,0,0,24,60,TRUE,TRUE,TRUE,FALSE,,TRUE
2019-10-22,260790101A,Muribeca,JABOATÃO DOS GUARARAPES,-8.157,-34.968,19.1679603398448,88.1679389312977,69.0839694656489,72.1374045801527,75.5725190839695,0,24,0,0,0,24,60,TRUE,TRUE,TRUE,FALSE,,TRUE
2019-10-23,260790101A,Muribeca,JABOATÃO DOS GUARARAPES,-8.157,-34.968,19.1679603398448,88.1679389312977,69.0839694656489,72.1374045801527,75.5725190839695,0,24,0,0,0,24,60,TRUE,TRUE,TRUE,FALSE,,TRUE
2019-10-24,260790101A,Muribeca,JABOATÃO DOS GUARARAPES,-8.157,-34.968,19.1679603398448,88.1679389312977,69.0839694656489,72.1374045801527,75.5725190839695,0,24,0,0,0,24,60,TRUE,TRUE,TRUE,FALSE,,TRUE
2019-10-25,260790101A,Muribeca,JABOATÃO DOS GUARARAPES,-8.157,-34.968,19.1679603398448,88.1679389312977,69.0839694656489,72.1374045801527,75.5725190839695,0,24,0,0,0,24,60,TRUE,TRUE,TRUE,FALSE,,TRUE
2019-10-26,260790101A,Muribeca,JABOATÃO DOS GUARARAPES,-8.157,-34.968,19.1679603398448,88.1679389312977,69.0839694656489,72.1374045801527,75.5725190839695,1.4,26,0,3,1,26,60,TRUE,TRUE,TRUE,TRUE,39.5714285714286,TRUE
2019-10-27,260790101A,Muribeca,JABOATÃO DOS GUARARAPES,-8.157,-34.968,19.1679603398448,88.1679389312977,69.0839694656489,72.1374045801527,75.5725190839695,0,24,0,0,0,24,60,TRUE,TRUE,TRUE,TRUE,49.2916666666667,TRUE
2019-10-28,260790101A,Muribeca,JABOATÃO DOS GUARARAPES,-8.157,-34.968,19.1679603398448,88.1679389312977,69.0839694656489,72.1374045801527,75.5725190839695,0,24,0,0,0,24,60,TRUE,TRUE,TRUE,TRUE,56.625,TRUE
2019-10-29,260790101A,Muribeca,JABOATÃO DOS GUARARAPES,-8.157,-34.968,19.1679603398448,88.1679389312977,69.0839694656489,72.1374045801527,75.5725190839695,0,24,0,0,0,24,60,TRUE,TRUE,TRUE,TRUE,47.125,TRUE
2019-10-30,260790101A,Muribeca,JABOATÃO DOS GUARARAPES,-8.157,-34.968,19.1679603398448,88.1679389312977,69.0839694656489,72.1374045801527,75.5725190839695,0,24,0,0,0,24,60,TRUE,TRUE,TRUE,TRUE,40.4583333333333,TRUE
2019-10-31,260790101A,Muribeca,JABOATÃO DOS GUARARAPES,-8.157,-34.968,19.1679603398448,88.1679389312977,69.0839694656489,72.1374045801527,75.5725190839695,0.2,25,0,1,0.2,25,60,TRUE,TRUE,TRUE,TRUE,38.9583333333333,TRUE
2019-11-01,260790101A,Muribeca,JABOATÃO DOS GUARARAPES,-8.157,-34.968,19.1679603398448,88.1679389312977,69.0839694656489,72.1374045801527,75.5725190839695,0,24,0,0,0,24,60,TRUE,TRUE,TRUE,TRUE,36.5416666666667,TRUE
2019-11-02,260790101A,Muribeca,JABOATÃO DOS GUARARAPES,-8.157,-34.968,19.1679603398448,88.1679389312977,69.0839694656489,72.1374045801527,75.5725190839695,0,24,0,0,0,24,60,TRUE,TRUE,TRUE,TRUE,36.25,TRUE
2019-11-03,260790101A,Muribeca,JABOATÃO DOS GUARARAPES,-8.157,-34.968,19.1679603398448,88.1679389312977,69.0839694656489,72.1374045801527,75.5725190839695,0,13,0,0,0,13,8320,FALSE,FALSE,FALSE,TRUE,37.125,TRUE
2019-11-04,260790101A,Muribeca,JABOATÃO DOS GUARARAPES,-8.157,-34.968,19.1679603398448,88.1679389312977,69.0839694656489,72.1374045801527,75.5725190839695,,,,,,0,,FALSE,FALSE,FALSE,TRUE,42.375,FALSE
2019-11-05,260790101A,Muribeca,JABOATÃO DOS GUARARAPES,-8.157,-34.968,19.1679603398448,88.1679389312977,69.0839694656489,72.1374045801527,75.5725190839695,,,,,,0,,FALSE,FALSE,FALSE,TRUE,45.875,FALSE
2019-11-06,260790101A,Muribeca,JABOATÃO DOS GUARARAPES,-8.157,-34.968,19.1679603398448,88.1679389312977,69.0839694656489,72.1374045801527,75.5725190839695,,,,,,0,,FALSE,FALSE,FALSE,TRUE,44.6521739130435,FALSE
2019-11-07,260790101A,Muribeca,JABOATÃO DOS GUARARAPES,-8.157,-34.968,19.1679603398448,88.1679389312977,69.0839694656489,72.1374045801527,75.5725190839695,,,,,,0,,FALSE,FALSE,FALSE,TRUE,40.55,FALSE
2019-11-08,260790101A,Muribeca,JABOATÃO DOS GUARARAPES,-8.157,-34.968,19.1679603398448,88.1679389312977,69.0839694656489,72.1374045801527,75.5725190839695,,,,,,0,,FALSE,FALSE,FALSE,TRUE,36.0416666666667,FALSE
2019-11-09,260790101A,Muribeca,JABOATÃO DOS GUARARAPES,-8.157,-34.968,19.1679603398448,88.1679389312977,69.0839694656489,72.1374045801527,75.5725190839695,0.2,1,0,1,0.2,1,8320,FALSE,FALSE,FALSE,TRUE,44.625,TRUE
2019-11-10,260790101A,Muribeca,JABOATÃO DOS GUARARAPES,-8.157,-34.968,19.1679603398448,88.1679389312977,69.0839694656489,72.1374045801527,75.5725190839695,,,,,,0,,FALSE,FALSE,FALSE,TRUE,40.25,FALSE
2019-11-11,260790101A,Muribeca,JABOATÃO DOS GUARARAPES,-8.157,-34.968,19.1679603398448,88.1679389312977,69.0839694656489,72.1374045801527,75.5725190839695,,,,,,0,,FALSE,FALSE,FALSE,TRUE,42.5416666666667,FALSE
2019-11-12,260790101A,Muribeca,JABOATÃO DOS GUARARAPES,-8.157,-34.968,19.1679603398448,88.1679389312977,69.0839694656489,72.1374045801527,75.5725190839695,0,13,0,0,0,13,4580,FALSE,FALSE,FALSE,TRUE,80.8333333333333,TRUE
2019-11-13,260790101A,Muribeca,JABOATÃO DOS GUARARAPES,-8.157,-34.968,19.1679603398448,88.1679389312977,69.0839694656489,72.1374045801527,75.5725190839695,0,18,0,0,0,18,420,FALSE,FALSE,FALSE,TRUE,40.4583333333333,TRUE
2019-11-14,260790101A,Muribeca,JABOATÃO DOS GUARARAPES,-8.157,-34.968,19.1679603398448,88.1679389312977,69.0839694656489,72.1374045801527,75.5725190839695,0,24,0,0,0,24,60,TRUE,TRUE,TRUE,TRUE,36.125,TRUE
2019-11-15,260790101A,Muribeca,JABOATÃO DOS GUARARAPES,-8.157,-34.968,19.1679603398448,88.1679389312977,69.0839694656489,72.1374045801527,75.5725190839695,0,24,0,0,0,24,60,TRUE,TRUE,TRUE,TRUE,51.7142857142857,TRUE
2019-11-16,260790101A,Muribeca,JABOATÃO DOS GUARARAPES,-8.157,-34.968,19.1679603398448,88.1679389312977,69.0839694656489,72.1374045801527,75.5725190839695,0,24,0,0,0,24,60,TRUE,TRUE,TRUE,TRUE,55.5833333333333,TRUE
2019-11-17,260790101A,Muribeca,JABOATÃO DOS GUARARAPES,-8.157,-34.968,19.1679603398448,88.1679389312977,69.0839694656489,72.1374045801527,75.5725190839695,0,21,0,0,0,21,240,FALSE,FALSE,FALSE,TRUE,30.5833333333333,TRUE
2019-11-18,260790101A,Muribeca,JABOATÃO DOS GUARARAPES,-8.157,-34.968,19.1679603398448,88.1679389312977,69.0839694656489,72.1374045801527,75.5725190839695,0.59,25,0,1,0.59,25,80,FALSE,FALSE,TRUE,TRUE,37.0416666666667,TRUE
2019-11-19,260790101A,Muribeca,JABOATÃO DOS GUARARAPES,-8.157,-34.968,19.1679603398448,88.1679389312977,69.0839694656489,72.1374045801527,75.5725190839695,0,24,0,0,0,24,60,TRUE,TRUE,TRUE,TRUE,34.7619047619048,TRUE
2019-11-20,260790101A,Muribeca,JABOATÃO DOS GUARARAPES,-8.157,-34.968,19.1679603398448,88.1679389312977,69.0839694656489,72.1374045801527,75.5725190839695,0,24,0,0,0,24,60,TRUE,TRUE,TRUE,TRUE,36.3809523809524,TRUE
2019-11-21,260790101A,Muribeca,JABOATÃO DOS GUARARAPES,-8.157,-34.968,19.1679603398448,88.1679389312977,69.0839694656489,72.1374045801527,75.5725190839695,0,24,0,0,0,24,60,TRUE,TRUE,TRUE,TRUE,36.2083333333333,TRUE
2019-11-22,260790101A,Muribeca,JABOATÃO DOS GUARARAPES,-8.157,-34.968,19.1679603398448,88.1679389312977,69.0839694656489,72.1374045801527,75.5725190839695,0,24,0,0,0,24,60,TRUE,TRUE,TRUE,TRUE,36.7916666666667,TRUE
2019-11-23,260790101A,Muribeca,JABOATÃO DOS GUARARAPES,-8.157,-34.968,19.1679603398448,88.1679389312977,69.0839694656489,72.1374045801527,75.5725190839695,0,24,0,0,0,24,60,TRUE,TRUE,TRUE,TRUE,32.4583333333333,TRUE
2019-11-24,260790101A,Muribeca,JABOATÃO DOS GUARARAPES,-8.157,-34.968,19.1679603398448,88.1679389312977,69.0839694656489,72.1374045801527,75.5725190839695,0,24,0,0,0,24,60,TRUE,TRUE,TRUE,TRUE,39.2083333333333,TRUE
2019-11-25,260790101A,Muribeca,JABOATÃO DOS GUARARAPES,-8.157,-34.968,19.1679603398448,88.1679389312977,69.0839694656489,72.1374045801527,75.5725190839695,0,24,0,0,0,24,60,TRUE,TRUE,TRUE,FALSE,,TRUE
2019-11-26,260790101A,Muribeca,JABOATÃO DOS GUARARAPES,-8.157,-34.968,19.1679603398448,88.1679389312977,69.0839694656489,72.1374045801527,75.5725190839695,0,24,0,0,0,24,70,FALSE,TRUE,TRUE,FALSE,,TRUE
2019-11-27,260790101A,Muribeca,JABOATÃO DOS GUARARAPES,-8.157,-34.968,19.1679603398448,88.1679389312977,69.0839694656489,72.1374045801527,75.5725190839695,0,16,0,0,0,16,710,FALSE,FALSE,FALSE,FALSE,,TRUE
2019-11-28,260790101A,Muribeca,JABOATÃO DOS GUARARAPES,-8.157,-34.968,19.1679603398448,88.1679389312977,69.0839694656489,72.1374045801527,75.5725190839695,0,13,0,0,0,13,760,FALSE,FALSE,FALSE,FALSE,,TRUE
2019-11-29,260790101A,Muribeca,JABOATÃO DOS GUARARAPES,-8.157,-34.968,19.1679603398448,88.1679389312977,69.0839694656489,72.1374045801527,75.5725190839695,0,13,0,0,0,13,800,FALSE,FALSE,FALSE,FALSE,,TRUE
2019-11-30,260790101A,Muribeca,JABOATÃO DOS GUARARAPES,-8.157,-34.968,19.1679603398448,88.1679389312977,69.0839694656489,72.1374045801527,75.5725190839695,0,10,0,0,0,10,930,FALSE,FALSE,FALSE,FALSE,,TRUE
2019-12-01,260790101A,Muribeca,JABOATÃO DOS GUARARAPES,-8.157,-34.968,19.1679603398448,88.1679389312977,69.0839694656489,72.1374045801527,75.5725190839695,0,10,0,0,0,10,930,FALSE,FALSE,FALSE,FALSE,,TRUE
2019-12-02,260790101A,Muribeca,JABOATÃO DOS GUARARAPES,-8.157,-34.968,19.1679603398448,88.1679389312977,69.0839694656489,72.1374045801527,75.5725190839695,0,10,0,0,0,10,920,FALSE,FALSE,FALSE,FALSE,,TRUE
2019-12-03,260790101A,Muribeca,JABOATÃO DOS GUARARAPES,-8.157,-34.968,19.1679603398448,88.1679389312977,69.0839694656489,72.1374045801527,75.5725190839695,0,10,0,0,0,10,940,FALSE,FALSE,FALSE,FALSE,,TRUE
2019-12-04,260790101A,Muribeca,JABOATÃO DOS GUARARAPES,-8.157,-34.968,19.1679603398448,88.1679389312977,69.0839694656489,72.1374045801527,75.5725190839695,0,9,0,0,0,9,990,FALSE,FALSE,FALSE,FALSE,,TRUE
2019-12-05,260790101A,Muribeca,JABOATÃO DOS GUARARAPES,-8.157,-34.968,19.1679603398448,88.1679389312977,69.0839694656489,72.1374045801527,75.5725190839695,0,10,0,0,0,10,2380,FALSE,FALSE,FALSE,FALSE,,TRUE
2019-12-06,260790101A,Muribeca,JABOATÃO DOS GUARARAPES,-8.157,-34.968,19.1679603398448,88.1679389312977,69.0839694656489,72.1374045801527,75.5725190839695,,,,,,0,,FALSE,FALSE,FALSE,FALSE,,FALSE
2019-12-07,260790101A,Muribeca,JABOATÃO DOS GUARARAPES,-8.157,-34.968,19.1679603398448,88.1679389312977,69.0839694656489,72.1374045801527,75.5725190839695,0,8,0,0,0,8,259180,FALSE,FALSE,FALSE,FALSE,,TRUE
2019-12-08,260790101A,Muribeca,JABOATÃO DOS GUARARAPES,-8.157,-34.968,19.1679603398448,88.1679389312977,69.0839694656489,72.1374045801527,75.5725190839695,,,,,,0,,FALSE,FALSE,FALSE,FALSE,,FALSE
2019-12-09,260790101A,Muribeca,JABOATÃO DOS GUARARAPES,-8.157,-34.968,19.1679603398448,88.1679389312977,69.0839694656489,72.1374045801527,75.5725190839695,,,,,,0,,FALSE,FALSE,FALSE,FALSE,,FALSE
2019-12-10,260790101A,Muribeca,JABOATÃO DOS GUARARAPES,-8.157,-34.968,19.1679603398448,88.1679389312977,69.0839694656489,72.1374045801527,75.5725190839695,,,,,,0,,FALSE,FALSE,FALSE,FALSE,,FALSE
2019-12-11,260790101A,Muribeca,JABOATÃO DOS GUARARAPES,-8.157,-34.968,19.1679603398448,88.1679389312977,69.0839694656489,72.1374045801527,75.5725190839695,,,,,,0,,FALSE,FALSE,FALSE,FALSE,,FALSE
2019-12-12,260790101A,Muribeca,JABOATÃO DOS GUARARAPES,-8.157,-34.968,19.1679603398448,88.1679389312977,69.0839694656489,72.1374045801527,75.5725190839695,,,,,,0,,FALSE,FALSE,FALSE,FALSE,,FALSE
2019-12-13,260790101A,Muribeca,JABOATÃO DOS GUARARAPES,-8.157,-34.968,19.1679603398448,88.1679389312977,69.0839694656489,72.1374045801527,75.5725190839695,,,,,,0,,FALSE,FALSE,FALSE,FALSE,,FALSE
2019-12-14,260790101A,Muribeca,JABOATÃO DOS GUARARAPES,-8.157,-34.968,19.1679603398448,88.1679389312977,69.0839694656489,72.1374045801527,75.5725190839695,,,,,,0,,FALSE,FALSE,FALSE,FALSE,,FALSE
2019-12-15,260790101A,Muribeca,JABOATÃO DOS GUARARAPES,-8.157,-34.968,19.1679603398448,88.1679389312977,69.0839694656489,72.1374045801527,75.5725190839695,,,,,,0,,FALSE,FALSE,FALSE,FALSE,,FALSE
2019-12-16,260790101A,Muribeca,JABOATÃO DOS GUARARAPES,-8.157,-34.968,19.1679603398448,88.1679389312977,69.0839694656489,72.1374045801527,75.5725190839695,,,,,,0,,FALSE,FALSE,FALSE,FALSE,,FALSE
2019-12-17,260790101A,Muribeca,JABOATÃO DOS GUARARAPES,-8.157,-34.968,19.1679603398448,88.1679389312977,69.0839694656489,72.1374045801527,75.5725190839695,,,,,,0,,FALSE,FALSE,FALSE,FALSE,,FALSE
2019-12-18,260790101A,Muribeca,JABOATÃO DOS GUARARAPES,-8.157,-34.968,19.1679603398448,88.1679389312977,69.0839694656489,72.1374045801527,75.5725190839695,,,,,,0,,FALSE,FALSE,FALSE,FALSE,,FALSE
2019-12-19,260790101A,Muribeca,JABOATÃO DOS GUARARAPES,-8.157,-34.968,19.1679603398448,88.1679389312977,69.0839694656489,72.1374045801527,75.5725190839695,,,,,,0,,FALSE,FALSE,FALSE,FALSE,,FALSE
2019-12-20,260790101A,Muribeca,JABOATÃO DOS GUARARAPES,-8.157,-34.968,19.1679603398448,88.1679389312977,69.0839694656489,72.1374045801527,75.5725190839695,,,,,,0,,FALSE,FALSE,FALSE,FALSE,,FALSE
2019-12-21,260790101A,Muribeca,JABOATÃO DOS GUARARAPES,-8.157,-34.968,19.1679603398448,88.1679389312977,69.0839694656489,72.1374045801527,75.5725190839695,,,,,,0,,FALSE,FALSE,FALSE,FALSE,,FALSE
2019-12-22,260790101A,Muribeca,JABOATÃO DOS GUARARAPES,-8.157,-34.968,19.1679603398448,88.1679389312977,69.0839694656489,72.1374045801527,75.5725190839695,,,,,,0,,FALSE,FALSE,FALSE,FALSE,,FALSE
2019-12-23,260790101A,Muribeca,JABOATÃO DOS GUARARAPES,-8.157,-34.968,19.1679603398448,88.1679389312977,69.0839694656489,72.1374045801527,75.5725190839695,,,,,,0,,FALSE,FALSE,FALSE,FALSE,,FALSE
2019-12-24,260790101A,Muribeca,JABOATÃO DOS GUARARAPES,-8.157,-34.968,19.1679603398448,88.1679389312977,69.0839694656489,72.1374045801527,75.5725190839695,,,,,,0,,FALSE,FALSE,FALSE,FALSE,,FALSE
2019-12-25,260790101A,Muribeca,JABOATÃO DOS GUARARAPES,-8.157,-34.968,19.1679603398448,88.1679389312977,69.0839694656489,72.1374045801527,75.5725190839695,,,,,,0,,FALSE,FALSE,FALSE,FALSE,,FALSE
2019-12-26,260790101A,Muribeca,JABOATÃO DOS GUARARAPES,-8.157,-34.968,19.1679603398448,88.1679389312977,69.0839694656489,72.1374045801527,75.5725190839695,,,,,,0,,FALSE,FALSE,FALSE,TRUE,64.7619047619048,FALSE
2019-12-27,260790101A,Muribeca,JABOATÃO DOS GUARARAPES,-8.157,-34.968,19.1679603398448,88.1679389312977,69.0839694656489,72.1374045801527,75.5725190839695,,,,,,0,,FALSE,FALSE,FALSE,TRUE,45.9166666666667,FALSE
2019-12-28,260790101A,Muribeca,JABOATÃO DOS GUARARAPES,-8.157,-34.968,19.1679603398448,88.1679389312977,69.0839694656489,72.1374045801527,75.5725190839695,,,,,,0,,FALSE,FALSE,FALSE,TRUE,44.125,FALSE
2019-12-29,260790101A,Muribeca,JABOATÃO DOS GUARARAPES,-8.157,-34.968,19.1679603398448,88.1679389312977,69.0839694656489,72.1374045801527,75.5725190839695,,,,,,0,,FALSE,FALSE,FALSE,TRUE,43.7083333333333,FALSE
2019-12-30,260790101A,Muribeca,JABOATÃO DOS GUARARAPES,-8.157,-34.968,19.1679603398448,88.1679389312977,69.0839694656489,72.1374045801527,75.5725190839695,,,,,,0,,FALSE,FALSE,FALSE,TRUE,43.4166666666667,FALSE
2019-12-31,260790101A,Muribeca,JABOATÃO DOS GUARARAPES,-8.157,-34.968,19.1679603398448,88.1679389312977,69.0839694656489,72.1374045801527,75.5725190839695,,,,,,0,,FALSE,FALSE,FALSE,TRUE,53.4583333333333,FALSE
