fonte_dados,cod_estacao,ano,nome_estacao,tipo_estacao,periodicidade_fonte,intervalo_modal_min,n_esperado_dia,confianca_cadencia,cadencia_inconsistente,n_dias_calendario,n_dias_algum_valor,n_dias_75,n_dias_80,n_dias_90,n_dias_100,prop_algum_valor,prop_75,prop_80,prop_90,prop_100,maior_lacuna_sem_90,n_dias_acima_esperado,n_meses_algum_valor,n_meses_80pct_dias_90
CEMADEN,260005401A,2017,Distrito Industrial - Timbó,PLUVIOMETRICA_AUTOMATICA,,10,144,ALTA,FALSE,365,217,14,12,10,6,0.594520547945206,0.0383561643835616,0.0328767123287671,0.0273972602739726,0.0164383561643836,179,0,8,0
CEMADEN,260005401A,2018,Distrito Industrial - Timbó,PLUVIOMETRICA_AUTOMATICA,,60,24,BAIXA,TRUE,365,249,246,246,245,243,0.682191780821918,0.673972602739726,0.673972602739726,0.671232876712329,0.665753424657534,117,118,9,8
CEMADEN,260005401A,2019,Distrito Industrial - Timbó,PLUVIOMETRICA_AUTOMATICA,,60,24,BAIXA,TRUE,365,351,298,293,289,283,0.961643835616438,0.816438356164383,0.802739726027397,0.791780821917808,0.775342465753425,46,152,12,9
CEMADEN,260005401A,2020,Distrito Industrial - Timbó,PLUVIOMETRICA_AUTOMATICA,,60,24,BAIXA,TRUE,366,283,206,205,201,198,0.773224043715847,0.562841530054645,0.560109289617486,0.549180327868853,0.540983606557377,157,92,10,6
CEMADEN,260005401A,2021,Distrito Industrial - Timbó,PLUVIOMETRICA_AUTOMATICA,,60,24,BAIXA,TRUE,365,365,364,364,363,346,1,0.997260273972603,0.997260273972603,0.994520547945205,0.947945205479452,1,190,12,12
CEMADEN,260005401A,2022,Distrito Industrial - Timbó,PLUVIOMETRICA_AUTOMATICA,,60,24,BAIXA,TRUE,365,365,360,357,356,341,1,0.986301369863014,0.978082191780822,0.975342465753425,0.934246575342466,3,211,12,12
CEMADEN,260005401A,2023,Distrito Industrial - Timbó,PLUVIOMETRICA_AUTOMATICA,,60,24,BAIXA,TRUE,365,365,365,364,364,357,1,1,0.997260273972603,0.997260273972603,0.978082191780822,1,175,12,12
CEMADEN,260005401A,2024,Distrito Industrial - Timbó,PLUVIOMETRICA_AUTOMATICA,,60,24,BAIXA,TRUE,366,28,27,27,27,27,0.0765027322404372,0.0737704918032787,0.0737704918032787,0.0737704918032787,0.0737704918032787,339,10,1,1
CEMADEN,260005402A,2017,ABREU E LIMA - APAC,PLUVIOMETRICA_AUTOMATICA,,60,24,ALTA,FALSE,365,55,40,36,33,17,0.150684931506849,0.10958904109589,0.0986301369863014,0.0904109589041096,0.0465753424657534,318,4,3,0
CEMADEN,260005402A,2018,ABREU E LIMA - APAC,PLUVIOMETRICA_AUTOMATICA,,60,24,BAIXA,TRUE,365,325,182,158,134,109,0.89041095890411,0.498630136986301,0.432876712328767,0.367123287671233,0.298630136986301,112,78,12,1
CEMADEN,260005402A,2019,ABREU E LIMA - APAC,PLUVIOMETRICA_AUTOMATICA,,60,24,BAIXA,TRUE,365,264,219,217,217,207,0.723287671232877,0.6,0.594520547945206,0.594520547945206,0.567123287671233,87,103,10,6
CEMADEN,260005402A,2020,ABREU E LIMA - APAC,PLUVIOMETRICA_AUTOMATICA,,60,24,BAIXA,TRUE,366,348,344,343,340,332,0.950819672131147,0.939890710382514,0.937158469945355,0.92896174863388,0.907103825136612,21,183,12,10
CEMADEN,260005402A,2021,ABREU E LIMA - APAC,PLUVIOMETRICA_AUTOMATICA,,60,24,BAIXA,TRUE,365,365,359,358,355,338,1,0.983561643835616,0.980821917808219,0.972602739726027,0.926027397260274,6,185,12,12
CEMADEN,260005402A,2022,ABREU E LIMA - APAC,PLUVIOMETRICA_AUTOMATICA,,60,24,BAIXA,TRUE,365,365,359,357,352,335,1,0.983561643835616,0.978082191780822,0.964383561643836,0.917808219178082,3,203,12,12
CEMADEN,260005402A,2023,ABREU E LIMA - APAC,PLUVIOMETRICA_AUTOMATICA,,60,24,BAIXA,TRUE,365,365,365,364,364,355,1,1,0.997260273972603,0.997260273972603,0.972602739726027,1,193,12,12
CEMADEN,260005402A,2024,ABREU E LIMA - APAC,PLUVIOMETRICA_AUTOMATICA,,60,24,BAIXA,TRUE,366,355,340,340,338,332,0.969945355191257,0.92896174863388,0.92896174863388,0.923497267759563,0.907103825136612,11,160,12,10
CEMADEN,260005402A,2025,ABREU E LIMA - APAC,PLUVIOMETRICA_AUTOMATICA,,60,24,BAIXA,TRUE,365,365,363,363,363,360,1,0.994520547945205,0.994520547945205,0.994520547945205,0.986301369863014,2,194,12,12
CEMADEN,260010401A,2018,AFOGADOS DA INGAZEIRA - APAC,PLUVIOMETRICA_AUTOMATICA,,60,24,BAIXA,TRUE,365,349,344,344,342,329,0.956164383561644,0.942465753424658,0.942465753424658,0.936986301369863,0.901369863013699,17,63,12,11
CEMADEN,260010401A,2019,AFOGADOS DA INGAZEIRA - APAC,PLUVIOMETRICA_AUTOMATICA,,60,24,BAIXA,TRUE,365,281,196,195,195,190,0.76986301369863,0.536986301369863,0.534246575342466,0.534246575342466,0.520547945205479,170,55,10,6
CEMADEN,260010401A,2020,AFOGADOS DA INGAZEIRA - APAC,PLUVIOMETRICA_AUTOMATICA,,60,24,ALTA,FALSE,366,178,177,176,175,175,0.486338797814208,0.483606557377049,0.480874316939891,0.478142076502732,0.478142076502732,189,175,6,5
CEMADEN,260010401A,2021,AFOGADOS DA INGAZEIRA - APAC,PLUVIOMETRICA_AUTOMATICA,,60,24,ALTA,FALSE,365,265,237,235,233,228,0.726027397260274,0.649315068493151,0.643835616438356,0.638356164383562,0.624657534246575,127,134,12,7
CEMADEN,260010401A,2022,AFOGADOS DA INGAZEIRA - APAC,PLUVIOMETRICA_AUTOMATICA,,60,24,ALTA,FALSE,365,365,359,357,355,333,1,0.983561643835616,0.978082191780822,0.972602739726027,0.912328767123288,2,0,12,12
CEMADEN,260010401A,2023,AFOGADOS DA INGAZEIRA - APAC,PLUVIOMETRICA_AUTOMATICA,,60,24,ALTA,FALSE,365,365,361,360,359,353,1,0.989041095890411,0.986301369863014,0.983561643835616,0.967123287671233,2,10,12,12
CEMADEN,260010401A,2024,AFOGADOS DA INGAZEIRA - APAC,PLUVIOMETRICA_AUTOMATICA,,60,24,BAIXA,TRUE,366,351,340,338,337,331,0.959016393442623,0.92896174863388,0.923497267759563,0.920765027322404,0.904371584699454,13,73,12,10
CEMADEN,260010401A,2025,AFOGADOS DA INGAZEIRA - APAC,PLUVIOMETRICA_AUTOMATICA,,60,24,BAIXA,TRUE,365,177,159,158,155,148,0.484931506849315,0.435616438356164,0.432876712328767,0.424657534246575,0.405479452054795,129,29,8,3
CEMADEN,260020301A,2018,ARIZONA - APAC,PLUVIOMETRICA_AUTOMATICA,,60,24,BAIXA,TRUE,365,118,2,1,1,1,0.323287671232877,0.00547945205479452,0.00273972602739726,0.00273972602739726,0.00273972602739726,337,1,9,0
CEMADEN,260020301A,2019,ARIZONA - APAC,PLUVIOMETRICA_AUTOMATICA,,10,144,BAIXA,TRUE,365,62,0,0,0,0,0.16986301369863,0,0,0,0,365,0,6,0
CEMADEN,260020301U,2017,AFRANIO,PLUVIOMETRICA_AUTOMATICA,,60,24,MEDIA,FALSE,365,29,10,9,9,7,0.0794520547945206,0.0273972602739726,0.0246575342465753,0.0246575342465753,0.0191780821917808,247,3,3,0
CEMADEN,260020301U,2018,AFRANIO,PLUVIOMETRICA_AUTOMATICA,,60,24,ALTA,FALSE,365,171,62,62,61,61,0.468493150684932,0.16986301369863,0.16986301369863,0.167123287671233,0.167123287671233,164,0,10,1
CEMADEN,260020301U,2019,AFRANIO,PLUVIOMETRICA_AUTOMATICA,,60,24,MEDIA,FALSE,365,29,27,27,27,27,0.0794520547945206,0.073972602739726,0.073972602739726,0.073972602739726,0.073972602739726,206,1,2,0
CEMADEN,260020301U,2022,AFRANIO,PLUVIOMETRICA_AUTOMATICA,,60,24,ALTA,FALSE,365,77,75,75,73,73,0.210958904109589,0.205479452054795,0.205479452054795,0.2,0.2,166,13,4,1
CEMADEN,260020302A,2024,Afrânio [Centro] - APAC,PLUVIOMETRICA_AUTOMATICA,,60,24,ALTA,FALSE,366,157,148,148,146,140,0.42896174863388,0.404371584699454,0.404371584699454,0.398907103825137,0.382513661202186,216,12,6,5
CEMADEN,260020302A,2025,Afrânio [Centro] - APAC,PLUVIOMETRICA_AUTOMATICA,,60,24,ALTA,FALSE,365,364,359,356,351,327,0.997260273972603,0.983561643835616,0.975342465753425,0.961643835616438,0.895890410958904,3,35,12,12
CEMADEN,260030201A,2019,AGRESTINA - APAC,PLUVIOMETRICA_AUTOMATICA,,60,24,BAIXA,TRUE,365,209,193,190,190,188,0.572602739726027,0.528767123287671,0.520547945205479,0.520547945205479,0.515068493150685,135,94,8,5
CEMADEN,260030201A,2020,AGRESTINA - APAC,PLUVIOMETRICA_AUTOMATICA,,60,24,BAIXA,TRUE,366,201,195,194,193,191,0.549180327868853,0.532786885245902,0.530054644808743,0.527322404371585,0.521857923497268,142,109,8,6
CEMADEN,260030201A,2021,AGRESTINA - APAC,PLUVIOMETRICA_AUTOMATICA,,60,24,BAIXA,TRUE,365,151,149,149,147,137,0.413698630136986,0.408219178082192,0.408219178082192,0.402739726027397,0.375342465753425,215,51,5,5
CEMADEN,260030201A,2022,AGRESTINA - APAC,PLUVIOMETRICA_AUTOMATICA,,60,24,BAIXA,TRUE,365,365,363,362,359,346,1,0.994520547945205,0.991780821917808,0.983561643835616,0.947945205479452,1,158,12,12
CEMADEN,260030201A,2023,AGRESTINA - APAC,PLUVIOMETRICA_AUTOMATICA,,60,24,BAIXA,TRUE,365,365,362,362,362,353,1,0.991780821917808,0.991780821917808,0.991780821917808,0.967123287671233,2,153,12,12
CEMADEN,260030201A,2024,AGRESTINA - APAC,PLUVIOMETRICA_AUTOMATICA,,60,24,BAIXA,TRUE,366,336,301,299,298,288,0.918032786885246,0.822404371584699,0.816939890710383,0.814207650273224,0.786885245901639,30,107,12,8
CEMADEN,260030201A,2025,AGRESTINA - APAC,PLUVIOMETRICA_AUTOMATICA,,60,24,BAIXA,TRUE,365,303,258,257,255,245,0.83013698630137,0.706849315068493,0.704109589041096,0.698630136986301,0.671232876712329,57,114,12,8
CEMADEN,260040101A,2017,Bairro D´Ouro,PLUVIOMETRICA_AUTOMATICA,,60,24,BAIXA,TRUE,365,362,359,359,357,347,0.991780821917808,0.983561643835616,0.983561643835616,0.978082191780822,0.950684931506849,3,202,12,12
CEMADEN,260040101A,2018,Bairro D´Ouro,PLUVIOMETRICA_AUTOMATICA,,60,24,BAIXA,TRUE,365,355,346,346,342,336,0.972602739726027,0.947945205479452,0.947945205479452,0.936986301369863,0.920547945205479,17,147,12,11
CEMADEN,260040101A,2019,Bairro D´Ouro,PLUVIOMETRICA_AUTOMATICA,,60,24,BAIXA,TRUE,365,206,142,137,137,128,0.564383561643836,0.389041095890411,0.375342465753425,0.375342465753425,0.350684931506849,182,62,10,3
CEMADEN,260040101A,2020,Bairro D´Ouro,PLUVIOMETRICA_AUTOMATICA,,60,24,BAIXA,TRUE,366,259,220,216,208,184,0.707650273224044,0.601092896174863,0.59016393442623,0.568306010928962,0.502732240437159,141,99,10,7
CEMADEN,260040101A,2021,Bairro D´Ouro,PLUVIOMETRICA_AUTOMATICA,,60,24,BAIXA,TRUE,365,362,356,355,355,341,0.991780821917808,0.975342465753425,0.972602739726027,0.972602739726027,0.934246575342466,7,172,12,11
CEMADEN,260040101A,2022,Bairro D´Ouro,PLUVIOMETRICA_AUTOMATICA,,60,24,BAIXA,TRUE,365,362,338,334,327,318,0.991780821917808,0.926027397260274,0.915068493150685,0.895890410958904,0.871232876712329,6,194,12,9
CEMADEN,260040101A,2023,Bairro D´Ouro,PLUVIOMETRICA_AUTOMATICA,,60,24,BAIXA,TRUE,365,356,335,330,323,300,0.975342465753425,0.917808219178082,0.904109589041096,0.884931506849315,0.821917808219178,15,124,12,11
CEMADEN,260040101A,2024,Bairro D´Ouro,PLUVIOMETRICA_AUTOMATICA,,60,24,BAIXA,TRUE,366,366,360,359,356,347,1,0.983606557377049,0.980874316939891,0.972677595628415,0.948087431693989,2,153,12,12
CEMADEN,260040101A,2025,Bairro D´Ouro,PLUVIOMETRICA_AUTOMATICA,,60,24,BAIXA,TRUE,365,362,172,172,168,164,0.991780821917808,0.471232876712329,0.471232876712329,0.46027397260274,0.449315068493151,190,84,12,6
CEMADEN,260040102A,2017,AGUA PRETA - APAC,PLUVIOMETRICA_AUTOMATICA,,60,24,BAIXA,TRUE,365,42,40,40,38,21,0.115068493150685,0.10958904109589,0.10958904109589,0.104109589041096,0.0575342465753425,325,5,2,1
CEMADEN,260040102A,2018,AGUA PRETA - APAC,PLUVIOMETRICA_AUTOMATICA,,60,24,BAIXA,TRUE,365,365,362,362,357,344,1,0.991780821917808,0.991780821917808,0.978082191780822,0.942465753424658,2,164,12,12
CEMADEN,260040102A,2019,AGUA PRETA - APAC,PLUVIOMETRICA_AUTOMATICA,,60,24,BAIXA,TRUE,365,212,142,137,123,114,0.580821917808219,0.389041095890411,0.375342465753425,0.336986301369863,0.312328767123288,104,76,11,2
CEMADEN,260040102A,2022,AGUA PRETA - APAC,PLUVIOMETRICA_AUTOMATICA,,,1,BAIXA,FALSE,365,1,1,1,1,1,0.00273972602739726,0.00273972602739726,0.00273972602739726,0.00273972602739726,0.00273972602739726,296,0,1,0
CEMADEN,260050001A,2017,Garanhuns,PLUVIOMETRICA_AUTOMATICA,,60,24,BAIXA,TRUE,365,207,176,169,165,156,0.567123287671233,0.482191780821918,0.463013698630137,0.452054794520548,0.427397260273973,61,41,11,5
CEMADEN,260050001A,2018,Garanhuns,PLUVIOMETRICA_AUTOMATICA,,60,24,BAIXA,TRUE,365,361,330,318,304,269,0.989041095890411,0.904109589041096,0.871232876712329,0.832876712328767,0.736986301369863,8,55,12,8
CEMADEN,260050001A,2019,Garanhuns,PLUVIOMETRICA_AUTOMATICA,,60,24,BAIXA,TRUE,365,328,249,236,211,185,0.898630136986301,0.682191780821918,0.646575342465753,0.578082191780822,0.506849315068493,13,56,12,5
CEMADEN,260050001A,2021,Garanhuns,PLUVIOMETRICA_AUTOMATICA,,60,24,BAIXA,TRUE,365,297,295,295,294,269,0.813698630136986,0.808219178082192,0.808219178082192,0.805479452054795,0.736986301369863,69,103,10,9
CEMADEN,260050001A,2022,Garanhuns,PLUVIOMETRICA_AUTOMATICA,,60,24,BAIXA,TRUE,365,206,184,182,181,171,0.564383561643836,0.504109589041096,0.498630136986301,0.495890410958904,0.468493150684932,123,61,8,6
CEMADEN,260050001A,2023,Garanhuns,PLUVIOMETRICA_AUTOMATICA,,60,24,ALTA,FALSE,365,44,37,34,31,19,0.120547945205479,0.101369863013699,0.0931506849315068,0.0849315068493151,0.052054794520548,294,3,4,0
CEMADEN,260050001A,2024,Garanhuns,PLUVIOMETRICA_AUTOMATICA,,60,24,BAIXA,TRUE,366,362,349,339,319,271,0.989071038251366,0.953551912568306,0.926229508196721,0.871584699453552,0.740437158469945,10,89,12,10
CEMADEN,260050001A,2025,Garanhuns,PLUVIOMETRICA_AUTOMATICA,,60,24,BAIXA,TRUE,365,365,350,336,314,251,1,0.958904109589041,0.920547945205479,0.86027397260274,0.687671232876712,4,81,12,9
CEMADEN,260050002A,2017,Centro,PLUVIOMETRICA_AUTOMATICA,,60,24,BAIXA,TRUE,365,362,356,356,355,352,0.991780821917808,0.975342465753425,0.975342465753425,0.972602739726027,0.964383561643836,4,124,12,12
CEMADEN,260050002A,2018,Centro,PLUVIOMETRICA_AUTOMATICA,,60,24,BAIXA,TRUE,365,365,361,361,359,353,1,0.989041095890411,0.989041095890411,0.983561643835616,0.967123287671233,2,78,12,12
CEMADEN,260050002A,2019,Centro,PLUVIOMETRICA_AUTOMATICA,,60,24,BAIXA,TRUE,365,337,316,310,305,299,0.923287671232877,0.865753424657534,0.849315068493151,0.835616438356164,0.819178082191781,20,69,12,9
CEMADEN,260050002A,2020,Centro,PLUVIOMETRICA_AUTOMATICA,,60,24,BAIXA,TRUE,366,347,294,289,284,275,0.948087431693989,0.80327868852459,0.789617486338798,0.775956284153005,0.751366120218579,53,88,12,9
CEMADEN,260050002A,2021,Centro,PLUVIOMETRICA_AUTOMATICA,,60,24,ALTA,FALSE,365,326,266,264,260,250,0.893150684931507,0.728767123287671,0.723287671232877,0.712328767123288,0.684931506849315,69,13,12,8
CEMADEN,260050002A,2022,Centro,PLUVIOMETRICA_AUTOMATICA,,60,24,BAIXA,TRUE,365,257,244,243,241,222,0.704109589041096,0.668493150684932,0.665753424657534,0.66027397260274,0.608219178082192,116,82,10,8
CEMADEN,260050002A,2023,Centro,PLUVIOMETRICA_AUTOMATICA,,60,24,BAIXA,TRUE,365,365,364,364,364,357,1,0.997260273972603,0.997260273972603,0.997260273972603,0.978082191780822,1,90,12,12
CEMADEN,260050002A,2024,Centro,PLUVIOMETRICA_AUTOMATICA,,60,24,BAIXA,TRUE,366,366,364,364,363,360,1,0.994535519125683,0.994535519125683,0.991803278688525,0.983606557377049,2,113,12,12
CEMADEN,260050002A,2025,Centro,PLUVIOMETRICA_AUTOMATICA,,60,24,BAIXA,TRUE,365,336,336,336,334,329,0.920547945205479,0.920547945205479,0.920547945205479,0.915068493150685,0.901369863013699,30,93,12,11
CEMADEN,260060901A,2024,Alagoinha [Garagem Municipal] - APAC,PLUVIOMETRICA_AUTOMATICA,,60,24,BAIXA,TRUE,366,275,252,248,241,234,0.751366120218579,0.688524590163934,0.677595628415301,0.658469945355191,0.639344262295082,50,69,11,6
CEMADEN,260060901A,2025,Alagoinha [Garagem Municipal] - APAC,PLUVIOMETRICA_AUTOMATICA,,60,24,BAIXA,TRUE,365,346,307,297,283,262,0.947945205479452,0.841095890410959,0.813698630136986,0.775342465753425,0.717808219178082,18,60,12,6
CEMADEN,260060901U,2017,ALAGOINHA,PLUVIOMETRICA_AUTOMATICA,,60,24,MEDIA,FALSE,365,20,14,14,14,11,0.0547945205479452,0.0383561643835616,0.0383561643835616,0.0383561643835616,0.0301369863013699,275,1,4,0
CEMADEN,260060901U,2018,ALAGOINHA,PLUVIOMETRICA_AUTOMATICA,,60,24,ALTA,FALSE,365,224,217,217,217,215,0.613698630136986,0.594520547945206,0.594520547945206,0.594520547945206,0.589041095890411,132,25,9,7
CEMADEN,260060901U,2019,ALAGOINHA,PLUVIOMETRICA_AUTOMATICA,,60,24,BAIXA,TRUE,365,149,144,143,143,143,0.408219178082192,0.394520547945205,0.391780821917808,0.391780821917808,0.391780821917808,214,30,5,5
CEMADEN,260060901U,2022,ALAGOINHA,PLUVIOMETRICA_AUTOMATICA,,60,24,BAIXA,TRUE,365,30,29,29,29,28,0.0821917808219178,0.0794520547945206,0.0794520547945206,0.0794520547945206,0.0767123287671233,221,9,2,0
CEMADEN,260070801A,2017,ALIANCA - APAC,PLUVIOMETRICA_AUTOMATICA,,60,24,ALTA,FALSE,365,43,37,37,35,19,0.117808219178082,0.101369863013699,0.101369863013699,0.0958904109589041,0.052054794520548,327,4,2,1
CEMADEN,260070801A,2018,ALIANCA - APAC,PLUVIOMETRICA_AUTOMATICA,,60,24,BAIXA,TRUE,365,365,347,340,324,294,1,0.950684931506849,0.931506849315068,0.887671232876712,0.805479452054795,5,108,12,9
CEMADEN,260070801A,2019,ALIANCA - APAC,PLUVIOMETRICA_AUTOMATICA,,60,24,BAIXA,TRUE,365,353,302,289,272,247,0.967123287671233,0.827397260273973,0.791780821917808,0.745205479452055,0.676712328767123,23,119,12,8
CEMADEN,260070801A,2020,ALIANCA - APAC,PLUVIOMETRICA_AUTOMATICA,,60,24,BAIXA,TRUE,366,338,303,286,259,223,0.923497267759563,0.827868852459016,0.781420765027322,0.707650273224044,0.609289617486339,28,90,12,6
CEMADEN,260070801A,2021,ALIANCA - APAC,PLUVIOMETRICA_AUTOMATICA,,60,24,BAIXA,TRUE,365,101,87,87,87,84,0.276712328767123,0.238356164383562,0.238356164383562,0.238356164383562,0.23013698630137,168,52,5,2
CEMADEN,260070801A,2022,ALIANCA - APAC,PLUVIOMETRICA_AUTOMATICA,,60,24,BAIXA,TRUE,365,236,144,140,132,124,0.646575342465753,0.394520547945205,0.383561643835616,0.361643835616438,0.33972602739726,87,70,9,3
CEMADEN,260070801A,2023,ALIANCA - APAC,PLUVIOMETRICA_AUTOMATICA,,60,24,BAIXA,TRUE,365,365,354,349,342,326,1,0.96986301369863,0.956164383561644,0.936986301369863,0.893150684931507,3,127,12,11
CEMADEN,260070801A,2024,ALIANCA - APAC,PLUVIOMETRICA_AUTOMATICA,,60,24,BAIXA,TRUE,366,355,324,318,314,299,0.969945355191257,0.885245901639344,0.868852459016394,0.85792349726776,0.816939890710383,11,113,12,8
CEMADEN,260070801A,2025,ALIANCA - APAC,PLUVIOMETRICA_AUTOMATICA,,60,24,BAIXA,TRUE,365,268,267,267,266,266,0.734246575342466,0.731506849315069,0.731506849315069,0.728767123287671,0.728767123287671,98,133,9,9
CEMADEN,260080701A,2017,Prefeitura,PLUVIOMETRICA_AUTOMATICA,,60,24,BAIXA,TRUE,365,365,365,365,364,355,1,1,1,0.997260273972603,0.972602739726027,1,160,12,12
CEMADEN,260080701A,2018,Prefeitura,PLUVIOMETRICA_AUTOMATICA,,60,24,BAIXA,TRUE,365,365,364,363,361,350,1,0.997260273972603,0.994520547945205,0.989041095890411,0.958904109589041,2,114,12,12
CEMADEN,260080701A,2019,Prefeitura,PLUVIOMETRICA_AUTOMATICA,,60,24,BAIXA,TRUE,365,361,345,343,341,318,0.989041095890411,0.945205479452055,0.93972602739726,0.934246575342466,0.871232876712329,5,121,12,11
CEMADEN,260080701A,2020,Prefeitura,PLUVIOMETRICA_AUTOMATICA,,60,24,BAIXA,TRUE,366,366,362,360,358,333,1,0.989071038251366,0.983606557377049,0.978142076502732,0.909836065573771,2,121,12,12
CEMADEN,260080701A,2021,Prefeitura,PLUVIOMETRICA_AUTOMATICA,,60,24,BAIXA,TRUE,365,281,280,279,278,265,0.76986301369863,0.767123287671233,0.764383561643836,0.761643835616438,0.726027397260274,86,107,10,9
CEMADEN,260080701A,2022,Prefeitura,PLUVIOMETRICA_AUTOMATICA,,60,24,BAIXA,TRUE,365,104,100,99,98,91,0.284931506849315,0.273972602739726,0.271232876712329,0.268493150684932,0.249315068493151,101,47,5,2
CEMADEN,260080701A,2023,Prefeitura,PLUVIOMETRICA_AUTOMATICA,,60,24,BAIXA,TRUE,365,325,317,316,310,296,0.89041095890411,0.868493150684932,0.865753424657534,0.849315068493151,0.810958904109589,39,119,11,9
CEMADEN,260080701A,2024,Prefeitura,PLUVIOMETRICA_AUTOMATICA,,60,24,BAIXA,TRUE,366,358,340,335,330,322,0.978142076502732,0.92896174863388,0.915300546448087,0.901639344262295,0.879781420765027,9,119,12,11
CEMADEN,260080701A,2025,Prefeitura,PLUVIOMETRICA_AUTOMATICA,,60,24,BAIXA,TRUE,365,272,216,212,208,198,0.745205479452055,0.591780821917808,0.580821917808219,0.56986301369863,0.542465753424658,30,76,12,5
CEMADEN,260080701C,2018,ALTINHO,PLUVIOMETRICA_AUTOMATICA,,60,24,ALTA,FALSE,365,117,101,101,100,96,0.32054794520548,0.276712328767123,0.276712328767123,0.273972602739726,0.263013698630137,190,5,7,2
CEMADEN,260080701C,2019,ALTINHO,PLUVIOMETRICA_AUTOMATICA,,60,24,BAIXA,TRUE,365,312,260,257,255,253,0.854794520547945,0.712328767123288,0.704109589041096,0.698630136986301,0.693150684931507,73,89,12,7
CEMADEN,260080701C,2020,ALTINHO,PLUVIOMETRICA_AUTOMATICA,,60,24,BAIXA,TRUE,366,366,271,264,258,253,1,0.740437158469945,0.721311475409836,0.704918032786885,0.691256830601093,61,122,12,8
CEMADEN,260080701C,2021,ALTINHO,PLUVIOMETRICA_AUTOMATICA,,60,24,BAIXA,TRUE,365,75,2,2,1,1,0.205479452054795,0.00547945205479452,0.00547945205479452,0.00273972602739726,0.00273972602739726,305,1,3,0
CEMADEN,260080701C,2022,ALTINHO,PLUVIOMETRICA_AUTOMATICA,,60,24,BAIXA,TRUE,365,125,125,124,124,124,0.342465753424658,0.342465753424658,0.33972602739726,0.33972602739726,0.33972602739726,146,70,5,4
CEMADEN,260080702A,2017,ALTINHO - APAC,PLUVIOMETRICA_AUTOMATICA,,60,24,BAIXA,TRUE,365,12,11,11,10,4,0.0328767123287671,0.0301369863013699,0.0301369863013699,0.0273972602739726,0.010958904109589,354,3,1,0
CEMADEN,260080702A,2018,ALTINHO - APAC,PLUVIOMETRICA_AUTOMATICA,,60,24,BAIXA,TRUE,365,365,364,362,358,334,1,0.997260273972603,0.991780821917808,0.980821917808219,0.915068493150685,1,102,12,12
CEMADEN,260080702A,2019,ALTINHO - APAC,PLUVIOMETRICA_AUTOMATICA,,60,24,BAIXA,TRUE,365,343,324,322,322,311,0.93972602739726,0.887671232876712,0.882191780821918,0.882191780821918,0.852054794520548,16,116,12,9
CEMADEN,260080702A,2020,ALTINHO - APAC,PLUVIOMETRICA_AUTOMATICA,,60,24,BAIXA,TRUE,366,358,343,342,339,332,0.978142076502732,0.937158469945355,0.934426229508197,0.926229508196721,0.907103825136612,22,121,12,11
CEMADEN,260080702A,2021,ALTINHO - APAC,PLUVIOMETRICA_AUTOMATICA,,60,24,BAIXA,TRUE,365,365,364,363,357,332,1,0.997260273972603,0.994520547945205,0.978082191780822,0.90958904109589,1,123,12,12
CEMADEN,260080702A,2022,ALTINHO - APAC,PLUVIOMETRICA_AUTOMATICA,,60,24,BAIXA,TRUE,365,186,183,183,182,174,0.50958904109589,0.501369863013699,0.501369863013699,0.498630136986301,0.476712328767123,177,78,7,6
CEMADEN,260090601A,2017,AMARAJI - APAC,PLUVIOMETRICA_AUTOMATICA,,60,24,ALTA,FALSE,365,46,44,43,39,21,0.126027397260274,0.120547945205479,0.117808219178082,0.106849315068493,0.0575342465753425,320,4,2,1
CEMADEN,260090601A,2018,AMARAJI - APAC,PLUVIOMETRICA_AUTOMATICA,,60,24,BAIXA,TRUE,365,365,362,361,358,337,1,0.991780821917808,0.989041095890411,0.980821917808219,0.923287671232877,2,166,12,12
CEMADEN,260090601A,2019,AMARAJI - APAC,PLUVIOMETRICA_AUTOMATICA,,60,24,BAIXA,TRUE,365,354,346,345,343,328,0.96986301369863,0.947945205479452,0.945205479452055,0.93972602739726,0.898630136986301,12,166,12,11
CEMADEN,260090601A,2020,AMARAJI - APAC,PLUVIOMETRICA_AUTOMATICA,,60,24,BAIXA,TRUE,366,357,349,349,345,334,0.975409836065574,0.953551912568306,0.953551912568306,0.942622950819672,0.912568306010929,15,165,12,10
CEMADEN,260090601A,2021,AMARAJI - APAC,PLUVIOMETRICA_AUTOMATICA,,60,24,BAIXA,TRUE,365,197,191,189,183,181,0.53972602739726,0.523287671232877,0.517808219178082,0.501369863013699,0.495890410958904,170,81,8,6
CEMADEN,260090601A,2022,AMARAJI - APAC,PLUVIOMETRICA_AUTOMATICA,,60,24,BAIXA,TRUE,365,365,359,354,353,337,1,0.983561643835616,0.96986301369863,0.967123287671233,0.923287671232877,2,187,12,12
CEMADEN,260090601A,2023,AMARAJI - APAC,PLUVIOMETRICA_AUTOMATICA,,60,24,BAIXA,TRUE,365,365,364,364,363,358,1,0.997260273972603,0.997260273972603,0.994520547945205,0.980821917808219,1,200,12,12
CEMADEN,260090601A,2024,AMARAJI - APAC,PLUVIOMETRICA_AUTOMATICA,,60,24,BAIXA,TRUE,366,334,329,329,328,322,0.912568306010929,0.898907103825137,0.898907103825137,0.896174863387978,0.879781420765027,30,150,12,10
CEMADEN,260090601A,2025,AMARAJI - APAC,PLUVIOMETRICA_AUTOMATICA,,60,24,BAIXA,TRUE,365,300,267,266,261,257,0.821917808219178,0.731506849315069,0.728767123287671,0.715068493150685,0.704109589041096,46,150,12,8
CEMADEN,260090602A,2025,G2-260090602A,PLUVIOMETRICA_AUTOMATICA,,60,24,BAIXA,TRUE,365,124,122,122,121,111,0.33972602739726,0.334246575342466,0.334246575342466,0.331506849315069,0.304109589041096,241,40,5,4
CEMADEN,260090603A,2025,G2-260090603A,PLUVIOMETRICA_AUTOMATICA,,60,24,BAIXA,TRUE,365,124,120,119,118,112,0.33972602739726,0.328767123287671,0.326027397260274,0.323287671232877,0.306849315068493,241,40,5,4
CEMADEN,260090604A,2025,G2-260090604A,PLUVIOMETRICA_AUTOMATICA,,60,24,BAIXA,TRUE,365,73,42,42,41,37,0.2,0.115068493150685,0.115068493150685,0.112328767123288,0.101369863013699,241,24,5,1
CEMADEN,260100301A,2017,ANGELIM - APAC,PLUVIOMETRICA_AUTOMATICA,,60,24,BAIXA,TRUE,365,26,24,24,23,16,0.0712328767123288,0.0657534246575342,0.0657534246575342,0.063013698630137,0.0438356164383562,341,3,1,0
CEMADEN,260100301A,2018,ANGELIM - APAC,PLUVIOMETRICA_AUTOMATICA,,60,24,BAIXA,TRUE,365,365,362,361,360,342,1,0.991780821917808,0.989041095890411,0.986301369863014,0.936986301369863,2,132,12,12
CEMADEN,260100301A,2019,ANGELIM - APAC,PLUVIOMETRICA_AUTOMATICA,,60,24,BAIXA,TRUE,365,294,283,281,279,270,0.805479452054795,0.775342465753425,0.76986301369863,0.764383561643836,0.73972602739726,47,131,12,9
CEMADEN,260100301A,2020,ANGELIM - APAC,PLUVIOMETRICA_AUTOMATICA,,60,24,BAIXA,TRUE,366,183,181,178,177,169,0.5,0.494535519125683,0.486338797814208,0.483606557377049,0.461748633879781,167,100,7,5
CEMADEN,260100301A,2021,ANGELIM - APAC,PLUVIOMETRICA_AUTOMATICA,,60,24,BAIXA,TRUE,365,92,87,84,78,74,0.252054794520548,0.238356164383562,0.23013698630137,0.213698630136986,0.202739726027397,220,37,4,1
CEMADEN,260100301A,2022,ANGELIM - APAC,PLUVIOMETRICA_AUTOMATICA,,60,24,BAIXA,TRUE,365,101,99,95,93,88,0.276712328767123,0.271232876712329,0.26027397260274,0.254794520547945,0.241095890410959,265,24,4,3
CEMADEN,260100301A,2023,ANGELIM - APAC,PLUVIOMETRICA_AUTOMATICA,,60,24,BAIXA,TRUE,365,365,364,363,362,356,1,0.997260273972603,0.994520547945205,0.991780821917808,0.975342465753425,1,148,12,12
CEMADEN,260100301A,2024,ANGELIM - APAC,PLUVIOMETRICA_AUTOMATICA,,60,24,BAIXA,TRUE,366,358,345,344,342,333,0.978142076502732,0.942622950819672,0.939890710382514,0.934426229508197,0.909836065573771,9,129,12,11
CEMADEN,260100301A,2025,ANGELIM - APAC,PLUVIOMETRICA_AUTOMATICA,,60,24,BAIXA,TRUE,365,217,175,174,172,165,0.594520547945206,0.479452054794521,0.476712328767123,0.471232876712329,0.452054794520548,120,72,10,5
CEMADEN,260105201A,2017,ARACOIABA - APAC,PLUVIOMETRICA_AUTOMATICA,,60,24,ALTA,FALSE,365,53,52,51,49,34,0.145205479452055,0.142465753424658,0.13972602739726,0.134246575342466,0.0931506849315068,312,7,2,1
CEMADEN,260105201A,2018,ARACOIABA - APAC,PLUVIOMETRICA_AUTOMATICA,,60,24,BAIXA,TRUE,365,365,363,363,361,341,1,0.994520547945205,0.994520547945205,0.989041095890411,0.934246575342466,1,145,12,12
CEMADEN,260105201A,2019,ARACOIABA - APAC,PLUVIOMETRICA_AUTOMATICA,,60,24,BAIXA,TRUE,365,324,313,313,311,303,0.887671232876712,0.857534246575342,0.857534246575342,0.852054794520548,0.83013698630137,40,138,12,10
CEMADEN,260105201A,2020,ARACOIABA - APAC,PLUVIOMETRICA_AUTOMATICA,,60,24,BAIXA,TRUE,366,366,364,362,362,351,1,0.994535519125683,0.989071038251366,0.989071038251366,0.959016393442623,1,144,12,12
CEMADEN,260105201A,2021,ARACOIABA - APAC,PLUVIOMETRICA_AUTOMATICA,,60,24,BAIXA,TRUE,365,183,170,170,168,160,0.501369863013699,0.465753424657534,0.465753424657534,0.46027397260274,0.438356164383562,187,71,8,4
CEMADEN,260105201A,2022,ARACOIABA - APAC,PLUVIOMETRICA_AUTOMATICA,,60,24,BAIXA,TRUE,365,305,266,262,259,256,0.835616438356164,0.728767123287671,0.717808219178082,0.70958904109589,0.701369863013699,84,120,12,8
CEMADEN,260105201A,2023,ARACOIABA - APAC,PLUVIOMETRICA_AUTOMATICA,,60,24,BAIXA,TRUE,365,365,359,356,355,349,1,0.983561643835616,0.975342465753425,0.972602739726027,0.956164383561644,3,155,12,12
CEMADEN,260105201A,2024,ARACOIABA - APAC,PLUVIOMETRICA_AUTOMATICA,,60,24,BAIXA,TRUE,366,346,334,332,330,327,0.945355191256831,0.912568306010929,0.907103825136612,0.901639344262295,0.89344262295082,16,114,12,10
CEMADEN,260105201A,2025,ARACOIABA - APAC,PLUVIOMETRICA_AUTOMATICA,,60,24,BAIXA,TRUE,365,365,365,365,364,363,1,1,1,0.997260273972603,0.994520547945205,1,158,12,12
CEMADEN,260110201A,2018,GERGILIN - APAC,PLUVIOMETRICA_AUTOMATICA,,60,24,ALTA,FALSE,365,208,202,201,200,184,0.56986301369863,0.553424657534247,0.550684931506849,0.547945205479452,0.504109589041096,158,0,7,6
CEMADEN,260110201A,2019,GERGILIN - APAC,PLUVIOMETRICA_AUTOMATICA,,60,24,ALTA,FALSE,365,343,329,326,323,304,0.93972602739726,0.901369863013699,0.893150684931507,0.884931506849315,0.832876712328767,12,0,12,9
CEMADEN,260110201A,2020,GERGILIN - APAC,PLUVIOMETRICA_AUTOMATICA,,60,24,ALTA,FALSE,366,194,178,176,172,165,0.530054644808743,0.486338797814208,0.480874316939891,0.469945355191257,0.450819672131148,150,0,8,4
CEMADEN,260110201A,2021,GERGILIN - APAC,PLUVIOMETRICA_AUTOMATICA,,60,24,BAIXA,FALSE,365,4,3,3,3,3,0.010958904109589,0.00821917808219178,0.00821917808219178,0.00821917808219178,0.00821917808219178,299,0,1,0
CEMADEN,260110201A,2024,GERGILIN - APAC,PLUVIOMETRICA_AUTOMATICA,,,1,BAIXA,FALSE,366,1,1,1,1,1,0.00273224043715847,0.00273224043715847,0.00273224043715847,0.00273224043715847,0.00273224043715847,192,0,1,0
CEMADEN,260110202A,2024,Araripina - APAC,PLUVIOMETRICA_AUTOMATICA,,60,24,ALTA,FALSE,366,123,109,109,107,107,0.336065573770492,0.297814207650273,0.297814207650273,0.292349726775956,0.292349726775956,117,11,9,1
CEMADEN,260110202A,2025,Araripina - APAC,PLUVIOMETRICA_AUTOMATICA,,60,24,BAIXA,TRUE,365,365,365,365,364,359,1,1,1,0.997260273972603,0.983561643835616,1,63,12,12
CEMADEN,260110203A,2025,G2-260110203A,PLUVIOMETRICA_AUTOMATICA,,60,24,ALTA,FALSE,365,101,99,99,96,84,0.276712328767123,0.271232876712329,0.271232876712329,0.263013698630137,0.23013698630137,265,11,4,3
CEMADEN,260110204A,2025,G2-260110204A,PLUVIOMETRICA_AUTOMATICA,,60,24,ALTA,FALSE,365,102,101,100,100,91,0.279452054794521,0.276712328767123,0.273972602739726,0.273972602739726,0.249315068493151,265,11,4,3
CEMADEN,260110206A,2025,G2-260110206A,PLUVIOMETRICA_AUTOMATICA,,60,24,ALTA,FALSE,365,101,100,100,99,94,0.276712328767123,0.273972602739726,0.273972602739726,0.271232876712329,0.257534246575342,265,10,4,3
CEMADEN,260110207A,2025,G2-260110207A,PLUVIOMETRICA_AUTOMATICA,,60,24,BAIXA,TRUE,365,95,93,93,92,68,0.26027397260274,0.254794520547945,0.254794520547945,0.252054794520548,0.186301369863014,272,11,4,3
CEMADEN,260120101A,2023,IPOJUCA - APAC,PLUVIOMETRICA_AUTOMATICA,,60,24,BAIXA,TRUE,365,185,183,182,182,179,0.506849315068493,0.501369863013699,0.498630136986301,0.498630136986301,0.49041095890411,181,26,7,6
CEMADEN,260120101A,2024,IPOJUCA - APAC,PLUVIOMETRICA_AUTOMATICA,,60,24,BAIXA,TRUE,366,330,304,302,291,281,0.901639344262295,0.830601092896175,0.825136612021858,0.795081967213115,0.76775956284153,18,66,12,7
CEMADEN,260120101A,2025,IPOJUCA - APAC,PLUVIOMETRICA_AUTOMATICA,,60,24,BAIXA,TRUE,365,261,238,234,228,213,0.715068493150685,0.652054794520548,0.641095890410959,0.624657534246575,0.583561643835617,56,41,12,5
CEMADEN,260120101C,2017,ARCOVERDE,PLUVIOMETRICA_AUTOMATICA,,60,24,BAIXA,TRUE,365,74,65,65,64,63,0.202739726027397,0.178082191780822,0.178082191780822,0.175342465753425,0.172602739726027,144,6,5,1
CEMADEN,260120101C,2018,ARCOVERDE,PLUVIOMETRICA_AUTOMATICA,,60,24,BAIXA,TRUE,365,351,277,260,235,216,0.961643835616438,0.758904109589041,0.712328767123288,0.643835616438356,0.591780821917808,60,41,12,5
CEMADEN,260120101C,2019,ARCOVERDE,PLUVIOMETRICA_AUTOMATICA,,60,24,BAIXA,TRUE,365,234,141,141,141,139,0.641095890410959,0.386301369863014,0.386301369863014,0.386301369863014,0.380821917808219,126,58,8,3
CEMADEN,260120101C,2020,ARCOVERDE,PLUVIOMETRICA_AUTOMATICA,,60,24,MEDIA,FALSE,366,22,2,2,2,2,0.0601092896174863,0.00546448087431694,0.00546448087431694,0.00546448087431694,0.00546448087431694,179,1,2,0
CEMADEN,260120101C,2022,ARCOVERDE,PLUVIOMETRICA_AUTOMATICA,,60,24,BAIXA,TRUE,365,8,6,6,6,6,0.0219178082191781,0.0164383561643836,0.0164383561643836,0.0164383561643836,0.0164383561643836,185,6,1,0
CEMADEN,260130001A,2017,Centro,PLUVIOMETRICA_AUTOMATICA,,10,144,ALTA,FALSE,365,365,27,19,16,14,1,0.073972602739726,0.052054794520548,0.0438356164383562,0.0383561643835616,164,0,12,0
CEMADEN,260130001A,2018,Centro,PLUVIOMETRICA_AUTOMATICA,,60,24,BAIXA,TRUE,365,365,361,360,356,350,1,0.989041095890411,0.986301369863014,0.975342465753425,0.958904109589041,2,151,12,12
CEMADEN,260130001A,2019,Centro,PLUVIOMETRICA_AUTOMATICA,,60,24,BAIXA,TRUE,365,354,342,337,333,323,0.96986301369863,0.936986301369863,0.923287671232877,0.912328767123288,0.884931506849315,11,146,12,10
CEMADEN,260130001A,2020,Centro,PLUVIOMETRICA_AUTOMATICA,,60,24,BAIXA,TRUE,366,366,356,353,350,338,1,0.972677595628415,0.96448087431694,0.956284153005464,0.923497267759563,3,151,12,12
CEMADEN,260130001A,2021,Centro,PLUVIOMETRICA_AUTOMATICA,,60,24,BAIXA,TRUE,365,365,364,364,360,322,1,0.997260273972603,0.997260273972603,0.986301369863014,0.882191780821918,1,158,12,12
CEMADEN,260130001A,2022,Centro,PLUVIOMETRICA_AUTOMATICA,,60,24,BAIXA,TRUE,365,365,359,357,353,338,1,0.983561643835616,0.978082191780822,0.967123287671233,0.926027397260274,5,188,12,12
CEMADEN,260130001A,2023,Centro,PLUVIOMETRICA_AUTOMATICA,,60,24,BAIXA,TRUE,365,365,365,365,363,345,1,1,1,0.994520547945205,0.945205479452055,1,179,12,12
CEMADEN,260130001A,2024,Centro,PLUVIOMETRICA_AUTOMATICA,,60,24,BAIXA,TRUE,366,366,364,363,362,335,1,0.994535519125683,0.991803278688525,0.989071038251366,0.915300546448087,2,160,12,12
CEMADEN,260130001A,2025,Centro,PLUVIOMETRICA_AUTOMATICA,,60,24,BAIXA,TRUE,365,305,281,281,276,265,0.835616438356164,0.76986301369863,0.76986301369863,0.756164383561644,0.726027397260274,45,140,12,8
CEMADEN,260130002A,2019,BARRA DE GUABIRABA - APAC,PLUVIOMETRICA_AUTOMATICA,,60,24,BAIXA,TRUE,365,212,190,185,181,179,0.580821917808219,0.520547945205479,0.506849315068493,0.495890410958904,0.49041095890411,134,97,8,4
CEMADEN,260130002A,2020,BARRA DE GUABIRABA - APAC,PLUVIOMETRICA_AUTOMATICA,,60,24,BAIXA,TRUE,366,43,0,0,0,0,0.117486338797814,0,0,0,0,366,0,3,0
CEMADEN,260130002A,2023,BARRA DE GUABIRABA - APAC,PLUVIOMETRICA_AUTOMATICA,,10,144,BAIXA,TRUE,365,1,0,0,0,0,0.00273972602739726,0,0,0,0,365,0,1,0
CEMADEN,260130016H,2023,Centro,PLUVIOMETRICA_AUTOMATICA,,60,24,BAIXA,TRUE,365,237,236,236,236,236,0.649315068493151,0.646575342465753,0.646575342465753,0.646575342465753,0.646575342465753,129,133,8,7
CEMADEN,260130016H,2024,Centro,PLUVIOMETRICA_AUTOMATICA,,60,24,BAIXA,TRUE,366,366,366,366,366,366,1,1,1,1,1,0,162,12,12
CEMADEN,260130016H,2025,Centro,PLUVIOMETRICA_AUTOMATICA,,60,24,BAIXA,TRUE,365,365,365,365,364,364,1,1,1,0.997260273972603,0.997260273972603,1,181,12,12
CEMADEN,260140901A,2017,Barreiros,PLUVIOMETRICA_AUTOMATICA,,60,24,BAIXA,TRUE,365,365,365,365,365,362,1,1,1,1,0.991780821917808,0,221,12,12
CEMADEN,260140901A,2018,Barreiros,PLUVIOMETRICA_AUTOMATICA,,60,24,BAIXA,TRUE,365,365,363,363,363,360,1,0.994520547945205,0.994520547945205,0.994520547945205,0.986301369863014,2,197,12,12
CEMADEN,260140901A,2019,Barreiros,PLUVIOMETRICA_AUTOMATICA,,60,24,BAIXA,TRUE,365,363,352,346,345,331,0.994520547945205,0.964383561643836,0.947945205479452,0.945205479452055,0.906849315068493,5,173,12,11
CEMADEN,260140901A,2020,Barreiros,PLUVIOMETRICA_AUTOMATICA,,60,24,BAIXA,TRUE,366,366,361,360,349,316,1,0.986338797814208,0.983606557377049,0.953551912568306,0.863387978142077,3,131,12,11
CEMADEN,260140901A,2021,Barreiros,PLUVIOMETRICA_AUTOMATICA,,60,24,ALTA,FALSE,365,344,329,327,323,312,0.942465753424658,0.901369863013699,0.895890410958904,0.884931506849315,0.854794520547945,30,31,12,11
CEMADEN,260140901A,2022,Barreiros,PLUVIOMETRICA_AUTOMATICA,,60,24,BAIXA,TRUE,365,273,266,263,260,259,0.747945205479452,0.728767123287671,0.72054794520548,0.712328767123288,0.70958904109589,96,149,10,9
CEMADEN,260140901A,2023,Barreiros,PLUVIOMETRICA_AUTOMATICA,,60,24,BAIXA,TRUE,365,364,360,360,360,356,0.997260273972603,0.986301369863014,0.986301369863014,0.986301369863014,0.975342465753425,4,194,12,12
CEMADEN,260140901A,2024,Barreiros,PLUVIOMETRICA_AUTOMATICA,,60,24,BAIXA,TRUE,366,311,282,281,280,276,0.849726775956284,0.770491803278689,0.76775956284153,0.765027322404372,0.754098360655738,71,130,12,8
CEMADEN,260140901A,2025,Barreiros,PLUVIOMETRICA_AUTOMATICA,,60,24,BAIXA,TRUE,365,256,228,227,224,219,0.701369863013699,0.624657534246575,0.621917808219178,0.613698630136986,0.6,91,147,10,7
CEMADEN,260140901H,2017,Barreiros,PLUVIOMETRICA_AUTOMATICA,,10,144,BAIXA,TRUE,365,227,8,5,1,0,0.621917808219178,0.0219178082191781,0.0136986301369863,0.00273972602739726,0,200,0,10,0
CEMADEN,260140901H,2020,Rio Caruma,PLUVIOMETRICA_AUTOMATICA,,60,24,ALTA,FALSE,366,74,72,72,68,62,0.202185792349727,0.19672131147541,0.19672131147541,0.185792349726776,0.169398907103825,293,18,3,2
CEMADEN,260140901H,2021,Rio Caruma,PLUVIOMETRICA_AUTOMATICA,,60,24,BAIXA,TRUE,365,294,290,290,285,268,0.805479452054795,0.794520547945206,0.794520547945206,0.780821917808219,0.734246575342466,68,132,10,9
CEMADEN,260140902A,2017,Rod. Armínio Cuil Hi Rme,PLUVIOMETRICA_AUTOMATICA,,60,24,BAIXA,TRUE,365,365,365,365,364,360,1,1,1,0.997260273972603,0.986301369863014,1,219,12,12
CEMADEN,260140902A,2018,Rod. Armínio Cuil Hi Rme,PLUVIOMETRICA_AUTOMATICA,,60,24,BAIXA,TRUE,365,365,363,363,363,352,1,0.994520547945205,0.994520547945205,0.994520547945205,0.964383561643836,2,171,12,12
CEMADEN,260140902A,2019,Rod. Armínio Cuil Hi Rme,PLUVIOMETRICA_AUTOMATICA,,60,24,BAIXA,TRUE,365,355,343,338,336,319,0.972602739726027,0.93972602739726,0.926027397260274,0.920547945205479,0.873972602739726,11,164,12,11
CEMADEN,260140902A,2020,Hospital Municipal,PLUVIOMETRICA_AUTOMATICA,,60,24,BAIXA,TRUE,366,366,359,356,340,298,1,0.980874316939891,0.972677595628415,0.92896174863388,0.814207650273224,3,153,12,10
CEMADEN,260140902A,2021,Hospital Municipal,PLUVIOMETRICA_AUTOMATICA,,60,24,BAIXA,TRUE,365,207,206,205,205,196,0.567123287671233,0.564383561643836,0.561643835616438,0.561643835616438,0.536986301369863,159,119,7,7
CEMADEN,260140902A,2022,Hospital Municipal,PLUVIOMETRICA_AUTOMATICA,,60,24,BAIXA,TRUE,365,262,230,227,223,218,0.717808219178082,0.63013698630137,0.621917808219178,0.610958904109589,0.597260273972603,60,124,12,6
CEMADEN,260140902A,2023,Hospital Municipal,PLUVIOMETRICA_AUTOMATICA,,60,24,BAIXA,TRUE,365,365,365,364,364,347,1,1,0.997260273972603,0.997260273972603,0.950684931506849,1,199,12,12
CEMADEN,260140902A,2024,Hospital Municipal,PLUVIOMETRICA_AUTOMATICA,,60,24,BAIXA,TRUE,366,366,364,363,362,351,1,0.994535519125683,0.991803278688525,0.989071038251366,0.959016393442623,2,168,12,12
CEMADEN,260140902A,2025,Hospital Municipal,PLUVIOMETRICA_AUTOMATICA,,60,24,BAIXA,TRUE,365,310,306,306,305,297,0.849315068493151,0.838356164383562,0.838356164383562,0.835616438356164,0.813698630136986,39,161,12,9
CEMADEN,260140903A,2017,BARREIROS - APAC,PLUVIOMETRICA_AUTOMATICA,,60,24,BAIXA,TRUE,365,42,40,40,40,29,0.115068493150685,0.10958904109589,0.10958904109589,0.10958904109589,0.0794520547945206,325,9,2,1
CEMADEN,260140903A,2018,BARREIROS - APAC,PLUVIOMETRICA_AUTOMATICA,,60,24,BAIXA,TRUE,365,365,364,364,363,346,1,0.997260273972603,0.997260273972603,0.994520547945205,0.947945205479452,1,170,12,12
CEMADEN,260140903A,2019,BARREIROS - APAC,PLUVIOMETRICA_AUTOMATICA,,60,24,BAIXA,TRUE,365,318,304,301,298,293,0.871232876712329,0.832876712328767,0.824657534246575,0.816438356164383,0.802739726027397,40,164,11,10
CEMADEN,260140903A,2021,BARREIROS - APAC,PLUVIOMETRICA_AUTOMATICA,,10,144,BAIXA,TRUE,365,107,0,0,0,0,0.293150684931507,0,0,0,0,365,0,5,0
CEMADEN,260140903A,2022,BARREIROS - APAC,PLUVIOMETRICA_AUTOMATICA,,10,144,BAIXA,TRUE,365,3,0,0,0,0,0.00821917808219178,0,0,0,0,365,0,1,0
CEMADEN,260140917H,2023,Zona Rural,PLUVIOMETRICA_AUTOMATICA,,60,24,BAIXA,TRUE,365,236,235,235,235,235,0.646575342465753,0.643835616438356,0.643835616438356,0.643835616438356,0.643835616438356,130,142,8,7
CEMADEN,260140917H,2024,Zona Rural,PLUVIOMETRICA_AUTOMATICA,,60,24,BAIXA,TRUE,366,366,366,366,366,366,1,1,1,1,1,0,201,12,12
CEMADEN,260140917H,2025,Zona Rural,PLUVIOMETRICA_AUTOMATICA,,60,24,BAIXA,TRUE,365,358,357,357,356,355,0.980821917808219,0.978082191780822,0.978082191780822,0.975342465753425,0.972602739726027,8,213,12,11
CEMADEN,260150802A,2017,Batateiras,PLUVIOMETRICA_AUTOMATICA,,60,24,BAIXA,TRUE,365,298,285,283,278,274,0.816438356164383,0.780821917808219,0.775342465753425,0.761643835616438,0.750684931506849,27,129,12,9
CEMADEN,260150802A,2018,Batateiras,PLUVIOMETRICA_AUTOMATICA,,60,24,BAIXA,TRUE,365,365,363,362,361,353,1,0.994520547945205,0.991780821917808,0.989041095890411,0.967123287671233,2,150,12,12
CEMADEN,260150802A,2019,Batateiras,PLUVIOMETRICA_AUTOMATICA,,60,24,BAIXA,TRUE,365,338,325,322,318,308,0.926027397260274,0.89041095890411,0.882191780821918,0.871232876712329,0.843835616438356,16,140,12,10
CEMADEN,260150802A,2020,Batateiras,PLUVIOMETRICA_AUTOMATICA,,60,24,BAIXA,TRUE,366,233,187,186,184,173,0.636612021857924,0.510928961748634,0.508196721311475,0.502732240437159,0.472677595628415,177,59,9,6
CEMADEN,260150802A,2021,Batateiras,PLUVIOMETRICA_AUTOMATICA,,60,24,BAIXA,TRUE,365,365,364,364,362,323,1,0.997260273972603,0.997260273972603,0.991780821917808,0.884931506849315,1,159,12,12
CEMADEN,260150802A,2022,Batateiras,PLUVIOMETRICA_AUTOMATICA,,60,24,BAIXA,TRUE,365,365,361,357,355,326,1,0.989041095890411,0.978082191780822,0.972602739726027,0.893150684931507,4,178,12,12
CEMADEN,260150802A,2023,Batateiras,PLUVIOMETRICA_AUTOMATICA,,60,24,BAIXA,TRUE,365,365,365,363,363,358,1,1,0.994520547945205,0.994520547945205,0.980821917808219,1,172,12,12
CEMADEN,260150802A,2024,Batateiras,PLUVIOMETRICA_AUTOMATICA,,60,24,BAIXA,TRUE,366,366,363,362,362,358,1,0.991803278688525,0.989071038251366,0.989071038251366,0.978142076502732,2,151,12,12
CEMADEN,260150802A,2025,Batateiras,PLUVIOMETRICA_AUTOMATICA,,60,24,BAIXA,TRUE,365,365,364,364,363,361,1,0.997260273972603,0.997260273972603,0.994520547945205,0.989041095890411,1,172,12,12
CEMADEN,260170601A,2023,Belo Jardim [15 BPM] - APAC,PLUVIOMETRICA_AUTOMATICA,,60,24,BAIXA,TRUE,365,43,41,41,41,41,0.117808219178082,0.112328767123288,0.112328767123288,0.112328767123288,0.112328767123288,221,13,2,1
CEMADEN,260170601A,2024,Belo Jardim [15 BPM] - APAC,PLUVIOMETRICA_AUTOMATICA,,60,24,BAIXA,TRUE,366,341,328,328,326,320,0.931693989071038,0.896174863387978,0.896174863387978,0.890710382513661,0.87431693989071,17,87,12,10
CEMADEN,260170601A,2025,Belo Jardim [15 BPM] - APAC,PLUVIOMETRICA_AUTOMATICA,,60,24,BAIXA,TRUE,365,283,252,251,251,245,0.775342465753425,0.69041095890411,0.687671232876712,0.687671232876712,0.671232876712329,30,83,12,7
CEMADEN,260170601C,2018,BELO JARDIM,PLUVIOMETRICA_AUTOMATICA,,60,24,BAIXA,TRUE,365,304,291,289,288,288,0.832876712328767,0.797260273972603,0.791780821917808,0.789041095890411,0.789041095890411,40,69,11,8
CEMADEN,260170601C,2019,BELO JARDIM,PLUVIOMETRICA_AUTOMATICA,,60,24,BAIXA,TRUE,365,339,204,194,180,172,0.928767123287671,0.558904109589041,0.531506849315069,0.493150684931507,0.471232876712329,71,45,12,4
CEMADEN,260170601C,2020,BELO JARDIM,PLUVIOMETRICA_AUTOMATICA,,60,24,ALTA,FALSE,366,334,154,129,108,86,0.912568306010929,0.420765027322404,0.352459016393443,0.295081967213115,0.234972677595628,78,31,11,0
CEMADEN,260170601C,2022,BELO JARDIM,PLUVIOMETRICA_AUTOMATICA,,60,24,BAIXA,TRUE,365,5,1,0,0,0,0.0136986301369863,0.00273972602739726,0,0,0,365,0,1,0
CEMADEN,260170601C,2023,BELO JARDIM,PLUVIOMETRICA_AUTOMATICA,,60,24,ALTA,FALSE,365,365,48,22,8,4,1,0.131506849315068,0.0602739726027397,0.0219178082191781,0.010958904109589,120,3,12,0
CEMADEN,260170601C,2024,BELO JARDIM,PLUVIOMETRICA_AUTOMATICA,,60,24,BAIXA,TRUE,366,230,8,5,3,0,0.628415300546448,0.0218579234972678,0.0136612021857924,0.00819672131147541,0,261,0,10,0
CEMADEN,260170601C,2025,BELO JARDIM,PLUVIOMETRICA_AUTOMATICA,,60,24,BAIXA,TRUE,365,4,0,0,0,0,0.010958904109589,0,0,0,0,365,0,1,0
CEMADEN,260170602A,2025,G2-260170602A,PLUVIOMETRICA_AUTOMATICA,,60,24,ALTA,FALSE,365,120,119,119,118,100,0.328767123287671,0.326027397260274,0.326027397260274,0.323287671232877,0.273972602739726,246,13,4,4
CEMADEN,260170603A,2025,G2-260170603A,PLUVIOMETRICA_AUTOMATICA,,60,24,ALTA,FALSE,365,120,119,119,118,105,0.328767123287671,0.326027397260274,0.326027397260274,0.323287671232877,0.287671232876712,246,12,4,4
CEMADEN,260170604A,2025,G2-260170604A,PLUVIOMETRICA_AUTOMATICA,,60,24,ALTA,FALSE,365,120,119,119,118,105,0.328767123287671,0.326027397260274,0.326027397260274,0.323287671232877,0.287671232876712,246,11,4,4
CEMADEN,260180501A,2018,SÃO CAETANO DO NAVIO - APAC,PLUVIOMETRICA_AUTOMATICA,,60,24,ALTA,FALSE,365,293,287,287,285,268,0.802739726027397,0.786301369863014,0.786301369863014,0.780821917808219,0.734246575342466,74,28,10,9
CEMADEN,260180501A,2019,SÃO CAETANO DO NAVIO - APAC,PLUVIOMETRICA_AUTOMATICA,,60,24,BAIXA,TRUE,365,234,225,225,222,211,0.641095890410959,0.616438356164384,0.616438356164384,0.608219178082192,0.578082191780822,126,39,8,7
CEMADEN,260180501A,2024,SÃO CAETANO DO NAVIO - APAC,PLUVIOMETRICA_AUTOMATICA,,60,24,ALTA,FALSE,366,175,169,167,160,154,0.478142076502732,0.461748633879781,0.456284153005465,0.437158469945355,0.420765027322404,175,17,7,4
CEMADEN,260180501A,2025,SÃO CAETANO DO NAVIO - APAC,PLUVIOMETRICA_AUTOMATICA,,60,24,BAIXA,TRUE,365,271,247,244,242,233,0.742465753424658,0.676712328767123,0.668493150684932,0.663013698630137,0.638356164383562,45,46,12,6
CEMADEN,260180501U,2018,BETANIA,PLUVIOMETRICA_AUTOMATICA,,60,24,BAIXA,TRUE,365,2,0,0,0,0,0.00547945205479452,0,0,0,0,365,0,2,0
CEMADEN,260190401A,2017,Centro,PLUVIOMETRICA_AUTOMATICA,,60,24,BAIXA,TRUE,365,362,358,357,354,350,0.991780821917808,0.980821917808219,0.978082191780822,0.96986301369863,0.958904109589041,4,128,12,12
CEMADEN,260190401A,2018,Centro,PLUVIOMETRICA_AUTOMATICA,,60,24,BAIXA,TRUE,365,365,362,362,361,354,1,0.991780821917808,0.991780821917808,0.989041095890411,0.96986301369863,2,78,12,12
CEMADEN,260190401A,2019,Centro,PLUVIOMETRICA_AUTOMATICA,,60,24,BAIXA,TRUE,365,352,334,331,327,312,0.964383561643836,0.915068493150685,0.906849315068493,0.895890410958904,0.854794520547945,11,88,12,10
CEMADEN,260190401A,2020,Centro,PLUVIOMETRICA_AUTOMATICA,,60,24,BAIXA,TRUE,366,366,351,348,344,328,1,0.959016393442623,0.950819672131147,0.939890710382514,0.896174863387978,3,86,12,12
CEMADEN,260190401A,2021,Centro,PLUVIOMETRICA_AUTOMATICA,,60,24,BAIXA,TRUE,365,365,364,361,358,337,1,0.997260273972603,0.989041095890411,0.980821917808219,0.923287671232877,2,86,12,11
CEMADEN,260190401A,2022,Centro,PLUVIOMETRICA_AUTOMATICA,,60,24,BAIXA,TRUE,365,365,358,355,354,338,1,0.980821917808219,0.972602739726027,0.96986301369863,0.926027397260274,5,116,12,12
CEMADEN,260190401A,2023,Centro,PLUVIOMETRICA_AUTOMATICA,,60,24,BAIXA,TRUE,365,365,363,362,361,350,1,0.994520547945205,0.991780821917808,0.989041095890411,0.958904109589041,2,110,12,12
CEMADEN,260190401A,2024,Centro,PLUVIOMETRICA_AUTOMATICA,,60,24,BAIXA,TRUE,366,353,346,345,345,335,0.96448087431694,0.945355191256831,0.942622950819672,0.942622950819672,0.915300546448087,19,91,12,11
CEMADEN,260190401A,2025,Centro,PLUVIOMETRICA_AUTOMATICA,,60,24,BAIXA,TRUE,365,308,234,231,229,228,0.843835616438356,0.641095890410959,0.632876712328767,0.627397260273973,0.624657534246575,99,74,12,7
CEMADEN,260190401C,2017,BEZERROS,PLUVIOMETRICA_AUTOMATICA,,10,144,BAIXA,TRUE,365,1,0,0,0,0,0.00273972602739726,0,0,0,0,365,0,1,0
CEMADEN,260190401C,2018,BEZERROS,PLUVIOMETRICA_AUTOMATICA,,60,24,BAIXA,TRUE,365,317,151,136,129,124,0.868493150684932,0.413698630136986,0.372602739726027,0.353424657534247,0.33972602739726,175,58,11,4
CEMADEN,260190401C,2019,BEZERROS,PLUVIOMETRICA_AUTOMATICA,,60,24,ALTA,FALSE,365,348,36,22,17,9,0.953424657534246,0.0986301369863014,0.0602739726027397,0.0465753424657534,0.0246575342465753,170,6,12,0
CEMADEN,260190401C,2020,BEZERROS,PLUVIOMETRICA_AUTOMATICA,,60,24,ALTA,FALSE,366,343,89,38,16,9,0.937158469945355,0.243169398907104,0.103825136612022,0.0437158469945355,0.0245901639344262,149,7,12,0
CEMADEN,260190401C,2021,BEZERROS,PLUVIOMETRICA_AUTOMATICA,,60,24,ALTA,FALSE,365,322,259,239,206,186,0.882191780821918,0.70958904109589,0.654794520547945,0.564383561643836,0.50958904109589,64,18,12,5
CEMADEN,260200101A,2023,Bodocó [IPA] - APAC,PLUVIOMETRICA_AUTOMATICA,,60,24,ALTA,FALSE,365,149,145,145,145,132,0.408219178082192,0.397260273972603,0.397260273972603,0.397260273972603,0.361643835616438,213,12,5,5
CEMADEN,260200101A,2024,Bodocó [IPA] - APAC,PLUVIOMETRICA_AUTOMATICA,,60,24,BAIXA,TRUE,366,324,303,301,301,293,0.885245901639344,0.827868852459016,0.822404371584699,0.822404371584699,0.800546448087432,52,63,12,10
CEMADEN,260200101A,2025,Bodocó [IPA] - APAC,PLUVIOMETRICA_AUTOMATICA,,60,24,ALTA,FALSE,365,365,365,365,361,352,1,1,1,0.989041095890411,0.964383561643836,1,30,12,12
CEMADEN,260200101C,2017,BODOCO,PLUVIOMETRICA_AUTOMATICA,,10,144,ALTA,FALSE,365,118,13,12,10,7,0.323287671232877,0.0356164383561644,0.0328767123287671,0.0273972602739726,0.0191780821917808,184,0,10,0
CEMADEN,260200101C,2018,BODOCO,PLUVIOMETRICA_AUTOMATICA,,60,24,BAIXA,TRUE,365,269,210,208,201,197,0.736986301369863,0.575342465753425,0.56986301369863,0.550684931506849,0.53972602739726,37,33,12,1
CEMADEN,260200101C,2019,BODOCO,PLUVIOMETRICA_AUTOMATICA,,60,24,ALTA,FALSE,365,37,22,17,16,15,0.101369863013699,0.0602739726027397,0.0465753424657534,0.0438356164383562,0.0410958904109589,232,0,4,0
CEMADEN,260210001A,2023,Bom Conselho [9 BPM] - APAC,PLUVIOMETRICA_AUTOMATICA,,60,24,ALTA,FALSE,365,139,137,137,137,120,0.380821917808219,0.375342465753425,0.375342465753425,0.375342465753425,0.328767123287671,227,24,5,4
CEMADEN,260210001A,2024,Bom Conselho [9 BPM] - APAC,PLUVIOMETRICA_AUTOMATICA,,60,24,BAIXA,TRUE,366,304,280,279,278,270,0.830601092896175,0.765027322404372,0.762295081967213,0.759562841530055,0.737704918032787,35,66,12,8
CEMADEN,260210001A,2025,Bom Conselho [9 BPM] - APAC,PLUVIOMETRICA_AUTOMATICA,,60,24,BAIXA,TRUE,365,365,365,364,362,352,1,1,0.997260273972603,0.991780821917808,0.964383561643836,1,105,12,12
CEMADEN,260210001C,2017,BOM CONSELHO,PLUVIOMETRICA_AUTOMATICA,,10,144,ALTA,FALSE,365,158,58,56,55,55,0.432876712328767,0.158904109589041,0.153424657534247,0.150684931506849,0.150684931506849,155,0,10,1
CEMADEN,260210001C,2018,BOM CONSELHO,PLUVIOMETRICA_AUTOMATICA,,60,24,BAIXA,TRUE,365,346,340,336,332,330,0.947945205479452,0.931506849315068,0.920547945205479,0.90958904109589,0.904109589041096,18,94,12,11
CEMADEN,260210001C,2019,BOM CONSELHO,PLUVIOMETRICA_AUTOMATICA,,60,24,BAIXA,TRUE,365,272,238,236,235,235,0.745205479452055,0.652054794520548,0.646575342465753,0.643835616438356,0.643835616438356,62,76,11,6
CEMADEN,260210001C,2020,BOM CONSELHO,PLUVIOMETRICA_AUTOMATICA,,60,24,BAIXA,TRUE,366,300,264,251,249,249,0.819672131147541,0.721311475409836,0.685792349726776,0.680327868852459,0.680327868852459,78,117,11,7
CEMADEN,260210001C,2022,BOM CONSELHO,PLUVIOMETRICA_AUTOMATICA,,60,24,BAIXA,TRUE,365,242,218,199,180,159,0.663013698630137,0.597260273972603,0.545205479452055,0.493150684931507,0.435616438356164,124,84,8,5
CEMADEN,260210001C,2023,BOM CONSELHO,PLUVIOMETRICA_AUTOMATICA,,60,24,BAIXA,TRUE,365,365,271,235,211,192,1,0.742465753424658,0.643835616438356,0.578082191780822,0.526027397260274,54,99,12,6
CEMADEN,260210001C,2024,BOM CONSELHO,PLUVIOMETRICA_AUTOMATICA,,60,24,BAIXA,TRUE,366,363,4,1,1,1,0.991803278688525,0.0109289617486339,0.00273224043715847,0.00273224043715847,0.00273224043715847,226,1,12,0
CEMADEN,260210001C,2025,BOM CONSELHO,PLUVIOMETRICA_AUTOMATICA,,60,24,BAIXA,TRUE,365,105,0,0,0,0,0.287671232876712,0,0,0,0,365,0,4,0
CEMADEN,260220901A,2017,BOM JARDIM - APAC,PLUVIOMETRICA_AUTOMATICA,,60,24,BAIXA,TRUE,365,15,14,14,14,12,0.0410958904109589,0.0383561643835616,0.0383561643835616,0.0383561643835616,0.0328767123287671,351,3,1,0
CEMADEN,260220901A,2018,BOM JARDIM - APAC,PLUVIOMETRICA_AUTOMATICA,,60,24,BAIXA,TRUE,365,116,116,114,101,81,0.317808219178082,0.317808219178082,0.312328767123288,0.276712328767123,0.221917808219178,249,43,4,3
CEMADEN,260220901A,2019,BOM JARDIM - APAC,PLUVIOMETRICA_AUTOMATICA,,60,24,BAIXA,TRUE,365,54,48,47,46,45,0.147945205479452,0.131506849315068,0.128767123287671,0.126027397260274,0.123287671232877,295,12,3,0
CEMADEN,260220901A,2020,BOM JARDIM - APAC,PLUVIOMETRICA_AUTOMATICA,,60,24,BAIXA,TRUE,366,363,360,358,353,336,0.991803278688525,0.983606557377049,0.978142076502732,0.96448087431694,0.918032786885246,5,114,12,12
CEMADEN,260220901A,2021,BOM JARDIM - APAC,PLUVIOMETRICA_AUTOMATICA,,60,24,BAIXA,TRUE,365,211,200,199,198,184,0.578082191780822,0.547945205479452,0.545205479452055,0.542465753424658,0.504109589041096,134,55,8,6
CEMADEN,260220901A,2022,BOM JARDIM - APAC,PLUVIOMETRICA_AUTOMATICA,,60,24,BAIXA,TRUE,365,12,11,11,10,10,0.0328767123287671,0.0301369863013699,0.0301369863013699,0.0273972602739726,0.0273972602739726,187,4,1,0
CEMADEN,260220901A,2023,BOM JARDIM - APAC,PLUVIOMETRICA_AUTOMATICA,,60,24,BAIXA,TRUE,365,345,342,342,341,323,0.945205479452055,0.936986301369863,0.936986301369863,0.934246575342466,0.884931506849315,20,141,12,11
CEMADEN,260220901A,2024,BOM JARDIM - APAC,PLUVIOMETRICA_AUTOMATICA,,60,24,BAIXA,TRUE,366,366,364,364,364,360,1,0.994535519125683,0.994535519125683,0.994535519125683,0.983606557377049,2,127,12,12
CEMADEN,260220901A,2025,BOM JARDIM - APAC,PLUVIOMETRICA_AUTOMATICA,,60,24,BAIXA,TRUE,365,365,365,365,362,355,1,1,1,0.991780821917808,0.972602739726027,1,145,12,12
CEMADEN,260220902A,2025,G2-260220902A,PLUVIOMETRICA_AUTOMATICA,,60,24,ALTA,FALSE,365,111,108,107,104,87,0.304109589041096,0.295890410958904,0.293150684931507,0.284931506849315,0.238356164383562,256,12,4,3
CEMADEN,260220903A,2025,G2-260220903A,PLUVIOMETRICA_AUTOMATICA,,60,24,ALTA,FALSE,365,111,108,104,99,93,0.304109589041096,0.295890410958904,0.284931506849315,0.271232876712329,0.254794520547945,256,16,4,2
CEMADEN,260220904A,2025,G2-260220904A,PLUVIOMETRICA_AUTOMATICA,,60,24,BAIXA,TRUE,365,127,125,124,123,115,0.347945205479452,0.342465753424658,0.33972602739726,0.336986301369863,0.315068493150685,240,25,5,4
CEMADEN,260230801A,2017,BONITO - APAC,PLUVIOMETRICA_AUTOMATICA,,60,24,BAIXA,TRUE,365,16,16,15,9,5,0.0438356164383562,0.0438356164383562,0.0410958904109589,0.0246575342465753,0.0136986301369863,350,2,1,0
CEMADEN,260230801A,2018,BONITO - APAC,PLUVIOMETRICA_AUTOMATICA,,60,24,BAIXA,TRUE,365,365,361,359,349,312,1,0.989041095890411,0.983561643835616,0.956164383561644,0.854794520547945,2,157,12,11
CEMADEN,260230801A,2019,BONITO - APAC,PLUVIOMETRICA_AUTOMATICA,,60,24,BAIXA,TRUE,365,354,347,344,342,323,0.96986301369863,0.950684931506849,0.942465753424658,0.936986301369863,0.884931506849315,12,160,12,11
CEMADEN,260230801A,2020,BONITO - APAC,PLUVIOMETRICA_AUTOMATICA,,60,24,BAIXA,TRUE,366,212,212,212,211,206,0.579234972677596,0.579234972677596,0.579234972677596,0.576502732240437,0.562841530054645,154,109,7,7
CEMADEN,260230801A,2021,BONITO - APAC,PLUVIOMETRICA_AUTOMATICA,,60,24,BAIXA,TRUE,365,151,150,148,148,143,0.413698630136986,0.410958904109589,0.405479452054795,0.405479452054795,0.391780821917808,214,68,5,5
CEMADEN,260230801A,2022,BONITO - APAC,PLUVIOMETRICA_AUTOMATICA,,60,24,BAIXA,TRUE,365,363,357,353,350,346,0.994520547945205,0.978082191780822,0.967123287671233,0.958904109589041,0.947945205479452,5,190,12,11
CEMADEN,260230801A,2023,BONITO - APAC,PLUVIOMETRICA_AUTOMATICA,,60,24,BAIXA,TRUE,365,356,339,338,331,325,0.975342465753425,0.928767123287671,0.926027397260274,0.906849315068493,0.89041095890411,20,168,12,11
CEMADEN,260230801A,2024,BONITO - APAC,PLUVIOMETRICA_AUTOMATICA,,60,24,BAIXA,TRUE,366,362,355,354,351,343,0.989071038251366,0.969945355191257,0.967213114754098,0.959016393442623,0.937158469945355,6,170,12,11
CEMADEN,260230801A,2025,BONITO - APAC,PLUVIOMETRICA_AUTOMATICA,,60,24,BAIXA,TRUE,365,362,360,360,358,355,0.991780821917808,0.986301369863014,0.986301369863014,0.980821917808219,0.972602739726027,6,186,12,12
CEMADEN,260230802A,2019,BONITO 2 - APAC,PLUVIOMETRICA_AUTOMATICA,,60,24,BAIXA,TRUE,365,51,49,48,47,46,0.13972602739726,0.134246575342466,0.131506849315068,0.128767123287671,0.126027397260274,317,8,2,1
CEMADEN,260230802A,2020,BONITO 2 - APAC,PLUVIOMETRICA_AUTOMATICA,,60,24,BAIXA,TRUE,366,182,176,175,175,169,0.497267759562842,0.480874316939891,0.478142076502732,0.478142076502732,0.461748633879781,166,102,7,5
CEMADEN,260230802A,2021,BONITO 2 - APAC,PLUVIOMETRICA_AUTOMATICA,,60,24,BAIXA,TRUE,365,147,143,137,131,119,0.402739726027397,0.391780821917808,0.375342465753425,0.358904109589041,0.326027397260274,215,66,5,4
CEMADEN,260230802A,2022,BONITO 2 - APAC,PLUVIOMETRICA_AUTOMATICA,,60,24,BAIXA,TRUE,365,350,343,342,340,318,0.958904109589041,0.93972602739726,0.936986301369863,0.931506849315068,0.871232876712329,17,197,12,11
CEMADEN,260230802A,2023,BONITO 2 - APAC,PLUVIOMETRICA_AUTOMATICA,,60,24,BAIXA,TRUE,365,193,190,190,187,178,0.528767123287671,0.520547945205479,0.520547945205479,0.512328767123288,0.487671232876712,174,122,8,6
CEMADEN,260230802A,2024,BONITO 2 - APAC,PLUVIOMETRICA_AUTOMATICA,,60,24,BAIXA,TRUE,366,260,235,227,211,191,0.710382513661202,0.642076502732241,0.620218579234973,0.576502732240437,0.521857923497268,108,117,10,4
CEMADEN,260230802A,2025,BONITO 2 - APAC,PLUVIOMETRICA_AUTOMATICA,,10,144,BAIXA,TRUE,365,210,1,1,1,0,0.575342465753425,0.00273972602739726,0.00273972602739726,0.00273972602739726,0,208,0,9,0
CEMADEN,260230803A,2025,G2-260230803A,PLUVIOMETRICA_AUTOMATICA,,60,24,BAIXA,TRUE,365,111,110,110,106,99,0.304109589041096,0.301369863013699,0.301369863013699,0.29041095890411,0.271232876712329,254,23,4,3
CEMADEN,260230804A,2025,G2-260230804A,PLUVIOMETRICA_AUTOMATICA,,60,24,BAIXA,TRUE,365,122,122,121,119,107,0.334246575342466,0.334246575342466,0.331506849315069,0.326027397260274,0.293150684931507,244,32,4,4
CEMADEN,260230805A,2025,G2-260230805A,PLUVIOMETRICA_AUTOMATICA,,60,24,ALTA,FALSE,365,112,110,109,108,101,0.306849315068493,0.301369863013699,0.298630136986301,0.295890410958904,0.276712328767123,254,28,4,3
CEMADEN,260240701C,2017,BREJAO,PLUVIOMETRICA_AUTOMATICA,,10,144,ALTA,FALSE,365,241,84,83,81,77,0.66027397260274,0.23013698630137,0.227397260273973,0.221917808219178,0.210958904109589,152,0,12,2
CEMADEN,260240701C,2018,BREJAO,PLUVIOMETRICA_AUTOMATICA,,60,24,BAIXA,TRUE,365,357,336,326,322,321,0.978082191780822,0.920547945205479,0.893150684931507,0.882191780821918,0.879452054794521,18,84,12,10
CEMADEN,260240701C,2019,BREJAO,PLUVIOMETRICA_AUTOMATICA,,60,24,ALTA,FALSE,365,353,268,256,247,244,0.967123287671233,0.734246575342466,0.701369863013699,0.676712328767123,0.668493150684932,71,34,12,5
CEMADEN,260240701C,2020,BREJAO,PLUVIOMETRICA_AUTOMATICA,,60,24,ALTA,FALSE,366,309,20,14,11,8,0.844262295081967,0.0546448087431694,0.0382513661202186,0.0300546448087432,0.0218579234972678,275,5,12,0
CEMADEN,260240701C,2021,BREJAO,PLUVIOMETRICA_AUTOMATICA,,60,24,ALTA,FALSE,365,261,20,10,8,6,0.715068493150685,0.0547945205479452,0.0273972602739726,0.0219178082191781,0.0164383561643836,236,4,10,0
CEMADEN,260240701C,2022,BREJAO,PLUVIOMETRICA_AUTOMATICA,,60,24,BAIXA,TRUE,365,11,9,9,8,8,0.0301369863013699,0.0246575342465753,0.0246575342465753,0.0219178082191781,0.0219178082191781,233,6,1,0
CEMADEN,260240701C,2023,BREJAO,PLUVIOMETRICA_AUTOMATICA,,60,24,BAIXA,TRUE,365,272,271,271,271,271,0.745205479452055,0.742465753424658,0.742465753424658,0.742465753424658,0.742465753424658,94,125,9,9
CEMADEN,260240701C,2024,BREJAO,PLUVIOMETRICA_AUTOMATICA,,60,24,BAIXA,TRUE,366,139,138,138,138,138,0.379781420765027,0.377049180327869,0.377049180327869,0.377049180327869,0.377049180327869,228,55,5,4
CEMADEN,260250601A,2018,BREJINHO - APAC,PLUVIOMETRICA_AUTOMATICA,,60,24,BAIXA,TRUE,365,345,335,334,329,306,0.945205479452055,0.917808219178082,0.915068493150685,0.901369863013699,0.838356164383562,20,55,12,11
CEMADEN,260250601A,2019,BREJINHO - APAC,PLUVIOMETRICA_AUTOMATICA,,60,24,BAIXA,TRUE,365,279,229,226,222,211,0.764383561643836,0.627397260273973,0.619178082191781,0.608219178082192,0.578082191780822,40,53,12,4
CEMADEN,260250601A,2021,BREJINHO - APAC,PLUVIOMETRICA_AUTOMATICA,,60,24,ALTA,FALSE,365,96,42,40,40,39,0.263013698630137,0.115068493150685,0.10958904109589,0.10958904109589,0.106849315068493,270,3,4,1
CEMADEN,260250601A,2022,BREJINHO - APAC,PLUVIOMETRICA_AUTOMATICA,,10,144,BAIXA,TRUE,365,11,0,0,0,0,0.0301369863013699,0,0,0,0,365,0,1,0
CEMADEN,260250601A,2023,BREJINHO - APAC,PLUVIOMETRICA_AUTOMATICA,,60,24,ALTA,FALSE,365,125,124,123,123,123,0.342465753424658,0.33972602739726,0.336986301369863,0.336986301369863,0.336986301369863,241,62,5,4
CEMADEN,260250601A,2024,BREJINHO - APAC,PLUVIOMETRICA_AUTOMATICA,,60,24,BAIXA,TRUE,366,354,346,346,345,340,0.967213114754098,0.945355191256831,0.945355191256831,0.942622950819672,0.92896174863388,9,84,12,10
CEMADEN,260250601A,2025,BREJINHO - APAC,PLUVIOMETRICA_AUTOMATICA,,60,24,BAIXA,TRUE,365,272,251,251,246,242,0.745205479452055,0.687671232876712,0.687671232876712,0.673972602739726,0.663013698630137,30,53,12,7
CEMADEN,260260501C,2017,BREJO DA MADRE DE DEUS,PLUVIOMETRICA_AUTOMATICA,,10,144,ALTA,FALSE,365,154,51,49,45,44,0.421917808219178,0.13972602739726,0.134246575342466,0.123287671232877,0.120547945205479,155,0,10,0
CEMADEN,260260501C,2018,BREJO DA MADRE DE DEUS,PLUVIOMETRICA_AUTOMATICA,,60,24,ALTA,FALSE,365,316,299,299,296,295,0.865753424657534,0.819178082191781,0.819178082191781,0.810958904109589,0.808219178082192,22,56,12,8
CEMADEN,260260501C,2019,BREJO DA MADRE DE DEUS,PLUVIOMETRICA_AUTOMATICA,,60,24,BAIXA,TRUE,365,346,272,271,270,268,0.947945205479452,0.745205479452055,0.742465753424658,0.73972602739726,0.734246575342466,56,70,12,7
CEMADEN,260260501C,2020,BREJO DA MADRE DE DEUS,PLUVIOMETRICA_AUTOMATICA,,60,24,ALTA,FALSE,366,363,159,88,47,33,0.991803278688525,0.434426229508197,0.240437158469945,0.128415300546448,0.0901639344262295,205,1,12,0
CEMADEN,260260501C,2021,BREJO DA MADRE DE DEUS,PLUVIOMETRICA_AUTOMATICA,,60,24,BAIXA,TRUE,365,44,0,0,0,0,0.120547945205479,0,0,0,0,365,0,2,0
CEMADEN,260260501C,2022,BREJO DA MADRE DE DEUS,PLUVIOMETRICA_AUTOMATICA,,60,24,BAIXA,TRUE,365,10,0,0,0,0,0.0273972602739726,0,0,0,0,365,0,1,0
CEMADEN,260260501C,2023,BREJO DA MADRE DE DEUS,PLUVIOMETRICA_AUTOMATICA,,60,24,ALTA,FALSE,365,239,37,26,19,14,0.654794520547945,0.101369863013699,0.0712328767123288,0.052054794520548,0.0383561643835616,140,11,9,0
CEMADEN,260260501C,2024,BREJO DA MADRE DE DEUS,PLUVIOMETRICA_AUTOMATICA,,,1,BAIXA,FALSE,366,1,1,1,1,1,0.00273224043715847,0.00273224043715847,0.00273224043715847,0.00273224043715847,0.00273224043715847,218,0,1,0
CEMADEN,260270401A,2017,BUENOS AIRES - APAC,PLUVIOMETRICA_AUTOMATICA,,60,24,ALTA,FALSE,365,40,37,37,36,25,0.10958904109589,0.101369863013699,0.101369863013699,0.0986301369863014,0.0684931506849315,327,5,2,1
CEMADEN,260270401A,2018,BUENOS AIRES - APAC,PLUVIOMETRICA_AUTOMATICA,,60,24,BAIXA,TRUE,365,365,362,361,358,340,1,0.991780821917808,0.989041095890411,0.980821917808219,0.931506849315068,2,103,12,12
CEMADEN,260270401A,2019,BUENOS AIRES - APAC,PLUVIOMETRICA_AUTOMATICA,,60,24,BAIXA,TRUE,365,353,341,338,336,323,0.967123287671233,0.934246575342466,0.926027397260274,0.920547945205479,0.884931506849315,11,113,12,9
CEMADEN,260270401A,2020,BUENOS AIRES - APAC,PLUVIOMETRICA_AUTOMATICA,,60,24,BAIXA,TRUE,366,356,351,348,347,339,0.972677595628415,0.959016393442623,0.950819672131147,0.948087431693989,0.926229508196721,12,120,12,11
CEMADEN,260270401A,2021,BUENOS AIRES - APAC,PLUVIOMETRICA_AUTOMATICA,,60,24,BAIXA,TRUE,365,365,364,359,349,305,1,0.997260273972603,0.983561643835616,0.956164383561644,0.835616438356164,5,112,12,11
CEMADEN,260270401A,2022,BUENOS AIRES - APAC,PLUVIOMETRICA_AUTOMATICA,,60,24,BAIXA,TRUE,365,365,360,356,355,339,1,0.986301369863014,0.975342465753425,0.972602739726027,0.928767123287671,2,131,12,12
CEMADEN,260270401A,2023,BUENOS AIRES - APAC,PLUVIOMETRICA_AUTOMATICA,,60,24,BAIXA,TRUE,365,365,363,362,361,355,1,0.994520547945205,0.991780821917808,0.989041095890411,0.972602739726027,1,134,12,12
CEMADEN,260270401A,2024,BUENOS AIRES - APAC,PLUVIOMETRICA_AUTOMATICA,,60,24,BAIXA,TRUE,366,320,312,312,310,307,0.87431693989071,0.852459016393443,0.852459016393443,0.846994535519126,0.83879781420765,41,95,12,9
CEMADEN,260270401A,2025,BUENOS AIRES - APAC,PLUVIOMETRICA_AUTOMATICA,,60,24,BAIXA,TRUE,365,273,273,273,272,270,0.747945205479452,0.747945205479452,0.747945205479452,0.745205479452055,0.73972602739726,92,122,9,9
CEMADEN,260280301A,2017,BUIQUE - APAC,PLUVIOMETRICA_AUTOMATICA,,60,24,BAIXA,FALSE,365,9,9,9,5,2,0.0246575342465753,0.0246575342465753,0.0246575342465753,0.0136986301369863,0.00547945205479452,356,1,1,0
CEMADEN,260280301A,2018,BUIQUE - APAC,PLUVIOMETRICA_AUTOMATICA,,60,24,BAIXA,TRUE,365,365,362,362,356,333,1,0.991780821917808,0.991780821917808,0.975342465753425,0.912328767123288,2,91,12,12
CEMADEN,260280301A,2019,BUIQUE - APAC,PLUVIOMETRICA_AUTOMATICA,,60,24,BAIXA,TRUE,365,331,307,306,304,297,0.906849315068493,0.841095890410959,0.838356164383562,0.832876712328767,0.813698630136986,35,85,12,10
CEMADEN,260280301A,2020,BUIQUE - APAC,PLUVIOMETRICA_AUTOMATICA,,60,24,BAIXA,TRUE,366,273,205,204,204,199,0.745901639344262,0.560109289617486,0.557377049180328,0.557377049180328,0.543715846994536,154,61,11,6
CEMADEN,260280301A,2021,BUIQUE - APAC,PLUVIOMETRICA_AUTOMATICA,,60,24,BAIXA,TRUE,365,365,364,364,361,352,1,0.997260273972603,0.997260273972603,0.989041095890411,0.964383561643836,1,110,12,12
CEMADEN,260280301A,2022,BUIQUE - APAC,PLUVIOMETRICA_AUTOMATICA,,60,24,BAIXA,TRUE,365,363,358,355,353,337,0.994520547945205,0.980821917808219,0.972602739726027,0.967123287671233,0.923287671232877,4,145,12,12
CEMADEN,260280301A,2023,BUIQUE - APAC,PLUVIOMETRICA_AUTOMATICA,,60,24,BAIXA,TRUE,365,365,362,361,361,350,1,0.991780821917808,0.989041095890411,0.989041095890411,0.958904109589041,2,104,12,12
CEMADEN,260280301A,2024,BUIQUE - APAC,PLUVIOMETRICA_AUTOMATICA,,60,24,BAIXA,TRUE,366,334,296,290,287,283,0.912568306010929,0.808743169398907,0.792349726775956,0.784153005464481,0.773224043715847,18,111,12,7
CEMADEN,260280301A,2025,BUIQUE - APAC,PLUVIOMETRICA_AUTOMATICA,,60,24,BAIXA,TRUE,365,189,177,177,177,176,0.517808219178082,0.484931506849315,0.484931506849315,0.484931506849315,0.482191780821918,104,89,8,5
CEMADEN,260290201G,2019,Pirapama,PLUVIOMETRICA_AUTOMATICA,,60,24,ALTA,FALSE,365,84,54,52,47,40,0.23013698630137,0.147945205479452,0.142465753424658,0.128767123287671,0.10958904109589,273,8,4,1
CEMADEN,260290201G,2020,Pirapama,PLUVIOMETRICA_AUTOMATICA,,60,24,BAIXA,TRUE,366,356,331,321,307,272,0.972677595628415,0.904371584699454,0.877049180327869,0.83879781420765,0.743169398907104,20,144,12,10
CEMADEN,260290201G,2021,Pirapama,PLUVIOMETRICA_AUTOMATICA,,60,24,BAIXA,TRUE,365,216,196,193,190,181,0.591780821917808,0.536986301369863,0.528767123287671,0.520547945205479,0.495890410958904,110,101,10,4
CEMADEN,260290201G,2023,Pirapama,PLUVIOMETRICA_AUTOMATICA,,60,24,BAIXA,TRUE,365,56,55,55,55,55,0.153424657534247,0.150684931506849,0.150684931506849,0.150684931506849,0.150684931506849,310,23,2,2
CEMADEN,260290201G,2024,Pirapama,PLUVIOMETRICA_AUTOMATICA,,60,24,BAIXA,TRUE,366,340,244,243,243,242,0.92896174863388,0.666666666666667,0.663934426229508,0.663934426229508,0.66120218579235,120,117,12,8
CEMADEN,260290201G,2025,Pirapama,PLUVIOMETRICA_AUTOMATICA,,10,144,BAIXA,TRUE,365,237,0,0,0,0,0.649315068493151,0,0,0,0,365,0,10,0
CEMADEN,260290202A,2017,Charneca,PLUVIOMETRICA_AUTOMATICA,,10,144,BAIXA,TRUE,365,365,14,12,3,0,1,0.0383561643835616,0.0328767123287671,0.00821917808219178,0,178,0,12,0
CEMADEN,260290202A,2018,Charneca,PLUVIOMETRICA_AUTOMATICA,,60,24,ALTA,FALSE,365,78,9,6,4,3,0.213698630136986,0.0246575342465753,0.0164383561643836,0.010958904109589,0.00821917808219178,274,3,4,0
CEMADEN,260290202A,2019,Charneca,PLUVIOMETRICA_AUTOMATICA,,60,24,BAIXA,TRUE,365,203,185,183,181,176,0.556164383561644,0.506849315068493,0.501369863013699,0.495890410958904,0.482191780821918,154,87,7,5
CEMADEN,260290202A,2020,Charneca,PLUVIOMETRICA_AUTOMATICA,,60,24,BAIXA,TRUE,366,364,347,342,340,332,0.994535519125683,0.948087431693989,0.934426229508197,0.92896174863388,0.907103825136612,11,153,12,11
CEMADEN,260290202A,2021,Charneca,PLUVIOMETRICA_AUTOMATICA,,60,24,BAIXA,TRUE,365,266,201,201,201,199,0.728767123287671,0.550684931506849,0.550684931506849,0.550684931506849,0.545205479452055,101,113,9,6
CEMADEN,260290202A,2022,Charneca,PLUVIOMETRICA_AUTOMATICA,,60,24,BAIXA,TRUE,365,143,114,112,109,107,0.391780821917808,0.312328767123288,0.306849315068493,0.298630136986301,0.293150684931507,165,87,6,3
CEMADEN,260290202A,2023,Charneca,PLUVIOMETRICA_AUTOMATICA,,60,24,ALTA,FALSE,365,89,88,87,87,86,0.243835616438356,0.241095890410959,0.238356164383562,0.238356164383562,0.235616438356164,277,4,3,3
CEMADEN,260290202A,2024,Charneca,PLUVIOMETRICA_AUTOMATICA,,60,24,BAIXA,TRUE,366,284,274,273,271,264,0.775956284153005,0.748633879781421,0.745901639344262,0.740437158469945,0.721311475409836,56,113,11,7
CEMADEN,260290202A,2025,Charneca,PLUVIOMETRICA_AUTOMATICA,,60,24,BAIXA,TRUE,365,365,365,364,363,361,1,1,0.997260273972603,0.994520547945205,0.989041095890411,1,213,12,12
CEMADEN,260290203A,2017,Torrinha,PLUVIOMETRICA_AUTOMATICA,,60,24,BAIXA,TRUE,365,365,365,365,364,358,1,1,1,0.997260273972603,0.980821917808219,1,209,12,12
CEMADEN,260290203A,2018,Torrinha,PLUVIOMETRICA_AUTOMATICA,,60,24,BAIXA,TRUE,365,167,157,157,157,156,0.457534246575342,0.43013698630137,0.43013698630137,0.43013698630137,0.427397260273973,208,88,7,5
CEMADEN,260290203A,2019,Torrinha,PLUVIOMETRICA_AUTOMATICA,,60,24,BAIXA,TRUE,365,203,187,184,184,181,0.556164383561644,0.512328767123288,0.504109589041096,0.504109589041096,0.495890410958904,154,91,7,5
CEMADEN,260290203A,2020,Torrinha,PLUVIOMETRICA_AUTOMATICA,,60,24,BAIXA,TRUE,366,366,365,364,364,362,1,0.997267759562842,0.994535519125683,0.994535519125683,0.989071038251366,1,171,12,12
CEMADEN,260290203A,2021,Torrinha,PLUVIOMETRICA_AUTOMATICA,,60,24,BAIXA,TRUE,365,365,359,359,357,354,1,0.983561643835616,0.983561643835616,0.978082191780822,0.96986301369863,3,185,12,12
CEMADEN,260290203A,2022,Torrinha,PLUVIOMETRICA_AUTOMATICA,,60,24,BAIXA,TRUE,365,294,290,287,285,282,0.805479452054795,0.794520547945206,0.786301369863014,0.780821917808219,0.772602739726028,73,179,11,9
CEMADEN,260290203A,2023,Torrinha,PLUVIOMETRICA_AUTOMATICA,,60,24,BAIXA,TRUE,365,134,106,104,103,100,0.367123287671233,0.29041095890411,0.284931506849315,0.282191780821918,0.273972602739726,90,52,8,3
CEMADEN,260290203A,2024,Torrinha,PLUVIOMETRICA_AUTOMATICA,,60,24,BAIXA,TRUE,366,264,242,241,238,235,0.721311475409836,0.66120218579235,0.658469945355191,0.650273224043716,0.642076502732241,79,107,12,6
CEMADEN,260290203A,2025,Torrinha,PLUVIOMETRICA_AUTOMATICA,,60,24,BAIXA,TRUE,365,365,365,365,364,362,1,1,1,0.997260273972603,0.991780821917808,1,211,12,12
CEMADEN,260290204A,2017,Enseado dos Corais,PLUVIOMETRICA_AUTOMATICA,,60,24,BAIXA,TRUE,365,365,365,365,363,355,1,1,1,0.994520547945205,0.972602739726027,1,185,12,12
CEMADEN,260290204A,2018,Enseado dos Corais,PLUVIOMETRICA_AUTOMATICA,,60,24,BAIXA,TRUE,365,365,362,362,361,352,1,0.991780821917808,0.991780821917808,0.989041095890411,0.964383561643836,3,152,12,12
CEMADEN,260290204A,2019,Enseado dos Corais,PLUVIOMETRICA_AUTOMATICA,,60,24,BAIXA,TRUE,365,354,322,319,316,302,0.96986301369863,0.882191780821918,0.873972602739726,0.865753424657534,0.827397260273973,15,122,12,8
CEMADEN,260290204A,2020,Enseado dos Corais,PLUVIOMETRICA_AUTOMATICA,,60,24,ALTA,FALSE,366,114,70,69,66,62,0.311475409836066,0.191256830601093,0.188524590163934,0.180327868852459,0.169398907103825,295,11,5,2
CEMADEN,260290204A,2021,Enseado dos Corais,PLUVIOMETRICA_AUTOMATICA,,60,24,BAIXA,TRUE,365,361,356,355,354,336,0.989041095890411,0.975342465753425,0.972602739726027,0.96986301369863,0.920547945205479,8,164,12,11
CEMADEN,260290204A,2022,Enseado dos Corais,PLUVIOMETRICA_AUTOMATICA,,60,24,BAIXA,TRUE,365,365,357,356,356,354,1,0.978082191780822,0.975342465753425,0.975342465753425,0.96986301369863,3,205,12,12
CEMADEN,260290204A,2023,Enseado dos Corais,PLUVIOMETRICA_AUTOMATICA,,60,24,BAIXA,TRUE,365,365,365,365,364,354,1,1,1,0.997260273972603,0.96986301369863,1,153,12,12
CEMADEN,260290204A,2024,Enseado dos Corais,PLUVIOMETRICA_AUTOMATICA,,60,24,BAIXA,TRUE,366,265,263,263,263,262,0.724043715846995,0.718579234972678,0.718579234972678,0.718579234972678,0.715846994535519,101,145,9,8
CEMADEN,260290204A,2025,Enseado dos Corais,PLUVIOMETRICA_AUTOMATICA,,60,24,BAIXA,TRUE,365,162,160,160,160,159,0.443835616438356,0.438356164383562,0.438356164383562,0.438356164383562,0.435616438356164,104,110,6,4
CEMADEN,260290205A,2017,Pontes dos Carvalhos,PLUVIOMETRICA_AUTOMATICA,,60,24,BAIXA,TRUE,365,365,359,355,352,340,1,0.983561643835616,0.972602739726027,0.964383561643836,0.931506849315068,2,206,12,12
CEMADEN,260290205A,2018,Pontes dos Carvalhos,PLUVIOMETRICA_AUTOMATICA,,60,24,BAIXA,TRUE,365,147,147,146,146,145,0.402739726027397,0.402739726027397,0.4,0.4,0.397260273972603,219,82,5,5
CEMADEN,260290205A,2019,Pontes dos Carvalhos,PLUVIOMETRICA_AUTOMATICA,,60,24,BAIXA,TRUE,365,202,186,184,184,182,0.553424657534247,0.50958904109589,0.504109589041096,0.504109589041096,0.498630136986301,154,90,7,5
CEMADEN,260290205A,2020,Pontes dos Carvalhos,PLUVIOMETRICA_AUTOMATICA,,60,24,BAIXA,TRUE,366,366,365,363,362,361,1,0.997267759562842,0.991803278688525,0.989071038251366,0.986338797814208,1,160,12,12
CEMADEN,260290205A,2021,Pontes dos Carvalhos,PLUVIOMETRICA_AUTOMATICA,,60,24,BAIXA,TRUE,365,365,359,359,358,356,1,0.983561643835616,0.983561643835616,0.980821917808219,0.975342465753425,3,178,12,12
CEMADEN,260290205A,2022,Pontes dos Carvalhos,PLUVIOMETRICA_AUTOMATICA,,60,24,BAIXA,TRUE,365,347,337,335,334,331,0.950684931506849,0.923287671232877,0.917808219178082,0.915068493150685,0.906849315068493,22,190,12,10
CEMADEN,260290205A,2023,Pontes dos Carvalhos,PLUVIOMETRICA_AUTOMATICA,,60,24,BAIXA,TRUE,365,91,89,89,89,88,0.249315068493151,0.243835616438356,0.243835616438356,0.243835616438356,0.241095890410959,240,48,5,2
CEMADEN,260290205A,2024,Pontes dos Carvalhos,PLUVIOMETRICA_AUTOMATICA,,60,24,ALTA,FALSE,366,312,34,16,8,4,0.852459016393443,0.092896174863388,0.0437158469945355,0.0218579234972678,0.0109289617486339,164,3,12,0
CEMADEN,260290205A,2025,Pontes dos Carvalhos,PLUVIOMETRICA_AUTOMATICA,,60,24,ALTA,FALSE,365,76,9,3,1,1,0.208219178082192,0.0246575342465753,0.00821917808219178,0.00273972602739726,0.00273972602739726,336,1,3,0
CEMADEN,260290206A,2019,CABO DE SANTO AGOSTINHO - APAC,PLUVIOMETRICA_AUTOMATICA,,60,24,ALTA,FALSE,365,31,11,11,11,10,0.0849315068493151,0.0301369863013699,0.0301369863013699,0.0301369863013699,0.0273972602739726,122,0,5,0
CEMADEN,260290206A,2020,CABO DE SANTO AGOSTINHO - APAC,PLUVIOMETRICA_AUTOMATICA,,10,144,BAIXA,TRUE,366,2,0,0,0,0,0.00546448087431694,0,0,0,0,366,0,2,0
CEMADEN,260300901A,2017,BR428-km05,PLUVIOMETRICA_AUTOMATICA,,60,24,BAIXA,TRUE,365,365,364,363,361,351,1,0.997260273972603,0.994520547945205,0.989041095890411,0.961643835616438,2,56,12,12
CEMADEN,260300901A,2018,BR428-km05,PLUVIOMETRICA_AUTOMATICA,,60,24,ALTA,FALSE,365,365,362,362,359,326,1,0.991780821917808,0.991780821917808,0.983561643835616,0.893150684931507,2,40,12,12
CEMADEN,260300901A,2019,BR428-km05,PLUVIOMETRICA_AUTOMATICA,,60,24,ALTA,FALSE,365,328,307,306,301,255,0.898630136986301,0.841095890410959,0.838356164383562,0.824657534246575,0.698630136986301,23,40,12,9
CEMADEN,260300901A,2020,BR428-km05,PLUVIOMETRICA_AUTOMATICA,,60,24,BAIXA,TRUE,366,37,0,0,0,0,0.101092896174863,0,0,0,0,366,0,2,0
CEMADEN,260300901A,2021,BR428-km05,PLUVIOMETRICA_AUTOMATICA,,60,24,BAIXA,TRUE,365,294,291,291,287,264,0.805479452054795,0.797260273972603,0.797260273972603,0.786301369863014,0.723287671232877,73,36,10,9
CEMADEN,260300901A,2022,BR428-km05,PLUVIOMETRICA_AUTOMATICA,,60,24,BAIXA,TRUE,365,365,359,356,352,321,1,0.983561643835616,0.975342465753425,0.964383561643836,0.879452054794521,5,65,12,12
CEMADEN,260300901A,2023,BR428-km05,PLUVIOMETRICA_AUTOMATICA,,60,24,ALTA,FALSE,365,271,259,258,255,240,0.742465753424658,0.70958904109589,0.706849315068493,0.698630136986301,0.657534246575342,48,34,12,6
CEMADEN,260300901A,2024,BR428-km05,PLUVIOMETRICA_AUTOMATICA,,60,24,BAIXA,TRUE,366,326,300,300,300,290,0.890710382513661,0.819672131147541,0.819672131147541,0.819672131147541,0.792349726775956,51,43,12,10
CEMADEN,260300901A,2025,BR428-km05,PLUVIOMETRICA_AUTOMATICA,,60,24,BAIXA,TRUE,365,348,347,346,344,338,0.953424657534246,0.950684931506849,0.947945205479452,0.942465753424658,0.926027397260274,18,43,12,11
CEMADEN,260300901C,2018,CABROBO,PLUVIOMETRICA_AUTOMATICA,,60,24,ALTA,FALSE,365,316,299,298,298,298,0.865753424657534,0.819178082191781,0.816438356164383,0.816438356164383,0.816438356164383,47,24,11,9
CEMADEN,260300901C,2019,CABROBO,PLUVIOMETRICA_AUTOMATICA,,60,24,ALTA,FALSE,365,303,205,199,197,195,0.83013698630137,0.561643835616438,0.545205479452055,0.53972602739726,0.534246575342466,41,0,12,5
CEMADEN,260300901C,2020,CABROBO,PLUVIOMETRICA_AUTOMATICA,,60,24,ALTA,FALSE,366,154,25,17,2,0,0.420765027322404,0.0683060109289618,0.046448087431694,0.00546448087431694,0,351,0,6,0
CEMADEN,260300902A,2018,NOVO MURICI - APAC,PLUVIOMETRICA_AUTOMATICA,,60,24,ALTA,FALSE,365,299,222,199,174,127,0.819178082191781,0.608219178082192,0.545205479452055,0.476712328767123,0.347945205479452,44,24,11,4
CEMADEN,260300902A,2020,NOVO MURICI - APAC,PLUVIOMETRICA_AUTOMATICA,,60,24,MEDIA,FALSE,366,13,13,12,10,5,0.0355191256830601,0.0355191256830601,0.0327868852459016,0.0273224043715847,0.0136612021857924,179,1,2,0
CEMADEN,260300902A,2021,NOVO MURICI - APAC,PLUVIOMETRICA_AUTOMATICA,,60,24,ALTA,FALSE,365,58,44,44,42,37,0.158904109589041,0.120547945205479,0.120547945205479,0.115068493150685,0.101369863013699,294,4,3,0
CEMADEN,260300902A,2024,NOVO MURICI - APAC,PLUVIOMETRICA_AUTOMATICA,,60,24,BAIXA,TRUE,366,317,316,316,316,308,0.866120218579235,0.863387978142077,0.863387978142077,0.863387978142077,0.841530054644809,50,59,11,10
CEMADEN,260300902A,2025,NOVO MURICI - APAC,PLUVIOMETRICA_AUTOMATICA,,60,24,BAIXA,TRUE,365,271,265,265,264,261,0.742465753424658,0.726027397260274,0.726027397260274,0.723287671232877,0.715068493150685,72,56,10,7
CEMADEN,260310801A,2017,Centro,PLUVIOMETRICA_AUTOMATICA,,60,24,BAIXA,TRUE,365,355,348,347,346,341,0.972602739726027,0.953424657534246,0.950684931506849,0.947945205479452,0.934246575342466,9,132,12,11
CEMADEN,260310801A,2018,Centro,PLUVIOMETRICA_AUTOMATICA,,60,24,BAIXA,TRUE,365,365,361,361,359,341,1,0.989041095890411,0.989041095890411,0.983561643835616,0.934246575342466,2,82,12,12
CEMADEN,260310801A,2019,Centro,PLUVIOMETRICA_AUTOMATICA,,60,24,BAIXA,TRUE,365,334,316,312,311,302,0.915068493150685,0.865753424657534,0.854794520547945,0.852054794520548,0.827397260273973,23,95,12,9
CEMADEN,260310801A,2020,Centro,PLUVIOMETRICA_AUTOMATICA,,60,24,BAIXA,TRUE,366,240,192,189,186,175,0.655737704918033,0.524590163934426,0.516393442622951,0.508196721311475,0.478142076502732,170,46,9,6
CEMADEN,260310801A,2021,Centro,PLUVIOMETRICA_AUTOMATICA,,60,24,BAIXA,TRUE,365,315,267,266,260,239,0.863013698630137,0.731506849315069,0.728767123287671,0.712328767123288,0.654794520547945,63,74,12,8
CEMADEN,260310801A,2022,Centro,PLUVIOMETRICA_AUTOMATICA,,60,24,BAIXA,TRUE,365,351,268,262,259,251,0.961643835616438,0.734246575342466,0.717808219178082,0.70958904109589,0.687671232876712,66,109,12,8
CEMADEN,260310801A,2023,Centro,PLUVIOMETRICA_AUTOMATICA,,60,24,BAIXA,TRUE,365,365,365,364,364,358,1,1,0.997260273972603,0.997260273972603,0.980821917808219,1,119,12,12
CEMADEN,260310801A,2024,Centro,PLUVIOMETRICA_AUTOMATICA,,60,24,BAIXA,TRUE,366,366,364,364,364,361,1,0.994535519125683,0.994535519125683,0.994535519125683,0.986338797814208,2,104,12,12
CEMADEN,260310801A,2025,Centro,PLUVIOMETRICA_AUTOMATICA,,60,24,BAIXA,TRUE,365,344,339,337,336,333,0.942465753424658,0.928767123287671,0.923287671232877,0.920547945205479,0.912328767123288,26,104,12,10
CEMADEN,260310802A,2017,CACHOEIRINHA - APAC,PLUVIOMETRICA_AUTOMATICA,,60,24,ALTA,FALSE,365,33,31,31,31,29,0.0904109589041096,0.0849315068493151,0.0849315068493151,0.0849315068493151,0.0794520547945206,334,5,2,1
CEMADEN,260310802A,2018,CACHOEIRINHA - APAC,PLUVIOMETRICA_AUTOMATICA,,60,24,BAIXA,TRUE,365,365,365,365,362,335,1,1,1,0.991780821917808,0.917808219178082,1,89,12,12
CEMADEN,260310802A,2019,CACHOEIRINHA - APAC,PLUVIOMETRICA_AUTOMATICA,,60,24,BAIXA,TRUE,365,352,338,337,337,331,0.964383561643836,0.926027397260274,0.923287671232877,0.923287671232877,0.906849315068493,11,91,12,10
CEMADEN,260310802A,2020,CACHOEIRINHA - APAC,PLUVIOMETRICA_AUTOMATICA,,60,24,BAIXA,TRUE,366,199,195,193,191,187,0.543715846994536,0.532786885245902,0.527322404371585,0.521857923497268,0.510928961748634,168,78,7,6
CEMADEN,260310802A,2021,CACHOEIRINHA - APAC,PLUVIOMETRICA_AUTOMATICA,,60,24,ALTA,FALSE,365,124,33,33,32,31,0.33972602739726,0.0904109589041096,0.0904109589041096,0.0876712328767123,0.0849315068493151,225,8,5,0
CEMADEN,260320701A,2017,CAETES - APAC,PLUVIOMETRICA_AUTOMATICA,,60,24,BAIXA,TRUE,365,26,25,25,24,14,0.0712328767123288,0.0684931506849315,0.0684931506849315,0.0657534246575342,0.0383561643835616,340,2,1,0
CEMADEN,260320701A,2018,CAETES - APAC,PLUVIOMETRICA_AUTOMATICA,,60,24,BAIXA,TRUE,365,365,361,361,356,324,1,0.989041095890411,0.989041095890411,0.975342465753425,0.887671232876712,2,109,12,12
CEMADEN,260320701A,2019,CAETES - APAC,PLUVIOMETRICA_AUTOMATICA,,60,24,BAIXA,TRUE,365,352,340,339,337,324,0.964383561643836,0.931506849315068,0.928767123287671,0.923287671232877,0.887671232876712,12,107,12,10
CEMADEN,260320701A,2020,CAETES - APAC,PLUVIOMETRICA_AUTOMATICA,,60,24,BAIXA,TRUE,366,340,209,206,192,158,0.92896174863388,0.57103825136612,0.562841530054645,0.524590163934426,0.431693989071038,155,79,12,5
CEMADEN,260320701A,2021,CAETES - APAC,PLUVIOMETRICA_AUTOMATICA,,60,24,BAIXA,TRUE,365,365,357,347,320,222,1,0.978082191780822,0.950684931506849,0.876712328767123,0.608219178082192,3,103,12,9
CEMADEN,260320701A,2022,CAETES - APAC,PLUVIOMETRICA_AUTOMATICA,,60,24,BAIXA,TRUE,365,365,359,357,355,326,1,0.983561643835616,0.978082191780822,0.972602739726027,0.893150684931507,2,144,12,12
CEMADEN,260320701A,2023,CAETES - APAC,PLUVIOMETRICA_AUTOMATICA,,60,24,BAIXA,TRUE,365,230,222,222,222,215,0.63013698630137,0.608219178082192,0.608219178082192,0.608219178082192,0.589041095890411,140,100,9,7
CEMADEN,260320701A,2024,CAETES - APAC,PLUVIOMETRICA_AUTOMATICA,,60,24,BAIXA,TRUE,366,237,230,229,229,227,0.647540983606557,0.628415300546448,0.62568306010929,0.62568306010929,0.620218579234973,137,86,9,7
CEMADEN,260320701A,2025,CAETES - APAC,PLUVIOMETRICA_AUTOMATICA,,60,24,BAIXA,TRUE,365,365,362,359,354,337,1,0.991780821917808,0.983561643835616,0.96986301369863,0.923287671232877,3,115,12,11
CEMADEN,260320701C,2017,CAETES,PLUVIOMETRICA_AUTOMATICA,,10,144,ALTA,FALSE,365,162,62,60,58,50,0.443835616438356,0.16986301369863,0.164383561643836,0.158904109589041,0.136986301369863,168,0,11,0
CEMADEN,260320701C,2018,CAETES,PLUVIOMETRICA_AUTOMATICA,,60,24,BAIXA,TRUE,365,310,291,290,289,288,0.849315068493151,0.797260273972603,0.794520547945206,0.791780821917808,0.789041095890411,34,79,11,9
CEMADEN,260320701C,2019,CAETES,PLUVIOMETRICA_AUTOMATICA,,60,24,BAIXA,TRUE,365,287,179,171,167,164,0.786301369863014,0.49041095890411,0.468493150684932,0.457534246575342,0.449315068493151,126,53,11,5
CEMADEN,260320701C,2020,CAETES,PLUVIOMETRICA_AUTOMATICA,,60,24,BAIXA,TRUE,366,84,0,0,0,0,0.229508196721311,0,0,0,0,366,0,4,0
CEMADEN,260320701C,2022,CAETES,PLUVIOMETRICA_AUTOMATICA,,60,24,BAIXA,TRUE,365,160,136,136,134,125,0.438356164383562,0.372602739726027,0.372602739726027,0.367123287671233,0.342465753424658,89,56,10,3
CEMADEN,260320701C,2023,CAETES,PLUVIOMETRICA_AUTOMATICA,,60,24,BAIXA,TRUE,365,322,307,307,302,277,0.882191780821918,0.841095890410959,0.841095890410959,0.827397260273973,0.758904109589041,15,97,12,9
CEMADEN,260320701C,2024,CAETES,PLUVIOMETRICA_AUTOMATICA,,60,24,BAIXA,TRUE,366,342,316,315,313,303,0.934426229508197,0.863387978142077,0.860655737704918,0.855191256830601,0.827868852459016,16,110,12,8
CEMADEN,260320701C,2025,CAETES,PLUVIOMETRICA_AUTOMATICA,,60,24,ALTA,FALSE,365,47,21,20,16,12,0.128767123287671,0.0575342465753425,0.0547945205479452,0.0438356164383562,0.0328767123287671,309,2,3,0
CEMADEN,260330601A,2017,CALCADO - APAC,PLUVIOMETRICA_AUTOMATICA,,60,24,ALTA,FALSE,365,32,31,31,31,27,0.0876712328767123,0.0849315068493151,0.0849315068493151,0.0849315068493151,0.073972602739726,334,3,2,1
CEMADEN,260330601A,2018,CALCADO - APAC,PLUVIOMETRICA_AUTOMATICA,,60,24,BAIXA,TRUE,365,365,364,361,360,349,1,0.997260273972603,0.989041095890411,0.986301369863014,0.956164383561644,2,113,12,12
CEMADEN,260330601A,2019,CALCADO - APAC,PLUVIOMETRICA_AUTOMATICA,,60,24,BAIXA,TRUE,365,352,337,336,336,325,0.964383561643836,0.923287671232877,0.920547945205479,0.920547945205479,0.89041095890411,11,102,12,10
CEMADEN,260330601A,2020,CALCADO - APAC,PLUVIOMETRICA_AUTOMATICA,,60,24,BAIXA,TRUE,366,228,226,225,222,212,0.622950819672131,0.617486338797814,0.614754098360656,0.60655737704918,0.579234972677596,139,83,9,7
CEMADEN,260330601A,2021,CALCADO - APAC,PLUVIOMETRICA_AUTOMATICA,,60,24,BAIXA,TRUE,365,365,361,358,346,324,1,0.989041095890411,0.980821917808219,0.947945205479452,0.887671232876712,3,114,12,12
CEMADEN,260330601A,2022,CALCADO - APAC,PLUVIOMETRICA_AUTOMATICA,,60,24,BAIXA,TRUE,365,362,328,321,316,302,0.991780821917808,0.898630136986301,0.879452054794521,0.865753424657534,0.827397260273973,26,123,12,10
CEMADEN,260330601A,2023,CALCADO - APAC,PLUVIOMETRICA_AUTOMATICA,,60,24,ALTA,FALSE,365,175,148,146,144,137,0.479452054794521,0.405479452054795,0.4,0.394520547945205,0.375342465753425,198,32,8,4
CEMADEN,260330601A,2024,CALCADO - APAC,PLUVIOMETRICA_AUTOMATICA,,60,24,BAIXA,TRUE,366,309,261,244,238,225,0.844262295081967,0.713114754098361,0.666666666666667,0.650273224043716,0.614754098360656,33,70,12,5
CEMADEN,260330601A,2025,CALCADO - APAC,PLUVIOMETRICA_AUTOMATICA,,60,24,BAIXA,TRUE,365,267,241,237,235,224,0.731506849315069,0.66027397260274,0.649315068493151,0.643835616438356,0.613698630136986,31,87,12,7
CEMADEN,260340501A,2018,CALUMBI - APAC,PLUVIOMETRICA_AUTOMATICA,,60,24,BAIXA,TRUE,365,165,157,149,136,121,0.452054794520548,0.43013698630137,0.408219178082192,0.372602739726027,0.331506849315069,184,42,7,4
CEMADEN,260340501A,2020,CALUMBI - APAC,PLUVIOMETRICA_AUTOMATICA,,60,24,ALTA,FALSE,366,192,172,164,139,111,0.524590163934426,0.469945355191257,0.448087431693989,0.379781420765027,0.30327868852459,169,15,7,2
CEMADEN,260340501A,2021,CALUMBI - APAC,PLUVIOMETRICA_AUTOMATICA,,60,24,ALTA,FALSE,365,117,46,44,44,41,0.32054794520548,0.126027397260274,0.120547945205479,0.120547945205479,0.112328767123288,312,9,6,1
CEMADEN,260340501A,2023,CALUMBI - APAC,PLUVIOMETRICA_AUTOMATICA,,,1,BAIXA,FALSE,365,1,1,1,1,1,0.00273972602739726,0.00273972602739726,0.00273972602739726,0.00273972602739726,0.00273972602739726,248,0,1,0
CEMADEN,260340501A,2024,CALUMBI - APAC,PLUVIOMETRICA_AUTOMATICA,,60,24,BAIXA,TRUE,366,334,330,329,325,317,0.912568306010929,0.901639344262295,0.898907103825137,0.887978142076503,0.866120218579235,31,68,12,11
CEMADEN,260340501A,2025,CALUMBI - APAC,PLUVIOMETRICA_AUTOMATICA,,60,24,BAIXA,TRUE,365,349,348,346,345,333,0.956164383561644,0.953424657534246,0.947945205479452,0.945205479452055,0.912328767123288,17,50,12,11
CEMADEN,260345401A,2017,Timbi,PLUVIOMETRICA_AUTOMATICA,,10,144,ALTA,FALSE,365,343,43,35,21,5,0.93972602739726,0.117808219178082,0.0958904109589041,0.0575342465753425,0.0136986301369863,164,0,12,0
CEMADEN,260345401A,2018,Timbi,PLUVIOMETRICA_AUTOMATICA,,60,24,BAIXA,TRUE,365,365,362,362,362,360,1,0.991780821917808,0.991780821917808,0.991780821917808,0.986301369863014,2,201,12,12
CEMADEN,260345401A,2019,Timbi,PLUVIOMETRICA_AUTOMATICA,,60,24,BAIXA,TRUE,365,333,319,315,312,304,0.912328767123288,0.873972602739726,0.863013698630137,0.854794520547945,0.832876712328767,25,170,12,9
CEMADEN,260345401A,2020,Timbi,PLUVIOMETRICA_AUTOMATICA,,60,24,BAIXA,TRUE,366,210,207,203,201,196,0.573770491803279,0.565573770491803,0.554644808743169,0.549180327868853,0.53551912568306,157,102,7,6
CEMADEN,260345401A,2021,Timbi,PLUVIOMETRICA_AUTOMATICA,,60,24,BAIXA,TRUE,365,365,364,362,360,358,1,0.997260273972603,0.991780821917808,0.986301369863014,0.980821917808219,2,203,12,12
CEMADEN,260345401A,2022,Timbi,PLUVIOMETRICA_AUTOMATICA,,60,24,BAIXA,TRUE,365,365,363,359,358,354,1,0.994520547945205,0.983561643835616,0.980821917808219,0.96986301369863,2,224,12,12
CEMADEN,260345401A,2023,Timbi,PLUVIOMETRICA_AUTOMATICA,,60,24,BAIXA,TRUE,365,365,365,364,364,363,1,1,0.997260273972603,0.997260273972603,0.994520547945205,1,213,12,12
CEMADEN,260345401A,2024,Timbi,PLUVIOMETRICA_AUTOMATICA,,60,24,BAIXA,TRUE,366,362,356,355,353,347,0.989071038251366,0.972677595628415,0.969945355191257,0.96448087431694,0.948087431693989,9,192,12,11
CEMADEN,260345401A,2025,Timbi,PLUVIOMETRICA_AUTOMATICA,,60,24,BAIXA,TRUE,365,90,89,89,89,89,0.246575342465753,0.243835616438356,0.243835616438356,0.243835616438356,0.243835616438356,276,48,3,3
CEMADEN,260345401G,2021,Convento Carmelo,PLUVIOMETRICA_AUTOMATICA,,60,24,BAIXA,TRUE,365,217,216,215,215,213,0.594520547945206,0.591780821917808,0.589041095890411,0.589041095890411,0.583561643835617,149,121,8,7
CEMADEN,260345401G,2022,Convento Carmelo,PLUVIOMETRICA_AUTOMATICA,,60,24,BAIXA,TRUE,365,365,359,354,354,351,1,0.983561643835616,0.96986301369863,0.96986301369863,0.961643835616438,4,184,12,12
CEMADEN,260345401G,2023,Convento Carmelo,PLUVIOMETRICA_AUTOMATICA,,60,24,BAIXA,TRUE,365,365,363,363,362,361,1,0.994520547945205,0.994520547945205,0.991780821917808,0.989041095890411,2,130,12,12
CEMADEN,260345401G,2024,Convento Carmelo,PLUVIOMETRICA_AUTOMATICA,,60,24,BAIXA,TRUE,366,366,364,363,363,363,1,0.994535519125683,0.991803278688525,0.991803278688525,0.991803278688525,2,76,12,12
CEMADEN,260345401G,2025,Convento Carmelo,PLUVIOMETRICA_AUTOMATICA,,60,24,BAIXA,TRUE,365,365,365,365,363,363,1,1,1,0.994520547945205,0.994520547945205,1,183,12,12
CEMADEN,260345402A,2017,Alberto Maia,PLUVIOMETRICA_AUTOMATICA,,60,24,BAIXA,TRUE,365,364,361,361,357,354,0.997260273972603,0.989041095890411,0.989041095890411,0.978082191780822,0.96986301369863,2,228,12,12
CEMADEN,260345402A,2018,Alberto Maia,PLUVIOMETRICA_AUTOMATICA,,60,24,BAIXA,TRUE,365,365,362,362,362,360,1,0.991780821917808,0.991780821917808,0.991780821917808,0.986301369863014,2,177,12,12
CEMADEN,260345402A,2019,Alberto Maia,PLUVIOMETRICA_AUTOMATICA,,60,24,BAIXA,TRUE,365,353,335,330,328,318,0.967123287671233,0.917808219178082,0.904109589041096,0.898630136986301,0.871232876712329,11,173,12,9
CEMADEN,260345402A,2020,Alberto Maia,PLUVIOMETRICA_AUTOMATICA,,60,24,BAIXA,TRUE,366,19,0,0,0,0,0.0519125683060109,0,0,0,0,366,0,2,0
CEMADEN,260345402A,2021,Alberto Maia,PLUVIOMETRICA_AUTOMATICA,,60,24,BAIXA,TRUE,365,303,300,299,299,297,0.83013698630137,0.821917808219178,0.819178082191781,0.819178082191781,0.813698630136986,63,177,10,10
CEMADEN,260345402A,2022,Alberto Maia,PLUVIOMETRICA_AUTOMATICA,,60,24,BAIXA,TRUE,365,214,204,202,198,194,0.586301369863014,0.558904109589041,0.553424657534247,0.542465753424658,0.531506849315069,90,113,8,5
CEMADEN,260345402A,2023,Alberto Maia,PLUVIOMETRICA_AUTOMATICA,,60,24,BAIXA,TRUE,365,12,1,1,1,1,0.0328767123287671,0.00273972602739726,0.00273972602739726,0.00273972602739726,0.00273972602739726,207,1,2,0
CEMADEN,260345402A,2024,Alberto Maia,PLUVIOMETRICA_AUTOMATICA,,1440,1,BAIXA,TRUE,366,177,177,177,177,177,0.483606557377049,0.483606557377049,0.483606557377049,0.483606557377049,0.483606557377049,164,20,7,6
CEMADEN,260345402A,2025,Alberto Maia,PLUVIOMETRICA_AUTOMATICA,,60,24,BAIXA,TRUE,365,178,1,1,1,0,0.487671232876712,0.00273972602739726,0.00273972602739726,0.00273972602739726,0,237,0,7,0
CEMADEN,260345403A,2017,Bairro dos Estados,PLUVIOMETRICA_AUTOMATICA,,60,24,BAIXA,TRUE,365,190,190,189,186,182,0.520547945205479,0.520547945205479,0.517808219178082,0.50958904109589,0.498630136986301,175,96,7,6
CEMADEN,260345403A,2018,Bairro dos Estados,PLUVIOMETRICA_AUTOMATICA,,60,24,BAIXA,TRUE,365,365,362,362,362,360,1,0.991780821917808,0.991780821917808,0.991780821917808,0.986301369863014,2,178,12,12
CEMADEN,260345403A,2019,Bairro dos Estados,PLUVIOMETRICA_AUTOMATICA,,60,24,BAIXA,TRUE,365,357,342,335,332,318,0.978082191780822,0.936986301369863,0.917808219178082,0.90958904109589,0.871232876712329,11,162,12,10
CEMADEN,260345403A,2020,Bairro dos Estados,PLUVIOMETRICA_AUTOMATICA,,60,24,ALTA,FALSE,366,152,80,80,79,78,0.415300546448087,0.218579234972678,0.218579234972678,0.215846994535519,0.213114754098361,284,26,6,2
CEMADEN,260345403A,2021,Bairro dos Estados,PLUVIOMETRICA_AUTOMATICA,,60,24,BAIXA,TRUE,365,365,364,364,361,343,1,0.997260273972603,0.997260273972603,0.989041095890411,0.93972602739726,2,196,12,12
CEMADEN,260345403A,2022,Bairro dos Estados,PLUVIOMETRICA_AUTOMATICA,,60,24,BAIXA,TRUE,365,117,107,104,104,101,0.32054794520548,0.293150684931507,0.284931506849315,0.284931506849315,0.276712328767123,137,60,7,1
CEMADEN,260345403A,2023,Bairro dos Estados,PLUVIOMETRICA_AUTOMATICA,,60,24,BAIXA,TRUE,365,23,22,21,21,21,0.063013698630137,0.0602739726027397,0.0575342465753425,0.0575342465753425,0.0575342465753425,195,14,2,0
CEMADEN,260345404A,2017,Jardim Primavera,PLUVIOMETRICA_AUTOMATICA,,10,144,BAIXA,TRUE,365,363,9,8,2,0,0.994520547945205,0.0246575342465753,0.0219178082191781,0.00547945205479452,0,185,0,12,0
CEMADEN,260345404A,2018,Jardim Primavera,PLUVIOMETRICA_AUTOMATICA,,60,24,BAIXA,TRUE,365,365,363,362,362,357,1,0.994520547945205,0.991780821917808,0.991780821917808,0.978082191780822,2,175,12,12
CEMADEN,260345404A,2019,Jardim Primavera,PLUVIOMETRICA_AUTOMATICA,,60,24,BAIXA,TRUE,365,356,342,338,333,320,0.975342465753425,0.936986301369863,0.926027397260274,0.912328767123288,0.876712328767123,11,171,12,10
CEMADEN,260345404A,2020,Jardim Primavera,PLUVIOMETRICA_AUTOMATICA,,60,24,BAIXA,TRUE,366,366,358,355,351,345,1,0.978142076502732,0.969945355191257,0.959016393442623,0.942622950819672,2,175,12,12
CEMADEN,260345404A,2021,Jardim Primavera,PLUVIOMETRICA_AUTOMATICA,,60,24,BAIXA,TRUE,365,365,364,364,364,354,1,0.997260273972603,0.997260273972603,0.997260273972603,0.96986301369863,1,202,12,12
CEMADEN,260345404A,2022,Jardim Primavera,PLUVIOMETRICA_AUTOMATICA,,60,24,BAIXA,TRUE,365,365,359,354,353,347,1,0.983561643835616,0.96986301369863,0.967123287671233,0.950684931506849,5,204,12,12
CEMADEN,260345404A,2023,Jardim Primavera,PLUVIOMETRICA_AUTOMATICA,,60,24,BAIXA,TRUE,365,365,364,364,364,362,1,0.997260273972603,0.997260273972603,0.997260273972603,0.991780821917808,1,217,12,12
CEMADEN,260345404A,2024,Jardim Primavera,PLUVIOMETRICA_AUTOMATICA,,60,24,BAIXA,TRUE,366,323,310,305,298,291,0.882513661202186,0.846994535519126,0.833333333333333,0.814207650273224,0.795081967213115,22,132,12,9
CEMADEN,260345404A,2025,Jardim Primavera,PLUVIOMETRICA_AUTOMATICA,,60,24,BAIXA,TRUE,365,365,365,365,364,362,1,1,1,0.997260273972603,0.991780821917808,1,198,12,12
CEMADEN,260345405A,2017,Vila da Fábrica,PLUVIOMETRICA_AUTOMATICA,,60,24,BAIXA,TRUE,365,234,214,212,210,206,0.641095890410959,0.586301369863014,0.580821917808219,0.575342465753425,0.564383561643836,113,88,9,5
CEMADEN,260345405A,2018,Vila da Fábrica,PLUVIOMETRICA_AUTOMATICA,,60,24,BAIXA,TRUE,365,365,363,362,361,352,1,0.994520547945205,0.991780821917808,0.989041095890411,0.964383561643836,2,137,12,12
CEMADEN,260345405A,2019,Vila da Fábrica,PLUVIOMETRICA_AUTOMATICA,,60,24,BAIXA,TRUE,365,356,343,339,333,311,0.975342465753425,0.93972602739726,0.928767123287671,0.912328767123288,0.852054794520548,11,79,12,10
CEMADEN,260345405A,2020,Vila da Fábrica,PLUVIOMETRICA_AUTOMATICA,,60,24,BAIXA,TRUE,366,366,357,356,351,346,1,0.975409836065574,0.972677595628415,0.959016393442623,0.945355191256831,2,174,12,12
CEMADEN,260345405A,2021,Vila da Fábrica,PLUVIOMETRICA_AUTOMATICA,,60,24,BAIXA,TRUE,365,365,364,364,363,348,1,0.997260273972603,0.997260273972603,0.994520547945205,0.953424657534246,1,197,12,12
CEMADEN,260345405A,2022,Vila da Fábrica,PLUVIOMETRICA_AUTOMATICA,,60,24,BAIXA,TRUE,365,364,360,356,353,341,0.997260273972603,0.986301369863014,0.975342465753425,0.967123287671233,0.934246575342466,4,199,12,12
CEMADEN,260345405A,2023,Vila da Fábrica,PLUVIOMETRICA_AUTOMATICA,,60,24,BAIXA,TRUE,365,365,365,365,365,365,1,1,1,1,1,0,203,12,12
CEMADEN,260345405A,2024,Vila da Fábrica,PLUVIOMETRICA_AUTOMATICA,,60,24,BAIXA,TRUE,366,333,251,249,248,246,0.909836065573771,0.685792349726776,0.680327868852459,0.677595628415301,0.672131147540984,116,138,12,8
CEMADEN,260345405A,2025,Vila da Fábrica,PLUVIOMETRICA_AUTOMATICA,,60,24,ALTA,FALSE,365,244,19,12,8,6,0.668493150684932,0.052054794520548,0.0328767123287671,0.0219178082191781,0.0164383561643836,133,4,10,0
CEMADEN,260345406A,2017,Aldeia,PLUVIOMETRICA_AUTOMATICA,,60,24,BAIXA,TRUE,365,363,360,360,360,354,0.994520547945205,0.986301369863014,0.986301369863014,0.986301369863014,0.96986301369863,3,216,12,12
CEMADEN,260345406A,2018,Aldeia,PLUVIOMETRICA_AUTOMATICA,,60,24,BAIXA,TRUE,365,254,254,254,254,251,0.695890410958904,0.695890410958904,0.695890410958904,0.695890410958904,0.687671232876712,111,149,9,8
CEMADEN,260345406A,2019,Aldeia,PLUVIOMETRICA_AUTOMATICA,,60,24,BAIXA,TRUE,365,195,181,180,179,163,0.534246575342466,0.495890410958904,0.493150684931507,0.49041095890411,0.446575342465753,162,89,7,5
CEMADEN,260345406A,2020,Aldeia,PLUVIOMETRICA_AUTOMATICA,,60,24,BAIXA,TRUE,366,366,358,349,340,305,1,0.978142076502732,0.953551912568306,0.92896174863388,0.833333333333333,3,156,12,12
CEMADEN,260345406A,2021,Aldeia,PLUVIOMETRICA_AUTOMATICA,,60,24,BAIXA,TRUE,365,364,355,355,354,333,0.997260273972603,0.972602739726027,0.972602739726027,0.96986301369863,0.912328767123288,7,173,12,11
CEMADEN,260345406A,2022,Aldeia,PLUVIOMETRICA_AUTOMATICA,,60,24,BAIXA,TRUE,365,365,360,356,356,352,1,0.986301369863014,0.975342465753425,0.975342465753425,0.964383561643836,3,192,12,12
CEMADEN,260345406A,2023,Aldeia,PLUVIOMETRICA_AUTOMATICA,,60,24,BAIXA,TRUE,365,365,365,365,365,352,1,1,1,1,0.964383561643836,0,187,12,12
CEMADEN,260345406A,2024,Aldeia,PLUVIOMETRICA_AUTOMATICA,,60,24,BAIXA,TRUE,366,361,210,207,205,203,0.986338797814208,0.573770491803279,0.565573770491803,0.560109289617486,0.554644808743169,155,70,12,6
CEMADEN,260345406A,2025,Aldeia,PLUVIOMETRICA_AUTOMATICA,,60,24,BAIXA,TRUE,365,365,365,365,363,361,1,1,1,0.994520547945205,0.989041095890411,1,188,12,12
CEMADEN,260350401A,2017,CAMOCIM DE SAO FELIX - APAC,PLUVIOMETRICA_AUTOMATICA,,60,24,BAIXA,TRUE,365,34,33,33,31,21,0.0931506849315068,0.0904109589041096,0.0904109589041096,0.0849315068493151,0.0575342465753425,332,5,2,1
CEMADEN,260350401A,2018,CAMOCIM DE SAO FELIX - APAC,PLUVIOMETRICA_AUTOMATICA,,60,24,BAIXA,TRUE,365,365,364,363,357,332,1,0.997260273972603,0.994520547945205,0.978082191780822,0.90958904109589,1,144,12,12
CEMADEN,260350401A,2019,CAMOCIM DE SAO FELIX - APAC,PLUVIOMETRICA_AUTOMATICA,,60,24,BAIXA,TRUE,365,353,341,340,338,330,0.967123287671233,0.934246575342466,0.931506849315068,0.926027397260274,0.904109589041096,11,140,12,10
CEMADEN,260350401A,2020,CAMOCIM DE SAO FELIX - APAC,PLUVIOMETRICA_AUTOMATICA,,60,24,BAIXA,TRUE,366,366,357,356,356,334,1,0.975409836065574,0.972677595628415,0.972677595628415,0.912568306010929,5,154,12,12
CEMADEN,260350401A,2021,CAMOCIM DE SAO FELIX - APAC,PLUVIOMETRICA_AUTOMATICA,,60,24,BAIXA,TRUE,365,306,293,290,281,240,0.838356164383562,0.802739726027397,0.794520547945206,0.76986301369863,0.657534246575342,70,139,11,9
CEMADEN,260350401A,2022,CAMOCIM DE SAO FELIX - APAC,PLUVIOMETRICA_AUTOMATICA,,60,24,BAIXA,TRUE,365,117,116,115,114,114,0.32054794520548,0.317808219178082,0.315068493150685,0.312328767123288,0.312328767123288,249,36,4,4
CEMADEN,260350401A,2023,CAMOCIM DE SAO FELIX - APAC,PLUVIOMETRICA_AUTOMATICA,,60,24,BAIXA,TRUE,365,365,364,364,364,345,1,0.997260273972603,0.997260273972603,0.997260273972603,0.945205479452055,1,181,12,12
CEMADEN,260350401A,2024,CAMOCIM DE SAO FELIX - APAC,PLUVIOMETRICA_AUTOMATICA,,60,24,BAIXA,TRUE,366,366,362,362,360,349,1,0.989071038251366,0.989071038251366,0.983606557377049,0.953551912568306,2,147,12,12
CEMADEN,260350401A,2025,CAMOCIM DE SAO FELIX - APAC,PLUVIOMETRICA_AUTOMATICA,,60,24,BAIXA,TRUE,365,365,365,365,364,361,1,1,1,0.997260273972603,0.989041095890411,1,168,12,12
CEMADEN,260360301A,2017,CAMUTANGA - APAC,PLUVIOMETRICA_AUTOMATICA,,60,24,ALTA,FALSE,365,40,38,37,37,12,0.10958904109589,0.104109589041096,0.101369863013699,0.101369863013699,0.0328767123287671,326,0,2,1
CEMADEN,260360301A,2018,CAMUTANGA - APAC,PLUVIOMETRICA_AUTOMATICA,,60,24,BAIXA,TRUE,365,365,364,363,360,340,1,0.997260273972603,0.994520547945205,0.986301369863014,0.931506849315068,1,75,12,12
CEMADEN,260360301A,2019,CAMUTANGA - APAC,PLUVIOMETRICA_AUTOMATICA,,60,24,BAIXA,TRUE,365,353,342,340,340,326,0.967123287671233,0.936986301369863,0.931506849315068,0.931506849315068,0.893150684931507,11,77,12,10
CEMADEN,260360301A,2020,CAMUTANGA - APAC,PLUVIOMETRICA_AUTOMATICA,,60,24,ALTA,FALSE,366,229,44,38,36,34,0.62568306010929,0.120218579234973,0.103825136612022,0.0983606557377049,0.092896174863388,138,11,11,0
CEMADEN,260360301A,2021,CAMUTANGA - APAC,PLUVIOMETRICA_AUTOMATICA,,60,24,BAIXA,TRUE,365,95,61,57,57,54,0.26027397260274,0.167123287671233,0.156164383561644,0.156164383561644,0.147945205479452,174,6,6,1
CEMADEN,260360301A,2022,CAMUTANGA - APAC,PLUVIOMETRICA_AUTOMATICA,,60,24,BAIXA,TRUE,365,140,124,123,122,113,0.383561643835616,0.33972602739726,0.336986301369863,0.334246575342466,0.30958904109589,95,38,8,2
CEMADEN,260360301A,2023,CAMUTANGA - APAC,PLUVIOMETRICA_AUTOMATICA,,60,24,BAIXA,TRUE,365,365,363,361,360,353,1,0.994520547945205,0.989041095890411,0.986301369863014,0.967123287671233,1,125,12,12
CEMADEN,260360301A,2024,CAMUTANGA - APAC,PLUVIOMETRICA_AUTOMATICA,,60,24,BAIXA,TRUE,366,348,315,311,305,297,0.950819672131147,0.860655737704918,0.849726775956284,0.833333333333333,0.811475409836066,12,105,12,9
CEMADEN,260360301A,2025,CAMUTANGA - APAC,PLUVIOMETRICA_AUTOMATICA,,60,24,BAIXA,TRUE,365,233,209,207,205,196,0.638356164383562,0.572602739726027,0.567123287671233,0.561643835616438,0.536986301369863,91,92,10,5
CEMADEN,260370201A,2023,CANHOTINHO - APAC,PLUVIOMETRICA_AUTOMATICA,,60,24,BAIXA,TRUE,365,183,175,174,172,167,0.501369863013699,0.479452054794521,0.476712328767123,0.471232876712329,0.457534246575342,181,66,7,6
CEMADEN,260370201A,2024,CANHOTINHO - APAC,PLUVIOMETRICA_AUTOMATICA,,60,24,BAIXA,TRUE,366,356,307,300,294,281,0.972677595628415,0.83879781420765,0.819672131147541,0.80327868852459,0.76775956284153,12,117,12,7
CEMADEN,260370201A,2025,CANHOTINHO - APAC,PLUVIOMETRICA_AUTOMATICA,,60,24,BAIXA,TRUE,365,281,236,232,229,221,0.76986301369863,0.646575342465753,0.635616438356164,0.627397260273973,0.605479452054795,53,107,12,7
CEMADEN,260370201C,2018,CANHOTINHO,PLUVIOMETRICA_AUTOMATICA,,60,24,BAIXA,TRUE,365,154,86,81,77,71,0.421917808219178,0.235616438356164,0.221917808219178,0.210958904109589,0.194520547945205,138,29,9,1
CEMADEN,260370201C,2020,CANHOTINHO,PLUVIOMETRICA_AUTOMATICA,,60,24,BAIXA,TRUE,366,16,0,0,0,0,0.0437158469945355,0,0,0,0,366,0,5,0
CEMADEN,260380101A,2017,CAPOEIRAS - APAC,PLUVIOMETRICA_AUTOMATICA,,60,24,BAIXA,TRUE,365,26,22,20,17,11,0.0712328767123288,0.0602739726027397,0.0547945205479452,0.0465753424657534,0.0301369863013699,340,2,1,0
CEMADEN,260380101A,2018,CAPOEIRAS - APAC,PLUVIOMETRICA_AUTOMATICA,,60,24,BAIXA,TRUE,365,365,343,331,320,291,1,0.93972602739726,0.906849315068493,0.876712328767123,0.797260273972603,3,104,12,10
CEMADEN,260380101A,2019,CAPOEIRAS - APAC,PLUVIOMETRICA_AUTOMATICA,,60,24,BAIXA,TRUE,365,336,321,315,308,296,0.920547945205479,0.879452054794521,0.863013698630137,0.843835616438356,0.810958904109589,19,106,12,9
CEMADEN,260380101A,2020,CAPOEIRAS - APAC,PLUVIOMETRICA_AUTOMATICA,,60,24,BAIXA,TRUE,366,270,196,194,189,181,0.737704918032787,0.53551912568306,0.530054644808743,0.516393442622951,0.494535519125683,161,71,10,5
CEMADEN,260380101A,2021,CAPOEIRAS - APAC,PLUVIOMETRICA_AUTOMATICA,,60,24,BAIXA,TRUE,365,365,362,360,359,342,1,0.991780821917808,0.986301369863014,0.983561643835616,0.936986301369863,2,110,12,12
CEMADEN,260380101A,2022,CAPOEIRAS - APAC,PLUVIOMETRICA_AUTOMATICA,,60,24,BAIXA,TRUE,365,365,344,330,317,286,1,0.942465753424658,0.904109589041096,0.868493150684932,0.783561643835617,4,134,12,9
CEMADEN,260380101A,2023,CAPOEIRAS - APAC,PLUVIOMETRICA_AUTOMATICA,,60,24,BAIXA,TRUE,365,306,297,288,286,277,0.838356164383562,0.813698630136986,0.789041095890411,0.783561643835617,0.758904109589041,65,109,11,8
CEMADEN,260380101A,2024,CAPOEIRAS - APAC,PLUVIOMETRICA_AUTOMATICA,,60,24,BAIXA,TRUE,366,350,335,321,309,291,0.956284153005464,0.915300546448087,0.877049180327869,0.844262295081967,0.795081967213115,10,121,12,9
CEMADEN,260380101A,2025,CAPOEIRAS - APAC,PLUVIOMETRICA_AUTOMATICA,,60,24,BAIXA,TRUE,365,228,217,215,215,209,0.624657534246575,0.594520547945206,0.589041095890411,0.589041095890411,0.572602739726027,119,88,9,6
CEMADEN,260390001A,2023,Carnaíba [Prefeitura] - APAC,PLUVIOMETRICA_AUTOMATICA,,60,24,ALTA,FALSE,365,133,126,125,125,114,0.364383561643836,0.345205479452055,0.342465753424658,0.342465753424658,0.312328767123288,173,9,6,4
CEMADEN,260390001A,2024,Carnaíba [Prefeitura] - APAC,PLUVIOMETRICA_AUTOMATICA,,60,24,BAIXA,TRUE,366,362,352,349,349,340,0.989071038251366,0.961748633879781,0.953551912568306,0.953551912568306,0.92896174863388,5,75,12,12
CEMADEN,260390001A,2025,Carnaíba [Prefeitura] - APAC,PLUVIOMETRICA_AUTOMATICA,,60,24,BAIXA,TRUE,365,365,363,361,358,347,1,0.994520547945205,0.989041095890411,0.980821917808219,0.950684931506849,1,55,12,12
CEMADEN,260390001C,2018,CARNAIBA,PLUVIOMETRICA_AUTOMATICA,,60,24,ALTA,FALSE,365,314,88,70,50,38,0.86027397260274,0.241095890410959,0.191780821917808,0.136986301369863,0.104109589041096,182,18,11,0
CEMADEN,260390001C,2019,CARNAIBA,PLUVIOMETRICA_AUTOMATICA,,60,24,BAIXA,TRUE,365,348,17,10,5,2,0.953424657534246,0.0465753424657534,0.0273972602739726,0.0136986301369863,0.00547945205479452,99,2,12,0
CEMADEN,260390001C,2020,CARNAIBA,PLUVIOMETRICA_AUTOMATICA,,60,24,ALTA,FALSE,366,44,4,0,0,0,0.120218579234973,0.0109289617486339,0,0,0,366,0,2,0
CEMADEN,260390001C,2022,CARNAIBA,PLUVIOMETRICA_AUTOMATICA,,60,24,BAIXA,TRUE,365,187,186,186,186,182,0.512328767123288,0.50958904109589,0.50958904109589,0.50958904109589,0.498630136986301,179,26,7,6
CEMADEN,260390001C,2023,CARNAIBA,PLUVIOMETRICA_AUTOMATICA,,60,24,BAIXA,TRUE,365,271,248,242,240,230,0.742465753424658,0.679452054794521,0.663013698630137,0.657534246575342,0.63013698630137,109,40,11,7
CEMADEN,260390001C,2024,CARNAIBA,PLUVIOMETRICA_AUTOMATICA,,60,24,BAIXA,TRUE,366,366,311,296,280,269,1,0.849726775956284,0.808743169398907,0.765027322404372,0.734972677595629,49,66,12,8
CEMADEN,260390001C,2025,CARNAIBA,PLUVIOMETRICA_AUTOMATICA,,60,24,ALTA,FALSE,365,105,7,4,2,1,0.287671232876712,0.0191780821917808,0.010958904109589,0.00547945205479452,0.00273972602739726,346,1,4,0
CEMADEN,260392601A,2024,Carnaubeira da Penha [Fazenda Milagres] - APAC,PLUVIOMETRICA_AUTOMATICA,,60,24,ALTA,FALSE,366,124,115,115,114,110,0.33879781420765,0.314207650273224,0.314207650273224,0.311475409836066,0.300546448087432,241,7,5,3
CEMADEN,260392601A,2025,Carnaubeira da Penha [Fazenda Milagres] - APAC,PLUVIOMETRICA_AUTOMATICA,,60,24,BAIXA,TRUE,365,364,352,350,337,322,0.997260273972603,0.964383561643836,0.958904109589041,0.923287671232877,0.882191780821918,6,53,12,11
CEMADEN,260392601U,2021,CARNAUBEIRAS DA PENHA,PLUVIOMETRICA_AUTOMATICA,,60,24,MEDIA,FALSE,365,19,17,17,17,17,0.052054794520548,0.0465753424657534,0.0465753424657534,0.0465753424657534,0.0465753424657534,215,2,1,0
CEMADEN,260392601U,2022,CARNAUBEIRAS DA PENHA,PLUVIOMETRICA_AUTOMATICA,,60,24,BAIXA,TRUE,365,75,66,66,64,63,0.205479452054795,0.180821917808219,0.180821917808219,0.175342465753425,0.172602739726027,172,20,5,0
CEMADEN,260392601U,2023,CARNAUBEIRAS DA PENHA,PLUVIOMETRICA_AUTOMATICA,,60,24,ALTA,FALSE,365,252,245,244,244,240,0.69041095890411,0.671232876712329,0.668493150684932,0.668493150684932,0.657534246575342,69,39,11,7
CEMADEN,260392601U,2024,CARNAUBEIRAS DA PENHA,PLUVIOMETRICA_AUTOMATICA,,60,24,BAIXA,TRUE,366,297,289,289,289,284,0.811475409836066,0.789617486338798,0.789617486338798,0.789617486338798,0.775956284153005,60,65,11,9
CEMADEN,260392601U,2025,CARNAUBEIRAS DA PENHA,PLUVIOMETRICA_AUTOMATICA,,60,24,BAIXA,TRUE,365,23,23,22,22,21,0.063013698630137,0.063013698630137,0.0602739726027397,0.0602739726027397,0.0575342465753425,343,7,1,0
CEMADEN,260410601A,2017,Centro,PLUVIOMETRICA_AUTOMATICA,,60,24,BAIXA,TRUE,365,365,364,363,361,357,1,0.997260273972603,0.994520547945205,0.989041095890411,0.978082191780822,2,164,12,12
CEMADEN,260410601A,2018,Centro,PLUVIOMETRICA_AUTOMATICA,,60,24,BAIXA,TRUE,365,365,362,362,361,357,1,0.991780821917808,0.991780821917808,0.989041095890411,0.978082191780822,2,99,12,12
CEMADEN,260410601A,2019,Centro,PLUVIOMETRICA_AUTOMATICA,,60,24,BAIXA,TRUE,365,354,336,332,327,317,0.96986301369863,0.920547945205479,0.90958904109589,0.895890410958904,0.868493150684932,11,99,12,10
CEMADEN,260410601A,2020,Centro,PLUVIOMETRICA_AUTOMATICA,,60,24,BAIXA,TRUE,366,366,354,348,344,330,1,0.967213114754098,0.950819672131147,0.939890710382514,0.901639344262295,3,95,12,12
CEMADEN,260410601A,2021,Centro,PLUVIOMETRICA_AUTOMATICA,,60,24,BAIXA,TRUE,365,365,364,363,355,329,1,0.997260273972603,0.994520547945205,0.972602739726027,0.901369863013699,2,108,12,11
CEMADEN,260410601A,2022,Centro,PLUVIOMETRICA_AUTOMATICA,,60,24,BAIXA,TRUE,365,365,358,357,355,341,1,0.980821917808219,0.978082191780822,0.972602739726027,0.934246575342466,5,130,12,12
CEMADEN,260410601A,2023,Centro,PLUVIOMETRICA_AUTOMATICA,,60,24,BAIXA,TRUE,365,365,364,363,363,359,1,0.997260273972603,0.994520547945205,0.994520547945205,0.983561643835616,1,119,12,12
CEMADEN,260410601A,2024,Centro,PLUVIOMETRICA_AUTOMATICA,,60,24,BAIXA,TRUE,366,262,232,229,223,218,0.715846994535519,0.633879781420765,0.62568306010929,0.609289617486339,0.595628415300546,95,58,10,6
CEMADEN,260410601A,2025,Centro,PLUVIOMETRICA_AUTOMATICA,,60,24,BAIXA,TRUE,365,282,239,234,232,212,0.772602739726028,0.654794520547945,0.641095890410959,0.635616438356164,0.580821917808219,56,80,12,6
CEMADEN,260410602A,2017,Cidade Jardim,PLUVIOMETRICA_AUTOMATICA,,60,24,BAIXA,TRUE,365,318,312,312,309,307,0.871232876712329,0.854794520547945,0.854794520547945,0.846575342465753,0.841095890410959,24,112,12,9
CEMADEN,260410602A,2018,Cidade Jardim,PLUVIOMETRICA_AUTOMATICA,,60,24,BAIXA,TRUE,365,365,363,363,362,355,1,0.994520547945205,0.994520547945205,0.991780821917808,0.972602739726027,1,83,12,12
CEMADEN,260410602A,2019,Cidade Jardim,PLUVIOMETRICA_AUTOMATICA,,60,24,BAIXA,TRUE,365,354,331,328,324,315,0.96986301369863,0.906849315068493,0.898630136986301,0.887671232876712,0.863013698630137,11,97,12,10
CEMADEN,260410602A,2020,Cidade Jardim,PLUVIOMETRICA_AUTOMATICA,,60,24,BAIXA,TRUE,366,366,350,348,344,325,1,0.956284153005464,0.950819672131147,0.939890710382514,0.887978142076503,3,87,12,11
CEMADEN,260410602A,2021,Cidade Jardim,PLUVIOMETRICA_AUTOMATICA,,60,24,BAIXA,TRUE,365,365,364,364,363,339,1,0.997260273972603,0.997260273972603,0.994520547945205,0.928767123287671,1,93,12,12
CEMADEN,260410602A,2022,Cidade Jardim,PLUVIOMETRICA_AUTOMATICA,,60,24,ALTA,FALSE,365,365,356,354,353,326,1,0.975342465753425,0.96986301369863,0.967123287671233,0.893150684931507,5,30,12,12
CEMADEN,260410602A,2023,Cidade Jardim,PLUVIOMETRICA_AUTOMATICA,,60,24,BAIXA,TRUE,365,365,364,363,363,349,1,0.997260273972603,0.994520547945205,0.994520547945205,0.956164383561644,1,135,12,12
CEMADEN,260410602A,2024,Cidade Jardim,PLUVIOMETRICA_AUTOMATICA,,60,24,BAIXA,TRUE,366,334,330,330,328,325,0.912568306010929,0.901639344262295,0.901639344262295,0.896174863387978,0.887978142076503,28,92,12,10
CEMADEN,260410602A,2025,Cidade Jardim,PLUVIOMETRICA_AUTOMATICA,,60,24,BAIXA,TRUE,365,289,253,248,240,230,0.791780821917808,0.693150684931507,0.679452054794521,0.657534246575342,0.63013698630137,36,71,12,4
CEMADEN,260410603A,2017,2º Distrito,PLUVIOMETRICA_AUTOMATICA,,60,24,BAIXA,TRUE,365,365,353,340,332,317,1,0.967123287671233,0.931506849315068,0.90958904109589,0.868493150684932,5,102,12,9
CEMADEN,260410603A,2018,2º Distrito,PLUVIOMETRICA_AUTOMATICA,,60,24,BAIXA,TRUE,365,365,357,354,351,340,1,0.978082191780822,0.96986301369863,0.961643835616438,0.931506849315068,2,68,12,11
CEMADEN,260410603A,2019,2º Distrito,PLUVIOMETRICA_AUTOMATICA,,60,24,BAIXA,TRUE,365,307,285,280,276,263,0.841095890410959,0.780821917808219,0.767123287671233,0.756164383561644,0.72054794520548,42,64,12,8
CEMADEN,260410603A,2020,2º Distrito,PLUVIOMETRICA_AUTOMATICA,,60,24,BAIXA,TRUE,366,366,350,344,342,326,1,0.956284153005464,0.939890710382514,0.934426229508197,0.890710382513661,2,69,12,12
CEMADEN,260410603A,2021,2º Distrito,PLUVIOMETRICA_AUTOMATICA,,60,24,BAIXA,TRUE,365,347,346,345,344,326,0.950684931506849,0.947945205479452,0.945205479452055,0.942465753424658,0.893150684931507,19,67,12,11
CEMADEN,260410603A,2022,2º Distrito,PLUVIOMETRICA_AUTOMATICA,,60,24,ALTA,FALSE,365,57,32,22,15,11,0.156164383561644,0.0876712328767123,0.0602739726027397,0.0410958904109589,0.0301369863013699,303,3,4,0
CEMADEN,260410603A,2023,2º Distrito,PLUVIOMETRICA_AUTOMATICA,,60,24,BAIXA,TRUE,365,3,0,0,0,0,0.00821917808219178,0,0,0,0,365,0,1,0
CEMADEN,260410603A,2024,2º Distrito,PLUVIOMETRICA_AUTOMATICA,,60,24,BAIXA,TRUE,366,1,0,0,0,0,0.00273224043715847,0,0,0,0,366,0,1,0
CEMADEN,260410604A,2017,1º Distrito,PLUVIOMETRICA_AUTOMATICA,,60,24,BAIXA,TRUE,365,187,183,183,181,177,0.512328767123288,0.501369863013699,0.501369863013699,0.495890410958904,0.484931506849315,179,64,8,6
CEMADEN,260410604A,2018,1º Distrito,PLUVIOMETRICA_AUTOMATICA,,60,24,BAIXA,TRUE,365,73,72,72,70,69,0.2,0.197260273972603,0.197260273972603,0.191780821917808,0.189041095890411,293,18,3,2
CEMADEN,260410605A,2017,Gonçalves Ferreira,PLUVIOMETRICA_AUTOMATICA,,60,24,BAIXA,TRUE,365,240,224,221,218,215,0.657534246575342,0.613698630136986,0.605479452054795,0.597260273972603,0.589041095890411,38,82,12,6
CEMADEN,260410605A,2018,Gonçalves Ferreira,PLUVIOMETRICA_AUTOMATICA,,60,24,BAIXA,TRUE,365,365,361,360,358,354,1,0.989041095890411,0.986301369863014,0.980821917808219,0.96986301369863,2,93,12,12
CEMADEN,260410605A,2019,Gonçalves Ferreira,PLUVIOMETRICA_AUTOMATICA,,60,24,BAIXA,TRUE,365,333,314,313,309,309,0.912328767123288,0.86027397260274,0.857534246575342,0.846575342465753,0.846575342465753,21,102,12,8
CEMADEN,260410605A,2020,Gonçalves Ferreira,PLUVIOMETRICA_AUTOMATICA,,60,24,ALTA,FALSE,366,125,70,70,70,69,0.341530054644809,0.191256830601093,0.191256830601093,0.191256830601093,0.188524590163934,295,8,6,2
CEMADEN,260410605A,2021,Gonçalves Ferreira,PLUVIOMETRICA_AUTOMATICA,,60,24,BAIXA,TRUE,365,363,357,357,355,352,0.994520547945205,0.978082191780822,0.978082191780822,0.972602739726027,0.964383561643836,6,106,12,12
CEMADEN,260410605A,2022,Gonçalves Ferreira,PLUVIOMETRICA_AUTOMATICA,,60,24,BAIXA,TRUE,365,207,205,204,203,202,0.567123287671233,0.561643835616438,0.558904109589041,0.556164383561644,0.553424657534247,159,89,7,6
CEMADEN,260410605A,2024,Gonçalves Ferreira,PLUVIOMETRICA_AUTOMATICA,,60,24,ALTA,FALSE,366,57,53,53,51,50,0.155737704918033,0.144808743169399,0.144808743169399,0.139344262295082,0.136612021857924,281,2,4,1
CEMADEN,260410605A,2025,Gonçalves Ferreira,PLUVIOMETRICA_AUTOMATICA,,60,24,BAIXA,TRUE,365,205,179,176,168,161,0.561643835616438,0.49041095890411,0.482191780821918,0.46027397260274,0.441095890410959,76,65,10,3
CEMADEN,260410606A,2017,Terra Vermelha,PLUVIOMETRICA_AUTOMATICA,,10,144,ALTA,FALSE,365,270,24,23,21,18,0.73972602739726,0.0657534246575342,0.063013698630137,0.0575342465753425,0.0493150684931507,164,0,12,0
CEMADEN,260410606A,2018,Terra Vermelha,PLUVIOMETRICA_AUTOMATICA,,60,24,BAIXA,TRUE,365,365,359,356,351,336,1,0.983561643835616,0.975342465753425,0.961643835616438,0.920547945205479,3,114,12,12
CEMADEN,260410606A,2019,Terra Vermelha,PLUVIOMETRICA_AUTOMATICA,,60,24,BAIXA,TRUE,365,360,349,346,342,315,0.986301369863014,0.956164383561644,0.947945205479452,0.936986301369863,0.863013698630137,5,126,12,12
CEMADEN,260410606A,2020,Terra Vermelha,PLUVIOMETRICA_AUTOMATICA,,60,24,BAIXA,TRUE,366,366,365,364,363,347,1,0.997267759562842,0.994535519125683,0.991803278688525,0.948087431693989,1,145,12,12
CEMADEN,260410606A,2021,Terra Vermelha,PLUVIOMETRICA_AUTOMATICA,,60,24,BAIXA,TRUE,365,320,318,317,316,297,0.876712328767123,0.871232876712329,0.868493150684932,0.865753424657534,0.813698630136986,47,140,11,10
CEMADEN,260410606A,2022,Terra Vermelha,PLUVIOMETRICA_AUTOMATICA,,60,24,BAIXA,TRUE,365,32,21,21,21,19,0.0876712328767123,0.0575342465753425,0.0575342465753425,0.0575342465753425,0.052054794520548,250,7,3,0
CEMADEN,260410606A,2023,Terra Vermelha,PLUVIOMETRICA_AUTOMATICA,,60,24,BAIXA,TRUE,365,126,124,123,119,111,0.345205479452055,0.33972602739726,0.336986301369863,0.326027397260274,0.304109589041096,240,38,5,4
CEMADEN,260410606A,2024,Terra Vermelha,PLUVIOMETRICA_AUTOMATICA,,60,24,BAIXA,TRUE,366,289,271,268,266,261,0.789617486338798,0.740437158469945,0.73224043715847,0.726775956284153,0.713114754098361,79,104,10,7
CEMADEN,260410606A,2025,Terra Vermelha,PLUVIOMETRICA_AUTOMATICA,,60,24,BAIXA,TRUE,365,365,353,351,343,335,1,0.967123287671233,0.961643835616438,0.93972602739726,0.917808219178082,6,151,12,11
CEMADEN,260410607A,2017,Alto do Moura,PLUVIOMETRICA_AUTOMATICA,,60,24,BAIXA,TRUE,365,365,364,364,361,359,1,0.997260273972603,0.997260273972603,0.989041095890411,0.983561643835616,2,134,12,12
CEMADEN,260410607A,2018,Alto do Moura,PLUVIOMETRICA_AUTOMATICA,,60,24,BAIXA,TRUE,365,365,363,363,361,356,1,0.994520547945205,0.994520547945205,0.989041095890411,0.975342465753425,2,85,12,12
CEMADEN,260410607A,2019,Alto do Moura,PLUVIOMETRICA_AUTOMATICA,,60,24,BAIXA,TRUE,365,361,345,341,337,325,0.989041095890411,0.945205479452055,0.934246575342466,0.923287671232877,0.89041095890411,5,92,12,11
CEMADEN,260410607A,2020,Alto do Moura,PLUVIOMETRICA_AUTOMATICA,,60,24,BAIXA,TRUE,366,366,353,349,344,330,1,0.96448087431694,0.953551912568306,0.939890710382514,0.901639344262295,3,91,12,12
CEMADEN,260410607A,2021,Alto do Moura,PLUVIOMETRICA_AUTOMATICA,,60,24,BAIXA,TRUE,365,364,362,361,360,351,0.997260273972603,0.991780821917808,0.989041095890411,0.986301369863014,0.961643835616438,3,101,12,12
CEMADEN,260410607A,2022,Alto do Moura,PLUVIOMETRICA_AUTOMATICA,,60,24,BAIXA,TRUE,365,365,358,356,354,340,1,0.980821917808219,0.975342465753425,0.96986301369863,0.931506849315068,5,137,12,12
CEMADEN,260410607A,2023,Alto do Moura,PLUVIOMETRICA_AUTOMATICA,,60,24,BAIXA,TRUE,365,331,328,328,328,322,0.906849315068493,0.898630136986301,0.898630136986301,0.898630136986301,0.882191780821918,36,107,12,10
CEMADEN,260410607A,2024,Alto do Moura,PLUVIOMETRICA_AUTOMATICA,,60,24,BAIXA,TRUE,366,240,231,231,231,229,0.655737704918033,0.631147540983607,0.631147540983607,0.631147540983607,0.62568306010929,133,95,9,7
CEMADEN,260410608A,2017,CARUARU - APAC,PLUVIOMETRICA_AUTOMATICA,,60,24,ALTA,FALSE,365,36,33,33,30,9,0.0986301369863014,0.0904109589041096,0.0904109589041096,0.0821917808219178,0.0246575342465753,331,2,2,1
CEMADEN,260410608A,2018,CARUARU - APAC,PLUVIOMETRICA_AUTOMATICA,,60,24,BAIXA,TRUE,365,365,364,361,358,330,1,0.997260273972603,0.989041095890411,0.980821917808219,0.904109589041096,2,83,12,12
CEMADEN,260410608A,2019,CARUARU - APAC,PLUVIOMETRICA_AUTOMATICA,,60,24,BAIXA,TRUE,365,353,337,336,336,331,0.967123287671233,0.923287671232877,0.920547945205479,0.920547945205479,0.906849315068493,11,106,12,10
CEMADEN,260410608A,2020,CARUARU - APAC,PLUVIOMETRICA_AUTOMATICA,,60,24,BAIXA,TRUE,366,248,246,245,245,235,0.677595628415301,0.672131147540984,0.669398907103825,0.669398907103825,0.642076502732241,114,90,9,7
CEMADEN,260410608A,2021,CARUARU - APAC,PLUVIOMETRICA_AUTOMATICA,,60,24,BAIXA,TRUE,365,155,153,153,152,142,0.424657534246575,0.419178082191781,0.419178082191781,0.416438356164384,0.389041095890411,211,39,6,5
CEMADEN,260410608A,2022,CARUARU - APAC,PLUVIOMETRICA_AUTOMATICA,,60,24,BAIXA,TRUE,365,95,95,94,93,89,0.26027397260274,0.26027397260274,0.257534246575342,0.254794520547945,0.243835616438356,271,29,4,3
CEMADEN,260415501A,2017,CASINHAS - APAC,PLUVIOMETRICA_AUTOMATICA,,60,24,BAIXA,TRUE,365,26,24,24,22,17,0.0712328767123288,0.0657534246575342,0.0657534246575342,0.0602739726027397,0.0465753424657534,341,2,1,0
CEMADEN,260415501A,2018,CASINHAS - APAC,PLUVIOMETRICA_AUTOMATICA,,60,24,BAIXA,TRUE,365,365,362,361,358,346,1,0.991780821917808,0.989041095890411,0.980821917808219,0.947945205479452,2,98,12,12
CEMADEN,260415501A,2019,CASINHAS - APAC,PLUVIOMETRICA_AUTOMATICA,,60,24,BAIXA,TRUE,365,352,338,337,336,329,0.964383561643836,0.926027397260274,0.923287671232877,0.920547945205479,0.901369863013699,11,90,12,9
CEMADEN,260415501A,2020,CASINHAS - APAC,PLUVIOMETRICA_AUTOMATICA,,60,24,BAIXA,TRUE,366,349,277,254,240,230,0.953551912568306,0.756830601092896,0.693989071038251,0.655737704918033,0.628415300546448,58,91,12,7
CEMADEN,260415501A,2021,CASINHAS - APAC,PLUVIOMETRICA_AUTOMATICA,,60,24,ALTA,FALSE,365,240,160,142,132,118,0.657534246575342,0.438356164383562,0.389041095890411,0.361643835616438,0.323287671232877,129,23,9,3
CEMADEN,260415501A,2022,CASINHAS - APAC,PLUVIOMETRICA_AUTOMATICA,,60,24,BAIXA,TRUE,365,359,351,350,350,345,0.983561643835616,0.961643835616438,0.958904109589041,0.958904109589041,0.945205479452055,6,121,12,11
CEMADEN,260415501A,2023,CASINHAS - APAC,PLUVIOMETRICA_AUTOMATICA,,60,24,BAIXA,TRUE,365,49,45,45,45,45,0.134246575342466,0.123287671232877,0.123287671232877,0.123287671232877,0.123287671232877,320,9,3,1
CEMADEN,260415501A,2024,CASINHAS - APAC,PLUVIOMETRICA_AUTOMATICA,,60,24,BAIXA,TRUE,366,185,163,161,158,153,0.505464480874317,0.445355191256831,0.439890710382514,0.431693989071038,0.418032786885246,163,33,10,4
CEMADEN,260415501A,2025,CASINHAS - APAC,PLUVIOMETRICA_AUTOMATICA,,60,24,BAIXA,TRUE,365,269,239,237,230,218,0.736986301369863,0.654794520547945,0.649315068493151,0.63013698630137,0.597260273972603,70,89,10,5
CEMADEN,260420501A,2017,Centro,PLUVIOMETRICA_AUTOMATICA,,60,24,BAIXA,TRUE,365,365,365,364,363,360,1,1,0.997260273972603,0.994520547945205,0.986301369863014,1,200,12,12
CEMADEN,260420501A,2018,Centro,PLUVIOMETRICA_AUTOMATICA,,60,24,BAIXA,TRUE,365,232,232,231,230,228,0.635616438356164,0.635616438356164,0.632876712328767,0.63013698630137,0.624657534246575,134,109,8,7
CEMADEN,260420502A,2017,Canaã,PLUVIOMETRICA_AUTOMATICA,,60,24,BAIXA,TRUE,365,292,273,272,269,262,0.8,0.747945205479452,0.745205479452055,0.736986301369863,0.717808219178082,36,130,12,8
CEMADEN,260420502A,2018,Canaã,PLUVIOMETRICA_AUTOMATICA,,60,24,BAIXA,TRUE,365,365,363,363,362,348,1,0.994520547945205,0.994520547945205,0.991780821917808,0.953424657534246,2,144,12,12
CEMADEN,260420502A,2019,Canaã,PLUVIOMETRICA_AUTOMATICA,,60,24,BAIXA,TRUE,365,356,335,332,329,321,0.975342465753425,0.917808219178082,0.90958904109589,0.901369863013699,0.879452054794521,11,150,12,9
CEMADEN,260420502A,2020,Canaã,PLUVIOMETRICA_AUTOMATICA,,60,24,BAIXA,TRUE,366,366,357,352,352,341,1,0.975409836065574,0.961748633879781,0.961748633879781,0.931693989071038,2,152,12,12
CEMADEN,260420502A,2021,Canaã,PLUVIOMETRICA_AUTOMATICA,,60,24,BAIXA,TRUE,365,365,364,364,364,358,1,0.997260273972603,0.997260273972603,0.997260273972603,0.980821917808219,1,169,12,12
CEMADEN,260420502A,2022,Canaã,PLUVIOMETRICA_AUTOMATICA,,60,24,BAIXA,TRUE,365,205,196,196,194,185,0.561643835616438,0.536986301369863,0.536986301369863,0.531506849315069,0.506849315068493,163,100,8,6
CEMADEN,260420502A,2023,Canaã,PLUVIOMETRICA_AUTOMATICA,,60,24,BAIXA,TRUE,365,334,334,333,332,316,0.915068493150685,0.915068493150685,0.912328767123288,0.90958904109589,0.865753424657534,32,166,11,11
CEMADEN,260420502A,2024,Canaã,PLUVIOMETRICA_AUTOMATICA,,60,24,BAIXA,TRUE,366,353,315,314,310,305,0.96448087431694,0.860655737704918,0.85792349726776,0.846994535519126,0.833333333333333,34,116,12,10
CEMADEN,260420502A,2025,Canaã,PLUVIOMETRICA_AUTOMATICA,,60,24,BAIXA,TRUE,365,339,337,337,336,333,0.928767123287671,0.923287671232877,0.923287671232877,0.920547945205479,0.912328767123288,28,150,12,11
CEMADEN,260420503A,2017,Laje Grande,PLUVIOMETRICA_AUTOMATICA,,60,24,BAIXA,TRUE,365,361,359,359,359,351,0.989041095890411,0.983561643835616,0.983561643835616,0.983561643835616,0.961643835616438,6,71,12,12
CEMADEN,260420503A,2018,Laje Grande,PLUVIOMETRICA_AUTOMATICA,,60,24,BAIXA,TRUE,365,365,363,363,363,351,1,0.994520547945205,0.994520547945205,0.994520547945205,0.961643835616438,2,154,12,12
CEMADEN,260420503A,2019,Laje Grande,PLUVIOMETRICA_AUTOMATICA,,60,24,BAIXA,TRUE,365,354,337,335,333,319,0.96986301369863,0.923287671232877,0.917808219178082,0.912328767123288,0.873972602739726,11,162,12,11
CEMADEN,260420503A,2020,Laje Grande,PLUVIOMETRICA_AUTOMATICA,,60,24,BAIXA,TRUE,366,366,360,356,344,300,1,0.983606557377049,0.972677595628415,0.939890710382514,0.819672131147541,2,151,12,12
CEMADEN,260420503A,2021,Laje Grande,PLUVIOMETRICA_AUTOMATICA,,60,24,BAIXA,TRUE,365,362,356,355,354,337,0.991780821917808,0.975342465753425,0.972602739726027,0.96986301369863,0.923287671232877,7,170,12,11
CEMADEN,260420503A,2022,Laje Grande,PLUVIOMETRICA_AUTOMATICA,,60,24,BAIXA,TRUE,365,168,162,156,152,147,0.46027397260274,0.443835616438356,0.427397260273973,0.416438356164384,0.402739726027397,198,48,6,5
CEMADEN,260420503A,2023,Laje Grande,PLUVIOMETRICA_AUTOMATICA,,60,24,MEDIA,FALSE,365,20,18,18,18,18,0.0547945205479452,0.0493150684931507,0.0493150684931507,0.0493150684931507,0.0493150684931507,313,2,1,0
CEMADEN,260420504A,2017,CATENDE - APAC,PLUVIOMETRICA_AUTOMATICA,,60,24,ALTA,FALSE,365,40,38,38,37,31,0.10958904109589,0.104109589041096,0.104109589041096,0.101369863013699,0.0849315068493151,327,7,2,1
CEMADEN,260420504A,2018,CATENDE - APAC,PLUVIOMETRICA_AUTOMATICA,,60,24,BAIXA,TRUE,365,365,365,364,363,350,1,1,0.997260273972603,0.994520547945205,0.958904109589041,1,143,12,12
CEMADEN,260420504A,2019,CATENDE - APAC,PLUVIOMETRICA_AUTOMATICA,,60,24,BAIXA,TRUE,365,343,327,326,325,312,0.93972602739726,0.895890410958904,0.893150684931507,0.89041095890411,0.854794520547945,15,150,12,10
CEMADEN,260420504A,2020,CATENDE - APAC,PLUVIOMETRICA_AUTOMATICA,,60,24,BAIXA,TRUE,366,366,366,363,362,351,1,1,0.991803278688525,0.989071038251366,0.959016393442623,1,161,12,12
CEMADEN,260420504A,2021,CATENDE - APAC,PLUVIOMETRICA_AUTOMATICA,,60,24,BAIXA,TRUE,365,365,364,361,359,353,1,0.997260273972603,0.989041095890411,0.983561643835616,0.967123287671233,1,162,12,12
CEMADEN,260420504A,2022,CATENDE - APAC,PLUVIOMETRICA_AUTOMATICA,,60,24,MEDIA,FALSE,365,25,20,17,17,17,0.0684931506849315,0.0547945205479452,0.0465753424657534,0.0465753424657534,0.0465753424657534,213,5,4,0
CEMADEN,260430401A,2024,Cedro [Compesa] - APAC,PLUVIOMETRICA_AUTOMATICA,,60,24,ALTA,FALSE,366,176,15,8,5,1,0.480874316939891,0.040983606557377,0.0218579234972678,0.0136612021857924,0.00273224043715847,188,1,6,0
CEMADEN,260430401A,2025,Cedro [Compesa] - APAC,PLUVIOMETRICA_AUTOMATICA,,60,24,ALTA,FALSE,365,190,55,32,22,16,0.520547945205479,0.150684931506849,0.0876712328767123,0.0602739726027397,0.0438356164383562,121,12,9,0
CEMADEN,260430401C,2017,CEDRO,PLUVIOMETRICA_AUTOMATICA,,10,144,BAIXA,TRUE,365,92,3,2,2,2,0.252054794520548,0.00821917808219178,0.00547945205479452,0.00547945205479452,0.00547945205479452,275,0,10,0
CEMADEN,260430401C,2018,CEDRO,PLUVIOMETRICA_AUTOMATICA,,60,24,BAIXA,TRUE,365,43,0,0,0,0,0.117808219178082,0,0,0,0,365,0,3,0
CEMADEN,260440301A,2017,CHA DE ALEGRIA - APAC,PLUVIOMETRICA_AUTOMATICA,,60,24,ALTA,FALSE,365,46,44,43,40,17,0.126027397260274,0.120547945205479,0.117808219178082,0.10958904109589,0.0465753424657534,320,6,2,1
CEMADEN,260440301A,2018,CHA DE ALEGRIA - APAC,PLUVIOMETRICA_AUTOMATICA,,60,24,BAIXA,TRUE,365,365,362,361,357,334,1,0.991780821917808,0.989041095890411,0.978082191780822,0.915068493150685,2,120,12,12
CEMADEN,260440301A,2019,CHA DE ALEGRIA - APAC,PLUVIOMETRICA_AUTOMATICA,,60,24,BAIXA,TRUE,365,349,334,333,331,316,0.956164383561644,0.915068493150685,0.912328767123288,0.906849315068493,0.865753424657534,11,130,12,9
CEMADEN,260440301A,2020,CHA DE ALEGRIA - APAC,PLUVIOMETRICA_AUTOMATICA,,60,24,BAIXA,TRUE,366,366,358,354,335,285,1,0.978142076502732,0.967213114754098,0.915300546448087,0.778688524590164,2,116,12,10
CEMADEN,260440301A,2021,CHA DE ALEGRIA - APAC,PLUVIOMETRICA_AUTOMATICA,,60,24,BAIXA,TRUE,365,194,186,185,185,179,0.531506849315069,0.50958904109589,0.506849315068493,0.506849315068493,0.49041095890411,158,75,8,4
CEMADEN,260440301A,2022,CHA DE ALEGRIA - APAC,PLUVIOMETRICA_AUTOMATICA,,60,24,BAIXA,TRUE,365,340,328,325,323,306,0.931506849315068,0.898630136986301,0.89041095890411,0.884931506849315,0.838356164383562,32,151,12,11
CEMADEN,260440301A,2023,CHA DE ALEGRIA - APAC,PLUVIOMETRICA_AUTOMATICA,,60,24,BAIXA,TRUE,365,321,313,312,304,238,0.879452054794521,0.857534246575342,0.854794520547945,0.832876712328767,0.652054794520548,44,122,12,9
CEMADEN,260440301A,2024,CHA DE ALEGRIA - APAC,PLUVIOMETRICA_AUTOMATICA,,60,24,BAIXA,TRUE,366,354,349,349,349,340,0.967213114754098,0.953551912568306,0.953551912568306,0.953551912568306,0.92896174863388,15,134,12,11
CEMADEN,260440301A,2025,CHA DE ALEGRIA - APAC,PLUVIOMETRICA_AUTOMATICA,,60,24,BAIXA,TRUE,365,265,264,264,263,262,0.726027397260274,0.723287671232877,0.723287671232877,0.72054794520548,0.717808219178082,101,144,9,8
CEMADEN,260450201A,2017,Centro,PLUVIOMETRICA_AUTOMATICA,,10,144,BAIXA,TRUE,365,362,14,10,5,1,0.991780821917808,0.0383561643835616,0.0273972602739726,0.0136986301369863,0.00273972602739726,163,0,12,0
CEMADEN,260450201A,2018,Centro,PLUVIOMETRICA_AUTOMATICA,,60,24,BAIXA,TRUE,365,365,361,361,359,346,1,0.989041095890411,0.989041095890411,0.983561643835616,0.947945205479452,2,154,12,12
CEMADEN,260450201A,2019,Centro,PLUVIOMETRICA_AUTOMATICA,,60,24,BAIXA,TRUE,365,361,352,347,341,298,0.989041095890411,0.964383561643836,0.950684931506849,0.934246575342466,0.816438356164383,4,140,12,11
CEMADEN,260450201A,2020,Centro,PLUVIOMETRICA_AUTOMATICA,,60,24,BAIXA,TRUE,366,366,356,349,347,336,1,0.972677595628415,0.953551912568306,0.948087431693989,0.918032786885246,8,149,12,11
CEMADEN,260450201A,2021,Centro,PLUVIOMETRICA_AUTOMATICA,,60,24,BAIXA,TRUE,365,365,364,364,364,351,1,0.997260273972603,0.997260273972603,0.997260273972603,0.961643835616438,1,166,12,12
CEMADEN,260450201A,2022,Centro,PLUVIOMETRICA_AUTOMATICA,,60,24,BAIXA,TRUE,365,365,358,357,355,336,1,0.980821917808219,0.978082191780822,0.972602739726027,0.920547945205479,4,167,12,12
CEMADEN,260450201A,2023,Centro,PLUVIOMETRICA_AUTOMATICA,,60,24,BAIXA,TRUE,365,246,239,238,237,232,0.673972602739726,0.654794520547945,0.652054794520548,0.649315068493151,0.635616438356164,102,41,10,7
CEMADEN,260450201A,2024,Centro,PLUVIOMETRICA_AUTOMATICA,,60,24,BAIXA,TRUE,366,347,342,342,341,338,0.948087431693989,0.934426229508197,0.934426229508197,0.931693989071038,0.923497267759563,13,115,12,10
CEMADEN,260450201A,2025,Centro,PLUVIOMETRICA_AUTOMATICA,,60,24,BAIXA,TRUE,365,365,365,365,364,357,1,1,1,0.997260273972603,0.978082191780822,1,162,12,12
CEMADEN,260460101A,2017,CONDADO - APAC,PLUVIOMETRICA_AUTOMATICA,,60,24,ALTA,FALSE,365,49,47,47,47,23,0.134246575342466,0.128767123287671,0.128767123287671,0.128767123287671,0.063013698630137,318,8,2,1
CEMADEN,260460101A,2018,CONDADO - APAC,PLUVIOMETRICA_AUTOMATICA,,60,24,BAIXA,TRUE,365,365,365,364,362,339,1,1,0.997260273972603,0.991780821917808,0.928767123287671,1,127,12,12
CEMADEN,260460101A,2019,CONDADO - APAC,PLUVIOMETRICA_AUTOMATICA,,60,24,BAIXA,TRUE,365,353,341,340,338,331,0.967123287671233,0.934246575342466,0.931506849315068,0.926027397260274,0.906849315068493,12,136,12,10
CEMADEN,260460101A,2020,CONDADO - APAC,PLUVIOMETRICA_AUTOMATICA,,60,24,BAIXA,TRUE,366,349,345,343,343,334,0.953551912568306,0.942622950819672,0.937158469945355,0.937158469945355,0.912568306010929,21,125,12,11
CEMADEN,260460101A,2021,CONDADO - APAC,PLUVIOMETRICA_AUTOMATICA,,60,24,BAIXA,TRUE,365,196,190,189,189,182,0.536986301369863,0.520547945205479,0.517808219178082,0.517808219178082,0.498630136986301,160,76,8,6
CEMADEN,260460101A,2022,CONDADO - APAC,PLUVIOMETRICA_AUTOMATICA,,60,24,BAIXA,TRUE,365,365,360,358,357,337,1,0.986301369863014,0.980821917808219,0.978082191780822,0.923287671232877,2,76,12,12
CEMADEN,260460101A,2023,CONDADO - APAC,PLUVIOMETRICA_AUTOMATICA,,60,24,BAIXA,TRUE,365,365,364,363,363,357,1,0.997260273972603,0.994520547945205,0.994520547945205,0.978082191780822,1,133,12,12
CEMADEN,260460101A,2024,CONDADO - APAC,PLUVIOMETRICA_AUTOMATICA,,60,24,BAIXA,TRUE,366,352,340,340,338,335,0.961748633879781,0.92896174863388,0.92896174863388,0.923497267759563,0.915300546448087,13,138,12,10
CEMADEN,260460101A,2025,CONDADO - APAC,PLUVIOMETRICA_AUTOMATICA,,60,24,BAIXA,TRUE,365,203,190,190,189,181,0.556164383561644,0.520547945205479,0.520547945205479,0.517808219178082,0.495890410958904,122,88,10,6
CEMADEN,260470001A,2017,Centro,PLUVIOMETRICA_AUTOMATICA,,60,24,BAIXA,TRUE,365,365,365,365,365,357,1,1,1,1,0.978082191780822,0,176,12,12
CEMADEN,260470001A,2018,Centro,PLUVIOMETRICA_AUTOMATICA,,60,24,BAIXA,TRUE,365,365,363,363,363,347,1,0.994520547945205,0.994520547945205,0.994520547945205,0.950684931506849,2,144,12,12
CEMADEN,260470001A,2019,Centro,PLUVIOMETRICA_AUTOMATICA,,60,24,BAIXA,TRUE,365,353,339,334,331,311,0.967123287671233,0.928767123287671,0.915068493150685,0.906849315068493,0.852054794520548,11,129,12,10
CEMADEN,260470001A,2020,Centro,PLUVIOMETRICA_AUTOMATICA,,60,24,BAIXA,TRUE,366,366,359,354,340,296,1,0.980874316939891,0.967213114754098,0.92896174863388,0.808743169398907,3,147,12,11
CEMADEN,260470001A,2021,Centro,PLUVIOMETRICA_AUTOMATICA,,60,24,BAIXA,TRUE,365,360,356,355,353,336,0.986301369863014,0.975342465753425,0.972602739726027,0.967123287671233,0.920547945205479,7,151,12,11
CEMADEN,260470001A,2022,Centro,PLUVIOMETRICA_AUTOMATICA,,60,24,BAIXA,TRUE,365,365,362,358,358,350,1,0.991780821917808,0.980821917808219,0.980821917808219,0.958904109589041,4,185,12,12
CEMADEN,260470001A,2023,Centro,PLUVIOMETRICA_AUTOMATICA,,60,24,BAIXA,TRUE,365,304,303,301,300,291,0.832876712328767,0.83013698630137,0.824657534246575,0.821917808219178,0.797260273972603,62,106,11,9
CEMADEN,260470001A,2024,Centro,PLUVIOMETRICA_AUTOMATICA,,60,24,BAIXA,TRUE,366,353,339,337,336,331,0.96448087431694,0.926229508196721,0.920765027322404,0.918032786885246,0.904371584699454,18,146,12,10
CEMADEN,260470001A,2025,Centro,PLUVIOMETRICA_AUTOMATICA,,60,24,BAIXA,TRUE,365,302,164,164,164,163,0.827397260273973,0.449315068493151,0.449315068493151,0.449315068493151,0.446575342465753,185,77,11,5
CEMADEN,260470001C,2017,CORRENTES,PLUVIOMETRICA_AUTOMATICA,,10,144,ALTA,FALSE,365,148,71,69,68,18,0.405479452054795,0.194520547945205,0.189041095890411,0.186301369863014,0.0493150684931507,155,0,10,1
CEMADEN,260470001C,2018,CORRENTES,PLUVIOMETRICA_AUTOMATICA,,60,24,BAIXA,TRUE,365,334,332,332,332,332,0.915068493150685,0.90958904109589,0.90958904109589,0.90958904109589,0.90958904109589,32,67,11,11
CEMADEN,260470001C,2019,CORRENTES,PLUVIOMETRICA_AUTOMATICA,,60,24,ALTA,FALSE,365,356,346,345,345,345,0.975342465753425,0.947945205479452,0.945205479452055,0.945205479452055,0.945205479452055,11,0,12,11
CEMADEN,260470001C,2020,CORRENTES,PLUVIOMETRICA_AUTOMATICA,,60,24,ALTA,FALSE,366,118,115,115,115,115,0.3224043715847,0.314207650273224,0.314207650273224,0.314207650273224,0.314207650273224,249,0,4,4
CEMADEN,260480901A,2017,Morro do Cemitério,PLUVIOMETRICA_AUTOMATICA,,10,144,ALTA,FALSE,365,365,20,18,16,16,1,0.0547945205479452,0.0493150684931507,0.0438356164383562,0.0438356164383562,164,0,12,0
CEMADEN,260480901A,2018,Morro do Cemitério,PLUVIOMETRICA_AUTOMATICA,,60,24,BAIXA,TRUE,365,310,299,299,298,288,0.849315068493151,0.819178082191781,0.819178082191781,0.816438356164383,0.789041095890411,60,132,12,9
CEMADEN,260480901A,2019,Morro do Cemitério,PLUVIOMETRICA_AUTOMATICA,,60,24,BAIXA,TRUE,365,354,341,339,336,325,0.96986301369863,0.934246575342466,0.928767123287671,0.920547945205479,0.89041095890411,11,165,12,11
CEMADEN,260480901A,2020,Morro do Cemitério,PLUVIOMETRICA_AUTOMATICA,,60,24,BAIXA,TRUE,366,366,365,364,362,359,1,0.997267759562842,0.994535519125683,0.989071038251366,0.980874316939891,1,186,12,12
CEMADEN,260480901A,2021,Nova Cortês,PLUVIOMETRICA_AUTOMATICA,,60,24,BAIXA,TRUE,365,364,361,359,356,353,0.997260273972603,0.989041095890411,0.983561643835616,0.975342465753425,0.967123287671233,3,190,12,12
CEMADEN,260480901A,2022,Nova Cortês,PLUVIOMETRICA_AUTOMATICA,,60,24,BAIXA,TRUE,365,365,351,342,334,327,1,0.961643835616438,0.936986301369863,0.915068493150685,0.895890410958904,4,191,12,11
CEMADEN,260480901A,2023,Nova Cortês,PLUVIOMETRICA_AUTOMATICA,,60,24,BAIXA,TRUE,365,362,356,353,352,342,0.991780821917808,0.975342465753425,0.967123287671233,0.964383561643836,0.936986301369863,4,199,12,12
CEMADEN,260480901A,2024,Nova Cortês,PLUVIOMETRICA_AUTOMATICA,,60,24,BAIXA,TRUE,366,341,297,292,284,282,0.931693989071038,0.811475409836066,0.797814207650273,0.775956284153005,0.770491803278689,21,136,12,6
CEMADEN,260480901A,2025,Nova Cortês,PLUVIOMETRICA_AUTOMATICA,,60,24,BAIXA,TRUE,365,345,270,265,253,246,0.945205479452055,0.73972602739726,0.726027397260274,0.693150684931507,0.673972602739726,58,141,12,7
CEMADEN,260480902A,2017,CORTES - APAC,PLUVIOMETRICA_AUTOMATICA,,60,24,ALTA,FALSE,365,33,22,13,8,2,0.0904109589041096,0.0602739726027397,0.0356164383561644,0.0219178082191781,0.00547945205479452,331,1,2,0
CEMADEN,260480902A,2018,CORTES - APAC,PLUVIOMETRICA_AUTOMATICA,,60,24,BAIXA,TRUE,365,307,261,256,245,234,0.841095890410959,0.715068493150685,0.701369863013699,0.671232876712329,0.641095890410959,52,137,11,4
CEMADEN,260480902A,2019,CORTES - APAC,PLUVIOMETRICA_AUTOMATICA,,60,24,BAIXA,TRUE,365,213,200,198,194,192,0.583561643835617,0.547945205479452,0.542465753424658,0.531506849315069,0.526027397260274,141,116,9,5
CEMADEN,260490801A,2017,CUMARU - APAC,PLUVIOMETRICA_AUTOMATICA,,60,24,BAIXA,TRUE,365,16,16,15,13,6,0.0438356164383562,0.0438356164383562,0.0410958904109589,0.0356164383561644,0.0164383561643836,350,2,1,0
CEMADEN,260490801A,2018,CUMARU - APAC,PLUVIOMETRICA_AUTOMATICA,,60,24,BAIXA,TRUE,365,108,108,107,107,90,0.295890410958904,0.295890410958904,0.293150684931507,0.293150684931507,0.246575342465753,257,35,4,3
CEMADEN,260490801A,2019,CUMARU - APAC,PLUVIOMETRICA_AUTOMATICA,,60,24,BAIXA,TRUE,365,232,216,214,212,203,0.635616438356164,0.591780821917808,0.586301369863014,0.580821917808219,0.556164383561644,122,74,8,7
CEMADEN,260490801A,2020,CUMARU - APAC,PLUVIOMETRICA_AUTOMATICA,,60,24,BAIXA,TRUE,366,319,275,256,244,232,0.871584699453552,0.751366120218579,0.699453551912568,0.666666666666667,0.633879781420765,52,90,11,7
CEMADEN,260490801A,2021,CUMARU - APAC,PLUVIOMETRICA_AUTOMATICA,,60,24,BAIXA,TRUE,365,103,93,92,91,88,0.282191780821918,0.254794520547945,0.252054794520548,0.249315068493151,0.241095890410959,216,33,4,3
CEMADEN,260490801A,2022,CUMARU - APAC,PLUVIOMETRICA_AUTOMATICA,,60,24,BAIXA,TRUE,365,117,113,111,111,110,0.32054794520548,0.30958904109589,0.304109589041096,0.304109589041096,0.301369863013699,242,22,5,3
CEMADEN,260490801A,2023,CUMARU - APAC,PLUVIOMETRICA_AUTOMATICA,,60,24,BAIXA,TRUE,365,365,364,364,362,336,1,0.997260273972603,0.997260273972603,0.991780821917808,0.920547945205479,1,125,12,12
CEMADEN,260490801A,2024,CUMARU - APAC,PLUVIOMETRICA_AUTOMATICA,,60,24,BAIXA,TRUE,366,366,362,361,360,335,1,0.989071038251366,0.986338797814208,0.983606557377049,0.915300546448087,2,100,12,12
CEMADEN,260490801A,2025,CUMARU - APAC,PLUVIOMETRICA_AUTOMATICA,,60,24,BAIXA,TRUE,365,365,365,365,363,355,1,1,1,0.994520547945205,0.972602739726027,1,119,12,12
CEMADEN,260510301A,2018,CUSTODIA - APAC,PLUVIOMETRICA_AUTOMATICA,,60,24,BAIXA,TRUE,365,351,348,347,343,325,0.961643835616438,0.953424657534246,0.950684931506849,0.93972602739726,0.89041095890411,16,62,12,11
CEMADEN,260510301A,2019,CUSTODIA - APAC,PLUVIOMETRICA_AUTOMATICA,,60,24,ALTA,FALSE,365,151,66,66,66,59,0.413698630136986,0.180821917808219,0.180821917808219,0.180821917808219,0.161643835616438,299,12,6,2
CEMADEN,260510301A,2020,CUSTODIA - APAC,PLUVIOMETRICA_AUTOMATICA,,60,24,ALTA,FALSE,366,199,197,196,196,189,0.543715846994536,0.538251366120219,0.53551912568306,0.53551912568306,0.516393442622951,168,22,7,6
CEMADEN,260510301A,2021,CUSTODIA - APAC,PLUVIOMETRICA_AUTOMATICA,,60,24,BAIXA,TRUE,365,275,215,211,208,186,0.753424657534247,0.589041095890411,0.578082191780822,0.56986301369863,0.50958904109589,150,39,11,7
CEMADEN,260510301A,2022,CUSTODIA - APAC,PLUVIOMETRICA_AUTOMATICA,,60,24,BAIXA,TRUE,365,365,359,358,356,343,1,0.983561643835616,0.980821917808219,0.975342465753425,0.93972602739726,2,109,12,12
CEMADEN,260510301A,2023,CUSTODIA - APAC,PLUVIOMETRICA_AUTOMATICA,,60,24,BAIXA,TRUE,365,365,364,363,362,357,1,0.997260273972603,0.994520547945205,0.991780821917808,0.978082191780822,2,78,12,12
CEMADEN,260510301A,2024,CUSTODIA - APAC,PLUVIOMETRICA_AUTOMATICA,,60,24,BAIXA,TRUE,366,344,326,325,323,319,0.939890710382514,0.890710382513661,0.887978142076503,0.882513661202186,0.871584699453552,12,66,12,9
CEMADEN,260510301A,2025,CUSTODIA - APAC,PLUVIOMETRICA_AUTOMATICA,,60,24,BAIXA,TRUE,365,268,230,230,230,222,0.734246575342466,0.63013698630137,0.63013698630137,0.63013698630137,0.608219178082192,32,54,12,6
CEMADEN,260510301C,2017,CUSTODIA,PLUVIOMETRICA_AUTOMATICA,,10,144,MEDIA,FALSE,365,18,3,3,3,3,0.0493150684931507,0.00821917808219178,0.00821917808219178,0.00821917808219178,0.00821917808219178,211,0,7,0
CEMADEN,260510301C,2018,CUSTODIA,PLUVIOMETRICA_AUTOMATICA,,60,24,BAIXA,TRUE,365,298,285,282,279,277,0.816438356164383,0.780821917808219,0.772602739726028,0.764383561643836,0.758904109589041,33,52,12,9
CEMADEN,260510301C,2019,CUSTODIA,PLUVIOMETRICA_AUTOMATICA,,60,24,BAIXA,TRUE,365,138,65,57,54,53,0.378082191780822,0.178082191780822,0.156164383561644,0.147945205479452,0.145205479452055,226,20,5,1
CEMADEN,260510301C,2020,CUSTODIA,PLUVIOMETRICA_AUTOMATICA,,,1,BAIXA,FALSE,366,2,2,2,2,2,0.00546448087431694,0.00546448087431694,0.00546448087431694,0.00546448087431694,0.00546448087431694,183,0,1,0
CEMADEN,260510301C,2022,CUSTODIA,PLUVIOMETRICA_AUTOMATICA,,60,24,BAIXA,TRUE,365,7,4,4,4,4,0.0191780821917808,0.010958904109589,0.010958904109589,0.010958904109589,0.010958904109589,188,2,1,0
CEMADEN,260515201A,2018,LAGOAS - APAC,PLUVIOMETRICA_AUTOMATICA,,60,24,ALTA,FALSE,365,306,302,301,298,282,0.838356164383562,0.827397260273973,0.824657534246575,0.816438356164383,0.772602739726028,60,29,10,10
CEMADEN,260515201A,2019,LAGOAS - APAC,PLUVIOMETRICA_AUTOMATICA,,60,24,BAIXA,TRUE,365,345,328,327,324,309,0.945205479452055,0.898630136986301,0.895890410958904,0.887671232876712,0.846575342465753,12,46,12,9
CEMADEN,260515201A,2020,LAGOAS - APAC,PLUVIOMETRICA_AUTOMATICA,,60,24,BAIXA,TRUE,366,153,112,110,107,103,0.418032786885246,0.306010928961749,0.300546448087432,0.292349726775956,0.281420765027322,253,41,9,3
CEMADEN,260515201A,2021,LAGOAS - APAC,PLUVIOMETRICA_AUTOMATICA,,60,24,BAIXA,TRUE,365,124,121,120,116,113,0.33972602739726,0.331506849315069,0.328767123287671,0.317808219178082,0.30958904109589,242,19,5,4
CEMADEN,260515201A,2022,LAGOAS - APAC,PLUVIOMETRICA_AUTOMATICA,,60,24,BAIXA,TRUE,365,362,351,347,347,326,0.991780821917808,0.961643835616438,0.950684931506849,0.950684931506849,0.893150684931507,6,63,12,12
CEMADEN,260515201A,2023,LAGOAS - APAC,PLUVIOMETRICA_AUTOMATICA,,60,24,BAIXA,TRUE,365,257,252,252,252,245,0.704109589041096,0.69041095890411,0.69041095890411,0.69041095890411,0.671232876712329,109,36,9,8
CEMADEN,260515201A,2024,LAGOAS - APAC,PLUVIOMETRICA_AUTOMATICA,,60,24,ALTA,FALSE,366,274,265,264,264,258,0.748633879781421,0.724043715846995,0.721311475409836,0.721311475409836,0.704918032786885,53,30,11,8
CEMADEN,260515201A,2025,LAGOAS - APAC,PLUVIOMETRICA_AUTOMATICA,,60,24,ALTA,FALSE,365,365,364,363,358,339,1,0.997260273972603,0.994520547945205,0.980821917808219,0.928767123287671,1,34,12,12
CEMADEN,260515201C,2017,DORMENTES,PLUVIOMETRICA_AUTOMATICA,,10,144,ALTA,FALSE,365,106,12,11,8,6,0.29041095890411,0.0328767123287671,0.0301369863013699,0.0219178082191781,0.0164383561643836,194,0,10,0
CEMADEN,260515201C,2018,DORMENTES,PLUVIOMETRICA_AUTOMATICA,,60,24,ALTA,FALSE,365,213,173,173,171,169,0.583561643835617,0.473972602739726,0.473972602739726,0.468493150684932,0.463013698630137,79,26,11,3
CEMADEN,260515201C,2019,DORMENTES,PLUVIOMETRICA_AUTOMATICA,,60,24,ALTA,FALSE,365,248,185,183,180,174,0.679452054794521,0.506849315068493,0.501369863013699,0.493150684931507,0.476712328767123,126,2,10,5
CEMADEN,260515201C,2020,DORMENTES,PLUVIOMETRICA_AUTOMATICA,,60,24,ALTA,FALSE,366,342,224,218,212,206,0.934426229508197,0.612021857923497,0.595628415300546,0.579234972677596,0.562841530054645,78,23,12,6
CEMADEN,260515201C,2021,DORMENTES,PLUVIOMETRICA_AUTOMATICA,,60,24,BAIXA,TRUE,365,17,0,0,0,0,0.0465753424657534,0,0,0,0,365,0,1,0
CEMADEN,260515201C,2022,DORMENTES,PLUVIOMETRICA_AUTOMATICA,,60,24,BAIXA,TRUE,365,165,159,159,159,156,0.452054794520548,0.435616438356164,0.435616438356164,0.435616438356164,0.427397260273973,195,26,6,4
CEMADEN,260515202A,2024,CAATINGA GRANDE - APAC,PLUVIOMETRICA_AUTOMATICA,,60,24,ALTA,FALSE,366,62,60,56,54,50,0.169398907103825,0.163934426229508,0.153005464480874,0.147540983606557,0.136612021857924,305,6,3,2
CEMADEN,260515202A,2025,CAATINGA GRANDE - APAC,PLUVIOMETRICA_AUTOMATICA,,60,24,ALTA,FALSE,365,227,223,221,214,189,0.621917808219178,0.610958904109589,0.605479452054795,0.586301369863014,0.517808219178082,135,27,8,6
CEMADEN,260520201A,2017,Jaguaribe,PLUVIOMETRICA_AUTOMATICA,,60,24,BAIXA,TRUE,365,365,365,365,364,356,1,1,1,0.997260273972603,0.975342465753425,1,208,12,12
CEMADEN,260520201A,2018,Jaguaribe,PLUVIOMETRICA_AUTOMATICA,,60,24,BAIXA,TRUE,365,365,364,364,363,353,1,0.997260273972603,0.997260273972603,0.994520547945205,0.967123287671233,2,145,12,12
CEMADEN,260520201A,2019,Jaguaribe,PLUVIOMETRICA_AUTOMATICA,,60,24,BAIXA,TRUE,365,356,340,334,329,318,0.975342465753425,0.931506849315068,0.915068493150685,0.901369863013699,0.871232876712329,11,150,12,10
CEMADEN,260520201A,2020,Jaguaribe,PLUVIOMETRICA_AUTOMATICA,,60,24,BAIXA,TRUE,366,226,199,196,193,186,0.617486338797814,0.543715846994536,0.53551912568306,0.527322404371585,0.508196721311475,167,81,9,6
CEMADEN,260520201A,2021,Jaguaribe,PLUVIOMETRICA_AUTOMATICA,,60,24,BAIXA,TRUE,365,365,364,364,361,343,1,0.997260273972603,0.997260273972603,0.989041095890411,0.93972602739726,2,172,12,12
CEMADEN,260520201A,2022,Jaguaribe,PLUVIOMETRICA_AUTOMATICA,,60,24,BAIXA,TRUE,365,365,359,357,356,342,1,0.983561643835616,0.978082191780822,0.975342465753425,0.936986301369863,4,189,12,12
CEMADEN,260520201A,2023,Jaguaribe,PLUVIOMETRICA_AUTOMATICA,,60,24,BAIXA,TRUE,365,365,364,364,364,361,1,0.997260273972603,0.997260273972603,0.997260273972603,0.989041095890411,1,181,12,12
CEMADEN,260520201A,2024,Jaguaribe,PLUVIOMETRICA_AUTOMATICA,,60,24,BAIXA,TRUE,366,360,352,351,351,346,0.983606557377049,0.961748633879781,0.959016393442623,0.959016393442623,0.945355191256831,9,152,12,11
CEMADEN,260520201A,2025,Jaguaribe,PLUVIOMETRICA_AUTOMATICA,,60,24,BAIXA,TRUE,365,365,365,365,364,362,1,1,1,0.997260273972603,0.991780821917808,1,190,12,12
CEMADEN,260520202A,2018,ESCADA - APAC,PLUVIOMETRICA_AUTOMATICA,,60,24,BAIXA,TRUE,365,27,26,26,26,26,0.073972602739726,0.0712328767123288,0.0712328767123288,0.0712328767123288,0.0712328767123288,339,6,1,1
CEMADEN,260520202A,2019,ESCADA - APAC,PLUVIOMETRICA_AUTOMATICA,,60,24,BAIXA,TRUE,365,333,302,300,298,292,0.912328767123288,0.827397260273973,0.821917808219178,0.816438356164383,0.8,53,153,12,8
CEMADEN,260520202A,2020,ESCADA - APAC,PLUVIOMETRICA_AUTOMATICA,,60,24,BAIXA,TRUE,366,366,365,363,361,340,1,0.997267759562842,0.991803278688525,0.986338797814208,0.92896174863388,1,153,12,12
CEMADEN,260520202A,2021,ESCADA - APAC,PLUVIOMETRICA_AUTOMATICA,,60,24,BAIXA,TRUE,365,184,177,175,171,160,0.504109589041096,0.484931506849315,0.479452054794521,0.468493150684932,0.438356164383562,183,81,7,5
CEMADEN,260520202A,2022,ESCADA - APAC,PLUVIOMETRICA_AUTOMATICA,,60,24,BAIXA,TRUE,365,19,17,17,17,16,0.052054794520548,0.0465753424657534,0.0465753424657534,0.0465753424657534,0.0438356164383562,348,8,2,0
CEMADEN,260520202H,2017,Escada,PLUVIOMETRICA_AUTOMATICA,,60,24,BAIXA,TRUE,365,358,356,355,354,351,0.980821917808219,0.975342465753425,0.972602739726027,0.96986301369863,0.961643835616438,9,203,12,11
CEMADEN,260520202H,2018,Escada,PLUVIOMETRICA_AUTOMATICA,,60,24,BAIXA,TRUE,365,256,253,253,251,229,0.701369863013699,0.693150684931507,0.693150684931507,0.687671232876712,0.627397260273973,79,81,11,7
CEMADEN,260520202H,2019,Rio Ipojuca,PLUVIOMETRICA_AUTOMATICA,,60,24,MEDIA,FALSE,365,23,3,2,2,1,0.063013698630137,0.00821917808219178,0.00547945205479452,0.00547945205479452,0.00273972602739726,363,1,1,0
CEMADEN,260530101A,2023,Exu [Escola Bárbara de Alencar] - APAC,PLUVIOMETRICA_AUTOMATICA,,10,144,BAIXA,TRUE,365,2,0,0,0,0,0.00547945205479452,0,0,0,0,365,0,2,0
CEMADEN,260530101A,2024,Exu [Escola Bárbara de Alencar] - APAC,PLUVIOMETRICA_AUTOMATICA,,60,24,ALTA,FALSE,366,169,154,153,147,140,0.461748633879781,0.420765027322404,0.418032786885246,0.401639344262295,0.382513661202186,187,12,6,3
CEMADEN,260530101A,2025,Exu [Escola Bárbara de Alencar] - APAC,PLUVIOMETRICA_AUTOMATICA,,60,24,BAIXA,TRUE,365,256,212,205,200,188,0.701369863013699,0.580821917808219,0.561643835616438,0.547945205479452,0.515068493150685,61,51,12,4
CEMADEN,260530101C,2017,EXU,PLUVIOMETRICA_AUTOMATICA,,10,144,ALTA,FALSE,365,129,31,30,28,25,0.353424657534247,0.0849315068493151,0.0821917808219178,0.0767123287671233,0.0684931506849315,213,0,10,0
CEMADEN,260530101C,2018,EXU,PLUVIOMETRICA_AUTOMATICA,,60,24,BAIXA,TRUE,365,140,35,29,23,22,0.383561643835616,0.0958904109589041,0.0794520547945206,0.063013698630137,0.0602739726027397,262,12,11,0
CEMADEN,260530101C,2019,EXU,PLUVIOMETRICA_AUTOMATICA,,60,24,BAIXA,TRUE,365,73,2,2,2,2,0.2,0.00547945205479452,0.00547945205479452,0.00547945205479452,0.00547945205479452,316,2,9,0
CEMADEN,260530101C,2020,EXU,PLUVIOMETRICA_AUTOMATICA,,60,24,BAIXA,TRUE,366,3,0,0,0,0,0.00819672131147541,0,0,0,0,366,0,3,0
CEMADEN,260540001A,2017,FEIRA NOVA - APAC,PLUVIOMETRICA_AUTOMATICA,,60,24,MEDIA,FALSE,365,27,25,25,20,10,0.073972602739726,0.0684931506849315,0.0684931506849315,0.0547945205479452,0.0273972602739726,339,2,1,0
CEMADEN,260540001A,2018,FEIRA NOVA - APAC,PLUVIOMETRICA_AUTOMATICA,,60,24,BAIXA,TRUE,365,365,364,363,358,340,1,0.997260273972603,0.994520547945205,0.980821917808219,0.931506849315068,1,101,12,12
CEMADEN,260540001A,2019,FEIRA NOVA - APAC,PLUVIOMETRICA_AUTOMATICA,,60,24,BAIXA,TRUE,365,352,339,338,338,332,0.964383561643836,0.928767123287671,0.926027397260274,0.926027397260274,0.90958904109589,11,100,12,10
CEMADEN,260540001A,2020,FEIRA NOVA - APAC,PLUVIOMETRICA_AUTOMATICA,,60,24,BAIXA,TRUE,366,359,351,349,341,315,0.980874316939891,0.959016393442623,0.953551912568306,0.931693989071038,0.860655737704918,13,103,12,11
CEMADEN,260540001A,2021,FEIRA NOVA - APAC,PLUVIOMETRICA_AUTOMATICA,,60,24,BAIXA,TRUE,365,160,158,157,157,149,0.438356164383562,0.432876712328767,0.43013698630137,0.43013698630137,0.408219178082192,207,32,6,4
CEMADEN,260540001A,2022,FEIRA NOVA - APAC,PLUVIOMETRICA_AUTOMATICA,,60,24,BAIXA,TRUE,365,365,362,359,358,342,1,0.991780821917808,0.983561643835616,0.980821917808219,0.936986301369863,2,133,12,12
CEMADEN,260540001A,2023,FEIRA NOVA - APAC,PLUVIOMETRICA_AUTOMATICA,,60,24,BAIXA,TRUE,365,360,357,356,356,353,0.986301369863014,0.978082191780822,0.975342465753425,0.975342465753425,0.967123287671233,6,127,12,12
CEMADEN,260540001A,2024,FEIRA NOVA - APAC,PLUVIOMETRICA_AUTOMATICA,,60,24,BAIXA,TRUE,366,312,114,109,107,106,0.852459016393443,0.311475409836066,0.297814207650273,0.292349726775956,0.289617486338798,141,43,12,3
CEMADEN,260540001A,2025,FEIRA NOVA - APAC,PLUVIOMETRICA_AUTOMATICA,,60,24,BAIXA,TRUE,365,240,99,89,79,76,0.657534246575342,0.271232876712329,0.243835616438356,0.216438356164384,0.208219178082192,66,44,11,0
CEMADEN,260545901A,2024,Baía do Sancho - APAC,PLUVIOMETRICA_AUTOMATICA,,10,144,BAIXA,TRUE,366,29,0,0,0,0,0.0792349726775956,0,0,0,0,366,0,6,0
CEMADEN,260545901A,2025,Baía do Sancho - APAC,PLUVIOMETRICA_AUTOMATICA,,10,144,BAIXA,TRUE,365,89,1,0,0,0,0.243835616438356,0.00273972602739726,0,0,0,365,0,10,0
CEMADEN,260550901A,2017,FERREIROS - APAC,PLUVIOMETRICA_AUTOMATICA,,60,24,ALTA,FALSE,365,40,38,38,38,25,0.10958904109589,0.104109589041096,0.104109589041096,0.104109589041096,0.0684931506849315,326,4,2,1
CEMADEN,260550901A,2018,FERREIROS - APAC,PLUVIOMETRICA_AUTOMATICA,,60,24,BAIXA,TRUE,365,365,363,361,350,327,1,0.994520547945205,0.989041095890411,0.958904109589041,0.895890410958904,2,98,12,11
CEMADEN,260550901A,2019,FERREIROS - APAC,PLUVIOMETRICA_AUTOMATICA,,60,24,BAIXA,TRUE,365,348,334,332,328,312,0.953424657534246,0.915068493150685,0.90958904109589,0.898630136986301,0.854794520547945,11,124,12,9
CEMADEN,260550901A,2020,FERREIROS - APAC,PLUVIOMETRICA_AUTOMATICA,,60,24,BAIXA,TRUE,366,272,241,238,237,231,0.743169398907104,0.658469945355191,0.650273224043716,0.647540983606557,0.631147540983607,82,88,11,7
CEMADEN,260550901A,2021,FERREIROS - APAC,PLUVIOMETRICA_AUTOMATICA,,60,24,BAIXA,TRUE,365,189,176,175,173,160,0.517808219178082,0.482191780821918,0.479452054794521,0.473972602739726,0.438356164383562,174,54,7,5
CEMADEN,260550901A,2022,FERREIROS - APAC,PLUVIOMETRICA_AUTOMATICA,,60,24,BAIXA,TRUE,365,365,349,347,345,336,1,0.956164383561644,0.950684931506849,0.945205479452055,0.920547945205479,4,141,12,12
CEMADEN,260550901A,2023,FERREIROS - APAC,PLUVIOMETRICA_AUTOMATICA,,60,24,BAIXA,TRUE,365,365,361,357,353,335,1,0.989041095890411,0.978082191780822,0.967123287671233,0.917808219178082,3,130,12,12
CEMADEN,260550901A,2024,FERREIROS - APAC,PLUVIOMETRICA_AUTOMATICA,,60,24,BAIXA,TRUE,366,333,331,331,329,326,0.909836065573771,0.904371584699454,0.904371584699454,0.898907103825137,0.890710382513661,35,110,12,11
CEMADEN,260550901A,2025,FERREIROS - APAC,PLUVIOMETRICA_AUTOMATICA,,60,24,BAIXA,TRUE,365,274,273,273,273,269,0.750684931506849,0.747945205479452,0.747945205479452,0.747945205479452,0.736986301369863,91,115,10,9
CEMADEN,260560801A,2018,SÃTIO DOS NUNES - APAC,PLUVIOMETRICA_AUTOMATICA,,60,24,BAIXA,TRUE,365,351,343,338,328,304,0.961643835616438,0.93972602739726,0.926027397260274,0.898630136986301,0.832876712328767,17,55,12,11
CEMADEN,260560801A,2019,SÃTIO DOS NUNES - APAC,PLUVIOMETRICA_AUTOMATICA,,60,24,BAIXA,TRUE,365,336,308,301,290,258,0.920547945205479,0.843835616438356,0.824657534246575,0.794520547945206,0.706849315068493,16,48,12,7
CEMADEN,260560801A,2020,SÃTIO DOS NUNES - APAC,PLUVIOMETRICA_AUTOMATICA,,60,24,ALTA,FALSE,366,204,186,180,162,130,0.557377049180328,0.508196721311475,0.491803278688525,0.442622950819672,0.355191256830601,169,18,8,4
CEMADEN,260560801A,2021,SÃTIO DOS NUNES - APAC,PLUVIOMETRICA_AUTOMATICA,,60,24,BAIXA,TRUE,365,359,354,353,348,315,0.983561643835616,0.96986301369863,0.967123287671233,0.953424657534246,0.863013698630137,7,68,12,11
CEMADEN,260560801A,2022,SÃTIO DOS NUNES - APAC,PLUVIOMETRICA_AUTOMATICA,,60,24,BAIXA,TRUE,365,365,355,353,351,342,1,0.972602739726027,0.967123287671233,0.961643835616438,0.936986301369863,5,96,12,12
CEMADEN,260560801A,2023,SÃTIO DOS NUNES - APAC,PLUVIOMETRICA_AUTOMATICA,,60,24,BAIXA,TRUE,365,228,222,221,220,212,0.624657534246575,0.608219178082192,0.605479452054795,0.602739726027397,0.580821917808219,138,58,8,7
CEMADEN,260560801C,2018,FLORES,PLUVIOMETRICA_AUTOMATICA,,60,24,BAIXA,TRUE,365,200,192,192,191,190,0.547945205479452,0.526027397260274,0.526027397260274,0.523287671232877,0.520547945205479,108,27,9,5
CEMADEN,260560801C,2019,FLORES,PLUVIOMETRICA_AUTOMATICA,,60,24,ALTA,FALSE,365,112,69,67,65,61,0.306849315068493,0.189041095890411,0.183561643835616,0.178082191780822,0.167123287671233,126,2,6,1
CEMADEN,260560801C,2020,FLORES,PLUVIOMETRICA_AUTOMATICA,,60,24,BAIXA,TRUE,366,34,23,23,23,23,0.092896174863388,0.0628415300546448,0.0628415300546448,0.0628415300546448,0.0628415300546448,323,7,3,0
CEMADEN,260560802A,2023,Flores [Rádio Florescer] - APAC,PLUVIOMETRICA_AUTOMATICA,,,1,BAIXA,FALSE,365,1,1,1,1,1,0.00273972602739726,0.00273972602739726,0.00273972602739726,0.00273972602739726,0.00273972602739726,227,0,1,0
CEMADEN,260560802A,2024,Flores [Rádio Florescer] - APAC,PLUVIOMETRICA_AUTOMATICA,,60,24,ALTA,FALSE,366,183,170,168,162,154,0.5,0.46448087431694,0.459016393442623,0.442622950819672,0.420765027322404,172,14,7,4
CEMADEN,260560802A,2025,Flores [Rádio Florescer] - APAC,PLUVIOMETRICA_AUTOMATICA,,60,24,BAIXA,TRUE,365,217,200,198,192,168,0.594520547945206,0.547945205479452,0.542465753424658,0.526027397260274,0.46027397260274,130,45,8,4
CEMADEN,260570701A,2017,Centro,PLUVIOMETRICA_AUTOMATICA,,60,24,BAIXA,TRUE,365,365,364,363,361,355,1,0.997260273972603,0.994520547945205,0.989041095890411,0.972602739726027,2,63,12,12
CEMADEN,260570701A,2018,Centro,PLUVIOMETRICA_AUTOMATICA,,60,24,ALTA,FALSE,365,365,362,362,358,347,1,0.991780821917808,0.991780821917808,0.980821917808219,0.950684931506849,2,47,12,12
CEMADEN,260570701A,2019,Centro,PLUVIOMETRICA_AUTOMATICA,,60,24,BAIXA,TRUE,365,359,339,337,331,317,0.983561643835616,0.928767123287671,0.923287671232877,0.906849315068493,0.868493150684932,15,46,12,11
CEMADEN,260570701A,2020,Centro,PLUVIOMETRICA_AUTOMATICA,,60,24,BAIXA,TRUE,366,366,352,347,340,322,1,0.961748633879781,0.948087431693989,0.92896174863388,0.879781420765027,3,58,12,12
CEMADEN,260570701A,2021,Centro,PLUVIOMETRICA_AUTOMATICA,,60,24,BAIXA,TRUE,365,365,364,363,359,333,1,0.997260273972603,0.994520547945205,0.983561643835616,0.912328767123288,1,54,12,12
CEMADEN,260570701A,2022,Centro,PLUVIOMETRICA_AUTOMATICA,,60,24,BAIXA,TRUE,365,365,356,352,349,332,1,0.975342465753425,0.964383561643836,0.956164383561644,0.90958904109589,5,74,12,12
CEMADEN,260570701A,2023,Centro,PLUVIOMETRICA_AUTOMATICA,,60,24,ALTA,FALSE,365,365,362,362,362,352,1,0.991780821917808,0.991780821917808,0.991780821917808,0.964383561643836,2,50,12,12
CEMADEN,260570701A,2024,Centro,PLUVIOMETRICA_AUTOMATICA,,60,24,BAIXA,TRUE,366,366,364,364,364,354,1,0.994535519125683,0.994535519125683,0.994535519125683,0.967213114754098,2,64,12,12
CEMADEN,260570701A,2025,Centro,PLUVIOMETRICA_AUTOMATICA,,60,24,BAIXA,TRUE,365,342,336,335,332,324,0.936986301369863,0.920547945205479,0.917808219178082,0.90958904109589,0.887671232876712,29,48,12,10
CEMADEN,260570701C,2017,FLORESTA,PLUVIOMETRICA_AUTOMATICA,,60,24,ALTA,FALSE,365,111,39,38,38,35,0.304109589041096,0.106849315068493,0.104109589041096,0.104109589041096,0.0958904109589041,199,2,9,1
CEMADEN,260570701C,2018,FLORESTA,PLUVIOMETRICA_AUTOMATICA,,60,24,BAIXA,TRUE,365,30,0,0,0,0,0.0821917808219178,0,0,0,0,365,0,1,0
CEMADEN,260570701C,2022,FLORESTA,PLUVIOMETRICA_AUTOMATICA,,60,24,BAIXA,TRUE,365,186,185,185,182,145,0.50958904109589,0.506849315068493,0.506849315068493,0.498630136986301,0.397260273972603,180,30,7,6
CEMADEN,260570701C,2023,FLORESTA,PLUVIOMETRICA_AUTOMATICA,,60,24,ALTA,FALSE,365,364,363,363,363,337,0.997260273972603,0.994520547945205,0.994520547945205,0.994520547945205,0.923287671232877,2,52,12,12
CEMADEN,260570701C,2024,FLORESTA,PLUVIOMETRICA_AUTOMATICA,,60,24,BAIXA,TRUE,366,363,358,357,354,312,0.991803278688525,0.978142076502732,0.975409836065574,0.967213114754098,0.852459016393443,4,65,12,12
CEMADEN,260570701C,2025,FLORESTA,PLUVIOMETRICA_AUTOMATICA,,60,24,BAIXA,TRUE,365,217,213,210,205,159,0.594520547945206,0.583561643835617,0.575342465753425,0.561643835616438,0.435616438356164,147,38,8,6
CEMADEN,260570702A,2018,NAZARE DO PICO - APAC,PLUVIOMETRICA_AUTOMATICA,,60,24,ALTA,FALSE,365,294,289,289,285,275,0.805479452054795,0.791780821917808,0.791780821917808,0.780821917808219,0.753424657534247,73,37,10,9
CEMADEN,260570702A,2019,NAZARE DO PICO - APAC,PLUVIOMETRICA_AUTOMATICA,,60,24,BAIXA,TRUE,365,349,333,331,330,322,0.956164383561644,0.912328767123288,0.906849315068493,0.904109589041096,0.882191780821918,12,52,12,9
CEMADEN,260570702A,2020,NAZARE DO PICO - APAC,PLUVIOMETRICA_AUTOMATICA,,60,24,ALTA,FALSE,366,203,189,183,163,134,0.554644808743169,0.516393442622951,0.5,0.445355191256831,0.366120218579235,169,21,8,4
CEMADEN,260570702A,2021,NAZARE DO PICO - APAC,PLUVIOMETRICA_AUTOMATICA,,60,24,BAIXA,TRUE,365,232,175,173,168,152,0.635616438356164,0.479452054794521,0.473972602739726,0.46027397260274,0.416438356164384,166,39,10,5
CEMADEN,260570702A,2024,NAZARE DO PICO - APAC,PLUVIOMETRICA_AUTOMATICA,,60,24,ALTA,FALSE,366,143,133,131,130,122,0.390710382513661,0.363387978142077,0.35792349726776,0.355191256830601,0.333333333333333,175,8,8,4
CEMADEN,260570702A,2025,NAZARE DO PICO - APAC,PLUVIOMETRICA_AUTOMATICA,,60,24,ALTA,FALSE,365,363,359,358,353,342,0.994520547945205,0.983561643835616,0.980821917808219,0.967123287671233,0.936986301369863,5,58,12,12
CEMADEN,260580601A,2023,Frei Miguelinho [EREN São José] - APAC,PLUVIOMETRICA_AUTOMATICA,,60,24,BAIXA,TRUE,365,275,251,251,250,236,0.753424657534247,0.687671232876712,0.687671232876712,0.684931506849315,0.646575342465753,69,83,10,7
CEMADEN,260580601A,2024,Frei Miguelinho [EREN São José] - APAC,PLUVIOMETRICA_AUTOMATICA,,60,24,BAIXA,TRUE,366,351,325,319,312,301,0.959016393442623,0.887978142076503,0.871584699453552,0.852459016393443,0.822404371584699,13,90,12,9
CEMADEN,260580601A,2025,Frei Miguelinho [EREN São José] - APAC,PLUVIOMETRICA_AUTOMATICA,,60,24,BAIXA,TRUE,365,356,336,325,307,291,0.975342465753425,0.920547945205479,0.89041095890411,0.841095890410959,0.797260273972603,6,81,12,7
CEMADEN,260580601C,2017,FREI MIGUELINHO,PLUVIOMETRICA_AUTOMATICA,,10,144,ALTA,FALSE,365,164,61,61,56,53,0.449315068493151,0.167123287671233,0.167123287671233,0.153424657534247,0.145205479452055,147,0,9,0
CEMADEN,260580601C,2018,FREI MIGUELINHO,PLUVIOMETRICA_AUTOMATICA,,60,24,BAIXA,TRUE,365,335,299,298,295,293,0.917808219178082,0.819178082191781,0.816438356164383,0.808219178082192,0.802739726027397,40,67,12,8
CEMADEN,260580601C,2019,FREI MIGUELINHO,PLUVIOMETRICA_AUTOMATICA,,60,24,BAIXA,TRUE,365,206,173,169,160,157,0.564383561643836,0.473972602739726,0.463013698630137,0.438356164383562,0.43013698630137,147,48,8,4
CEMADEN,260580601C,2021,FREI MIGUELINHO,PLUVIOMETRICA_AUTOMATICA,,60,24,BAIXA,TRUE,365,1,0,0,0,0,0.00273972602739726,0,0,0,0,365,0,1,0
CEMADEN,260580601C,2023,FREI MIGUELINHO,PLUVIOMETRICA_AUTOMATICA,,60,24,ALTA,FALSE,365,69,60,59,57,50,0.189041095890411,0.164383561643836,0.161643835616438,0.156164383561644,0.136986301369863,273,0,4,1
CEMADEN,260590501A,2017,Centro,PLUVIOMETRICA_AUTOMATICA,,60,24,BAIXA,TRUE,365,362,358,358,358,349,0.991780821917808,0.980821917808219,0.980821917808219,0.980821917808219,0.956164383561644,3,212,12,12
CEMADEN,260590501A,2018,Centro,PLUVIOMETRICA_AUTOMATICA,,60,24,BAIXA,TRUE,365,365,362,362,361,343,1,0.991780821917808,0.991780821917808,0.989041095890411,0.93972602739726,2,163,12,12
CEMADEN,260590501A,2019,Centro,PLUVIOMETRICA_AUTOMATICA,,60,24,BAIXA,TRUE,365,355,342,338,331,312,0.972602739726027,0.936986301369863,0.926027397260274,0.906849315068493,0.854794520547945,11,142,12,9
CEMADEN,260590501A,2020,Centro,PLUVIOMETRICA_AUTOMATICA,,60,24,BAIXA,TRUE,366,366,360,354,344,307,1,0.983606557377049,0.967213114754098,0.939890710382514,0.83879781420765,2,140,12,12
CEMADEN,260590501A,2021,Centro,PLUVIOMETRICA_AUTOMATICA,,60,24,BAIXA,TRUE,365,361,356,354,351,331,0.989041095890411,0.975342465753425,0.96986301369863,0.961643835616438,0.906849315068493,8,162,12,11
CEMADEN,260590501A,2022,Centro,PLUVIOMETRICA_AUTOMATICA,,60,24,BAIXA,TRUE,365,365,354,352,348,345,1,0.96986301369863,0.964383561643836,0.953424657534246,0.945205479452055,4,182,12,12
CEMADEN,260590501A,2023,Centro,PLUVIOMETRICA_AUTOMATICA,,60,24,BAIXA,TRUE,365,359,357,355,350,335,0.983561643835616,0.978082191780822,0.972602739726027,0.958904109589041,0.917808219178082,7,182,12,11
CEMADEN,260590501A,2024,Centro,PLUVIOMETRICA_AUTOMATICA,,60,24,BAIXA,TRUE,366,248,205,202,197,188,0.677595628415301,0.560109289617486,0.551912568306011,0.538251366120219,0.513661202185792,113,73,12,5
CEMADEN,260590501A,2025,Centro,PLUVIOMETRICA_AUTOMATICA,,60,24,BAIXA,TRUE,365,363,338,334,322,309,0.994520547945205,0.926027397260274,0.915068493150685,0.882191780821918,0.846575342465753,5,162,12,10
CEMADEN,260590502A,2017,GAMELEIRA - APAC,PLUVIOMETRICA_AUTOMATICA,,60,24,BAIXA,TRUE,365,40,37,37,35,17,0.10958904109589,0.101369863013699,0.101369863013699,0.0958904109589041,0.0465753424657534,327,8,2,1
CEMADEN,260590502A,2018,GAMELEIRA - APAC,PLUVIOMETRICA_AUTOMATICA,,60,24,BAIXA,TRUE,365,365,362,361,359,342,1,0.991780821917808,0.989041095890411,0.983561643835616,0.936986301369863,3,164,12,12
CEMADEN,260590502A,2019,GAMELEIRA - APAC,PLUVIOMETRICA_AUTOMATICA,,60,24,BAIXA,TRUE,365,353,342,342,340,334,0.967123287671233,0.936986301369863,0.936986301369863,0.931506849315068,0.915068493150685,11,160,12,11
CEMADEN,260590502A,2020,GAMELEIRA - APAC,PLUVIOMETRICA_AUTOMATICA,,60,24,BAIXA,TRUE,366,334,332,332,330,323,0.912568306010929,0.907103825136612,0.907103825136612,0.901639344262295,0.882513661202186,34,145,12,10
CEMADEN,260590502A,2021,GAMELEIRA - APAC,PLUVIOMETRICA_AUTOMATICA,,60,24,BAIXA,TRUE,365,190,189,188,188,184,0.520547945205479,0.517808219178082,0.515068493150685,0.515068493150685,0.504109589041096,176,81,7,5
CEMADEN,260590502A,2022,GAMELEIRA - APAC,PLUVIOMETRICA_AUTOMATICA,,60,24,BAIXA,TRUE,365,19,18,18,18,18,0.052054794520548,0.0493150684931507,0.0493150684931507,0.0493150684931507,0.0493150684931507,347,5,1,0
CEMADEN,260590518H,2023,Centro,PLUVIOMETRICA_AUTOMATICA,,60,24,BAIXA,TRUE,365,236,235,235,235,235,0.646575342465753,0.643835616438356,0.643835616438356,0.643835616438356,0.643835616438356,130,127,8,7
CEMADEN,260590518H,2024,Centro,PLUVIOMETRICA_AUTOMATICA,,60,24,BAIXA,TRUE,366,245,242,241,241,241,0.669398907103825,0.66120218579235,0.658469945355191,0.658469945355191,0.658469945355191,101,76,10,7
CEMADEN,260590518H,2025,Centro,PLUVIOMETRICA_AUTOMATICA,,60,24,BAIXA,TRUE,365,365,365,365,364,362,1,1,1,0.997260273972603,0.991780821917808,1,185,12,12
CEMADEN,260600201A,2023,Garanhuns [UFRPE] - APAC,PLUVIOMETRICA_AUTOMATICA,,60,24,BAIXA,TRUE,365,42,41,38,37,36,0.115068493150685,0.112328767123288,0.104109589041096,0.101369863013699,0.0986301369863014,223,14,3,1
CEMADEN,260600201A,2024,Garanhuns [UFRPE] - APAC,PLUVIOMETRICA_AUTOMATICA,,60,24,BAIXA,TRUE,366,338,304,300,294,289,0.923497267759563,0.830601092896175,0.819672131147541,0.80327868852459,0.789617486338798,17,119,12,7
CEMADEN,260600201A,2025,Garanhuns [UFRPE] - APAC,PLUVIOMETRICA_AUTOMATICA,,60,24,BAIXA,TRUE,365,156,126,124,120,115,0.427397260273973,0.345205479452055,0.33972602739726,0.328767123287671,0.315068493150685,91,41,8,3
CEMADEN,260600201C,2017,GARANHUNS,PLUVIOMETRICA_AUTOMATICA,,10,144,ALTA,FALSE,365,149,66,62,57,53,0.408219178082192,0.180821917808219,0.16986301369863,0.156164383561644,0.145205479452055,152,0,9,1
CEMADEN,260600201C,2018,GARANHUNS,PLUVIOMETRICA_AUTOMATICA,,60,24,BAIXA,TRUE,365,330,303,302,302,301,0.904109589041096,0.83013698630137,0.827397260273973,0.827397260273973,0.824657534246575,33,95,12,9
CEMADEN,260600201C,2019,GARANHUNS,PLUVIOMETRICA_AUTOMATICA,,60,24,ALTA,FALSE,365,56,16,8,4,3,0.153424657534247,0.0438356164383562,0.0219178082191781,0.010958904109589,0.00821917808219178,308,2,2,0
CEMADEN,260600201C,2022,GARANHUNS,PLUVIOMETRICA_AUTOMATICA,,60,24,BAIXA,TRUE,365,273,268,268,268,263,0.747945205479452,0.734246575342466,0.734246575342466,0.734246575342466,0.72054794520548,88,139,10,8
CEMADEN,260600201C,2023,GARANHUNS,PLUVIOMETRICA_AUTOMATICA,,60,24,BAIXA,TRUE,365,354,345,345,345,345,0.96986301369863,0.945205479452055,0.945205479452055,0.945205479452055,0.945205479452055,5,145,12,10
CEMADEN,260600201C,2024,GARANHUNS,PLUVIOMETRICA_AUTOMATICA,,60,24,BAIXA,TRUE,366,180,137,135,135,132,0.491803278688525,0.37431693989071,0.368852459016393,0.368852459016393,0.360655737704918,123,58,8,3
CEMADEN,260600201C,2025,GARANHUNS,PLUVIOMETRICA_AUTOMATICA,,60,24,BAIXA,TRUE,365,21,17,17,16,16,0.0575342465753425,0.0465753424657534,0.0465753424657534,0.0438356164383562,0.0438356164383562,218,7,2,0
CEMADEN,260600202A,2025,G2-260600202A,PLUVIOMETRICA_AUTOMATICA,,60,24,BAIXA,TRUE,365,121,121,121,120,112,0.331506849315069,0.331506849315069,0.331506849315069,0.328767123287671,0.306849315068493,244,19,4,4
CEMADEN,260600203A,2025,G2-260600203A,PLUVIOMETRICA_AUTOMATICA,,60,24,BAIXA,TRUE,365,121,121,121,120,110,0.331506849315069,0.331506849315069,0.331506849315069,0.328767123287671,0.301369863013699,244,23,4,4
CEMADEN,260600204A,2025,G2-260600204A,PLUVIOMETRICA_AUTOMATICA,,60,24,BAIXA,TRUE,365,120,119,118,115,103,0.328767123287671,0.326027397260274,0.323287671232877,0.315068493150685,0.282191780821918,246,28,4,4
CEMADEN,260610101A,2017,APODI - APAC,PLUVIOMETRICA_AUTOMATICA,,60,24,MEDIA,FALSE,365,13,10,9,3,1,0.0356164383561644,0.0273972602739726,0.0246575342465753,0.00821917808219178,0.00273972602739726,322,1,1,0
CEMADEN,260610101A,2018,APODI - APAC,PLUVIOMETRICA_AUTOMATICA,,60,24,BAIXA,TRUE,365,286,240,217,176,124,0.783561643835617,0.657534246575342,0.594520547945206,0.482191780821918,0.33972602739726,81,58,11,3
CEMADEN,260610101A,2019,APODI - APAC,PLUVIOMETRICA_AUTOMATICA,,60,24,BAIXA,TRUE,365,263,256,251,243,213,0.72054794520548,0.701369863013699,0.687671232876712,0.665753424657534,0.583561643835617,95,59,10,6
CEMADEN,260610101A,2020,APODI - APAC,PLUVIOMETRICA_AUTOMATICA,,60,24,BAIXA,TRUE,366,205,94,91,90,72,0.560109289617486,0.256830601092896,0.248633879781421,0.245901639344262,0.19672131147541,182,24,9,1
CEMADEN,260610101A,2021,APODI - APAC,PLUVIOMETRICA_AUTOMATICA,,60,24,BAIXA,TRUE,365,186,175,171,170,156,0.50958904109589,0.479452054794521,0.468493150684932,0.465753424657534,0.427397260273973,173,57,7,4
CEMADEN,260610101A,2022,APODI - APAC,PLUVIOMETRICA_AUTOMATICA,,60,24,BAIXA,TRUE,365,7,6,6,6,6,0.0191780821917808,0.0164383561643836,0.0164383561643836,0.0164383561643836,0.0164383561643836,359,3,1,0
CEMADEN,260610102A,2017,GLORIA DO GOITA - APAC,PLUVIOMETRICA_AUTOMATICA,,60,24,ALTA,FALSE,365,47,45,45,42,29,0.128767123287671,0.123287671232877,0.123287671232877,0.115068493150685,0.0794520547945206,320,3,2,1
CEMADEN,260610102A,2018,GLORIA DO GOITA - APAC,PLUVIOMETRICA_AUTOMATICA,,60,24,BAIXA,TRUE,365,365,364,363,360,331,1,0.997260273972603,0.994520547945205,0.986301369863014,0.906849315068493,1,103,12,12
CEMADEN,260610102A,2019,GLORIA DO GOITA - APAC,PLUVIOMETRICA_AUTOMATICA,,60,24,BAIXA,TRUE,365,352,339,338,338,330,0.964383561643836,0.928767123287671,0.926027397260274,0.926027397260274,0.904109589041096,11,127,12,10
CEMADEN,260610102A,2020,GLORIA DO GOITA - APAC,PLUVIOMETRICA_AUTOMATICA,,60,24,BAIXA,TRUE,366,364,358,354,350,333,0.994535519125683,0.978142076502732,0.967213114754098,0.956284153005464,0.909836065573771,5,63,12,12
CEMADEN,260610102A,2021,GLORIA DO GOITA - APAC,PLUVIOMETRICA_AUTOMATICA,,60,24,BAIXA,TRUE,365,223,213,210,206,196,0.610958904109589,0.583561643835617,0.575342465753425,0.564383561643836,0.536986301369863,151,72,8,6
CEMADEN,260610102A,2022,GLORIA DO GOITA - APAC,PLUVIOMETRICA_AUTOMATICA,,60,24,BAIXA,TRUE,365,255,195,193,191,187,0.698630136986301,0.534246575342466,0.528767123287671,0.523287671232877,0.512328767123288,110,79,12,5
CEMADEN,260610102A,2023,GLORIA DO GOITA - APAC,PLUVIOMETRICA_AUTOMATICA,,60,24,BAIXA,TRUE,365,363,361,359,358,352,0.994520547945205,0.989041095890411,0.983561643835616,0.980821917808219,0.964383561643836,4,135,12,12
CEMADEN,260610102A,2024,GLORIA DO GOITA - APAC,PLUVIOMETRICA_AUTOMATICA,,60,24,BAIXA,TRUE,366,357,349,348,347,345,0.975409836065574,0.953551912568306,0.950819672131147,0.948087431693989,0.942622950819672,9,106,12,11
CEMADEN,260610102A,2025,GLORIA DO GOITA - APAC,PLUVIOMETRICA_AUTOMATICA,,60,24,BAIXA,TRUE,365,234,222,221,219,215,0.641095890410959,0.608219178082192,0.605479452054795,0.6,0.589041095890411,120,106,9,7
CEMADEN,260620001A,2017,Estadio Municipal Agamemon Magalhães,PLUVIOMETRICA_AUTOMATICA,,60,24,BAIXA,TRUE,365,364,362,362,362,361,0.997260273972603,0.991780821917808,0.991780821917808,0.991780821917808,0.989041095890411,3,193,12,12
CEMADEN,260620001A,2018,Estadio Municipal Agamemon Magalhães,PLUVIOMETRICA_AUTOMATICA,,60,24,BAIXA,TRUE,365,365,361,361,360,354,1,0.989041095890411,0.989041095890411,0.986301369863014,0.96986301369863,2,138,12,12
CEMADEN,260620001A,2019,Estádio Municipal,PLUVIOMETRICA_AUTOMATICA,,60,24,BAIXA,TRUE,365,361,350,348,345,342,0.989041095890411,0.958904109589041,0.953424657534246,0.945205479452055,0.936986301369863,5,146,12,11
CEMADEN,260620001A,2020,Estádio Municipal,PLUVIOMETRICA_AUTOMATICA,,60,24,BAIXA,TRUE,366,366,365,363,363,361,1,0.997267759562842,0.991803278688525,0.991803278688525,0.986338797814208,1,147,12,12
CEMADEN,260620001A,2021,Estádio Municipal,PLUVIOMETRICA_AUTOMATICA,,60,24,BAIXA,TRUE,365,360,202,175,157,129,0.986301369863014,0.553424657534247,0.479452054794521,0.43013698630137,0.353424657534247,20,55,12,2
CEMADEN,260620001A,2022,Estádio Municipal,PLUVIOMETRICA_AUTOMATICA,,60,24,BAIXA,TRUE,365,302,260,254,249,238,0.827397260273973,0.712328767123288,0.695890410958904,0.682191780821918,0.652054794520548,48,121,12,6
CEMADEN,260620001A,2023,Estádio Municipal,PLUVIOMETRICA_AUTOMATICA,,60,24,BAIXA,TRUE,365,360,359,359,358,350,0.986301369863014,0.983561643835616,0.983561643835616,0.980821917808219,0.958904109589041,6,185,12,12
CEMADEN,260620001A,2024,ETA Compesa,PLUVIOMETRICA_AUTOMATICA,,60,24,BAIXA,TRUE,366,366,364,364,364,360,1,0.994535519125683,0.994535519125683,0.994535519125683,0.983606557377049,2,188,12,12
CEMADEN,260620001A,2025,ETA Compesa,PLUVIOMETRICA_AUTOMATICA,,60,24,BAIXA,TRUE,365,365,365,365,363,362,1,1,1,0.994520547945205,0.991780821917808,1,164,12,12
CEMADEN,260620002A,2017,Prefeitura Municipal,PLUVIOMETRICA_AUTOMATICA,,60,24,BAIXA,TRUE,365,365,365,364,361,357,1,1,0.997260273972603,0.989041095890411,0.978082191780822,2,197,12,12
CEMADEN,260620002A,2018,Prefeitura Municipal,PLUVIOMETRICA_AUTOMATICA,,60,24,BAIXA,TRUE,365,365,363,363,363,352,1,0.994520547945205,0.994520547945205,0.994520547945205,0.964383561643836,1,143,12,12
CEMADEN,260620002A,2019,Centro,PLUVIOMETRICA_AUTOMATICA,,60,24,BAIXA,TRUE,365,361,347,345,341,331,0.989041095890411,0.950684931506849,0.945205479452055,0.934246575342466,0.906849315068493,5,138,12,11
CEMADEN,260620002A,2020,Centro,PLUVIOMETRICA_AUTOMATICA,,60,24,BAIXA,TRUE,366,366,355,354,349,339,1,0.969945355191257,0.967213114754098,0.953551912568306,0.926229508196721,2,151,12,12
CEMADEN,260620002A,2021,Centro,PLUVIOMETRICA_AUTOMATICA,,60,24,BAIXA,TRUE,365,365,364,364,363,352,1,0.997260273972603,0.997260273972603,0.994520547945205,0.964383561643836,1,159,12,12
CEMADEN,260620002A,2022,Centro,PLUVIOMETRICA_AUTOMATICA,,60,24,BAIXA,TRUE,365,321,313,310,309,299,0.879452054794521,0.857534246575342,0.849315068493151,0.846575342465753,0.819178082191781,39,134,12,10
CEMADEN,260620002A,2023,Centro,PLUVIOMETRICA_AUTOMATICA,,60,24,BAIXA,TRUE,365,365,365,364,364,356,1,1,0.997260273972603,0.997260273972603,0.975342465753425,1,172,12,12
CEMADEN,260620002A,2024,Centro,PLUVIOMETRICA_AUTOMATICA,,60,24,BAIXA,TRUE,366,342,337,337,337,330,0.934426229508197,0.920765027322404,0.920765027322404,0.920765027322404,0.901639344262295,25,160,12,11
CEMADEN,260620002A,2025,Centro,PLUVIOMETRICA_AUTOMATICA,,60,24,MEDIA,FALSE,365,18,3,1,1,1,0.0493150684931507,0.00821917808219178,0.00273972602739726,0.00273972602739726,0.00273972602739726,339,1,2,0
CEMADEN,260620003A,2017,PONTA DE PEDRA - APAC,PLUVIOMETRICA_AUTOMATICA,,60,24,ALTA,FALSE,365,44,43,43,40,25,0.120547945205479,0.117808219178082,0.117808219178082,0.10958904109589,0.0684931506849315,321,5,2,1
CEMADEN,260620003A,2018,PONTA DE PEDRA - APAC,PLUVIOMETRICA_AUTOMATICA,,60,24,BAIXA,TRUE,365,365,363,363,357,317,1,0.994520547945205,0.994520547945205,0.978082191780822,0.868493150684932,2,142,12,12
CEMADEN,260620003A,2019,PONTA DE PEDRA - APAC,PLUVIOMETRICA_AUTOMATICA,,60,24,BAIXA,TRUE,365,354,342,341,338,303,0.96986301369863,0.936986301369863,0.934246575342466,0.926027397260274,0.83013698630137,12,144,12,10
CEMADEN,260620003A,2020,PONTA DE PEDRA - APAC,PLUVIOMETRICA_AUTOMATICA,,60,24,BAIXA,TRUE,366,274,271,270,269,259,0.748633879781421,0.740437158469945,0.737704918032787,0.734972677595629,0.707650273224044,76,135,10,7
CEMADEN,260620003A,2021,PONTA DE PEDRA - APAC,PLUVIOMETRICA_AUTOMATICA,,60,24,BAIXA,TRUE,365,187,184,183,182,177,0.512328767123288,0.504109589041096,0.501369863013699,0.498630136986301,0.484931506849315,174,89,7,5
CEMADEN,260620003A,2022,PONTA DE PEDRA - APAC,PLUVIOMETRICA_AUTOMATICA,,60,24,BAIXA,TRUE,365,365,358,355,354,346,1,0.980821917808219,0.972602739726027,0.96986301369863,0.947945205479452,5,173,12,12
CEMADEN,260620003A,2023,PONTA DE PEDRA - APAC,PLUVIOMETRICA_AUTOMATICA,,60,24,BAIXA,TRUE,365,365,364,364,364,345,1,0.997260273972603,0.997260273972603,0.997260273972603,0.945205479452055,1,152,12,12
CEMADEN,260620003A,2024,PONTA DE PEDRA - APAC,PLUVIOMETRICA_AUTOMATICA,,60,24,BAIXA,TRUE,366,352,349,349,349,344,0.961748633879781,0.953551912568306,0.953551912568306,0.953551912568306,0.939890710382514,15,154,12,11
CEMADEN,260620003A,2025,PONTA DE PEDRA - APAC,PLUVIOMETRICA_AUTOMATICA,,60,24,BAIXA,TRUE,365,269,268,268,268,266,0.736986301369863,0.734246575342466,0.734246575342466,0.734246575342466,0.728767123287671,97,153,9,9
CEMADEN,260620003H,2017,Goiana,PLUVIOMETRICA_AUTOMATICA,,60,24,BAIXA,TRUE,365,285,281,281,280,277,0.780821917808219,0.76986301369863,0.76986301369863,0.767123287671233,0.758904109589041,77,185,10,8
CEMADEN,260620003H,2018,Goiana,PLUVIOMETRICA_AUTOMATICA,,60,24,ALTA,FALSE,365,36,32,30,29,19,0.0986301369863014,0.0876712328767123,0.0821917808219178,0.0794520547945206,0.052054794520548,317,4,2,0
CEMADEN,260620003H,2023,Canal de Goiana,PLUVIOMETRICA_AUTOMATICA,,60,24,BAIXA,TRUE,365,156,153,152,152,147,0.427397260273973,0.419178082191781,0.416438356164384,0.416438356164384,0.402739726027397,209,50,6,5
CEMADEN,260620003H,2024,Canal de Goiana,PLUVIOMETRICA_AUTOMATICA,,60,24,BAIXA,TRUE,366,308,270,266,259,252,0.841530054644809,0.737704918032787,0.726775956284153,0.707650273224044,0.688524590163934,28,101,12,6
CEMADEN,260620003H,2025,Canal de Goiana,PLUVIOMETRICA_AUTOMATICA,,60,24,ALTA,FALSE,365,124,115,113,113,111,0.33972602739726,0.315068493150685,0.30958904109589,0.30958904109589,0.304109589041096,120,0,8,1
CEMADEN,260630901A,2023,Granito [Hospital] - APAC,PLUVIOMETRICA_AUTOMATICA,,,1,BAIXA,FALSE,365,2,2,2,2,2,0.00547945205479452,0.00547945205479452,0.00547945205479452,0.00547945205479452,0.00547945205479452,228,0,2,0
CEMADEN,260630901A,2024,Granito [Hospital] - APAC,PLUVIOMETRICA_AUTOMATICA,,60,24,ALTA,FALSE,366,174,170,170,169,164,0.475409836065574,0.46448087431694,0.46448087431694,0.461748633879781,0.448087431693989,187,13,6,5
CEMADEN,260630901A,2025,Granito [Hospital] - APAC,PLUVIOMETRICA_AUTOMATICA,,60,24,BAIXA,TRUE,365,275,249,246,245,242,0.753424657534247,0.682191780821918,0.673972602739726,0.671232876712329,0.663013698630137,30,50,12,7
CEMADEN,260630901C,2017,GRANITO,PLUVIOMETRICA_AUTOMATICA,,10,144,ALTA,FALSE,365,92,6,4,4,4,0.252054794520548,0.0164383561643836,0.010958904109589,0.010958904109589,0.010958904109589,268,0,10,0
CEMADEN,260630901C,2018,GRANITO,PLUVIOMETRICA_AUTOMATICA,,60,24,BAIXA,TRUE,365,214,144,138,134,130,0.586301369863014,0.394520547945205,0.378082191780822,0.367123287671233,0.356164383561644,43,18,12,1
CEMADEN,260630901C,2019,GRANITO,PLUVIOMETRICA_AUTOMATICA,,60,24,ALTA,FALSE,365,144,68,52,50,48,0.394520547945205,0.186301369863014,0.142465753424658,0.136986301369863,0.131506849315068,68,9,10,0
CEMADEN,260630901C,2020,GRANITO,PLUVIOMETRICA_AUTOMATICA,,60,24,ALTA,FALSE,366,83,23,12,7,3,0.226775956284153,0.0628415300546448,0.0327868852459016,0.0191256830601093,0.00819672131147541,179,1,6,0
CEMADEN,260630901C,2022,GRANITO,PLUVIOMETRICA_AUTOMATICA,,60,24,BAIXA,TRUE,365,167,161,161,161,161,0.457534246575342,0.441095890410959,0.441095890410959,0.441095890410959,0.441095890410959,195,22,7,4
CEMADEN,260630901C,2023,GRANITO,PLUVIOMETRICA_AUTOMATICA,,60,24,ALTA,FALSE,365,154,53,46,42,40,0.421917808219178,0.145205479452055,0.126027397260274,0.115068493150685,0.10958904109589,272,7,9,0
CEMADEN,260630901C,2024,GRANITO,PLUVIOMETRICA_AUTOMATICA,,60,24,ALTA,FALSE,366,280,274,274,274,274,0.765027322404372,0.748633879781421,0.748633879781421,0.748633879781421,0.748633879781421,85,6,10,7
CEMADEN,260630901C,2025,GRANITO,PLUVIOMETRICA_AUTOMATICA,,60,24,BAIXA,TRUE,365,117,114,114,114,114,0.32054794520548,0.312328767123288,0.312328767123288,0.312328767123288,0.312328767123288,237,32,5,3
CEMADEN,260640801A,2025,G2-260640801A,PLUVIOMETRICA_AUTOMATICA,,60,24,BAIXA,TRUE,365,126,124,123,117,89,0.345205479452055,0.33972602739726,0.336986301369863,0.32054794520548,0.243835616438356,241,38,5,4
CEMADEN,260640801C,2017,GRAVATA,PLUVIOMETRICA_AUTOMATICA,,10,144,ALTA,FALSE,365,163,59,59,57,53,0.446575342465753,0.161643835616438,0.161643835616438,0.156164383561644,0.145205479452055,153,0,10,0
CEMADEN,260640801C,2018,GRAVATA,PLUVIOMETRICA_AUTOMATICA,,60,24,BAIXA,TRUE,365,318,270,270,269,264,0.871232876712329,0.73972602739726,0.73972602739726,0.736986301369863,0.723287671232877,52,75,12,7
CEMADEN,260640801C,2019,GRAVATA,PLUVIOMETRICA_AUTOMATICA,,60,24,ALTA,FALSE,365,189,96,83,64,51,0.517808219178082,0.263013698630137,0.227397260273973,0.175342465753425,0.13972602739726,178,0,8,0
CEMADEN,260640802A,2025,G2-260640802A,PLUVIOMETRICA_AUTOMATICA,,60,24,ALTA,FALSE,365,125,123,120,109,47,0.342465753424658,0.336986301369863,0.328767123287671,0.298630136986301,0.128767123287671,241,14,5,3
CEMADEN,260640803A,2025,G2-260640803A,PLUVIOMETRICA_AUTOMATICA,,60,24,ALTA,FALSE,365,112,112,110,109,102,0.306849315068493,0.306849315068493,0.301369863013699,0.298630136986301,0.279452054794521,254,11,4,3
CEMADEN,260650701A,2018,IATI - APAC,PLUVIOMETRICA_AUTOMATICA,,60,24,BAIXA,TRUE,365,235,232,232,231,220,0.643835616438356,0.635616438356164,0.635616438356164,0.632876712328767,0.602739726027397,130,44,8,7
CEMADEN,260650701A,2019,IATI - APAC,PLUVIOMETRICA_AUTOMATICA,,60,24,BAIXA,TRUE,365,336,318,314,313,286,0.920547945205479,0.871232876712329,0.86027397260274,0.857534246575342,0.783561643835617,18,72,12,8
CEMADEN,260650701A,2020,IATI - APAC,PLUVIOMETRICA_AUTOMATICA,,60,24,BAIXA,TRUE,366,207,139,130,114,98,0.565573770491803,0.379781420765027,0.355191256830601,0.311475409836066,0.26775956284153,155,42,7,3
CEMADEN,260650701A,2021,IATI - APAC,PLUVIOMETRICA_AUTOMATICA,,60,24,ALTA,FALSE,365,247,167,127,103,52,0.676712328767123,0.457534246575342,0.347945205479452,0.282191780821918,0.142465753424658,123,19,9,1
CEMADEN,260650701A,2022,IATI - APAC,PLUVIOMETRICA_AUTOMATICA,,60,24,BAIXA,TRUE,365,145,136,133,131,122,0.397260273972603,0.372602739726027,0.364383561643836,0.358904109589041,0.334246575342466,222,20,6,3
CEMADEN,260650701A,2023,IATI - APAC,PLUVIOMETRICA_AUTOMATICA,,60,24,BAIXA,TRUE,365,365,363,362,360,343,1,0.994520547945205,0.991780821917808,0.986301369863014,0.93972602739726,1,96,12,12
CEMADEN,260650701A,2024,IATI - APAC,PLUVIOMETRICA_AUTOMATICA,,60,24,BAIXA,TRUE,366,366,364,364,364,349,1,0.994535519125683,0.994535519125683,0.994535519125683,0.953551912568306,2,100,12,12
CEMADEN,260650701A,2025,IATI - APAC,PLUVIOMETRICA_AUTOMATICA,,60,24,BAIXA,TRUE,365,365,365,363,357,341,1,1,0.994520547945205,0.978082191780822,0.934246575342466,3,100,12,12
CEMADEN,260650701C,2018,IATI,PLUVIOMETRICA_AUTOMATICA,,60,24,BAIXA,TRUE,365,134,132,132,132,132,0.367123287671233,0.361643835616438,0.361643835616438,0.361643835616438,0.361643835616438,203,28,6,4
CEMADEN,260650701C,2022,IATI,PLUVIOMETRICA_AUTOMATICA,,60,24,BAIXA,TRUE,365,56,54,54,54,54,0.153424657534247,0.147945205479452,0.147945205479452,0.147945205479452,0.147945205479452,187,34,2,2
CEMADEN,260650701C,2023,IATI,PLUVIOMETRICA_AUTOMATICA,,60,24,BAIXA,TRUE,365,92,89,89,89,88,0.252054794520548,0.243835616438356,0.243835616438356,0.243835616438356,0.241095890410959,135,34,4,2
CEMADEN,260660601A,2017,Lages,PLUVIOMETRICA_AUTOMATICA,,60,24,BAIXA,TRUE,365,363,359,359,357,352,0.994520547945205,0.983561643835616,0.983561643835616,0.978082191780822,0.964383561643836,4,91,12,12
CEMADEN,260660601A,2018,Lages,PLUVIOMETRICA_AUTOMATICA,,60,24,BAIXA,TRUE,365,365,361,360,356,322,1,0.989041095890411,0.986301369863014,0.975342465753425,0.882191780821918,2,51,12,12
CEMADEN,260660601A,2019,Lages,PLUVIOMETRICA_AUTOMATICA,,60,24,BAIXA,TRUE,365,346,293,291,290,267,0.947945205479452,0.802739726027397,0.797260273972603,0.794520547945206,0.731506849315069,37,44,12,9
CEMADEN,260660601A,2020,Lages,PLUVIOMETRICA_AUTOMATICA,,60,24,BAIXA,TRUE,366,52,0,0,0,0,0.14207650273224,0,0,0,0,366,0,2,0
CEMADEN,260660601A,2021,Lages,PLUVIOMETRICA_AUTOMATICA,,60,24,BAIXA,TRUE,365,281,278,278,277,267,0.76986301369863,0.761643835616438,0.761643835616438,0.758904109589041,0.731506849315069,86,46,10,9
CEMADEN,260660601A,2022,Lages,PLUVIOMETRICA_AUTOMATICA,,60,24,ALTA,FALSE,365,363,303,299,291,201,0.994520547945205,0.83013698630137,0.819178082191781,0.797260273972603,0.550684931506849,46,40,12,10
CEMADEN,260660601A,2023,Lages,PLUVIOMETRICA_AUTOMATICA,,60,24,ALTA,FALSE,365,351,240,232,230,212,0.961643835616438,0.657534246575342,0.635616438356164,0.63013698630137,0.580821917808219,100,27,12,7
CEMADEN,260660601A,2024,Lages,PLUVIOMETRICA_AUTOMATICA,,60,24,BAIXA,TRUE,366,366,2,1,0,0,1,0.00546448087431694,0.00273224043715847,0,0,366,0,12,0
CEMADEN,260660601A,2025,Lages,PLUVIOMETRICA_AUTOMATICA,,60,24,ALTA,FALSE,365,365,164,159,158,156,1,0.449315068493151,0.435616438356164,0.432876712328767,0.427397260273973,206,17,12,5
CEMADEN,260660601C,2017,IBIMIRIM,PLUVIOMETRICA_AUTOMATICA,,10,144,ALTA,FALSE,365,162,30,28,25,24,0.443835616438356,0.0821917808219178,0.0767123287671233,0.0684931506849315,0.0657534246575342,159,0,12,0
CEMADEN,260660601C,2018,IBIMIRIM,PLUVIOMETRICA_AUTOMATICA,,60,24,BAIXA,TRUE,365,327,303,302,300,299,0.895890410958904,0.83013698630137,0.827397260273973,0.821917808219178,0.819178082191781,31,42,12,8
CEMADEN,260660601C,2019,IBIMIRIM,PLUVIOMETRICA_AUTOMATICA,,60,24,ALTA,FALSE,365,360,327,321,317,313,0.986301369863014,0.895890410958904,0.879452054794521,0.868493150684932,0.857534246575342,11,49,12,9
CEMADEN,260660601C,2020,IBIMIRIM,PLUVIOMETRICA_AUTOMATICA,,60,24,BAIXA,TRUE,366,100,86,84,76,74,0.273224043715847,0.234972677595628,0.229508196721311,0.207650273224044,0.202185792349727,271,27,6,2
CEMADEN,260660601C,2021,IBIMIRIM,PLUVIOMETRICA_AUTOMATICA,,60,24,MEDIA,FALSE,365,26,6,5,5,4,0.0712328767123288,0.0164383561643836,0.0136986301369863,0.0136986301369863,0.010958904109589,212,2,6,0
CEMADEN,260660601C,2022,IBIMIRIM,PLUVIOMETRICA_AUTOMATICA,,60,24,BAIXA,TRUE,365,11,1,1,0,0,0.0301369863013699,0.00273972602739726,0.00273972602739726,0,0,365,0,2,0
CEMADEN,260660601C,2023,IBIMIRIM,PLUVIOMETRICA_AUTOMATICA,,60,24,BAIXA,FALSE,365,5,4,4,4,3,0.0136986301369863,0.010958904109589,0.010958904109589,0.010958904109589,0.00821917808219178,261,0,1,0
CEMADEN,260670501A,2023,Ibirajuba [Chacará] - APAC,PLUVIOMETRICA_AUTOMATICA,,60,24,BAIXA,TRUE,365,152,149,149,147,142,0.416438356164384,0.408219178082192,0.408219178082192,0.402739726027397,0.389041095890411,214,47,5,5
CEMADEN,260670501A,2024,Ibirajuba [Chacará] - APAC,PLUVIOMETRICA_AUTOMATICA,,60,24,BAIXA,TRUE,366,352,310,305,295,288,0.961748633879781,0.846994535519126,0.833333333333333,0.806010928961749,0.786885245901639,13,94,12,8
CEMADEN,260670501A,2025,Ibirajuba [Chacará] - APAC,PLUVIOMETRICA_AUTOMATICA,,60,24,BAIXA,TRUE,365,273,236,233,225,216,0.747945205479452,0.646575342465753,0.638356164383562,0.616438356164384,0.591780821917808,59,94,12,5
CEMADEN,260680403A,2017,Alto do Céu,PLUVIOMETRICA_AUTOMATICA,,60,24,BAIXA,TRUE,365,365,363,363,361,356,1,0.994520547945205,0.994520547945205,0.989041095890411,0.975342465753425,2,209,12,12
CEMADEN,260680403A,2018,Alto do Céu,PLUVIOMETRICA_AUTOMATICA,,60,24,BAIXA,TRUE,365,365,362,362,362,359,1,0.991780821917808,0.991780821917808,0.991780821917808,0.983561643835616,2,183,12,12
CEMADEN,260680403A,2019,Alto do Céu,PLUVIOMETRICA_AUTOMATICA,,60,24,BAIXA,TRUE,365,346,332,326,322,314,0.947945205479452,0.90958904109589,0.893150684931507,0.882191780821918,0.86027397260274,18,148,12,10
CEMADEN,260680403A,2020,Alto do Céu,PLUVIOMETRICA_AUTOMATICA,,60,24,BAIXA,TRUE,366,366,357,354,350,337,1,0.975409836065574,0.967213114754098,0.956284153005464,0.920765027322404,2,161,12,12
CEMADEN,260680403A,2021,Alto do Céu,PLUVIOMETRICA_AUTOMATICA,,60,24,BAIXA,TRUE,365,365,364,364,364,355,1,0.997260273972603,0.997260273972603,0.997260273972603,0.972602739726027,1,169,12,12
CEMADEN,260680403A,2022,Alto do Céu,PLUVIOMETRICA_AUTOMATICA,,60,24,BAIXA,TRUE,365,363,355,350,350,341,0.994520547945205,0.972602739726027,0.958904109589041,0.958904109589041,0.934246575342466,4,194,12,12
CEMADEN,260680403A,2023,Alto do Céu,PLUVIOMETRICA_AUTOMATICA,,60,24,BAIXA,TRUE,365,172,125,120,117,114,0.471232876712329,0.342465753424658,0.328767123287671,0.32054794520548,0.312328767123288,155,58,9,2
CEMADEN,260680403A,2024,Alto do Céu,PLUVIOMETRICA_AUTOMATICA,,60,24,BAIXA,TRUE,366,246,237,237,236,233,0.672131147540984,0.647540983606557,0.647540983606557,0.644808743169399,0.636612021857924,55,92,10,6
CEMADEN,260680403A,2025,Alto do Céu,PLUVIOMETRICA_AUTOMATICA,,60,24,BAIXA,TRUE,365,365,365,365,364,363,1,1,1,0.997260273972603,0.994520547945205,1,193,12,12
CEMADEN,260680404A,2017,Cruz de Rebouças,PLUVIOMETRICA_AUTOMATICA,,60,24,BAIXA,TRUE,365,365,364,363,362,358,1,0.997260273972603,0.994520547945205,0.991780821917808,0.980821917808219,2,224,12,12
CEMADEN,260680404A,2018,Cruz de Rebouças,PLUVIOMETRICA_AUTOMATICA,,60,24,BAIXA,TRUE,365,264,240,240,239,227,0.723287671232877,0.657534246575342,0.657534246575342,0.654794520547945,0.621917808219178,84,137,10,7
CEMADEN,260680404A,2019,Cruz de Rebouças,PLUVIOMETRICA_AUTOMATICA,,60,24,BAIXA,TRUE,365,138,129,125,123,119,0.378082191780822,0.353424657534247,0.342465753424658,0.336986301369863,0.326027397260274,163,75,5,2
CEMADEN,260680404A,2020,Cruz de Rebouças,PLUVIOMETRICA_AUTOMATICA,,60,24,BAIXA,TRUE,366,215,208,205,201,193,0.587431693989071,0.568306010928962,0.560109289617486,0.549180327868853,0.527322404371585,154,94,8,7
CEMADEN,260680404A,2021,Cruz de Rebouças,PLUVIOMETRICA_AUTOMATICA,,60,24,BAIXA,TRUE,365,360,358,358,355,327,0.986301369863014,0.980821917808219,0.980821917808219,0.972602739726027,0.895890410958904,6,146,12,12
CEMADEN,260680404A,2022,Cruz de Rebouças,PLUVIOMETRICA_AUTOMATICA,,60,24,BAIXA,TRUE,365,229,132,130,127,124,0.627397260273973,0.361643835616438,0.356164383561644,0.347945205479452,0.33972602739726,124,71,8,3
CEMADEN,260680404A,2023,Cruz de Rebouças,PLUVIOMETRICA_AUTOMATICA,,60,24,BAIXA,TRUE,365,182,180,180,180,179,0.498630136986301,0.493150684931507,0.493150684931507,0.493150684931507,0.49041095890411,184,76,6,6
CEMADEN,260680404A,2024,Cruz de Rebouças,PLUVIOMETRICA_AUTOMATICA,,60,24,BAIXA,TRUE,366,366,364,364,364,361,1,0.994535519125683,0.994535519125683,0.994535519125683,0.986338797814208,2,180,12,12
CEMADEN,260680404A,2025,Cruz de Rebouças,PLUVIOMETRICA_AUTOMATICA,,60,24,BAIXA,TRUE,365,326,311,308,307,303,0.893150684931507,0.852054794520548,0.843835616438356,0.841095890410959,0.83013698630137,56,177,12,10
CEMADEN,260680405A,2017,Cruz de Rebouças2,PLUVIOMETRICA_AUTOMATICA,,60,24,BAIXA,TRUE,365,362,357,357,357,341,0.991780821917808,0.978082191780822,0.978082191780822,0.978082191780822,0.934246575342466,3,205,12,12
CEMADEN,260680405A,2018,Cruz de Rebouças2,PLUVIOMETRICA_AUTOMATICA,,60,24,BAIXA,TRUE,365,365,363,363,361,352,1,0.994520547945205,0.994520547945205,0.989041095890411,0.964383561643836,1,163,12,12
CEMADEN,260680405A,2019,Cruz de Rebouças2,PLUVIOMETRICA_AUTOMATICA,,60,24,BAIXA,TRUE,365,357,341,334,331,317,0.978082191780822,0.934246575342466,0.915068493150685,0.906849315068493,0.868493150684932,11,155,12,10
CEMADEN,260680405A,2020,Cruz de Rebouças2,PLUVIOMETRICA_AUTOMATICA,,60,24,BAIXA,TRUE,366,366,355,351,349,336,1,0.969945355191257,0.959016393442623,0.953551912568306,0.918032786885246,2,164,12,12
CEMADEN,260680405A,2021,Cruz de Rebouças2,PLUVIOMETRICA_AUTOMATICA,,60,24,BAIXA,TRUE,365,266,264,264,264,261,0.728767123287671,0.723287671232877,0.723287671232877,0.723287671232877,0.715068493150685,101,141,10,8
CEMADEN,260680405A,2022,Cruz de Rebouças2,PLUVIOMETRICA_AUTOMATICA,,60,24,BAIXA,TRUE,365,142,136,134,134,125,0.389041095890411,0.372602739726027,0.367123287671233,0.367123287671233,0.342465753424658,225,50,6,4
CEMADEN,260680405A,2023,Cruz de Rebouças2,PLUVIOMETRICA_AUTOMATICA,,60,24,BAIXA,TRUE,365,365,361,359,357,345,1,0.989041095890411,0.983561643835616,0.978082191780822,0.945205479452055,3,165,12,12
CEMADEN,260680405A,2024,Cruz de Rebouças2,PLUVIOMETRICA_AUTOMATICA,,60,24,BAIXA,TRUE,366,365,344,339,331,312,0.997267759562842,0.939890710382514,0.926229508196721,0.904371584699454,0.852459016393443,9,138,12,11
CEMADEN,260680405A,2025,Cruz de Rebouças2,PLUVIOMETRICA_AUTOMATICA,,60,24,BAIXA,TRUE,365,232,212,208,200,194,0.635616438356164,0.580821917808219,0.56986301369863,0.547945205479452,0.531506849315069,141,65,9,6
CEMADEN,260680406A,2017,IGARASSU - APAC,PLUVIOMETRICA_AUTOMATICA,,60,24,ALTA,FALSE,365,50,47,46,40,24,0.136986301369863,0.128767123287671,0.126027397260274,0.10958904109589,0.0657534246575342,317,6,2,0
CEMADEN,260680406A,2018,IGARASSU - APAC,PLUVIOMETRICA_AUTOMATICA,,60,24,BAIXA,TRUE,365,365,363,362,359,337,1,0.994520547945205,0.991780821917808,0.983561643835616,0.923287671232877,1,173,12,12
CEMADEN,260680406A,2019,IGARASSU - APAC,PLUVIOMETRICA_AUTOMATICA,,60,24,BAIXA,TRUE,365,344,330,328,327,317,0.942465753424658,0.904109589041096,0.898630136986301,0.895890410958904,0.868493150684932,13,177,12,10
CEMADEN,260680406A,2020,IGARASSU - APAC,PLUVIOMETRICA_AUTOMATICA,,60,24,BAIXA,TRUE,366,221,216,215,214,210,0.603825136612022,0.59016393442623,0.587431693989071,0.584699453551913,0.573770491803279,150,124,8,7
CEMADEN,260680406A,2021,IGARASSU - APAC,PLUVIOMETRICA_AUTOMATICA,,60,24,BAIXA,TRUE,365,184,182,182,180,179,0.504109589041096,0.498630136986301,0.498630136986301,0.493150684931507,0.49041095890411,182,79,6,6
CEMADEN,260680406A,2022,IGARASSU - APAC,PLUVIOMETRICA_AUTOMATICA,,60,24,ALTA,FALSE,365,59,58,58,58,54,0.161643835616438,0.158904109589041,0.158904109589041,0.158904109589041,0.147945205479452,307,0,2,2
CEMADEN,260690301A,2018,IGUARACI - APAC,PLUVIOMETRICA_AUTOMATICA,,60,24,BAIXA,TRUE,365,262,207,199,179,148,0.717808219178082,0.567123287671233,0.545205479452055,0.49041095890411,0.405479452054795,25,38,12,1
CEMADEN,260690301A,2019,IGUARACI - APAC,PLUVIOMETRICA_AUTOMATICA,,60,24,BAIXA,TRUE,365,87,73,71,66,61,0.238356164383562,0.2,0.194520547945205,0.180821917808219,0.167123287671233,272,21,4,0
CEMADEN,260690301A,2021,IGUARACI - APAC,PLUVIOMETRICA_AUTOMATICA,,60,24,ALTA,FALSE,365,40,35,35,33,32,0.10958904109589,0.0958904109589041,0.0958904109589041,0.0904109589041096,0.0876712328767123,267,1,3,1
CEMADEN,260690301A,2023,IGUARACI - APAC,PLUVIOMETRICA_AUTOMATICA,,60,24,ALTA,FALSE,365,125,120,118,115,90,0.342465753424658,0.328767123287671,0.323287671232877,0.315068493150685,0.246575342465753,241,7,5,4
CEMADEN,260690301A,2024,IGUARACI - APAC,PLUVIOMETRICA_AUTOMATICA,,60,24,BAIXA,TRUE,366,330,304,302,298,292,0.901639344262295,0.830601092896175,0.825136612021858,0.814207650273224,0.797814207650273,47,53,12,9
CEMADEN,260690301A,2025,IGUARACI - APAC,PLUVIOMETRICA_AUTOMATICA,,60,24,BAIXA,TRUE,365,359,354,354,351,348,0.983561643835616,0.96986301369863,0.96986301369863,0.961643835616438,0.953424657534246,10,64,12,11
CEMADEN,260690301C,2018,IGUARACI,PLUVIOMETRICA_AUTOMATICA,,60,24,BAIXA,TRUE,365,329,251,245,239,238,0.901369863013699,0.687671232876712,0.671232876712329,0.654794520547945,0.652054794520548,77,48,11,7
CEMADEN,260690301C,2019,IGUARACI,PLUVIOMETRICA_AUTOMATICA,,60,24,ALTA,FALSE,365,350,52,28,19,12,0.958904109589041,0.142465753424658,0.0767123287671233,0.052054794520548,0.0328767123287671,137,7,12,0
CEMADEN,260690301C,2020,IGUARACI,PLUVIOMETRICA_AUTOMATICA,,60,24,BAIXA,TRUE,366,69,2,1,1,1,0.188524590163934,0.00546448087431694,0.00273224043715847,0.00273224043715847,0.00273224043715847,343,1,3,0
CEMADEN,260690301C,2022,IGUARACI,PLUVIOMETRICA_AUTOMATICA,,60,24,BAIXA,TRUE,365,180,171,171,170,143,0.493150684931507,0.468493150684932,0.468493150684932,0.465753424657534,0.391780821917808,175,24,7,5
CEMADEN,260690301C,2023,IGUARACI,PLUVIOMETRICA_AUTOMATICA,,60,24,BAIXA,TRUE,365,275,263,263,262,257,0.753424657534247,0.72054794520548,0.72054794520548,0.717808219178082,0.704109589041096,21,45,12,5
CEMADEN,260700001A,2023,Inajá [Estádio Municipal] - APAC,PLUVIOMETRICA_AUTOMATICA,,60,24,BAIXA,TRUE,365,223,203,202,199,183,0.610958904109589,0.556164383561644,0.553424657534247,0.545205479452055,0.501369863013699,91,49,9,7
CEMADEN,260700001A,2024,Inajá [Estádio Municipal] - APAC,PLUVIOMETRICA_AUTOMATICA,,60,24,ALTA,FALSE,366,266,249,249,243,237,0.726775956284153,0.680327868852459,0.680327868852459,0.663934426229508,0.647540983606557,60,49,11,7
CEMADEN,260700001A,2025,Inajá [Estádio Municipal] - APAC,PLUVIOMETRICA_AUTOMATICA,,60,24,BAIXA,TRUE,365,362,346,344,338,313,0.991780821917808,0.947945205479452,0.942465753424658,0.926027397260274,0.857534246575342,6,54,12,11
CEMADEN,260700001C,2017,INAJA,PLUVIOMETRICA_AUTOMATICA,,10,144,ALTA,FALSE,365,130,37,36,35,32,0.356164383561644,0.101369863013699,0.0986301369863014,0.0958904109589041,0.0876712328767123,156,0,8,0
CEMADEN,260700001C,2018,INAJA,PLUVIOMETRICA_AUTOMATICA,,60,24,BAIXA,TRUE,365,10,0,0,0,0,0.0273972602739726,0,0,0,0,365,0,1,0
CEMADEN,260710901A,2023,Ingazeira [Compesa] - APAC,PLUVIOMETRICA_AUTOMATICA,,10,144,BAIXA,TRUE,365,3,0,0,0,0,0.00821917808219178,0,0,0,0,365,0,1,0
CEMADEN,260710901A,2024,Ingazeira [Compesa] - APAC,PLUVIOMETRICA_AUTOMATICA,,60,24,ALTA,FALSE,366,125,124,124,124,123,0.341530054644809,0.33879781420765,0.33879781420765,0.33879781420765,0.336065573770492,242,3,5,4
CEMADEN,260710901A,2025,Ingazeira [Compesa] - APAC,PLUVIOMETRICA_AUTOMATICA,,60,24,BAIXA,TRUE,365,365,365,365,363,360,1,1,1,0.994520547945205,0.986301369863014,1,54,12,12
CEMADEN,260710901U,2017,INGAZEIRA,PLUVIOMETRICA_AUTOMATICA,,60,24,MEDIA,FALSE,365,29,19,19,18,17,0.0794520547945206,0.052054794520548,0.052054794520548,0.0493150684931507,0.0465753424657534,291,0,6,0
CEMADEN,260710901U,2018,INGAZEIRA,PLUVIOMETRICA_AUTOMATICA,,60,24,BAIXA,TRUE,365,259,251,250,249,246,0.70958904109589,0.687671232876712,0.684931506849315,0.682191780821918,0.673972602739726,52,23,11,7
CEMADEN,260710901U,2019,INGAZEIRA,PLUVIOMETRICA_AUTOMATICA,,60,24,ALTA,FALSE,365,140,131,131,131,129,0.383561643835616,0.358904109589041,0.358904109589041,0.358904109589041,0.353424657534247,214,14,6,3
CEMADEN,260720801A,2017,Centro,PLUVIOMETRICA_AUTOMATICA,,60,24,BAIXA,TRUE,365,365,364,364,361,359,1,0.997260273972603,0.997260273972603,0.989041095890411,0.983561643835616,2,220,12,12
CEMADEN,260720801A,2018,Centro,PLUVIOMETRICA_AUTOMATICA,,60,24,BAIXA,TRUE,365,365,363,363,363,358,1,0.994520547945205,0.994520547945205,0.994520547945205,0.980821917808219,1,173,12,12
CEMADEN,260720801A,2019,Centro,PLUVIOMETRICA_AUTOMATICA,,60,24,BAIXA,TRUE,365,244,230,229,228,223,0.668493150684932,0.63013698630137,0.627397260273973,0.624657534246575,0.610958904109589,89,104,10,7
CEMADEN,260720801A,2020,Centro,PLUVIOMETRICA_AUTOMATICA,,60,24,BAIXA,TRUE,366,184,180,177,177,176,0.502732240437159,0.491803278688525,0.483606557377049,0.483606557377049,0.480874316939891,183,82,6,6
CEMADEN,260720801A,2021,Centro,PLUVIOMETRICA_AUTOMATICA,,60,24,BAIXA,TRUE,365,365,364,364,361,351,1,0.997260273972603,0.997260273972603,0.989041095890411,0.961643835616438,1,190,12,12
CEMADEN,260720801A,2022,Centro,PLUVIOMETRICA_AUTOMATICA,,60,24,BAIXA,TRUE,365,365,359,356,353,346,1,0.983561643835616,0.975342465753425,0.967123287671233,0.947945205479452,4,226,12,12
CEMADEN,260720801A,2023,Centro,PLUVIOMETRICA_AUTOMATICA,,60,24,BAIXA,TRUE,365,365,364,364,364,362,1,0.997260273972603,0.997260273972603,0.997260273972603,0.991780821917808,1,204,12,12
CEMADEN,260720801A,2024,Centro,PLUVIOMETRICA_AUTOMATICA,,60,24,BAIXA,TRUE,366,366,364,364,364,359,1,0.994535519125683,0.994535519125683,0.994535519125683,0.980874316939891,2,102,12,12
CEMADEN,260720801A,2025,Centro,PLUVIOMETRICA_AUTOMATICA,,60,24,BAIXA,TRUE,365,361,358,358,357,354,0.989041095890411,0.980821917808219,0.980821917808219,0.978082191780822,0.96986301369863,7,144,12,11
CEMADEN,260720801G,2019,Campo do Avião,PLUVIOMETRICA_AUTOMATICA,,60,24,ALTA,FALSE,365,91,86,84,84,83,0.249315068493151,0.235616438356164,0.23013698630137,0.23013698630137,0.227397260273973,274,11,3,2
CEMADEN,260720801G,2020,Campo do Avião,PLUVIOMETRICA_AUTOMATICA,,60,24,BAIXA,TRUE,366,360,348,348,348,340,0.983606557377049,0.950819672131147,0.950819672131147,0.950819672131147,0.92896174863388,10,151,12,11
CEMADEN,260720801G,2021,Campo do Avião,PLUVIOMETRICA_AUTOMATICA,,60,24,BAIXA,TRUE,365,365,361,358,354,349,1,0.989041095890411,0.980821917808219,0.96986301369863,0.956164383561644,3,173,12,12
CEMADEN,260720801G,2022,Campo do Avião,PLUVIOMETRICA_AUTOMATICA,,60,24,BAIXA,TRUE,365,357,337,334,328,321,0.978082191780822,0.923287671232877,0.915068493150685,0.898630136986301,0.879452054794521,18,116,12,10
CEMADEN,260720801G,2023,Campo do Avião,PLUVIOMETRICA_AUTOMATICA,,60,24,ALTA,FALSE,365,183,133,132,131,126,0.501369863013699,0.364383561643836,0.361643835616438,0.358904109589041,0.345205479452055,139,1,8,3
CEMADEN,260720801G,2024,Campo do Avião,PLUVIOMETRICA_AUTOMATICA,,60,24,ALTA,FALSE,366,287,280,279,279,279,0.784153005464481,0.765027322404372,0.762295081967213,0.762295081967213,0.762295081967213,85,45,11,9
CEMADEN,260720801G,2025,Campo do Avião,PLUVIOMETRICA_AUTOMATICA,,60,24,BAIXA,TRUE,365,365,365,365,363,363,1,1,1,0.994520547945205,0.994520547945205,1,180,12,12
CEMADEN,260720802A,2017,Camela,PLUVIOMETRICA_AUTOMATICA,,60,24,BAIXA,TRUE,365,365,365,365,365,358,1,1,1,1,0.980821917808219,0,216,12,12
CEMADEN,260720802A,2018,Camela,PLUVIOMETRICA_AUTOMATICA,,60,24,BAIXA,TRUE,365,314,311,311,311,300,0.86027397260274,0.852054794520548,0.852054794520548,0.852054794520548,0.821917808219178,52,172,11,10
CEMADEN,260720802A,2019,Camela,PLUVIOMETRICA_AUTOMATICA,,60,24,BAIXA,TRUE,365,95,86,85,84,84,0.26027397260274,0.235616438356164,0.232876712328767,0.23013698630137,0.23013698630137,151,66,5,2
CEMADEN,260720802A,2020,Camela,PLUVIOMETRICA_AUTOMATICA,,60,24,BAIXA,TRUE,366,184,179,176,166,144,0.502732240437159,0.489071038251366,0.480874316939891,0.453551912568306,0.39344262295082,183,62,6,5
CEMADEN,260720802A,2021,Camela,PLUVIOMETRICA_AUTOMATICA,,60,24,ALTA,FALSE,365,359,356,355,353,314,0.983561643835616,0.975342465753425,0.972602739726027,0.967123287671233,0.86027397260274,7,43,12,11
CEMADEN,260720802A,2022,Camela,PLUVIOMETRICA_AUTOMATICA,,60,24,BAIXA,TRUE,365,164,157,156,154,151,0.449315068493151,0.43013698630137,0.427397260273973,0.421917808219178,0.413698630136986,205,39,6,5
CEMADEN,260720803A,2017,Porto de Galinhas,PLUVIOMETRICA_AUTOMATICA,,60,24,BAIXA,TRUE,365,365,365,364,364,356,1,1,0.997260273972603,0.997260273972603,0.975342465753425,1,182,12,12
CEMADEN,260720803A,2018,Porto de Galinhas,PLUVIOMETRICA_AUTOMATICA,,60,24,BAIXA,TRUE,365,365,364,363,361,350,1,0.997260273972603,0.994520547945205,0.989041095890411,0.958904109589041,2,141,12,12
CEMADEN,260720803A,2019,Porto de Galinhas,PLUVIOMETRICA_AUTOMATICA,,60,24,BAIXA,TRUE,365,354,339,334,332,312,0.96986301369863,0.928767123287671,0.915068493150685,0.90958904109589,0.854794520547945,11,139,12,10
CEMADEN,260720803A,2020,Porto de Galinhas,PLUVIOMETRICA_AUTOMATICA,,60,24,MEDIA,FALSE,366,24,23,23,23,13,0.0655737704918033,0.0628415300546448,0.0628415300546448,0.0628415300546448,0.0355191256830601,343,0,1,0
CEMADEN,260720804A,2017,Rurópolis,PLUVIOMETRICA_AUTOMATICA,,60,24,BAIXA,TRUE,365,361,356,355,354,351,0.989041095890411,0.975342465753425,0.972602739726027,0.96986301369863,0.961643835616438,2,209,12,11
CEMADEN,260720804A,2018,Rurópolis,PLUVIOMETRICA_AUTOMATICA,,60,24,BAIXA,TRUE,365,365,363,362,362,359,1,0.994520547945205,0.991780821917808,0.991780821917808,0.983561643835616,2,183,12,12
CEMADEN,260720804A,2019,Rurópolis,PLUVIOMETRICA_AUTOMATICA,,60,24,BAIXA,TRUE,365,354,340,334,332,320,0.96986301369863,0.931506849315068,0.915068493150685,0.90958904109589,0.876712328767123,11,161,12,10
CEMADEN,260720804A,2020,Rurópolis,PLUVIOMETRICA_AUTOMATICA,,60,24,BAIXA,TRUE,366,88,84,84,83,81,0.240437158469945,0.229508196721311,0.229508196721311,0.226775956284153,0.221311475409836,280,30,4,2
CEMADEN,260720804A,2021,Rurópolis,PLUVIOMETRICA_AUTOMATICA,,60,24,BAIXA,TRUE,365,365,364,363,359,338,1,0.997260273972603,0.994520547945205,0.983561643835616,0.926027397260274,1,173,12,12
CEMADEN,260720804A,2022,Rurópolis,PLUVIOMETRICA_AUTOMATICA,,60,24,BAIXA,TRUE,365,269,161,161,158,145,0.736986301369863,0.441095890410959,0.441095890410959,0.432876712328767,0.397260273972603,202,47,12,5
CEMADEN,260720804A,2023,Rurópolis,PLUVIOMETRICA_AUTOMATICA,,1440,1,BAIXA,TRUE,365,257,257,257,257,257,0.704109589041096,0.704109589041096,0.704109589041096,0.704109589041096,0.704109589041096,5,107,12,2
CEMADEN,260720804A,2024,Rurópolis,PLUVIOMETRICA_AUTOMATICA,,60,24,ALTA,FALSE,366,330,131,131,130,128,0.901639344262295,0.35792349726776,0.35792349726776,0.355191256830601,0.349726775956284,236,40,12,4
CEMADEN,260720804A,2025,Rurópolis,PLUVIOMETRICA_AUTOMATICA,,60,24,BAIXA,TRUE,365,365,365,365,364,359,1,1,1,0.997260273972603,0.983561643835616,1,144,12,12
CEMADEN,260720805A,2017,NÃCLEO MARANHÃO - APAC,PLUVIOMETRICA_AUTOMATICA,,60,24,ALTA,FALSE,365,53,23,18,8,4,0.145205479452055,0.063013698630137,0.0493150684931507,0.0219178082191781,0.010958904109589,343,2,2,0
CEMADEN,260720805A,2018,NÃCLEO MARANHÃO - APAC,PLUVIOMETRICA_AUTOMATICA,,60,24,BAIXA,TRUE,365,300,222,193,163,145,0.821917808219178,0.608219178082192,0.528767123287671,0.446575342465753,0.397260273972603,63,98,11,1
CEMADEN,260720805A,2019,NÙCLEO MARANHÃO - APAC,PLUVIOMETRICA_AUTOMATICA,,60,24,BAIXA,TRUE,365,90,62,58,55,46,0.246575342465753,0.16986301369863,0.158904109589041,0.150684931506849,0.126027397260274,212,19,5,1
CEMADEN,260720805A,2020,NÙCLEO MARANHÃO - APAC,PLUVIOMETRICA_AUTOMATICA,,60,24,ALTA,FALSE,366,30,10,6,5,4,0.0819672131147541,0.0273224043715847,0.0163934426229508,0.0136612021857924,0.0109289617486339,202,3,2,0
CEMADEN,260720805A,2021,NÙCLEO MARANHÃO - APAC,PLUVIOMETRICA_AUTOMATICA,,60,24,BAIXA,TRUE,365,171,145,138,131,118,0.468493150684932,0.397260273972603,0.378082191780822,0.358904109589041,0.323287671232877,194,73,7,2
CEMADEN,260720805A,2022,NÙCLEO MARANHÃO - APAC,PLUVIOMETRICA_AUTOMATICA,,10,144,BAIXA,TRUE,365,327,0,0,0,0,0.895890410958904,0,0,0,0,365,0,12,0
CEMADEN,260720805A,2023,NÙCLEO MARANHÃO - APAC,PLUVIOMETRICA_AUTOMATICA,,60,24,BAIXA,TRUE,365,352,348,345,338,323,0.964383561643836,0.953424657534246,0.945205479452055,0.926027397260274,0.884931506849315,15,197,12,11
CEMADEN,260720805A,2024,NÙCLEO MARANHÃO - APAC,PLUVIOMETRICA_AUTOMATICA,,60,24,BAIXA,TRUE,366,359,343,338,331,321,0.980874316939891,0.937158469945355,0.923497267759563,0.904371584699454,0.877049180327869,12,179,12,11
CEMADEN,260720805A,2025,NÙCLEO MARANHÃO - APAC,PLUVIOMETRICA_AUTOMATICA,,60,24,BAIXA,TRUE,365,352,318,314,310,300,0.964383561643836,0.871232876712329,0.86027397260274,0.849315068493151,0.821917808219178,37,189,12,10
CEMADEN,260730701A,2017,Centro,PLUVIOMETRICA_AUTOMATICA,,60,24,BAIXA,TRUE,365,189,186,185,182,170,0.517808219178082,0.50958904109589,0.506849315068493,0.498630136986301,0.465753424657534,177,26,7,6
CEMADEN,260730701A,2018,Centro,PLUVIOMETRICA_AUTOMATICA,,60,24,BAIXA,TRUE,365,365,344,334,319,283,1,0.942465753424658,0.915068493150685,0.873972602739726,0.775342465753425,9,56,12,9
CEMADEN,260730701A,2019,Centro,PLUVIOMETRICA_AUTOMATICA,,60,24,BAIXA,TRUE,365,342,310,307,302,261,0.936986301369863,0.849315068493151,0.841095890410959,0.827397260273973,0.715068493150685,20,64,12,9
CEMADEN,260730701A,2020,Centro,PLUVIOMETRICA_AUTOMATICA,,60,24,ALTA,FALSE,366,232,185,178,160,118,0.633879781420765,0.505464480874317,0.486338797814208,0.437158469945355,0.3224043715847,175,17,9,4
CEMADEN,260730701A,2021,Centro,PLUVIOMETRICA_AUTOMATICA,,60,24,BAIXA,TRUE,365,358,353,351,342,306,0.980821917808219,0.967123287671233,0.961643835616438,0.936986301369863,0.838356164383562,7,64,12,11
CEMADEN,260730701A,2022,Centro,PLUVIOMETRICA_AUTOMATICA,,60,24,BAIXA,TRUE,365,365,354,349,346,340,1,0.96986301369863,0.956164383561644,0.947945205479452,0.931506849315068,5,86,12,12
CEMADEN,260730701A,2023,Centro,PLUVIOMETRICA_AUTOMATICA,,60,24,ALTA,FALSE,365,262,129,127,125,115,0.717808219178082,0.353424657534247,0.347945205479452,0.342465753424658,0.315068493150685,100,30,10,3
CEMADEN,260730701A,2024,Centro,PLUVIOMETRICA_AUTOMATICA,,60,24,ALTA,FALSE,366,164,9,9,9,8,0.448087431693989,0.0245901639344262,0.0245901639344262,0.0245901639344262,0.0218579234972678,193,1,8,0
CEMADEN,260730701A,2025,Centro,PLUVIOMETRICA_AUTOMATICA,,10,144,BAIXA,TRUE,365,1,0,0,0,0,0.00273972602739726,0,0,0,0,365,0,1,0
CEMADEN,260730702A,2017,Serrolândia,PLUVIOMETRICA_AUTOMATICA,,60,24,BAIXA,TRUE,365,365,365,364,364,350,1,1,0.997260273972603,0.997260273972603,0.958904109589041,1,85,12,12
CEMADEN,260730702A,2018,Serrolândia,PLUVIOMETRICA_AUTOMATICA,,60,24,BAIXA,TRUE,365,365,363,362,358,323,1,0.994520547945205,0.991780821917808,0.980821917808219,0.884931506849315,2,67,12,12
CEMADEN,260730702A,2019,Serrolândia,PLUVIOMETRICA_AUTOMATICA,,60,24,BAIXA,TRUE,365,195,179,176,175,153,0.534246575342466,0.49041095890411,0.482191780821918,0.479452054794521,0.419178082191781,154,24,8,5
CEMADEN,260730702A,2020,Serrolândia,PLUVIOMETRICA_AUTOMATICA,,60,24,MEDIA,FALSE,366,23,21,20,20,16,0.0628415300546448,0.0573770491803279,0.0546448087431694,0.0546448087431694,0.0437158469945355,344,5,1,0
CEMADEN,260730702A,2021,Serrolândia,PLUVIOMETRICA_AUTOMATICA,,60,24,BAIXA,TRUE,365,288,283,280,273,236,0.789041095890411,0.775342465753425,0.767123287671233,0.747945205479452,0.646575342465753,71,50,10,8
CEMADEN,260730702A,2022,Serrolândia,PLUVIOMETRICA_AUTOMATICA,,60,24,BAIXA,TRUE,365,365,356,353,352,339,1,0.975342465753425,0.967123287671233,0.964383561643836,0.928767123287671,5,85,12,12
CEMADEN,260730702A,2023,Serrolândia,PLUVIOMETRICA_AUTOMATICA,,60,24,BAIXA,TRUE,365,364,350,344,337,308,0.997260273972603,0.958904109589041,0.942465753424658,0.923287671232877,0.843835616438356,3,71,12,11
CEMADEN,260730702A,2024,Serrolândia,PLUVIOMETRICA_AUTOMATICA,,60,24,BAIXA,TRUE,366,365,358,356,353,336,0.997267759562842,0.978142076502732,0.972677595628415,0.96448087431694,0.918032786885246,4,95,12,11
CEMADEN,260730702A,2025,Serrolândia,PLUVIOMETRICA_AUTOMATICA,,60,24,BAIXA,TRUE,365,365,363,363,359,347,1,0.994520547945205,0.994520547945205,0.983561643835616,0.950684931506849,1,76,12,12
CEMADEN,260730703A,2018,IPUBI - APAC,PLUVIOMETRICA_AUTOMATICA,,60,24,BAIXA,TRUE,365,343,337,333,324,313,0.93972602739726,0.923287671232877,0.912328767123288,0.887671232876712,0.857534246575342,24,56,12,10
CEMADEN,260730703A,2019,IPUBI - APAC,PLUVIOMETRICA_AUTOMATICA,,60,24,BAIXA,TRUE,365,342,325,323,321,304,0.936986301369863,0.89041095890411,0.884931506849315,0.879452054794521,0.832876712328767,11,73,12,9
CEMADEN,260730703A,2020,IPUBI - APAC,PLUVIOMETRICA_AUTOMATICA,,60,24,BAIXA,TRUE,366,177,175,174,172,167,0.483606557377049,0.478142076502732,0.475409836065574,0.469945355191257,0.456284153005465,190,22,6,5
CEMADEN,260730703A,2021,IPUBI - APAC,PLUVIOMETRICA_AUTOMATICA,,60,24,BAIXA,TRUE,365,195,153,151,150,147,0.534246575342466,0.419178082191781,0.413698630136986,0.410958904109589,0.402739726027397,195,65,11,5
CEMADEN,260730703A,2022,IPUBI - APAC,PLUVIOMETRICA_AUTOMATICA,,60,24,BAIXA,TRUE,365,121,0,0,0,0,0.331506849315069,0,0,0,0,365,0,11,0
CEMADEN,260730703A,2023,IPUBI - APAC,PLUVIOMETRICA_AUTOMATICA,,60,24,BAIXA,TRUE,365,107,3,2,2,2,0.293150684931507,0.00821917808219178,0.00547945205479452,0.00547945205479452,0.00547945205479452,240,1,8,0
CEMADEN,260730703A,2025,IPUBI - APAC,PLUVIOMETRICA_AUTOMATICA,,60,24,BAIXA,TRUE,365,298,295,290,283,237,0.816438356164383,0.808219178082192,0.794520547945206,0.775342465753425,0.649315068493151,42,46,11,9
CEMADEN,260740601A,2018,ITACURUBA - APAC,PLUVIOMETRICA_AUTOMATICA,,60,24,ALTA,FALSE,365,199,176,173,170,166,0.545205479452055,0.482191780821918,0.473972602739726,0.465753424657534,0.454794520547945,82,14,9,4
CEMADEN,260740601A,2019,ITACURUBA - APAC,PLUVIOMETRICA_AUTOMATICA,,60,24,BAIXA,TRUE,365,120,109,109,108,102,0.328767123287671,0.298630136986301,0.298630136986301,0.295890410958904,0.279452054794521,239,21,5,3
CEMADEN,260740601A,2020,ITACURUBA - APAC,PLUVIOMETRICA_AUTOMATICA,,60,24,ALTA,FALSE,366,85,78,78,75,66,0.23224043715847,0.213114754098361,0.213114754098361,0.204918032786885,0.180327868852459,176,7,5,1
CEMADEN,260740601A,2021,ITACURUBA - APAC,PLUVIOMETRICA_AUTOMATICA,,60,24,ALTA,FALSE,365,71,69,67,66,61,0.194520547945205,0.189041095890411,0.183561643835616,0.180821917808219,0.167123287671233,295,0,3,2
CEMADEN,260740601A,2022,ITACURUBA - APAC,PLUVIOMETRICA_AUTOMATICA,,60,24,ALTA,FALSE,365,333,282,279,277,265,0.912328767123288,0.772602739726028,0.764383561643836,0.758904109589041,0.726027397260274,69,0,12,9
CEMADEN,260740601A,2023,ITACURUBA - APAC,PLUVIOMETRICA_AUTOMATICA,,60,24,ALTA,FALSE,365,208,94,93,93,92,0.56986301369863,0.257534246575342,0.254794520547945,0.254794520547945,0.252054794520548,271,5,9,3
CEMADEN,260740601A,2024,ITACURUBA - APAC,PLUVIOMETRICA_AUTOMATICA,,60,24,ALTA,FALSE,366,343,333,333,332,326,0.937158469945355,0.909836065573771,0.909836065573771,0.907103825136612,0.890710382513661,18,51,12,11
CEMADEN,260740601A,2025,ITACURUBA - APAC,PLUVIOMETRICA_AUTOMATICA,,60,24,ALTA,FALSE,365,365,365,365,363,358,1,1,1,0.994520547945205,0.980821917808219,1,53,12,12
CEMADEN,260740601C,2018,ITACURUBA,PLUVIOMETRICA_AUTOMATICA,,60,24,ALTA,FALSE,365,334,322,321,321,318,0.915068493150685,0.882191780821918,0.879452054794521,0.879452054794521,0.871232876712329,32,33,11,10
CEMADEN,260740601C,2019,ITACURUBA,PLUVIOMETRICA_AUTOMATICA,,60,24,BAIXA,TRUE,365,345,315,312,311,311,0.945205479452055,0.863013698630137,0.854794520547945,0.852054794520548,0.852054794520548,11,34,12,9
CEMADEN,260740601C,2020,ITACURUBA,PLUVIOMETRICA_AUTOMATICA,,60,24,BAIXA,TRUE,366,366,325,321,318,313,1,0.887978142076503,0.877049180327869,0.868852459016394,0.855191256830601,32,61,12,10
CEMADEN,260740601C,2021,ITACURUBA,PLUVIOMETRICA_AUTOMATICA,,60,24,ALTA,FALSE,365,356,294,282,276,268,0.975342465753425,0.805479452054795,0.772602739726028,0.756164383561644,0.734246575342466,21,42,12,8
CEMADEN,260740601C,2022,ITACURUBA,PLUVIOMETRICA_AUTOMATICA,,60,24,ALTA,FALSE,365,118,116,116,116,116,0.323287671232877,0.317808219178082,0.317808219178082,0.317808219178082,0.317808219178082,209,9,5,3
CEMADEN,260740601C,2023,ITACURUBA,PLUVIOMETRICA_AUTOMATICA,,60,24,ALTA,FALSE,365,41,31,31,31,31,0.112328767123288,0.0849315068493151,0.0849315068493151,0.0849315068493151,0.0849315068493151,334,3,4,1
CEMADEN,260740601C,2024,ITACURUBA,PLUVIOMETRICA_AUTOMATICA,,60,24,BAIXA,TRUE,366,350,347,346,345,344,0.956284153005464,0.948087431693989,0.945355191256831,0.942622950819672,0.939890710382514,15,59,12,11
CEMADEN,260740601C,2025,ITACURUBA,PLUVIOMETRICA_AUTOMATICA,,60,24,ALTA,FALSE,365,360,345,345,344,339,0.986301369863014,0.945205479452055,0.945205479452055,0.942465753424658,0.928767123287671,3,41,12,11
CEMADEN,260750501A,2017,ITAIBA - APAC,PLUVIOMETRICA_AUTOMATICA,,60,24,BAIXA,FALSE,365,9,9,7,5,2,0.0246575342465753,0.0246575342465753,0.0191780821917808,0.0136986301369863,0.00547945205479452,356,2,1,0
CEMADEN,260750501A,2018,ITAIBA - APAC,PLUVIOMETRICA_AUTOMATICA,,60,24,BAIXA,TRUE,365,148,148,145,133,104,0.405479452054795,0.405479452054795,0.397260273972603,0.364383561643836,0.284931506849315,218,29,5,4
CEMADEN,260750501A,2022,ITAIBA - APAC,PLUVIOMETRICA_AUTOMATICA,,60,24,BAIXA,TRUE,365,122,115,111,111,109,0.334246575342466,0.315068493150685,0.304109589041096,0.304109589041096,0.298630136986301,188,26,6,3
CEMADEN,260750501A,2023,ITAIBA - APAC,PLUVIOMETRICA_AUTOMATICA,,60,24,BAIXA,TRUE,365,365,363,363,362,345,1,0.994520547945205,0.994520547945205,0.991780821917808,0.945205479452055,1,96,12,12
CEMADEN,260750501A,2024,ITAIBA - APAC,PLUVIOMETRICA_AUTOMATICA,,60,24,BAIXA,TRUE,366,293,265,264,258,251,0.800546448087432,0.724043715846995,0.721311475409836,0.704918032786885,0.685792349726776,69,69,11,7
CEMADEN,260750501A,2025,ITAIBA - APAC,PLUVIOMETRICA_AUTOMATICA,,60,24,BAIXA,TRUE,365,361,346,344,338,322,0.989041095890411,0.947945205479452,0.942465753424658,0.926027397260274,0.882191780821918,6,87,12,10
CEMADEN,260750501U,2018,ITAIBA,PLUVIOMETRICA_AUTOMATICA,,60,24,BAIXA,TRUE,365,231,226,226,226,225,0.632876712328767,0.619178082191781,0.619178082191781,0.619178082191781,0.616438356164384,136,41,8,7
CEMADEN,260750501U,2019,ITAIBA,PLUVIOMETRICA_AUTOMATICA,,60,24,BAIXA,TRUE,365,354,347,344,344,342,0.96986301369863,0.950684931506849,0.942465753424658,0.942465753424658,0.936986301369863,12,74,12,11
CEMADEN,260750501U,2020,ITAIBA,PLUVIOMETRICA_AUTOMATICA,,60,24,BAIXA,TRUE,366,366,364,364,363,361,1,0.994535519125683,0.994535519125683,0.991803278688525,0.986338797814208,1,108,12,12
CEMADEN,260750501U,2021,ITAIBA,PLUVIOMETRICA_AUTOMATICA,,60,24,ALTA,FALSE,365,212,208,207,207,206,0.580821917808219,0.56986301369863,0.567123287671233,0.567123287671233,0.564383561643836,120,17,8,6
CEMADEN,260750501U,2022,ITAIBA,PLUVIOMETRICA_AUTOMATICA,,60,24,BAIXA,TRUE,365,226,220,219,217,214,0.619178082191781,0.602739726027397,0.6,0.594520547945206,0.586301369863014,117,98,9,7
CEMADEN,260750501U,2023,ITAIBA,PLUVIOMETRICA_AUTOMATICA,,60,24,ALTA,FALSE,365,179,153,147,131,122,0.49041095890411,0.419178082191781,0.402739726027397,0.358904109589041,0.334246575342466,200,20,8,4
CEMADEN,260760401A,2017,ILHA DE ITAMARACA - APAC,PLUVIOMETRICA_AUTOMATICA,,60,24,ALTA,FALSE,365,71,59,54,50,38,0.194520547945205,0.161643835616438,0.147945205479452,0.136986301369863,0.104109589041096,303,7,3,1
CEMADEN,260760401A,2018,ILHA DE ITAMARACA - APAC,PLUVIOMETRICA_AUTOMATICA,,60,24,BAIXA,TRUE,365,365,364,362,357,344,1,0.997260273972603,0.991780821917808,0.978082191780822,0.942465753424658,3,153,12,12
CEMADEN,260760401A,2019,ILHA DE ITAMARACA - APAC,PLUVIOMETRICA_AUTOMATICA,,60,24,BAIXA,TRUE,365,355,342,339,339,334,0.972602739726027,0.936986301369863,0.928767123287671,0.928767123287671,0.915068493150685,11,158,12,10
CEMADEN,260760401A,2020,ILHA DE ITAMARACA - APAC,PLUVIOMETRICA_AUTOMATICA,,60,24,BAIXA,TRUE,366,345,342,340,340,328,0.942622950819672,0.934426229508197,0.92896174863388,0.92896174863388,0.896174863387978,23,154,12,10
CEMADEN,260760401A,2021,ILHA DE ITAMARACA - APAC,PLUVIOMETRICA_AUTOMATICA,,60,24,BAIXA,TRUE,365,212,192,190,187,183,0.580821917808219,0.526027397260274,0.520547945205479,0.512328767123288,0.501369863013699,150,88,8,5
CEMADEN,260760401A,2022,ILHA DE ITAMARACA - APAC,PLUVIOMETRICA_AUTOMATICA,,60,24,BAIXA,TRUE,365,364,270,244,234,213,0.997260273972603,0.73972602739726,0.668493150684932,0.641095890410959,0.583561643835617,28,126,12,5
CEMADEN,260760401A,2023,ILHA DE ITAMARACA - APAC,PLUVIOMETRICA_AUTOMATICA,,60,24,BAIXA,TRUE,365,270,246,238,233,217,0.73972602739726,0.673972602739726,0.652054794520548,0.638356164383562,0.594520547945206,75,104,11,7
CEMADEN,260760401A,2024,ILHA DE ITAMARACA - APAC,PLUVIOMETRICA_AUTOMATICA,,60,24,BAIXA,TRUE,366,345,309,306,302,295,0.942622950819672,0.844262295081967,0.836065573770492,0.825136612021858,0.806010928961749,19,127,12,8
CEMADEN,260760401A,2025,ILHA DE ITAMARACA - APAC,PLUVIOMETRICA_AUTOMATICA,,60,24,BAIXA,TRUE,365,361,352,352,351,350,0.989041095890411,0.964383561643836,0.964383561643836,0.961643835616438,0.958904109589041,6,186,12,12
CEMADEN,260765301A,2017,ITAMBE - APAC,PLUVIOMETRICA_AUTOMATICA,,60,24,ALTA,FALSE,365,49,47,47,47,41,0.134246575342466,0.128767123287671,0.128767123287671,0.128767123287671,0.112328767123288,318,4,2,1
CEMADEN,260765301A,2018,ITAMBE - APAC,PLUVIOMETRICA_AUTOMATICA,,60,24,BAIXA,TRUE,365,365,365,365,364,348,1,1,1,0.997260273972603,0.953424657534246,1,127,12,12
CEMADEN,260765301A,2019,ITAMBE - APAC,PLUVIOMETRICA_AUTOMATICA,,60,24,BAIXA,TRUE,365,353,340,339,338,332,0.967123287671233,0.931506849315068,0.928767123287671,0.926027397260274,0.90958904109589,12,136,12,10
CEMADEN,260765301A,2020,ITAMBE - APAC,PLUVIOMETRICA_AUTOMATICA,,60,24,BAIXA,TRUE,366,297,293,293,290,277,0.811475409836066,0.800546448087432,0.800546448087432,0.792349726775956,0.756830601092896,71,112,11,9
CEMADEN,260765301A,2021,ITAMBE - APAC,PLUVIOMETRICA_AUTOMATICA,,60,24,BAIXA,TRUE,365,129,120,120,120,115,0.353424657534247,0.328767123287671,0.328767123287671,0.328767123287671,0.315068493150685,163,54,7,3
CEMADEN,260765301A,2022,ITAMBE - APAC,PLUVIOMETRICA_AUTOMATICA,,60,24,BAIXA,TRUE,365,285,271,266,264,253,0.780821917808219,0.742465753424658,0.728767123287671,0.723287671232877,0.693150684931507,84,122,11,9
CEMADEN,260765301A,2023,ITAMBE - APAC,PLUVIOMETRICA_AUTOMATICA,,60,24,BAIXA,TRUE,365,365,364,364,363,356,1,0.997260273972603,0.997260273972603,0.994520547945205,0.975342465753425,1,148,12,12
CEMADEN,260765301A,2024,ITAMBE - APAC,PLUVIOMETRICA_AUTOMATICA,,60,24,BAIXA,TRUE,366,346,316,314,310,302,0.945355191256831,0.863387978142077,0.85792349726776,0.846994535519126,0.825136612021858,10,120,12,7
CEMADEN,260765301A,2025,ITAMBE - APAC,PLUVIOMETRICA_AUTOMATICA,,60,24,BAIXA,TRUE,365,275,275,275,275,273,0.753424657534247,0.753424657534247,0.753424657534247,0.753424657534247,0.747945205479452,90,140,10,9
CEMADEN,260765302A,2017,CARICÃ - APAC,PLUVIOMETRICA_AUTOMATICA,,60,24,ALTA,FALSE,365,49,46,46,44,21,0.134246575342466,0.126027397260274,0.126027397260274,0.120547945205479,0.0575342465753425,318,7,2,1
CEMADEN,260765302A,2018,CARICÃ - APAC,PLUVIOMETRICA_AUTOMATICA,,60,24,BAIXA,TRUE,365,365,363,362,356,333,1,0.994520547945205,0.991780821917808,0.975342465753425,0.912328767123288,2,134,12,12
CEMADEN,260765302A,2019,CARICÃ - APAC,PLUVIOMETRICA_AUTOMATICA,,60,24,BAIXA,TRUE,365,347,333,331,329,318,0.950684931506849,0.912328767123288,0.906849315068493,0.901369863013699,0.871232876712329,11,138,12,8
CEMADEN,260765302A,2020,CARICÉ - APAC,PLUVIOMETRICA_AUTOMATICA,,60,24,BAIXA,TRUE,366,366,362,357,349,314,1,0.989071038251366,0.975409836065574,0.953551912568306,0.85792349726776,4,138,12,11
CEMADEN,260765302A,2021,CARICÉ - APAC,PLUVIOMETRICA_AUTOMATICA,,60,24,BAIXA,TRUE,365,200,192,191,188,178,0.547945205479452,0.526027397260274,0.523287671232877,0.515068493150685,0.487671232876712,163,82,8,5
CEMADEN,260765302A,2022,CARICÉ - APAC,PLUVIOMETRICA_AUTOMATICA,,60,24,BAIXA,TRUE,365,333,323,322,321,306,0.912328767123288,0.884931506849315,0.882191780821918,0.879452054794521,0.838356164383562,35,152,12,11
CEMADEN,260765302A,2023,CARICÉ - APAC,PLUVIOMETRICA_AUTOMATICA,,60,24,BAIXA,TRUE,365,264,155,155,155,154,0.723287671232877,0.424657534246575,0.424657534246575,0.424657534246575,0.421917808219178,200,60,11,4
CEMADEN,260765302A,2024,CARICÉ - APAC,PLUVIOMETRICA_AUTOMATICA,,60,24,BAIXA,TRUE,366,85,53,53,53,52,0.23224043715847,0.144808743169399,0.144808743169399,0.144808743169399,0.14207650273224,187,30,6,1
CEMADEN,260770301A,2018,ITAPETIM - APAC,PLUVIOMETRICA_AUTOMATICA,,60,24,BAIXA,TRUE,365,349,344,344,342,335,0.956164383561644,0.942465753424658,0.942465753424658,0.936986301369863,0.917808219178082,17,67,12,11
CEMADEN,260770301A,2019,ITAPETIM - APAC,PLUVIOMETRICA_AUTOMATICA,,60,24,BAIXA,TRUE,365,348,335,333,330,314,0.953424657534246,0.917808219178082,0.912328767123288,0.904109589041096,0.86027397260274,12,64,12,10
CEMADEN,260770301A,2020,ITAPETIM - APAC,PLUVIOMETRICA_AUTOMATICA,,60,24,BAIXA,TRUE,366,140,139,139,137,135,0.382513661202186,0.379781420765027,0.379781420765027,0.37431693989071,0.368852459016393,227,45,5,4
CEMADEN,260770301A,2021,ITAPETIM - APAC,PLUVIOMETRICA_AUTOMATICA,,60,24,ALTA,FALSE,365,82,79,79,79,77,0.224657534246575,0.216438356164384,0.216438356164384,0.216438356164384,0.210958904109589,270,5,4,2
CEMADEN,260770301A,2022,ITAPETIM - APAC,PLUVIOMETRICA_AUTOMATICA,,60,24,BAIXA,TRUE,365,365,360,357,356,337,1,0.986301369863014,0.978082191780822,0.975342465753425,0.923287671232877,2,91,12,12
CEMADEN,260770301A,2023,ITAPETIM - APAC,PLUVIOMETRICA_AUTOMATICA,,60,24,BAIXA,TRUE,365,365,364,363,360,356,1,0.997260273972603,0.994520547945205,0.986301369863014,0.975342465753425,1,65,12,12
CEMADEN,260770301A,2024,ITAPETIM - APAC,PLUVIOMETRICA_AUTOMATICA,,60,24,BAIXA,TRUE,366,358,348,347,346,339,0.978142076502732,0.950819672131147,0.948087431693989,0.945355191256831,0.926229508196721,13,72,12,11
CEMADEN,260770301A,2025,ITAPETIM - APAC,PLUVIOMETRICA_AUTOMATICA,,60,24,BAIXA,TRUE,365,365,358,348,338,325,1,0.980821917808219,0.953424657534246,0.926027397260274,0.89041095890411,5,49,12,10
CEMADEN,260775201A,2017,BOTAFOGO - APAC,PLUVIOMETRICA_AUTOMATICA,,60,24,ALTA,FALSE,365,71,57,53,38,11,0.194520547945205,0.156164383561644,0.145205479452055,0.104109589041096,0.0301369863013699,304,7,3,0
CEMADEN,260775201A,2018,BOTAFOGO - APAC,PLUVIOMETRICA_AUTOMATICA,,60,24,BAIXA,TRUE,365,365,359,355,343,312,1,0.983561643835616,0.972602739726027,0.93972602739726,0.854794520547945,4,151,12,11
CEMADEN,260775201A,2019,BOTAFOGO - APAC,PLUVIOMETRICA_AUTOMATICA,,60,24,BAIXA,TRUE,365,355,337,333,329,307,0.972602739726027,0.923287671232877,0.912328767123288,0.901369863013699,0.841095890410959,12,156,12,10
CEMADEN,260775201A,2020,BOTAFOGO - APAC,PLUVIOMETRICA_AUTOMATICA,,60,24,BAIXA,TRUE,366,307,297,290,270,202,0.83879781420765,0.811475409836066,0.792349726775956,0.737704918032787,0.551912568306011,49,118,11,7
CEMADEN,260775201A,2021,BOTAFOGO - APAC,PLUVIOMETRICA_AUTOMATICA,,60,24,BAIXA,TRUE,365,213,173,170,165,131,0.583561643835617,0.473972602739726,0.465753424657534,0.452054794520548,0.358904109589041,162,75,8,4
CEMADEN,260775201A,2022,BOTAFOGO - APAC,PLUVIOMETRICA_AUTOMATICA,,60,24,BAIXA,TRUE,365,229,222,216,198,149,0.627397260273973,0.608219178082192,0.591780821917808,0.542465753424658,0.408219178082192,136,110,8,5
CEMADEN,260775201A,2023,BOTAFOGO - APAC,PLUVIOMETRICA_AUTOMATICA,,60,24,BAIXA,TRUE,365,181,169,166,162,147,0.495890410958904,0.463013698630137,0.454794520547945,0.443835616438356,0.402739726027397,185,67,6,5
CEMADEN,260775201A,2024,BOTAFOGO - APAC,PLUVIOMETRICA_AUTOMATICA,,60,24,BAIXA,TRUE,366,363,334,330,325,301,0.991803278688525,0.912568306010929,0.901639344262295,0.887978142076503,0.822404371584699,12,146,12,10
CEMADEN,260775201A,2025,BOTAFOGO - APAC,PLUVIOMETRICA_AUTOMATICA,,60,24,BAIXA,TRUE,365,261,237,237,235,231,0.715068493150685,0.649315068493151,0.649315068493151,0.643835616438356,0.632876712328767,87,147,10,7
CEMADEN,260780201A,2017,ITAQUITINGA - APAC,PLUVIOMETRICA_AUTOMATICA,,60,24,ALTA,FALSE,365,48,46,44,40,23,0.131506849315068,0.126027397260274,0.120547945205479,0.10958904109589,0.063013698630137,318,8,2,1
CEMADEN,260780201A,2018,ITAQUITINGA - APAC,PLUVIOMETRICA_AUTOMATICA,,60,24,BAIXA,TRUE,365,365,364,363,362,340,1,0.997260273972603,0.994520547945205,0.991780821917808,0.931506849315068,1,130,12,12
CEMADEN,260780201A,2019,ITAQUITINGA - APAC,PLUVIOMETRICA_AUTOMATICA,,60,24,BAIXA,TRUE,365,349,335,332,331,324,0.956164383561644,0.917808219178082,0.90958904109589,0.906849315068493,0.887671232876712,11,128,12,9
CEMADEN,260780201A,2020,ITAQUITINGA - APAC,PLUVIOMETRICA_AUTOMATICA,,60,24,BAIXA,TRUE,366,366,365,363,363,354,1,0.997267759562842,0.991803278688525,0.991803278688525,0.967213114754098,1,124,12,12
CEMADEN,260780201A,2021,ITAQUITINGA - APAC,PLUVIOMETRICA_AUTOMATICA,,60,24,BAIXA,TRUE,365,228,224,222,219,207,0.624657534246575,0.613698630136986,0.608219178082192,0.6,0.567123287671233,139,82,8,6
CEMADEN,260780201A,2022,ITAQUITINGA - APAC,PLUVIOMETRICA_AUTOMATICA,,60,24,BAIXA,TRUE,365,314,290,285,282,278,0.86027397260274,0.794520547945206,0.780821917808219,0.772602739726028,0.761643835616438,25,121,12,7
CEMADEN,260780201A,2023,ITAQUITINGA - APAC,PLUVIOMETRICA_AUTOMATICA,,60,24,BAIXA,TRUE,365,347,341,340,340,320,0.950684931506849,0.934246575342466,0.931506849315068,0.931506849315068,0.876712328767123,20,133,12,11
CEMADEN,260780201A,2024,ITAQUITINGA - APAC,PLUVIOMETRICA_AUTOMATICA,,60,24,BAIXA,TRUE,366,322,307,307,306,302,0.879781420765027,0.83879781420765,0.83879781420765,0.836065573770492,0.825136612021858,60,108,12,10
CEMADEN,260780201A,2025,ITAQUITINGA - APAC,PLUVIOMETRICA_AUTOMATICA,,60,24,BAIXA,TRUE,365,223,201,196,193,188,0.610958904109589,0.550684931506849,0.536986301369863,0.528767123287671,0.515068493150685,94,145,10,6
CEMADEN,260790101A,2017,Muribeca,PLUVIOMETRICA_AUTOMATICA,,60,24,BAIXA,TRUE,365,116,73,73,73,72,0.317808219178082,0.2,0.2,0.2,0.197260273972603,127,32,7,0
CEMADEN,260790101A,2018,Muribeca,PLUVIOMETRICA_AUTOMATICA,,60,24,BAIXA,TRUE,365,250,246,246,246,243,0.684931506849315,0.673972602739726,0.673972602739726,0.673972602739726,0.665753424657534,116,113,9,8
CEMADEN,260790101A,2019,Muribeca,PLUVIOMETRICA_AUTOMATICA,,60,24,BAIXA,TRUE,365,314,288,285,281,277,0.86027397260274,0.789041095890411,0.780821917808219,0.76986301369863,0.758904109589041,35,138,12,8
CEMADEN,260790101A,2020,Muribeca,PLUVIOMETRICA_AUTOMATICA,,60,24,BAIXA,TRUE,366,211,209,209,209,206,0.576502732240437,0.57103825136612,0.57103825136612,0.57103825136612,0.562841530054645,156,103,7,7
CEMADEN,260790101A,2021,Muribeca,PLUVIOMETRICA_AUTOMATICA,,60,24,BAIXA,TRUE,365,365,359,359,358,356,1,0.983561643835616,0.983561643835616,0.980821917808219,0.975342465753425,3,193,12,12
CEMADEN,260790101A,2022,Muribeca,PLUVIOMETRICA_AUTOMATICA,,60,24,BAIXA,TRUE,365,182,179,178,177,176,0.498630136986301,0.49041095890411,0.487671232876712,0.484931506849315,0.482191780821918,185,105,7,6
CEMADEN,260790101A,2023,Muribeca,PLUVIOMETRICA_AUTOMATICA,,60,24,BAIXA,TRUE,365,332,310,299,288,279,0.90958904109589,0.849315068493151,0.819178082191781,0.789041095890411,0.764383561643836,34,179,11,9
CEMADEN,260790101A,2024,Muribeca,PLUVIOMETRICA_AUTOMATICA,,60,24,BAIXA,TRUE,366,316,293,290,285,280,0.863387978142077,0.800546448087432,0.792349726775956,0.778688524590164,0.765027322404372,33,124,12,8
CEMADEN,260790101A,2025,Muribeca,PLUVIOMETRICA_AUTOMATICA,,60,24,BAIXA,TRUE,365,365,365,365,364,362,1,1,1,0.997260273972603,0.991780821917808,1,193,12,12
CEMADEN,260790101G,2019,Socorro,PLUVIOMETRICA_AUTOMATICA,,60,24,BAIXA,TRUE,365,19,15,14,14,14,0.052054794520548,0.0410958904109589,0.0383561643835616,0.0383561643835616,0.0383561643835616,273,4,2,0
CEMADEN,260790101G,2020,Socorro,PLUVIOMETRICA_AUTOMATICA,,60,24,BAIXA,TRUE,366,300,296,296,296,294,0.819672131147541,0.808743169398907,0.808743169398907,0.808743169398907,0.80327868852459,46,158,11,9
CEMADEN,260790101G,2021,Socorro,PLUVIOMETRICA_AUTOMATICA,,60,24,BAIXA,TRUE,365,307,302,300,298,295,0.841095890410959,0.827397260273973,0.821917808219178,0.816438356164383,0.808219178082192,59,171,11,10
CEMADEN,260790101G,2022,Socorro,PLUVIOMETRICA_AUTOMATICA,,60,24,BAIXA,TRUE,365,365,360,356,355,347,1,0.986301369863014,0.975342465753425,0.972602739726027,0.950684931506849,2,154,12,12
CEMADEN,260790101G,2023,Socorro,PLUVIOMETRICA_AUTOMATICA,,60,24,BAIXA,TRUE,365,334,325,322,317,311,0.915068493150685,0.89041095890411,0.882191780821918,0.868493150684932,0.852054794520548,32,177,11,10
CEMADEN,260790102A,2017,Cavaleiro2,PLUVIOMETRICA_AUTOMATICA,,60,24,BAIXA,TRUE,365,365,365,365,364,355,1,1,1,0.997260273972603,0.972602739726027,1,227,12,12
CEMADEN,260790102A,2018,Cavaleiro2,PLUVIOMETRICA_AUTOMATICA,,60,24,BAIXA,TRUE,365,365,364,364,363,355,1,0.997260273972603,0.997260273972603,0.994520547945205,0.972602739726027,2,163,12,12
CEMADEN,260790102A,2019,Cavaleiro2,PLUVIOMETRICA_AUTOMATICA,,60,24,BAIXA,TRUE,365,356,342,336,333,326,0.975342465753425,0.936986301369863,0.920547945205479,0.912328767123288,0.893150684931507,11,169,12,9
CEMADEN,260790102A,2020,Cavaleiro2,PLUVIOMETRICA_AUTOMATICA,,60,24,BAIXA,TRUE,366,276,269,268,266,260,0.754098360655738,0.734972677595629,0.73224043715847,0.726775956284153,0.710382513661202,83,130,10,7
CEMADEN,260790102A,2021,Cavaleiro 2,PLUVIOMETRICA_AUTOMATICA,,60,24,BAIXA,TRUE,365,285,205,199,195,189,0.780821917808219,0.561643835616438,0.545205479452055,0.534246575342466,0.517808219178082,56,117,12,0
CEMADEN,260790102A,2022,Cavaleiro 2,PLUVIOMETRICA_AUTOMATICA,,60,24,BAIXA,TRUE,365,303,290,286,280,272,0.83013698630137,0.794520547945206,0.783561643835617,0.767123287671233,0.745205479452055,70,175,11,8
CEMADEN,260790102A,2023,Cavaleiro 2,PLUVIOMETRICA_AUTOMATICA,,60,24,BAIXA,TRUE,365,362,359,359,359,357,0.991780821917808,0.983561643835616,0.983561643835616,0.983561643835616,0.978082191780822,4,59,12,12
CEMADEN,260790102A,2024,Cavaleiro 2,PLUVIOMETRICA_AUTOMATICA,,60,24,BAIXA,TRUE,366,179,148,148,147,147,0.489071038251366,0.404371584699454,0.404371584699454,0.401639344262295,0.401639344262295,172,75,7,3
CEMADEN,260790102G,2019,Alto Vento,PLUVIOMETRICA_AUTOMATICA,,60,24,ALTA,FALSE,365,93,88,87,82,64,0.254794520547945,0.241095890410959,0.238356164383562,0.224657534246575,0.175342465753425,273,14,4,3
CEMADEN,260790102G,2020,Alto Vento,PLUVIOMETRICA_AUTOMATICA,,60,24,BAIXA,TRUE,366,366,359,352,347,314,1,0.980874316939891,0.961748633879781,0.948087431693989,0.85792349726776,2,163,12,12
CEMADEN,260790102G,2021,Alto Vento,PLUVIOMETRICA_AUTOMATICA,,60,24,BAIXA,TRUE,365,365,365,364,363,360,1,1,0.997260273972603,0.994520547945205,0.986301369863014,1,191,12,12
CEMADEN,260790102G,2022,Alto Vento,PLUVIOMETRICA_AUTOMATICA,,60,24,BAIXA,TRUE,365,365,359,357,356,354,1,0.983561643835616,0.978082191780822,0.975342465753425,0.96986301369863,4,217,12,12
CEMADEN,260790102G,2023,Alto Vento,PLUVIOMETRICA_AUTOMATICA,,60,24,BAIXA,TRUE,365,363,358,358,357,357,0.994520547945205,0.980821917808219,0.980821917808219,0.978082191780822,0.978082191780822,4,117,12,12
CEMADEN,260790102G,2024,Alto Vento,PLUVIOMETRICA_AUTOMATICA,,60,24,BAIXA,TRUE,366,250,248,248,248,247,0.683060109289618,0.677595628415301,0.677595628415301,0.677595628415301,0.674863387978142,116,147,9,8
CEMADEN,260790103A,2017,Cavaleiro,PLUVIOMETRICA_AUTOMATICA,,10,144,BAIXA,TRUE,365,365,14,9,3,0,1,0.0383561643835616,0.0246575342465753,0.00821917808219178,0,178,0,12,0
CEMADEN,260790103A,2018,Cavaleiro,PLUVIOMETRICA_AUTOMATICA,,60,24,BAIXA,TRUE,365,178,170,170,168,165,0.487671232876712,0.465753424657534,0.465753424657534,0.46027397260274,0.452054794520548,110,88,10,5
CEMADEN,260790103A,2019,Cavaleiro,PLUVIOMETRICA_AUTOMATICA,,60,24,BAIXA,TRUE,365,208,196,192,188,185,0.56986301369863,0.536986301369863,0.526027397260274,0.515068493150685,0.506849315068493,155,91,7,6
CEMADEN,260790103A,2020,Cavaleiro,PLUVIOMETRICA_AUTOMATICA,,60,24,BAIXA,TRUE,366,366,355,353,348,342,1,0.969945355191257,0.96448087431694,0.950819672131147,0.934426229508197,3,161,12,12
CEMADEN,260790103A,2021,Cavaleiro,PLUVIOMETRICA_AUTOMATICA,,60,24,BAIXA,TRUE,365,343,320,319,317,301,0.93972602739726,0.876712328767123,0.873972602739726,0.868493150684932,0.824657534246575,27,140,12,9
CEMADEN,260790103A,2022,Cavaleiro,PLUVIOMETRICA_AUTOMATICA,,60,24,BAIXA,TRUE,365,364,301,295,290,280,0.997260273972603,0.824657534246575,0.808219178082192,0.794520547945206,0.767123287671233,41,87,12,9
CEMADEN,260790103A,2023,Cavaleiro,PLUVIOMETRICA_AUTOMATICA,,60,24,BAIXA,TRUE,365,317,129,128,127,120,0.868493150684932,0.353424657534247,0.350684931506849,0.347945205479452,0.328767123287671,97,62,12,4
CEMADEN,260790103A,2024,Cavaleiro,PLUVIOMETRICA_AUTOMATICA,,60,24,BAIXA,TRUE,366,94,3,3,2,2,0.256830601092896,0.00819672131147541,0.00819672131147541,0.00546448087431694,0.00546448087431694,193,1,8,0
CEMADEN,260790103G,2019,Curado II,PLUVIOMETRICA_AUTOMATICA,,60,24,ALTA,FALSE,365,93,85,81,76,66,0.254794520547945,0.232876712328767,0.221917808219178,0.208219178082192,0.180821917808219,274,16,4,2
CEMADEN,260790103G,2020,Curado II,PLUVIOMETRICA_AUTOMATICA,,60,24,BAIXA,TRUE,366,366,357,348,343,319,1,0.975409836065574,0.950819672131147,0.937158469945355,0.871584699453552,2,151,12,12
CEMADEN,260790103G,2021,Curado II,PLUVIOMETRICA_AUTOMATICA,,60,24,BAIXA,TRUE,365,361,360,358,358,357,0.989041095890411,0.986301369863014,0.980821917808219,0.980821917808219,0.978082191780822,6,226,12,12
CEMADEN,260790103G,2022,Curado II,PLUVIOMETRICA_AUTOMATICA,,60,24,BAIXA,TRUE,365,278,263,261,258,246,0.761643835616438,0.72054794520548,0.715068493150685,0.706849315068493,0.673972602739726,28,44,12,8
CEMADEN,260790103G,2023,Curado II,PLUVIOMETRICA_AUTOMATICA,,60,24,BAIXA,TRUE,365,352,347,347,347,346,0.964383561643836,0.950684931506849,0.950684931506849,0.950684931506849,0.947945205479452,8,180,12,11
CEMADEN,260790103G,2024,Curado II,PLUVIOMETRICA_AUTOMATICA,,60,24,BAIXA,TRUE,366,81,78,78,78,78,0.221311475409836,0.213114754098361,0.213114754098361,0.213114754098361,0.213114754098361,286,27,3,2
CEMADEN,260790104A,2017,Prazeres,PLUVIOMETRICA_AUTOMATICA,,60,24,BAIXA,TRUE,365,365,365,365,364,355,1,1,1,0.997260273972603,0.972602739726027,1,169,12,12
CEMADEN,260790104A,2018,Prazeres,PLUVIOMETRICA_AUTOMATICA,,60,24,BAIXA,TRUE,365,365,364,363,362,352,1,0.997260273972603,0.994520547945205,0.991780821917808,0.964383561643836,2,104,12,12
CEMADEN,260790104A,2019,Prazeres,PLUVIOMETRICA_AUTOMATICA,,60,24,BAIXA,TRUE,365,339,323,319,319,317,0.928767123287671,0.884931506849315,0.873972602739726,0.873972602739726,0.868493150684932,15,148,12,10
CEMADEN,260790104A,2020,Prazeres,PLUVIOMETRICA_AUTOMATICA,,60,24,BAIXA,TRUE,366,211,209,209,209,207,0.576502732240437,0.57103825136612,0.57103825136612,0.57103825136612,0.565573770491803,156,96,7,7
CEMADEN,260790104A,2021,Prazeres,PLUVIOMETRICA_AUTOMATICA,,60,24,BAIXA,TRUE,365,365,365,364,360,357,1,1,0.997260273972603,0.986301369863014,0.978082191780822,2,199,12,12
CEMADEN,260790104A,2022,Prazeres,PLUVIOMETRICA_AUTOMATICA,,60,24,BAIXA,TRUE,365,365,362,362,358,339,1,0.991780821917808,0.991780821917808,0.980821917808219,0.928767123287671,2,232,12,12
CEMADEN,260790104A,2023,Prazeres,PLUVIOMETRICA_AUTOMATICA,,60,24,BAIXA,TRUE,365,365,363,360,348,326,1,0.994520547945205,0.986301369863014,0.953424657534246,0.893150684931507,3,215,12,11
CEMADEN,260790104A,2024,Prazeres,PLUVIOMETRICA_AUTOMATICA,,60,24,BAIXA,TRUE,366,236,196,192,190,178,0.644808743169399,0.53551912568306,0.524590163934426,0.519125683060109,0.486338797814208,140,75,12,6
CEMADEN,260790104A,2025,Prazeres,PLUVIOMETRICA_AUTOMATICA,,60,24,BAIXA,TRUE,365,99,2,2,2,2,0.271232876712329,0.00547945205479452,0.00547945205479452,0.00547945205479452,0.00547945205479452,226,2,6,0
CEMADEN,260790104G,2019,Alto do Reservatório,PLUVIOMETRICA_AUTOMATICA,,60,24,MEDIA,FALSE,365,26,21,19,18,17,0.0712328767123288,0.0575342465753425,0.052054794520548,0.0493150684931507,0.0465753424657534,273,2,3,0
CEMADEN,260790104G,2020,Alto do Reservatório,PLUVIOMETRICA_AUTOMATICA,,60,24,BAIXA,TRUE,366,145,137,130,120,97,0.396174863387978,0.37431693989071,0.355191256830601,0.327868852459016,0.265027322404372,203,45,6,3
CEMADEN,260790104G,2021,Alto do Reservatório,PLUVIOMETRICA_AUTOMATICA,,60,24,BAIXA,TRUE,365,236,236,236,236,236,0.646575342465753,0.646575342465753,0.646575342465753,0.646575342465753,0.646575342465753,129,143,8,7
CEMADEN,260790104G,2023,Alto do Reservatório,PLUVIOMETRICA_AUTOMATICA,,60,24,BAIXA,TRUE,365,39,37,37,37,37,0.106849315068493,0.101369863013699,0.101369863013699,0.101369863013699,0.101369863013699,328,19,2,1
CEMADEN,260790104G,2024,Alto do Reservatório,PLUVIOMETRICA_AUTOMATICA,,60,24,BAIXA,TRUE,366,364,355,355,354,353,0.994535519125683,0.969945355191257,0.969945355191257,0.967213114754098,0.96448087431694,8,171,12,11
CEMADEN,260790104G,2025,Alto do Reservatório,PLUVIOMETRICA_AUTOMATICA,,10,144,BAIXA,TRUE,365,299,0,0,0,0,0.819178082191781,0,0,0,0,365,0,12,0
CEMADEN,260790105G,2020,Manassu,PLUVIOMETRICA_AUTOMATICA,,60,24,BAIXA,TRUE,366,256,252,249,244,219,0.699453551912568,0.688524590163934,0.680327868852459,0.666666666666667,0.598360655737705,90,90,10,7
CEMADEN,260790105G,2021,Manassu,PLUVIOMETRICA_AUTOMATICA,,60,24,BAIXA,TRUE,365,59,59,59,59,58,0.161643835616438,0.161643835616438,0.161643835616438,0.161643835616438,0.158904109589041,306,21,2,2
CEMADEN,260790106A,2017,Piedade,PLUVIOMETRICA_AUTOMATICA,,60,24,BAIXA,TRUE,365,271,268,268,266,260,0.742465753424658,0.734246575342466,0.734246575342466,0.728767123287671,0.712328767123288,96,161,10,8
CEMADEN,260790106A,2018,Piedade,PLUVIOMETRICA_AUTOMATICA,,60,24,BAIXA,TRUE,365,89,81,81,80,79,0.243835616438356,0.221917808219178,0.221917808219178,0.219178082191781,0.216438356164384,169,32,5,2
CEMADEN,260790106A,2019,Piedade,PLUVIOMETRICA_AUTOMATICA,,60,24,BAIXA,TRUE,365,341,323,318,315,307,0.934246575342466,0.884931506849315,0.871232876712329,0.863013698630137,0.841095890410959,15,130,12,9
CEMADEN,260790106A,2020,Piedade,PLUVIOMETRICA_AUTOMATICA,,60,24,BAIXA,TRUE,366,224,215,212,212,201,0.612021857923497,0.587431693989071,0.579234972677596,0.579234972677596,0.549180327868853,143,76,8,6
CEMADEN,260790106A,2021,Piedade,PLUVIOMETRICA_AUTOMATICA,,60,24,BAIXA,TRUE,365,365,365,363,359,344,1,1,0.994520547945205,0.983561643835616,0.942465753424658,1,159,12,12
CEMADEN,260790106A,2022,Piedade,PLUVIOMETRICA_AUTOMATICA,,60,24,BAIXA,TRUE,365,365,358,356,356,349,1,0.980821917808219,0.975342465753425,0.975342465753425,0.956164383561644,3,184,12,12
CEMADEN,260790106A,2023,Piedade,PLUVIOMETRICA_AUTOMATICA,,60,24,BAIXA,TRUE,365,361,338,337,337,335,0.989041095890411,0.926027397260274,0.923287671232877,0.923287671232877,0.917808219178082,24,155,12,11
CEMADEN,260790106A,2024,Piedade,PLUVIOMETRICA_AUTOMATICA,,60,24,BAIXA,TRUE,366,366,364,364,364,361,1,0.994535519125683,0.994535519125683,0.994535519125683,0.986338797814208,2,127,12,12
CEMADEN,260790106A,2025,Piedade,PLUVIOMETRICA_AUTOMATICA,,60,24,BAIXA,TRUE,365,365,365,365,364,361,1,1,1,0.997260273972603,0.989041095890411,1,166,12,12
CEMADEN,260790106G,2023,COMPESA - Dois Carneiros,PLUVIOMETRICA_AUTOMATICA,,60,24,BAIXA,TRUE,365,60,59,59,59,59,0.164383561643836,0.161643835616438,0.161643835616438,0.161643835616438,0.161643835616438,306,23,2,2
CEMADEN,260790106G,2024,COMPESA - Dois Carneiros,PLUVIOMETRICA_AUTOMATICA,,60,24,BAIXA,TRUE,366,207,204,204,204,203,0.565573770491803,0.557377049180328,0.557377049180328,0.557377049180328,0.554644808743169,160,101,7,6
CEMADEN,260790107A,2017,Centro,PLUVIOMETRICA_AUTOMATICA,,10,144,BAIXA,TRUE,365,365,9,6,3,0,1,0.0246575342465753,0.0164383561643836,0.00821917808219178,0,164,0,12,0
CEMADEN,260790107A,2018,Centro,PLUVIOMETRICA_AUTOMATICA,,60,24,BAIXA,TRUE,365,365,364,364,361,356,1,0.997260273972603,0.997260273972603,0.989041095890411,0.975342465753425,2,186,12,12
CEMADEN,260790107A,2019,Centro,PLUVIOMETRICA_AUTOMATICA,,60,24,BAIXA,TRUE,365,357,341,337,335,324,0.978082191780822,0.934246575342466,0.923287671232877,0.917808219178082,0.887671232876712,11,172,12,11
CEMADEN,260790107A,2020,Centro,PLUVIOMETRICA_AUTOMATICA,,60,24,BAIXA,TRUE,366,366,365,364,364,358,1,0.997267759562842,0.994535519125683,0.994535519125683,0.978142076502732,1,177,12,12
CEMADEN,260790107A,2021,Centro,PLUVIOMETRICA_AUTOMATICA,,60,24,BAIXA,TRUE,365,124,116,116,115,114,0.33972602739726,0.317808219178082,0.317808219178082,0.315068493150685,0.312328767123288,240,51,5,4
CEMADEN,260790107A,2022,Centro,PLUVIOMETRICA_AUTOMATICA,,60,24,BAIXA,TRUE,365,79,76,76,76,75,0.216438356164384,0.208219178082192,0.208219178082192,0.208219178082192,0.205479452054795,219,58,3,2
CEMADEN,260790107A,2023,Centro,PLUVIOMETRICA_AUTOMATICA,,60,24,BAIXA,TRUE,365,327,316,315,315,315,0.895890410958904,0.865753424657534,0.863013698630137,0.863013698630137,0.863013698630137,44,192,11,10
CEMADEN,260790107A,2024,Centro,PLUVIOMETRICA_AUTOMATICA,,60,24,BAIXA,TRUE,366,335,291,286,279,273,0.915300546448087,0.795081967213115,0.781420765027322,0.762295081967213,0.745901639344262,20,144,12,7
CEMADEN,260790107A,2025,Centro,PLUVIOMETRICA_AUTOMATICA,,60,24,ALTA,FALSE,365,52,3,3,3,3,0.142465753424658,0.00821917808219178,0.00821917808219178,0.00821917808219178,0.00821917808219178,313,2,3,0
CEMADEN,260790108A,2017,CuradoII,PLUVIOMETRICA_AUTOMATICA,,60,24,BAIXA,TRUE,365,365,364,363,361,358,1,0.997260273972603,0.994520547945205,0.989041095890411,0.980821917808219,2,224,12,12
CEMADEN,260790108A,2018,CuradoII,PLUVIOMETRICA_AUTOMATICA,,60,24,BAIXA,TRUE,365,365,363,362,362,358,1,0.994520547945205,0.991780821917808,0.991780821917808,0.980821917808219,2,176,12,12
CEMADEN,260790108A,2019,CuradoII,PLUVIOMETRICA_AUTOMATICA,,60,24,BAIXA,TRUE,365,351,328,325,323,310,0.961643835616438,0.898630136986301,0.89041095890411,0.884931506849315,0.849315068493151,11,159,12,9
CEMADEN,260790108A,2020,CuradoII,PLUVIOMETRICA_AUTOMATICA,,60,24,BAIXA,TRUE,366,210,167,166,166,161,0.573770491803279,0.456284153005465,0.453551912568306,0.453551912568306,0.439890710382514,197,77,8,5
CEMADEN,260790108A,2021,Curado 4,PLUVIOMETRICA_AUTOMATICA,,60,24,BAIXA,TRUE,365,365,364,364,364,358,1,0.997260273972603,0.997260273972603,0.997260273972603,0.980821917808219,1,213,12,12
CEMADEN,260790108A,2022,Curado 4,PLUVIOMETRICA_AUTOMATICA,,60,24,BAIXA,TRUE,365,365,359,355,352,343,1,0.983561643835616,0.972602739726027,0.964383561643836,0.93972602739726,4,215,12,12
CEMADEN,260790108A,2023,Curado 4,PLUVIOMETRICA_AUTOMATICA,,60,24,BAIXA,TRUE,365,365,363,363,362,360,1,0.994520547945205,0.994520547945205,0.991780821917808,0.986301369863014,2,205,12,12
CEMADEN,260790108A,2024,Curado 4,PLUVIOMETRICA_AUTOMATICA,,60,24,BAIXA,TRUE,366,121,54,54,54,53,0.330601092896175,0.147540983606557,0.147540983606557,0.147540983606557,0.144808743169399,310,26,5,1
CEMADEN,260790109A,2017,Barra de Jangada,PLUVIOMETRICA_AUTOMATICA,,60,24,BAIXA,TRUE,365,365,364,364,361,357,1,0.997260273972603,0.997260273972603,0.989041095890411,0.978082191780822,2,199,12,12
CEMADEN,260790109A,2018,Barra de Jangada,PLUVIOMETRICA_AUTOMATICA,,60,24,BAIXA,TRUE,365,365,363,362,362,355,1,0.994520547945205,0.991780821917808,0.991780821917808,0.972602739726027,2,151,12,12
CEMADEN,260790109A,2019,Barra de Jangada,PLUVIOMETRICA_AUTOMATICA,,60,24,BAIXA,TRUE,365,354,337,334,329,318,0.96986301369863,0.923287671232877,0.915068493150685,0.901369863013699,0.871232876712329,11,143,12,10
CEMADEN,260790109A,2020,Barra de Jangada,PLUVIOMETRICA_AUTOMATICA,,60,24,BAIXA,TRUE,366,211,204,201,198,194,0.576502732240437,0.557377049180328,0.549180327868853,0.540983606557377,0.530054644808743,158,77,8,6
CEMADEN,260790109A,2021,Barra de Jangada,PLUVIOMETRICA_AUTOMATICA,,60,24,BAIXA,TRUE,365,230,229,229,229,221,0.63013698630137,0.627397260273973,0.627397260273973,0.627397260273973,0.605479452054795,136,121,8,7
CEMADEN,260790109A,2022,Barra de Jangada,PLUVIOMETRICA_AUTOMATICA,,60,24,BAIXA,TRUE,365,292,284,281,280,274,0.8,0.778082191780822,0.76986301369863,0.767123287671233,0.750684931506849,74,154,10,9
CEMADEN,260790109A,2023,Barra de Jangada,PLUVIOMETRICA_AUTOMATICA,,60,24,BAIXA,TRUE,365,306,287,287,286,284,0.838356164383562,0.786301369863014,0.786301369863014,0.783561643835617,0.778082191780822,76,150,12,9
CEMADEN,260790109A,2024,Barra de Jangada,PLUVIOMETRICA_AUTOMATICA,,60,24,BAIXA,TRUE,366,1,0,0,0,0,0.00273224043715847,0,0,0,0,366,0,1,0
CEMADEN,260790110A,2017,Cajueiro Seco,PLUVIOMETRICA_AUTOMATICA,,60,24,BAIXA,TRUE,365,365,365,365,364,355,1,1,1,0.997260273972603,0.972602739726027,1,186,12,12
CEMADEN,260790110A,2018,Cajueiro Seco,PLUVIOMETRICA_AUTOMATICA,,60,24,BAIXA,TRUE,365,245,121,120,115,106,0.671232876712329,0.331506849315069,0.328767123287671,0.315068493150685,0.29041095890411,157,62,12,4
CEMADEN,260790110A,2019,Cajueiro Seco,PLUVIOMETRICA_AUTOMATICA,,60,24,BAIXA,TRUE,365,299,210,202,202,183,0.819178082191781,0.575342465753425,0.553424657534247,0.553424657534247,0.501369863013699,44,80,12,6
CEMADEN,260790110A,2020,Cajueiro Seco,PLUVIOMETRICA_AUTOMATICA,,60,24,ALTA,FALSE,366,99,91,86,83,67,0.270491803278689,0.248633879781421,0.234972677595628,0.226775956284153,0.183060109289618,269,19,4,3
CEMADEN,260790115H,2023,Santana,PLUVIOMETRICA_AUTOMATICA,,60,24,BAIXA,TRUE,365,232,229,229,229,229,0.635616438356164,0.627397260273973,0.627397260273973,0.627397260273973,0.627397260273973,129,142,8,6
CEMADEN,260790115H,2024,Santana,PLUVIOMETRICA_AUTOMATICA,,60,24,BAIXA,TRUE,366,366,366,366,366,366,1,1,1,1,1,0,191,12,12
CEMADEN,260790115H,2025,Santana,PLUVIOMETRICA_AUTOMATICA,,60,24,BAIXA,TRUE,365,365,365,365,364,364,1,1,1,0.997260273972603,0.997260273972603,1,204,12,12
CEMADEN,260790119H,2023,Engenho Velho,PLUVIOMETRICA_AUTOMATICA,,60,24,BAIXA,TRUE,365,237,236,236,236,236,0.649315068493151,0.646575342465753,0.646575342465753,0.646575342465753,0.646575342465753,129,147,8,7
CEMADEN,260790119H,2024,Engenho Velho,PLUVIOMETRICA_AUTOMATICA,,60,24,ALTA,FALSE,366,350,349,349,349,348,0.956284153005464,0.953551912568306,0.953551912568306,0.953551912568306,0.950819672131147,17,51,12,11
CEMADEN,260790119H,2025,Engenho Velho,PLUVIOMETRICA_AUTOMATICA,,60,24,BAIXA,TRUE,365,365,362,362,360,359,1,0.991780821917808,0.991780821917808,0.986301369863014,0.983561643835616,2,165,12,12
CEMADEN,260795001A,2017,jaqueira01,PLUVIOMETRICA_AUTOMATICA,,60,24,BAIXA,TRUE,365,362,360,358,356,353,0.991780821917808,0.986301369863014,0.980821917808219,0.975342465753425,0.967123287671233,3,194,12,12
CEMADEN,260795001A,2018,jaqueira01,PLUVIOMETRICA_AUTOMATICA,,60,24,BAIXA,TRUE,365,365,361,361,360,354,1,0.989041095890411,0.989041095890411,0.986301369863014,0.96986301369863,2,137,12,12
CEMADEN,260795001A,2019,jaqueira01,PLUVIOMETRICA_AUTOMATICA,,60,24,BAIXA,TRUE,365,353,338,336,332,319,0.967123287671233,0.926027397260274,0.920547945205479,0.90958904109589,0.873972602739726,11,142,12,11
CEMADEN,260795001A,2020,jaqueira01,PLUVIOMETRICA_AUTOMATICA,,60,24,BAIXA,TRUE,366,366,357,351,348,343,1,0.975409836065574,0.959016393442623,0.950819672131147,0.937158469945355,2,143,12,12
CEMADEN,260795001A,2021,jaqueira01,PLUVIOMETRICA_AUTOMATICA,,60,24,BAIXA,TRUE,365,365,364,364,357,336,1,0.997260273972603,0.997260273972603,0.978082191780822,0.920547945205479,2,168,12,11
CEMADEN,260795001A,2022,jaqueira01,PLUVIOMETRICA_AUTOMATICA,,60,24,BAIXA,TRUE,365,365,360,359,358,345,1,0.986301369863014,0.983561643835616,0.980821917808219,0.945205479452055,4,178,12,12
CEMADEN,260795001A,2023,jaqueira01,PLUVIOMETRICA_AUTOMATICA,,60,24,BAIXA,TRUE,365,365,364,364,363,361,1,0.997260273972603,0.997260273972603,0.994520547945205,0.989041095890411,1,176,12,12
CEMADEN,260795001A,2024,jaqueira01,PLUVIOMETRICA_AUTOMATICA,,60,24,BAIXA,TRUE,366,366,364,364,364,362,1,0.994535519125683,0.994535519125683,0.994535519125683,0.989071038251366,2,165,12,12
CEMADEN,260795001A,2025,jaqueira01,PLUVIOMETRICA_AUTOMATICA,,60,24,BAIXA,TRUE,365,359,327,314,307,297,0.983561643835616,0.895890410958904,0.86027397260274,0.841095890410959,0.813698630136986,13,169,12,7
CEMADEN,260795002A,2017,JAQUEIRA - APAC,PLUVIOMETRICA_AUTOMATICA,,60,24,BAIXA,TRUE,365,40,38,38,38,30,0.10958904109589,0.104109589041096,0.104109589041096,0.104109589041096,0.0821917808219178,327,7,2,1
CEMADEN,260795002A,2018,JAQUEIRA - APAC,PLUVIOMETRICA_AUTOMATICA,,60,24,BAIXA,TRUE,365,365,362,361,360,344,1,0.991780821917808,0.989041095890411,0.986301369863014,0.942465753424658,3,148,12,12
CEMADEN,260795002A,2019,JAQUEIRA - APAC,PLUVIOMETRICA_AUTOMATICA,,60,24,BAIXA,TRUE,365,355,341,339,338,334,0.972602739726027,0.934246575342466,0.928767123287671,0.926027397260274,0.915068493150685,12,151,12,11
CEMADEN,260795002A,2020,JAQUEIRA - APAC,PLUVIOMETRICA_AUTOMATICA,,60,24,BAIXA,TRUE,366,212,211,210,210,208,0.579234972677596,0.576502732240437,0.573770491803279,0.573770491803279,0.568306010928962,155,109,7,7
CEMADEN,260795002A,2021,JAQUEIRA - APAC,PLUVIOMETRICA_AUTOMATICA,,60,24,BAIXA,TRUE,365,165,163,161,159,152,0.452054794520548,0.446575342465753,0.441095890410959,0.435616438356164,0.416438356164384,201,72,6,5
CEMADEN,260795002A,2022,JAQUEIRA - APAC,PLUVIOMETRICA_AUTOMATICA,,60,24,BAIXA,TRUE,365,17,17,16,16,16,0.0465753424657534,0.0465753424657534,0.0438356164383562,0.0438356164383562,0.0438356164383562,349,4,1,0
CEMADEN,260795004H,2017,Jaqueira,PLUVIOMETRICA_AUTOMATICA,,60,24,BAIXA,TRUE,365,343,338,338,337,328,0.93972602739726,0.926027397260274,0.926027397260274,0.923287671232877,0.898630136986301,18,187,12,10
CEMADEN,260795004H,2018,Jaqueira,PLUVIOMETRICA_AUTOMATICA,,60,24,BAIXA,TRUE,365,251,243,239,224,201,0.687671232876712,0.665753424657534,0.654794520547945,0.613698630136986,0.550684931506849,79,56,11,5
CEMADEN,260795004H,2019,Rio Una,PLUVIOMETRICA_AUTOMATICA,,60,24,BAIXA,TRUE,365,349,342,341,338,329,0.956164383561644,0.936986301369863,0.934246575342466,0.926027397260274,0.901369863013699,12,82,12,10
CEMADEN,260795004H,2020,Rio Una,PLUVIOMETRICA_AUTOMATICA,,60,24,ALTA,FALSE,366,366,254,252,249,240,1,0.693989071038251,0.688524590163934,0.680327868852459,0.655737704918033,68,24,12,8
CEMADEN,260795004H,2021,Rio Una,PLUVIOMETRICA_AUTOMATICA,,60,24,BAIXA,TRUE,365,365,365,364,364,357,1,1,0.997260273972603,0.997260273972603,0.978082191780822,1,118,12,12
CEMADEN,260795004H,2022,Rio Una,PLUVIOMETRICA_AUTOMATICA,,60,24,BAIXA,TRUE,365,178,170,170,170,165,0.487671232876712,0.465753424657534,0.465753424657534,0.465753424657534,0.452054794520548,162,50,7,4
CEMADEN,260795004H,2023,Rio Una,PLUVIOMETRICA_AUTOMATICA,,10,144,BAIXA,TRUE,365,65,0,0,0,0,0.178082191780822,0,0,0,0,365,0,3,0
CEMADEN,260795004H,2024,Rio Una,PLUVIOMETRICA_AUTOMATICA,,10,144,BAIXA,TRUE,366,68,0,0,0,0,0.185792349726776,0,0,0,0,366,0,5,0
CEMADEN,260795004H,2025,Rio Una,PLUVIOMETRICA_AUTOMATICA,,10,144,BAIXA,TRUE,365,65,2,0,0,0,0.178082191780822,0.00547945205479452,0,0,0,365,0,4,0
CEMADEN,260800801A,2023,Jataúba [Centro] - APAC,PLUVIOMETRICA_AUTOMATICA,,60,24,ALTA,FALSE,365,161,158,158,156,148,0.441095890410959,0.432876712328767,0.432876712328767,0.427397260273973,0.405479452054795,205,10,6,5
CEMADEN,260800801A,2024,Jataúba [Centro] - APAC,PLUVIOMETRICA_AUTOMATICA,,60,24,BAIXA,TRUE,366,335,333,333,330,322,0.915300546448087,0.909836065573771,0.909836065573771,0.901639344262295,0.879781420765027,33,59,12,10
CEMADEN,260800801A,2025,Jataúba [Centro] - APAC,PLUVIOMETRICA_AUTOMATICA,,60,24,BAIXA,TRUE,365,365,365,365,363,354,1,1,1,0.994520547945205,0.96986301369863,1,52,12,12
CEMADEN,260800801C,2017,JATAUBA,PLUVIOMETRICA_AUTOMATICA,,10,144,ALTA,FALSE,365,200,21,21,19,18,0.547945205479452,0.0575342465753425,0.0575342465753425,0.052054794520548,0.0493150684931507,161,0,11,0
CEMADEN,260800801C,2018,JATAUBA,PLUVIOMETRICA_AUTOMATICA,,60,24,ALTA,FALSE,365,352,304,304,304,304,0.964383561643836,0.832876712328767,0.832876712328767,0.832876712328767,0.832876712328767,39,35,12,9
CEMADEN,260800801C,2019,JATAUBA,PLUVIOMETRICA_AUTOMATICA,,60,24,ALTA,FALSE,365,346,287,284,283,283,0.947945205479452,0.786301369863014,0.778082191780822,0.775342465753425,0.775342465753425,35,55,12,7
CEMADEN,260800801C,2020,JATAUBA,PLUVIOMETRICA_AUTOMATICA,,60,24,BAIXA,TRUE,366,165,55,49,44,42,0.450819672131148,0.150273224043716,0.133879781420765,0.120218579234973,0.114754098360656,257,18,6,1
CEMADEN,260800801C,2023,JATAUBA,PLUVIOMETRICA_AUTOMATICA,,60,24,ALTA,FALSE,365,119,117,117,117,117,0.326027397260274,0.32054794520548,0.32054794520548,0.32054794520548,0.32054794520548,241,9,5,3
CEMADEN,260800801C,2025,JATAUBA,PLUVIOMETRICA_AUTOMATICA,,60,24,ALTA,FALSE,365,134,133,133,133,133,0.367123287671233,0.364383561643836,0.364383561643836,0.364383561643836,0.364383561643836,202,13,6,4
CEMADEN,260805701A,2023,Jatobá [Eunápio Gomes Varjão] - APAC,PLUVIOMETRICA_AUTOMATICA,,60,24,BAIXA,TRUE,365,304,299,299,299,278,0.832876712328767,0.819178082191781,0.819178082191781,0.819178082191781,0.761643835616438,62,66,10,10
CEMADEN,260805701A,2024,Jatobá [Eunápio Gomes Varjão] - APAC,PLUVIOMETRICA_AUTOMATICA,,60,24,BAIXA,TRUE,366,342,312,308,295,270,0.934426229508197,0.852459016393443,0.841530054644809,0.806010928961749,0.737704918032787,13,61,12,6
CEMADEN,260805701A,2025,Jatobá [Eunápio Gomes Varjão] - APAC,PLUVIOMETRICA_AUTOMATICA,,60,24,BAIXA,TRUE,365,258,231,226,219,204,0.706849315068493,0.632876712328767,0.619178082191781,0.6,0.558904109589041,69,44,12,5
CEMADEN,260805701C,2017,JATOBA,PLUVIOMETRICA_AUTOMATICA,,10,144,ALTA,FALSE,365,196,33,30,28,24,0.536986301369863,0.0904109589041096,0.0821917808219178,0.0767123287671233,0.0657534246575342,158,0,11,0
CEMADEN,260805701C,2018,JATOBA,PLUVIOMETRICA_AUTOMATICA,,60,24,ALTA,FALSE,365,296,240,239,239,237,0.810958904109589,0.657534246575342,0.654794520547945,0.654794520547945,0.649315068493151,103,35,12,7
CEMADEN,260805701C,2019,JATOBA,PLUVIOMETRICA_AUTOMATICA,,60,24,BAIXA,TRUE,365,136,86,84,81,76,0.372602739726027,0.235616438356164,0.23013698630137,0.221917808219178,0.208219178082192,124,18,9,1
CEMADEN,260805701C,2020,JATOBA,PLUVIOMETRICA_AUTOMATICA,,60,24,MEDIA,FALSE,366,10,4,3,2,2,0.0273224043715847,0.0109289617486339,0.00819672131147541,0.00546448087431694,0.00546448087431694,285,0,1,0
CEMADEN,260805701C,2022,JATOBA,PLUVIOMETRICA_AUTOMATICA,,60,24,BAIXA,TRUE,365,150,144,144,143,129,0.410958904109589,0.394520547945205,0.394520547945205,0.391780821917808,0.353424657534247,181,36,7,4
CEMADEN,260805701C,2023,JATOBA,PLUVIOMETRICA_AUTOMATICA,,60,24,BAIXA,TRUE,365,92,79,76,70,53,0.252054794520548,0.216438356164384,0.208219178082192,0.191780821917808,0.145205479452055,227,14,5,2
CEMADEN,260805701C,2025,JATOBA,PLUVIOMETRICA_AUTOMATICA,,10,144,BAIXA,TRUE,365,1,0,0,0,0,0.00273972602739726,0,0,0,0,365,0,1,0
CEMADEN,260810701A,2017,JOAO ALFREDO - APAC,PLUVIOMETRICA_AUTOMATICA,,60,24,BAIXA,TRUE,365,27,25,25,23,16,0.073972602739726,0.0684931506849315,0.0684931506849315,0.063013698630137,0.0438356164383562,340,4,2,0
CEMADEN,260810701A,2018,JOAO ALFREDO - APAC,PLUVIOMETRICA_AUTOMATICA,,60,24,BAIXA,TRUE,365,247,212,212,204,181,0.676712328767123,0.580821917808219,0.580821917808219,0.558904109589041,0.495890410958904,151,92,10,7
CEMADEN,260810701A,2019,Secretaria de Saúde,PLUVIOMETRICA_AUTOMATICA,,60,24,ALTA,FALSE,365,72,71,70,69,67,0.197260273972603,0.194520547945205,0.191780821917808,0.189041095890411,0.183561643835616,288,20,3,1
CEMADEN,260810701A,2020,Secretaria de Saúde,PLUVIOMETRICA_AUTOMATICA,,60,24,BAIXA,TRUE,366,156,147,142,138,129,0.426229508196721,0.401639344262295,0.387978142076503,0.377049180327869,0.352459016393443,212,46,7,4
CEMADEN,260810701A,2021,Secretaria de Saúde,PLUVIOMETRICA_AUTOMATICA,,60,24,BAIXA,TRUE,365,41,40,40,39,33,0.112328767123288,0.10958904109589,0.10958904109589,0.106849315068493,0.0904109589041096,230,11,2,1
CEMADEN,260810701A,2022,Secretaria de Saúde,PLUVIOMETRICA_AUTOMATICA,,60,24,ALTA,FALSE,365,124,118,116,116,111,0.33972602739726,0.323287671232877,0.317808219178082,0.317808219178082,0.304109589041096,242,0,5,4
CEMADEN,260810701A,2023,Secretaria de Saúde,PLUVIOMETRICA_AUTOMATICA,,60,24,BAIXA,TRUE,365,338,333,332,329,310,0.926027397260274,0.912328767123288,0.90958904109589,0.901369863013699,0.849315068493151,29,54,12,10
CEMADEN,260810701A,2024,Secretaria de Saúde _APAC,PLUVIOMETRICA_AUTOMATICA,,60,24,BAIXA,TRUE,366,355,349,349,348,341,0.969945355191257,0.953551912568306,0.953551912568306,0.950819672131147,0.931693989071038,12,102,12,11
CEMADEN,260810701A,2025,Secretaria de Saúde _APAC,PLUVIOMETRICA_AUTOMATICA,,60,24,BAIXA,TRUE,365,365,365,365,362,356,1,1,1,0.991780821917808,0.975342465753425,1,96,12,12
CEMADEN,260820601A,2017,Centro,PLUVIOMETRICA_AUTOMATICA,,60,24,BAIXA,TRUE,365,139,139,139,139,138,0.380821917808219,0.380821917808219,0.380821917808219,0.380821917808219,0.378082191780822,226,56,5,4
CEMADEN,260820602A,2017,JOAQUIM NABUCO - APAC,PLUVIOMETRICA_AUTOMATICA,,60,24,BAIXA,FALSE,365,6,5,5,5,2,0.0164383561643836,0.0136986301369863,0.0136986301369863,0.0136986301369863,0.00547945205479452,360,0,1,0
CEMADEN,260820602A,2018,JOAQUIM NABUCO - APAC,PLUVIOMETRICA_AUTOMATICA,,60,24,BAIXA,TRUE,365,177,176,175,166,147,0.484931506849315,0.482191780821918,0.479452054794521,0.454794520547945,0.402739726027397,189,71,6,5
CEMADEN,260820602A,2019,JOAQUIM NABUCO - APAC,PLUVIOMETRICA_AUTOMATICA,,60,24,BAIXA,TRUE,365,186,153,152,150,147,0.50958904109589,0.419178082191781,0.416438356164384,0.410958904109589,0.402739726027397,171,72,7,4
CEMADEN,260820602A,2020,JOAQUIM NABUCO - APAC,PLUVIOMETRICA_AUTOMATICA,,60,24,BAIXA,TRUE,366,366,365,364,363,355,1,0.997267759562842,0.994535519125683,0.991803278688525,0.969945355191257,1,162,12,12
CEMADEN,260820602A,2021,JOAQUIM NABUCO - APAC,PLUVIOMETRICA_AUTOMATICA,,60,24,BAIXA,TRUE,365,211,209,209,208,205,0.578082191780822,0.572602739726027,0.572602739726027,0.56986301369863,0.561643835616438,156,90,8,6
CEMADEN,260820602A,2022,JOAQUIM NABUCO - APAC,PLUVIOMETRICA_AUTOMATICA,,60,24,BAIXA,TRUE,365,304,290,290,290,289,0.832876712328767,0.794520547945206,0.794520547945206,0.794520547945206,0.791780821917808,73,163,11,9
CEMADEN,260820602A,2023,JOAQUIM NABUCO - APAC,PLUVIOMETRICA_AUTOMATICA,,60,24,BAIXA,TRUE,365,363,302,300,300,295,0.994520547945205,0.827397260273973,0.821917808219178,0.821917808219178,0.808219178082192,63,162,12,10
CEMADEN,260820602A,2024,JOAQUIM NABUCO - APAC,PLUVIOMETRICA_AUTOMATICA,,60,24,BAIXA,TRUE,366,359,341,338,336,330,0.980874316939891,0.931693989071038,0.923497267759563,0.918032786885246,0.901639344262295,13,148,12,10
CEMADEN,260820602A,2025,JOAQUIM NABUCO - APAC,PLUVIOMETRICA_AUTOMATICA,,60,24,BAIXA,TRUE,365,346,312,312,309,305,0.947945205479452,0.854794520547945,0.854794520547945,0.846575342465753,0.835616438356164,11,154,12,8
CEMADEN,260820603A,2025,G2-260820603A,PLUVIOMETRICA_AUTOMATICA,,60,24,BAIXA,TRUE,365,125,123,123,121,109,0.342465753424658,0.336986301369863,0.336986301369863,0.331506849315069,0.298630136986301,242,35,5,4
CEMADEN,260825501A,2019,JUCATI - APAC,PLUVIOMETRICA_AUTOMATICA,,60,24,BAIXA,TRUE,365,6,0,0,0,0,0.0164383561643836,0,0,0,0,365,0,2,0
CEMADEN,260825501A,2022,JUCATI - APAC,PLUVIOMETRICA_AUTOMATICA,,60,24,BAIXA,TRUE,365,90,19,14,11,9,0.246575342465753,0.052054794520548,0.0383561643835616,0.0301369863013699,0.0246575342465753,273,8,4,0
CEMADEN,260825501A,2023,JUCATI - APAC,PLUVIOMETRICA_AUTOMATICA,,60,24,BAIXA,TRUE,365,331,113,85,67,49,0.906849315068493,0.30958904109589,0.232876712328767,0.183561643835616,0.134246575342466,41,35,12,0
CEMADEN,260825501A,2024,JUCATI - APAC,PLUVIOMETRICA_AUTOMATICA,,60,24,ALTA,FALSE,366,352,82,27,21,10,0.961748633879781,0.224043715846995,0.0737704918032787,0.0573770491803279,0.0273224043715847,91,7,12,0
CEMADEN,260825501A,2025,JUCATI - APAC,PLUVIOMETRICA_AUTOMATICA,,60,24,ALTA,FALSE,365,341,78,15,11,8,0.934246575342466,0.213698630136986,0.0410958904109589,0.0301369863013699,0.0219178082191781,145,6,12,0
CEMADEN,260830501A,2017,JUPI - APAC,PLUVIOMETRICA_AUTOMATICA,,60,24,BAIXA,TRUE,365,18,17,15,15,9,0.0493150684931507,0.0465753424657534,0.0410958904109589,0.0410958904109589,0.0246575342465753,349,3,1,0
CEMADEN,260830501A,2018,JUPI - APAC,PLUVIOMETRICA_AUTOMATICA,,60,24,BAIXA,TRUE,365,364,352,345,338,295,0.997260273972603,0.964383561643836,0.945205479452055,0.926027397260274,0.808219178082192,3,111,12,11
CEMADEN,260830501A,2019,JUPI - APAC,PLUVIOMETRICA_AUTOMATICA,,60,24,BAIXA,TRUE,365,353,314,307,294,260,0.967123287671233,0.86027397260274,0.841095890410959,0.805479452054795,0.712328767123288,12,101,12,7
CEMADEN,260830501A,2020,JUPI - APAC,PLUVIOMETRICA_AUTOMATICA,,60,24,BAIXA,TRUE,366,162,145,142,130,104,0.442622950819672,0.396174863387978,0.387978142076503,0.355191256830601,0.284153005464481,204,45,6,3
CEMADEN,260830501A,2021,JUPI - APAC,PLUVIOMETRICA_AUTOMATICA,,60,24,BAIXA,TRUE,365,142,139,137,135,127,0.389041095890411,0.380821917808219,0.375342465753425,0.36986301369863,0.347945205479452,224,33,5,4
CEMADEN,260830501A,2022,JUPI - APAC,PLUVIOMETRICA_AUTOMATICA,,60,24,BAIXA,TRUE,365,297,293,290,287,283,0.813698630136986,0.802739726027397,0.794520547945206,0.786301369863014,0.775342465753425,70,109,11,9
CEMADEN,260830501A,2023,JUPI - APAC,PLUVIOMETRICA_AUTOMATICA,,60,24,BAIXA,TRUE,365,365,365,365,365,344,1,1,1,1,0.942465753424658,0,132,12,12
CEMADEN,260830501A,2024,JUPI - APAC,PLUVIOMETRICA_AUTOMATICA,,60,24,BAIXA,TRUE,366,364,332,325,298,258,0.994535519125683,0.907103825136612,0.887978142076503,0.814207650273224,0.704918032786885,6,77,12,8
CEMADEN,260830501A,2025,JUPI - APAC,PLUVIOMETRICA_AUTOMATICA,,60,24,ALTA,FALSE,365,347,332,331,327,315,0.950684931506849,0.90958904109589,0.906849315068493,0.895890410958904,0.863013698630137,20,23,12,11
CEMADEN,260840401A,2017,Centro,PLUVIOMETRICA_AUTOMATICA,,60,24,BAIXA,TRUE,365,364,362,362,362,359,0.997260273972603,0.991780821917808,0.991780821917808,0.991780821917808,0.983561643835616,2,160,12,12
CEMADEN,260840401A,2018,Centro,PLUVIOMETRICA_AUTOMATICA,,60,24,BAIXA,TRUE,365,365,360,359,357,348,1,0.986301369863014,0.983561643835616,0.978082191780822,0.953424657534246,2,110,12,12
CEMADEN,260840401A,2019,Centro,PLUVIOMETRICA_AUTOMATICA,,60,24,BAIXA,TRUE,365,361,346,344,342,333,0.989041095890411,0.947945205479452,0.942465753424658,0.936986301369863,0.912328767123288,4,111,12,11
CEMADEN,260840401A,2020,Centro,PLUVIOMETRICA_AUTOMATICA,,60,24,BAIXA,TRUE,366,366,363,362,360,357,1,0.991803278688525,0.989071038251366,0.983606557377049,0.975409836065574,2,142,12,12
CEMADEN,260840401A,2021,Centro,PLUVIOMETRICA_AUTOMATICA,,60,24,BAIXA,TRUE,365,364,358,357,356,351,0.997260273972603,0.980821917808219,0.978082191780822,0.975342465753425,0.961643835616438,6,122,12,12
CEMADEN,260840401A,2022,Centro,PLUVIOMETRICA_AUTOMATICA,,60,24,BAIXA,TRUE,365,211,207,207,206,203,0.578082191780822,0.567123287671233,0.567123287671233,0.564383561643836,0.556164383561644,156,107,8,7
CEMADEN,260840401A,2023,Centro,PLUVIOMETRICA_AUTOMATICA,,60,24,BAIXA,TRUE,365,137,136,136,134,114,0.375342465753425,0.372602739726027,0.372602739726027,0.367123287671233,0.312328767123288,229,41,5,4
CEMADEN,260840401A,2024,Centro,PLUVIOMETRICA_AUTOMATICA,,60,24,BAIXA,TRUE,366,366,364,364,364,363,1,0.994535519125683,0.994535519125683,0.994535519125683,0.991803278688525,2,133,12,12
CEMADEN,260840401A,2025,Centro,PLUVIOMETRICA_AUTOMATICA,,60,24,BAIXA,TRUE,365,352,284,283,281,276,0.964383561643836,0.778082191780822,0.775342465753425,0.76986301369863,0.756164383561644,80,113,12,9
CEMADEN,260840401C,2017,JUREMA,PLUVIOMETRICA_AUTOMATICA,,10,144,ALTA,FALSE,365,195,77,77,74,70,0.534246575342466,0.210958904109589,0.210958904109589,0.202739726027397,0.191780821917808,160,0,11,1
CEMADEN,260840401C,2018,JUREMA,PLUVIOMETRICA_AUTOMATICA,,60,24,BAIXA,TRUE,365,304,278,277,275,273,0.832876712328767,0.761643835616438,0.758904109589041,0.753424657534247,0.747945205479452,48,96,12,8
CEMADEN,260840401C,2019,JUREMA,PLUVIOMETRICA_AUTOMATICA,,60,24,BAIXA,TRUE,365,306,159,146,136,129,0.838356164383562,0.435616438356164,0.4,0.372602739726027,0.353424657534247,106,70,12,2
CEMADEN,260840401C,2020,JUREMA,PLUVIOMETRICA_AUTOMATICA,,60,24,BAIXA,TRUE,366,149,7,4,2,2,0.407103825136612,0.0191256830601093,0.0109289617486339,0.00546448087431694,0.00546448087431694,245,2,7,0
CEMADEN,260840401C,2022,JUREMA,PLUVIOMETRICA_AUTOMATICA,,60,24,BAIXA,TRUE,365,244,240,240,240,239,0.668493150684932,0.657534246575342,0.657534246575342,0.657534246575342,0.654794520547945,104,135,9,6
CEMADEN,260840401C,2023,JUREMA,PLUVIOMETRICA_AUTOMATICA,,60,24,BAIXA,TRUE,365,195,188,188,188,187,0.534246575342466,0.515068493150685,0.515068493150685,0.515068493150685,0.512328767123288,106,62,9,5
CEMADEN,260845301A,2017,LAGOA DO CARRO - APAC,PLUVIOMETRICA_AUTOMATICA,,60,24,ALTA,FALSE,365,43,40,40,36,16,0.117808219178082,0.10958904109589,0.10958904109589,0.0986301369863014,0.0438356164383562,324,2,2,1
CEMADEN,260845301A,2018,LAGOA DO CARRO - APAC,PLUVIOMETRICA_AUTOMATICA,,60,24,BAIXA,TRUE,365,365,362,361,356,332,1,0.991780821917808,0.989041095890411,0.975342465753425,0.90958904109589,2,109,12,12
CEMADEN,260845301A,2019,LAGOA DO CARRO - APAC,PLUVIOMETRICA_AUTOMATICA,,60,24,BAIXA,TRUE,365,352,338,336,335,330,0.964383561643836,0.926027397260274,0.920547945205479,0.917808219178082,0.904109589041096,12,123,12,9
CEMADEN,260845301A,2020,LAGOA DO CARRO - APAC,PLUVIOMETRICA_AUTOMATICA,,60,24,BAIXA,TRUE,366,337,320,304,281,248,0.920765027322404,0.87431693989071,0.830601092896175,0.76775956284153,0.677595628415301,34,106,12,8
CEMADEN,260845301A,2021,LAGOA DO CARRO - APAC,PLUVIOMETRICA_AUTOMATICA,,60,24,BAIXA,TRUE,365,192,184,184,183,174,0.526027397260274,0.504109589041096,0.504109589041096,0.501369863013699,0.476712328767123,173,75,7,5
CEMADEN,260845301A,2022,LAGOA DO CARRO - APAC,PLUVIOMETRICA_AUTOMATICA,,60,24,BAIXA,TRUE,365,365,356,355,354,341,1,0.975342465753425,0.972602739726027,0.96986301369863,0.934246575342466,5,146,12,12
CEMADEN,260845301A,2023,LAGOA DO CARRO - APAC,PLUVIOMETRICA_AUTOMATICA,,60,24,BAIXA,TRUE,365,365,365,364,360,346,1,1,0.997260273972603,0.986301369863014,0.947945205479452,1,139,12,12
CEMADEN,260845301A,2024,LAGOA DO CARRO - APAC,PLUVIOMETRICA_AUTOMATICA,,60,24,BAIXA,TRUE,366,366,364,364,363,357,1,0.994535519125683,0.994535519125683,0.991803278688525,0.975409836065574,2,114,12,12
CEMADEN,260845301A,2025,LAGOA DO CARRO - APAC,PLUVIOMETRICA_AUTOMATICA,,60,24,BAIXA,TRUE,365,266,265,265,263,249,0.728767123287671,0.726027397260274,0.726027397260274,0.72054794520548,0.682191780821918,100,120,9,8
CEMADEN,260850301A,2017,LAGOA DO ITAENGA - APAC,PLUVIOMETRICA_AUTOMATICA,,60,24,ALTA,FALSE,365,43,40,40,34,14,0.117808219178082,0.10958904109589,0.10958904109589,0.0931506849315068,0.0383561643835616,324,4,2,0
CEMADEN,260850301A,2018,LAGOA DO ITAENGA - APAC,PLUVIOMETRICA_AUTOMATICA,,60,24,BAIXA,TRUE,365,365,363,361,356,332,1,0.994520547945205,0.989041095890411,0.975342465753425,0.90958904109589,2,120,12,12
CEMADEN,260850301A,2019,LAGOA DO ITAENGA - APAC,PLUVIOMETRICA_AUTOMATICA,,60,24,BAIXA,TRUE,365,352,330,327,326,320,0.964383561643836,0.904109589041096,0.895890410958904,0.893150684931507,0.876712328767123,12,119,12,8
CEMADEN,260850301A,2020,LAGOA DO ITAENGA - APAC,PLUVIOMETRICA_AUTOMATICA,,60,24,BAIXA,TRUE,366,353,309,293,271,238,0.96448087431694,0.844262295081967,0.800546448087432,0.740437158469945,0.650273224043716,35,135,12,8
CEMADEN,260850301A,2021,LAGOA DO ITAENGA - APAC,PLUVIOMETRICA_AUTOMATICA,,60,24,BAIXA,TRUE,365,197,192,190,187,173,0.53972602739726,0.526027397260274,0.520547945205479,0.512328767123288,0.473972602739726,159,70,8,5
CEMADEN,260850301A,2022,LAGOA DO ITAENGA - APAC,PLUVIOMETRICA_AUTOMATICA,,60,24,BAIXA,TRUE,365,365,359,356,356,342,1,0.983561643835616,0.975342465753425,0.975342465753425,0.936986301369863,2,130,12,12
CEMADEN,260850301A,2023,LAGOA DO ITAENGA - APAC,PLUVIOMETRICA_AUTOMATICA,,60,24,BAIXA,TRUE,365,365,364,363,362,352,1,0.997260273972603,0.994520547945205,0.991780821917808,0.964383561643836,1,135,12,12
CEMADEN,260850301A,2024,LAGOA DO ITAENGA - APAC,PLUVIOMETRICA_AUTOMATICA,,60,24,BAIXA,TRUE,366,347,326,325,323,319,0.948087431693989,0.890710382513661,0.887978142076503,0.882513661202186,0.871584699453552,15,104,12,9
CEMADEN,260850301A,2025,LAGOA DO ITAENGA - APAC,PLUVIOMETRICA_AUTOMATICA,,60,24,BAIXA,TRUE,365,231,222,221,220,215,0.632876712328767,0.608219178082192,0.605479452054795,0.602739726027397,0.589041095890411,119,98,9,7
CEMADEN,260860201A,2017,LAGOA DO OURO - APAC,PLUVIOMETRICA_AUTOMATICA,,60,24,BAIXA,TRUE,365,18,17,17,17,8,0.0493150684931507,0.0465753424657534,0.0465753424657534,0.0465753424657534,0.0219178082191781,348,3,1,0
CEMADEN,260860201A,2018,LAGOA DO OURO - APAC,PLUVIOMETRICA_AUTOMATICA,,60,24,BAIXA,TRUE,365,365,362,361,359,339,1,0.991780821917808,0.989041095890411,0.983561643835616,0.928767123287671,2,135,12,12
CEMADEN,260860201A,2019,LAGOA DO OURO - APAC,PLUVIOMETRICA_AUTOMATICA,,60,24,BAIXA,TRUE,365,353,336,335,335,328,0.967123287671233,0.920547945205479,0.917808219178082,0.917808219178082,0.898630136986301,11,119,12,9
CEMADEN,260860201A,2020,LAGOA DO OURO - APAC,PLUVIOMETRICA_AUTOMATICA,,60,24,BAIXA,TRUE,366,286,189,166,137,114,0.781420765027322,0.516393442622951,0.453551912568306,0.37431693989071,0.311475409836066,162,74,11,2
CEMADEN,260860201A,2021,LAGOA DO OURO - APAC,PLUVIOMETRICA_AUTOMATICA,,60,24,BAIXA,TRUE,365,365,356,340,298,213,1,0.975342465753425,0.931506849315068,0.816438356164383,0.583561643835617,8,133,12,8
CEMADEN,260860201A,2022,LAGOA DO OURO - APAC,PLUVIOMETRICA_AUTOMATICA,,60,24,BAIXA,TRUE,365,365,360,357,351,325,1,0.986301369863014,0.978082191780822,0.961643835616438,0.89041095890411,4,160,12,12
CEMADEN,260860201A,2023,LAGOA DO OURO - APAC,PLUVIOMETRICA_AUTOMATICA,,60,24,BAIXA,TRUE,365,335,302,302,301,291,0.917808219178082,0.827397260273973,0.827397260273973,0.824657534246575,0.797260273972603,62,95,12,9
CEMADEN,260860201A,2024,LAGOA DO OURO - APAC,PLUVIOMETRICA_AUTOMATICA,,60,24,BAIXA,TRUE,366,330,310,301,296,286,0.901639344262295,0.846994535519126,0.822404371584699,0.808743169398907,0.781420765027322,25,124,12,9
CEMADEN,260860201A,2025,LAGOA DO OURO - APAC,PLUVIOMETRICA_AUTOMATICA,,60,24,BAIXA,TRUE,365,365,364,360,359,351,1,0.997260273972603,0.986301369863014,0.983561643835616,0.961643835616438,2,143,12,12
CEMADEN,260870101A,2017,LAGOA DOS GATOS - APAC,PLUVIOMETRICA_AUTOMATICA,,60,24,BAIXA,TRUE,365,32,30,30,29,17,0.0876712328767123,0.0821917808219178,0.0821917808219178,0.0794520547945206,0.0465753424657534,334,4,2,1
CEMADEN,260870101A,2018,LAGOA DOS GATOS - APAC,PLUVIOMETRICA_AUTOMATICA,,60,24,BAIXA,TRUE,365,362,357,357,352,325,0.991780821917808,0.978082191780822,0.978082191780822,0.964383561643836,0.89041095890411,5,128,12,12
CEMADEN,260870101A,2019,LAGOA DOS GATOS - APAC,PLUVIOMETRICA_AUTOMATICA,,60,24,BAIXA,TRUE,365,292,260,256,256,247,0.8,0.712328767123288,0.701369863013699,0.701369863013699,0.676712328767123,47,109,11,7
CEMADEN,260870101A,2020,LAGOA DOS GATOS - APAC,PLUVIOMETRICA_AUTOMATICA,,60,24,BAIXA,TRUE,366,366,359,355,345,293,1,0.980874316939891,0.969945355191257,0.942622950819672,0.800546448087432,2,140,12,11
CEMADEN,260870101A,2021,LAGOA DOS GATOS - APAC,PLUVIOMETRICA_AUTOMATICA,,60,24,BAIXA,TRUE,365,361,236,235,233,216,0.989041095890411,0.646575342465753,0.643835616438356,0.638356164383562,0.591780821917808,56,103,12,7
CEMADEN,260870101A,2022,LAGOA DOS GATOS - APAC,PLUVIOMETRICA_AUTOMATICA,,10,144,BAIXA,TRUE,365,345,2,2,2,0,0.945205479452055,0.00547945205479452,0.00547945205479452,0.00547945205479452,0,285,0,12,0
CEMADEN,260870101A,2023,LAGOA DOS GATOS - APAC,PLUVIOMETRICA_AUTOMATICA,,60,24,BAIXA,TRUE,365,365,364,363,363,348,1,0.997260273972603,0.994520547945205,0.994520547945205,0.953424657534246,1,160,12,12
CEMADEN,260870101A,2024,LAGOA DOS GATOS - APAC,PLUVIOMETRICA_AUTOMATICA,,60,24,BAIXA,TRUE,366,366,364,364,364,360,1,0.994535519125683,0.994535519125683,0.994535519125683,0.983606557377049,2,155,12,12
CEMADEN,260870101A,2025,LAGOA DOS GATOS - APAC,PLUVIOMETRICA_AUTOMATICA,,60,24,BAIXA,TRUE,365,365,364,364,362,355,1,0.997260273972603,0.997260273972603,0.991780821917808,0.972602739726027,1,151,12,12
CEMADEN,260870102A,2025,G2-260870102A,PLUVIOMETRICA_AUTOMATICA,,60,24,ALTA,FALSE,365,98,97,95,90,71,0.268493150684932,0.265753424657534,0.26027397260274,0.246575342465753,0.194520547945205,255,14,4,3
CEMADEN,260870103A,2025,G2-260870103A,PLUVIOMETRICA_AUTOMATICA,,60,24,ALTA,FALSE,365,111,107,107,106,98,0.304109589041096,0.293150684931507,0.293150684931507,0.29041095890411,0.268493150684932,255,16,4,3
CEMADEN,260875001A,2017,Jutaí,PLUVIOMETRICA_AUTOMATICA,,60,24,ALTA,FALSE,365,158,153,153,151,136,0.432876712328767,0.419178082191781,0.419178082191781,0.413698630136986,0.372602739726027,177,20,7,4
CEMADEN,260875001A,2018,Jutaí,PLUVIOMETRICA_AUTOMATICA,,60,24,BAIXA,TRUE,365,365,361,360,354,334,1,0.989041095890411,0.986301369863014,0.96986301369863,0.915068493150685,3,46,12,12
CEMADEN,260875001A,2019,Jutaí,PLUVIOMETRICA_AUTOMATICA,,60,24,BAIXA,TRUE,365,346,324,319,318,287,0.947945205479452,0.887671232876712,0.873972602739726,0.871232876712329,0.786301369863014,15,42,12,9
CEMADEN,260875001A,2020,Jutaí,PLUVIOMETRICA_AUTOMATICA,,60,24,BAIXA,TRUE,366,207,128,121,118,106,0.565573770491803,0.349726775956284,0.330601092896175,0.3224043715847,0.289617486338798,135,41,11,4
CEMADEN,260875001A,2021,Jutaí,PLUVIOMETRICA_AUTOMATICA,,60,24,BAIXA,TRUE,365,289,276,274,267,240,0.791780821917808,0.756164383561644,0.750684931506849,0.731506849315069,0.657534246575342,71,38,10,8
CEMADEN,260875001A,2022,Jutaí,PLUVIOMETRICA_AUTOMATICA,,60,24,BAIXA,TRUE,365,365,353,350,348,334,1,0.967123287671233,0.958904109589041,0.953424657534246,0.915068493150685,5,63,12,12
CEMADEN,260875001A,2023,Jutaí,PLUVIOMETRICA_AUTOMATICA,,60,24,ALTA,FALSE,365,365,362,362,357,332,1,0.991780821917808,0.991780821917808,0.978082191780822,0.90958904109589,2,51,12,12
CEMADEN,260875001A,2024,Jutaí,PLUVIOMETRICA_AUTOMATICA,,60,24,BAIXA,TRUE,366,362,359,358,357,347,0.989071038251366,0.980874316939891,0.978142076502732,0.975409836065574,0.948087431693989,6,63,12,12
CEMADEN,260875001A,2025,Jutaí,PLUVIOMETRICA_AUTOMATICA,,60,24,ALTA,FALSE,365,365,361,358,345,322,1,0.989041095890411,0.980821917808219,0.945205479452055,0.882191780821918,2,37,12,12
CEMADEN,260875001U,2018,LAGOA GRANDE,PLUVIOMETRICA_AUTOMATICA,,60,24,BAIXA,TRUE,365,74,56,55,55,54,0.202739726027397,0.153424657534247,0.150684931506849,0.150684931506849,0.147945205479452,163,7,7,0
CEMADEN,260875001U,2019,LAGOA GRANDE,PLUVIOMETRICA_AUTOMATICA,,60,24,BAIXA,TRUE,365,74,64,64,64,64,0.202739726027397,0.175342465753425,0.175342465753425,0.175342465753425,0.175342465753425,264,14,4,0
CEMADEN,260875001U,2023,LAGOA GRANDE,PLUVIOMETRICA_AUTOMATICA,,60,24,ALTA,FALSE,365,76,60,60,60,60,0.208219178082192,0.164383561643836,0.164383561643836,0.164383561643836,0.164383561643836,154,8,7,1
CEMADEN,260875001U,2024,LAGOA GRANDE,PLUVIOMETRICA_AUTOMATICA,,60,24,BAIXA,TRUE,366,291,268,268,268,265,0.795081967213115,0.73224043715847,0.73224043715847,0.73224043715847,0.724043715846995,22,49,12,5
CEMADEN,260875001U,2025,LAGOA GRANDE,PLUVIOMETRICA_AUTOMATICA,,60,24,ALTA,FALSE,365,344,342,341,340,338,0.942465753424658,0.936986301369863,0.934246575342466,0.931506849315068,0.926027397260274,22,32,12,11
CEMADEN,260875002A,2024,Lagoa Grande [Antena Oi] - APAC,PLUVIOMETRICA_AUTOMATICA,,60,24,ALTA,FALSE,366,272,40,14,12,8,0.743169398907104,0.109289617486339,0.0382513661202186,0.0327868852459016,0.0218579234972678,82,8,11,0
CEMADEN,260875002A,2025,Lagoa Grande [Antena Oi] - APAC,PLUVIOMETRICA_AUTOMATICA,,60,24,ALTA,FALSE,365,303,41,21,18,10,0.83013698630137,0.112328767123288,0.0575342465753425,0.0493150684931507,0.0273972602739726,120,6,12,0
CEMADEN,260880001A,2017,Centro,PLUVIOMETRICA_AUTOMATICA,,60,24,BAIXA,TRUE,365,364,362,361,360,354,0.997260273972603,0.991780821917808,0.989041095890411,0.986301369863014,0.96986301369863,2,152,12,12
CEMADEN,260880001A,2018,Centro,PLUVIOMETRICA_AUTOMATICA,,60,24,BAIXA,TRUE,365,365,359,359,355,345,1,0.983561643835616,0.983561643835616,0.972602739726027,0.945205479452055,3,102,12,12
CEMADEN,260880001A,2019,Centro,PLUVIOMETRICA_AUTOMATICA,,60,24,BAIXA,TRUE,365,361,345,342,338,324,0.989041095890411,0.945205479452055,0.936986301369863,0.926027397260274,0.887671232876712,6,104,12,11
CEMADEN,260880001A,2020,Centro,PLUVIOMETRICA_AUTOMATICA,,60,24,BAIXA,TRUE,366,366,357,352,345,334,1,0.975409836065574,0.961748633879781,0.942622950819672,0.912568306010929,2,129,12,12
CEMADEN,260880001A,2021,Centro,PLUVIOMETRICA_AUTOMATICA,,60,24,BAIXA,TRUE,365,365,363,363,358,337,1,0.994520547945205,0.994520547945205,0.980821917808219,0.923287671232877,2,121,12,12
CEMADEN,260880001A,2022,Centro,PLUVIOMETRICA_AUTOMATICA,,60,24,BAIXA,TRUE,365,365,360,355,353,344,1,0.986301369863014,0.972602739726027,0.967123287671233,0.942465753424658,5,142,12,12
CEMADEN,260880001A,2023,Centro,PLUVIOMETRICA_AUTOMATICA,,60,24,BAIXA,TRUE,365,346,343,342,341,337,0.947945205479452,0.93972602739726,0.936986301369863,0.934246575342466,0.923287671232877,22,122,12,11
CEMADEN,260880001A,2024,Centro,PLUVIOMETRICA_AUTOMATICA,,60,24,BAIXA,TRUE,366,352,314,313,312,306,0.961748633879781,0.85792349726776,0.855191256830601,0.852459016393443,0.836065573770492,36,125,12,10
CEMADEN,260880001A,2025,Centro,PLUVIOMETRICA_AUTOMATICA,,60,24,BAIXA,TRUE,365,281,120,119,119,115,0.76986301369863,0.328767123287671,0.326027397260274,0.326027397260274,0.315068493150685,154,54,12,4
CEMADEN,260880001C,2017,LAJEDO,PLUVIOMETRICA_AUTOMATICA,,10,144,ALTA,FALSE,365,110,14,13,13,11,0.301369863013699,0.0383561643835616,0.0356164383561644,0.0356164383561644,0.0301369863013699,180,0,10,0
CEMADEN,260880001C,2018,LAJEDO,PLUVIOMETRICA_AUTOMATICA,,60,24,BAIXA,TRUE,365,299,284,284,283,282,0.819178082191781,0.778082191780822,0.778082191780822,0.775342465753425,0.772602739726028,48,84,12,8
CEMADEN,260880001C,2019,LAJEDO,PLUVIOMETRICA_AUTOMATICA,,60,24,ALTA,FALSE,365,326,263,263,261,260,0.893150684931507,0.72054794520548,0.72054794520548,0.715068493150685,0.712328767123288,54,46,12,7
CEMADEN,260880001C,2020,LAJEDO,PLUVIOMETRICA_AUTOMATICA,,60,24,ALTA,FALSE,366,260,52,47,43,42,0.710382513661202,0.14207650273224,0.128415300546448,0.117486338797814,0.114754098360656,275,12,10,1
CEMADEN,260880001C,2021,LAJEDO,PLUVIOMETRICA_AUTOMATICA,,60,24,ALTA,FALSE,365,289,81,41,22,9,0.791780821917808,0.221917808219178,0.112328767123288,0.0602739726027397,0.0246575342465753,110,0,12,0
CEMADEN,260880001C,2022,LAJEDO,PLUVIOMETRICA_AUTOMATICA,,60,24,ALTA,FALSE,365,201,30,13,5,3,0.550684931506849,0.0821917808219178,0.0356164383561644,0.0136986301369863,0.00821917808219178,225,3,8,0
CEMADEN,260880001C,2023,LAJEDO,PLUVIOMETRICA_AUTOMATICA,,60,24,ALTA,FALSE,365,105,7,3,1,0,0.287671232876712,0.0191780821917808,0.00821917808219178,0.00273972602739726,0,305,0,5,0
CEMADEN,260880001C,2024,LAJEDO,PLUVIOMETRICA_AUTOMATICA,,60,24,MEDIA,FALSE,366,23,4,3,2,0,0.0628415300546448,0.0109289617486339,0.00819672131147541,0.00546448087431694,0,353,0,3,0
CEMADEN,260890901A,2017,LIMOEIRO - APAC,PLUVIOMETRICA_AUTOMATICA,,60,24,BAIXA,TRUE,365,20,16,16,15,7,0.0547945205479452,0.0438356164383562,0.0438356164383562,0.0410958904109589,0.0191780821917808,338,2,1,0
CEMADEN,260890901A,2018,LIMOEIRO - APAC,PLUVIOMETRICA_AUTOMATICA,,60,24,BAIXA,TRUE,365,365,362,358,351,326,1,0.991780821917808,0.980821917808219,0.961643835616438,0.893150684931507,3,97,12,11
CEMADEN,260890901A,2019,LIMOEIRO - APAC,PLUVIOMETRICA_AUTOMATICA,,60,24,BAIXA,TRUE,365,349,338,336,336,323,0.956164383561644,0.926027397260274,0.920547945205479,0.920547945205479,0.884931506849315,11,111,12,10
CEMADEN,260890901A,2020,LIMOEIRO - APAC,PLUVIOMETRICA_AUTOMATICA,,60,24,BAIXA,TRUE,366,286,281,281,280,268,0.781420765027322,0.76775956284153,0.76775956284153,0.765027322404372,0.73224043715847,64,106,10,9
CEMADEN,260890901A,2021,LIMOEIRO - APAC,PLUVIOMETRICA_AUTOMATICA,,60,24,BAIXA,TRUE,365,147,146,145,143,138,0.402739726027397,0.4,0.397260273972603,0.391780821917808,0.378082191780822,219,30,5,4
CEMADEN,260890901A,2022,LIMOEIRO - APAC,PLUVIOMETRICA_AUTOMATICA,,60,24,BAIXA,TRUE,365,347,341,337,334,325,0.950684931506849,0.934246575342466,0.923287671232877,0.915068493150685,0.89041095890411,21,139,12,11
CEMADEN,260890901A,2023,LIMOEIRO - APAC,PLUVIOMETRICA_AUTOMATICA,,60,24,BAIXA,TRUE,365,283,258,258,255,255,0.775342465753425,0.706849315068493,0.706849315068493,0.698630136986301,0.698630136986301,107,97,12,8
CEMADEN,260890901A,2024,LIMOEIRO - APAC,PLUVIOMETRICA_AUTOMATICA,,60,24,BAIXA,TRUE,366,366,364,364,364,362,1,0.994535519125683,0.994535519125683,0.994535519125683,0.989071038251366,2,114,12,12
CEMADEN,260890901A,2025,LIMOEIRO - APAC,PLUVIOMETRICA_AUTOMATICA,,60,24,BAIXA,TRUE,365,365,365,365,364,360,1,1,1,0.997260273972603,0.986301369863014,1,122,12,12
CEMADEN,260900601A,2017,MACAPARANA - APAC,PLUVIOMETRICA_AUTOMATICA,,60,24,ALTA,FALSE,365,41,39,39,37,24,0.112328767123288,0.106849315068493,0.106849315068493,0.101369863013699,0.0657534246575342,326,5,2,1
CEMADEN,260900601A,2018,MACAPARANA - APAC,PLUVIOMETRICA_AUTOMATICA,,60,24,BAIXA,TRUE,365,365,365,365,363,351,1,1,1,0.994520547945205,0.961643835616438,1,117,12,12
CEMADEN,260900601A,2019,MACAPARANA - APAC,PLUVIOMETRICA_AUTOMATICA,,60,24,BAIXA,TRUE,365,351,343,342,342,335,0.961643835616438,0.93972602739726,0.936986301369863,0.936986301369863,0.917808219178082,11,134,12,11
CEMADEN,260900601A,2020,MACAPARANA - APAC,PLUVIOMETRICA_AUTOMATICA,,60,24,BAIXA,TRUE,366,182,7,6,6,6,0.497267759562842,0.0191256830601093,0.0163934426229508,0.0163934426229508,0.0163934426229508,359,0,7,0
CEMADEN,260900601A,2021,MACAPARANA - APAC,PLUVIOMETRICA_AUTOMATICA,,60,24,BAIXA,TRUE,365,175,172,172,171,163,0.479452054794521,0.471232876712329,0.471232876712329,0.468493150684932,0.446575342465753,164,60,7,5
CEMADEN,260900601A,2022,MACAPARANA - APAC,PLUVIOMETRICA_AUTOMATICA,,60,24,BAIXA,TRUE,365,65,54,53,53,50,0.178082191780822,0.147945205479452,0.145205479452055,0.145205479452055,0.136986301369863,133,17,3,1
CEMADEN,260900601A,2023,MACAPARANA - APAC,PLUVIOMETRICA_AUTOMATICA,,60,24,BAIXA,TRUE,365,365,362,360,354,338,1,0.991780821917808,0.986301369863014,0.96986301369863,0.926027397260274,3,129,12,12
CEMADEN,260900601A,2024,MACAPARANA - APAC,PLUVIOMETRICA_AUTOMATICA,,60,24,BAIXA,TRUE,366,358,346,346,344,336,0.978142076502732,0.945355191256831,0.945355191256831,0.939890710382514,0.918032786885246,9,117,12,10
CEMADEN,260900601A,2025,MACAPARANA - APAC,PLUVIOMETRICA_AUTOMATICA,,60,24,BAIXA,TRUE,365,219,211,209,206,204,0.6,0.578082191780822,0.572602739726027,0.564383561643836,0.558904109589041,120,109,10,5
CEMADEN,260910501A,2017,MACHADOS - APAC,PLUVIOMETRICA_AUTOMATICA,,60,24,MEDIA,FALSE,365,29,27,27,25,14,0.0794520547945206,0.073972602739726,0.073972602739726,0.0684931506849315,0.0383561643835616,338,3,1,1
CEMADEN,260910501A,2018,MACHADOS - APAC,PLUVIOMETRICA_AUTOMATICA,,60,24,BAIXA,TRUE,365,365,365,365,362,318,1,1,1,0.991780821917808,0.871232876712329,1,127,12,12
CEMADEN,260910501A,2019,MACHADOS - APAC,PLUVIOMETRICA_AUTOMATICA,,60,24,BAIXA,TRUE,365,350,336,332,330,300,0.958904109589041,0.920547945205479,0.90958904109589,0.904109589041096,0.821917808219178,11,129,12,10
CEMADEN,260910501A,2020,MACHADOS - APAC,PLUVIOMETRICA_AUTOMATICA,,60,24,BAIXA,TRUE,366,366,362,362,354,305,1,0.989071038251366,0.989071038251366,0.967213114754098,0.833333333333333,1,133,12,12
CEMADEN,260910501A,2021,MACHADOS - APAC,PLUVIOMETRICA_AUTOMATICA,,60,24,BAIXA,TRUE,365,365,362,360,357,295,1,0.991780821917808,0.986301369863014,0.978082191780822,0.808219178082192,1,131,12,12
CEMADEN,260910501A,2022,MACHADOS - APAC,PLUVIOMETRICA_AUTOMATICA,,60,24,BAIXA,TRUE,365,365,362,360,359,327,1,0.991780821917808,0.986301369863014,0.983561643835616,0.895890410958904,1,156,12,12
CEMADEN,260910501A,2023,MACHADOS - APAC,PLUVIOMETRICA_AUTOMATICA,,60,24,BAIXA,TRUE,365,365,362,360,357,344,1,0.991780821917808,0.986301369863014,0.978082191780822,0.942465753424658,2,113,12,12
CEMADEN,260910501A,2024,MACHADOS - APAC,PLUVIOMETRICA_AUTOMATICA,,60,24,ALTA,FALSE,366,313,303,303,300,289,0.855191256830601,0.827868852459016,0.827868852459016,0.819672131147541,0.789617486338798,35,46,12,8
CEMADEN,260910501A,2025,MACHADOS - APAC,PLUVIOMETRICA_AUTOMATICA,,60,24,BAIXA,TRUE,365,324,307,306,302,299,0.887671232876712,0.841095890410959,0.838356164383562,0.827397260273973,0.819178082191781,24,93,12,9
CEMADEN,260915401A,2024,Manari [Maria Alzira] - APAC,PLUVIOMETRICA_AUTOMATICA,,60,24,BAIXA,TRUE,366,193,186,186,185,185,0.527322404371585,0.508196721311475,0.508196721311475,0.505464480874317,0.505464480874317,170,184,7,5
CEMADEN,260915401A,2025,Manari [Maria Alzira] - APAC,PLUVIOMETRICA_AUTOMATICA,,60,24,BAIXA,TRUE,365,365,365,365,363,360,1,1,1,0.994520547945205,0.986301369863014,1,239,12,12
CEMADEN,260915401C,2017,MANARI,PLUVIOMETRICA_AUTOMATICA,,10,144,ALTA,FALSE,365,124,50,47,44,44,0.33972602739726,0.136986301369863,0.128767123287671,0.120547945205479,0.120547945205479,157,0,9,0
CEMADEN,260915401C,2018,MANARI,PLUVIOMETRICA_AUTOMATICA,,60,24,BAIXA,TRUE,365,331,315,314,313,312,0.906849315068493,0.863013698630137,0.86027397260274,0.857534246575342,0.854794520547945,30,76,12,10
CEMADEN,260915401C,2019,MANARI,PLUVIOMETRICA_AUTOMATICA,,60,24,BAIXA,TRUE,365,90,62,60,55,51,0.246575342465753,0.16986301369863,0.164383561643836,0.150684931506849,0.13972602739726,281,8,6,0
CEMADEN,260915401C,2020,MANARI,PLUVIOMETRICA_AUTOMATICA,,60,24,BAIXA,TRUE,366,6,0,0,0,0,0.0163934426229508,0,0,0,0,366,0,3,0
CEMADEN,260920401A,2017,Centro,PLUVIOMETRICA_AUTOMATICA,,60,24,BAIXA,TRUE,365,365,365,364,363,360,1,1,0.997260273972603,0.994520547945205,0.986301369863014,2,200,12,12
CEMADEN,260920401A,2018,Centro,PLUVIOMETRICA_AUTOMATICA,,60,24,BAIXA,TRUE,365,365,362,361,360,356,1,0.991780821917808,0.989041095890411,0.986301369863014,0.975342465753425,2,139,12,12
CEMADEN,260920401A,2019,Centro,PLUVIOMETRICA_AUTOMATICA,,60,24,BAIXA,TRUE,365,205,199,196,192,188,0.561643835616438,0.545205479452055,0.536986301369863,0.526027397260274,0.515068493150685,156,96,7,6
CEMADEN,260920401A,2020,Centro,PLUVIOMETRICA_AUTOMATICA,,60,24,BAIXA,TRUE,366,190,186,185,180,172,0.519125683060109,0.508196721311475,0.505464480874317,0.491803278688525,0.469945355191257,177,68,7,6
CEMADEN,260920401A,2021,Centro,PLUVIOMETRICA_AUTOMATICA,,60,24,BAIXA,TRUE,365,364,357,355,352,331,0.997260273972603,0.978082191780822,0.972602739726027,0.964383561643836,0.906849315068493,5,147,12,12
CEMADEN,260920401A,2022,Centro,PLUVIOMETRICA_AUTOMATICA,,60,24,BAIXA,TRUE,365,306,252,250,248,227,0.838356164383562,0.69041095890411,0.684931506849315,0.679452054794521,0.621917808219178,79,87,11,8
CEMADEN,260920401A,2023,Centro,PLUVIOMETRICA_AUTOMATICA,,60,24,BAIXA,TRUE,365,357,237,210,194,184,0.978082191780822,0.649315068493151,0.575342465753425,0.531506849315069,0.504109589041096,46,87,12,4
CEMADEN,260920401A,2024,Centro,PLUVIOMETRICA_AUTOMATICA,,60,24,BAIXA,TRUE,366,295,246,233,229,223,0.806010928961749,0.672131147540984,0.636612021857924,0.62568306010929,0.609289617486339,66,118,11,5
CEMADEN,260920401A,2025,Centro,PLUVIOMETRICA_AUTOMATICA,,60,24,BAIXA,TRUE,365,364,350,350,345,339,0.997260273972603,0.958904109589041,0.958904109589041,0.945205479452055,0.928767123287671,6,162,12,12
CEMADEN,260920402A,2017,Sertãozinho de Cima,PLUVIOMETRICA_AUTOMATICA,,60,24,BAIXA,TRUE,365,365,365,365,365,360,1,1,1,1,0.986301369863014,0,201,12,12
CEMADEN,260920402A,2018,Sertãozinho de Cima,PLUVIOMETRICA_AUTOMATICA,,60,24,BAIXA,TRUE,365,365,364,361,358,348,1,0.997260273972603,0.989041095890411,0.980821917808219,0.953424657534246,3,159,12,12
CEMADEN,260920402A,2019,Sertãozinho de Cima,PLUVIOMETRICA_AUTOMATICA,,60,24,BAIXA,TRUE,365,362,338,333,326,314,0.991780821917808,0.926027397260274,0.912328767123288,0.893150684931507,0.86027397260274,11,140,12,9
CEMADEN,260920402A,2020,Sertãozinho de Cima,PLUVIOMETRICA_AUTOMATICA,,60,24,BAIXA,TRUE,366,365,355,350,337,305,0.997267759562842,0.969945355191257,0.956284153005464,0.920765027322404,0.833333333333333,4,145,12,10
CEMADEN,260920402A,2021,Sertãozinho de Cima,PLUVIOMETRICA_AUTOMATICA,,60,24,BAIXA,TRUE,365,363,356,356,354,338,0.994520547945205,0.975342465753425,0.975342465753425,0.96986301369863,0.926027397260274,8,177,12,11
CEMADEN,260920402A,2022,Sertãozinho de Cima,PLUVIOMETRICA_AUTOMATICA,,60,24,BAIXA,TRUE,365,155,151,151,151,147,0.424657534246575,0.413698630136986,0.413698630136986,0.413698630136986,0.402739726027397,210,79,6,5
CEMADEN,260920402A,2025,Sertãozinho de Cima,PLUVIOMETRICA_AUTOMATICA,,10,144,BAIXA,TRUE,365,2,0,0,0,0,0.00547945205479452,0,0,0,0,365,0,1,0
CEMADEN,260920403A,2019,MARAIAL - APAC,PLUVIOMETRICA_AUTOMATICA,,,1,BAIXA,FALSE,365,2,2,2,2,2,0.00547945205479452,0.00547945205479452,0.00547945205479452,0.00547945205479452,0.00547945205479452,251,0,1,0
CEMADEN,260920403A,2020,MARAIAL - APAC,PLUVIOMETRICA_AUTOMATICA,,10,144,BAIXA,TRUE,366,3,0,0,0,0,0.00819672131147541,0,0,0,0,366,0,1,0
CEMADEN,260930301A,2024,Mirandiba [Creche] - APAC,PLUVIOMETRICA_AUTOMATICA,,60,24,ALTA,FALSE,366,122,110,107,102,99,0.333333333333333,0.300546448087432,0.292349726775956,0.278688524590164,0.270491803278689,241,10,5,3
CEMADEN,260930301A,2025,Mirandiba [Creche] - APAC,PLUVIOMETRICA_AUTOMATICA,,60,24,BAIXA,TRUE,365,355,329,324,318,305,0.972602739726027,0.901369863013699,0.887671232876712,0.871232876712329,0.835616438356164,8,40,12,9
CEMADEN,260930301C,2017,MIRANDIBA,PLUVIOMETRICA_AUTOMATICA,,10,144,ALTA,FALSE,365,123,19,17,16,13,0.336986301369863,0.052054794520548,0.0465753424657534,0.0438356164383562,0.0356164383561644,179,0,10,0
CEMADEN,260930301C,2018,MIRANDIBA,PLUVIOMETRICA_AUTOMATICA,,60,24,BAIXA,TRUE,365,324,305,304,303,302,0.887671232876712,0.835616438356164,0.832876712328767,0.83013698630137,0.827397260273973,33,40,12,10
CEMADEN,260930301C,2019,MIRANDIBA,PLUVIOMETRICA_AUTOMATICA,,60,24,BAIXA,TRUE,365,227,204,204,204,203,0.621917808219178,0.558904109589041,0.558904109589041,0.558904109589041,0.556164383561644,87,38,9,5
CEMADEN,260930301C,2020,MIRANDIBA,PLUVIOMETRICA_AUTOMATICA,,60,24,BAIXA,TRUE,366,110,97,96,94,93,0.300546448087432,0.265027322404372,0.262295081967213,0.256830601092896,0.254098360655738,103,25,7,1
CEMADEN,260930301C,2022,MIRANDIBA,PLUVIOMETRICA_AUTOMATICA,,60,24,BAIXA,TRUE,365,182,178,178,178,172,0.498630136986301,0.487671232876712,0.487671232876712,0.487671232876712,0.471232876712329,179,22,7,5
CEMADEN,260930301C,2023,MIRANDIBA,PLUVIOMETRICA_AUTOMATICA,,60,24,ALTA,FALSE,365,323,303,301,301,287,0.884931506849315,0.83013698630137,0.824657534246575,0.824657534246575,0.786301369863014,22,26,12,8
CEMADEN,260930301C,2024,MIRANDIBA,PLUVIOMETRICA_AUTOMATICA,,60,24,BAIXA,TRUE,366,328,180,175,170,156,0.896174863387978,0.491803278688525,0.478142076502732,0.46448087431694,0.426229508196721,122,46,12,4
CEMADEN,260930301C,2025,MIRANDIBA,PLUVIOMETRICA_AUTOMATICA,,60,24,BAIXA,TRUE,365,320,287,287,286,281,0.876712328767123,0.786301369863014,0.786301369863014,0.783561643835617,0.76986301369863,44,36,12,9
CEMADEN,260940201A,2017,Bonança,PLUVIOMETRICA_AUTOMATICA,,60,24,BAIXA,TRUE,365,365,365,365,364,360,1,1,1,0.997260273972603,0.986301369863014,1,194,12,12
CEMADEN,260940201A,2018,Bonança,PLUVIOMETRICA_AUTOMATICA,,60,24,BAIXA,TRUE,365,365,364,364,363,354,1,0.997260273972603,0.997260273972603,0.994520547945205,0.96986301369863,2,149,12,12
CEMADEN,260940201A,2019,Bonança,PLUVIOMETRICA_AUTOMATICA,,60,24,BAIXA,TRUE,365,336,321,317,316,307,0.920547945205479,0.879452054794521,0.868493150684932,0.865753424657534,0.841095890410959,18,133,12,10
CEMADEN,260940201A,2020,Bonança,PLUVIOMETRICA_AUTOMATICA,,60,24,BAIXA,TRUE,366,198,190,189,187,183,0.540983606557377,0.519125683060109,0.516393442622951,0.510928961748634,0.5,168,83,7,5
CEMADEN,260940201A,2021,Bonança,PLUVIOMETRICA_AUTOMATICA,,60,24,BAIXA,TRUE,365,361,350,350,347,344,0.989041095890411,0.958904109589041,0.958904109589041,0.950684931506849,0.942465753424658,7,163,12,11
CEMADEN,260940201A,2022,Bonança,PLUVIOMETRICA_AUTOMATICA,,60,24,BAIXA,TRUE,365,249,243,243,239,234,0.682191780821918,0.665753424657534,0.665753424657534,0.654794520547945,0.641095890410959,93,145,10,7
CEMADEN,260940201A,2023,Bonança,PLUVIOMETRICA_AUTOMATICA,,60,24,BAIXA,TRUE,365,112,96,96,94,93,0.306849315068493,0.263013698630137,0.263013698630137,0.257534246575342,0.254794520547945,181,37,6,3
CEMADEN,260940201A,2024,Bonança,PLUVIOMETRICA_AUTOMATICA,,60,24,BAIXA,TRUE,366,366,364,364,364,361,1,0.994535519125683,0.994535519125683,0.994535519125683,0.986338797814208,2,147,12,12
CEMADEN,260940201A,2025,Bonança,PLUVIOMETRICA_AUTOMATICA,,60,24,BAIXA,TRUE,365,365,365,365,363,363,1,1,1,0.994520547945205,0.994520547945205,1,170,12,12
CEMADEN,260940202A,2017,Centro,PLUVIOMETRICA_AUTOMATICA,,60,24,BAIXA,TRUE,365,315,315,313,313,303,0.863013698630137,0.863013698630137,0.857534246575342,0.857534246575342,0.83013698630137,50,164,11,10
CEMADEN,260940202A,2018,Centro,PLUVIOMETRICA_AUTOMATICA,,60,24,BAIXA,TRUE,365,365,364,363,362,350,1,0.997260273972603,0.994520547945205,0.991780821917808,0.958904109589041,2,162,12,12
CEMADEN,260940202A,2019,Centro,PLUVIOMETRICA_AUTOMATICA,,60,24,BAIXA,TRUE,365,356,340,337,335,331,0.975342465753425,0.931506849315068,0.923287671232877,0.917808219178082,0.906849315068493,11,160,12,10
CEMADEN,260940202A,2020,Centro,PLUVIOMETRICA_AUTOMATICA,,60,24,BAIXA,TRUE,366,366,365,365,363,359,1,0.997267759562842,0.997267759562842,0.991803278688525,0.980874316939891,1,157,12,12
CEMADEN,260940202A,2021,Centro,PLUVIOMETRICA_AUTOMATICA,,60,24,BAIXA,TRUE,365,364,359,359,358,355,0.997260273972603,0.983561643835616,0.983561643835616,0.980821917808219,0.972602739726027,3,172,12,12
CEMADEN,260940202A,2022,Centro,PLUVIOMETRICA_AUTOMATICA,,60,24,BAIXA,TRUE,365,365,361,357,357,354,1,0.989041095890411,0.978082191780822,0.978082191780822,0.96986301369863,2,191,12,12
CEMADEN,260940202A,2023,Centro,PLUVIOMETRICA_AUTOMATICA,,60,24,BAIXA,TRUE,365,363,360,358,358,358,0.994520547945205,0.986301369863014,0.980821917808219,0.980821917808219,0.980821917808219,4,197,12,12
CEMADEN,260940202A,2024,Centro,PLUVIOMETRICA_AUTOMATICA,,60,24,BAIXA,TRUE,366,343,321,319,319,314,0.937158469945355,0.877049180327869,0.871584699453552,0.871584699453552,0.85792349726776,22,150,12,9
CEMADEN,260940202A,2025,Centro,PLUVIOMETRICA_AUTOMATICA,,60,24,BAIXA,TRUE,365,365,358,357,353,346,1,0.980821917808219,0.978082191780822,0.967123287671233,0.947945205479452,3,196,12,12
CEMADEN,260950101A,2017,Engenho Coqueiro,PLUVIOMETRICA_AUTOMATICA,,60,24,BAIXA,TRUE,365,363,359,358,357,351,0.994520547945205,0.983561643835616,0.980821917808219,0.978082191780822,0.961643835616438,3,151,12,12
CEMADEN,260950101A,2018,Engenho Coqueiro,PLUVIOMETRICA_AUTOMATICA,,60,24,BAIXA,TRUE,365,365,363,363,362,356,1,0.994520547945205,0.994520547945205,0.991780821917808,0.975342465753425,1,115,12,12
CEMADEN,260950101A,2019,Engenho Coqueiro,PLUVIOMETRICA_AUTOMATICA,,60,24,BAIXA,TRUE,365,354,337,335,334,324,0.96986301369863,0.923287671232877,0.917808219178082,0.915068493150685,0.887671232876712,11,122,12,10
CEMADEN,260950101A,2020,Engenho Coqueiro,PLUVIOMETRICA_AUTOMATICA,,60,24,BAIXA,TRUE,366,366,353,351,347,333,1,0.96448087431694,0.959016393442623,0.948087431693989,0.909836065573771,2,108,12,12
CEMADEN,260950101A,2021,Engenho Coqueiro,PLUVIOMETRICA_AUTOMATICA,,60,24,BAIXA,TRUE,365,332,286,284,280,251,0.90958904109589,0.783561643835617,0.778082191780822,0.767123287671233,0.687671232876712,36,84,12,9
CEMADEN,260950101A,2022,Engenho Coqueiro,PLUVIOMETRICA_AUTOMATICA,,60,24,BAIXA,TRUE,365,253,107,98,89,81,0.693150684931507,0.293150684931507,0.268493150684932,0.243835616438356,0.221917808219178,89,33,11,2
CEMADEN,260950101A,2023,Engenho Coqueiro,PLUVIOMETRICA_AUTOMATICA,,60,24,ALTA,FALSE,365,259,30,26,19,14,0.70958904109589,0.0821917808219178,0.0712328767123288,0.052054794520548,0.0383561643835616,133,3,10,0
CEMADEN,260950102A,2017,Centro,PLUVIOMETRICA_AUTOMATICA,,60,24,BAIXA,TRUE,365,365,362,362,359,355,1,0.991780821917808,0.991780821917808,0.983561643835616,0.972602739726027,2,151,12,12
CEMADEN,260950102A,2018,Centro,PLUVIOMETRICA_AUTOMATICA,,60,24,BAIXA,TRUE,365,365,363,363,361,353,1,0.994520547945205,0.994520547945205,0.989041095890411,0.967123287671233,2,115,12,12
CEMADEN,260950102A,2019,Centro,PLUVIOMETRICA_AUTOMATICA,,60,24,BAIXA,TRUE,365,353,337,334,331,317,0.967123287671233,0.923287671232877,0.915068493150685,0.906849315068493,0.868493150684932,11,118,12,10
CEMADEN,260950102A,2020,Centro,PLUVIOMETRICA_AUTOMATICA,,60,24,BAIXA,TRUE,366,366,355,350,347,330,1,0.969945355191257,0.956284153005464,0.948087431693989,0.901639344262295,2,101,12,12
CEMADEN,260950102A,2021,Centro,PLUVIOMETRICA_AUTOMATICA,,60,24,BAIXA,TRUE,365,168,167,166,166,157,0.46027397260274,0.457534246575342,0.454794520547945,0.454794520547945,0.43013698630137,199,50,7,5
CEMADEN,260950102A,2022,Centro,PLUVIOMETRICA_AUTOMATICA,,60,24,BAIXA,TRUE,365,159,153,151,151,145,0.435616438356164,0.419178082191781,0.413698630136986,0.413698630136986,0.397260273972603,208,47,6,4
CEMADEN,260950102A,2023,Centro,PLUVIOMETRICA_AUTOMATICA,,60,24,BAIXA,TRUE,365,365,364,364,363,343,1,0.997260273972603,0.997260273972603,0.994520547945205,0.93972602739726,1,129,12,12
CEMADEN,260950102A,2024,Centro,PLUVIOMETRICA_AUTOMATICA,,60,24,BAIXA,TRUE,366,366,364,364,364,362,1,0.994535519125683,0.994535519125683,0.994535519125683,0.989071038251366,2,114,12,12
CEMADEN,260950102A,2025,Centro,PLUVIOMETRICA_AUTOMATICA,,60,24,BAIXA,TRUE,365,365,365,365,364,362,1,1,1,0.997260273972603,0.991780821917808,1,138,12,12
CEMADEN,260950103A,2017,Fazenda Sertãozinho,PLUVIOMETRICA_AUTOMATICA,,60,24,BAIXA,TRUE,365,352,344,344,339,336,0.964383561643836,0.942465753424658,0.942465753424658,0.928767123287671,0.920547945205479,11,133,12,11
CEMADEN,260950103A,2018,Fazenda Sertãozinho,PLUVIOMETRICA_AUTOMATICA,,60,24,BAIXA,TRUE,365,365,362,362,361,357,1,0.991780821917808,0.991780821917808,0.989041095890411,0.978082191780822,2,115,12,12
CEMADEN,260950103A,2019,Fazenda Sertãozinho,PLUVIOMETRICA_AUTOMATICA,,60,24,BAIXA,TRUE,365,353,338,334,329,320,0.967123287671233,0.926027397260274,0.915068493150685,0.901369863013699,0.876712328767123,11,110,12,10
CEMADEN,260950103A,2020,Fazenda Sertãozinho,PLUVIOMETRICA_AUTOMATICA,,60,24,BAIXA,TRUE,366,366,355,353,350,339,1,0.969945355191257,0.96448087431694,0.956284153005464,0.926229508196721,2,111,12,12
CEMADEN,260950103A,2021,Fazenda Sertãozinho,PLUVIOMETRICA_AUTOMATICA,,60,24,BAIXA,TRUE,365,353,350,349,348,325,0.967123287671233,0.958904109589041,0.956164383561644,0.953424657534246,0.89041095890411,14,125,12,11
CEMADEN,260950103A,2022,Fazenda Sertãozinho,PLUVIOMETRICA_AUTOMATICA,,60,24,BAIXA,TRUE,365,365,356,355,353,335,1,0.975342465753425,0.972602739726027,0.967123287671233,0.917808219178082,5,140,12,12
CEMADEN,260950103A,2023,Fazenda Sertãozinho,PLUVIOMETRICA_AUTOMATICA,,60,24,BAIXA,TRUE,365,365,364,363,363,358,1,0.997260273972603,0.994520547945205,0.994520547945205,0.980821917808219,1,148,12,12
CEMADEN,260950103A,2024,Fazenda Sertãozinho,PLUVIOMETRICA_AUTOMATICA,,60,24,BAIXA,TRUE,366,68,65,65,65,64,0.185792349726776,0.177595628415301,0.177595628415301,0.177595628415301,0.174863387978142,299,19,3,2
CEMADEN,260950103A,2025,Fazenda Sertãozinho,PLUVIOMETRICA_AUTOMATICA,,,1,BAIXA,FALSE,365,2,2,2,2,2,0.00547945205479452,0.00547945205479452,0.00547945205479452,0.00547945205479452,0.00547945205479452,278,0,2,0
CEMADEN,260950104A,2017,NAZARE DA MATA - APAC,PLUVIOMETRICA_AUTOMATICA,,60,24,ALTA,FALSE,365,43,40,39,38,21,0.117808219178082,0.10958904109589,0.106849315068493,0.104109589041096,0.0575342465753425,324,3,2,1
CEMADEN,260950104A,2018,NAZARE DA MATA - APAC,PLUVIOMETRICA_AUTOMATICA,,60,24,BAIXA,TRUE,365,365,360,359,356,335,1,0.986301369863014,0.983561643835616,0.975342465753425,0.917808219178082,2,114,12,12
CEMADEN,260950104A,2019,NAZARE DA MATA - APAC,PLUVIOMETRICA_AUTOMATICA,,60,24,BAIXA,TRUE,365,352,335,332,330,320,0.964383561643836,0.917808219178082,0.90958904109589,0.904109589041096,0.876712328767123,11,125,12,11
CEMADEN,260950104A,2020,NAZARE DA MATA - APAC,PLUVIOMETRICA_AUTOMATICA,,60,24,BAIXA,TRUE,366,352,350,347,347,336,0.961748633879781,0.956284153005464,0.948087431693989,0.948087431693989,0.918032786885246,16,98,12,11
CEMADEN,260950104A,2021,NAZARE DA MATA - APAC,PLUVIOMETRICA_AUTOMATICA,,60,24,BAIXA,TRUE,365,198,92,88,86,81,0.542465753424658,0.252054794520548,0.241095890410959,0.235616438356164,0.221917808219178,162,44,8,2
CEMADEN,260950104A,2022,NAZARE DA MATA - APAC,PLUVIOMETRICA_AUTOMATICA,,60,24,BAIXA,TRUE,365,213,201,200,198,191,0.583561643835617,0.550684931506849,0.547945205479452,0.542465753424658,0.523287671232877,108,77,9,6
CEMADEN,260960001A,2017,Águas Compridas,PLUVIOMETRICA_AUTOMATICA,,10,144,ALTA,FALSE,365,365,50,50,49,17,1,0.136986301369863,0.136986301369863,0.134246575342466,0.0465753424657534,172,0,12,1
CEMADEN,260960001A,2018,Águas Compridas,PLUVIOMETRICA_AUTOMATICA,,60,24,BAIXA,TRUE,365,332,330,330,329,322,0.90958904109589,0.904109589041096,0.904109589041096,0.901369863013699,0.882191780821918,34,182,11,11
CEMADEN,260960001A,2019,Águas Compridas,PLUVIOMETRICA_AUTOMATICA,,60,24,BAIXA,TRUE,365,104,66,64,60,52,0.284931506849315,0.180821917808219,0.175342465753425,0.164383561643836,0.142465753424658,166,33,6,0
CEMADEN,260960001A,2020,Águas Compridas,PLUVIOMETRICA_AUTOMATICA,,60,24,BAIXA,TRUE,366,105,71,68,63,61,0.286885245901639,0.193989071038251,0.185792349726776,0.172131147540984,0.166666666666667,157,40,5,1
CEMADEN,260960001A,2021,Águas Compridas,PLUVIOMETRICA_AUTOMATICA,,60,24,BAIXA,TRUE,365,306,301,301,301,299,0.838356164383562,0.824657534246575,0.824657534246575,0.824657534246575,0.819178082191781,58,166,11,10
CEMADEN,260960001A,2022,Águas Compridas,PLUVIOMETRICA_AUTOMATICA,,60,24,BAIXA,TRUE,365,365,363,361,361,360,1,0.994520547945205,0.989041095890411,0.989041095890411,0.986301369863014,1,255,12,12
CEMADEN,260960001A,2023,Águas Compridas,PLUVIOMETRICA_AUTOMATICA,,60,24,BAIXA,TRUE,365,363,360,360,360,359,0.994520547945205,0.986301369863014,0.986301369863014,0.986301369863014,0.983561643835616,4,207,12,12
CEMADEN,260960001A,2024,Águas Compridas,PLUVIOMETRICA_AUTOMATICA,,60,24,BAIXA,TRUE,366,103,86,85,85,84,0.281420765027322,0.234972677595628,0.23224043715847,0.23224043715847,0.229508196721311,143,48,7,2
CEMADEN,260960001G,2019,Caixa D'Água,PLUVIOMETRICA_AUTOMATICA,,60,24,ALTA,FALSE,365,93,87,83,76,65,0.254794520547945,0.238356164383562,0.227397260273973,0.208219178082192,0.178082191780822,273,11,4,2
CEMADEN,260960001G,2020,Caixa D'Água,PLUVIOMETRICA_AUTOMATICA,,60,24,BAIXA,TRUE,366,356,341,339,324,285,0.972677595628415,0.931693989071038,0.926229508196721,0.885245901639344,0.778688524590164,9,133,12,10
CEMADEN,260960001G,2021,Caixa D'Água,PLUVIOMETRICA_AUTOMATICA,,60,24,BAIXA,TRUE,365,362,358,357,356,355,0.991780821917808,0.980821917808219,0.978082191780822,0.975342465753425,0.972602739726027,6,170,12,12
CEMADEN,260960001G,2022,Caixa D'Água,PLUVIOMETRICA_AUTOMATICA,,60,24,BAIXA,TRUE,365,365,359,356,355,352,1,0.983561643835616,0.975342465753425,0.972602739726027,0.964383561643836,4,182,12,12
CEMADEN,260960001G,2023,Caixa D'Água,PLUVIOMETRICA_AUTOMATICA,,60,24,BAIXA,TRUE,365,364,361,361,361,360,0.997260273972603,0.989041095890411,0.989041095890411,0.989041095890411,0.986301369863014,3,176,12,12
CEMADEN,260960001G,2024,Caixa D'Água,PLUVIOMETRICA_AUTOMATICA,,60,24,BAIXA,TRUE,366,324,251,224,219,210,0.885245901639344,0.685792349726776,0.612021857923497,0.598360655737705,0.573770491803279,73,110,12,6
CEMADEN,260960001G,2025,Caixa D'Água,PLUVIOMETRICA_AUTOMATICA,,10,144,BAIXA,TRUE,365,33,0,0,0,0,0.0904109589041096,0,0,0,0,365,0,4,0
CEMADEN,260960002A,2017,Aguazinha,PLUVIOMETRICA_AUTOMATICA,,60,24,BAIXA,TRUE,365,357,352,351,350,347,0.978082191780822,0.964383561643836,0.961643835616438,0.958904109589041,0.950684931506849,7,184,12,11
CEMADEN,260960002A,2018,Aguazinha,PLUVIOMETRICA_AUTOMATICA,,60,24,BAIXA,TRUE,365,365,363,363,363,359,1,0.994520547945205,0.994520547945205,0.994520547945205,0.983561643835616,1,156,12,12
CEMADEN,260960002A,2019,Aguazinha,PLUVIOMETRICA_AUTOMATICA,,60,24,BAIXA,TRUE,365,354,337,334,331,324,0.96986301369863,0.923287671232877,0.915068493150685,0.906849315068493,0.887671232876712,11,146,12,10
CEMADEN,260960002A,2020,Aguazinha,PLUVIOMETRICA_AUTOMATICA,,60,24,BAIXA,TRUE,366,220,199,196,191,186,0.601092896174863,0.543715846994536,0.53551912568306,0.521857923497268,0.508196721311475,92,104,9,6
CEMADEN,260960002A,2021,Aguazinha,PLUVIOMETRICA_AUTOMATICA,,60,24,BAIXA,TRUE,365,306,305,305,305,299,0.838356164383562,0.835616438356164,0.835616438356164,0.835616438356164,0.819178082191781,59,161,10,10
CEMADEN,260960002A,2022,Aguazinha,PLUVIOMETRICA_AUTOMATICA,,60,24,ALTA,FALSE,365,213,194,192,187,158,0.583561643835617,0.531506849315069,0.526027397260274,0.512328767123288,0.432876712328767,83,17,10,3
CEMADEN,260960002A,2023,Aguazinha,PLUVIOMETRICA_AUTOMATICA,,60,24,BAIXA,TRUE,365,173,170,168,168,168,0.473972602739726,0.465753424657534,0.46027397260274,0.46027397260274,0.46027397260274,195,68,6,5
CEMADEN,260960002A,2024,Aguazinha,PLUVIOMETRICA_AUTOMATICA,,60,24,BAIXA,TRUE,366,245,205,201,198,189,0.669398907103825,0.560109289617486,0.549180327868853,0.540983606557377,0.516393442622951,92,91,10,5
CEMADEN,260960002A,2025,Aguazinha,PLUVIOMETRICA_AUTOMATICA,,60,24,BAIXA,TRUE,365,2,1,1,1,1,0.00547945205479452,0.00273972602739726,0.00273972602739726,0.00273972602739726,0.00273972602739726,364,1,1,0
CEMADEN,260960003A,2017,Bonsucesso,PLUVIOMETRICA_AUTOMATICA,,60,24,BAIXA,TRUE,365,363,362,362,360,356,0.994520547945205,0.991780821917808,0.991780821917808,0.986301369863014,0.975342465753425,2,193,12,12
CEMADEN,260960003A,2018,Bonsucesso,PLUVIOMETRICA_AUTOMATICA,,60,24,BAIXA,TRUE,365,365,361,360,358,354,1,0.989041095890411,0.986301369863014,0.980821917808219,0.96986301369863,2,147,12,12
CEMADEN,260960003A,2019,Bonsucesso,PLUVIOMETRICA_AUTOMATICA,,60,24,BAIXA,TRUE,365,345,326,321,321,318,0.945205479452055,0.893150684931507,0.879452054794521,0.879452054794521,0.871232876712329,13,142,12,9
CEMADEN,260960003A,2020,Bonsucesso,PLUVIOMETRICA_AUTOMATICA,,60,24,BAIXA,TRUE,366,225,211,210,210,208,0.614754098360656,0.576502732240437,0.573770491803279,0.573770491803279,0.568306010928962,154,33,9,7
CEMADEN,260960003A,2021,Bonsucesso,PLUVIOMETRICA_AUTOMATICA,,60,24,BAIXA,TRUE,365,364,359,359,359,354,0.997260273972603,0.983561643835616,0.983561643835616,0.983561643835616,0.96986301369863,3,143,12,12
CEMADEN,260960003A,2022,Bonsucesso,PLUVIOMETRICA_AUTOMATICA,,60,24,BAIXA,TRUE,365,336,317,316,315,307,0.920547945205479,0.868493150684932,0.865753424657534,0.863013698630137,0.841095890410959,13,162,12,9
CEMADEN,260960003A,2023,Bonsucesso,PLUVIOMETRICA_AUTOMATICA,,60,24,BAIXA,TRUE,365,244,137,127,120,110,0.668493150684932,0.375342465753425,0.347945205479452,0.328767123287671,0.301369863013699,49,78,12,1
CEMADEN,260960003A,2024,Bonsucesso,PLUVIOMETRICA_AUTOMATICA,,60,24,BAIXA,TRUE,366,102,80,77,76,75,0.278688524590164,0.218579234972678,0.210382513661202,0.207650273224044,0.204918032786885,163,42,4,0
CEMADEN,260960004A,2017,Jardim Fragoso,PLUVIOMETRICA_AUTOMATICA,,10,144,ALTA,FALSE,365,365,28,25,21,19,1,0.0767123287671233,0.0684931506849315,0.0575342465753425,0.052054794520548,180,0,12,0
CEMADEN,260960004A,2018,Jardim Fragoso,PLUVIOMETRICA_AUTOMATICA,,60,24,BAIXA,TRUE,365,365,360,359,356,351,1,0.986301369863014,0.983561643835616,0.975342465753425,0.961643835616438,2,143,12,12
CEMADEN,260960004A,2019,Jardim Fragoso,PLUVIOMETRICA_AUTOMATICA,,60,24,BAIXA,TRUE,365,354,339,336,335,331,0.96986301369863,0.928767123287671,0.920547945205479,0.917808219178082,0.906849315068493,11,142,12,10
CEMADEN,260960004A,2020,Jardim Fragoso,PLUVIOMETRICA_AUTOMATICA,,60,24,BAIXA,TRUE,366,366,365,365,362,358,1,0.997267759562842,0.997267759562842,0.989071038251366,0.978142076502732,1,139,12,12
CEMADEN,260960004A,2021,Jardim Fragoso,PLUVIOMETRICA_AUTOMATICA,,60,24,BAIXA,TRUE,365,358,352,352,351,348,0.980821917808219,0.964383561643836,0.964383561643836,0.961643835616438,0.953424657534246,7,165,12,11
CEMADEN,260960004A,2022,Jardim Fragoso,PLUVIOMETRICA_AUTOMATICA,,60,24,BAIXA,TRUE,365,287,260,258,253,231,0.786301369863014,0.712328767123288,0.706849315068493,0.693150684931507,0.632876712328767,100,95,10,8
CEMADEN,260960004A,2023,Jardim Fragoso,PLUVIOMETRICA_AUTOMATICA,,60,24,BAIXA,TRUE,365,324,321,320,320,306,0.887671232876712,0.879452054794521,0.876712328767123,0.876712328767123,0.838356164383562,40,146,12,10
CEMADEN,260960004A,2024,Jardim Fragoso,PLUVIOMETRICA_AUTOMATICA,,60,24,BAIXA,TRUE,366,232,127,126,125,125,0.633879781420765,0.346994535519126,0.344262295081967,0.341530054644809,0.341530054644809,173,59,12,3
CEMADEN,260960004A,2025,Jardim Fragoso,PLUVIOMETRICA_AUTOMATICA,,60,24,BAIXA,TRUE,365,360,359,359,358,354,0.986301369863014,0.983561643835616,0.983561643835616,0.980821917808219,0.96986301369863,6,175,12,12
CEMADEN,260960005A,2017,Tabajara,PLUVIOMETRICA_AUTOMATICA,,60,24,BAIXA,TRUE,365,364,362,362,361,357,0.997260273972603,0.991780821917808,0.991780821917808,0.989041095890411,0.978082191780822,2,195,12,12
CEMADEN,260960005A,2018,Tabajara,PLUVIOMETRICA_AUTOMATICA,,60,24,BAIXA,TRUE,365,365,361,360,358,353,1,0.989041095890411,0.986301369863014,0.980821917808219,0.967123287671233,2,154,12,12
CEMADEN,260960005A,2019,Tabajara,PLUVIOMETRICA_AUTOMATICA,,60,24,BAIXA,TRUE,365,353,333,331,329,325,0.967123287671233,0.912328767123288,0.906849315068493,0.901369863013699,0.89041095890411,11,150,12,10
CEMADEN,260960005A,2020,Tabajara,PLUVIOMETRICA_AUTOMATICA,,60,24,BAIXA,TRUE,366,173,121,121,121,120,0.472677595628415,0.330601092896175,0.330601092896175,0.330601092896175,0.327868852459016,154,73,7,4
CEMADEN,260960005A,2021,Tabajara,PLUVIOMETRICA_AUTOMATICA,,60,24,BAIXA,TRUE,365,310,309,307,305,302,0.849315068493151,0.846575342465753,0.841095890410959,0.835616438356164,0.827397260273973,56,168,11,10
CEMADEN,260960005A,2022,Tabajara,PLUVIOMETRICA_AUTOMATICA,,60,24,BAIXA,TRUE,365,365,361,359,358,352,1,0.989041095890411,0.983561643835616,0.980821917808219,0.964383561643836,2,181,12,12
CEMADEN,260960005A,2023,Tabajara,PLUVIOMETRICA_AUTOMATICA,,60,24,BAIXA,TRUE,365,365,365,364,362,355,1,1,0.997260273972603,0.991780821917808,0.972602739726027,2,172,12,12
CEMADEN,260960005A,2024,Tabajara,PLUVIOMETRICA_AUTOMATICA,,60,24,BAIXA,TRUE,366,366,360,359,356,351,1,0.983606557377049,0.980874316939891,0.972677595628415,0.959016393442623,3,145,12,12
CEMADEN,260960005A,2025,Tabajara,PLUVIOMETRICA_AUTOMATICA,,60,24,BAIXA,TRUE,365,105,104,104,103,97,0.287671232876712,0.284931506849315,0.284931506849315,0.282191780821918,0.265753424657534,261,42,4,3
CEMADEN,260970901A,2023,Orobó [Secretária de Agricultura] - APAC,PLUVIOMETRICA_AUTOMATICA,,60,24,BAIXA,TRUE,365,166,165,165,164,160,0.454794520547945,0.452054794520548,0.452054794520548,0.449315068493151,0.438356164383562,200,63,6,5
CEMADEN,260970901A,2024,Orobó [Secretária de Agricultura] - APAC,PLUVIOMETRICA_AUTOMATICA,,60,24,BAIXA,TRUE,366,345,317,314,304,300,0.942622950819672,0.866120218579235,0.85792349726776,0.830601092896175,0.819672131147541,13,110,12,8
CEMADEN,260970901A,2025,Orobó [Secretária de Agricultura] - APAC,PLUVIOMETRICA_AUTOMATICA,,60,24,BAIXA,TRUE,365,203,185,183,176,170,0.556164383561644,0.506849315068493,0.501369863013699,0.482191780821918,0.465753424657534,112,71,10,5
CEMADEN,260970901C,2017,OROBO,PLUVIOMETRICA_AUTOMATICA,,10,144,ALTA,FALSE,365,185,76,74,67,64,0.506849315068493,0.208219178082192,0.202739726027397,0.183561643835616,0.175342465753425,151,0,10,0
CEMADEN,260970901C,2018,OROBO,PLUVIOMETRICA_AUTOMATICA,,60,24,BAIXA,TRUE,365,318,305,303,303,302,0.871232876712329,0.835616438356164,0.83013698630137,0.83013698630137,0.827397260273973,24,101,12,9
CEMADEN,260970901C,2019,OROBO,PLUVIOMETRICA_AUTOMATICA,,60,24,BAIXA,TRUE,365,353,285,277,269,266,0.967123287671233,0.780821917808219,0.758904109589041,0.736986301369863,0.728767123287671,43,102,12,7
CEMADEN,260970901C,2020,OROBO,PLUVIOMETRICA_AUTOMATICA,,60,24,BAIXA,TRUE,366,366,259,249,241,238,1,0.707650273224044,0.680327868852459,0.658469945355191,0.650273224043716,52,103,12,7
CEMADEN,260970901C,2021,OROBO,PLUVIOMETRICA_AUTOMATICA,,60,24,ALTA,FALSE,365,359,88,51,36,30,0.983561643835616,0.241095890410959,0.13972602739726,0.0986301369863014,0.0821917808219178,130,10,12,0
CEMADEN,260970901C,2022,OROBO,PLUVIOMETRICA_AUTOMATICA,,60,24,BAIXA,TRUE,365,365,363,363,362,362,1,0.994520547945205,0.994520547945205,0.991780821917808,0.991780821917808,2,156,12,12
CEMADEN,260970901C,2023,OROBO,PLUVIOMETRICA_AUTOMATICA,,60,24,BAIXA,TRUE,365,363,360,360,360,360,0.994520547945205,0.986301369863014,0.986301369863014,0.986301369863014,0.986301369863014,3,157,12,12
CEMADEN,260970901C,2024,OROBO,PLUVIOMETRICA_AUTOMATICA,,60,24,BAIXA,TRUE,366,338,327,327,326,323,0.923497267759563,0.89344262295082,0.89344262295082,0.890710382513661,0.882513661202186,15,105,12,9
CEMADEN,260970901C,2025,OROBO,PLUVIOMETRICA_AUTOMATICA,,60,24,BAIXA,TRUE,365,361,349,349,347,321,0.989041095890411,0.956164383561644,0.956164383561644,0.950684931506849,0.879452054794521,3,136,12,11
CEMADEN,260980801A,2017,Centro,PLUVIOMETRICA_AUTOMATICA,,60,24,BAIXA,TRUE,365,188,187,186,184,173,0.515068493150685,0.512328767123288,0.50958904109589,0.504109589041096,0.473972602739726,178,21,7,6
CEMADEN,260980801A,2018,Centro,PLUVIOMETRICA_AUTOMATICA,,60,24,BAIXA,TRUE,365,359,355,355,353,319,0.983561643835616,0.972602739726027,0.972602739726027,0.967123287671233,0.873972602739726,8,37,12,11
CEMADEN,260980801A,2019,Centro,PLUVIOMETRICA_AUTOMATICA,,60,24,ALTA,FALSE,365,337,299,297,296,243,0.923287671232877,0.819178082191781,0.813698630136986,0.810958904109589,0.665753424657534,22,32,12,8
CEMADEN,260980801A,2020,Centro,PLUVIOMETRICA_AUTOMATICA,,60,24,ALTA,FALSE,366,201,186,183,182,168,0.549180327868853,0.508196721311475,0.5,0.497267759562842,0.459016393442623,173,16,8,6
CEMADEN,260980801A,2021,Centro,PLUVIOMETRICA_AUTOMATICA,,60,24,ALTA,FALSE,365,365,362,362,360,345,1,0.991780821917808,0.991780821917808,0.986301369863014,0.945205479452055,1,50,12,12
CEMADEN,260980801A,2022,Centro,PLUVIOMETRICA_AUTOMATICA,,60,24,BAIXA,TRUE,365,365,356,352,346,304,1,0.975342465753425,0.964383561643836,0.947945205479452,0.832876712328767,2,52,12,12
CEMADEN,260980801A,2023,Centro,PLUVIOMETRICA_AUTOMATICA,,60,24,ALTA,FALSE,365,362,353,353,353,349,0.991780821917808,0.967123287671233,0.967123287671233,0.967123287671233,0.956164383561644,9,36,12,11
CEMADEN,260980801A,2024,Centro,PLUVIOMETRICA_AUTOMATICA,,60,24,BAIXA,TRUE,366,345,312,312,312,307,0.942622950819672,0.852459016393443,0.852459016393443,0.852459016393443,0.83879781420765,54,33,12,10
CEMADEN,260980801A,2025,Centro,PLUVIOMETRICA_AUTOMATICA,,60,24,ALTA,FALSE,365,295,278,276,273,262,0.808219178082192,0.761643835616438,0.756164383561644,0.747945205479452,0.717808219178082,50,28,11,7
CEMADEN,260980801C,2017,OROCÓ,PLUVIOMETRICA_AUTOMATICA,,10,144,ALTA,FALSE,365,106,10,10,9,8,0.29041095890411,0.0273972602739726,0.0273972602739726,0.0246575342465753,0.0219178082191781,183,0,10,0
CEMADEN,260980801C,2018,OROCÓ,PLUVIOMETRICA_AUTOMATICA,,60,24,ALTA,FALSE,365,283,27,19,10,2,0.775342465753425,0.073972602739726,0.052054794520548,0.0273972602739726,0.00547945205479452,243,1,12,0
CEMADEN,260980801C,2019,OROCÓ,PLUVIOMETRICA_AUTOMATICA,,60,24,BAIXA,TRUE,365,276,1,1,0,0,0.756164383561644,0.00273972602739726,0.00273972602739726,0,0,365,0,11,0
CEMADEN,260980801C,2020,OROCÓ,PLUVIOMETRICA_AUTOMATICA,,60,24,BAIXA,TRUE,366,80,0,0,0,0,0.218579234972678,0,0,0,0,366,0,5,0
CEMADEN,260990701A,2024,Ouricuri [IPA] - APAC,PLUVIOMETRICA_AUTOMATICA,,60,24,ALTA,FALSE,366,119,110,110,108,101,0.325136612021858,0.300546448087432,0.300546448087432,0.295081967213115,0.275956284153005,244,6,5,3
CEMADEN,260990701A,2025,Ouricuri [IPA] - APAC,PLUVIOMETRICA_AUTOMATICA,,60,24,ALTA,FALSE,365,269,235,227,222,208,0.736986301369863,0.643835616438356,0.621917808219178,0.608219178082192,0.56986301369863,59,32,12,5
CEMADEN,260990701C,2017,OURICURI,PLUVIOMETRICA_AUTOMATICA,,10,144,ALTA,FALSE,365,92,6,6,5,3,0.252054794520548,0.0164383561643836,0.0164383561643836,0.0136986301369863,0.00821917808219178,213,0,10,0
CEMADEN,260990701C,2018,OURICURI,PLUVIOMETRICA_AUTOMATICA,,60,24,BAIXA,TRUE,365,340,324,324,323,322,0.931506849315068,0.887671232876712,0.887671232876712,0.884931506849315,0.882191780821918,34,42,12,11
CEMADEN,260990701C,2019,OURICURI,PLUVIOMETRICA_AUTOMATICA,,60,24,ALTA,FALSE,365,212,89,85,80,74,0.580821917808219,0.243835616438356,0.232876712328767,0.219178082191781,0.202739726027397,73,16,12,1
CEMADEN,260990701C,2020,OURICURI,PLUVIOMETRICA_AUTOMATICA,,60,24,MEDIA,FALSE,366,17,4,0,0,0,0.046448087431694,0.0109289617486339,0,0,0,366,0,4,0
CEMADEN,260990701C,2022,OURICURI,PLUVIOMETRICA_AUTOMATICA,,60,24,ALTA,FALSE,365,195,193,193,193,189,0.534246575342466,0.528767123287671,0.528767123287671,0.528767123287671,0.517808219178082,171,14,7,6
CEMADEN,260990701C,2023,OURICURI,PLUVIOMETRICA_AUTOMATICA,,60,24,ALTA,FALSE,365,365,365,364,364,358,1,1,0.997260273972603,0.997260273972603,0.980821917808219,1,0,12,12
CEMADEN,260990701C,2024,OURICURI,PLUVIOMETRICA_AUTOMATICA,,60,24,ALTA,FALSE,366,337,329,329,328,286,0.920765027322404,0.898907103825137,0.898907103825137,0.896174863387978,0.781420765027322,28,30,12,11
CEMADEN,260990701C,2025,OURICURI,PLUVIOMETRICA_AUTOMATICA,,60,24,ALTA,FALSE,365,364,359,358,355,327,0.997260273972603,0.983561643835616,0.980821917808219,0.972602739726027,0.895890410958904,3,14,12,11
CEMADEN,261000402A,2017,Japaranduba,PLUVIOMETRICA_AUTOMATICA,,60,24,BAIXA,TRUE,365,345,342,341,338,334,0.945205479452055,0.936986301369863,0.934246575342466,0.926027397260274,0.915068493150685,19,187,12,11
CEMADEN,261000402A,2018,Japaranduba,PLUVIOMETRICA_AUTOMATICA,,60,24,BAIXA,TRUE,365,333,331,331,329,317,0.912328767123288,0.906849315068493,0.906849315068493,0.901369863013699,0.868493150684932,34,130,12,10
CEMADEN,261000402A,2019,Japaranduba,PLUVIOMETRICA_AUTOMATICA,,60,24,BAIXA,TRUE,365,355,339,333,332,321,0.972602739726027,0.928767123287671,0.912328767123288,0.90958904109589,0.879452054794521,11,146,12,10
CEMADEN,261000402A,2020,Japaranduba,PLUVIOMETRICA_AUTOMATICA,,60,24,BAIXA,TRUE,366,366,354,352,348,339,1,0.967213114754098,0.961748633879781,0.950819672131147,0.926229508196721,2,157,12,12
CEMADEN,261000402A,2021,Japaranduba,PLUVIOMETRICA_AUTOMATICA,,60,24,ALTA,FALSE,365,359,353,353,352,321,0.983561643835616,0.967123287671233,0.967123287671233,0.964383561643836,0.879452054794521,11,50,12,11
CEMADEN,261000402A,2022,Japaranduba,PLUVIOMETRICA_AUTOMATICA,,60,24,BAIXA,TRUE,365,333,279,277,275,263,0.912328767123288,0.764383561643836,0.758904109589041,0.753424657534247,0.72054794520548,61,156,12,9
CEMADEN,261000402A,2023,Japaranduba,PLUVIOMETRICA_AUTOMATICA,,60,24,BAIXA,TRUE,365,204,198,198,196,191,0.558904109589041,0.542465753424658,0.542465753424658,0.536986301369863,0.523287671232877,131,95,9,6
CEMADEN,261000402A,2024,Japaranduba,PLUVIOMETRICA_AUTOMATICA,,60,24,BAIXA,TRUE,366,260,217,208,205,200,0.710382513661202,0.592896174863388,0.568306010928962,0.560109289617486,0.546448087431694,62,83,12,4
CEMADEN,261000402A,2025,Japaranduba,PLUVIOMETRICA_AUTOMATICA,,60,24,BAIXA,TRUE,365,287,233,224,217,205,0.786301369863014,0.638356164383562,0.613698630136986,0.594520547945206,0.561643835616438,68,121,12,7
CEMADEN,261000403A,2019,SANTO ANTÃNIO DOS PALMARES - APAC,PLUVIOMETRICA_AUTOMATICA,,60,24,ALTA,FALSE,365,67,53,51,50,44,0.183561643835616,0.145205479452055,0.13972602739726,0.136986301369863,0.120547945205479,276,7,3,0
CEMADEN,261000403A,2020,SANTO ANTÔNIO DOS PALMARES - APAC,PLUVIOMETRICA_AUTOMATICA,,60,24,BAIXA,TRUE,366,366,360,352,341,298,1,0.983606557377049,0.961748633879781,0.931693989071038,0.814207650273224,3,156,12,11
CEMADEN,261000403A,2021,SANTO ANTÔNIO DOS PALMARES - APAC,PLUVIOMETRICA_AUTOMATICA,,60,24,BAIXA,TRUE,365,338,214,208,205,191,0.926027397260274,0.586301369863014,0.56986301369863,0.561643835616438,0.523287671232877,93,100,12,6
CEMADEN,261000403A,2022,SANTO ANTÔNIO DOS PALMARES - APAC,PLUVIOMETRICA_AUTOMATICA,,60,24,BAIXA,TRUE,365,27,14,14,13,13,0.073972602739726,0.0383561643835616,0.0383561643835616,0.0356164383561644,0.0356164383561644,237,12,3,0
CEMADEN,261000403A,2023,SANTO ANTÔNIO DOS PALMARES - APAC,PLUVIOMETRICA_AUTOMATICA,,60,24,BAIXA,TRUE,365,328,317,313,310,288,0.898630136986301,0.868493150684932,0.857534246575342,0.849315068493151,0.789041095890411,32,157,11,10
CEMADEN,261000403A,2024,SANTO ANTÔNIO DOS PALMARES - APAC,PLUVIOMETRICA_AUTOMATICA,,60,24,BAIXA,TRUE,366,341,328,324,322,314,0.931693989071038,0.896174863387978,0.885245901639344,0.879781420765027,0.85792349726776,24,107,12,10
CEMADEN,261000403A,2025,SANTO ANTÔNIO DOS PALMARES - APAC,PLUVIOMETRICA_AUTOMATICA,,60,24,BAIXA,TRUE,365,365,363,362,356,352,1,0.994520547945205,0.991780821917808,0.975342465753425,0.964383561643836,2,172,12,12
CEMADEN,261000404A,2018,SERRO AZUL - APAC,PLUVIOMETRICA_AUTOMATICA,,60,24,BAIXA,TRUE,365,2,0,0,0,0,0.00547945205479452,0,0,0,0,365,0,1,0
CEMADEN,261000404A,2019,SERRO AZUL - APAC,PLUVIOMETRICA_AUTOMATICA,,10,144,BAIXA,TRUE,365,2,0,0,0,0,0.00547945205479452,0,0,0,0,365,0,1,0
CEMADEN,261010301A,2017,PALMEIRINA - APAC,PLUVIOMETRICA_AUTOMATICA,,60,24,BAIXA,TRUE,365,13,12,12,12,11,0.0356164383561644,0.0328767123287671,0.0328767123287671,0.0328767123287671,0.0301369863013699,353,2,1,0
CEMADEN,261010301A,2018,PALMEIRINA - APAC,PLUVIOMETRICA_AUTOMATICA,,60,24,BAIXA,TRUE,365,330,277,275,272,257,0.904109589041096,0.758904109589041,0.753424657534247,0.745205479452055,0.704109589041096,15,96,12,7
CEMADEN,261010301A,2019,PALMEIRINA - APAC,PLUVIOMETRICA_AUTOMATICA,,60,24,BAIXA,TRUE,365,348,319,315,309,298,0.953424657534246,0.873972602739726,0.863013698630137,0.846575342465753,0.816438356164383,11,124,12,9
CEMADEN,261010301A,2020,PALMEIRINA - APAC,PLUVIOMETRICA_AUTOMATICA,,60,24,BAIXA,TRUE,366,234,230,225,207,186,0.639344262295082,0.628415300546448,0.614754098360656,0.565573770491803,0.508196721311475,134,91,8,6
CEMADEN,261010301A,2021,PALMEIRINA - APAC,PLUVIOMETRICA_AUTOMATICA,,60,24,BAIXA,TRUE,365,359,235,232,227,206,0.983561643835616,0.643835616438356,0.635616438356164,0.621917808219178,0.564383561643836,85,109,12,7
CEMADEN,261010301A,2022,PALMEIRINA - APAC,PLUVIOMETRICA_AUTOMATICA,,60,24,BAIXA,TRUE,365,271,134,130,125,118,0.742465753424658,0.367123287671233,0.356164383561644,0.342465753424658,0.323287671232877,96,45,10,3
CEMADEN,261010301A,2023,PALMEIRINA - APAC,PLUVIOMETRICA_AUTOMATICA,,60,24,BAIXA,TRUE,365,343,338,337,335,317,0.93972602739726,0.926027397260274,0.923287671232877,0.917808219178082,0.868493150684932,24,129,12,10
CEMADEN,261010301A,2024,PALMEIRINA - APAC,PLUVIOMETRICA_AUTOMATICA,,60,24,BAIXA,TRUE,366,366,364,362,355,340,1,0.994535519125683,0.989071038251366,0.969945355191257,0.92896174863388,2,154,12,12
CEMADEN,261010301A,2025,PALMEIRINA - APAC,PLUVIOMETRICA_AUTOMATICA,,60,24,BAIXA,TRUE,365,365,362,357,351,333,1,0.991780821917808,0.978082191780822,0.961643835616438,0.912328767123288,1,143,12,12
CEMADEN,261010301U,2017,PALMEIRINA,PLUVIOMETRICA_AUTOMATICA,,10,144,MEDIA,FALSE,365,11,6,5,5,4,0.0301369863013699,0.0164383561643836,0.0136986301369863,0.0136986301369863,0.010958904109589,191,0,2,0
CEMADEN,261010301U,2018,PALMEIRINA,PLUVIOMETRICA_AUTOMATICA,,60,24,BAIXA,TRUE,365,84,76,76,75,74,0.23013698630137,0.208219178082192,0.208219178082192,0.205479452054795,0.202739726027397,120,29,6,1
CEMADEN,261010301U,2019,PALMEIRINA,PLUVIOMETRICA_AUTOMATICA,,60,24,BAIXA,TRUE,365,102,101,101,101,101,0.279452054794521,0.276712328767123,0.276712328767123,0.276712328767123,0.276712328767123,264,41,4,3
CEMADEN,261010301U,2022,PALMEIRINA,PLUVIOMETRICA_AUTOMATICA,,10,144,BAIXA,TRUE,365,20,0,0,0,0,0.0547945205479452,0,0,0,0,365,0,1,0
CEMADEN,261020201A,2017,PANELAS - APAC,PLUVIOMETRICA_AUTOMATICA,,60,24,BAIXA,TRUE,365,33,30,30,28,11,0.0904109589041096,0.0821917808219178,0.0821917808219178,0.0767123287671233,0.0301369863013699,334,4,2,1
CEMADEN,261020201A,2018,PANELAS - APAC,PLUVIOMETRICA_AUTOMATICA,,60,24,BAIXA,TRUE,365,365,363,363,361,335,1,0.994520547945205,0.994520547945205,0.989041095890411,0.917808219178082,2,105,12,12
CEMADEN,261020201A,2019,PANELAS - APAC,PLUVIOMETRICA_AUTOMATICA,,60,24,BAIXA,TRUE,365,333,320,318,317,308,0.912328767123288,0.876712328767123,0.871232876712329,0.868493150684932,0.843835616438356,21,103,12,9
CEMADEN,261020201A,2020,PANELAS - APAC,PLUVIOMETRICA_AUTOMATICA,,60,24,BAIXA,TRUE,366,162,162,162,162,156,0.442622950819672,0.442622950819672,0.442622950819672,0.442622950819672,0.426229508196721,204,62,6,5
CEMADEN,261020201A,2021,PANELAS - APAC,PLUVIOMETRICA_AUTOMATICA,,60,24,BAIXA,TRUE,365,141,92,91,91,89,0.386301369863014,0.252054794520548,0.249315068493151,0.249315068493151,0.243835616438356,225,28,5,2
CEMADEN,261020201A,2022,PANELAS - APAC,PLUVIOMETRICA_AUTOMATICA,,60,24,BAIXA,TRUE,365,262,133,125,120,109,0.717808219178082,0.364383561643836,0.342465753424658,0.328767123287671,0.298630136986301,108,35,10,3
CEMADEN,261020201A,2023,PANELAS - APAC,PLUVIOMETRICA_AUTOMATICA,,60,24,BAIXA,TRUE,365,365,364,360,358,347,1,0.997260273972603,0.986301369863014,0.980821917808219,0.950684931506849,1,133,12,12
CEMADEN,261020201A,2024,PANELAS - APAC,PLUVIOMETRICA_AUTOMATICA,,60,24,BAIXA,TRUE,366,192,184,184,184,181,0.524590163934426,0.502732240437159,0.502732240437159,0.502732240437159,0.494535519125683,171,46,7,5
CEMADEN,261020201A,2025,PANELAS - APAC,PLUVIOMETRICA_AUTOMATICA,,60,24,BAIXA,TRUE,365,365,365,365,364,359,1,1,1,0.997260273972603,0.983561643835616,1,137,12,12
CEMADEN,261030101A,2017,PARANATAMA - APAC,PLUVIOMETRICA_AUTOMATICA,,60,24,BAIXA,TRUE,365,20,18,17,15,4,0.0547945205479452,0.0493150684931507,0.0465753424657534,0.0410958904109589,0.010958904109589,348,2,1,0
CEMADEN,261030101A,2018,PARANATAMA - APAC,PLUVIOMETRICA_AUTOMATICA,,60,24,BAIXA,TRUE,365,365,358,348,335,281,1,0.980821917808219,0.953424657534246,0.917808219178082,0.76986301369863,7,113,12,10
CEMADEN,261030101A,2019,PARANATAMA - APAC,PLUVIOMETRICA_AUTOMATICA,,60,24,BAIXA,TRUE,365,362,342,337,332,300,0.991780821917808,0.936986301369863,0.923287671232877,0.90958904109589,0.821917808219178,5,103,12,10
CEMADEN,261030101A,2020,PARANATAMA - APAC,PLUVIOMETRICA_AUTOMATICA,,60,24,BAIXA,TRUE,366,366,323,297,266,213,1,0.882513661202186,0.811475409836066,0.726775956284153,0.581967213114754,16,111,12,7
CEMADEN,261030101A,2021,PARANATAMA - APAC,PLUVIOMETRICA_AUTOMATICA,,60,24,BAIXA,TRUE,365,365,351,338,287,173,1,0.961643835616438,0.926027397260274,0.786301369863014,0.473972602739726,5,103,12,6
CEMADEN,261030101A,2022,PARANATAMA - APAC,PLUVIOMETRICA_AUTOMATICA,,60,24,BAIXA,TRUE,365,140,136,131,120,109,0.383561643835616,0.372602739726027,0.358904109589041,0.328767123287671,0.298630136986301,227,26,6,3
CEMADEN,261030101A,2023,PARANATAMA - APAC,PLUVIOMETRICA_AUTOMATICA,,60,24,BAIXA,TRUE,365,365,365,364,361,350,1,1,0.997260273972603,0.989041095890411,0.958904109589041,1,136,12,12
CEMADEN,261030101A,2024,PARANATAMA - APAC,PLUVIOMETRICA_AUTOMATICA,,60,24,BAIXA,TRUE,366,290,282,282,279,274,0.792349726775956,0.770491803278689,0.770491803278689,0.762295081967213,0.748633879781421,47,93,12,7
CEMADEN,261030101A,2025,PARANATAMA - APAC,PLUVIOMETRICA_AUTOMATICA,,60,24,BAIXA,TRUE,365,345,307,303,297,284,0.945205479452055,0.841095890410959,0.83013698630137,0.813698630136986,0.778082191780822,22,111,12,9
CEMADEN,261040001A,2018,QUIXABA - APAC,PLUVIOMETRICA_AUTOMATICA,,60,24,ALTA,FALSE,365,342,337,335,330,300,0.936986301369863,0.923287671232877,0.917808219178082,0.904109589041096,0.821917808219178,24,16,12,11
CEMADEN,261040001A,2019,QUIXABA - APAC,PLUVIOMETRICA_AUTOMATICA,,60,24,BAIXA,TRUE,365,329,295,288,287,272,0.901369863013699,0.808219178082192,0.789041095890411,0.786301369863014,0.745205479452055,31,54,12,8
CEMADEN,261040001A,2020,QUIXABA - APAC,PLUVIOMETRICA_AUTOMATICA,,60,24,BAIXA,TRUE,366,14,7,6,5,3,0.0382513661202186,0.0191256830601093,0.0163934426229508,0.0136612021857924,0.00819672131147541,355,1,1,0
CEMADEN,261040001A,2021,QUIXABA - APAC,PLUVIOMETRICA_AUTOMATICA,,60,24,BAIXA,TRUE,365,67,65,64,63,61,0.183561643835616,0.178082191780822,0.175342465753425,0.172602739726027,0.167123287671233,300,18,4,2
CEMADEN,261040001A,2022,QUIXABA - APAC,PLUVIOMETRICA_AUTOMATICA,,60,24,BAIXA,TRUE,365,363,356,351,346,325,0.994520547945205,0.975342465753425,0.961643835616438,0.947945205479452,0.89041095890411,4,70,12,11
CEMADEN,261040001A,2023,QUIXABA - APAC,PLUVIOMETRICA_AUTOMATICA,,60,24,ALTA,FALSE,365,365,354,351,342,324,1,0.96986301369863,0.961643835616438,0.936986301369863,0.887671232876712,2,1,12,12
CEMADEN,261040001A,2024,QUIXABA - APAC,PLUVIOMETRICA_AUTOMATICA,,60,24,ALTA,FALSE,366,304,280,275,270,259,0.830601092896175,0.765027322404372,0.751366120218579,0.737704918032787,0.707650273224044,55,14,12,7
CEMADEN,261040001A,2025,QUIXABA - APAC,PLUVIOMETRICA_AUTOMATICA,,60,24,ALTA,FALSE,365,258,230,223,207,188,0.706849315068493,0.63013698630137,0.610958904109589,0.567123287671233,0.515068493150685,101,19,9,3
CEMADEN,261040001C,2017,PARNAMIRIM,PLUVIOMETRICA_AUTOMATICA,,60,24,BAIXA,TRUE,365,201,173,172,168,166,0.550684931506849,0.473972602739726,0.471232876712329,0.46027397260274,0.454794520547945,40,45,12,3
CEMADEN,261040001C,2018,PARNAMIRIM,PLUVIOMETRICA_AUTOMATICA,,60,24,ALTA,FALSE,365,284,236,213,184,169,0.778082191780822,0.646575342465753,0.583561643835617,0.504109589041096,0.463013698630137,79,15,11,5
CEMADEN,261040001C,2019,PARNAMIRIM,PLUVIOMETRICA_AUTOMATICA,,60,24,ALTA,FALSE,365,309,48,16,10,6,0.846575342465753,0.131506849315068,0.0438356164383562,0.0273972602739726,0.0164383561643836,135,4,12,0
CEMADEN,261040001C,2020,PARNAMIRIM,PLUVIOMETRICA_AUTOMATICA,,60,24,ALTA,FALSE,366,188,33,20,11,8,0.513661202185792,0.0901639344262295,0.0546448087431694,0.0300546448087432,0.0218579234972678,189,5,7,0
CEMADEN,261040002A,2018,MATIAS - APAC,PLUVIOMETRICA_AUTOMATICA,,60,24,BAIXA,TRUE,365,343,337,335,331,305,0.93972602739726,0.923287671232877,0.917808219178082,0.906849315068493,0.835616438356164,25,39,12,11
CEMADEN,261040002A,2019,MATIAS - APAC,PLUVIOMETRICA_AUTOMATICA,,60,24,BAIXA,TRUE,365,346,330,328,326,308,0.947945205479452,0.904109589041096,0.898630136986301,0.893150684931507,0.843835616438356,12,36,12,9
CEMADEN,261040002A,2020,MATIAS - APAC,PLUVIOMETRICA_AUTOMATICA,,60,24,BAIXA,TRUE,366,363,358,356,352,344,0.991803278688525,0.978142076502732,0.972677595628415,0.961748633879781,0.939890710382514,5,71,12,11
CEMADEN,261040002A,2021,MATIAS - APAC,PLUVIOMETRICA_AUTOMATICA,,60,24,MEDIA,FALSE,365,27,21,21,21,21,0.073972602739726,0.0575342465753425,0.0575342465753425,0.0575342465753425,0.0575342465753425,224,3,2,0
CEMADEN,261040002A,2023,MATIAS - APAC,PLUVIOMETRICA_AUTOMATICA,,60,24,ALTA,FALSE,365,144,136,135,131,98,0.394520547945205,0.372602739726027,0.36986301369863,0.358904109589041,0.268493150684932,222,6,5,3
CEMADEN,261040002A,2024,MATIAS - APAC,PLUVIOMETRICA_AUTOMATICA,,60,24,BAIXA,TRUE,366,287,269,268,266,262,0.784153005464481,0.734972677595629,0.73224043715847,0.726775956284153,0.715846994535519,47,48,12,7
CEMADEN,261040002A,2025,MATIAS - APAC,PLUVIOMETRICA_AUTOMATICA,,60,24,ALTA,FALSE,365,337,251,251,250,240,0.923287671232877,0.687671232876712,0.687671232876712,0.684931506849315,0.657534246575342,114,22,12,8
CEMADEN,261050901A,2017,PASSIRA  - APAC,PLUVIOMETRICA_AUTOMATICA,,60,24,MEDIA,FALSE,365,16,16,16,16,13,0.0438356164383562,0.0438356164383562,0.0438356164383562,0.0438356164383562,0.0356164383561644,349,2,1,0
CEMADEN,261050901A,2018,PASSIRA  - APAC,PLUVIOMETRICA_AUTOMATICA,,60,24,BAIXA,TRUE,365,365,364,363,361,349,1,0.997260273972603,0.994520547945205,0.989041095890411,0.956164383561644,1,98,12,12
CEMADEN,261050901A,2019,PASSIRA  - APAC,PLUVIOMETRICA_AUTOMATICA,,60,24,BAIXA,TRUE,365,352,341,339,338,328,0.964383561643836,0.934246575342466,0.928767123287671,0.926027397260274,0.898630136986301,11,100,12,10
CEMADEN,261050901A,2020,PASSIRA  - APAC,PLUVIOMETRICA_AUTOMATICA,,60,24,BAIXA,TRUE,366,254,204,204,201,199,0.693989071038251,0.557377049180328,0.557377049180328,0.549180327868853,0.543715846994536,163,68,10,6
CEMADEN,261050901A,2021,PASSIRA  - APAC,PLUVIOMETRICA_AUTOMATICA,,60,24,BAIXA,TRUE,365,149,145,145,143,135,0.408219178082192,0.397260273972603,0.397260273972603,0.391780821917808,0.36986301369863,217,30,5,5
CEMADEN,261050901A,2022,PASSIRA  - APAC,PLUVIOMETRICA_AUTOMATICA,,60,24,BAIXA,TRUE,365,365,360,359,358,350,1,0.986301369863014,0.983561643835616,0.980821917808219,0.958904109589041,2,131,12,12
CEMADEN,261050901A,2023,PASSIRA  - APAC,PLUVIOMETRICA_AUTOMATICA,,60,24,BAIXA,TRUE,365,365,364,363,361,355,1,0.997260273972603,0.994520547945205,0.989041095890411,0.972602739726027,1,124,12,12
CEMADEN,261050901A,2024,PASSIRA  - APAC,PLUVIOMETRICA_AUTOMATICA,,60,24,BAIXA,TRUE,366,337,312,311,307,299,0.920765027322404,0.852459016393443,0.849726775956284,0.83879781420765,0.816939890710383,31,83,12,9
CEMADEN,261050901A,2025,PASSIRA  - APAC,PLUVIOMETRICA_AUTOMATICA,,60,24,BAIXA,TRUE,365,247,209,205,193,185,0.676712328767123,0.572602739726027,0.561643835616438,0.528767123287671,0.506849315068493,130,70,10,4
CEMADEN,261060801A,2017,GUADALAJARA - APAC,PLUVIOMETRICA_AUTOMATICA,,60,24,MEDIA,FALSE,365,21,15,14,13,7,0.0575342465753425,0.0410958904109589,0.0383561643835616,0.0356164383561644,0.0191780821917808,320,0,2,0
CEMADEN,261060801A,2018,GUADALAJARA - APAC,PLUVIOMETRICA_AUTOMATICA,,60,24,BAIXA,TRUE,365,273,238,238,238,229,0.747945205479452,0.652054794520548,0.652054794520548,0.652054794520548,0.627397260273973,83,88,11,7
CEMADEN,261060801A,2019,GUADALAJARA - APAC,PLUVIOMETRICA_AUTOMATICA,,60,24,BAIXA,TRUE,365,354,342,341,341,331,0.96986301369863,0.936986301369863,0.934246575342466,0.934246575342466,0.906849315068493,11,155,12,11
CEMADEN,261060801A,2020,GUADALAJARA - APAC,PLUVIOMETRICA_AUTOMATICA,,60,24,BAIXA,TRUE,366,362,358,357,354,347,0.989071038251366,0.978142076502732,0.975409836065574,0.967213114754098,0.948087431693989,7,145,12,11
CEMADEN,261060801A,2021,GUADALAJARA - APAC,PLUVIOMETRICA_AUTOMATICA,,60,24,BAIXA,TRUE,365,116,94,94,92,87,0.317808219178082,0.257534246575342,0.257534246575342,0.252054794520548,0.238356164383562,150,51,8,1
CEMADEN,261060802A,2017,PAUDALHO - APAC,PLUVIOMETRICA_AUTOMATICA,,60,24,MEDIA,FALSE,365,17,16,16,16,14,0.0465753424657534,0.0438356164383562,0.0438356164383562,0.0438356164383562,0.0383561643835616,349,3,1,0
CEMADEN,261060802A,2018,PAUDALHO - APAC,PLUVIOMETRICA_AUTOMATICA,,60,24,BAIXA,TRUE,365,365,363,361,359,342,1,0.994520547945205,0.989041095890411,0.983561643835616,0.936986301369863,2,128,12,12
CEMADEN,261060802A,2019,PAUDALHO - APAC,PLUVIOMETRICA_AUTOMATICA,,60,24,BAIXA,TRUE,365,345,334,330,329,317,0.945205479452055,0.915068493150685,0.904109589041096,0.901369863013699,0.868493150684932,11,137,12,10
CEMADEN,261060802A,2020,PAUDALHO - APAC,PLUVIOMETRICA_AUTOMATICA,,60,24,BAIXA,TRUE,366,345,337,333,313,274,0.942622950819672,0.920765027322404,0.909836065573771,0.855191256830601,0.748633879781421,21,130,12,8
CEMADEN,261060802A,2021,PAUDALHO - APAC,PLUVIOMETRICA_AUTOMATICA,,60,24,BAIXA,TRUE,365,194,138,124,109,86,0.531506849315069,0.378082191780822,0.33972602739726,0.298630136986301,0.235616438356164,169,53,8,1
CEMADEN,261060802A,2022,PAUDALHO - APAC,PLUVIOMETRICA_AUTOMATICA,,60,24,BAIXA,TRUE,365,208,194,189,178,164,0.56986301369863,0.531506849315069,0.517808219178082,0.487671232876712,0.449315068493151,149,50,9,5
CEMADEN,261060802A,2023,PAUDALHO - APAC,PLUVIOMETRICA_AUTOMATICA,,60,24,ALTA,FALSE,365,365,364,363,361,350,1,0.997260273972603,0.994520547945205,0.989041095890411,0.958904109589041,2,24,12,12
CEMADEN,261060802A,2024,PAUDALHO - APAC,PLUVIOMETRICA_AUTOMATICA,,60,24,ALTA,FALSE,366,336,319,318,315,306,0.918032786885246,0.871584699453552,0.868852459016394,0.860655737704918,0.836065573770492,18,17,12,10
CEMADEN,261060802A,2025,PAUDALHO - APAC,PLUVIOMETRICA_AUTOMATICA,,60,24,BAIXA,TRUE,365,265,264,264,264,259,0.726027397260274,0.723287671232877,0.723287671232877,0.723287671232877,0.70958904109589,101,84,9,8
CEMADEN,261070702A,2017,Vila Torres Galvão,PLUVIOMETRICA_AUTOMATICA,,60,24,BAIXA,TRUE,365,365,362,361,359,355,1,0.991780821917808,0.989041095890411,0.983561643835616,0.972602739726027,2,193,12,12
CEMADEN,261070702A,2018,Vila Torres Galvão,PLUVIOMETRICA_AUTOMATICA,,60,24,BAIXA,TRUE,365,365,360,359,353,202,1,0.986301369863014,0.983561643835616,0.967123287671233,0.553424657534247,2,114,12,12
CEMADEN,261070702A,2019,Vila Torres Galvão,PLUVIOMETRICA_AUTOMATICA,,60,24,ALTA,FALSE,365,344,328,325,314,60,0.942465753424658,0.898630136986301,0.89041095890411,0.86027397260274,0.164383561643836,15,0,12,10
CEMADEN,261070702A,2020,Vila Torres Galvão,PLUVIOMETRICA_AUTOMATICA,,60,24,BAIXA,TRUE,366,366,356,350,345,331,1,0.972677595628415,0.956284153005464,0.942622950819672,0.904371584699454,2,86,12,12
CEMADEN,261070702A,2021,Vila Torres Galvão,PLUVIOMETRICA_AUTOMATICA,,60,24,BAIXA,TRUE,365,365,364,364,360,355,1,0.997260273972603,0.997260273972603,0.986301369863014,0.972602739726027,2,169,12,12
CEMADEN,261070702A,2022,Vila Torres Galvão,PLUVIOMETRICA_AUTOMATICA,,60,24,BAIXA,TRUE,365,363,341,336,334,316,0.994520547945205,0.934246575342466,0.920547945205479,0.915068493150685,0.865753424657534,6,130,12,10
CEMADEN,261070702A,2023,Vila Torres Galvão,PLUVIOMETRICA_AUTOMATICA,,60,24,BAIXA,TRUE,365,342,271,271,271,263,0.936986301369863,0.742465753424658,0.742465753424658,0.742465753424658,0.72054794520548,78,111,12,8
CEMADEN,261070702A,2024,Vila Torres Galvão,PLUVIOMETRICA_AUTOMATICA,,60,24,BAIXA,TRUE,366,366,364,364,363,356,1,0.994535519125683,0.994535519125683,0.991803278688525,0.972677595628415,2,143,12,12
CEMADEN,261070702A,2025,Vila Torres Galvão,PLUVIOMETRICA_AUTOMATICA,,60,24,BAIXA,TRUE,365,364,358,358,354,354,0.997260273972603,0.980821917808219,0.980821917808219,0.96986301369863,0.96986301369863,4,170,12,12
CEMADEN,261070703A,2017,Maria Farinha,PLUVIOMETRICA_AUTOMATICA,,60,24,BAIXA,TRUE,365,358,358,357,354,349,0.980821917808219,0.980821917808219,0.978082191780822,0.96986301369863,0.956164383561644,7,170,12,11
CEMADEN,261070703A,2018,Maria Farinha,PLUVIOMETRICA_AUTOMATICA,,60,24,BAIXA,TRUE,365,252,249,249,248,243,0.69041095890411,0.682191780821918,0.682191780821918,0.679452054794521,0.665753424657534,113,96,9,8
CEMADEN,261070703A,2019,Maria Farinha,PLUVIOMETRICA_AUTOMATICA,,60,24,BAIXA,TRUE,365,354,335,333,328,318,0.96986301369863,0.917808219178082,0.912328767123288,0.898630136986301,0.871232876712329,11,121,12,10
CEMADEN,261070703A,2020,Maria Farinha,PLUVIOMETRICA_AUTOMATICA,,60,24,BAIXA,TRUE,366,216,212,212,211,210,0.59016393442623,0.579234972677596,0.579234972677596,0.576502732240437,0.573770491803279,152,78,8,6
CEMADEN,261070703A,2021,Maria Farinha,PLUVIOMETRICA_AUTOMATICA,,60,24,BAIXA,TRUE,365,363,359,359,358,356,0.994520547945205,0.983561643835616,0.983561643835616,0.980821917808219,0.975342465753425,3,147,12,12
CEMADEN,261070703A,2022,Maria Farinha,PLUVIOMETRICA_AUTOMATICA,,60,24,BAIXA,TRUE,365,137,71,68,66,63,0.375342465753425,0.194520547945205,0.186301369863014,0.180821917808219,0.172602739726027,251,22,7,2
CEMADEN,261070703A,2023,Maria Farinha,PLUVIOMETRICA_AUTOMATICA,,60,24,BAIXA,TRUE,365,9,0,0,0,0,0.0246575342465753,0,0,0,0,365,0,2,0
CEMADEN,261070703A,2024,Maria Farinha,PLUVIOMETRICA_AUTOMATICA,,60,24,BAIXA,TRUE,366,74,64,61,61,60,0.202185792349727,0.174863387978142,0.166666666666667,0.166666666666667,0.163934426229508,156,27,7,0
CEMADEN,261070703A,2025,Maria Farinha,PLUVIOMETRICA_AUTOMATICA,,60,24,BAIXA,TRUE,365,97,66,63,61,55,0.265753424657534,0.180821917808219,0.172602739726027,0.167123287671233,0.150684931506849,47,29,10,0
CEMADEN,261070704A,2017,Janga,PLUVIOMETRICA_AUTOMATICA,,60,24,BAIXA,TRUE,365,365,363,363,361,359,1,0.994520547945205,0.994520547945205,0.989041095890411,0.983561643835616,2,185,12,12
CEMADEN,261070704A,2018,Janga,PLUVIOMETRICA_AUTOMATICA,,60,24,BAIXA,TRUE,365,365,362,362,362,355,1,0.991780821917808,0.991780821917808,0.991780821917808,0.972602739726027,2,137,12,12
CEMADEN,261070704A,2019,Janga,PLUVIOMETRICA_AUTOMATICA,,60,24,BAIXA,TRUE,365,349,316,312,309,302,0.956164383561644,0.865753424657534,0.854794520547945,0.846575342465753,0.827397260273973,23,131,12,9
CEMADEN,261070704A,2020,Janga,PLUVIOMETRICA_AUTOMATICA,,60,24,BAIXA,TRUE,366,246,203,202,202,200,0.672131147540984,0.554644808743169,0.551912568306011,0.551912568306011,0.546448087431694,162,79,9,6
CEMADEN,261070704A,2021,Janga,PLUVIOMETRICA_AUTOMATICA,,60,24,BAIXA,TRUE,365,363,359,358,357,356,0.994520547945205,0.983561643835616,0.980821917808219,0.978082191780822,0.975342465753425,6,157,12,12
CEMADEN,261070704A,2022,Janga,PLUVIOMETRICA_AUTOMATICA,,60,24,BAIXA,TRUE,365,365,361,358,358,348,1,0.989041095890411,0.980821917808219,0.980821917808219,0.953424657534246,2,160,12,12
CEMADEN,261070704A,2023,Janga,PLUVIOMETRICA_AUTOMATICA,,60,24,BAIXA,TRUE,365,248,238,237,237,234,0.679452054794521,0.652054794520548,0.649315068493151,0.649315068493151,0.641095890410959,124,109,9,8
CEMADEN,261070704A,2024,Janga,PLUVIOMETRICA_AUTOMATICA,,60,24,ALTA,FALSE,366,187,22,8,5,3,0.510928961748634,0.0601092896174863,0.0218579234972678,0.0136612021857924,0.00819672131147541,172,2,7,0
CEMADEN,261070704A,2025,Janga,PLUVIOMETRICA_AUTOMATICA,,60,24,ALTA,FALSE,365,349,68,40,28,22,0.956164383561644,0.186301369863014,0.10958904109589,0.0767123287671233,0.0602739726027397,91,19,12,0
CEMADEN,261070705A,2017,Janga2,PLUVIOMETRICA_AUTOMATICA,,60,24,BAIXA,TRUE,365,365,364,363,361,358,1,0.997260273972603,0.994520547945205,0.989041095890411,0.980821917808219,2,160,12,12
CEMADEN,261070705A,2018,Janga2,PLUVIOMETRICA_AUTOMATICA,,60,24,BAIXA,TRUE,365,365,363,362,362,356,1,0.994520547945205,0.991780821917808,0.991780821917808,0.975342465753425,2,92,12,12
CEMADEN,261070705A,2019,Janga2,PLUVIOMETRICA_AUTOMATICA,,60,24,BAIXA,TRUE,365,355,337,334,332,319,0.972602739726027,0.923287671232877,0.915068493150685,0.90958904109589,0.873972602739726,11,129,12,10
CEMADEN,261070705A,2020,Janga2,PLUVIOMETRICA_AUTOMATICA,,60,24,BAIXA,TRUE,366,250,216,213,210,198,0.683060109289618,0.59016393442623,0.581967213114754,0.573770491803279,0.540983606557377,141,60,9,7
CEMADEN,261070705A,2021,Janga2,PLUVIOMETRICA_AUTOMATICA,,60,24,BAIXA,TRUE,365,365,364,364,364,356,1,0.997260273972603,0.997260273972603,0.997260273972603,0.975342465753425,1,162,12,12
CEMADEN,261070705A,2022,Janga2,PLUVIOMETRICA_AUTOMATICA,,60,24,BAIXA,TRUE,365,365,354,350,349,335,1,0.96986301369863,0.958904109589041,0.956164383561644,0.917808219178082,5,140,12,12
CEMADEN,261070705A,2023,Janga2,PLUVIOMETRICA_AUTOMATICA,,60,24,BAIXA,TRUE,365,365,364,364,364,359,1,0.997260273972603,0.997260273972603,0.997260273972603,0.983561643835616,1,145,12,12
CEMADEN,261070705A,2024,Janga2,PLUVIOMETRICA_AUTOMATICA,,60,24,BAIXA,TRUE,366,350,342,342,341,338,0.956284153005464,0.934426229508197,0.934426229508197,0.931693989071038,0.923497267759563,12,129,12,10
CEMADEN,261070705A,2025,Janga2,PLUVIOMETRICA_AUTOMATICA,,60,24,BAIXA,TRUE,365,321,320,319,318,315,0.879452054794521,0.876712328767123,0.873972602739726,0.871232876712329,0.863013698630137,46,135,12,10
CEMADEN,261070706A,2017,Centro,PLUVIOMETRICA_AUTOMATICA,,60,24,BAIXA,TRUE,365,365,364,363,361,359,1,0.997260273972603,0.994520547945205,0.989041095890411,0.983561643835616,2,203,12,12
CEMADEN,261070706A,2018,Centro,PLUVIOMETRICA_AUTOMATICA,,60,24,BAIXA,TRUE,365,365,363,363,361,355,1,0.994520547945205,0.994520547945205,0.989041095890411,0.972602739726027,1,71,12,12
CEMADEN,261070706A,2019,Centro,PLUVIOMETRICA_AUTOMATICA,,60,24,ALTA,FALSE,365,161,159,157,155,147,0.441095890410959,0.435616438356164,0.43013698630137,0.424657534246575,0.402739726027397,205,0,6,5
CEMADEN,261070707A,2017,PAULISTA - APAC,PLUVIOMETRICA_AUTOMATICA,,60,24,ALTA,FALSE,365,55,50,50,41,25,0.150684931506849,0.136986301369863,0.136986301369863,0.112328767123288,0.0684931506849315,314,9,2,0
CEMADEN,261070707A,2018,PAULISTA - APAC,PLUVIOMETRICA_AUTOMATICA,,60,24,BAIXA,TRUE,365,147,146,145,144,132,0.402739726027397,0.4,0.397260273972603,0.394520547945205,0.361643835616438,219,86,5,5
CEMADEN,261070707A,2019,PAULISTA - APAC,PLUVIOMETRICA_AUTOMATICA,,60,24,BAIXA,TRUE,365,160,140,138,136,133,0.438356164383562,0.383561643835616,0.378082191780822,0.372602739726027,0.364383561643836,186,68,6,3
CEMADEN,261070707A,2020,PAULISTA - APAC,PLUVIOMETRICA_AUTOMATICA,,60,24,BAIXA,TRUE,366,366,364,351,339,291,1,0.994535519125683,0.959016393442623,0.926229508196721,0.795081967213115,4,161,12,10
CEMADEN,261070707A,2021,PAULISTA - APAC,PLUVIOMETRICA_AUTOMATICA,,60,24,BAIXA,TRUE,365,91,71,64,56,42,0.249315068493151,0.194520547945205,0.175342465753425,0.153424657534247,0.115068493150685,163,22,4,1
CEMADEN,261080601A,2017,PEDRA - APAC,PLUVIOMETRICA_AUTOMATICA,,60,24,MEDIA,FALSE,365,21,21,21,21,20,0.0575342465753425,0.0575342465753425,0.0575342465753425,0.0575342465753425,0.0547945205479452,344,2,1,0
CEMADEN,261080601A,2018,PEDRA - APAC,PLUVIOMETRICA_AUTOMATICA,,60,24,BAIXA,TRUE,365,365,363,362,358,341,1,0.994520547945205,0.991780821917808,0.980821917808219,0.934246575342466,1,74,12,12
CEMADEN,261080601A,2019,PEDRA - APAC,PLUVIOMETRICA_AUTOMATICA,,60,24,BAIXA,TRUE,365,351,338,336,333,323,0.961643835616438,0.926027397260274,0.920547945205479,0.912328767123288,0.884931506849315,11,84,12,10
CEMADEN,261080601A,2020,PEDRA - APAC,PLUVIOMETRICA_AUTOMATICA,,60,24,BAIXA,TRUE,366,344,336,331,330,314,0.939890710382514,0.918032786885246,0.904371584699454,0.901639344262295,0.85792349726776,18,95,12,9
CEMADEN,261080601A,2021,PEDRA - APAC,PLUVIOMETRICA_AUTOMATICA,,60,24,BAIXA,TRUE,365,180,168,166,165,159,0.493150684931507,0.46027397260274,0.454794520547945,0.452054794520548,0.435616438356164,131,35,8,5
CEMADEN,261080601A,2022,PEDRA - APAC,PLUVIOMETRICA_AUTOMATICA,,60,24,ALTA,FALSE,365,121,25,23,21,21,0.331506849315069,0.0684931506849315,0.063013698630137,0.0575342465753425,0.0575342465753425,223,6,7,0
CEMADEN,261080601A,2023,PEDRA - APAC,PLUVIOMETRICA_AUTOMATICA,,60,24,BAIXA,TRUE,365,321,312,310,305,283,0.879452054794521,0.854794520547945,0.849315068493151,0.835616438356164,0.775342465753425,44,84,11,10
CEMADEN,261080601A,2024,PEDRA - APAC,PLUVIOMETRICA_AUTOMATICA,,60,24,BAIXA,TRUE,366,309,243,234,226,205,0.844262295081967,0.663934426229508,0.639344262295082,0.617486338797814,0.560109289617486,53,97,12,5
CEMADEN,261080601A,2025,PEDRA - APAC,PLUVIOMETRICA_AUTOMATICA,,60,24,BAIXA,TRUE,365,192,138,137,133,130,0.526027397260274,0.378082191780822,0.375342465753425,0.364383561643836,0.356164383561644,130,58,10,3
CEMADEN,261080601C,2017,PEDRA,PLUVIOMETRICA_AUTOMATICA,,10,144,ALTA,FALSE,365,219,43,42,40,38,0.6,0.117808219178082,0.115068493150685,0.10958904109589,0.104109589041096,155,0,12,0
CEMADEN,261080601C,2018,PEDRA,PLUVIOMETRICA_AUTOMATICA,,60,24,ALTA,FALSE,365,348,306,304,304,302,0.953424657534246,0.838356164383562,0.832876712328767,0.832876712328767,0.827397260273973,35,39,12,9
CEMADEN,261080601C,2019,PEDRA,PLUVIOMETRICA_AUTOMATICA,,60,24,ALTA,FALSE,365,348,265,262,262,261,0.953424657534246,0.726027397260274,0.717808219178082,0.717808219178082,0.715068493150685,60,44,12,7
CEMADEN,261080601C,2020,PEDRA,PLUVIOMETRICA_AUTOMATICA,,60,24,ALTA,FALSE,366,252,57,42,30,15,0.688524590163934,0.155737704918033,0.114754098360656,0.0819672131147541,0.040983606557377,221,11,9,0
CEMADEN,261080601C,2022,PEDRA,PLUVIOMETRICA_AUTOMATICA,,60,24,BAIXA,TRUE,365,237,235,235,235,235,0.649315068493151,0.643835616438356,0.643835616438356,0.643835616438356,0.643835616438356,116,78,9,7
CEMADEN,261090501A,2023,SALOBRO - APAC,PLUVIOMETRICA_AUTOMATICA,,60,24,BAIXA,TRUE,365,184,178,178,177,161,0.504109589041096,0.487671232876712,0.487671232876712,0.484931506849315,0.441095890410959,181,38,7,6
CEMADEN,261090501A,2024,SALOBRO - APAC,PLUVIOMETRICA_AUTOMATICA,,60,24,BAIXA,TRUE,366,348,314,311,306,297,0.950819672131147,0.85792349726776,0.849726775956284,0.836065573770492,0.811475409836066,17,90,12,9
CEMADEN,261090501A,2025,SALOBRO - APAC,PLUVIOMETRICA_AUTOMATICA,,60,24,BAIXA,TRUE,365,362,358,358,355,348,0.991780821917808,0.980821917808219,0.980821917808219,0.972602739726027,0.953424657534246,5,88,12,12
CEMADEN,261090501C,2017,PESQUEIRA,PLUVIOMETRICA_AUTOMATICA,,10,144,ALTA,FALSE,365,111,15,13,13,13,0.304109589041096,0.0410958904109589,0.0356164383561644,0.0356164383561644,0.0356164383561644,159,0,9,0
CEMADEN,261090501C,2018,PESQUEIRA,PLUVIOMETRICA_AUTOMATICA,,60,24,BAIXA,TRUE,365,319,302,302,302,300,0.873972602739726,0.827397260273973,0.827397260273973,0.827397260273973,0.821917808219178,38,62,12,8
CEMADEN,261090501C,2019,PESQUEIRA,PLUVIOMETRICA_AUTOMATICA,,60,24,BAIXA,TRUE,365,344,283,280,278,277,0.942465753424658,0.775342465753425,0.767123287671233,0.761643835616438,0.758904109589041,49,85,12,7
CEMADEN,261090501C,2020,PESQUEIRA,PLUVIOMETRICA_AUTOMATICA,,60,24,ALTA,FALSE,366,174,79,74,68,64,0.475409836065574,0.215846994535519,0.202185792349727,0.185792349726776,0.174863387978142,174,10,7,1
CEMADEN,261090501C,2022,PESQUEIRA,PLUVIOMETRICA_AUTOMATICA,,60,24,BAIXA,TRUE,365,238,235,234,233,200,0.652054794520548,0.643835616438356,0.641095890410959,0.638356164383562,0.547945205479452,108,99,9,7
CEMADEN,261090501C,2023,PESQUEIRA,PLUVIOMETRICA_AUTOMATICA,,60,24,ALTA,FALSE,365,338,330,329,320,270,0.926027397260274,0.904109589041096,0.901369863013699,0.876712328767123,0.73972602739726,10,18,12,9
CEMADEN,261090501C,2024,PESQUEIRA,PLUVIOMETRICA_AUTOMATICA,,60,24,BAIXA,TRUE,366,288,256,254,253,229,0.786885245901639,0.699453551912568,0.693989071038251,0.691256830601093,0.62568306010929,35,100,12,6
CEMADEN,261090501C,2025,PESQUEIRA,PLUVIOMETRICA_AUTOMATICA,,60,24,BAIXA,TRUE,365,347,331,331,330,319,0.950684931506849,0.906849315068493,0.906849315068493,0.904109589041096,0.873972602739726,10,91,12,10
CEMADEN,261090502A,2025,G2-261090502A,PLUVIOMETRICA_AUTOMATICA,,60,24,ALTA,FALSE,365,112,111,110,108,103,0.306849315068493,0.304109589041096,0.301369863013699,0.295890410958904,0.282191780821918,254,6,4,3
CEMADEN,261090503A,2025,G2-261090503A,PLUVIOMETRICA_AUTOMATICA,,60,24,ALTA,FALSE,365,115,113,113,112,100,0.315068493150685,0.30958904109589,0.30958904109589,0.306849315068493,0.273972602739726,246,10,4,3
CEMADEN,261090504A,2025,G2-261090504A,PLUVIOMETRICA_AUTOMATICA,,60,24,BAIXA,TRUE,365,81,79,79,78,72,0.221917808219178,0.216438356164384,0.216438356164384,0.213698630136986,0.197260273972603,246,15,3,2
CEMADEN,261100201A,2023,Petrolândia [Prefeitura] - APAC,PLUVIOMETRICA_AUTOMATICA,,60,24,ALTA,FALSE,365,299,289,288,287,266,0.819178082191781,0.791780821917808,0.789041095890411,0.786301369863014,0.728767123287671,62,42,10,10
CEMADEN,261100201A,2024,Petrolândia [Prefeitura] - APAC,PLUVIOMETRICA_AUTOMATICA,,60,24,ALTA,FALSE,366,333,296,295,288,278,0.909836065573771,0.808743169398907,0.806010928961749,0.786885245901639,0.759562841530055,19,48,12,7
CEMADEN,261100201A,2025,Petrolândia [Prefeitura] - APAC,PLUVIOMETRICA_AUTOMATICA,,60,24,ALTA,FALSE,365,362,350,348,346,332,0.991780821917808,0.958904109589041,0.953424657534246,0.947945205479452,0.90958904109589,6,41,12,11
CEMADEN,261100201U,2017,PETROLANDIA,PLUVIOMETRICA_AUTOMATICA,,10,144,BAIXA,TRUE,365,42,2,2,2,1,0.115068493150685,0.00547945205479452,0.00547945205479452,0.00547945205479452,0.00273972602739726,188,0,4,0
CEMADEN,261100201U,2018,PETROLANDIA,PLUVIOMETRICA_AUTOMATICA,,60,24,MEDIA,FALSE,365,17,15,13,13,11,0.0465753424657534,0.0410958904109589,0.0356164383561644,0.0356164383561644,0.0301369863013699,351,0,2,0
CEMADEN,261110101A,2017,Jose e Maria,PLUVIOMETRICA_AUTOMATICA,,60,24,ALTA,FALSE,365,365,363,363,361,355,1,0.994520547945205,0.994520547945205,0.989041095890411,0.972602739726027,2,25,12,12
CEMADEN,261110101A,2018,Jose e Maria,PLUVIOMETRICA_AUTOMATICA,,60,24,ALTA,FALSE,365,365,363,363,361,355,1,0.994520547945205,0.994520547945205,0.989041095890411,0.972602739726027,1,38,12,12
CEMADEN,261110101A,2019,Jose e Maria,PLUVIOMETRICA_AUTOMATICA,,60,24,ALTA,FALSE,365,351,339,337,333,322,0.961643835616438,0.928767123287671,0.923287671232877,0.912328767123288,0.882191780821918,15,26,12,11
CEMADEN,261110101A,2020,Jose e Maria,PLUVIOMETRICA_AUTOMATICA,,60,24,ALTA,FALSE,366,337,272,269,265,252,0.920765027322404,0.743169398907104,0.734972677595629,0.724043715846995,0.688524590163934,84,37,12,9
CEMADEN,261110101A,2021,Jose e Maria,PLUVIOMETRICA_AUTOMATICA,,60,24,BAIXA,TRUE,365,365,364,364,362,336,1,0.997260273972603,0.997260273972603,0.991780821917808,0.920547945205479,1,39,12,12
CEMADEN,261110101A,2022,Jose e Maria,PLUVIOMETRICA_AUTOMATICA,,60,24,BAIXA,TRUE,365,365,357,354,352,337,1,0.978082191780822,0.96986301369863,0.964383561643836,0.923287671232877,5,49,12,12
CEMADEN,261110101A,2023,Jose e Maria,PLUVIOMETRICA_AUTOMATICA,,60,24,ALTA,FALSE,365,358,330,329,327,320,0.980821917808219,0.904109589041096,0.901369863013699,0.895890410958904,0.876712328767123,35,33,12,11
CEMADEN,261110101A,2024,Jose e Maria,PLUVIOMETRICA_AUTOMATICA,,60,24,ALTA,FALSE,366,198,139,139,138,135,0.540983606557377,0.379781420765027,0.379781420765027,0.377049180327869,0.368852459016393,227,7,8,4
CEMADEN,261110101A,2025,Jose e Maria,PLUVIOMETRICA_AUTOMATICA,,60,24,ALTA,FALSE,365,263,262,262,262,248,0.72054794520548,0.717808219178082,0.717808219178082,0.717808219178082,0.679452054794521,103,21,9,8
CEMADEN,261110101C,2017,PETROLINA,PLUVIOMETRICA_AUTOMATICA,,60,24,BAIXA,TRUE,365,168,146,139,139,134,0.46027397260274,0.4,0.380821917808219,0.380821917808219,0.367123287671233,67,15,11,3
CEMADEN,261110101C,2018,PETROLINA,PLUVIOMETRICA_AUTOMATICA,,60,24,ALTA,FALSE,365,365,278,267,264,260,1,0.761643835616438,0.731506849315069,0.723287671232877,0.712328767123288,34,13,12,8
CEMADEN,261110101C,2019,PETROLINA,PLUVIOMETRICA_AUTOMATICA,,60,24,ALTA,FALSE,365,351,333,332,332,331,0.961643835616438,0.912328767123288,0.90958904109589,0.90958904109589,0.906849315068493,11,27,12,10
CEMADEN,261110101C,2020,PETROLINA,PLUVIOMETRICA_AUTOMATICA,,60,24,ALTA,FALSE,366,345,337,337,337,337,0.942622950819672,0.920765027322404,0.920765027322404,0.920765027322404,0.920765027322404,20,46,12,10
CEMADEN,261110101C,2021,PETROLINA,PLUVIOMETRICA_AUTOMATICA,,60,24,ALTA,FALSE,365,119,113,113,113,113,0.326027397260274,0.30958904109589,0.30958904109589,0.30958904109589,0.30958904109589,133,8,8,2
CEMADEN,261110101C,2022,PETROLINA,PLUVIOMETRICA_AUTOMATICA,,60,24,BAIXA,TRUE,365,237,236,236,236,236,0.649315068493151,0.646575342465753,0.646575342465753,0.646575342465753,0.646575342465753,129,27,8,7
CEMADEN,261110101C,2023,PETROLINA,PLUVIOMETRICA_AUTOMATICA,,60,24,ALTA,FALSE,365,365,365,364,364,363,1,1,0.997260273972603,0.997260273972603,0.994520547945205,1,32,12,12
CEMADEN,261110101C,2024,PETROLINA,PLUVIOMETRICA_AUTOMATICA,,60,24,BAIXA,TRUE,366,349,343,340,338,331,0.953551912568306,0.937158469945355,0.92896174863388,0.923497267759563,0.904371584699454,15,49,12,11
CEMADEN,261110101C,2025,PETROLINA,PLUVIOMETRICA_AUTOMATICA,,60,24,ALTA,FALSE,365,365,363,362,360,359,1,0.994520547945205,0.991780821917808,0.986301369863014,0.983561643835616,3,17,12,12
CEMADEN,261110102A,2017,Gercino Coelho,PLUVIOMETRICA_AUTOMATICA,,60,24,ALTA,FALSE,365,365,364,363,361,356,1,0.997260273972603,0.994520547945205,0.989041095890411,0.975342465753425,2,28,12,12
CEMADEN,261110102A,2018,Gercino Coelho,PLUVIOMETRICA_AUTOMATICA,,60,24,ALTA,FALSE,365,365,363,363,361,352,1,0.994520547945205,0.994520547945205,0.989041095890411,0.964383561643836,1,39,12,12
CEMADEN,261110102A,2019,Gercino Coelho,PLUVIOMETRICA_AUTOMATICA,,60,24,ALTA,FALSE,365,351,339,337,333,321,0.961643835616438,0.928767123287671,0.923287671232877,0.912328767123288,0.879452054794521,15,34,12,11
CEMADEN,261110102A,2020,Gercino Coelho,PLUVIOMETRICA_AUTOMATICA,,60,24,BAIXA,TRUE,366,176,166,163,159,153,0.480874316939891,0.453551912568306,0.445355191256831,0.434426229508197,0.418032786885246,192,31,7,5
CEMADEN,261110102A,2021,Gercino Coelho,PLUVIOMETRICA_AUTOMATICA,,60,24,BAIXA,TRUE,365,293,287,287,285,282,0.802739726027397,0.786301369863014,0.786301369863014,0.780821917808219,0.772602739726028,70,30,10,9
CEMADEN,261110102A,2022,Gercino Coelho,PLUVIOMETRICA_AUTOMATICA,,60,24,BAIXA,TRUE,365,335,296,295,294,288,0.917808219178082,0.810958904109589,0.808219178082192,0.805479452054795,0.789041095890411,55,51,12,10
CEMADEN,261110102A,2023,Gercino Coelho,PLUVIOMETRICA_AUTOMATICA,,60,24,ALTA,FALSE,365,362,358,358,358,355,0.991780821917808,0.980821917808219,0.980821917808219,0.980821917808219,0.972602739726027,4,33,12,12
CEMADEN,261110102A,2024,Gercino Coelho,PLUVIOMETRICA_AUTOMATICA,,60,24,ALTA,FALSE,366,321,298,298,293,286,0.877049180327869,0.814207650273224,0.814207650273224,0.800546448087432,0.781420765027322,29,30,12,8
CEMADEN,261110102A,2025,Gercino Coelho,PLUVIOMETRICA_AUTOMATICA,,60,24,ALTA,FALSE,365,365,365,365,364,348,1,1,1,0.997260273972603,0.953424657534246,1,24,12,12
CEMADEN,261110102C,2018,PETROLINA 2,PLUVIOMETRICA_AUTOMATICA,,60,24,ALTA,FALSE,365,327,154,143,133,126,0.895890410958904,0.421917808219178,0.391780821917808,0.364383561643836,0.345205479452055,158,26,12,3
CEMADEN,261110102C,2019,PETROLINA 2,PLUVIOMETRICA_AUTOMATICA,,60,24,BAIXA,TRUE,365,344,1,0,0,0,0.942465753424658,0.00273972602739726,0,0,0,365,0,12,0
CEMADEN,261110102C,2020,PETROLINA 2,PLUVIOMETRICA_AUTOMATICA,,60,24,BAIXA,TRUE,366,329,13,11,11,8,0.898907103825137,0.0355191256830601,0.0300546448087432,0.0300546448087432,0.0218579234972678,217,6,12,0
CEMADEN,261110102C,2021,PETROLINA 2,PLUVIOMETRICA_AUTOMATICA,,60,24,BAIXA,TRUE,365,23,0,0,0,0,0.063013698630137,0,0,0,0,365,0,1,0
CEMADEN,261110103A,2017,Samu,PLUVIOMETRICA_AUTOMATICA,,60,24,BAIXA,TRUE,365,365,364,363,361,356,1,0.997260273972603,0.994520547945205,0.989041095890411,0.975342465753425,2,27,12,12
CEMADEN,261110103A,2018,Samu,PLUVIOMETRICA_AUTOMATICA,,60,24,ALTA,FALSE,365,365,363,363,361,355,1,0.994520547945205,0.994520547945205,0.989041095890411,0.972602739726027,1,37,12,12
CEMADEN,261110103A,2019,Samu,PLUVIOMETRICA_AUTOMATICA,,60,24,ALTA,FALSE,365,351,338,337,333,323,0.961643835616438,0.926027397260274,0.923287671232877,0.912328767123288,0.884931506849315,15,32,12,11
CEMADEN,261110103A,2020,Samu,PLUVIOMETRICA_AUTOMATICA,,60,24,ALTA,FALSE,366,348,305,300,295,281,0.950819672131147,0.833333333333333,0.819672131147541,0.806010928961749,0.76775956284153,51,40,12,10
CEMADEN,261110103A,2021,Samu,PLUVIOMETRICA_AUTOMATICA,,60,24,BAIXA,TRUE,365,365,364,364,363,335,1,0.997260273972603,0.997260273972603,0.994520547945205,0.917808219178082,1,42,12,12
CEMADEN,261110103A,2022,Samu,PLUVIOMETRICA_AUTOMATICA,,60,24,BAIXA,TRUE,365,365,357,354,353,323,1,0.978082191780822,0.96986301369863,0.967123287671233,0.884931506849315,5,48,12,12
CEMADEN,261110103A,2023,Samu,PLUVIOMETRICA_AUTOMATICA,,60,24,ALTA,FALSE,365,225,198,197,197,195,0.616438356164384,0.542465753424658,0.53972602739726,0.53972602739726,0.534246575342466,166,25,8,6
CEMADEN,261110103A,2024,Samu,PLUVIOMETRICA_AUTOMATICA,,60,24,ALTA,FALSE,366,140,139,139,139,138,0.382513661202186,0.379781420765027,0.379781420765027,0.379781420765027,0.377049180327869,227,6,5,4
CEMADEN,261110103A,2025,Samu,PLUVIOMETRICA_AUTOMATICA,,60,24,ALTA,FALSE,365,365,365,365,364,358,1,1,1,0.997260273972603,0.980821917808219,1,17,12,12
CEMADEN,261110103C,2017,PETROLINA 3,PLUVIOMETRICA_AUTOMATICA,,10,144,ALTA,FALSE,365,98,9,9,8,8,0.268493150684932,0.0246575342465753,0.0246575342465753,0.0219178082191781,0.0219178082191781,194,0,10,0
CEMADEN,261110103C,2018,PETROLINA 3,PLUVIOMETRICA_AUTOMATICA,,60,24,BAIXA,TRUE,365,346,329,329,329,326,0.947945205479452,0.901369863013699,0.901369863013699,0.901369863013699,0.893150684931507,31,45,12,11
CEMADEN,261110103C,2019,PETROLINA 3,PLUVIOMETRICA_AUTOMATICA,,60,24,ALTA,FALSE,365,358,331,328,325,323,0.980821917808219,0.906849315068493,0.898630136986301,0.89041095890411,0.884931506849315,11,43,12,10
CEMADEN,261110103C,2020,PETROLINA 3,PLUVIOMETRICA_AUTOMATICA,,60,24,ALTA,FALSE,366,339,266,263,263,258,0.926229508196721,0.726775956284153,0.718579234972678,0.718579234972678,0.704918032786885,52,49,12,7
CEMADEN,261110103C,2021,PETROLINA 3,PLUVIOMETRICA_AUTOMATICA,,60,24,BAIXA,TRUE,365,290,0,0,0,0,0.794520547945206,0,0,0,0,365,0,11,0
CEMADEN,261110103C,2022,PETROLINA 3,PLUVIOMETRICA_AUTOMATICA,,60,24,BAIXA,TRUE,365,101,88,88,88,87,0.276712328767123,0.241095890410959,0.241095890410959,0.241095890410959,0.238356164383562,165,19,6,1
CEMADEN,261110103C,2023,PETROLINA 3,PLUVIOMETRICA_AUTOMATICA,,60,24,ALTA,FALSE,365,179,166,166,165,157,0.49041095890411,0.454794520547945,0.454794520547945,0.452054794520548,0.43013698630137,113,23,8,3
CEMADEN,261110103C,2024,PETROLINA 3,PLUVIOMETRICA_AUTOMATICA,,60,24,ALTA,FALSE,366,119,109,109,107,96,0.325136612021858,0.297814207650273,0.297814207650273,0.292349726775956,0.262295081967213,226,3,5,2
CEMADEN,261110103C,2025,PETROLINA 3,PLUVIOMETRICA_AUTOMATICA,,60,24,ALTA,FALSE,365,210,179,177,177,140,0.575342465753425,0.49041095890411,0.484931506849315,0.484931506849315,0.383561643835616,73,11,11,5
CEMADEN,261110104A,2017,Jardim Sao Paulo,PLUVIOMETRICA_AUTOMATICA,,60,24,ALTA,FALSE,365,365,363,363,361,358,1,0.994520547945205,0.994520547945205,0.989041095890411,0.980821917808219,2,22,12,12
CEMADEN,261110104A,2018,Jardim Sao Paulo,PLUVIOMETRICA_AUTOMATICA,,60,24,ALTA,FALSE,365,365,363,363,360,354,1,0.994520547945205,0.994520547945205,0.986301369863014,0.96986301369863,2,37,12,12
CEMADEN,261110104A,2019,Jardim Sao Paulo,PLUVIOMETRICA_AUTOMATICA,,60,24,ALTA,FALSE,365,351,338,336,332,313,0.961643835616438,0.926027397260274,0.920547945205479,0.90958904109589,0.857534246575342,15,29,12,11
CEMADEN,261110104A,2020,Jardim Sao Paulo,PLUVIOMETRICA_AUTOMATICA,,60,24,ALTA,FALSE,366,266,223,219,213,200,0.726775956284153,0.609289617486339,0.598360655737705,0.581967213114754,0.546448087431694,133,25,11,7
CEMADEN,261110104A,2021,Jardim Sao Paulo,PLUVIOMETRICA_AUTOMATICA,,60,24,ALTA,FALSE,365,365,364,363,356,332,1,0.997260273972603,0.994520547945205,0.975342465753425,0.90958904109589,1,39,12,11
CEMADEN,261110104A,2022,Jardim Sao Paulo,PLUVIOMETRICA_AUTOMATICA,,60,24,BAIXA,TRUE,365,365,357,355,353,333,1,0.978082191780822,0.972602739726027,0.967123287671233,0.912328767123288,5,44,12,12
CEMADEN,261110104A,2023,Jardim Sao Paulo,PLUVIOMETRICA_AUTOMATICA,,60,24,ALTA,FALSE,365,365,363,362,362,359,1,0.994520547945205,0.991780821917808,0.991780821917808,0.983561643835616,2,32,12,12
CEMADEN,261110104A,2024,Jardim Sao Paulo,PLUVIOMETRICA_AUTOMATICA,,60,24,BAIXA,TRUE,366,314,299,296,290,279,0.85792349726776,0.816939890710383,0.808743169398907,0.792349726775956,0.762295081967213,24,35,12,8
CEMADEN,261110104A,2025,Jardim Sao Paulo,PLUVIOMETRICA_AUTOMATICA,,60,24,ALTA,FALSE,365,217,201,197,194,171,0.594520547945206,0.550684931506849,0.53972602739726,0.531506849315069,0.468493150684932,122,8,10,6
CEMADEN,261110105A,2018,RAJADA - APAC,PLUVIOMETRICA_AUTOMATICA,,60,24,ALTA,FALSE,365,305,298,297,294,272,0.835616438356164,0.816438356164383,0.813698630136986,0.805479452054795,0.745205479452055,60,31,10,10
CEMADEN,261110105A,2019,RAJADA - APAC,PLUVIOMETRICA_AUTOMATICA,,60,24,BAIXA,TRUE,365,343,329,328,326,313,0.93972602739726,0.901369863013699,0.898630136986301,0.893150684931507,0.857534246575342,12,39,12,9
CEMADEN,261110105A,2020,RAJADA - APAC,PLUVIOMETRICA_AUTOMATICA,,60,24,BAIXA,TRUE,366,359,333,303,268,239,0.980874316939891,0.909836065573771,0.827868852459016,0.73224043715847,0.653005464480874,25,64,12,7
CEMADEN,261110105A,2021,RAJADA - APAC,PLUVIOMETRICA_AUTOMATICA,,60,24,ALTA,FALSE,365,50,24,22,21,18,0.136986301369863,0.0657534246575342,0.0602739726027397,0.0575342465753425,0.0493150684931507,231,2,6,0
CEMADEN,261110105A,2023,RAJADA - APAC,PLUVIOMETRICA_AUTOMATICA,,10,144,BAIXA,TRUE,365,2,0,0,0,0,0.00547945205479452,0,0,0,0,365,0,2,0
CEMADEN,261110105A,2024,RAJADA - APAC,PLUVIOMETRICA_AUTOMATICA,,60,24,BAIXA,TRUE,366,316,315,315,314,312,0.863387978142077,0.860655737704918,0.860655737704918,0.85792349726776,0.852459016393443,51,34,11,10
CEMADEN,261110105A,2025,RAJADA - APAC,PLUVIOMETRICA_AUTOMATICA,,60,24,ALTA,FALSE,365,294,294,293,293,286,0.805479452054795,0.805479452054795,0.802739726027397,0.802739726027397,0.783561643835617,72,23,10,9
CEMADEN,261110106A,2018,URUÃS - APAC,PLUVIOMETRICA_AUTOMATICA,,60,24,ALTA,FALSE,365,196,191,191,191,185,0.536986301369863,0.523287671232877,0.523287671232877,0.523287671232877,0.506849315068493,170,11,7,6
CEMADEN,261110106A,2019,URUÃS - APAC,PLUVIOMETRICA_AUTOMATICA,,60,24,BAIXA,TRUE,365,322,310,309,309,298,0.882191780821918,0.849315068493151,0.846575342465753,0.846575342465753,0.816438356164383,22,35,12,8
CEMADEN,261110106A,2020,URUÃS - APAC,PLUVIOMETRICA_AUTOMATICA,,60,24,BAIXA,TRUE,366,87,0,0,0,0,0.237704918032787,0,0,0,0,366,0,4,0
CEMADEN,261110106A,2021,URUÃS - APAC,PLUVIOMETRICA_AUTOMATICA,,60,24,BAIXA,TRUE,365,2,0,0,0,0,0.00547945205479452,0,0,0,0,365,0,1,0
CEMADEN,261110106A,2024,URUÃS - APAC,PLUVIOMETRICA_AUTOMATICA,,60,24,BAIXA,TRUE,366,277,268,267,267,259,0.756830601092896,0.73224043715847,0.729508196721312,0.729508196721312,0.707650273224044,51,34,11,8
CEMADEN,261110106A,2025,URUÃS - APAC,PLUVIOMETRICA_AUTOMATICA,,60,24,ALTA,FALSE,365,353,343,342,340,323,0.967123287671233,0.93972602739726,0.936986301369863,0.931506849315068,0.884931506849315,22,25,12,11
CEMADEN,261120001A,2017,Centro,PLUVIOMETRICA_AUTOMATICA,,60,24,BAIXA,TRUE,365,365,363,363,361,353,1,0.994520547945205,0.994520547945205,0.989041095890411,0.967123287671233,2,116,12,12
CEMADEN,261120001A,2018,Centro,PLUVIOMETRICA_AUTOMATICA,,60,24,BAIXA,TRUE,365,365,361,360,357,340,1,0.989041095890411,0.986301369863014,0.978082191780822,0.931506849315068,2,79,12,12
CEMADEN,261120001A,2019,Centro,PLUVIOMETRICA_AUTOMATICA,,60,24,BAIXA,TRUE,365,360,343,338,333,324,0.986301369863014,0.93972602739726,0.926027397260274,0.912328767123288,0.887671232876712,6,89,12,11
CEMADEN,261120001A,2020,Centro,PLUVIOMETRICA_AUTOMATICA,,60,24,BAIXA,TRUE,366,366,355,347,344,326,1,0.969945355191257,0.948087431693989,0.939890710382514,0.890710382513661,2,88,12,12
CEMADEN,261120001A,2021,Centro,PLUVIOMETRICA_AUTOMATICA,,60,24,BAIXA,TRUE,365,365,364,364,361,330,1,0.997260273972603,0.997260273972603,0.989041095890411,0.904109589041096,1,90,12,12
CEMADEN,261120001A,2022,Centro,PLUVIOMETRICA_AUTOMATICA,,60,24,BAIXA,TRUE,365,365,359,355,353,342,1,0.983561643835616,0.972602739726027,0.967123287671233,0.936986301369863,5,139,12,12
CEMADEN,261120001A,2023,Centro,PLUVIOMETRICA_AUTOMATICA,,60,24,BAIXA,TRUE,365,364,361,360,360,351,0.997260273972603,0.989041095890411,0.986301369863014,0.986301369863014,0.961643835616438,3,128,12,12
CEMADEN,261120001A,2024,Centro,PLUVIOMETRICA_AUTOMATICA,,60,24,BAIXA,TRUE,366,366,364,364,364,358,1,0.994535519125683,0.994535519125683,0.994535519125683,0.978142076502732,2,129,12,12
CEMADEN,261120001A,2025,Centro,PLUVIOMETRICA_AUTOMATICA,,60,24,BAIXA,TRUE,365,365,365,365,363,360,1,1,1,0.994520547945205,0.986301369863014,1,124,12,12
CEMADEN,261120002A,2017,POCAO - APAC,PLUVIOMETRICA_AUTOMATICA,,60,24,BAIXA,FALSE,365,9,9,8,4,2,0.0246575342465753,0.0246575342465753,0.0219178082191781,0.010958904109589,0.00547945205479452,356,1,1,0
CEMADEN,261120002A,2018,POCAO - APAC,PLUVIOMETRICA_AUTOMATICA,,60,24,BAIXA,TRUE,365,56,53,50,38,24,0.153424657534247,0.145205479452055,0.136986301369863,0.104109589041096,0.0657534246575342,310,12,2,0
CEMADEN,261120002A,2019,POCAO - APAC,PLUVIOMETRICA_AUTOMATICA,,,1,BAIXA,FALSE,365,1,1,1,1,1,0.00273972602739726,0.00273972602739726,0.00273972602739726,0.00273972602739726,0.00273972602739726,224,0,1,0
CEMADEN,261120002A,2020,POCAO - APAC,PLUVIOMETRICA_AUTOMATICA,,60,24,BAIXA,TRUE,366,6,1,0,0,0,0.0163934426229508,0.00273224043715847,0,0,0,366,0,1,0
CEMADEN,261120002A,2022,POCAO - APAC,PLUVIOMETRICA_AUTOMATICA,,170,2,BAIXA,FALSE,365,1,1,1,1,1,0.00273972602739726,0.00273972602739726,0.00273972602739726,0.00273972602739726,0.00273972602739726,349,0,1,0
CEMADEN,261120002A,2023,POCAO - APAC,PLUVIOMETRICA_AUTOMATICA,,10,144,BAIXA,TRUE,365,1,0,0,0,0,0.00273972602739726,0,0,0,0,365,0,1,0
CEMADEN,261130901A,2017,Vila São José,PLUVIOMETRICA_AUTOMATICA,,60,24,BAIXA,TRUE,365,351,349,349,348,340,0.961643835616438,0.956164383561644,0.956164383561644,0.953424657534246,0.931506849315068,15,147,12,11
CEMADEN,261130901A,2018,Vila São José,PLUVIOMETRICA_AUTOMATICA,,60,24,BAIXA,TRUE,365,365,364,362,361,350,1,0.997260273972603,0.991780821917808,0.989041095890411,0.958904109589041,2,108,12,12
CEMADEN,261130901A,2019,Vila São José,PLUVIOMETRICA_AUTOMATICA,,60,24,BAIXA,TRUE,365,361,347,342,340,313,0.989041095890411,0.950684931506849,0.936986301369863,0.931506849315068,0.857534246575342,5,96,12,10
CEMADEN,261130901A,2020,Vila São José,PLUVIOMETRICA_AUTOMATICA,,60,24,BAIXA,TRUE,366,186,178,171,169,141,0.508196721311475,0.486338797814208,0.467213114754098,0.461748633879781,0.385245901639344,179,46,7,5
CEMADEN,261130901A,2021,Vila São José,PLUVIOMETRICA_AUTOMATICA,,60,24,BAIXA,TRUE,365,290,284,283,281,268,0.794520547945206,0.778082191780822,0.775342465753425,0.76986301369863,0.734246575342466,72,105,10,8
CEMADEN,261130901A,2022,Vila São José,PLUVIOMETRICA_AUTOMATICA,,60,24,BAIXA,TRUE,365,339,330,329,328,326,0.928767123287671,0.904109589041096,0.901369863013699,0.898630136986301,0.893150684931507,28,130,12,10
CEMADEN,261130901A,2023,Vila São José,PLUVIOMETRICA_AUTOMATICA,,60,24,BAIXA,TRUE,365,365,364,364,364,348,1,0.997260273972603,0.997260273972603,0.997260273972603,0.953424657534246,1,144,12,12
CEMADEN,261130901A,2024,Vila São José,PLUVIOMETRICA_AUTOMATICA,,60,24,BAIXA,TRUE,366,339,257,257,255,248,0.926229508196721,0.702185792349727,0.702185792349727,0.69672131147541,0.677595628415301,55,52,12,8
CEMADEN,261130901A,2025,Vila São José,PLUVIOMETRICA_AUTOMATICA,,60,24,BAIXA,TRUE,365,360,359,359,356,348,0.986301369863014,0.983561643835616,0.983561643835616,0.975342465753425,0.953424657534246,6,86,12,12
CEMADEN,261130902A,2017,POMBOS - APAC,PLUVIOMETRICA_AUTOMATICA,,60,24,ALTA,FALSE,365,38,19,15,9,5,0.104109589041096,0.052054794520548,0.0410958904109589,0.0246575342465753,0.0136986301369863,334,2,2,0
CEMADEN,261130902A,2018,POMBOS - APAC,PLUVIOMETRICA_AUTOMATICA,,60,24,BAIXA,TRUE,365,364,314,299,282,232,0.997260273972603,0.86027397260274,0.819178082191781,0.772602739726028,0.635616438356164,8,95,12,6
CEMADEN,261130902A,2019,POMBOS - APAC,PLUVIOMETRICA_AUTOMATICA,,60,24,BAIXA,TRUE,365,345,332,330,327,309,0.945205479452055,0.90958904109589,0.904109589041096,0.895890410958904,0.846575342465753,11,125,12,10
CEMADEN,261130902A,2020,POMBOS - APAC,PLUVIOMETRICA_AUTOMATICA,,60,24,BAIXA,TRUE,366,332,323,317,312,295,0.907103825136612,0.882513661202186,0.866120218579235,0.852459016393443,0.806010928961749,35,132,12,10
CEMADEN,261130902A,2021,POMBOS - APAC,PLUVIOMETRICA_AUTOMATICA,,60,24,BAIXA,TRUE,365,43,22,22,21,20,0.117808219178082,0.0602739726027397,0.0602739726027397,0.0575342465753425,0.0547945205479452,184,9,4,0
CEMADEN,261140801A,2017,Centro,PLUVIOMETRICA_AUTOMATICA,,60,24,BAIXA,TRUE,365,365,364,364,363,358,1,0.997260273972603,0.997260273972603,0.994520547945205,0.980821917808219,1,78,12,12
CEMADEN,261140801A,2018,Centro,PLUVIOMETRICA_AUTOMATICA,,60,24,BAIXA,TRUE,365,365,362,361,361,345,1,0.991780821917808,0.989041095890411,0.989041095890411,0.945205479452055,3,92,12,12
CEMADEN,261140801A,2019,Residencial Primavera,PLUVIOMETRICA_AUTOMATICA,,60,24,BAIXA,TRUE,365,353,335,326,320,301,0.967123287671233,0.917808219178082,0.893150684931507,0.876712328767123,0.824657534246575,13,144,12,9
CEMADEN,261140801A,2020,Residencial Primavera,PLUVIOMETRICA_AUTOMATICA,,60,24,ALTA,FALSE,366,366,357,349,327,261,1,0.975409836065574,0.953551912568306,0.89344262295082,0.713114754098361,3,38,12,9
CEMADEN,261140801A,2021,Residencial Primavera,PLUVIOMETRICA_AUTOMATICA,,60,24,ALTA,FALSE,365,362,350,344,336,288,0.991780821917808,0.958904109589041,0.942465753424658,0.920547945205479,0.789041095890411,8,0,12,10
CEMADEN,261140801A,2022,Residencial Primavera,PLUVIOMETRICA_AUTOMATICA,,60,24,ALTA,FALSE,365,182,174,171,169,162,0.498630136986301,0.476712328767123,0.468493150684932,0.463013698630137,0.443835616438356,184,30,7,6
CEMADEN,261140801A,2023,Residencial Primavera,PLUVIOMETRICA_AUTOMATICA,,60,24,BAIXA,TRUE,365,323,218,214,206,201,0.884931506849315,0.597260273972603,0.586301369863014,0.564383561643836,0.550684931506849,33,112,12,6
CEMADEN,261140801A,2024,Residencial Primavera,PLUVIOMETRICA_AUTOMATICA,,60,24,ALTA,FALSE,366,335,272,264,257,239,0.915300546448087,0.743169398907104,0.721311475409836,0.702185792349727,0.653005464480874,46,36,12,8
CEMADEN,261140801A,2025,Residencial Primavera,PLUVIOMETRICA_AUTOMATICA,,60,24,ALTA,FALSE,365,312,78,57,41,31,0.854794520547945,0.213698630136986,0.156164383561644,0.112328767123288,0.0849315068493151,77,23,12,0
CEMADEN,261140802A,2017,PRIMAVERA - APAC,PLUVIOMETRICA_AUTOMATICA,,60,24,BAIXA,TRUE,365,37,36,36,33,23,0.101369863013699,0.0986301369863014,0.0986301369863014,0.0904109589041096,0.063013698630137,328,6,2,1
CEMADEN,261140802A,2018,PRIMAVERA - APAC,PLUVIOMETRICA_AUTOMATICA,,60,24,BAIXA,TRUE,365,365,362,359,356,339,1,0.991780821917808,0.983561643835616,0.975342465753425,0.928767123287671,2,159,12,12
CEMADEN,261140802A,2019,PRIMAVERA - APAC,PLUVIOMETRICA_AUTOMATICA,,60,24,BAIXA,TRUE,365,266,252,249,248,236,0.728767123287671,0.69041095890411,0.682191780821918,0.679452054794521,0.646575342465753,102,91,10,7
CEMADEN,261140802A,2020,PRIMAVERA - APAC,PLUVIOMETRICA_AUTOMATICA,,60,24,BAIXA,TRUE,366,355,330,329,328,321,0.969945355191257,0.901639344262295,0.898907103825137,0.896174863387978,0.877049180327869,33,159,12,11
CEMADEN,261140802A,2021,PRIMAVERA - APAC,PLUVIOMETRICA_AUTOMATICA,,60,24,BAIXA,TRUE,365,46,30,29,29,28,0.126027397260274,0.0821917808219178,0.0794520547945206,0.0794520547945206,0.0767123287671233,197,22,4,0
CEMADEN,261150701A,2017,Centro,PLUVIOMETRICA_AUTOMATICA,,60,24,BAIXA,TRUE,365,362,358,358,356,354,0.991780821917808,0.980821917808219,0.980821917808219,0.975342465753425,0.96986301369863,3,176,12,12
CEMADEN,261150701A,2018,Centro,PLUVIOMETRICA_AUTOMATICA,,60,24,BAIXA,TRUE,365,365,363,362,362,356,1,0.994520547945205,0.991780821917808,0.991780821917808,0.975342465753425,2,134,12,12
CEMADEN,261150701A,2019,Centro,PLUVIOMETRICA_AUTOMATICA,,60,24,BAIXA,TRUE,365,354,337,333,330,321,0.96986301369863,0.923287671232877,0.912328767123288,0.904109589041096,0.879452054794521,11,131,12,10
CEMADEN,261150701A,2020,Centro,PLUVIOMETRICA_AUTOMATICA,,60,24,BAIXA,TRUE,366,366,355,350,346,338,1,0.969945355191257,0.956284153005464,0.945355191256831,0.923497267759563,3,144,12,12
CEMADEN,261150701A,2021,Centro,PLUVIOMETRICA_AUTOMATICA,,60,24,BAIXA,TRUE,365,365,364,364,364,355,1,0.997260273972603,0.997260273972603,0.997260273972603,0.972602739726027,1,151,12,12
CEMADEN,261150701A,2022,Centro,PLUVIOMETRICA_AUTOMATICA,,60,24,BAIXA,TRUE,365,365,359,356,355,342,1,0.983561643835616,0.975342465753425,0.972602739726027,0.936986301369863,4,172,12,12
CEMADEN,261150701A,2023,Centro,PLUVIOMETRICA_AUTOMATICA,,60,24,BAIXA,TRUE,365,365,364,361,361,359,1,0.997260273972603,0.989041095890411,0.989041095890411,0.983561643835616,2,160,12,12
CEMADEN,261150701A,2024,Centro,PLUVIOMETRICA_AUTOMATICA,,60,24,BAIXA,TRUE,366,366,364,364,364,362,1,0.994535519125683,0.994535519125683,0.994535519125683,0.989071038251366,2,157,12,12
CEMADEN,261150701A,2025,Centro,PLUVIOMETRICA_AUTOMATICA,,60,24,BAIXA,TRUE,365,342,264,249,246,242,0.936986301369863,0.723287671232877,0.682191780821918,0.673972602739726,0.663013698630137,77,124,12,7
CEMADEN,261150702A,2017,Vila Nova,PLUVIOMETRICA_AUTOMATICA,,10,144,ALTA,FALSE,365,365,46,43,39,28,1,0.126027397260274,0.117808219178082,0.106849315068493,0.0767123287671233,154,0,12,1
CEMADEN,261150702A,2018,Vila Nova,PLUVIOMETRICA_AUTOMATICA,,60,24,BAIXA,TRUE,365,365,363,363,361,354,1,0.994520547945205,0.994520547945205,0.989041095890411,0.96986301369863,2,137,12,12
CEMADEN,261150702A,2019,Vila Nova,PLUVIOMETRICA_AUTOMATICA,,60,24,BAIXA,TRUE,365,251,231,227,225,209,0.687671232876712,0.632876712328767,0.621917808219178,0.616438356164384,0.572602739726027,88,83,11,6
CEMADEN,261150702A,2020,Vila Nova,PLUVIOMETRICA_AUTOMATICA,,60,24,BAIXA,TRUE,366,366,357,352,340,302,1,0.975409836065574,0.961748633879781,0.92896174863388,0.825136612021858,3,143,12,11
CEMADEN,261150702A,2021,Vila Nova,PLUVIOMETRICA_AUTOMATICA,,60,24,BAIXA,TRUE,365,360,354,353,349,322,0.986301369863014,0.96986301369863,0.967123287671233,0.956164383561644,0.882191780821918,8,140,12,11
CEMADEN,261150702A,2022,Vila Nova,PLUVIOMETRICA_AUTOMATICA,,60,24,BAIXA,TRUE,365,361,352,349,347,328,0.989041095890411,0.964383561643836,0.956164383561644,0.950684931506849,0.898630136986301,6,164,12,12
CEMADEN,261150702A,2023,Vila Nova,PLUVIOMETRICA_AUTOMATICA,,60,24,BAIXA,TRUE,365,347,314,309,301,290,0.950684931506849,0.86027397260274,0.846575342465753,0.824657534246575,0.794520547945206,34,118,12,9
CEMADEN,261150702A,2024,Vila Nova,PLUVIOMETRICA_AUTOMATICA,,60,24,BAIXA,TRUE,366,366,358,357,354,345,1,0.978142076502732,0.975409836065574,0.967213114754098,0.942622950819672,2,143,12,12
CEMADEN,261150702A,2025,Vila Nova,PLUVIOMETRICA_AUTOMATICA,,60,24,BAIXA,TRUE,365,336,207,202,197,189,0.920547945205479,0.567123287671233,0.553424657534247,0.53972602739726,0.517808219178082,113,99,12,5
CEMADEN,261150703A,2017,Cruzeiro do Congo,PLUVIOMETRICA_AUTOMATICA,,60,24,BAIXA,TRUE,365,362,358,356,354,349,0.991780821917808,0.980821917808219,0.975342465753425,0.96986301369863,0.956164383561644,3,175,12,12
CEMADEN,261150703A,2018,Cruzeiro do Congo,PLUVIOMETRICA_AUTOMATICA,,60,24,BAIXA,TRUE,365,216,208,207,205,201,0.591780821917808,0.56986301369863,0.567123287671233,0.561643835616438,0.550684931506849,148,97,8,7
CEMADEN,261150704A,2019,QUIPAPA - APAC,PLUVIOMETRICA_AUTOMATICA,,60,24,BAIXA,TRUE,365,214,201,198,198,192,0.586301369863014,0.550684931506849,0.542465753424658,0.542465753424658,0.526027397260274,141,89,8,6
CEMADEN,261150704A,2020,QUIPAPA - APAC,PLUVIOMETRICA_AUTOMATICA,,60,24,BAIXA,TRUE,366,353,350,347,331,296,0.96448087431694,0.956284153005464,0.948087431693989,0.904371584699454,0.808743169398907,13,144,12,10
CEMADEN,261150704A,2021,QUIPAPA - APAC,PLUVIOMETRICA_AUTOMATICA,,60,24,BAIXA,TRUE,365,168,164,159,152,128,0.46027397260274,0.449315068493151,0.435616438356164,0.416438356164384,0.350684931506849,200,45,6,5
CEMADEN,261150704A,2022,QUIPAPA - APAC,PLUVIOMETRICA_AUTOMATICA,,60,24,ALTA,FALSE,365,50,48,48,48,41,0.136986301369863,0.131506849315068,0.131506849315068,0.131506849315068,0.112328767123288,317,3,3,1
CEMADEN,261153301A,2018,QUIXABA - APAC,PLUVIOMETRICA_AUTOMATICA,,60,24,BAIXA,TRUE,365,349,348,347,343,334,0.956164383561644,0.953424657534246,0.950684931506849,0.93972602739726,0.915068493150685,17,66,12,11
CEMADEN,261153301A,2019,QUIXABA - APAC,PLUVIOMETRICA_AUTOMATICA,,60,24,BAIXA,TRUE,365,322,302,300,298,286,0.882191780821918,0.827397260273973,0.821917808219178,0.816438356164383,0.783561643835617,34,65,12,9
CEMADEN,261153301A,2020,QUIXABA - APAC,PLUVIOMETRICA_AUTOMATICA,,160,9,BAIXA,TRUE,366,2,0,0,0,0,0.00546448087431694,0,0,0,0,366,0,1,0
CEMADEN,261153301A,2023,QUIXABA - APAC,PLUVIOMETRICA_AUTOMATICA,,60,24,ALTA,FALSE,365,123,117,116,115,97,0.336986301369863,0.32054794520548,0.317808219178082,0.315068493150685,0.265753424657534,243,9,5,4
CEMADEN,261153301A,2024,QUIXABA - APAC,PLUVIOMETRICA_AUTOMATICA,,60,24,BAIXA,TRUE,366,262,259,257,256,249,0.715846994535519,0.707650273224044,0.702185792349727,0.699453551912568,0.680327868852459,105,42,10,8
CEMADEN,261153301A,2025,QUIXABA - APAC,PLUVIOMETRICA_AUTOMATICA,,60,24,BAIXA,TRUE,365,365,364,364,363,356,1,0.997260273972603,0.997260273972603,0.994520547945205,0.975342465753425,1,67,12,12
CEMADEN,261160601A,2017,Varzea,PLUVIOMETRICA_AUTOMATICA,,60,24,BAIXA,TRUE,365,365,365,365,364,360,1,1,1,0.997260273972603,0.986301369863014,1,227,12,12
CEMADEN,261160601A,2018,Varzea,PLUVIOMETRICA_AUTOMATICA,,60,24,BAIXA,TRUE,365,285,285,285,285,278,0.780821917808219,0.780821917808219,0.780821917808219,0.780821917808219,0.761643835616438,80,158,10,9
CEMADEN,261160601A,2019,Varzea,PLUVIOMETRICA_AUTOMATICA,,60,24,BAIXA,TRUE,365,186,172,171,168,167,0.50958904109589,0.471232876712329,0.468493150684932,0.46027397260274,0.457534246575342,159,74,7,5
CEMADEN,261160601A,2020,Varzea,PLUVIOMETRICA_AUTOMATICA,,60,24,BAIXA,TRUE,366,366,365,364,363,362,1,0.997267759562842,0.994535519125683,0.991803278688525,0.989071038251366,1,192,12,12
CEMADEN,261160601A,2021,Varzea,PLUVIOMETRICA_AUTOMATICA,,60,24,BAIXA,TRUE,365,355,346,345,343,342,0.972602739726027,0.947945205479452,0.945205479452055,0.93972602739726,0.936986301369863,8,198,12,11
CEMADEN,261160601A,2022,Varzea,PLUVIOMETRICA_AUTOMATICA,,60,24,BAIXA,TRUE,365,330,263,256,252,241,0.904109589041096,0.72054794520548,0.701369863013699,0.69041095890411,0.66027397260274,26,184,12,7
CEMADEN,261160601A,2023,Varzea,PLUVIOMETRICA_AUTOMATICA,,60,24,BAIXA,TRUE,365,165,91,83,77,73,0.452054794520548,0.249315068493151,0.227397260273973,0.210958904109589,0.2,192,57,7,0
CEMADEN,261160601A,2024,Varzea,PLUVIOMETRICA_AUTOMATICA,,60,24,ALTA,FALSE,366,139,28,20,16,12,0.379781420765027,0.0765027322404372,0.0546448087431694,0.0437158469945355,0.0327868852459016,136,11,7,0
CEMADEN,261160601A,2025,Varzea,PLUVIOMETRICA_AUTOMATICA,,60,24,BAIXA,TRUE,365,53,0,0,0,0,0.145205479452055,0,0,0,0,365,0,4,0
CEMADEN,261160603A,2017,Estação Experimental UFRPE,PLUVIOMETRICA_AUTOMATICA,,60,24,BAIXA,TRUE,365,365,365,365,364,358,1,1,1,0.997260273972603,0.980821917808219,1,224,12,12
CEMADEN,261160603A,2018,Estação Experimental UFRPE,PLUVIOMETRICA_AUTOMATICA,,60,24,BAIXA,TRUE,365,365,363,363,362,358,1,0.994520547945205,0.994520547945205,0.991780821917808,0.980821917808219,2,192,12,12
CEMADEN,261160603A,2019,Dois Irmãos,PLUVIOMETRICA_AUTOMATICA,,60,24,BAIXA,TRUE,365,128,123,123,121,119,0.350684931506849,0.336986301369863,0.336986301369863,0.331506849315069,0.326027397260274,137,61,6,3
CEMADEN,261160603A,2020,Dois Irmãos,PLUVIOMETRICA_AUTOMATICA,,60,24,BAIXA,TRUE,366,334,318,317,315,313,0.912568306010929,0.868852459016394,0.866120218579235,0.860655737704918,0.855191256830601,48,137,12,10
CEMADEN,261160603A,2021,Dois Irmãos,PLUVIOMETRICA_AUTOMATICA,,60,24,BAIXA,TRUE,365,365,360,360,358,357,1,0.986301369863014,0.986301369863014,0.980821917808219,0.978082191780822,3,212,12,12
CEMADEN,261160603A,2022,Dois Irmãos,PLUVIOMETRICA_AUTOMATICA,,60,24,BAIXA,TRUE,365,365,361,360,358,354,1,0.989041095890411,0.986301369863014,0.980821917808219,0.96986301369863,2,213,12,12
CEMADEN,261160603A,2023,Dois Irmãos,PLUVIOMETRICA_AUTOMATICA,,60,24,BAIXA,TRUE,365,363,361,361,361,360,0.994520547945205,0.989041095890411,0.989041095890411,0.989041095890411,0.986301369863014,4,202,12,12
CEMADEN,261160603A,2024,Dois Irmãos,PLUVIOMETRICA_AUTOMATICA,,60,24,BAIXA,TRUE,366,269,234,234,234,231,0.734972677595629,0.639344262295082,0.639344262295082,0.639344262295082,0.631147540983607,132,93,11,8
CEMADEN,261160603A,2025,Dois Irmãos,PLUVIOMETRICA_AUTOMATICA,,60,24,BAIXA,TRUE,365,70,64,64,64,64,0.191780821917808,0.175342465753425,0.175342465753425,0.175342465753425,0.175342465753425,301,30,3,2
CEMADEN,261160603G,2019,Brega e Chique,PLUVIOMETRICA_AUTOMATICA,,60,24,ALTA,FALSE,365,43,36,35,33,33,0.117808219178082,0.0986301369863014,0.0958904109589041,0.0904109589041096,0.0904109589041096,273,3,4,0
CEMADEN,261160603G,2020,Brega e Chique,PLUVIOMETRICA_AUTOMATICA,,60,24,BAIXA,TRUE,366,360,346,337,321,286,0.983606557377049,0.945355191256831,0.920765027322404,0.877049180327869,0.781420765027322,8,148,12,9
CEMADEN,261160603G,2021,Brega e Chique,PLUVIOMETRICA_AUTOMATICA,,60,24,BAIXA,TRUE,365,363,356,354,347,338,0.994520547945205,0.975342465753425,0.96986301369863,0.950684931506849,0.926027397260274,7,198,12,10
CEMADEN,261160603G,2022,Brega e Chique,PLUVIOMETRICA_AUTOMATICA,,60,24,BAIXA,TRUE,365,365,359,355,352,348,1,0.983561643835616,0.972602739726027,0.964383561643836,0.953424657534246,5,203,12,12
CEMADEN,261160603G,2023,Brega e Chique,PLUVIOMETRICA_AUTOMATICA,,60,24,BAIXA,TRUE,365,365,365,364,364,364,1,1,0.997260273972603,0.997260273972603,0.997260273972603,1,214,12,12
CEMADEN,261160603G,2024,Brega e Chique,PLUVIOMETRICA_AUTOMATICA,,60,24,BAIXA,TRUE,366,366,364,364,364,364,1,0.994535519125683,0.994535519125683,0.994535519125683,0.994535519125683,2,79,12,12
CEMADEN,261160603G,2025,Brega e Chique,PLUVIOMETRICA_AUTOMATICA,,60,24,BAIXA,TRUE,365,365,365,363,357,347,1,1,0.994520547945205,0.978082191780822,0.950684931506849,2,48,12,12
CEMADEN,261160604A,2017,USF Alto Bela Vista-Ibura,PLUVIOMETRICA_AUTOMATICA,,60,24,BAIXA,TRUE,365,365,365,365,365,363,1,1,1,1,0.994520547945205,0,216,12,12
CEMADEN,261160604A,2018,USF Alto Bela Vista-Ibura,PLUVIOMETRICA_AUTOMATICA,,60,24,BAIXA,TRUE,365,365,363,363,362,354,1,0.994520547945205,0.994520547945205,0.991780821917808,0.96986301369863,2,164,12,12
CEMADEN,261160604A,2019,Alto Bela Vista,PLUVIOMETRICA_AUTOMATICA,,60,24,BAIXA,TRUE,365,356,339,334,332,331,0.975342465753425,0.928767123287671,0.915068493150685,0.90958904109589,0.906849315068493,11,165,12,10
CEMADEN,261160604A,2020,Alto Bela Vista,PLUVIOMETRICA_AUTOMATICA,,60,24,BAIXA,TRUE,366,366,365,364,364,363,1,0.997267759562842,0.994535519125683,0.994535519125683,0.991803278688525,1,173,12,12
CEMADEN,261160604A,2021,Alto Bela Vista,PLUVIOMETRICA_AUTOMATICA,,60,24,BAIXA,TRUE,365,364,360,359,358,358,0.997260273972603,0.986301369863014,0.983561643835616,0.980821917808219,0.980821917808219,3,198,12,12
CEMADEN,261160604A,2022,Alto Bela Vista,PLUVIOMETRICA_AUTOMATICA,,60,24,BAIXA,TRUE,365,305,295,293,291,287,0.835616438356164,0.808219178082192,0.802739726027397,0.797260273972603,0.786301369863014,67,141,12,9
CEMADEN,261160604A,2023,Alto Bela Vista,PLUVIOMETRICA_AUTOMATICA,,60,24,ALTA,FALSE,365,74,58,57,57,54,0.202739726027397,0.158904109589041,0.156164383561644,0.156164383561644,0.147945205479452,164,4,6,2
CEMADEN,261160604G,2019,Barreira,PLUVIOMETRICA_AUTOMATICA,,60,24,ALTA,FALSE,365,93,87,85,78,68,0.254794520547945,0.238356164383562,0.232876712328767,0.213698630136986,0.186301369863014,273,14,4,2
CEMADEN,261160604G,2020,Barreira,PLUVIOMETRICA_AUTOMATICA,,60,24,BAIXA,TRUE,366,353,342,336,328,298,0.96448087431694,0.934426229508197,0.918032786885246,0.896174863387978,0.814207650273224,8,148,12,10
CEMADEN,261160604G,2021,Barreira,PLUVIOMETRICA_AUTOMATICA,,60,24,BAIXA,TRUE,365,127,118,117,116,115,0.347945205479452,0.323287671232877,0.32054794520548,0.317808219178082,0.315068493150685,160,65,7,2
CEMADEN,261160604G,2023,Barreira,PLUVIOMETRICA_AUTOMATICA,,60,24,MEDIA,FALSE,365,10,7,7,6,6,0.0273972602739726,0.0191780821917808,0.0191780821917808,0.0164383561643836,0.0164383561643836,339,0,1,0
CEMADEN,261160604G,2024,Barreira,PLUVIOMETRICA_AUTOMATICA,,60,24,BAIXA,TRUE,366,362,355,355,354,353,0.989071038251366,0.969945355191257,0.969945355191257,0.967213114754098,0.96448087431694,9,151,12,11
CEMADEN,261160604G,2025,Barreira,PLUVIOMETRICA_AUTOMATICA,,60,24,BAIXA,TRUE,365,363,354,354,353,350,0.994520547945205,0.96986301369863,0.96986301369863,0.967123287671233,0.958904109589041,5,175,12,11
CEMADEN,261160605A,2017,UPA de Nova Descoberta,PLUVIOMETRICA_AUTOMATICA,,60,24,BAIXA,TRUE,365,365,365,365,364,357,1,1,1,0.997260273972603,0.978082191780822,1,209,12,12
CEMADEN,261160605A,2018,UPA de Nova Descoberta,PLUVIOMETRICA_AUTOMATICA,,60,24,BAIXA,TRUE,365,365,364,363,362,352,1,0.997260273972603,0.994520547945205,0.991780821917808,0.964383561643836,2,68,12,12
CEMADEN,261160605A,2019,Nova Descoberta,PLUVIOMETRICA_AUTOMATICA,,60,24,BAIXA,TRUE,365,355,341,337,335,332,0.972602739726027,0.934246575342466,0.923287671232877,0.917808219178082,0.90958904109589,11,141,12,10
CEMADEN,261160605A,2020,Nova Descoberta,PLUVIOMETRICA_AUTOMATICA,,60,24,BAIXA,TRUE,366,365,358,357,356,347,0.997267759562842,0.978142076502732,0.975409836065574,0.972677595628415,0.948087431693989,4,147,12,11
CEMADEN,261160605A,2021,Nova Descoberta,PLUVIOMETRICA_AUTOMATICA,,60,24,BAIXA,TRUE,365,365,359,359,358,353,1,0.983561643835616,0.983561643835616,0.980821917808219,0.967123287671233,3,174,12,12
CEMADEN,261160605A,2022,Nova Descoberta,PLUVIOMETRICA_AUTOMATICA,,60,24,BAIXA,TRUE,365,349,241,234,230,218,0.956164383561644,0.66027397260274,0.641095890410959,0.63013698630137,0.597260273972603,115,146,12,7
CEMADEN,261160605A,2023,Nova Descoberta,PLUVIOMETRICA_AUTOMATICA,,60,24,BAIXA,TRUE,365,360,254,252,250,248,0.986301369863014,0.695890410958904,0.69041095890411,0.684931506849315,0.679452054794521,75,90,12,7
CEMADEN,261160605A,2024,Nova Descoberta,PLUVIOMETRICA_AUTOMATICA,,60,24,BAIXA,TRUE,366,337,318,318,317,314,0.920765027322404,0.868852459016394,0.868852459016394,0.866120218579235,0.85792349726776,22,148,12,8
CEMADEN,261160605A,2025,Nova Descoberta,PLUVIOMETRICA_AUTOMATICA,,60,24,BAIXA,TRUE,365,365,365,365,364,363,1,1,1,0.997260273972603,0.994520547945205,1,199,12,12
CEMADEN,261160605G,2019,UR3 - Ibura,PLUVIOMETRICA_AUTOMATICA,,60,24,ALTA,FALSE,365,93,88,86,86,86,0.254794520547945,0.241095890410959,0.235616438356164,0.235616438356164,0.235616438356164,273,9,4,3
CEMADEN,261160605G,2020,UR3 - Ibura,PLUVIOMETRICA_AUTOMATICA,,60,24,BAIXA,TRUE,366,327,325,325,325,324,0.89344262295082,0.887978142076503,0.887978142076503,0.887978142076503,0.885245901639344,40,146,11,10
CEMADEN,261160605G,2021,UR3 - Ibura,PLUVIOMETRICA_AUTOMATICA,,60,24,BAIXA,TRUE,365,302,299,297,296,292,0.827397260273973,0.819178082191781,0.813698630136986,0.810958904109589,0.8,64,157,10,10
CEMADEN,261160605G,2022,UR3 - Ibura,PLUVIOMETRICA_AUTOMATICA,,60,24,BAIXA,TRUE,365,365,361,359,358,356,1,0.989041095890411,0.983561643835616,0.980821917808219,0.975342465753425,2,200,12,12
CEMADEN,261160605G,2023,UR3 - Ibura,PLUVIOMETRICA_AUTOMATICA,,60,24,BAIXA,TRUE,365,303,302,302,301,300,0.83013698630137,0.827397260273973,0.827397260273973,0.824657534246575,0.821917808219178,63,166,10,10
CEMADEN,261160606A,2017,Dois Unidos,PLUVIOMETRICA_AUTOMATICA,,60,24,BAIXA,TRUE,365,365,365,365,364,358,1,1,1,0.997260273972603,0.980821917808219,1,184,12,12
CEMADEN,261160606A,2018,Dois Unidos,PLUVIOMETRICA_AUTOMATICA,,60,24,BAIXA,TRUE,365,365,364,364,362,356,1,0.997260273972603,0.997260273972603,0.991780821917808,0.975342465753425,2,157,12,12
CEMADEN,261160606A,2019,Dois Unidos,PLUVIOMETRICA_AUTOMATICA,,60,24,BAIXA,TRUE,365,356,340,336,334,331,0.975342465753425,0.931506849315068,0.920547945205479,0.915068493150685,0.906849315068493,11,142,12,10
CEMADEN,261160606A,2020,Dois Unidos,PLUVIOMETRICA_AUTOMATICA,,60,24,BAIXA,TRUE,366,366,365,365,364,361,1,0.997267759562842,0.997267759562842,0.994535519125683,0.986338797814208,1,153,12,12
CEMADEN,261160606A,2021,Dois Unidos,PLUVIOMETRICA_AUTOMATICA,,60,24,BAIXA,TRUE,365,365,360,359,358,356,1,0.986301369863014,0.983561643835616,0.980821917808219,0.975342465753425,3,192,12,12
CEMADEN,261160606A,2022,Dois Unidos,PLUVIOMETRICA_AUTOMATICA,,60,24,BAIXA,TRUE,365,365,361,358,358,355,1,0.989041095890411,0.980821917808219,0.980821917808219,0.972602739726027,2,206,12,12
CEMADEN,261160606A,2023,Dois Unidos,PLUVIOMETRICA_AUTOMATICA,,60,24,BAIXA,TRUE,365,352,316,312,305,293,0.964383561643836,0.865753424657534,0.854794520547945,0.835616438356164,0.802739726027397,24,97,12,8
CEMADEN,261160606A,2024,Dois Unidos,PLUVIOMETRICA_AUTOMATICA,,60,24,BAIXA,TRUE,366,243,162,155,145,136,0.663934426229508,0.442622950819672,0.423497267759563,0.396174863387978,0.371584699453552,146,64,12,2
CEMADEN,261160606A,2025,Dois Unidos,PLUVIOMETRICA_AUTOMATICA,,60,24,BAIXA,TRUE,365,8,0,0,0,0,0.0219178082191781,0,0,0,0,365,0,1,0
CEMADEN,261160606G,2019,Lagoa Encantada - COHAB,PLUVIOMETRICA_AUTOMATICA,,60,24,ALTA,FALSE,365,93,86,83,77,67,0.254794520547945,0.235616438356164,0.227397260273973,0.210958904109589,0.183561643835616,273,12,4,2
CEMADEN,261160606G,2020,Lagoa Encantada - COHAB,PLUVIOMETRICA_AUTOMATICA,,60,24,BAIXA,TRUE,366,358,347,342,333,310,0.978142076502732,0.948087431693989,0.934426229508197,0.909836065573771,0.846994535519126,10,145,12,11
CEMADEN,261160606G,2021,Lagoa Encantada - COHAB,PLUVIOMETRICA_AUTOMATICA,,60,24,BAIXA,TRUE,365,365,365,364,364,361,1,1,0.997260273972603,0.997260273972603,0.989041095890411,1,181,12,12
CEMADEN,261160606G,2022,Lagoa Encantada - COHAB,PLUVIOMETRICA_AUTOMATICA,,60,24,BAIXA,TRUE,365,120,114,114,114,112,0.328767123287671,0.312328767123288,0.312328767123288,0.312328767123288,0.306849315068493,219,59,5,3
CEMADEN,261160606G,2023,Lagoa Encantada - COHAB,PLUVIOMETRICA_AUTOMATICA,,60,24,BAIXA,TRUE,365,175,156,155,154,154,0.479452054794521,0.427397260273973,0.424657534246575,0.421917808219178,0.421917808219178,87,79,10,3
CEMADEN,261160606G,2024,Lagoa Encantada - COHAB,PLUVIOMETRICA_AUTOMATICA,,60,24,BAIXA,TRUE,366,366,358,357,356,354,1,0.978142076502732,0.975409836065574,0.972677595628415,0.967213114754098,4,132,12,11
CEMADEN,261160606G,2025,Lagoa Encantada - COHAB,PLUVIOMETRICA_AUTOMATICA,,60,24,BAIXA,TRUE,365,365,364,364,363,363,1,0.997260273972603,0.997260273972603,0.994520547945205,0.994520547945205,1,164,12,12
CEMADEN,261160607A,2017,Alto do Céu,PLUVIOMETRICA_AUTOMATICA,,60,24,BAIXA,TRUE,365,365,365,365,364,360,1,1,1,0.997260273972603,0.986301369863014,1,202,12,12
CEMADEN,261160607A,2018,Alto do Céu,PLUVIOMETRICA_AUTOMATICA,,60,24,BAIXA,TRUE,365,256,255,255,255,253,0.701369863013699,0.698630136986301,0.698630136986301,0.698630136986301,0.693150684931507,110,140,9,8
CEMADEN,261160607A,2019,Alto do Céu,PLUVIOMETRICA_AUTOMATICA,,60,24,BAIXA,TRUE,365,200,181,180,180,178,0.547945205479452,0.495890410958904,0.493150684931507,0.493150684931507,0.487671232876712,156,74,7,5
CEMADEN,261160607A,2020,Alto do Céu,PLUVIOMETRICA_AUTOMATICA,,60,24,BAIXA,TRUE,366,212,211,210,210,208,0.579234972677596,0.576502732240437,0.573770491803279,0.573770491803279,0.568306010928962,155,93,7,7
CEMADEN,261160607A,2021,Alto do Céu,PLUVIOMETRICA_AUTOMATICA,,60,24,BAIXA,TRUE,365,349,332,331,330,325,0.956164383561644,0.90958904109589,0.906849315068493,0.904109589041096,0.89041095890411,8,166,12,9
CEMADEN,261160607A,2022,Alto do Céu,PLUVIOMETRICA_AUTOMATICA,,60,24,BAIXA,TRUE,365,208,166,160,154,146,0.56986301369863,0.454794520547945,0.438356164383562,0.421917808219178,0.4,139,63,9,3
CEMADEN,261160607A,2023,Alto do Céu,PLUVIOMETRICA_AUTOMATICA,,60,24,ALTA,FALSE,365,154,37,23,18,12,0.421917808219178,0.101369863013699,0.063013698630137,0.0493150684931507,0.0328767123287671,196,7,7,0
CEMADEN,261160607A,2024,Alto do Céu,PLUVIOMETRICA_AUTOMATICA,,60,24,ALTA,FALSE,366,217,73,38,24,12,0.592896174863388,0.199453551912568,0.103825136612022,0.0655737704918033,0.0327868852459016,111,7,10,0
CEMADEN,261160607A,2025,Alto do Céu,PLUVIOMETRICA_AUTOMATICA,,60,24,ALTA,FALSE,365,139,18,13,11,8,0.380821917808219,0.0493150684931507,0.0356164383561644,0.0301369863013699,0.0219178082191781,155,7,6,0
CEMADEN,261160607G,2019,UR2 - COHAB,PLUVIOMETRICA_AUTOMATICA,,60,24,ALTA,FALSE,365,93,86,83,78,64,0.254794520547945,0.235616438356164,0.227397260273973,0.213698630136986,0.175342465753425,273,8,4,2
CEMADEN,261160607G,2020,UR2 - COHAB,PLUVIOMETRICA_AUTOMATICA,,60,24,BAIXA,TRUE,366,260,251,245,234,202,0.710382513661202,0.685792349726776,0.669398907103825,0.639344262295082,0.551912568306011,107,105,9,8
CEMADEN,261160607G,2021,UR2 - COHAB,PLUVIOMETRICA_AUTOMATICA,,60,24,BAIXA,TRUE,365,2,1,0,0,0,0.00547945205479452,0.00273972602739726,0,0,0,365,0,1,0
CEMADEN,261160608A,2017,Corrego Jenipapo,PLUVIOMETRICA_AUTOMATICA,,10,144,BAIXA,TRUE,365,365,14,11,3,0,1,0.0383561643835616,0.0301369863013699,0.00821917808219178,0,178,0,12,0
CEMADEN,261160608A,2018,Corrego Jenipapo,PLUVIOMETRICA_AUTOMATICA,,60,24,BAIXA,TRUE,365,365,364,363,362,358,1,0.997260273972603,0.994520547945205,0.991780821917808,0.980821917808219,2,215,12,12
CEMADEN,261160608A,2019,Corrego Jenipapo,PLUVIOMETRICA_AUTOMATICA,,60,24,BAIXA,TRUE,365,287,210,204,195,185,0.786301369863014,0.575342465753425,0.558904109589041,0.534246575342466,0.506849315068493,62,109,12,5
CEMADEN,261160608A,2020,Corrego Jenipapo,PLUVIOMETRICA_AUTOMATICA,,60,24,BAIXA,TRUE,366,351,312,304,294,288,0.959016393442623,0.852459016393443,0.830601092896175,0.80327868852459,0.786885245901639,12,145,12,8
CEMADEN,261160608A,2021,Corrego Jenipapo,PLUVIOMETRICA_AUTOMATICA,,60,24,BAIXA,TRUE,365,290,283,281,277,276,0.794520547945206,0.775342465753425,0.76986301369863,0.758904109589041,0.756164383561644,77,142,10,9
CEMADEN,261160608A,2022,Corrego Jenipapo,PLUVIOMETRICA_AUTOMATICA,,60,24,BAIXA,TRUE,365,352,325,321,321,315,0.964383561643836,0.89041095890411,0.879452054794521,0.879452054794521,0.863013698630137,21,195,12,10
CEMADEN,261160608A,2023,Corrego Jenipapo,PLUVIOMETRICA_AUTOMATICA,,60,24,BAIXA,TRUE,365,19,16,16,16,16,0.052054794520548,0.0438356164383562,0.0438356164383562,0.0438356164383562,0.0438356164383562,197,11,3,0
CEMADEN,261160608A,2024,Corrego Jenipapo,PLUVIOMETRICA_AUTOMATICA,,,1,BAIXA,FALSE,366,1,1,1,1,1,0.00273224043715847,0.00273224043715847,0.00273224043715847,0.00273224043715847,0.00273224043715847,209,0,1,0
CEMADEN,261160608G,2019,Manassu,PLUVIOMETRICA_AUTOMATICA,,60,24,ALTA,FALSE,365,92,86,81,75,61,0.252054794520548,0.235616438356164,0.221917808219178,0.205479452054795,0.167123287671233,274,11,3,1
CEMADEN,261160609A,2017,UPA da Imbiribeira,PLUVIOMETRICA_AUTOMATICA,,60,24,BAIXA,TRUE,365,335,329,329,327,315,0.917808219178082,0.901369863013699,0.901369863013699,0.895890410958904,0.863013698630137,32,151,12,11
CEMADEN,261160609A,2018,UPA da Imbiribeira,PLUVIOMETRICA_AUTOMATICA,,60,24,BAIXA,TRUE,365,253,245,244,242,234,0.693150684931507,0.671232876712329,0.668493150684932,0.663013698630137,0.641095890410959,116,98,10,8
CEMADEN,261160609A,2019,Imbiribeira,PLUVIOMETRICA_AUTOMATICA,,60,24,BAIXA,TRUE,365,323,308,299,295,290,0.884931506849315,0.843835616438356,0.819178082191781,0.808219178082192,0.794520547945206,33,143,12,8
CEMADEN,261160609A,2020,Imbiribeira,PLUVIOMETRICA_AUTOMATICA,,60,24,BAIXA,TRUE,366,366,363,362,360,355,1,0.991803278688525,0.989071038251366,0.983606557377049,0.969945355191257,1,162,12,12
CEMADEN,261160609A,2021,Imbiribeira,PLUVIOMETRICA_AUTOMATICA,,60,24,BAIXA,TRUE,365,363,347,343,339,328,0.994520547945205,0.950684931506849,0.93972602739726,0.928767123287671,0.898630136986301,4,163,12,11
CEMADEN,261160609A,2022,Imbiribeira,PLUVIOMETRICA_AUTOMATICA,,60,24,BAIXA,TRUE,365,228,214,208,202,197,0.624657534246575,0.586301369863014,0.56986301369863,0.553424657534247,0.53972602739726,114,129,9,6
CEMADEN,261160609A,2023,Imbiribeira,PLUVIOMETRICA_AUTOMATICA,,60,24,BAIXA,TRUE,365,329,323,320,317,309,0.901369863013699,0.884931506849315,0.876712328767123,0.868493150684932,0.846575342465753,37,103,11,10
CEMADEN,261160609A,2024,Imbiribeira,PLUVIOMETRICA_AUTOMATICA,,60,24,BAIXA,TRUE,366,233,226,225,221,214,0.636612021857924,0.617486338797814,0.614754098360656,0.603825136612022,0.584699453551913,138,82,8,7
CEMADEN,261160609A,2025,Imbiribeira,PLUVIOMETRICA_AUTOMATICA,,60,24,BAIXA,TRUE,365,365,363,360,355,348,1,0.994520547945205,0.986301369863014,0.972602739726027,0.953424657534246,2,172,12,12
CEMADEN,261160609G,2019,UR12 - COHAB,PLUVIOMETRICA_AUTOMATICA,,60,24,ALTA,FALSE,365,93,86,81,72,62,0.254794520547945,0.235616438356164,0.221917808219178,0.197260273972603,0.16986301369863,273,10,4,1
CEMADEN,261160609G,2020,UR12 - COHAB,PLUVIOMETRICA_AUTOMATICA,,60,24,BAIXA,TRUE,366,366,348,334,305,246,1,0.950819672131147,0.912568306010929,0.833333333333333,0.672131147540984,5,85,12,8
CEMADEN,261160609G,2021,UR12 - COHAB,PLUVIOMETRICA_AUTOMATICA,,60,24,BAIXA,TRUE,365,359,355,353,349,336,0.983561643835616,0.972602739726027,0.967123287671233,0.956164383561644,0.920547945205479,7,123,12,11
CEMADEN,261160609G,2022,UR12 - COHAB,PLUVIOMETRICA_AUTOMATICA,,60,24,ALTA,FALSE,365,358,348,347,345,334,0.980821917808219,0.953424657534246,0.950684931506849,0.945205479452055,0.915068493150685,9,0,12,11
CEMADEN,261160609G,2023,UR12 - COHAB,PLUVIOMETRICA_AUTOMATICA,,60,24,BAIXA,TRUE,365,303,300,300,299,298,0.83013698630137,0.821917808219178,0.821917808219178,0.819178082191781,0.816438356164383,63,35,10,10
CEMADEN,261160610A,2017,Alto Mandu,PLUVIOMETRICA_AUTOMATICA,,60,24,BAIXA,TRUE,365,172,172,172,170,163,0.471232876712329,0.471232876712329,0.471232876712329,0.465753424657534,0.446575342465753,194,77,6,5
CEMADEN,261160610A,2018,Alto Mandu,PLUVIOMETRICA_AUTOMATICA,,60,24,BAIXA,TRUE,365,365,364,363,362,354,1,0.997260273972603,0.994520547945205,0.991780821917808,0.96986301369863,2,186,12,12
CEMADEN,261160610A,2019,Alto Mandu,PLUVIOMETRICA_AUTOMATICA,,60,24,BAIXA,TRUE,365,350,316,312,309,299,0.958904109589041,0.865753424657534,0.854794520547945,0.846575342465753,0.819178082191781,25,166,12,9
CEMADEN,261160610A,2020,Alto Mandu,PLUVIOMETRICA_AUTOMATICA,,60,24,BAIXA,TRUE,366,273,205,201,193,169,0.745901639344262,0.560109289617486,0.549180327868853,0.527322404371585,0.461748633879781,155,86,10,7
CEMADEN,261160610A,2021,Alto Mandu,PLUVIOMETRICA_AUTOMATICA,,60,24,BAIXA,TRUE,365,361,356,356,355,336,0.989041095890411,0.975342465753425,0.975342465753425,0.972602739726027,0.920547945205479,8,188,12,11
CEMADEN,261160610A,2022,Alto Mandu,PLUVIOMETRICA_AUTOMATICA,,60,24,BAIXA,TRUE,365,365,359,357,357,355,1,0.983561643835616,0.978082191780822,0.978082191780822,0.972602739726027,3,207,12,12
CEMADEN,261160610A,2023,Alto Mandu,PLUVIOMETRICA_AUTOMATICA,,60,24,BAIXA,TRUE,365,365,365,364,364,353,1,1,0.997260273972603,0.997260273972603,0.967123287671233,1,202,12,12
CEMADEN,261160610A,2024,Alto Mandu,PLUVIOMETRICA_AUTOMATICA,,60,24,BAIXA,TRUE,366,281,278,278,278,273,0.76775956284153,0.759562841530055,0.759562841530055,0.759562841530055,0.745901639344262,86,156,10,9
CEMADEN,261160610A,2025,Alto Mandu,PLUVIOMETRICA_AUTOMATICA,,60,24,MEDIA,FALSE,365,13,3,2,1,1,0.0356164383561644,0.00821917808219178,0.00547945205479452,0.00273972602739726,0.00273972602739726,273,1,2,0
CEMADEN,261160610G,2019,Nova Descoberta,PLUVIOMETRICA_AUTOMATICA,,60,24,ALTA,FALSE,365,93,86,84,82,70,0.254794520547945,0.235616438356164,0.23013698630137,0.224657534246575,0.191780821917808,273,11,4,3
CEMADEN,261160610G,2020,Nova Descoberta,PLUVIOMETRICA_AUTOMATICA,,60,24,BAIXA,TRUE,366,355,343,341,334,301,0.969945355191257,0.937158469945355,0.931693989071038,0.912568306010929,0.822404371584699,11,148,12,11
CEMADEN,261160610G,2021,Nova Descoberta,PLUVIOMETRICA_AUTOMATICA,,60,24,ALTA,FALSE,365,38,34,33,33,32,0.104109589041096,0.0931506849315068,0.0904109589041096,0.0904109589041096,0.0876712328767123,306,6,2,0
CEMADEN,261160611G,2021,UR12 - COHAB II,PLUVIOMETRICA_AUTOMATICA,,60,24,BAIXA,TRUE,365,292,290,289,289,288,0.8,0.794520547945206,0.791780821917808,0.791780821917808,0.789041095890411,75,168,10,9
CEMADEN,261160611G,2022,UR12 - COHAB II,PLUVIOMETRICA_AUTOMATICA,,60,24,BAIXA,TRUE,365,338,331,329,328,325,0.926027397260274,0.906849315068493,0.901369863013699,0.898630136986301,0.89041095890411,28,193,12,11
CEMADEN,261160611G,2023,UR12 - COHAB II,PLUVIOMETRICA_AUTOMATICA,,60,24,BAIXA,TRUE,365,58,57,57,56,54,0.158904109589041,0.156164383561644,0.156164383561644,0.153424657534247,0.147945205479452,308,15,2,2
CEMADEN,261160611G,2024,UR12 - COHAB II,PLUVIOMETRICA_AUTOMATICA,,60,24,BAIXA,TRUE,366,223,220,220,220,220,0.609289617486339,0.601092896174863,0.601092896174863,0.601092896174863,0.601092896174863,144,117,8,7
CEMADEN,261160612A,2017,Guabiraba,PLUVIOMETRICA_AUTOMATICA,,10,144,BAIXA,TRUE,365,224,5,3,1,0,0.613698630136986,0.0136986301369863,0.00821917808219178,0.00273972602739726,0,186,0,8,0
CEMADEN,261160612A,2018,Guabiraba,PLUVIOMETRICA_AUTOMATICA,,60,24,BAIXA,TRUE,365,11,10,10,10,10,0.0301369863013699,0.0273972602739726,0.0273972602739726,0.0273972602739726,0.0273972602739726,239,9,2,0
CEMADEN,261160612A,2024,Guabiraba,PLUVIOMETRICA_AUTOMATICA,,60,24,BAIXA,TRUE,366,290,282,282,278,267,0.792349726775956,0.770491803278689,0.770491803278689,0.759562841530055,0.729508196721312,63,129,11,8
CEMADEN,261160612A,2025,Guabiraba,PLUVIOMETRICA_AUTOMATICA,,60,24,BAIXA,TRUE,365,352,351,349,348,340,0.964383561643836,0.961643835616438,0.956164383561644,0.953424657534246,0.931506849315068,16,176,12,11
CEMADEN,261160613A,2017,Morro da Conceição,PLUVIOMETRICA_AUTOMATICA,,60,24,BAIXA,TRUE,365,172,170,170,167,163,0.471232876712329,0.465753424657534,0.465753424657534,0.457534246575342,0.446575342465753,194,72,6,5
CEMADEN,261160613A,2018,Morro da Conceição,PLUVIOMETRICA_AUTOMATICA,,60,24,BAIXA,TRUE,365,365,362,362,362,360,1,0.991780821917808,0.991780821917808,0.991780821917808,0.986301369863014,2,166,12,12
CEMADEN,261160613A,2019,Morro da Conceição,PLUVIOMETRICA_AUTOMATICA,,60,24,BAIXA,TRUE,365,354,340,337,332,323,0.96986301369863,0.931506849315068,0.923287671232877,0.90958904109589,0.884931506849315,11,148,12,10
CEMADEN,261160613A,2020,Morro da Conceição,PLUVIOMETRICA_AUTOMATICA,,60,24,BAIXA,TRUE,366,366,360,359,357,352,1,0.983606557377049,0.980874316939891,0.975409836065574,0.961748633879781,2,154,12,12
CEMADEN,261160613A,2021,Morro da Conceição,PLUVIOMETRICA_AUTOMATICA,,60,24,BAIXA,TRUE,365,365,359,359,358,355,1,0.983561643835616,0.983561643835616,0.980821917808219,0.972602739726027,3,172,12,12
CEMADEN,261160613A,2022,Morro da Conceição,PLUVIOMETRICA_AUTOMATICA,,60,24,BAIXA,TRUE,365,337,273,272,272,270,0.923287671232877,0.747945205479452,0.745205479452055,0.745205479452055,0.73972602739726,88,170,12,9
CEMADEN,261160613A,2023,Morro da Conceição,PLUVIOMETRICA_AUTOMATICA,,60,24,BAIXA,TRUE,365,288,166,165,165,165,0.789041095890411,0.454794520547945,0.452054794520548,0.452054794520548,0.452054794520548,199,70,12,5
CEMADEN,261160613A,2024,Morro da Conceição,PLUVIOMETRICA_AUTOMATICA,,60,24,ALTA,FALSE,366,240,48,48,48,47,0.655737704918033,0.131147540983607,0.131147540983607,0.131147540983607,0.128415300546448,206,20,10,1
CEMADEN,261160613A,2025,Morro da Conceição,PLUVIOMETRICA_AUTOMATICA,,1430,1,ALTA,FALSE,365,180,180,180,180,180,0.493150684931507,0.493150684931507,0.493150684931507,0.493150684931507,0.493150684931507,152,5,8,5
CEMADEN,261160613G,2023,COMPESA - Alto da Esperança,PLUVIOMETRICA_AUTOMATICA,,60,24,BAIXA,TRUE,365,55,53,53,53,53,0.150684931506849,0.145205479452055,0.145205479452055,0.145205479452055,0.145205479452055,312,18,2,1
CEMADEN,261160613G,2024,COMPESA - Alto da Esperança,PLUVIOMETRICA_AUTOMATICA,,60,24,BAIXA,TRUE,366,366,364,364,364,364,1,0.994535519125683,0.994535519125683,0.994535519125683,0.994535519125683,2,169,12,12
CEMADEN,261160613G,2025,COMPESA - Alto da Esperança,PLUVIOMETRICA_AUTOMATICA,,60,24,BAIXA,TRUE,365,156,155,155,155,155,0.427397260273973,0.424657534246575,0.424657534246575,0.424657534246575,0.424657534246575,210,87,6,5
CEMADEN,261160614A,2017,Campina do Barreto,PLUVIOMETRICA_AUTOMATICA,,60,24,BAIXA,TRUE,365,365,363,363,361,358,1,0.994520547945205,0.994520547945205,0.989041095890411,0.980821917808219,2,191,12,12
CEMADEN,261160614A,2018,Campina do Barreto,PLUVIOMETRICA_AUTOMATICA,,60,24,BAIXA,TRUE,365,365,362,362,362,359,1,0.991780821917808,0.991780821917808,0.991780821917808,0.983561643835616,2,160,12,12
CEMADEN,261160614A,2019,Campina do Barreto,PLUVIOMETRICA_AUTOMATICA,,60,24,BAIXA,TRUE,365,355,338,335,332,323,0.972602739726027,0.926027397260274,0.917808219178082,0.90958904109589,0.884931506849315,11,138,12,10
CEMADEN,261160614A,2020,Campina do Barreto,PLUVIOMETRICA_AUTOMATICA,,60,24,BAIXA,TRUE,366,253,206,202,201,194,0.691256830601093,0.562841530054645,0.551912568306011,0.549180327868853,0.530054644808743,113,78,9,6
CEMADEN,261160614A,2021,Campina do Barreto,PLUVIOMETRICA_AUTOMATICA,,60,24,BAIXA,TRUE,365,365,364,364,362,337,1,0.997260273972603,0.997260273972603,0.991780821917808,0.923287671232877,1,154,12,12
CEMADEN,261160614A,2022,Campina do Barreto,PLUVIOMETRICA_AUTOMATICA,,60,24,BAIXA,TRUE,365,365,360,358,354,338,1,0.986301369863014,0.980821917808219,0.96986301369863,0.926027397260274,3,172,12,12
CEMADEN,261160614A,2023,Campina do Barreto,PLUVIOMETRICA_AUTOMATICA,,60,24,BAIXA,TRUE,365,317,283,283,281,275,0.868493150684932,0.775342465753425,0.775342465753425,0.76986301369863,0.753424657534247,83,142,12,9
CEMADEN,261160614A,2024,Campina do Barreto,PLUVIOMETRICA_AUTOMATICA,,60,24,ALTA,FALSE,366,364,171,170,169,166,0.994535519125683,0.467213114754098,0.46448087431694,0.461748633879781,0.453551912568306,166,40,12,5
CEMADEN,261160614A,2025,Campina do Barreto,PLUVIOMETRICA_AUTOMATICA,,60,24,BAIXA,TRUE,365,343,333,330,329,329,0.93972602739726,0.912328767123288,0.904109589041096,0.901369863013699,0.901369863013699,14,165,12,10
CEMADEN,261160615A,2017,Ibura,PLUVIOMETRICA_AUTOMATICA,,60,24,BAIXA,TRUE,365,365,364,363,362,359,1,0.997260273972603,0.994520547945205,0.991780821917808,0.983561643835616,2,214,12,12
CEMADEN,261160615A,2018,Ibura,PLUVIOMETRICA_AUTOMATICA,,60,24,BAIXA,TRUE,365,365,363,363,363,353,1,0.994520547945205,0.994520547945205,0.994520547945205,0.967123287671233,1,176,12,12
CEMADEN,261160615A,2019,Ibura,PLUVIOMETRICA_AUTOMATICA,,60,24,BAIXA,TRUE,365,356,340,337,330,324,0.975342465753425,0.931506849315068,0.923287671232877,0.904109589041096,0.887671232876712,11,162,12,10
CEMADEN,261160615A,2020,Ibura,PLUVIOMETRICA_AUTOMATICA,,60,24,BAIXA,TRUE,366,366,355,350,349,341,1,0.969945355191257,0.956284153005464,0.953551912568306,0.931693989071038,3,149,12,12
CEMADEN,261160615A,2021,Ibura,PLUVIOMETRICA_AUTOMATICA,,60,24,BAIXA,TRUE,365,365,362,362,360,346,1,0.991780821917808,0.991780821917808,0.986301369863014,0.947945205479452,2,192,12,12
CEMADEN,261160615A,2022,Ibura,PLUVIOMETRICA_AUTOMATICA,,60,24,BAIXA,TRUE,365,365,355,351,346,338,1,0.972602739726027,0.961643835616438,0.947945205479452,0.926027397260274,4,193,12,12
CEMADEN,261160615A,2023,Ibura,PLUVIOMETRICA_AUTOMATICA,,60,24,BAIXA,TRUE,365,319,254,253,250,247,0.873972602739726,0.695890410958904,0.693150684931507,0.684931506849315,0.676712328767123,110,146,11,8
CEMADEN,261160615G,2023,COMPESA - Alto da Brasileira,PLUVIOMETRICA_AUTOMATICA,,60,24,BAIXA,TRUE,365,61,60,60,60,60,0.167123287671233,0.164383561643836,0.164383561643836,0.164383561643836,0.164383561643836,305,22,2,2
CEMADEN,261160615G,2024,COMPESA - Alto da Brasileira,PLUVIOMETRICA_AUTOMATICA,,60,24,BAIXA,TRUE,366,269,266,266,266,266,0.734972677595629,0.726775956284153,0.726775956284153,0.726775956284153,0.726775956284153,98,151,9,9
CEMADEN,261160616A,2017,Várzea,PLUVIOMETRICA_AUTOMATICA,,10,144,BAIXA,TRUE,365,356,11,5,3,0,0.975342465753425,0.0301369863013699,0.0136986301369863,0.00821917808219178,0,178,0,12,0
CEMADEN,261160616A,2018,Várzea,PLUVIOMETRICA_AUTOMATICA,,60,24,ALTA,FALSE,365,146,35,21,11,9,0.4,0.0958904109589041,0.0575342465753425,0.0301369863013699,0.0246575342465753,195,5,6,0
CEMADEN,261160616G,2023,REC5,PLUVIOMETRICA_AUTOMATICA,,60,24,BAIXA,TRUE,365,62,61,61,61,61,0.16986301369863,0.167123287671233,0.167123287671233,0.167123287671233,0.167123287671233,304,17,3,2
CEMADEN,261160616G,2024,COMPAZ - Alto Sta. Terezinha,PLUVIOMETRICA_AUTOMATICA,,60,24,BAIXA,TRUE,366,366,364,364,364,364,1,0.994535519125683,0.994535519125683,0.994535519125683,0.994535519125683,2,146,12,12
CEMADEN,261160616G,2025,COMPAZ - Alto Sta. Terezinha,PLUVIOMETRICA_AUTOMATICA,,60,24,BAIXA,TRUE,365,365,365,365,363,363,1,1,1,0.994520547945205,0.994520547945205,1,170,12,12
CEMADEN,261160617A,2017,Pina,PLUVIOMETRICA_AUTOMATICA,,60,24,BAIXA,TRUE,365,365,364,364,361,357,1,0.997260273972603,0.997260273972603,0.989041095890411,0.978082191780822,2,188,12,12
CEMADEN,261160617A,2018,Pina,PLUVIOMETRICA_AUTOMATICA,,60,24,BAIXA,TRUE,365,365,362,362,360,353,1,0.991780821917808,0.991780821917808,0.986301369863014,0.967123287671233,2,152,12,12
CEMADEN,261160617A,2019,Pina,PLUVIOMETRICA_AUTOMATICA,,60,24,BAIXA,TRUE,365,356,335,332,328,324,0.975342465753425,0.917808219178082,0.90958904109589,0.898630136986301,0.887671232876712,11,131,12,10
CEMADEN,261160617A,2020,Pina,PLUVIOMETRICA_AUTOMATICA,,60,24,BAIXA,TRUE,366,366,354,351,348,336,1,0.967213114754098,0.959016393442623,0.950819672131147,0.918032786885246,2,125,12,12
CEMADEN,261160617A,2021,Pina,PLUVIOMETRICA_AUTOMATICA,,60,24,BAIXA,TRUE,365,365,364,364,361,345,1,0.997260273972603,0.997260273972603,0.989041095890411,0.945205479452055,1,168,12,12
CEMADEN,261160617A,2022,Pina,PLUVIOMETRICA_AUTOMATICA,,60,24,BAIXA,TRUE,365,365,357,356,356,340,1,0.978082191780822,0.975342465753425,0.975342465753425,0.931506849315068,3,170,12,12
CEMADEN,261160617A,2023,Pina,PLUVIOMETRICA_AUTOMATICA,,60,24,BAIXA,TRUE,365,365,365,364,364,362,1,1,0.997260273972603,0.997260273972603,0.991780821917808,1,166,12,12
CEMADEN,261160617A,2024,Pina,PLUVIOMETRICA_AUTOMATICA,,60,24,BAIXA,TRUE,366,359,274,274,274,272,0.980874316939891,0.748633879781421,0.748633879781421,0.748633879781421,0.743169398907104,90,81,12,8
CEMADEN,261160617A,2025,Pina,PLUVIOMETRICA_AUTOMATICA,,60,24,BAIXA,TRUE,365,365,363,363,359,352,1,0.994520547945205,0.994520547945205,0.983561643835616,0.964383561643836,1,62,12,12
CEMADEN,261160618A,2017,Torreão,PLUVIOMETRICA_AUTOMATICA,,60,24,BAIXA,TRUE,365,365,363,363,361,358,1,0.994520547945205,0.994520547945205,0.989041095890411,0.980821917808219,2,185,12,12
CEMADEN,261160618A,2018,Torreão,PLUVIOMETRICA_AUTOMATICA,,60,24,BAIXA,TRUE,365,365,363,362,362,358,1,0.994520547945205,0.991780821917808,0.991780821917808,0.980821917808219,2,157,12,12
CEMADEN,261160618A,2019,Torreão,PLUVIOMETRICA_AUTOMATICA,,60,24,BAIXA,TRUE,365,354,337,332,329,317,0.96986301369863,0.923287671232877,0.90958904109589,0.901369863013699,0.868493150684932,12,140,12,10
CEMADEN,261160618A,2020,Torreão,PLUVIOMETRICA_AUTOMATICA,,60,24,BAIXA,TRUE,366,366,356,352,349,333,1,0.972677595628415,0.961748633879781,0.953551912568306,0.909836065573771,2,137,12,12
CEMADEN,261160618A,2021,Torreão,PLUVIOMETRICA_AUTOMATICA,,60,24,BAIXA,TRUE,365,266,209,206,204,198,0.728767123287671,0.572602739726027,0.564383561643836,0.558904109589041,0.542465753424658,63,101,10,6
CEMADEN,261160618A,2022,Torreão,PLUVIOMETRICA_AUTOMATICA,,60,24,BAIXA,TRUE,365,293,285,281,278,262,0.802739726027397,0.780821917808219,0.76986301369863,0.761643835616438,0.717808219178082,73,90,10,9
CEMADEN,261160618A,2023,Torreão,PLUVIOMETRICA_AUTOMATICA,,60,24,BAIXA,TRUE,365,365,365,364,364,355,1,1,0.997260273972603,0.997260273972603,0.972602739726027,1,171,12,12
CEMADEN,261160618A,2024,Torreão,PLUVIOMETRICA_AUTOMATICA,,60,24,BAIXA,TRUE,366,366,364,364,364,364,1,0.994535519125683,0.994535519125683,0.994535519125683,0.994535519125683,2,157,12,12
CEMADEN,261160618A,2025,Torreão,PLUVIOMETRICA_AUTOMATICA,,60,24,BAIXA,TRUE,365,365,365,365,364,362,1,1,1,0.997260273972603,0.991780821917808,1,172,12,12
CEMADEN,261160619A,2017,San Martin,PLUVIOMETRICA_AUTOMATICA,,60,24,BAIXA,TRUE,365,365,364,364,361,359,1,0.997260273972603,0.997260273972603,0.989041095890411,0.983561643835616,2,192,12,12
CEMADEN,261160619A,2018,San Martin,PLUVIOMETRICA_AUTOMATICA,,60,24,BAIXA,TRUE,365,365,362,362,361,357,1,0.991780821917808,0.991780821917808,0.989041095890411,0.978082191780822,2,146,12,12
CEMADEN,261160619A,2019,San Martin,PLUVIOMETRICA_AUTOMATICA,,60,24,BAIXA,TRUE,365,292,278,274,273,266,0.8,0.761643835616438,0.750684931506849,0.747945205479452,0.728767123287671,70,140,10,8
CEMADEN,261160619A,2020,San Martin,PLUVIOMETRICA_AUTOMATICA,,60,24,BAIXA,TRUE,366,56,47,47,47,47,0.153005464480874,0.128415300546448,0.128415300546448,0.128415300546448,0.128415300546448,162,33,4,1
CEMADEN,261160619A,2021,San Martin,PLUVIOMETRICA_AUTOMATICA,,60,24,BAIXA,TRUE,365,298,284,283,281,275,0.816438356164383,0.778082191780822,0.775342465753425,0.76986301369863,0.753424657534247,61,144,10,8
CEMADEN,261160619A,2022,San Martin,PLUVIOMETRICA_AUTOMATICA,,60,24,BAIXA,TRUE,365,80,70,69,69,69,0.219178082191781,0.191780821917808,0.189041095890411,0.189041095890411,0.189041095890411,296,35,4,2
CEMADEN,261160619A,2023,San Martin,PLUVIOMETRICA_AUTOMATICA,,60,24,BAIXA,TRUE,365,165,164,164,163,161,0.452054794520548,0.449315068493151,0.449315068493151,0.446575342465753,0.441095890410959,201,72,6,5
CEMADEN,261160619A,2024,San Martin,PLUVIOMETRICA_AUTOMATICA,,60,24,BAIXA,TRUE,366,229,198,198,198,195,0.62568306010929,0.540983606557377,0.540983606557377,0.540983606557377,0.532786885245902,114,108,9,4
CEMADEN,261160620A,2017,Porto,PLUVIOMETRICA_AUTOMATICA,,60,24,BAIXA,TRUE,365,365,365,365,364,359,1,1,1,0.997260273972603,0.983561643835616,1,185,12,12
CEMADEN,261160620A,2018,Porto,PLUVIOMETRICA_AUTOMATICA,,60,24,BAIXA,TRUE,365,365,364,364,362,351,1,0.997260273972603,0.997260273972603,0.991780821917808,0.961643835616438,2,145,12,12
CEMADEN,261160620A,2019,Porto,PLUVIOMETRICA_AUTOMATICA,,60,24,BAIXA,TRUE,365,359,346,342,338,326,0.983561643835616,0.947945205479452,0.936986301369863,0.926027397260274,0.893150684931507,5,140,12,11
CEMADEN,261160620A,2020,Porto,PLUVIOMETRICA_AUTOMATICA,,60,24,BAIXA,TRUE,366,366,358,355,349,336,1,0.978142076502732,0.969945355191257,0.953551912568306,0.918032786885246,2,135,12,12
CEMADEN,261160620A,2021,Porto,PLUVIOMETRICA_AUTOMATICA,,60,24,BAIXA,TRUE,365,365,364,364,364,355,1,0.997260273972603,0.997260273972603,0.997260273972603,0.972602739726027,1,166,12,12
CEMADEN,261160620A,2022,Porto,PLUVIOMETRICA_AUTOMATICA,,60,24,BAIXA,TRUE,365,365,358,356,355,343,1,0.980821917808219,0.975342465753425,0.972602739726027,0.93972602739726,3,174,12,12
CEMADEN,261160620A,2023,Porto,PLUVIOMETRICA_AUTOMATICA,,60,24,BAIXA,TRUE,365,365,364,364,363,361,1,0.997260273972603,0.997260273972603,0.994520547945205,0.989041095890411,1,157,12,12
CEMADEN,261160620A,2024,Porto,PLUVIOMETRICA_AUTOMATICA,,60,24,BAIXA,TRUE,366,276,125,115,111,109,0.754098360655738,0.341530054644809,0.314207650273224,0.30327868852459,0.297814207650273,149,42,11,3
CEMADEN,261160620A,2025,Porto,PLUVIOMETRICA_AUTOMATICA,,60,24,ALTA,FALSE,365,356,38,22,13,9,0.975342465753425,0.104109589041096,0.0602739726027397,0.0356164383561644,0.0246575342465753,134,7,12,0
CEMADEN,261160621A,2017,Areias,PLUVIOMETRICA_AUTOMATICA,,60,24,BAIXA,TRUE,365,365,365,365,364,357,1,1,1,0.997260273972603,0.978082191780822,1,196,12,12
CEMADEN,261160621A,2018,Areias,PLUVIOMETRICA_AUTOMATICA,,60,24,BAIXA,TRUE,365,365,364,363,362,351,1,0.997260273972603,0.994520547945205,0.991780821917808,0.961643835616438,2,168,12,12
CEMADEN,261160621A,2019,Areias,PLUVIOMETRICA_AUTOMATICA,,60,24,BAIXA,TRUE,365,363,350,345,344,339,0.994520547945205,0.958904109589041,0.945205479452055,0.942465753424658,0.928767123287671,5,149,12,11
CEMADEN,261160621A,2020,Areias,PLUVIOMETRICA_AUTOMATICA,,60,24,BAIXA,TRUE,366,366,365,364,363,358,1,0.997267759562842,0.994535519125683,0.991803278688525,0.978142076502732,1,155,12,12
CEMADEN,261160621A,2021,Areias,PLUVIOMETRICA_AUTOMATICA,,60,24,BAIXA,TRUE,365,365,359,359,358,353,1,0.983561643835616,0.983561643835616,0.980821917808219,0.967123287671233,3,187,12,12
CEMADEN,261160621A,2022,Areias,PLUVIOMETRICA_AUTOMATICA,,60,24,BAIXA,TRUE,365,365,361,356,356,353,1,0.989041095890411,0.975342465753425,0.975342465753425,0.967123287671233,2,202,12,12
CEMADEN,261160621A,2023,Areias,PLUVIOMETRICA_AUTOMATICA,,60,24,BAIXA,TRUE,365,364,361,361,359,358,0.997260273972603,0.989041095890411,0.989041095890411,0.983561643835616,0.980821917808219,4,190,12,12
CEMADEN,261160621A,2024,Areias,PLUVIOMETRICA_AUTOMATICA,,60,24,BAIXA,TRUE,366,339,292,292,286,283,0.926229508196721,0.797814207650273,0.797814207650273,0.781420765027322,0.773224043715847,21,122,12,7
CEMADEN,261160622A,2017,Boa Vista,PLUVIOMETRICA_AUTOMATICA,,60,24,BAIXA,TRUE,365,365,365,365,364,359,1,1,1,0.997260273972603,0.983561643835616,1,187,12,12
CEMADEN,261160622A,2018,Boa Vista,PLUVIOMETRICA_AUTOMATICA,,60,24,BAIXA,TRUE,365,365,363,363,363,356,1,0.994520547945205,0.994520547945205,0.994520547945205,0.975342465753425,2,157,12,12
CEMADEN,261160622A,2019,Boa Vista,PLUVIOMETRICA_AUTOMATICA,,60,24,BAIXA,TRUE,365,362,348,344,343,339,0.991780821917808,0.953424657534246,0.942465753424658,0.93972602739726,0.928767123287671,7,140,12,11
CEMADEN,261160622A,2020,Boa Vista,PLUVIOMETRICA_AUTOMATICA,,60,24,BAIXA,TRUE,366,359,357,356,355,353,0.980874316939891,0.975409836065574,0.972677595628415,0.969945355191257,0.96448087431694,8,143,12,11
CEMADEN,261160622A,2021,Boa Vista,PLUVIOMETRICA_AUTOMATICA,,80,18,BAIXA,TRUE,365,1,0,0,0,0,0.00273972602739726,0,0,0,0,365,0,1,0
CEMADEN,261160623A,2017,RECIFE - APAC,PLUVIOMETRICA_AUTOMATICA,,60,24,ALTA,FALSE,365,76,50,50,45,35,0.208219178082192,0.136986301369863,0.136986301369863,0.123287671232877,0.0958904109589041,315,7,3,1
CEMADEN,261160623A,2018,RECIFE - APAC,PLUVIOMETRICA_AUTOMATICA,,60,24,BAIXA,TRUE,365,365,361,361,360,336,1,0.989041095890411,0.989041095890411,0.986301369863014,0.920547945205479,2,152,12,12
CEMADEN,261160623A,2019,RECIFE - APAC,PLUVIOMETRICA_AUTOMATICA,,60,24,BAIXA,TRUE,365,353,343,340,338,331,0.967123287671233,0.93972602739726,0.931506849315068,0.926027397260274,0.906849315068493,11,141,12,10
CEMADEN,261160623A,2020,RECIFE - APAC,PLUVIOMETRICA_AUTOMATICA,,60,24,BAIXA,TRUE,366,353,345,339,330,301,0.96448087431694,0.942622950819672,0.926229508196721,0.901639344262295,0.822404371584699,15,132,12,11
CEMADEN,261160623A,2021,RECIFE - APAC,PLUVIOMETRICA_AUTOMATICA,,60,24,BAIXA,TRUE,365,360,238,237,233,220,0.986301369863014,0.652054794520548,0.649315068493151,0.638356164383562,0.602739726027397,68,117,12,7
CEMADEN,261160623A,2022,RECIFE - APAC,PLUVIOMETRICA_AUTOMATICA,,60,24,BAIXA,TRUE,365,365,358,356,356,353,1,0.980821917808219,0.975342465753425,0.975342465753425,0.967123287671233,3,179,12,12
CEMADEN,261160623A,2023,RECIFE - APAC,PLUVIOMETRICA_AUTOMATICA,,60,24,BAIXA,TRUE,365,365,364,364,364,348,1,0.997260273972603,0.997260273972603,0.997260273972603,0.953424657534246,1,158,12,12
CEMADEN,261160623A,2024,RECIFE - APAC,PLUVIOMETRICA_AUTOMATICA,,60,24,BAIXA,TRUE,366,366,364,364,364,362,1,0.994535519125683,0.994535519125683,0.994535519125683,0.989071038251366,2,141,12,12
CEMADEN,261160623A,2025,RECIFE - APAC,PLUVIOMETRICA_AUTOMATICA,,60,24,BAIXA,TRUE,365,316,303,303,303,297,0.865753424657534,0.83013698630137,0.83013698630137,0.83013698630137,0.813698630136986,25,150,12,7
CEMADEN,261170501A,2018,RIACHO DAS ALMAS - APAC,PLUVIOMETRICA_AUTOMATICA,,60,24,ALTA,FALSE,365,204,184,184,183,176,0.558904109589041,0.504109589041096,0.504109589041096,0.501369863013699,0.482191780821918,145,21,8,6
CEMADEN,261170501A,2019,RIACHO DAS ALMAS - APAC,PLUVIOMETRICA_AUTOMATICA,,60,24,ALTA,FALSE,365,118,107,105,104,86,0.323287671232877,0.293150684931507,0.287671232876712,0.284931506849315,0.235616438356164,239,7,5,2
CEMADEN,261170501A,2020,RIACHO DAS ALMAS - APAC,PLUVIOMETRICA_AUTOMATICA,,60,24,BAIXA,TRUE,366,362,351,340,321,267,0.989071038251366,0.959016393442623,0.92896174863388,0.877049180327869,0.729508196721312,7,69,12,8
CEMADEN,261170501A,2021,RIACHO DAS ALMAS - APAC,PLUVIOMETRICA_AUTOMATICA,,60,24,ALTA,FALSE,365,178,162,151,139,100,0.487671232876712,0.443835616438356,0.413698630136986,0.380821917808219,0.273972602739726,183,15,7,3
CEMADEN,261170501A,2022,RIACHO DAS ALMAS - APAC,PLUVIOMETRICA_AUTOMATICA,,60,24,BAIXA,TRUE,365,365,305,271,214,175,1,0.835616438356164,0.742465753424658,0.586301369863014,0.479452054794521,12,68,12,4
CEMADEN,261170501A,2023,RIACHO DAS ALMAS - APAC,PLUVIOMETRICA_AUTOMATICA,,60,24,BAIXA,TRUE,365,365,350,320,279,206,1,0.958904109589041,0.876712328767123,0.764383561643836,0.564383561643836,8,56,12,7
CEMADEN,261170501A,2024,RIACHO DAS ALMAS - APAC,PLUVIOMETRICA_AUTOMATICA,,60,24,BAIXA,TRUE,366,366,332,306,258,211,1,0.907103825136612,0.836065573770492,0.704918032786885,0.576502732240437,10,53,12,5
CEMADEN,261170501A,2025,RIACHO DAS ALMAS - APAC,PLUVIOMETRICA_AUTOMATICA,,60,24,BAIXA,TRUE,365,365,327,280,231,166,1,0.895890410958904,0.767123287671233,0.632876712328767,0.454794520547945,19,44,12,6
CEMADEN,261180401A,2017,Bandeirante,PLUVIOMETRICA_AUTOMATICA,,60,24,BAIXA,TRUE,365,362,358,357,357,349,0.991780821917808,0.980821917808219,0.978082191780822,0.978082191780822,0.956164383561644,3,200,12,12
CEMADEN,261180401A,2018,Bandeirante,PLUVIOMETRICA_AUTOMATICA,,60,24,BAIXA,TRUE,365,365,363,362,359,347,1,0.994520547945205,0.991780821917808,0.983561643835616,0.950684931506849,2,160,12,12
CEMADEN,261180401A,2019,Bandeirante,PLUVIOMETRICA_AUTOMATICA,,60,24,BAIXA,TRUE,365,356,341,335,331,310,0.975342465753425,0.934246575342466,0.917808219178082,0.906849315068493,0.849315068493151,11,132,12,10
CEMADEN,261180401A,2020,Bandeirante,PLUVIOMETRICA_AUTOMATICA,,60,24,BAIXA,TRUE,366,366,359,350,340,296,1,0.980874316939891,0.956284153005464,0.92896174863388,0.808743169398907,3,138,12,11
CEMADEN,261180401A,2021,Bandeirante,PLUVIOMETRICA_AUTOMATICA,,60,24,BAIXA,TRUE,365,361,356,354,352,336,0.989041095890411,0.975342465753425,0.96986301369863,0.964383561643836,0.920547945205479,7,167,12,11
CEMADEN,261180401A,2022,Bandeirante,PLUVIOMETRICA_AUTOMATICA,,60,24,BAIXA,TRUE,365,353,326,324,323,322,0.967123287671233,0.893150684931507,0.887671232876712,0.884931506849315,0.882191780821918,33,164,12,10
CEMADEN,261180401A,2023,Bandeirante,PLUVIOMETRICA_AUTOMATICA,,60,24,BAIXA,TRUE,365,295,291,291,289,276,0.808219178082192,0.797260273972603,0.797260273972603,0.791780821917808,0.756164383561644,71,135,11,9
CEMADEN,261180401A,2024,Bandeirante,PLUVIOMETRICA_AUTOMATICA,,60,24,BAIXA,TRUE,366,366,354,351,349,347,1,0.967213114754098,0.959016393442623,0.953551912568306,0.948087431693989,5,149,12,10
CEMADEN,261180401A,2025,Bandeirante,PLUVIOMETRICA_AUTOMATICA,,60,24,BAIXA,TRUE,365,365,365,365,362,356,1,1,1,0.991780821917808,0.975342465753425,1,179,12,12
CEMADEN,261180402A,2017,ARIPIBU - APAC,PLUVIOMETRICA_AUTOMATICA,,60,24,ALTA,FALSE,365,47,37,26,12,5,0.128767123287671,0.101369863013699,0.0712328767123288,0.0328767123287671,0.0136986301369863,327,1,2,0
CEMADEN,261180402A,2018,ARIPIBU - APAC,PLUVIOMETRICA_AUTOMATICA,,60,24,BAIXA,TRUE,365,365,356,350,337,296,1,0.975342465753425,0.958904109589041,0.923287671232877,0.810958904109589,4,144,12,11
CEMADEN,261180402A,2019,ARIPIBU - APAC,PLUVIOMETRICA_AUTOMATICA,,60,24,BAIXA,TRUE,365,354,343,341,339,325,0.96986301369863,0.93972602739726,0.934246575342466,0.928767123287671,0.89041095890411,11,152,12,10
CEMADEN,261180402A,2020,ARIPIBU - APAC,PLUVIOMETRICA_AUTOMATICA,,60,24,BAIXA,TRUE,366,329,275,254,239,219,0.898907103825137,0.751366120218579,0.693989071038251,0.653005464480874,0.598360655737705,35,133,12,6
CEMADEN,261180402A,2021,ARIPIBU - APAC,PLUVIOMETRICA_AUTOMATICA,,60,24,BAIXA,TRUE,365,153,146,135,119,80,0.419178082191781,0.4,0.36986301369863,0.326027397260274,0.219178082191781,176,47,6,2
CEMADEN,261180402A,2023,ARIPIBU - APAC,PLUVIOMETRICA_AUTOMATICA,,60,24,BAIXA,TRUE,365,347,346,343,342,333,0.950684931506849,0.947945205479452,0.93972602739726,0.936986301369863,0.912328767123288,19,185,12,11
CEMADEN,261180402A,2024,ARIPIBU - APAC,PLUVIOMETRICA_AUTOMATICA,,60,24,BAIXA,TRUE,366,364,359,358,358,356,0.994535519125683,0.980874316939891,0.978142076502732,0.978142076502732,0.972677595628415,4,144,12,12
CEMADEN,261180402A,2025,ARIPIBU - APAC,PLUVIOMETRICA_AUTOMATICA,,60,24,BAIXA,TRUE,365,193,161,161,161,160,0.528767123287671,0.441095890410959,0.441095890410959,0.441095890410959,0.438356164383562,133,104,11,4
CEMADEN,261190301A,2017,Centro,PLUVIOMETRICA_AUTOMATICA,,10,144,ALTA,FALSE,365,363,20,17,12,9,0.994520547945205,0.0547945205479452,0.0465753424657534,0.0328767123287671,0.0246575342465753,164,0,12,0
CEMADEN,261190301A,2018,Centro,PLUVIOMETRICA_AUTOMATICA,,60,24,BAIXA,TRUE,365,363,357,357,352,347,0.994520547945205,0.978082191780822,0.978082191780822,0.964383561643836,0.950684931506849,4,192,12,12
CEMADEN,261190301A,2019,Centro,PLUVIOMETRICA_AUTOMATICA,,60,24,BAIXA,TRUE,365,355,343,338,336,336,0.972602739726027,0.93972602739726,0.926027397260274,0.920547945205479,0.920547945205479,11,184,12,10
CEMADEN,261190301A,2020,Centro,PLUVIOMETRICA_AUTOMATICA,,60,24,BAIXA,TRUE,366,366,358,357,354,348,1,0.978142076502732,0.975409836065574,0.967213114754098,0.950819672131147,6,177,12,11
CEMADEN,261190301A,2021,Centro,PLUVIOMETRICA_AUTOMATICA,,60,24,BAIXA,TRUE,365,365,355,352,345,337,1,0.972602739726027,0.964383561643836,0.945205479452055,0.923287671232877,3,198,12,11
CEMADEN,261190301A,2022,Centro,PLUVIOMETRICA_AUTOMATICA,,60,24,BAIXA,TRUE,365,234,232,230,228,225,0.641095890410959,0.635616438356164,0.63013698630137,0.624657534246575,0.616438356164384,131,160,8,7
CEMADEN,261190302A,2017,Cocaú,PLUVIOMETRICA_AUTOMATICA,,60,24,BAIXA,TRUE,365,200,178,175,175,169,0.547945205479452,0.487671232876712,0.479452054794521,0.479452054794521,0.463013698630137,114,85,10,5
CEMADEN,261190302A,2018,Cocaú,PLUVIOMETRICA_AUTOMATICA,,60,24,BAIXA,TRUE,365,365,357,355,353,334,1,0.978082191780822,0.972602739726027,0.967123287671233,0.915068493150685,4,163,12,12
CEMADEN,261190302A,2019,Cocaú,PLUVIOMETRICA_AUTOMATICA,,60,24,BAIXA,TRUE,365,354,341,336,330,307,0.96986301369863,0.934246575342466,0.920547945205479,0.904109589041096,0.841095890410959,11,88,12,10
CEMADEN,261190302A,2020,Cocaú,PLUVIOMETRICA_AUTOMATICA,,60,24,BAIXA,TRUE,366,115,81,79,77,68,0.314207650273224,0.221311475409836,0.215846994535519,0.210382513661202,0.185792349726776,242,21,5,2
CEMADEN,261190302A,2021,Cocaú,PLUVIOMETRICA_AUTOMATICA,,60,24,BAIXA,TRUE,365,363,353,351,349,333,0.994520547945205,0.967123287671233,0.961643835616438,0.956164383561644,0.912328767123288,8,153,12,11
CEMADEN,261190302A,2022,Cocaú,PLUVIOMETRICA_AUTOMATICA,,60,24,BAIXA,TRUE,365,365,352,349,343,335,1,0.964383561643836,0.956164383561644,0.93972602739726,0.917808219178082,4,210,12,11
CEMADEN,261190302A,2023,Cocaú,PLUVIOMETRICA_AUTOMATICA,,60,24,BAIXA,TRUE,365,365,364,361,356,338,1,0.997260273972603,0.989041095890411,0.975342465753425,0.926027397260274,2,173,12,12
CEMADEN,261190302A,2024,Cocaú,PLUVIOMETRICA_AUTOMATICA,,60,24,BAIXA,TRUE,366,208,202,202,200,196,0.568306010928962,0.551912568306011,0.551912568306011,0.546448087431694,0.53551912568306,158,115,7,7
CEMADEN,261190303A,2017,RIO FORMOSO - APAC,PLUVIOMETRICA_AUTOMATICA,,60,24,ALTA,FALSE,365,38,10,7,2,2,0.104109589041096,0.0273972602739726,0.0191780821917808,0.00547945205479452,0.00547945205479452,356,2,2,0
CEMADEN,261190303A,2018,RIO FORMOSO - APAC,PLUVIOMETRICA_AUTOMATICA,,60,24,BAIXA,TRUE,365,359,319,314,307,291,0.983561643835616,0.873972602739726,0.86027397260274,0.841095890410959,0.797260273972603,27,154,12,9
CEMADEN,261190303A,2019,RIO FORMOSO - APAC,PLUVIOMETRICA_AUTOMATICA,,60,24,BAIXA,TRUE,365,355,345,343,342,335,0.972602739726027,0.945205479452055,0.93972602739726,0.936986301369863,0.917808219178082,11,178,12,11
CEMADEN,261190303A,2020,RIO FORMOSO - APAC,PLUVIOMETRICA_AUTOMATICA,,60,24,BAIXA,TRUE,366,201,200,199,199,194,0.549180327868853,0.546448087431694,0.543715846994536,0.543715846994536,0.530054644808743,166,112,7,6
CEMADEN,261190303A,2021,RIO FORMOSO - APAC,PLUVIOMETRICA_AUTOMATICA,,60,24,BAIXA,TRUE,365,162,96,96,94,93,0.443835616438356,0.263013698630137,0.263013698630137,0.257534246575342,0.254794520547945,204,59,6,2
CEMADEN,261190303A,2022,RIO FORMOSO - APAC,PLUVIOMETRICA_AUTOMATICA,,60,24,BAIXA,TRUE,365,156,131,130,130,130,0.427397260273973,0.358904109589041,0.356164383561644,0.356164383561644,0.356164383561644,220,55,6,4
CEMADEN,261190303A,2023,RIO FORMOSO - APAC,PLUVIOMETRICA_AUTOMATICA,,60,24,BAIXA,TRUE,365,365,365,365,364,349,1,1,1,0.997260273972603,0.956164383561644,1,203,12,12
CEMADEN,261190303A,2024,RIO FORMOSO - APAC,PLUVIOMETRICA_AUTOMATICA,,60,24,BAIXA,TRUE,366,364,356,356,356,353,0.994535519125683,0.972677595628415,0.972677595628415,0.972677595628415,0.96448087431694,8,188,12,11
CEMADEN,261190303A,2025,RIO FORMOSO - APAC,PLUVIOMETRICA_AUTOMATICA,,60,24,BAIXA,TRUE,365,337,289,281,278,272,0.923287671232877,0.791780821917808,0.76986301369863,0.761643835616438,0.745205479452055,16,185,12,6
CEMADEN,261200001A,2017,Prefeitura,PLUVIOMETRICA_AUTOMATICA,,10,144,ALTA,FALSE,365,365,21,18,13,12,1,0.0575342465753425,0.0493150684931507,0.0356164383561644,0.0328767123287671,164,0,12,0
CEMADEN,261200001A,2018,Prefeitura,PLUVIOMETRICA_AUTOMATICA,,60,24,BAIXA,TRUE,365,350,338,338,333,324,0.958904109589041,0.926027397260274,0.926027397260274,0.912328767123288,0.887671232876712,10,131,12,11
CEMADEN,261200001A,2019,Prefeitura,PLUVIOMETRICA_AUTOMATICA,,60,24,BAIXA,TRUE,365,264,217,213,211,204,0.723287671232877,0.594520547945206,0.583561643835617,0.578082191780822,0.558904109589041,77,110,12,5
CEMADEN,261200001A,2020,Prefeitura,PLUVIOMETRICA_AUTOMATICA,,60,24,BAIXA,TRUE,366,309,255,252,248,244,0.844262295081967,0.69672131147541,0.688524590163934,0.677595628415301,0.666666666666667,31,133,12,6
CEMADEN,261200001A,2021,Prefeitura,PLUVIOMETRICA_AUTOMATICA,,60,24,BAIXA,TRUE,365,297,217,213,209,199,0.813698630136986,0.594520547945206,0.583561643835617,0.572602739726027,0.545205479452055,58,108,12,3
CEMADEN,261200001A,2022,Prefeitura,PLUVIOMETRICA_AUTOMATICA,,60,24,BAIXA,TRUE,365,109,93,93,92,87,0.298630136986301,0.254794520547945,0.254794520547945,0.252054794520548,0.238356164383562,246,36,4,3
CEMADEN,261200001A,2024,Prefeitura,PLUVIOMETRICA_AUTOMATICA,,10,144,ALTA,FALSE,366,254,240,240,235,172,0.693989071038251,0.655737704918033,0.655737704918033,0.642076502732241,0.469945355191257,108,0,9,7
CEMADEN,261200001A,2025,Prefeitura,PLUVIOMETRICA_AUTOMATICA,,10,144,ALTA,FALSE,365,288,230,226,222,169,0.789041095890411,0.63013698630137,0.619178082191781,0.608219178082192,0.463013698630137,38,0,12,5
CEMADEN,261200001C,2017,SAIRE,PLUVIOMETRICA_AUTOMATICA,,10,144,ALTA,FALSE,365,30,12,10,10,10,0.0821917808219178,0.0328767123287671,0.0273972602739726,0.0273972602739726,0.0273972602739726,265,0,5,0
CEMADEN,261200001C,2018,SAIRE,PLUVIOMETRICA_AUTOMATICA,,60,24,BAIXA,FALSE,365,8,6,6,6,6,0.0219178082191781,0.0164383561643836,0.0164383561643836,0.0164383561643836,0.0164383561643836,307,2,1,0
CEMADEN,261210901A,2023,Salgadinho [Meu Refúgio] - APAC,PLUVIOMETRICA_AUTOMATICA,,60,24,BAIXA,TRUE,365,159,157,157,156,151,0.435616438356164,0.43013698630137,0.43013698630137,0.427397260273973,0.413698630136986,207,58,6,5
CEMADEN,261210901A,2024,Salgadinho [Meu Refúgio] - APAC,PLUVIOMETRICA_AUTOMATICA,,60,24,ALTA,FALSE,366,354,347,347,346,343,0.967213114754098,0.948087431693989,0.948087431693989,0.945355191256831,0.937158469945355,9,55,12,11
CEMADEN,261210901A,2025,Salgadinho [Meu Refúgio] - APAC,PLUVIOMETRICA_AUTOMATICA,,60,24,BAIXA,TRUE,365,319,296,294,290,284,0.873972602739726,0.810958904109589,0.805479452054795,0.794520547945206,0.778082191780822,26,118,12,8
CEMADEN,261210901C,2017,SALGADINHO,PLUVIOMETRICA_AUTOMATICA,,10,144,ALTA,FALSE,365,187,73,73,70,67,0.512328767123288,0.2,0.2,0.191780821917808,0.183561643835616,152,0,10,1
CEMADEN,261210901C,2018,SALGADINHO,PLUVIOMETRICA_AUTOMATICA,,60,24,BAIXA,TRUE,365,327,265,261,258,257,0.895890410958904,0.726027397260274,0.715068493150685,0.706849315068493,0.704109589041096,61,80,12,8
CEMADEN,261210901C,2019,SALGADINHO,PLUVIOMETRICA_AUTOMATICA,,60,24,BAIXA,TRUE,365,328,188,163,140,119,0.898630136986301,0.515068493150685,0.446575342465753,0.383561643835616,0.326027397260274,74,48,12,2
CEMADEN,261210901C,2020,SALGADINHO,PLUVIOMETRICA_AUTOMATICA,,60,24,BAIXA,TRUE,366,365,209,195,186,179,0.997267759562842,0.57103825136612,0.532786885245902,0.508196721311475,0.489071038251366,61,76,12,6
CEMADEN,261210901C,2021,SALGADINHO,PLUVIOMETRICA_AUTOMATICA,,60,24,BAIXA,TRUE,365,38,0,0,0,0,0.104109589041096,0,0,0,0,365,0,2,0
CEMADEN,261210901C,2022,SALGADINHO,PLUVIOMETRICA_AUTOMATICA,,60,24,BAIXA,TRUE,365,40,34,34,34,34,0.10958904109589,0.0931506849315068,0.0931506849315068,0.0931506849315068,0.0931506849315068,313,7,2,0
CEMADEN,261210901C,2023,SALGADINHO,PLUVIOMETRICA_AUTOMATICA,,60,24,BAIXA,TRUE,365,254,168,147,143,138,0.695890410958904,0.46027397260274,0.402739726027397,0.391780821917808,0.378082191780822,102,54,11,3
CEMADEN,261210901C,2024,SALGADINHO,PLUVIOMETRICA_AUTOMATICA,,60,24,BAIXA,TRUE,366,344,329,329,329,328,0.939890710382514,0.898907103825137,0.898907103825137,0.898907103825137,0.896174863387978,6,99,12,9
CEMADEN,261210901C,2025,SALGADINHO,PLUVIOMETRICA_AUTOMATICA,,60,24,BAIXA,TRUE,365,140,131,131,130,129,0.383561643835616,0.358904109589041,0.358904109589041,0.356164383561644,0.353424657534247,214,30,5,3
CEMADEN,261220801A,2023,Salgueiro [IPA] - APAC,PLUVIOMETRICA_AUTOMATICA,,60,24,ALTA,FALSE,365,116,107,107,103,81,0.317808219178082,0.293150684931507,0.293150684931507,0.282191780821918,0.221917808219178,206,5,5,2
CEMADEN,261220801A,2024,Salgueiro [IPA] - APAC,PLUVIOMETRICA_AUTOMATICA,,60,24,ALTA,FALSE,366,115,105,105,103,97,0.314207650273224,0.286885245901639,0.286885245901639,0.281420765027322,0.265027322404372,190,7,5,2
CEMADEN,261220801A,2025,Salgueiro [IPA] - APAC,PLUVIOMETRICA_AUTOMATICA,,60,24,ALTA,FALSE,365,85,81,81,78,76,0.232876712328767,0.221917808219178,0.221917808219178,0.213698630136986,0.208219178082192,104,7,5,0
CEMADEN,261220801C,2017,SALGUEIRO,PLUVIOMETRICA_AUTOMATICA,,10,144,ALTA,FALSE,365,67,11,10,6,4,0.183561643835616,0.0301369863013699,0.0273972602739726,0.0164383561643836,0.010958904109589,260,0,10,0
CEMADEN,261220801C,2018,SALGUEIRO,PLUVIOMETRICA_AUTOMATICA,,60,24,ALTA,FALSE,365,281,222,220,218,212,0.76986301369863,0.608219178082192,0.602739726027397,0.597260273972603,0.580821917808219,55,28,11,6
CEMADEN,261220801C,2019,SALGUEIRO,PLUVIOMETRICA_AUTOMATICA,,60,24,BAIXA,FALSE,365,5,1,0,0,0,0.0136986301369863,0.00273972602739726,0,0,0,365,0,2,0
CEMADEN,261230701A,2017,SALOA - APAC,PLUVIOMETRICA_AUTOMATICA,,60,24,BAIXA,TRUE,365,20,18,17,13,3,0.0547945205479452,0.0493150684931507,0.0465753424657534,0.0356164383561644,0.00821917808219178,347,2,1,0
CEMADEN,261230701A,2018,SALOA - APAC,PLUVIOMETRICA_AUTOMATICA,,60,24,BAIXA,TRUE,365,365,359,356,345,298,1,0.983561643835616,0.975342465753425,0.945205479452055,0.816438356164383,3,100,12,11
CEMADEN,261230701A,2019,SALOA - APAC,PLUVIOMETRICA_AUTOMATICA,,60,24,BAIXA,TRUE,365,332,279,269,257,221,0.90958904109589,0.764383561643836,0.736986301369863,0.704109589041096,0.605479452054795,43,84,12,6
CEMADEN,261230701A,2020,SALOA - APAC,PLUVIOMETRICA_AUTOMATICA,,60,24,BAIXA,TRUE,366,137,96,91,79,65,0.37431693989071,0.262295081967213,0.248633879781421,0.215846994535519,0.177595628415301,155,47,5,2
CEMADEN,261230701A,2021,SALOA - APAC,PLUVIOMETRICA_AUTOMATICA,,60,24,BAIXA,TRUE,365,138,134,134,133,129,0.378082191780822,0.367123287671233,0.367123287671233,0.364383561643836,0.353424657534247,223,31,5,3
CEMADEN,261230701A,2022,SALOA - APAC,PLUVIOMETRICA_AUTOMATICA,,60,24,BAIXA,TRUE,365,365,357,355,354,348,1,0.978082191780822,0.972602739726027,0.96986301369863,0.953424657534246,5,72,12,12
CEMADEN,261230701A,2023,SALOA - APAC,PLUVIOMETRICA_AUTOMATICA,,60,24,ALTA,FALSE,365,365,363,363,361,339,1,0.994520547945205,0.994520547945205,0.989041095890411,0.928767123287671,2,33,12,12
CEMADEN,261230701A,2024,SALOA - APAC,PLUVIOMETRICA_AUTOMATICA,,60,24,BAIXA,TRUE,366,366,364,364,364,361,1,0.994535519125683,0.994535519125683,0.994535519125683,0.986338797814208,2,129,12,12
CEMADEN,261230701A,2025,SALOA - APAC,PLUVIOMETRICA_AUTOMATICA,,60,24,BAIXA,TRUE,365,294,236,236,230,185,0.805479452054795,0.646575342465753,0.646575342465753,0.63013698630137,0.506849315068493,124,71,12,7
CEMADEN,261240601A,2017,Centro,PLUVIOMETRICA_AUTOMATICA,,60,24,BAIXA,TRUE,365,365,363,363,361,355,1,0.994520547945205,0.994520547945205,0.989041095890411,0.972602739726027,2,120,12,12
CEMADEN,261240601A,2018,Centro,PLUVIOMETRICA_AUTOMATICA,,60,24,BAIXA,TRUE,365,365,363,363,361,355,1,0.994520547945205,0.994520547945205,0.989041095890411,0.972602739726027,1,72,12,12
CEMADEN,261240601A,2019,Centro,PLUVIOMETRICA_AUTOMATICA,,60,24,BAIXA,TRUE,365,361,345,341,339,331,0.989041095890411,0.945205479452055,0.934246575342466,0.928767123287671,0.906849315068493,5,82,12,11
CEMADEN,261240601A,2020,Centro,PLUVIOMETRICA_AUTOMATICA,,60,24,BAIXA,TRUE,366,366,354,347,341,332,1,0.967213114754098,0.948087431693989,0.931693989071038,0.907103825136612,2,106,12,12
CEMADEN,261240601A,2021,COMPESA,PLUVIOMETRICA_AUTOMATICA,,60,24,BAIXA,TRUE,365,365,364,364,362,330,1,0.997260273972603,0.997260273972603,0.991780821917808,0.904109589041096,1,91,12,12
CEMADEN,261240601A,2022,COMPESA,PLUVIOMETRICA_AUTOMATICA,,60,24,BAIXA,TRUE,365,365,359,356,354,335,1,0.983561643835616,0.975342465753425,0.96986301369863,0.917808219178082,5,123,12,12
CEMADEN,261240601A,2023,COMPESA,PLUVIOMETRICA_AUTOMATICA,,60,24,BAIXA,TRUE,365,365,364,364,363,359,1,0.997260273972603,0.997260273972603,0.994520547945205,0.983561643835616,1,108,12,12
CEMADEN,261240601A,2024,COMPESA,PLUVIOMETRICA_AUTOMATICA,,60,24,BAIXA,TRUE,366,366,364,364,363,355,1,0.994535519125683,0.994535519125683,0.991803278688525,0.969945355191257,2,110,12,12
CEMADEN,261240601A,2025,COMPESA,PLUVIOMETRICA_AUTOMATICA,,60,24,BAIXA,TRUE,365,323,306,303,302,293,0.884931506849315,0.838356164383562,0.83013698630137,0.827397260273973,0.802739726027397,61,102,12,10
CEMADEN,261240601C,2017,SANHARÓ,PLUVIOMETRICA_AUTOMATICA,,10,144,ALTA,FALSE,365,204,58,57,55,54,0.558904109589041,0.158904109589041,0.156164383561644,0.150684931506849,0.147945205479452,152,0,12,1
CEMADEN,261240601C,2018,SANHARÓ,PLUVIOMETRICA_AUTOMATICA,,60,24,BAIXA,TRUE,365,359,350,347,343,342,0.983561643835616,0.958904109589041,0.950684931506849,0.93972602739726,0.936986301369863,5,74,12,10
CEMADEN,261240601C,2019,SANHARÓ,PLUVIOMETRICA_AUTOMATICA,,60,24,BAIXA,TRUE,365,327,293,284,282,281,0.895890410958904,0.802739726027397,0.778082191780822,0.772602739726028,0.76986301369863,41,84,12,7
CEMADEN,261240601C,2020,SANHARÓ,PLUVIOMETRICA_AUTOMATICA,,60,24,BAIXA,TRUE,366,153,139,132,126,122,0.418032786885246,0.379781420765027,0.360655737704918,0.344262295081967,0.333333333333333,212,46,6,4
CEMADEN,261240601C,2023,SANHARÓ,PLUVIOMETRICA_AUTOMATICA,,60,24,BAIXA,TRUE,365,56,54,54,54,54,0.153424657534247,0.147945205479452,0.147945205479452,0.147945205479452,0.147945205479452,240,18,3,1
CEMADEN,261240601C,2024,SANHARÓ,PLUVIOMETRICA_AUTOMATICA,,60,24,BAIXA,TRUE,366,48,47,47,47,46,0.131147540983607,0.128415300546448,0.128415300546448,0.128415300546448,0.12568306010929,191,30,2,0
CEMADEN,261240602A,2017,SANHARO - APAC,PLUVIOMETRICA_AUTOMATICA,,60,24,ALTA,FALSE,365,33,31,31,24,6,0.0904109589041096,0.0849315068493151,0.0849315068493151,0.0657534246575342,0.0164383561643836,333,3,2,0
CEMADEN,261240602A,2018,SANHARO - APAC,PLUVIOMETRICA_AUTOMATICA,,60,24,BAIXA,TRUE,365,365,360,360,352,324,1,0.986301369863014,0.986301369863014,0.964383561643836,0.887671232876712,3,83,12,12
CEMADEN,261240602A,2019,SANHARO - APAC,PLUVIOMETRICA_AUTOMATICA,,60,24,BAIXA,TRUE,365,313,293,289,288,277,0.857534246575342,0.802739726027397,0.791780821917808,0.789041095890411,0.758904109589041,43,86,11,8
CEMADEN,261245501C,2018,SANTA CRUZ,PLUVIOMETRICA_AUTOMATICA,,60,24,BAIXA,FALSE,365,4,2,2,2,2,0.010958904109589,0.00547945205479452,0.00547945205479452,0.00547945205479452,0.00547945205479452,257,0,1,0
CEMADEN,261245501C,2019,SANTA CRUZ,PLUVIOMETRICA_AUTOMATICA,,60,24,MEDIA,FALSE,365,16,15,15,15,15,0.0438356164383562,0.0410958904109589,0.0410958904109589,0.0410958904109589,0.0410958904109589,207,1,2,0
CEMADEN,261245501C,2022,SANTA CRUZ,PLUVIOMETRICA_AUTOMATICA,,60,24,BAIXA,TRUE,365,41,40,40,40,39,0.112328767123288,0.10958904109589,0.10958904109589,0.10958904109589,0.106849315068493,168,9,2,1
CEMADEN,261247101A,2018,JATIUCA - APAC,PLUVIOMETRICA_AUTOMATICA,,60,24,BAIXA,TRUE,365,348,343,342,334,306,0.953424657534246,0.93972602739726,0.936986301369863,0.915068493150685,0.838356164383562,18,61,12,11
CEMADEN,261247101A,2019,JATIUCA - APAC,PLUVIOMETRICA_AUTOMATICA,,60,24,ALTA,FALSE,365,338,319,318,318,309,0.926027397260274,0.873972602739726,0.871232876712329,0.871232876712329,0.846575342465753,13,25,12,8
CEMADEN,261247101A,2020,JATIUCA - APAC,PLUVIOMETRICA_AUTOMATICA,,60,24,BAIXA,TRUE,366,60,0,0,0,0,0.163934426229508,0,0,0,0,366,0,4,0
CEMADEN,261247101A,2021,JATIUCA - APAC,PLUVIOMETRICA_AUTOMATICA,,60,24,BAIXA,TRUE,365,80,78,77,77,74,0.219178082191781,0.213698630136986,0.210958904109589,0.210958904109589,0.202739726027397,287,16,3,2
CEMADEN,261247101A,2022,JATIUCA - APAC,PLUVIOMETRICA_AUTOMATICA,,60,24,BAIXA,TRUE,365,79,71,71,71,65,0.216438356164384,0.194520547945205,0.194520547945205,0.194520547945205,0.178082191780822,254,6,4,1
CEMADEN,261247101A,2023,JATIUCA - APAC,PLUVIOMETRICA_AUTOMATICA,,60,24,BAIXA,TRUE,365,319,309,307,303,282,0.873972602739726,0.846575342465753,0.841095890410959,0.83013698630137,0.772602739726028,46,78,11,10
CEMADEN,261247101A,2024,JATIUCA - APAC,PLUVIOMETRICA_AUTOMATICA,,60,24,BAIXA,TRUE,366,366,359,355,355,340,1,0.980874316939891,0.969945355191257,0.969945355191257,0.92896174863388,3,85,12,12
CEMADEN,261247101A,2025,JATIUCA - APAC,PLUVIOMETRICA_AUTOMATICA,,60,24,BAIXA,TRUE,365,342,336,333,328,316,0.936986301369863,0.920547945205479,0.912328767123288,0.898630136986301,0.865753424657534,26,70,12,10
CEMADEN,261250501A,2017,SANTA CRUZ DO CAPIBARIBE - APAC,PLUVIOMETRICA_AUTOMATICA,,60,24,MEDIA,FALSE,365,26,25,25,22,12,0.0712328767123288,0.0684931506849315,0.0684931506849315,0.0602739726027397,0.0328767123287671,341,2,1,0
CEMADEN,261250501A,2018,SANTA CRUZ DO CAPIBARIBE - APAC,PLUVIOMETRICA_AUTOMATICA,,60,24,BAIXA,TRUE,365,365,362,360,341,320,1,0.991780821917808,0.986301369863014,0.934246575342466,0.876712328767123,5,64,12,11
CEMADEN,261250501A,2019,SANTA CRUZ DO CAPIBARIBE - APAC,PLUVIOMETRICA_AUTOMATICA,,60,24,BAIXA,TRUE,365,343,331,330,328,315,0.93972602739726,0.906849315068493,0.904109589041096,0.898630136986301,0.863013698630137,11,68,12,10
CEMADEN,261250501A,2020,SANTA CRUZ DO CAPIBARIBE - APAC,PLUVIOMETRICA_AUTOMATICA,,60,24,BAIXA,TRUE,366,366,363,358,353,327,1,0.991803278688525,0.978142076502732,0.96448087431694,0.89344262295082,3,77,12,12
CEMADEN,261250501A,2021,SANTA CRUZ DO CAPIBARIBE - APAC,PLUVIOMETRICA_AUTOMATICA,,60,24,ALTA,FALSE,365,353,256,225,195,152,0.967123287671233,0.701369863013699,0.616438356164384,0.534246575342466,0.416438356164384,29,32,12,4
CEMADEN,261250501A,2022,SANTA CRUZ DO CAPIBARIBE - APAC,PLUVIOMETRICA_AUTOMATICA,,60,24,BAIXA,TRUE,365,365,360,359,358,336,1,0.986301369863014,0.983561643835616,0.980821917808219,0.920547945205479,2,98,12,12
CEMADEN,261250501A,2023,SANTA CRUZ DO CAPIBARIBE - APAC,PLUVIOMETRICA_AUTOMATICA,,60,24,BAIXA,TRUE,365,343,317,315,314,303,0.93972602739726,0.868493150684932,0.863013698630137,0.86027397260274,0.83013698630137,46,78,12,10
CEMADEN,261250501A,2024,SANTA CRUZ DO CAPIBARIBE - APAC,PLUVIOMETRICA_AUTOMATICA,,60,24,ALTA,FALSE,366,321,231,230,224,218,0.877049180327869,0.631147540983607,0.628415300546448,0.612021857923497,0.595628415300546,93,39,12,6
CEMADEN,261250501A,2025,SANTA CRUZ DO CAPIBARIBE - APAC,PLUVIOMETRICA_AUTOMATICA,,60,24,BAIXA,TRUE,365,281,254,251,245,238,0.76986301369863,0.695890410958904,0.687671232876712,0.671232876712329,0.652054794520548,68,50,12,6
CEMADEN,261250501U,2017,SANTA CRUZ DO CAPIBARIBE,PLUVIOMETRICA_AUTOMATICA,,10,144,MEDIA,FALSE,365,14,3,2,1,1,0.0383561643835616,0.00821917808219178,0.00547945205479452,0.00273972602739726,0.00273972602739726,184,0,3,0
CEMADEN,261250501U,2018,SANTA CRUZ DO CAPIBARIBE,PLUVIOMETRICA_AUTOMATICA,,60,24,ALTA,FALSE,365,267,252,252,252,251,0.731506849315069,0.69041095890411,0.69041095890411,0.69041095890411,0.687671232876712,34,29,11,6
CEMADEN,261250501U,2019,SANTA CRUZ DO CAPIBARIBE,PLUVIOMETRICA_AUTOMATICA,,60,24,BAIXA,TRUE,365,154,150,149,148,146,0.421917808219178,0.410958904109589,0.408219178082192,0.405479452054795,0.4,206,24,6,4
CEMADEN,261250501U,2021,SANTA CRUZ DO CAPIBARIBE,PLUVIOMETRICA_AUTOMATICA,,,1,BAIXA,FALSE,365,2,2,2,2,2,0.00547945205479452,0.00547945205479452,0.00547945205479452,0.00547945205479452,0.00547945205479452,253,0,2,0
CEMADEN,261250501U,2022,SANTA CRUZ DO CAPIBARIBE,PLUVIOMETRICA_AUTOMATICA,,60,24,BAIXA,TRUE,365,31,30,30,30,30,0.0849315068493151,0.0821917808219178,0.0821917808219178,0.0821917808219178,0.0821917808219178,312,7,2,0
CEMADEN,261250501U,2023,SANTA CRUZ DO CAPIBARIBE,PLUVIOMETRICA_AUTOMATICA,,60,24,BAIXA,TRUE,365,319,317,317,317,316,0.873972602739726,0.868493150684932,0.868493150684932,0.868493150684932,0.865753424657534,47,75,11,10
CEMADEN,261250501U,2024,SANTA CRUZ DO CAPIBARIBE,PLUVIOMETRICA_AUTOMATICA,,60,24,BAIXA,TRUE,366,366,366,366,366,365,1,1,1,1,0.997267759562842,0,69,12,12
CEMADEN,261250501U,2025,SANTA CRUZ DO CAPIBARIBE,PLUVIOMETRICA_AUTOMATICA,,60,24,BAIXA,TRUE,365,306,305,305,302,301,0.838356164383562,0.835616438356164,0.835616438356164,0.827397260273973,0.824657534246575,61,54,11,9
CEMADEN,261255401A,2023,Santa Filomena [EREN] - APAC,PLUVIOMETRICA_AUTOMATICA,,,1,BAIXA,FALSE,365,1,1,1,1,1,0.00273972602739726,0.00273972602739726,0.00273972602739726,0.00273972602739726,0.00273972602739726,226,0,1,0
CEMADEN,261255401A,2024,Santa Filomena [EREN] - APAC,PLUVIOMETRICA_AUTOMATICA,,60,24,ALTA,FALSE,366,166,158,157,156,150,0.453551912568306,0.431693989071038,0.42896174863388,0.426229508196721,0.409836065573771,184,1,6,5
CEMADEN,261255401A,2025,Santa Filomena [EREN] - APAC,PLUVIOMETRICA_AUTOMATICA,,60,24,ALTA,FALSE,365,365,362,360,357,347,1,0.991780821917808,0.986301369863014,0.978082191780822,0.950684931506849,2,16,12,12
CEMADEN,261255401C,2022,SANTA FILOMENA,PLUVIOMETRICA_AUTOMATICA,,60,24,BAIXA,TRUE,365,132,128,128,128,115,0.361643835616438,0.350684931506849,0.350684931506849,0.350684931506849,0.315068493150685,166,23,7,3
CEMADEN,261255401C,2023,SANTA FILOMENA,PLUVIOMETRICA_AUTOMATICA,,60,24,ALTA,FALSE,365,138,135,135,135,130,0.378082191780822,0.36986301369863,0.36986301369863,0.36986301369863,0.356164383561644,139,12,6,4
CEMADEN,261255401C,2024,SANTA FILOMENA,PLUVIOMETRICA_AUTOMATICA,,60,24,ALTA,FALSE,366,110,108,107,106,97,0.300546448087432,0.295081967213115,0.292349726775956,0.289617486338798,0.265027322404372,228,8,5,3
CEMADEN,261260401C,2022,SANTA MARIA DA BOA VISTA,PLUVIOMETRICA_AUTOMATICA,,60,24,ALTA,FALSE,365,119,117,117,117,112,0.326027397260274,0.32054794520548,0.32054794520548,0.32054794520548,0.306849315068493,208,10,5,3
CEMADEN,261260401C,2023,SANTA MARIA DA BOA VISTA,PLUVIOMETRICA_AUTOMATICA,,60,24,ALTA,FALSE,365,93,92,92,92,92,0.254794520547945,0.252054794520548,0.252054794520548,0.252054794520548,0.252054794520548,273,5,4,3
CEMADEN,261260401C,2024,SANTA MARIA DA BOA VISTA,PLUVIOMETRICA_AUTOMATICA,,60,24,BAIXA,TRUE,366,366,366,366,366,364,1,1,1,1,0.994535519125683,0,64,12,12
CEMADEN,261260401C,2025,SANTA MARIA DA BOA VISTA,PLUVIOMETRICA_AUTOMATICA,,60,24,ALTA,FALSE,365,365,365,365,364,363,1,1,1,0.997260273972603,0.994520547945205,1,28,12,12
CEMADEN,261270301A,2017,SANTA MARIA DO CAMBUCA - APAC,PLUVIOMETRICA_AUTOMATICA,,,1,BAIXA,FALSE,365,1,1,1,1,1,0.00273972602739726,0.00273972602739726,0.00273972602739726,0.00273972602739726,0.00273972602739726,349,0,1,0
CEMADEN,261270301A,2018,SANTA MARIA DO CAMBUCA - APAC,PLUVIOMETRICA_AUTOMATICA,,10,144,BAIXA,TRUE,365,36,0,0,0,0,0.0986301369863014,0,0,0,0,365,0,4,0
CEMADEN,261270301A,2019,SANTA MARIA DO CAMBUCA - APAC,PLUVIOMETRICA_AUTOMATICA,,60,24,BAIXA,TRUE,365,228,177,160,130,90,0.624657534246575,0.484931506849315,0.438356164383562,0.356164383561644,0.246575342465753,122,38,9,0
CEMADEN,261270301A,2020,SANTA MARIA DO CAMBUCA - APAC,PLUVIOMETRICA_AUTOMATICA,,60,24,ALTA,FALSE,366,361,284,252,212,119,0.986338797814208,0.775956284153005,0.688524590163934,0.579234972677596,0.325136612021858,21,31,12,3
CEMADEN,261270301A,2021,SANTA MARIA DO CAMBUCA - APAC,PLUVIOMETRICA_AUTOMATICA,,60,24,BAIXA,TRUE,365,217,183,171,156,117,0.594520547945206,0.501369863013699,0.468493150684932,0.427397260273973,0.32054794520548,110,41,10,2
CEMADEN,261270301A,2022,SANTA MARIA DO CAMBUCA - APAC,PLUVIOMETRICA_AUTOMATICA,,60,24,BAIXA,TRUE,365,122,120,118,117,117,0.334246575342466,0.328767123287671,0.323287671232877,0.32054794520548,0.32054794520548,244,22,4,4
CEMADEN,261270301A,2023,SANTA MARIA DO CAMBUCA - APAC,PLUVIOMETRICA_AUTOMATICA,,60,24,BAIXA,TRUE,365,365,365,364,363,342,1,1,0.997260273972603,0.994520547945205,0.936986301369863,1,113,12,12
CEMADEN,261270301A,2024,SANTA MARIA DO CAMBUCA - APAC,PLUVIOMETRICA_AUTOMATICA,,60,24,BAIXA,TRUE,366,366,364,364,364,362,1,0.994535519125683,0.994535519125683,0.994535519125683,0.989071038251366,2,102,12,12
CEMADEN,261270301A,2025,SANTA MARIA DO CAMBUCA - APAC,PLUVIOMETRICA_AUTOMATICA,,60,24,BAIXA,TRUE,365,365,365,365,363,359,1,1,1,0.994520547945205,0.983561643835616,1,96,12,12
CEMADEN,261280201A,2024,Santa Terezinha [Posto de Saúde] - APAC,PLUVIOMETRICA_AUTOMATICA,,60,24,ALTA,FALSE,366,125,124,124,124,123,0.341530054644809,0.33879781420765,0.33879781420765,0.33879781420765,0.336065573770492,242,3,5,4
CEMADEN,261280201A,2025,Santa Terezinha [Posto de Saúde] - APAC,PLUVIOMETRICA_AUTOMATICA,,60,24,BAIXA,TRUE,365,365,365,365,364,360,1,1,1,0.997260273972603,0.986301369863014,1,67,12,12
CEMADEN,261280201C,2018,SANTA TEREZINHA,PLUVIOMETRICA_AUTOMATICA,,60,24,ALTA,FALSE,365,220,52,40,28,18,0.602739726027397,0.142465753424658,0.10958904109589,0.0767123287671233,0.0493150684931507,77,14,9,0
CEMADEN,261280201C,2022,SANTA TEREZINHA,PLUVIOMETRICA_AUTOMATICA,,60,24,BAIXA,TRUE,365,1,0,0,0,0,0.00273972602739726,0,0,0,0,365,0,1,0
CEMADEN,261280201C,2023,SANTA TEREZINHA,PLUVIOMETRICA_AUTOMATICA,,60,24,BAIXA,TRUE,365,2,0,0,0,0,0.00547945205479452,0,0,0,0,365,0,1,0
CEMADEN,261290101A,2017,Centro,PLUVIOMETRICA_AUTOMATICA,,60,24,BAIXA,TRUE,365,365,363,363,362,360,1,0.994520547945205,0.994520547945205,0.991780821917808,0.986301369863014,2,185,12,12
CEMADEN,261290101A,2018,Centro,PLUVIOMETRICA_AUTOMATICA,,60,24,BAIXA,TRUE,365,365,362,362,361,350,1,0.991780821917808,0.991780821917808,0.989041095890411,0.958904109589041,2,128,12,12
CEMADEN,261290101A,2019,Centro,PLUVIOMETRICA_AUTOMATICA,,60,24,BAIXA,TRUE,365,354,334,330,324,309,0.96986301369863,0.915068493150685,0.904109589041096,0.887671232876712,0.846575342465753,11,131,12,9
CEMADEN,261290101A,2020,Centro,PLUVIOMETRICA_AUTOMATICA,,60,24,BAIXA,TRUE,366,366,351,344,332,305,1,0.959016393442623,0.939890710382514,0.907103825136612,0.833333333333333,3,138,12,10
CEMADEN,261290101A,2021,Centro,PLUVIOMETRICA_AUTOMATICA,,60,24,BAIXA,TRUE,365,365,363,362,360,328,1,0.994520547945205,0.991780821917808,0.986301369863014,0.898630136986301,2,156,12,12
CEMADEN,261290101A,2022,Centro,PLUVIOMETRICA_AUTOMATICA,,60,24,BAIXA,TRUE,365,365,358,356,355,342,1,0.980821917808219,0.975342465753425,0.972602739726027,0.936986301369863,4,183,12,12
CEMADEN,261290101A,2023,Centro,PLUVIOMETRICA_AUTOMATICA,,60,24,BAIXA,TRUE,365,365,364,364,364,357,1,0.997260273972603,0.997260273972603,0.997260273972603,0.978082191780822,1,176,12,12
CEMADEN,261290101A,2024,Centro,PLUVIOMETRICA_AUTOMATICA,,60,24,BAIXA,TRUE,366,366,364,364,364,363,1,0.994535519125683,0.994535519125683,0.994535519125683,0.991803278688525,2,168,12,12
CEMADEN,261290101A,2025,Centro,PLUVIOMETRICA_AUTOMATICA,,60,24,BAIXA,TRUE,365,355,354,353,353,348,0.972602739726027,0.96986301369863,0.967123287671233,0.967123287671233,0.953424657534246,11,166,12,11
CEMADEN,261290102A,2017,SAO BENEDITO DO SUL - APAC,PLUVIOMETRICA_AUTOMATICA,,60,24,BAIXA,TRUE,365,37,36,35,26,11,0.101369863013699,0.0986301369863014,0.0958904109589041,0.0712328767123288,0.0301369863013699,328,4,2,0
CEMADEN,261290102A,2018,SAO BENEDITO DO SUL - APAC,PLUVIOMETRICA_AUTOMATICA,,60,24,BAIXA,TRUE,365,365,350,344,329,295,1,0.958904109589041,0.942465753424658,0.901369863013699,0.808219178082192,3,130,12,9
CEMADEN,261290102A,2019,SAO BENEDITO DO SUL - APAC,PLUVIOMETRICA_AUTOMATICA,,60,24,BAIXA,TRUE,365,342,317,312,311,295,0.936986301369863,0.868493150684932,0.854794520547945,0.852054794520548,0.808219178082192,13,126,12,9
CEMADEN,261290102A,2020,SAO BENEDITO DO SUL - APAC,PLUVIOMETRICA_AUTOMATICA,,60,24,BAIXA,TRUE,366,241,198,196,193,189,0.658469945355191,0.540983606557377,0.53551912568306,0.527322404371585,0.516393442622951,118,186,9,5
CEMADEN,261290102A,2021,SAO BENEDITO DO SUL - APAC,PLUVIOMETRICA_AUTOMATICA,,60,24,BAIXA,TRUE,365,168,114,99,79,61,0.46027397260274,0.312328767123288,0.271232876712329,0.216438356164384,0.167123287671233,204,37,6,0
CEMADEN,261290102A,2022,SAO BENEDITO DO SUL - APAC,PLUVIOMETRICA_AUTOMATICA,,60,24,BAIXA,TRUE,365,17,16,16,16,16,0.0465753424657534,0.0438356164383562,0.0438356164383562,0.0438356164383562,0.0438356164383562,349,4,1,0
CEMADEN,261300801C,2017,SAO BENTO DO UNA,PLUVIOMETRICA_AUTOMATICA,,10,144,ALTA,FALSE,365,161,70,67,66,65,0.441095890410959,0.191780821917808,0.183561643835616,0.180821917808219,0.178082191780822,155,0,9,2
CEMADEN,261300801C,2018,SAO BENTO DO UNA,PLUVIOMETRICA_AUTOMATICA,,60,24,BAIXA,TRUE,365,328,319,319,319,319,0.898630136986301,0.873972602739726,0.873972602739726,0.873972602739726,0.873972602739726,28,77,12,10
CEMADEN,261300801C,2019,SAO BENTO DO UNA,PLUVIOMETRICA_AUTOMATICA,,60,24,ALTA,FALSE,365,230,193,188,185,183,0.63013698630137,0.528767123287671,0.515068493150685,0.506849315068493,0.501369863013699,81,46,10,5
CEMADEN,261300801C,2020,SAO BENTO DO UNA,PLUVIOMETRICA_AUTOMATICA,,60,24,BAIXA,TRUE,366,318,288,281,279,275,0.868852459016394,0.786885245901639,0.76775956284153,0.762295081967213,0.751366120218579,63,88,12,8
CEMADEN,261300801C,2021,SAO BENTO DO UNA,PLUVIOMETRICA_AUTOMATICA,,60,24,BAIXA,TRUE,365,361,349,339,326,321,0.989041095890411,0.956164383561644,0.928767123287671,0.893150684931507,0.879452054794521,10,99,12,9
CEMADEN,261300801C,2022,SAO BENTO DO UNA,PLUVIOMETRICA_AUTOMATICA,,60,24,BAIXA,TRUE,365,365,306,291,279,266,1,0.838356164383562,0.797260273972603,0.764383561643836,0.728767123287671,51,120,12,8
CEMADEN,261300801C,2023,SAO BENTO DO UNA,PLUVIOMETRICA_AUTOMATICA,,60,24,BAIXA,TRUE,365,361,355,355,355,354,0.989041095890411,0.972602739726027,0.972602739726027,0.972602739726027,0.96986301369863,4,113,12,11
CEMADEN,261300801C,2024,SAO BENTO DO UNA,PLUVIOMETRICA_AUTOMATICA,,60,24,ALTA,FALSE,366,317,84,77,74,72,0.866120218579235,0.229508196721311,0.210382513661202,0.202185792349727,0.19672131147541,224,21,12,2
CEMADEN,261300801C,2025,SAO BENTO DO UNA,PLUVIOMETRICA_AUTOMATICA,,60,24,ALTA,FALSE,365,160,80,79,79,60,0.438356164383562,0.219178082191781,0.216438356164384,0.216438356164384,0.164383561643836,212,1,7,2
CEMADEN,261310701A,2017,SAO CAITANO - APAC,PLUVIOMETRICA_AUTOMATICA,,60,24,ALTA,FALSE,365,33,31,31,29,18,0.0904109589041096,0.0849315068493151,0.0849315068493151,0.0794520547945206,0.0493150684931507,334,2,2,1
CEMADEN,261310701A,2018,SAO CAITANO - APAC,PLUVIOMETRICA_AUTOMATICA,,60,24,BAIXA,TRUE,365,365,361,359,356,323,1,0.989041095890411,0.983561643835616,0.975342465753425,0.884931506849315,3,94,12,12
CEMADEN,261310701A,2019,SAO CAITANO - APAC,PLUVIOMETRICA_AUTOMATICA,,60,24,BAIXA,TRUE,365,352,339,338,338,327,0.964383561643836,0.928767123287671,0.926027397260274,0.926027397260274,0.895890410958904,11,99,12,10
CEMADEN,261310701A,2020,SAO CAITANO - APAC,PLUVIOMETRICA_AUTOMATICA,,60,24,BAIXA,TRUE,366,352,344,342,340,330,0.961748633879781,0.939890710382514,0.934426229508197,0.92896174863388,0.901639344262295,22,115,12,11
CEMADEN,261310701A,2021,SAO CAITANO - APAC,PLUVIOMETRICA_AUTOMATICA,,60,24,BAIXA,TRUE,365,195,191,190,187,174,0.534246575342466,0.523287671232877,0.520547945205479,0.512328767123288,0.476712328767123,172,41,8,6
CEMADEN,261310701A,2022,SAO CAITANO - APAC,PLUVIOMETRICA_AUTOMATICA,,60,24,BAIXA,TRUE,365,365,362,361,358,345,1,0.991780821917808,0.989041095890411,0.980821917808219,0.945205479452055,2,123,12,12
CEMADEN,261310701A,2023,SAO CAITANO - APAC,PLUVIOMETRICA_AUTOMATICA,,60,24,BAIXA,TRUE,365,365,361,361,361,350,1,0.989041095890411,0.989041095890411,0.989041095890411,0.958904109589041,2,129,12,12
CEMADEN,261310701A,2024,SAO CAITANO - APAC,PLUVIOMETRICA_AUTOMATICA,,60,24,BAIXA,TRUE,366,344,326,326,323,319,0.939890710382514,0.890710382513661,0.890710382513661,0.882513661202186,0.871584699453552,13,103,12,9
CEMADEN,261310701A,2025,SAO CAITANO - APAC,PLUVIOMETRICA_AUTOMATICA,,60,24,BAIXA,TRUE,365,211,207,206,205,203,0.578082191780822,0.567123287671233,0.564383561643836,0.561643835616438,0.556164383561644,154,49,9,7
CEMADEN,261310702A,2025,G2-261310702A,PLUVIOMETRICA_AUTOMATICA,,60,24,BAIXA,TRUE,365,121,111,110,106,79,0.331506849315069,0.304109589041096,0.301369863013699,0.29041095890411,0.216438356164384,245,13,4,3
CEMADEN,261310703A,2025,G2-261310703A,PLUVIOMETRICA_AUTOMATICA,,60,24,ALTA,FALSE,365,121,120,120,118,106,0.331506849315069,0.328767123287671,0.328767123287671,0.323287671232877,0.29041095890411,245,12,4,4
CEMADEN,261320601A,2017,SAO JOAO - APAC,PLUVIOMETRICA_AUTOMATICA,,60,24,BAIXA,TRUE,365,27,25,25,13,5,0.073972602739726,0.0684931506849315,0.0684931506849315,0.0356164383561644,0.0136986301369863,339,3,1,0
CEMADEN,261320601A,2018,SAO JOAO - APAC,PLUVIOMETRICA_AUTOMATICA,,60,24,BAIXA,TRUE,365,365,363,362,354,327,1,0.994520547945205,0.991780821917808,0.96986301369863,0.895890410958904,2,108,12,11
CEMADEN,261320601A,2019,SAO JOAO - APAC,PLUVIOMETRICA_AUTOMATICA,,60,24,BAIXA,TRUE,365,352,341,338,337,328,0.964383561643836,0.934246575342466,0.926027397260274,0.923287671232877,0.898630136986301,11,101,12,10
CEMADEN,261320601A,2020,SAO JOAO - APAC,PLUVIOMETRICA_AUTOMATICA,,60,24,BAIXA,TRUE,366,224,222,222,220,218,0.612021857923497,0.60655737704918,0.60655737704918,0.601092896174863,0.595628415300546,143,112,8,7
CEMADEN,261320601A,2021,SAO JOAO - APAC,PLUVIOMETRICA_AUTOMATICA,,60,24,BAIXA,TRUE,365,145,97,97,96,95,0.397260273972603,0.265753424657534,0.265753424657534,0.263013698630137,0.26027397260274,220,34,5,2
CEMADEN,261320601A,2022,SAO JOAO - APAC,PLUVIOMETRICA_AUTOMATICA,,60,24,ALTA,FALSE,365,104,42,41,40,40,0.284931506849315,0.115068493150685,0.112328767123288,0.10958904109589,0.10958904109589,214,6,6,1
CEMADEN,261320601A,2023,SAO JOAO - APAC,PLUVIOMETRICA_AUTOMATICA,,60,24,BAIXA,TRUE,365,322,320,320,318,306,0.882191780821918,0.876712328767123,0.876712328767123,0.871232876712329,0.838356164383562,44,122,11,10
CEMADEN,261320601A,2024,SAO JOAO - APAC,PLUVIOMETRICA_AUTOMATICA,,60,24,BAIXA,TRUE,366,366,362,362,362,349,1,0.989071038251366,0.989071038251366,0.989071038251366,0.953551912568306,2,132,12,12
CEMADEN,261320601A,2025,SAO JOAO - APAC,PLUVIOMETRICA_AUTOMATICA,,60,24,BAIXA,TRUE,365,365,364,364,361,346,1,0.997260273972603,0.997260273972603,0.989041095890411,0.947945205479452,2,123,12,12
CEMADEN,261330501A,2017,Barra do Riachão,PLUVIOMETRICA_AUTOMATICA,,60,24,BAIXA,TRUE,365,362,358,358,358,351,0.991780821917808,0.980821917808219,0.980821917808219,0.980821917808219,0.961643835616438,4,180,12,12
CEMADEN,261330501A,2018,Barra do Riachão,PLUVIOMETRICA_AUTOMATICA,,60,24,BAIXA,TRUE,365,365,363,363,362,349,1,0.994520547945205,0.994520547945205,0.991780821917808,0.956164383561644,2,123,12,12
CEMADEN,261330501A,2019,Barra do Riachão,PLUVIOMETRICA_AUTOMATICA,,60,24,BAIXA,TRUE,365,349,326,323,320,299,0.956164383561644,0.893150684931507,0.884931506849315,0.876712328767123,0.819178082191781,14,137,12,8
CEMADEN,261330501A,2020,Barra do Riachão,PLUVIOMETRICA_AUTOMATICA,,60,24,ALTA,FALSE,366,115,71,68,64,49,0.314207650273224,0.193989071038251,0.185792349726776,0.174863387978142,0.133879781420765,296,9,5,2
CEMADEN,261330501A,2021,Barra do Riachão,PLUVIOMETRICA_AUTOMATICA,,60,24,BAIXA,TRUE,365,362,356,356,354,328,0.991780821917808,0.975342465753425,0.975342465753425,0.96986301369863,0.898630136986301,7,141,12,11
CEMADEN,261330501A,2022,Barra do Riachão,PLUVIOMETRICA_AUTOMATICA,,60,24,BAIXA,TRUE,365,209,201,200,200,199,0.572602739726027,0.550684931506849,0.547945205479452,0.547945205479452,0.545205479452055,155,102,7,7
CEMADEN,261330501A,2023,Barra do Riachão,PLUVIOMETRICA_AUTOMATICA,,60,24,BAIXA,TRUE,365,60,54,53,52,46,0.164383561643836,0.147945205479452,0.145205479452055,0.142465753424658,0.126027397260274,304,12,3,1
CEMADEN,261330501A,2024,Barra do Riachão,PLUVIOMETRICA_AUTOMATICA,,60,24,BAIXA,TRUE,366,122,100,100,97,95,0.333333333333333,0.273224043715847,0.273224043715847,0.265027322404372,0.259562841530055,226,27,6,3
CEMADEN,261330501U,2017,SAO JOAQUIM DO MONTE,PLUVIOMETRICA_AUTOMATICA,,10,144,ALTA,FALSE,365,69,29,29,29,21,0.189041095890411,0.0794520547945206,0.0794520547945206,0.0794520547945206,0.0575342465753425,210,0,5,0
CEMADEN,261330501U,2018,SAO JOAQUIM DO MONTE,PLUVIOMETRICA_AUTOMATICA,,60,24,BAIXA,TRUE,365,109,97,97,97,97,0.298630136986301,0.265753424657534,0.265753424657534,0.265753424657534,0.265753424657534,139,32,7,2
CEMADEN,261330501U,2019,SAO JOAQUIM DO MONTE,PLUVIOMETRICA_AUTOMATICA,,60,24,BAIXA,TRUE,365,144,136,136,135,135,0.394520547945205,0.372602739726027,0.372602739726027,0.36986301369863,0.36986301369863,96,77,6,3
CEMADEN,261330501U,2020,SAO JOAQUIM DO MONTE,PLUVIOMETRICA_AUTOMATICA,,60,24,BAIXA,TRUE,366,113,107,107,107,107,0.308743169398907,0.292349726775956,0.292349726775956,0.292349726775956,0.292349726775956,104,62,7,2
CEMADEN,261330501U,2021,SAO JOAQUIM DO MONTE,PLUVIOMETRICA_AUTOMATICA,,60,24,BAIXA,TRUE,365,197,196,196,196,195,0.53972602739726,0.536986301369863,0.536986301369863,0.536986301369863,0.534246575342466,152,67,8,6
CEMADEN,261330501U,2022,SAO JOAQUIM DO MONTE,PLUVIOMETRICA_AUTOMATICA,,60,24,BAIXA,TRUE,365,197,191,191,190,189,0.53972602739726,0.523287671232877,0.523287671232877,0.520547945205479,0.517808219178082,96,128,8,6
CEMADEN,261330501U,2023,SAO JOAQUIM DO MONTE,PLUVIOMETRICA_AUTOMATICA,,60,24,BAIXA,TRUE,365,262,256,256,255,255,0.717808219178082,0.701369863013699,0.701369863013699,0.698630136986301,0.698630136986301,65,66,11,7
CEMADEN,261330501U,2024,SAO JOAQUIM DO MONTE,PLUVIOMETRICA_AUTOMATICA,,60,24,BAIXA,TRUE,366,223,217,217,215,215,0.609289617486339,0.592896174863388,0.592896174863388,0.587431693989071,0.587431693989071,66,92,11,7
CEMADEN,261330501U,2025,SAO JOAQUIM DO MONTE,PLUVIOMETRICA_AUTOMATICA,,60,24,BAIXA,TRUE,365,212,187,186,184,182,0.580821917808219,0.512328767123288,0.50958904109589,0.504109589041096,0.498630136986301,63,97,10,5
CEMADEN,261330502A,2017,SAO JOAQUIM DO MONTE - APAC,PLUVIOMETRICA_AUTOMATICA,,60,24,ALTA,FALSE,365,35,32,32,31,18,0.0958904109589041,0.0876712328767123,0.0876712328767123,0.0849315068493151,0.0493150684931507,332,2,2,1
CEMADEN,261330502A,2018,SAO JOAQUIM DO MONTE - APAC,PLUVIOMETRICA_AUTOMATICA,,60,24,BAIXA,TRUE,365,365,362,361,353,332,1,0.991780821917808,0.989041095890411,0.967123287671233,0.90958904109589,2,133,12,12
CEMADEN,261330502A,2019,SAO JOAQUIM DO MONTE - APAC,PLUVIOMETRICA_AUTOMATICA,,60,24,BAIXA,TRUE,365,354,343,342,340,327,0.96986301369863,0.93972602739726,0.936986301369863,0.931506849315068,0.895890410958904,11,130,12,11
CEMADEN,261330502A,2020,SAO JOAQUIM DO MONTE - APAC,PLUVIOMETRICA_AUTOMATICA,,60,24,BAIXA,TRUE,366,328,321,318,300,258,0.896174863387978,0.877049180327869,0.868852459016394,0.819672131147541,0.704918032786885,39,136,11,8
CEMADEN,261330502A,2021,SAO JOAQUIM DO MONTE - APAC,PLUVIOMETRICA_AUTOMATICA,,60,24,BAIXA,TRUE,365,7,5,5,5,5,0.0191780821917808,0.0136986301369863,0.0136986301369863,0.0136986301369863,0.0136986301369863,216,5,1,0
CEMADEN,261330502A,2022,SAO JOAQUIM DO MONTE - APAC,PLUVIOMETRICA_AUTOMATICA,,60,24,BAIXA,TRUE,365,110,108,107,106,104,0.301369863013699,0.295890410958904,0.293150684931507,0.29041095890411,0.284931506849315,256,29,4,3
CEMADEN,261330502A,2023,SAO JOAQUIM DO MONTE - APAC,PLUVIOMETRICA_AUTOMATICA,,60,24,BAIXA,TRUE,365,333,325,324,324,315,0.912328767123288,0.89041095890411,0.887671232876712,0.887671232876712,0.863013698630137,40,132,12,10
CEMADEN,261330502A,2024,SAO JOAQUIM DO MONTE - APAC,PLUVIOMETRICA_AUTOMATICA,,60,24,BAIXA,TRUE,366,319,291,289,282,276,0.871584699453552,0.795081967213115,0.789617486338798,0.770491803278689,0.754098360655738,41,105,12,7
CEMADEN,261330502A,2025,SAO JOAQUIM DO MONTE - APAC,PLUVIOMETRICA_AUTOMATICA,,60,24,BAIXA,TRUE,365,290,267,265,263,258,0.794520547945206,0.731506849315069,0.726027397260274,0.72054794520548,0.706849315068493,64,120,11,8
CEMADEN,261340401A,2017,SAO JOSE DA COROA GRANDE - APAC,PLUVIOMETRICA_AUTOMATICA,,60,24,BAIXA,TRUE,365,13,12,12,9,6,0.0356164383561644,0.0328767123287671,0.0328767123287671,0.0246575342465753,0.0164383561643836,353,3,1,0
CEMADEN,261340401A,2018,SAO JOSE DA COROA GRANDE - APAC,PLUVIOMETRICA_AUTOMATICA,,60,24,BAIXA,TRUE,365,365,362,361,355,335,1,0.991780821917808,0.989041095890411,0.972602739726027,0.917808219178082,2,160,12,12
CEMADEN,261340401A,2019,SAO JOSE DA COROA GRANDE - APAC,PLUVIOMETRICA_AUTOMATICA,,60,24,BAIXA,TRUE,365,355,339,337,337,327,0.972602739726027,0.928767123287671,0.923287671232877,0.923287671232877,0.895890410958904,11,152,12,9
CEMADEN,261340401A,2020,SAO JOSE DA COROA GRANDE - APAC,PLUVIOMETRICA_AUTOMATICA,,60,24,BAIXA,TRUE,366,353,342,340,339,322,0.96448087431694,0.934426229508197,0.92896174863388,0.926229508196721,0.879781420765027,23,135,12,11
CEMADEN,261340401A,2021,SAO JOSE DA COROA GRANDE - APAC,PLUVIOMETRICA_AUTOMATICA,,60,24,BAIXA,TRUE,365,137,126,124,118,113,0.375342465753425,0.345205479452055,0.33972602739726,0.323287671232877,0.30958904109589,201,52,7,3
CEMADEN,261340401A,2022,SAO JOSE DA COROA GRANDE - APAC,PLUVIOMETRICA_AUTOMATICA,,60,24,BAIXA,TRUE,365,274,187,183,179,173,0.750684931506849,0.512328767123288,0.501369863013699,0.49041095890411,0.473972602739726,76,99,11,4
CEMADEN,261340401A,2023,SAO JOSE DA COROA GRANDE - APAC,PLUVIOMETRICA_AUTOMATICA,,60,24,BAIXA,TRUE,365,338,329,326,322,307,0.926027397260274,0.901369863013699,0.893150684931507,0.882191780821918,0.841095890410959,33,159,12,11
CEMADEN,261340401A,2024,SAO JOSE DA COROA GRANDE - APAC,PLUVIOMETRICA_AUTOMATICA,,60,24,BAIXA,TRUE,366,364,332,332,323,318,0.994535519125683,0.907103825136612,0.907103825136612,0.882513661202186,0.868852459016394,6,125,12,10
CEMADEN,261340401A,2025,SAO JOSE DA COROA GRANDE - APAC,PLUVIOMETRICA_AUTOMATICA,,60,24,BAIXA,TRUE,365,365,319,293,273,243,1,0.873972602739726,0.802739726027397,0.747945205479452,0.665753424657534,16,135,12,8
CEMADEN,261350301A,2018,SAO JOSE DO BELMONTE  - APAC,PLUVIOMETRICA_AUTOMATICA,,60,24,BAIXA,TRUE,365,344,339,337,331,303,0.942465753424658,0.928767123287671,0.923287671232877,0.906849315068493,0.83013698630137,24,53,12,11
CEMADEN,261350301A,2019,SAO JOSE DO BELMONTE  - APAC,PLUVIOMETRICA_AUTOMATICA,,60,24,BAIXA,TRUE,365,348,332,329,328,317,0.953424657534246,0.90958904109589,0.901369863013699,0.898630136986301,0.868493150684932,12,56,12,9
CEMADEN,261350301A,2020,SAO JOSE DO BELMONTE  - APAC,PLUVIOMETRICA_AUTOMATICA,,60,24,BAIXA,TRUE,366,41,35,33,32,26,0.112021857923497,0.0956284153005464,0.0901639344262295,0.0874316939890711,0.0710382513661202,327,12,2,0
CEMADEN,261350301A,2021,SAO JOSE DO BELMONTE  - APAC,PLUVIOMETRICA_AUTOMATICA,,60,24,BAIXA,FALSE,365,4,2,2,2,1,0.010958904109589,0.00547945205479452,0.00547945205479452,0.00547945205479452,0.00273972602739726,288,0,1,0
CEMADEN,261350301A,2023,SAO JOSE DO BELMONTE  - APAC,PLUVIOMETRICA_AUTOMATICA,,60,24,ALTA,FALSE,365,114,110,110,110,91,0.312328767123288,0.301369863013699,0.301369863013699,0.301369863013699,0.249315068493151,248,8,4,3
CEMADEN,261350301A,2024,SAO JOSE DO BELMONTE  - APAC,PLUVIOMETRICA_AUTOMATICA,,60,24,BAIXA,TRUE,366,331,300,299,299,291,0.904371584699454,0.819672131147541,0.816939890710383,0.816939890710383,0.795081967213115,31,58,12,10
CEMADEN,261350301A,2025,SAO JOSE DO BELMONTE  - APAC,PLUVIOMETRICA_AUTOMATICA,,60,24,BAIXA,TRUE,365,303,302,301,300,291,0.83013698630137,0.827397260273973,0.824657534246575,0.821917808219178,0.797260273972603,63,66,10,10
CEMADEN,261350301C,2017,SAO JOSE DO BELMONTE,PLUVIOMETRICA_AUTOMATICA,,10,144,MEDIA,FALSE,365,17,9,9,8,4,0.0465753424657534,0.0246575342465753,0.0246575342465753,0.0219178082191781,0.010958904109589,297,0,3,0
CEMADEN,261350302A,2018,BOM NOME - APAC,PLUVIOMETRICA_AUTOMATICA,,60,24,BAIXA,TRUE,365,342,332,330,328,307,0.936986301369863,0.90958904109589,0.904109589041096,0.898630136986301,0.841095890410959,18,50,12,10
CEMADEN,261350302A,2019,BOM NOME - APAC,PLUVIOMETRICA_AUTOMATICA,,60,24,BAIXA,TRUE,365,349,331,329,329,312,0.956164383561644,0.906849315068493,0.901369863013699,0.901369863013699,0.854794520547945,12,52,12,9
CEMADEN,261350302A,2020,BOM NOME - APAC,PLUVIOMETRICA_AUTOMATICA,,60,24,BAIXA,TRUE,366,322,297,279,261,240,0.879781420765027,0.811475409836066,0.762295081967213,0.713114754098361,0.655737704918033,41,81,11,8
CEMADEN,261350302A,2021,BOM NOME - APAC,PLUVIOMETRICA_AUTOMATICA,,60,24,BAIXA,FALSE,365,7,2,2,1,1,0.0191780821917808,0.00547945205479452,0.00547945205479452,0.00273972602739726,0.00273972602739726,288,0,1,0
CEMADEN,261350302A,2023,BOM NOME - APAC,PLUVIOMETRICA_AUTOMATICA,,60,24,BAIXA,TRUE,365,316,302,300,296,274,0.865753424657534,0.827397260273973,0.821917808219178,0.810958904109589,0.750684931506849,47,59,11,9
CEMADEN,261350302A,2024,BOM NOME - APAC,PLUVIOMETRICA_AUTOMATICA,,60,24,BAIXA,TRUE,366,366,358,356,354,347,1,0.978142076502732,0.972677595628415,0.967213114754098,0.948087431693989,3,73,12,12
CEMADEN,261350302A,2025,BOM NOME - APAC,PLUVIOMETRICA_AUTOMATICA,,60,24,BAIXA,TRUE,365,357,353,352,347,337,0.978082191780822,0.967123287671233,0.964383561643836,0.950684931506849,0.923287671232877,10,74,12,10
CEMADEN,261360201C,2017,SAO JOSE DO EGITO,PLUVIOMETRICA_AUTOMATICA,,10,144,ALTA,FALSE,365,131,27,25,18,14,0.358904109589041,0.073972602739726,0.0684931506849315,0.0493150684931507,0.0383561643835616,164,0,10,0
CEMADEN,261360201C,2018,SAO JOSE DO EGITO,PLUVIOMETRICA_AUTOMATICA,,60,24,ALTA,FALSE,365,332,35,22,16,11,0.90958904109589,0.0958904109589041,0.0602739726027397,0.0438356164383562,0.0301369863013699,232,5,12,0
CEMADEN,261360201C,2019,SAO JOSE DO EGITO,PLUVIOMETRICA_AUTOMATICA,,60,24,BAIXA,TRUE,365,326,0,0,0,0,0.893150684931507,0,0,0,0,365,0,12,0
CEMADEN,261360201C,2020,SAO JOSE DO EGITO,PLUVIOMETRICA_AUTOMATICA,,60,24,BAIXA,TRUE,366,305,0,0,0,0,0.833333333333333,0,0,0,0,366,0,12,0
CEMADEN,261360201C,2021,SAO JOSE DO EGITO,PLUVIOMETRICA_AUTOMATICA,,60,24,BAIXA,TRUE,365,273,3,0,0,0,0.747945205479452,0.00821917808219178,0,0,0,365,0,12,0
CEMADEN,261360201C,2022,SAO JOSE DO EGITO,PLUVIOMETRICA_AUTOMATICA,,60,24,BAIXA,TRUE,365,293,12,5,1,0,0.802739726027397,0.0328767123287671,0.0136986301369863,0.00273972602739726,0,252,0,12,0
CEMADEN,261360201C,2023,SAO JOSE DO EGITO,PLUVIOMETRICA_AUTOMATICA,,60,24,MEDIA,FALSE,365,22,10,9,7,1,0.0602739726027397,0.0273972602739726,0.0246575342465753,0.0191780821917808,0.00273972602739726,346,1,3,0
CEMADEN,261370101A,2017,Chã da Tábua,PLUVIOMETRICA_AUTOMATICA,,60,24,BAIXA,TRUE,365,363,358,358,356,351,0.994520547945205,0.980821917808219,0.980821917808219,0.975342465753425,0.961643835616438,3,154,12,12
CEMADEN,261370101A,2018,Chã da Tábua,PLUVIOMETRICA_AUTOMATICA,,60,24,ALTA,FALSE,365,365,362,362,360,352,1,0.991780821917808,0.991780821917808,0.986301369863014,0.964383561643836,2,0,12,12
CEMADEN,261370101A,2019,Chã da Tábua,PLUVIOMETRICA_AUTOMATICA,,60,24,BAIXA,TRUE,365,354,341,334,331,322,0.96986301369863,0.934246575342466,0.915068493150685,0.906849315068493,0.882191780821918,11,123,12,10
CEMADEN,261370101A,2020,Chã da Tábua,PLUVIOMETRICA_AUTOMATICA,,60,24,BAIXA,TRUE,366,366,357,356,350,341,1,0.975409836065574,0.972677595628415,0.956284153005464,0.931693989071038,2,160,12,12
CEMADEN,261370101A,2021,Chã da Tábua,PLUVIOMETRICA_AUTOMATICA,,60,24,BAIXA,TRUE,365,365,365,364,364,355,1,1,0.997260273972603,0.997260273972603,0.972602739726027,1,202,12,12
CEMADEN,261370101A,2022,Chã da Tábua,PLUVIOMETRICA_AUTOMATICA,,60,24,BAIXA,TRUE,365,301,286,284,282,278,0.824657534246575,0.783561643835617,0.778082191780822,0.772602739726028,0.761643835616438,74,179,11,9
CEMADEN,261370101A,2023,Chã da Tábua,PLUVIOMETRICA_AUTOMATICA,,60,24,BAIXA,TRUE,365,365,365,364,364,363,1,1,0.997260273972603,0.997260273972603,0.994520547945205,1,202,12,12
CEMADEN,261370101A,2024,Chã da Tábua,PLUVIOMETRICA_AUTOMATICA,,60,24,BAIXA,TRUE,366,366,364,364,364,358,1,0.994535519125683,0.994535519125683,0.994535519125683,0.978142076502732,2,161,12,12
CEMADEN,261370101A,2025,Chã da Tábua,PLUVIOMETRICA_AUTOMATICA,,60,24,BAIXA,TRUE,365,352,334,333,331,329,0.964383561643836,0.915068493150685,0.912328767123288,0.906849315068493,0.901369863013699,15,198,12,11
CEMADEN,261370102A,2017,Nossa Senhora da Luz,PLUVIOMETRICA_AUTOMATICA,,60,24,BAIXA,TRUE,365,365,365,365,365,361,1,1,1,1,0.989041095890411,0,214,12,12
CEMADEN,261370102A,2018,Nossa Senhora da Luz,PLUVIOMETRICA_AUTOMATICA,,60,24,BAIXA,TRUE,365,365,364,363,363,353,1,0.997260273972603,0.994520547945205,0.994520547945205,0.967123287671233,2,160,12,12
CEMADEN,261370102A,2019,Nossa Senhora da Luz,PLUVIOMETRICA_AUTOMATICA,,60,24,BAIXA,TRUE,365,356,342,334,330,318,0.975342465753425,0.936986301369863,0.915068493150685,0.904109589041096,0.871232876712329,11,150,12,10
CEMADEN,261370102A,2020,Nossa Senhora da Luz,PLUVIOMETRICA_AUTOMATICA,,60,24,BAIXA,TRUE,366,366,353,353,349,332,1,0.96448087431694,0.96448087431694,0.953551912568306,0.907103825136612,2,136,12,12
CEMADEN,261370102A,2021,Nossa Senhora da Luz,PLUVIOMETRICA_AUTOMATICA,,60,24,BAIXA,TRUE,365,365,358,358,351,333,1,0.980821917808219,0.980821917808219,0.961643835616438,0.912328767123288,5,172,12,11
CEMADEN,261370102A,2022,Nossa Senhora da Luz,PLUVIOMETRICA_AUTOMATICA,,60,24,BAIXA,TRUE,365,307,289,288,285,273,0.841095890410959,0.791780821917808,0.789041095890411,0.780821917808219,0.747945205479452,34,154,11,9
CEMADEN,261370102A,2024,Nossa Senhora da Luz,PLUVIOMETRICA_AUTOMATICA,,60,24,BAIXA,TRUE,366,202,199,199,199,195,0.551912568306011,0.543715846994536,0.543715846994536,0.543715846994536,0.532786885245902,165,31,7,6
CEMADEN,261370102A,2025,Nossa Senhora da Luz,PLUVIOMETRICA_AUTOMATICA,,60,24,ALTA,FALSE,365,127,126,126,126,123,0.347945205479452,0.345205479452055,0.345205479452055,0.345205479452055,0.336986301369863,239,0,5,4
CEMADEN,261370103A,2017,Tiúma,PLUVIOMETRICA_AUTOMATICA,,60,24,BAIXA,TRUE,365,363,359,359,356,353,0.994520547945205,0.983561643835616,0.983561643835616,0.975342465753425,0.967123287671233,3,210,12,12
CEMADEN,261370103A,2018,Tiúma,PLUVIOMETRICA_AUTOMATICA,,60,24,BAIXA,TRUE,365,365,362,362,361,353,1,0.991780821917808,0.991780821917808,0.989041095890411,0.967123287671233,2,160,12,12
CEMADEN,261370103A,2019,Tiúma,PLUVIOMETRICA_AUTOMATICA,,60,24,BAIXA,TRUE,365,355,339,337,333,323,0.972602739726027,0.928767123287671,0.923287671232877,0.912328767123288,0.884931506849315,11,155,12,10
CEMADEN,261370103A,2020,Tiúma,PLUVIOMETRICA_AUTOMATICA,,60,24,BAIXA,TRUE,366,366,358,353,351,339,1,0.978142076502732,0.96448087431694,0.959016393442623,0.926229508196721,2,147,12,12
CEMADEN,261370103A,2021,Tiúma,PLUVIOMETRICA_AUTOMATICA,,60,24,BAIXA,TRUE,365,365,364,364,362,348,1,0.997260273972603,0.997260273972603,0.991780821917808,0.953424657534246,1,177,12,12
CEMADEN,261370103A,2022,Tiúma,PLUVIOMETRICA_AUTOMATICA,,60,24,BAIXA,TRUE,365,365,357,354,354,335,1,0.978082191780822,0.96986301369863,0.96986301369863,0.917808219178082,4,173,12,12
CEMADEN,261370103A,2023,Tiúma,PLUVIOMETRICA_AUTOMATICA,,60,24,BAIXA,TRUE,365,365,365,365,363,358,1,1,1,0.994520547945205,0.980821917808219,1,188,12,12
CEMADEN,261370103A,2024,Tiúma,PLUVIOMETRICA_AUTOMATICA,,60,24,BAIXA,TRUE,366,366,364,364,364,359,1,0.994535519125683,0.994535519125683,0.994535519125683,0.980874316939891,2,111,12,12
CEMADEN,261370103A,2025,Tiúma,PLUVIOMETRICA_AUTOMATICA,,60,24,BAIXA,TRUE,365,290,264,255,246,233,0.794520547945206,0.723287671232877,0.698630136986301,0.673972602739726,0.638356164383562,78,84,11,6
CEMADEN,261370104A,2017,Rua dos Milagres,PLUVIOMETRICA_AUTOMATICA,,60,24,BAIXA,TRUE,365,133,133,133,133,133,0.364383561643836,0.364383561643836,0.364383561643836,0.364383561643836,0.364383561643836,146,85,6,4
CEMADEN,261370104A,2018,Rua dos Milagres,PLUVIOMETRICA_AUTOMATICA,,10,144,BAIXA,TRUE,365,155,0,0,0,0,0.424657534246575,0,0,0,0,365,0,9,0
CEMADEN,261370104A,2019,Rua dos Milagres,PLUVIOMETRICA_AUTOMATICA,,60,24,BAIXA,TRUE,365,217,191,186,184,172,0.594520547945206,0.523287671232877,0.50958904109589,0.504109589041096,0.471232876712329,153,83,9,5
CEMADEN,261370104A,2020,Rua dos Milagres,PLUVIOMETRICA_AUTOMATICA,,60,24,BAIXA,TRUE,366,366,359,353,346,305,1,0.980874316939891,0.96448087431694,0.945355191256831,0.833333333333333,2,157,12,12
CEMADEN,261370104A,2021,Rua dos Milagres,PLUVIOMETRICA_AUTOMATICA,,60,24,BAIXA,TRUE,365,361,357,356,356,341,0.989041095890411,0.978082191780822,0.975342465753425,0.975342465753425,0.934246575342466,7,194,12,11
CEMADEN,261370104A,2022,Rua dos Milagres,PLUVIOMETRICA_AUTOMATICA,,60,24,BAIXA,TRUE,365,365,359,357,355,354,1,0.983561643835616,0.978082191780822,0.972602739726027,0.96986301369863,4,215,12,12
CEMADEN,261370104A,2023,Rua dos Milagres,PLUVIOMETRICA_AUTOMATICA,,60,24,BAIXA,TRUE,365,365,365,365,364,352,1,1,1,0.997260273972603,0.964383561643836,1,212,12,12
CEMADEN,261370104A,2024,Rua dos Milagres,PLUVIOMETRICA_AUTOMATICA,,60,24,BAIXA,TRUE,366,366,363,362,362,362,1,0.991803278688525,0.989071038251366,0.989071038251366,0.989071038251366,2,164,12,12
CEMADEN,261370104A,2025,Rua dos Milagres,PLUVIOMETRICA_AUTOMATICA,,60,24,BAIXA,TRUE,365,365,365,363,361,355,1,1,0.994520547945205,0.989041095890411,0.972602739726027,2,194,12,12
CEMADEN,261370105A,2017,SAO LOURENCO DA MATA - APAC,PLUVIOMETRICA_AUTOMATICA,,60,24,ALTA,FALSE,365,49,47,47,46,29,0.134246575342466,0.128767123287671,0.128767123287671,0.126027397260274,0.0794520547945206,317,9,2,1
CEMADEN,261370105A,2018,SAO LOURENCO DA MATA - APAC,PLUVIOMETRICA_AUTOMATICA,,60,24,BAIXA,TRUE,365,145,138,136,135,123,0.397260273972603,0.378082191780822,0.372602739726027,0.36986301369863,0.336986301369863,174,77,8,4
CEMADEN,261370105A,2019,SAO LOURENCO DA MATA - APAC,PLUVIOMETRICA_AUTOMATICA,,60,24,BAIXA,TRUE,365,213,204,201,200,194,0.583561643835617,0.558904109589041,0.550684931506849,0.547945205479452,0.531506849315069,139,102,8,5
CEMADEN,261370105A,2020,SAO LOURENCO DA MATA - APAC,PLUVIOMETRICA_AUTOMATICA,,60,24,BAIXA,TRUE,366,155,136,136,135,129,0.423497267759563,0.371584699453552,0.371584699453552,0.368852459016393,0.352459016393443,197,72,6,4
CEMADEN,261370105A,2021,SAO LOURENCO DA MATA - APAC,PLUVIOMETRICA_AUTOMATICA,,60,24,BAIXA,TRUE,365,219,217,216,215,211,0.6,0.594520547945206,0.591780821917808,0.589041095890411,0.578082191780822,148,122,8,7
CEMADEN,261370105A,2022,SAO LOURENCO DA MATA - APAC,PLUVIOMETRICA_AUTOMATICA,,60,24,BAIXA,TRUE,365,34,33,33,33,30,0.0931506849315068,0.0904109589041096,0.0904109589041096,0.0904109589041096,0.0821917808219178,332,15,2,1
CEMADEN,261380001A,2017,SAO VICENTE FERRER - APAC,PLUVIOMETRICA_AUTOMATICA,,60,24,BAIXA,TRUE,365,28,27,26,20,9,0.0767123287671233,0.073972602739726,0.0712328767123288,0.0547945205479452,0.0246575342465753,338,4,1,0
CEMADEN,261380001A,2018,SAO VICENTE FERRER - APAC,PLUVIOMETRICA_AUTOMATICA,,60,24,BAIXA,TRUE,365,365,364,361,355,339,1,0.997260273972603,0.989041095890411,0.972602739726027,0.928767123287671,2,132,12,12
CEMADEN,261380001A,2019,SAO VICENTE FERRER - APAC,PLUVIOMETRICA_AUTOMATICA,,60,24,BAIXA,TRUE,365,339,322,320,319,314,0.928767123287671,0.882191780821918,0.876712328767123,0.873972602739726,0.86027397260274,23,135,12,10
CEMADEN,261380001A,2020,SAO VICENTE FERRER - APAC,PLUVIOMETRICA_AUTOMATICA,,60,24,BAIXA,TRUE,366,300,226,226,224,220,0.819672131147541,0.617486338797814,0.617486338797814,0.612021857923497,0.601092896174863,139,99,11,7
CEMADEN,261380001A,2021,SAO VICENTE FERRER - APAC,PLUVIOMETRICA_AUTOMATICA,,60,24,BAIXA,TRUE,365,365,362,361,357,351,1,0.991780821917808,0.989041095890411,0.978082191780822,0.961643835616438,2,150,12,12
CEMADEN,261380001A,2022,SAO VICENTE FERRER - APAC,PLUVIOMETRICA_AUTOMATICA,,60,24,BAIXA,TRUE,365,365,359,357,356,344,1,0.983561643835616,0.978082191780822,0.975342465753425,0.942465753424658,2,165,12,12
CEMADEN,261380001A,2023,SAO VICENTE FERRER - APAC,PLUVIOMETRICA_AUTOMATICA,,60,24,BAIXA,TRUE,365,365,365,365,364,358,1,1,1,0.997260273972603,0.980821917808219,1,156,12,12
CEMADEN,261380001A,2024,SAO VICENTE FERRER - APAC,PLUVIOMETRICA_AUTOMATICA,,60,24,BAIXA,TRUE,366,347,340,338,335,330,0.948087431693989,0.92896174863388,0.923497267759563,0.915300546448087,0.901639344262295,14,135,12,10
CEMADEN,261380001A,2025,SAO VICENTE FERRER - APAC,PLUVIOMETRICA_AUTOMATICA,,60,24,BAIXA,TRUE,365,305,238,228,220,218,0.835616438356164,0.652054794520548,0.624657534246575,0.602739726027397,0.597260273972603,91,118,12,7
CEMADEN,261380002A,2025,G2-261380002A,PLUVIOMETRICA_AUTOMATICA,,60,24,BAIXA,TRUE,365,127,125,125,124,109,0.347945205479452,0.342465753424658,0.342465753424658,0.33972602739726,0.298630136986301,239,16,5,4
CEMADEN,261390901A,2024,Serra Talhada [DNOCS] - APAC,PLUVIOMETRICA_AUTOMATICA,,60,24,ALTA,FALSE,366,181,166,164,159,152,0.494535519125683,0.453551912568306,0.448087431693989,0.434426229508197,0.415300546448087,176,13,7,4
CEMADEN,261390901A,2025,Serra Talhada [DNOCS] - APAC,PLUVIOMETRICA_AUTOMATICA,,60,24,BAIXA,TRUE,365,176,171,171,171,167,0.482191780821918,0.468493150684932,0.468493150684932,0.468493150684932,0.457534246575342,104,32,7,4
CEMADEN,261390901C,2017,SERRA TALHADA,PLUVIOMETRICA_AUTOMATICA,,10,144,MEDIA,FALSE,365,11,2,2,2,2,0.0301369863013699,0.00547945205479452,0.00547945205479452,0.00547945205479452,0.00547945205479452,297,0,3,0
CEMADEN,261390901C,2018,SERRA TALHADA,PLUVIOMETRICA_AUTOMATICA,,60,24,BAIXA,TRUE,365,316,304,304,303,302,0.865753424657534,0.832876712328767,0.832876712328767,0.83013698630137,0.827397260273973,36,38,11,9
CEMADEN,261390901C,2019,SERRA TALHADA,PLUVIOMETRICA_AUTOMATICA,,60,24,BAIXA,TRUE,365,343,281,281,280,279,0.93972602739726,0.76986301369863,0.76986301369863,0.767123287671233,0.764383561643836,42,43,12,8
CEMADEN,261390901C,2020,SERRA TALHADA,PLUVIOMETRICA_AUTOMATICA,,60,24,ALTA,FALSE,366,366,274,264,258,253,1,0.748633879781421,0.721311475409836,0.704918032786885,0.691256830601093,57,71,12,7
CEMADEN,261390901C,2021,SERRA TALHADA,PLUVIOMETRICA_AUTOMATICA,,60,24,ALTA,FALSE,365,175,24,5,1,0,0.479452054794521,0.0657534246575342,0.0136986301369863,0.00273972602739726,0,319,0,9,0
CEMADEN,261390901C,2022,SERRA TALHADA,PLUVIOMETRICA_AUTOMATICA,,60,24,BAIXA,TRUE,365,181,177,176,176,175,0.495890410958904,0.484931506849315,0.482191780821918,0.482191780821918,0.479452054794521,172,27,7,5
CEMADEN,261390901C,2023,SERRA TALHADA,PLUVIOMETRICA_AUTOMATICA,,60,24,BAIXA,TRUE,365,343,330,330,330,328,0.93972602739726,0.904109589041096,0.904109589041096,0.904109589041096,0.898630136986301,7,54,12,10
CEMADEN,261390901C,2024,SERRA TALHADA,PLUVIOMETRICA_AUTOMATICA,,60,24,BAIXA,TRUE,366,343,299,297,293,290,0.937158469945355,0.816939890710383,0.811475409836066,0.800546448087432,0.792349726775956,44,62,12,8
CEMADEN,261390901C,2025,SERRA TALHADA,PLUVIOMETRICA_AUTOMATICA,,60,24,ALTA,FALSE,365,87,85,85,85,84,0.238356164383562,0.232876712328767,0.232876712328767,0.232876712328767,0.23013698630137,217,2,3,3
CEMADEN,261390902A,2025,G2-261390902A,PLUVIOMETRICA_AUTOMATICA,,60,24,ALTA,FALSE,365,105,80,62,45,26,0.287671232876712,0.219178082191781,0.16986301369863,0.123287671232877,0.0712328767123288,264,7,4,1
CEMADEN,261390903A,2025,G2-261390903A,PLUVIOMETRICA_AUTOMATICA,,60,24,ALTA,FALSE,365,105,102,101,101,94,0.287671232876712,0.279452054794521,0.276712328767123,0.276712328767123,0.257534246575342,262,6,4,3
CEMADEN,261390904A,2025,G2-261390904A,PLUVIOMETRICA_AUTOMATICA,,60,24,ALTA,FALSE,365,104,103,103,101,67,0.284931506849315,0.282191780821918,0.282191780821918,0.276712328767123,0.183561643835616,262,9,4,3
CEMADEN,261400601A,2018,IPUEIRA - APAC,PLUVIOMETRICA_AUTOMATICA,,10,144,BAIXA,TRUE,365,92,0,0,0,0,0.252054794520548,0,0,0,0,365,0,7,0
CEMADEN,261400601A,2019,IPUEIRA - APAC,PLUVIOMETRICA_AUTOMATICA,,10,144,BAIXA,TRUE,365,42,0,0,0,0,0.115068493150685,0,0,0,0,365,0,5,0
CEMADEN,261400601A,2023,IPUEIRA - APAC,PLUVIOMETRICA_AUTOMATICA,,60,24,ALTA,FALSE,365,117,114,114,114,106,0.32054794520548,0.312328767123288,0.312328767123288,0.312328767123288,0.29041095890411,249,7,4,4
CEMADEN,261400601A,2024,IPUEIRA - APAC,PLUVIOMETRICA_AUTOMATICA,,60,24,BAIXA,TRUE,366,336,310,303,295,257,0.918032786885246,0.846994535519126,0.827868852459016,0.806010928961749,0.702185792349727,18,52,12,8
CEMADEN,261400601A,2025,IPUEIRA - APAC,PLUVIOMETRICA_AUTOMATICA,,60,24,BAIXA,TRUE,365,268,225,218,210,181,0.734246575342466,0.616438356164384,0.597260273972603,0.575342465753425,0.495890410958904,59,32,12,5
CEMADEN,261400601U,2017,SERRITA,PLUVIOMETRICA_AUTOMATICA,,60,24,BAIXA,TRUE,365,183,170,170,170,167,0.501369863013699,0.465753424657534,0.465753424657534,0.465753424657534,0.457534246575342,35,30,12,4
CEMADEN,261400601U,2018,SERRITA,PLUVIOMETRICA_AUTOMATICA,,60,24,ALTA,FALSE,365,136,72,71,71,69,0.372602739726027,0.197260273972603,0.194520547945205,0.194520547945205,0.189041095890411,149,5,7,1
CEMADEN,261400601U,2019,SERRITA,PLUVIOMETRICA_AUTOMATICA,,60,24,BAIXA,TRUE,365,94,92,92,92,92,0.257534246575342,0.252054794520548,0.252054794520548,0.252054794520548,0.252054794520548,170,14,4,2
CEMADEN,261400601U,2023,SERRITA,PLUVIOMETRICA_AUTOMATICA,,60,24,ALTA,FALSE,365,146,115,110,107,105,0.4,0.315068493150685,0.301369863013699,0.293150684931507,0.287671232876712,142,8,8,3
CEMADEN,261410501A,2018,MODERNA - APAC,PLUVIOMETRICA_AUTOMATICA,,60,24,ALTA,FALSE,365,350,346,346,334,245,0.958904109589041,0.947945205479452,0.947945205479452,0.915068493150685,0.671232876712329,16,49,12,11
CEMADEN,261410501A,2019,MODERNA - APAC,PLUVIOMETRICA_AUTOMATICA,,60,24,ALTA,FALSE,365,320,298,298,271,161,0.876712328767123,0.816438356164383,0.816438356164383,0.742465753424658,0.441095890410959,36,39,12,7
CEMADEN,261410501A,2020,MODERNA - APAC,PLUVIOMETRICA_AUTOMATICA,,60,24,ALTA,FALSE,366,226,197,196,194,123,0.617486338797814,0.538251366120219,0.53551912568306,0.530054644808743,0.336065573770492,168,15,9,6
CEMADEN,261410501A,2021,MODERNA - APAC,PLUVIOMETRICA_AUTOMATICA,,60,24,ALTA,FALSE,365,140,137,137,132,85,0.383561643835616,0.375342465753425,0.375342465753425,0.361643835616438,0.232876712328767,227,12,6,4
CEMADEN,261410501A,2022,MODERNA - APAC,PLUVIOMETRICA_AUTOMATICA,,60,24,BAIXA,TRUE,365,363,356,354,350,290,0.994520547945205,0.975342465753425,0.96986301369863,0.958904109589041,0.794520547945206,4,63,12,12
CEMADEN,261410501A,2023,MODERNA - APAC,PLUVIOMETRICA_AUTOMATICA,,60,24,ALTA,FALSE,365,365,362,361,360,357,1,0.991780821917808,0.989041095890411,0.986301369863014,0.978082191780822,2,62,12,12
CEMADEN,261410501A,2024,MODERNA - APAC,PLUVIOMETRICA_AUTOMATICA,,60,24,BAIXA,TRUE,366,342,327,323,319,316,0.934426229508197,0.89344262295082,0.882513661202186,0.871584699453552,0.863387978142077,16,66,12,9
CEMADEN,261410501A,2025,MODERNA - APAC,PLUVIOMETRICA_AUTOMATICA,,60,24,BAIXA,TRUE,365,365,365,365,363,353,1,1,1,0.994520547945205,0.967123287671233,1,64,12,12
CEMADEN,261410501C,2017,SERTANIA,PLUVIOMETRICA_AUTOMATICA,,10,144,ALTA,FALSE,365,185,26,24,20,20,0.506849315068493,0.0712328767123288,0.0657534246575342,0.0547945205479452,0.0547945205479452,157,0,12,0
CEMADEN,261410501C,2018,SERTANIA,PLUVIOMETRICA_AUTOMATICA,,60,24,ALTA,FALSE,365,344,295,294,293,286,0.942465753424658,0.808219178082192,0.805479452054795,0.802739726027397,0.783561643835617,32,44,12,9
CEMADEN,261410501C,2019,SERTANIA,PLUVIOMETRICA_AUTOMATICA,,60,24,ALTA,FALSE,365,334,204,197,190,185,0.915068493150685,0.558904109589041,0.53972602739726,0.520547945205479,0.506849315068493,84,46,12,4
CEMADEN,261410501C,2020,SERTANIA,PLUVIOMETRICA_AUTOMATICA,,60,24,BAIXA,TRUE,366,224,9,5,3,2,0.612021857923497,0.0245901639344262,0.0136612021857924,0.00819672131147541,0.00546448087431694,333,2,11,0
CEMADEN,261410501C,2021,SERTANIA,PLUVIOMETRICA_AUTOMATICA,,60,24,ALTA,FALSE,365,355,23,16,5,4,0.972602739726027,0.063013698630137,0.0438356164383562,0.0136986301369863,0.010958904109589,243,2,12,0
CEMADEN,261410501C,2022,SERTANIA,PLUVIOMETRICA_AUTOMATICA,,60,24,BAIXA,TRUE,365,328,249,249,249,247,0.898630136986301,0.682191780821918,0.682191780821918,0.682191780821918,0.676712328767123,109,59,12,7
CEMADEN,261410501C,2023,SERTANIA,PLUVIOMETRICA_AUTOMATICA,,60,24,BAIXA,TRUE,365,355,345,344,343,333,0.972602739726027,0.945205479452055,0.942465753424658,0.93972602739726,0.912328767123288,5,55,12,10
CEMADEN,261410501C,2024,SERTANIA,PLUVIOMETRICA_AUTOMATICA,,60,24,BAIXA,TRUE,366,14,12,12,12,12,0.0382513661202186,0.0327868852459016,0.0327868852459016,0.0327868852459016,0.0327868852459016,351,4,1,0
CEMADEN,261410501C,2025,SERTANIA,PLUVIOMETRICA_AUTOMATICA,,60,24,MEDIA,FALSE,365,20,17,14,11,7,0.0547945205479452,0.0465753424657534,0.0383561643835616,0.0301369863013699,0.0191780821917808,304,0,1,0
CEMADEN,261410502A,2025,G2-261410502A,PLUVIOMETRICA_AUTOMATICA,,60,24,ALTA,FALSE,365,114,113,113,113,99,0.312328767123288,0.30958904109589,0.30958904109589,0.30958904109589,0.271232876712329,252,2,4,3
CEMADEN,261410502C,2017,SERTANIA 2,PLUVIOMETRICA_AUTOMATICA,,10,144,BAIXA,TRUE,365,17,0,0,0,0,0.0465753424657534,0,0,0,0,365,0,3,0
CEMADEN,261410502C,2018,SERTANIA 2,PLUVIOMETRICA_AUTOMATICA,,60,24,BAIXA,TRUE,365,332,3,1,1,0,0.90958904109589,0.00821917808219178,0.00273972602739726,0.00273972602739726,0,305,0,11,0
CEMADEN,261410502C,2019,SERTANIA 2,PLUVIOMETRICA_AUTOMATICA,,60,24,BAIXA,TRUE,365,96,0,0,0,0,0.263013698630137,0,0,0,0,365,0,4,0
CEMADEN,261410502C,2021,SERTANIA 2,PLUVIOMETRICA_AUTOMATICA,,60,24,ALTA,FALSE,365,66,5,1,0,0,0.180821917808219,0.0136986301369863,0.00273972602739726,0,0,365,0,5,0
CEMADEN,261410502C,2022,SERTANIA 2,PLUVIOMETRICA_AUTOMATICA,,60,24,BAIXA,TRUE,365,330,16,10,5,3,0.904109589041096,0.0438356164383562,0.0273972602739726,0.0136986301369863,0.00821917808219178,182,1,12,0
CEMADEN,261410502C,2023,SERTANIA 2,PLUVIOMETRICA_AUTOMATICA,,60,24,BAIXA,TRUE,365,101,0,0,0,0,0.276712328767123,0,0,0,0,365,0,7,0
CEMADEN,261410502C,2024,SERTANIA 2,PLUVIOMETRICA_AUTOMATICA,,60,24,BAIXA,TRUE,366,11,0,0,0,0,0.0300546448087432,0,0,0,0,366,0,1,0
CEMADEN,261410503A,2025,G2-261410503A,PLUVIOMETRICA_AUTOMATICA,,60,24,ALTA,FALSE,365,114,113,113,113,101,0.312328767123288,0.30958904109589,0.30958904109589,0.30958904109589,0.276712328767123,252,6,4,3
CEMADEN,261410504A,2025,G2-261410504A,PLUVIOMETRICA_AUTOMATICA,,60,24,ALTA,FALSE,365,113,112,112,111,90,0.30958904109589,0.306849315068493,0.306849315068493,0.304109589041096,0.246575342465753,253,3,4,3
CEMADEN,261420401A,2017,Centro,PLUVIOMETRICA_AUTOMATICA,,60,24,BAIXA,TRUE,365,365,365,364,364,362,1,1,0.997260273972603,0.997260273972603,0.991780821917808,1,208,12,12
CEMADEN,261420401A,2018,Centro,PLUVIOMETRICA_AUTOMATICA,,60,24,BAIXA,TRUE,365,365,363,363,362,352,1,0.994520547945205,0.994520547945205,0.991780821917808,0.964383561643836,2,168,12,12
CEMADEN,261420401A,2019,Centro,PLUVIOMETRICA_AUTOMATICA,,60,24,BAIXA,TRUE,365,355,340,336,334,318,0.972602739726027,0.931506849315068,0.920547945205479,0.915068493150685,0.871232876712329,11,161,12,9
CEMADEN,261420401A,2020,Centro,PLUVIOMETRICA_AUTOMATICA,,60,24,BAIXA,TRUE,366,366,361,353,339,301,1,0.986338797814208,0.96448087431694,0.926229508196721,0.822404371584699,3,141,12,11
CEMADEN,261420401A,2021,Centro,PLUVIOMETRICA_AUTOMATICA,,60,24,BAIXA,TRUE,365,362,357,355,354,347,0.991780821917808,0.978082191780822,0.972602739726027,0.96986301369863,0.950684931506849,7,205,12,11
CEMADEN,261420401A,2022,Centro,PLUVIOMETRICA_AUTOMATICA,,60,24,BAIXA,TRUE,365,364,350,349,349,348,0.997260273972603,0.958904109589041,0.956164383561644,0.956164383561644,0.953424657534246,6,205,12,12
CEMADEN,261420401A,2023,Centro,PLUVIOMETRICA_AUTOMATICA,,60,24,BAIXA,TRUE,365,239,171,171,171,166,0.654794520547945,0.468493150684932,0.468493150684932,0.468493150684932,0.454794520547945,110,103,10,4
CEMADEN,261420401A,2024,Centro,PLUVIOMETRICA_AUTOMATICA,,60,24,BAIXA,TRUE,366,317,130,128,128,126,0.866120218579235,0.355191256830601,0.349726775956284,0.349726775956284,0.344262295081967,102,62,12,2
CEMADEN,261420401A,2025,Centro,PLUVIOMETRICA_AUTOMATICA,,60,24,BAIXA,TRUE,365,342,124,119,117,117,0.936986301369863,0.33972602739726,0.326027397260274,0.32054794520548,0.32054794520548,134,92,12,3
CEMADEN,261420402A,2017,SIRINHAEM - APAC,PLUVIOMETRICA_AUTOMATICA,,60,24,ALTA,FALSE,365,38,36,35,26,12,0.104109589041096,0.0986301369863014,0.0958904109589041,0.0712328767123288,0.0328767123287671,328,4,2,0
CEMADEN,261420402A,2018,SIRINHAEM - APAC,PLUVIOMETRICA_AUTOMATICA,,60,24,BAIXA,TRUE,365,365,362,362,353,336,1,0.991780821917808,0.991780821917808,0.967123287671233,0.920547945205479,5,163,12,12
CEMADEN,261420402A,2019,SIRINHAEM - APAC,PLUVIOMETRICA_AUTOMATICA,,60,24,BAIXA,TRUE,365,347,334,331,330,326,0.950684931506849,0.915068493150685,0.906849315068493,0.904109589041096,0.893150684931507,11,166,12,10
CEMADEN,261420402A,2020,SIRINHAEM - APAC,PLUVIOMETRICA_AUTOMATICA,,60,24,BAIXA,TRUE,366,238,224,221,213,198,0.650273224043716,0.612021857923497,0.603825136612022,0.581967213114754,0.540983606557377,141,104,9,7
CEMADEN,261420402A,2021,SIRINHAEM - APAC,PLUVIOMETRICA_AUTOMATICA,,60,24,BAIXA,TRUE,365,183,180,180,178,175,0.501369863013699,0.493150684931507,0.493150684931507,0.487671232876712,0.479452054794521,184,91,7,5
CEMADEN,261420402A,2022,SIRINHAEM - APAC,PLUVIOMETRICA_AUTOMATICA,,60,24,BAIXA,TRUE,365,99,67,62,61,60,0.271232876712329,0.183561643835616,0.16986301369863,0.167123287671233,0.164383561643836,170,25,10,1
CEMADEN,261420402A,2023,SIRINHAEM - APAC,PLUVIOMETRICA_AUTOMATICA,,60,24,MEDIA,FALSE,365,13,2,1,1,1,0.0356164383561644,0.00547945205479452,0.00273972602739726,0.00273972602739726,0.00273972602739726,220,0,3,0
CEMADEN,261420402A,2024,SIRINHAEM - APAC,PLUVIOMETRICA_AUTOMATICA,,60,24,MEDIA,FALSE,366,10,2,1,1,1,0.0273224043715847,0.00546448087431694,0.00273224043715847,0.00273224043715847,0.00273224043715847,292,0,2,0
CEMADEN,261430301A,2018,MOREILANDIA - APAC,PLUVIOMETRICA_AUTOMATICA,,60,24,BAIXA,TRUE,365,341,337,337,334,311,0.934246575342466,0.923287671232877,0.923287671232877,0.915068493150685,0.852054794520548,25,51,12,11
CEMADEN,261430301A,2019,MOREILANDIA - APAC,PLUVIOMETRICA_AUTOMATICA,,60,24,BAIXA,TRUE,365,344,330,327,326,309,0.942465753424658,0.904109589041096,0.895890410958904,0.893150684931507,0.846575342465753,12,68,12,10
CEMADEN,261430301A,2021,MOREILANDIA - APAC,PLUVIOMETRICA_AUTOMATICA,,60,24,BAIXA,TRUE,365,104,66,65,65,61,0.284931506849315,0.180821917808219,0.178082191780822,0.178082191780822,0.167123287671233,299,18,7,2
CEMADEN,261430301A,2022,MOREILANDIA - APAC,PLUVIOMETRICA_AUTOMATICA,,60,24,BAIXA,TRUE,365,365,359,357,349,328,1,0.983561643835616,0.978082191780822,0.956164383561644,0.898630136986301,2,95,12,12
CEMADEN,261430301A,2023,MOREILANDIA - APAC,PLUVIOMETRICA_AUTOMATICA,,60,24,BAIXA,TRUE,365,365,360,360,358,349,1,0.986301369863014,0.986301369863014,0.980821917808219,0.956164383561644,2,67,12,12
CEMADEN,261430301A,2024,MOREILANDIA - APAC,PLUVIOMETRICA_AUTOMATICA,,60,24,BAIXA,TRUE,366,349,338,337,335,329,0.953551912568306,0.923497267759563,0.920765027322404,0.915300546448087,0.898907103825137,13,75,12,10
CEMADEN,261430301A,2025,MOREILANDIA - APAC,PLUVIOMETRICA_AUTOMATICA,,60,24,BAIXA,TRUE,365,146,141,141,141,138,0.4,0.386301369863014,0.386301369863014,0.386301369863014,0.378082191780822,212,40,6,4
CEMADEN,261440201A,2023,SOLIDAO - APAC,PLUVIOMETRICA_AUTOMATICA,,60,24,ALTA,FALSE,365,127,119,119,115,98,0.347945205479452,0.326027397260274,0.326027397260274,0.315068493150685,0.268493150684932,196,0,6,4
CEMADEN,261440201A,2024,SOLIDAO - APAC,PLUVIOMETRICA_AUTOMATICA,,60,24,ALTA,FALSE,366,361,346,343,339,333,0.986338797814208,0.945355191256831,0.937158469945355,0.926229508196721,0.909836065573771,5,14,12,11
CEMADEN,261440201A,2025,SOLIDAO - APAC,PLUVIOMETRICA_AUTOMATICA,,60,24,BAIXA,TRUE,365,365,365,365,362,357,1,1,1,0.991780821917808,0.978082191780822,1,70,12,12
CEMADEN,261450101A,2023,Surubim [Bombeiros] - APAC,PLUVIOMETRICA_AUTOMATICA,,60,24,BAIXA,TRUE,365,297,294,294,294,277,0.813698630136986,0.805479452054795,0.805479452054795,0.805479452054795,0.758904109589041,69,101,10,9
CEMADEN,261450101A,2024,Surubim [Bombeiros] - APAC,PLUVIOMETRICA_AUTOMATICA,,60,24,BAIXA,TRUE,366,366,364,364,364,360,1,0.994535519125683,0.994535519125683,0.994535519125683,0.983606557377049,2,99,12,12
CEMADEN,261450101A,2025,Surubim [Bombeiros] - APAC,PLUVIOMETRICA_AUTOMATICA,,60,24,BAIXA,TRUE,365,365,365,365,364,355,1,1,1,0.997260273972603,0.972602739726027,1,102,12,12
CEMADEN,261460001A,2024,Tabira [Compesa] - APAC,PLUVIOMETRICA_AUTOMATICA,,60,24,ALTA,FALSE,366,182,171,164,157,148,0.497267759562842,0.467213114754098,0.448087431693989,0.42896174863388,0.404371584699454,173,14,7,4
CEMADEN,261460001A,2025,Tabira [Compesa] - APAC,PLUVIOMETRICA_AUTOMATICA,,60,24,BAIXA,TRUE,365,240,205,201,196,182,0.657534246575342,0.561643835616438,0.550684931506849,0.536986301369863,0.498630136986301,120,48,11,4
CEMADEN,261460001C,2017,TABIRA,PLUVIOMETRICA_AUTOMATICA,,60,24,BAIXA,TRUE,365,70,0,0,0,0,0.191780821917808,0,0,0,0,365,0,8,0
CEMADEN,261460001C,2018,TABIRA,PLUVIOMETRICA_AUTOMATICA,,60,24,MEDIA,FALSE,365,23,2,2,2,2,0.063013698630137,0.00547945205479452,0.00547945205479452,0.00547945205479452,0.00547945205479452,326,0,2,0
CEMADEN,261460001C,2022,TABIRA,PLUVIOMETRICA_AUTOMATICA,,60,24,BAIXA,TRUE,365,8,7,7,7,6,0.0219178082191781,0.0191780821917808,0.0191780821917808,0.0191780821917808,0.0164383561643836,180,2,2,0
CEMADEN,261470901A,2017,Centro,PLUVIOMETRICA_AUTOMATICA,,60,24,BAIXA,TRUE,365,365,365,363,361,356,1,1,0.994520547945205,0.989041095890411,0.975342465753425,2,138,12,12
CEMADEN,261470901A,2018,Centro,PLUVIOMETRICA_AUTOMATICA,,60,24,BAIXA,TRUE,365,365,361,361,360,351,1,0.989041095890411,0.989041095890411,0.986301369863014,0.961643835616438,1,90,12,12
CEMADEN,261470901A,2019,Centro,PLUVIOMETRICA_AUTOMATICA,,60,24,BAIXA,TRUE,365,362,347,343,340,329,0.991780821917808,0.950684931506849,0.93972602739726,0.931506849315068,0.901369863013699,5,94,12,11
CEMADEN,261470901A,2020,Centro,PLUVIOMETRICA_AUTOMATICA,,60,24,BAIXA,TRUE,366,366,356,350,349,340,1,0.972677595628415,0.956284153005464,0.953551912568306,0.92896174863388,2,109,12,12
CEMADEN,261470901A,2021,Centro,PLUVIOMETRICA_AUTOMATICA,,60,24,ALTA,FALSE,365,87,84,84,84,78,0.238356164383562,0.23013698630137,0.23013698630137,0.23013698630137,0.213698630136986,281,10,3,3
CEMADEN,261470902A,2017,TACAIMBO - APAC,PLUVIOMETRICA_AUTOMATICA,,60,24,ALTA,FALSE,365,34,30,28,23,6,0.0931506849315068,0.0821917808219178,0.0767123287671233,0.063013698630137,0.0164383561643836,333,2,2,0
CEMADEN,261470902A,2018,TACAIMBO - APAC,PLUVIOMETRICA_AUTOMATICA,,60,24,BAIXA,TRUE,365,361,320,314,305,271,0.989041095890411,0.876712328767123,0.86027397260274,0.835616438356164,0.742465753424658,10,65,12,10
CEMADEN,261470902A,2019,TACAIMBO - APAC,PLUVIOMETRICA_AUTOMATICA,,60,24,BAIXA,TRUE,365,344,289,272,246,200,0.942465753424658,0.791780821917808,0.745205479452055,0.673972602739726,0.547945205479452,25,71,12,5
CEMADEN,261470902A,2020,TACAIMBO - APAC,PLUVIOMETRICA_AUTOMATICA,,60,24,BAIXA,TRUE,366,223,144,132,121,109,0.609289617486339,0.39344262295082,0.360655737704918,0.330601092896175,0.297814207650273,107,53,10,3
CEMADEN,261470902A,2021,TACAIMBO - APAC,PLUVIOMETRICA_AUTOMATICA,,60,24,ALTA,FALSE,365,172,142,119,92,48,0.471232876712329,0.389041095890411,0.326027397260274,0.252054794520548,0.131506849315068,213,19,6,2
CEMADEN,261470902A,2022,TACAIMBO - APAC,PLUVIOMETRICA_AUTOMATICA,,60,24,BAIXA,TRUE,365,363,331,310,286,258,0.994520547945205,0.906849315068493,0.849315068493151,0.783561643835617,0.706849315068493,14,97,12,8
CEMADEN,261470902A,2023,TACAIMBO - APAC,PLUVIOMETRICA_AUTOMATICA,,60,24,BAIXA,TRUE,365,365,359,357,357,336,1,0.983561643835616,0.978082191780822,0.978082191780822,0.920547945205479,2,118,12,12
CEMADEN,261470902A,2024,TACAIMBO - APAC,PLUVIOMETRICA_AUTOMATICA,,60,24,BAIXA,TRUE,366,283,237,236,235,228,0.773224043715847,0.647540983606557,0.644808743169399,0.642076502732241,0.622950819672131,104,90,11,6
CEMADEN,261470902A,2025,TACAIMBO - APAC,PLUVIOMETRICA_AUTOMATICA,,60,24,BAIXA,TRUE,365,365,365,365,363,358,1,1,1,0.994520547945205,0.980821917808219,1,103,12,12
CEMADEN,261470903A,2025,G2-261470903A,PLUVIOMETRICA_AUTOMATICA,,60,24,ALTA,FALSE,365,120,119,119,118,110,0.328767123287671,0.326027397260274,0.326027397260274,0.323287671232877,0.301369863013699,246,12,4,4
CEMADEN,261470904A,2025,G2-261470904A,PLUVIOMETRICA_AUTOMATICA,,60,24,ALTA,FALSE,365,120,120,119,117,109,0.328767123287671,0.328767123287671,0.326027397260274,0.32054794520548,0.298630136986301,246,11,4,4
CEMADEN,261480801A,2023,Tacaratu [Secretária de Desenvolvimento Social] - APAC,PLUVIOMETRICA_AUTOMATICA,,60,24,BAIXA,TRUE,365,304,299,298,295,277,0.832876712328767,0.819178082191781,0.816438356164383,0.808219178082192,0.758904109589041,62,87,10,10
CEMADEN,261480801A,2024,Tacaratu [Secretária de Desenvolvimento Social] - APAC,PLUVIOMETRICA_AUTOMATICA,,60,24,BAIXA,TRUE,366,264,255,254,247,233,0.721311475409836,0.69672131147541,0.693989071038251,0.674863387978142,0.636612021857924,104,54,10,7
CEMADEN,261480801A,2025,Tacaratu [Secretária de Desenvolvimento Social] - APAC,PLUVIOMETRICA_AUTOMATICA,,60,24,BAIXA,TRUE,365,365,357,353,346,335,1,0.978082191780822,0.967123287671233,0.947945205479452,0.917808219178082,4,99,12,11
CEMADEN,261480801C,2017,TACARATU,PLUVIOMETRICA_AUTOMATICA,,10,144,ALTA,FALSE,365,134,35,34,34,33,0.367123287671233,0.0958904109589041,0.0931506849315068,0.0931506849315068,0.0904109589041096,155,0,9,0
CEMADEN,261480801C,2018,TACARATU,PLUVIOMETRICA_AUTOMATICA,,60,24,BAIXA,TRUE,365,340,325,325,324,324,0.931506849315068,0.89041095890411,0.89041095890411,0.887671232876712,0.887671232876712,26,75,12,10
CEMADEN,261480801C,2019,TACARATU,PLUVIOMETRICA_AUTOMATICA,,60,24,BAIXA,TRUE,365,300,249,246,243,242,0.821917808219178,0.682191780821918,0.673972602739726,0.665753424657534,0.663013698630137,50,68,12,6
CEMADEN,261480801C,2020,TACARATU,PLUVIOMETRICA_AUTOMATICA,,60,24,ALTA,FALSE,366,132,50,31,24,15,0.360655737704918,0.136612021857924,0.0846994535519126,0.0655737704918033,0.040983606557377,274,8,5,0
CEMADEN,261480801C,2022,TACARATU,PLUVIOMETRICA_AUTOMATICA,,60,24,BAIXA,TRUE,365,186,185,185,185,184,0.50958904109589,0.506849315068493,0.506849315068493,0.506849315068493,0.504109589041096,180,69,7,6
CEMADEN,261480801C,2023,TACARATU,PLUVIOMETRICA_AUTOMATICA,,60,24,BAIXA,TRUE,365,219,215,215,213,202,0.6,0.589041095890411,0.589041095890411,0.583561643835617,0.553424657534247,144,68,9,7
CEMADEN,261480801C,2024,TACARATU,PLUVIOMETRICA_AUTOMATICA,,60,24,BAIXA,TRUE,366,362,278,267,262,258,0.989071038251366,0.759562841530055,0.729508196721312,0.715846994535519,0.704918032786885,89,105,12,8
CEMADEN,261480801C,2025,TACARATU,PLUVIOMETRICA_AUTOMATICA,,60,24,ALTA,FALSE,365,238,68,64,59,57,0.652054794520548,0.186301369863014,0.175342465753425,0.161643835616438,0.156164383561644,221,8,12,1
CEMADEN,261485701A,2017,SAUÃ - APAC,PLUVIOMETRICA_AUTOMATICA,,60,24,BAIXA,TRUE,365,42,37,37,31,22,0.115068493150685,0.101369863013699,0.101369863013699,0.0849315068493151,0.0602739726027397,325,8,2,0
CEMADEN,261485701A,2018,SAUÃ - APAC,PLUVIOMETRICA_AUTOMATICA,,60,24,BAIXA,TRUE,365,365,360,359,352,336,1,0.986301369863014,0.983561643835616,0.964383561643836,0.920547945205479,2,149,12,12
CEMADEN,261485701A,2019,SAUÃ - APAC,PLUVIOMETRICA_AUTOMATICA,,60,24,BAIXA,TRUE,365,354,339,334,332,326,0.96986301369863,0.928767123287671,0.915068493150685,0.90958904109589,0.893150684931507,11,169,12,10
CEMADEN,261485701A,2020,SAUÊ - APAC,PLUVIOMETRICA_AUTOMATICA,,60,24,BAIXA,TRUE,366,364,355,354,352,331,0.994535519125683,0.969945355191257,0.967213114754098,0.961748633879781,0.904371584699454,5,170,12,11
CEMADEN,261485701A,2021,SAUÊ - APAC,PLUVIOMETRICA_AUTOMATICA,,60,24,BAIXA,TRUE,365,158,34,30,28,26,0.432876712328767,0.0931506849315068,0.0821917808219178,0.0767123287671233,0.0712328767123288,186,15,7,0
CEMADEN,261485701A,2022,SAUÊ - APAC,PLUVIOMETRICA_AUTOMATICA,,60,24,BAIXA,TRUE,365,89,70,68,66,65,0.243835616438356,0.191780821917808,0.186301369863014,0.180821917808219,0.178082191780822,204,25,6,1
CEMADEN,261485701A,2023,SAUÊ - APAC,PLUVIOMETRICA_AUTOMATICA,,60,24,BAIXA,TRUE,365,358,343,339,335,320,0.980821917808219,0.93972602739726,0.928767123287671,0.917808219178082,0.876712328767123,15,178,12,11
CEMADEN,261485701A,2024,SAUÊ - APAC,PLUVIOMETRICA_AUTOMATICA,,60,24,BAIXA,TRUE,366,314,305,304,298,289,0.85792349726776,0.833333333333333,0.830601092896175,0.814207650273224,0.789617486338798,54,146,12,10
CEMADEN,261485701A,2025,SAUÊ - APAC,PLUVIOMETRICA_AUTOMATICA,,60,24,BAIXA,TRUE,365,361,349,348,339,331,0.989041095890411,0.956164383561644,0.953424657534246,0.928767123287671,0.906849315068493,5,176,12,11
CEMADEN,261485702A,2017,TAMANDARE - APAC,PLUVIOMETRICA_AUTOMATICA,,60,24,ALTA,FALSE,365,41,39,38,31,14,0.112328767123288,0.106849315068493,0.104109589041096,0.0849315068493151,0.0383561643835616,326,5,2,0
CEMADEN,261485702A,2018,TAMANDARE - APAC,PLUVIOMETRICA_AUTOMATICA,,60,24,BAIXA,TRUE,365,365,363,363,355,330,1,0.994520547945205,0.994520547945205,0.972602739726027,0.904109589041096,2,146,12,12
CEMADEN,261485702A,2019,TAMANDARE - APAC,PLUVIOMETRICA_AUTOMATICA,,60,24,BAIXA,TRUE,365,352,341,340,339,330,0.964383561643836,0.934246575342466,0.931506849315068,0.928767123287671,0.904109589041096,11,145,12,11
CEMADEN,261485702A,2020,TAMANDARE - APAC,PLUVIOMETRICA_AUTOMATICA,,60,24,BAIXA,TRUE,366,354,328,327,324,315,0.967213114754098,0.896174863387978,0.89344262295082,0.885245901639344,0.860655737704918,38,142,12,10
CEMADEN,261485702A,2021,TAMANDARE - APAC,PLUVIOMETRICA_AUTOMATICA,,60,24,BAIXA,TRUE,365,365,365,364,363,350,1,1,0.997260273972603,0.994520547945205,0.958904109589041,1,163,12,12
CEMADEN,261485702A,2022,TAMANDARE - APAC,PLUVIOMETRICA_AUTOMATICA,,60,24,BAIXA,TRUE,365,365,361,360,359,344,1,0.989041095890411,0.986301369863014,0.983561643835616,0.942465753424658,2,183,12,12
CEMADEN,261485702A,2023,TAMANDARE - APAC,PLUVIOMETRICA_AUTOMATICA,,60,24,BAIXA,TRUE,365,346,314,311,311,309,0.947945205479452,0.86027397260274,0.852054794520548,0.852054794520548,0.846575342465753,51,146,12,10
CEMADEN,261485702A,2024,TAMANDARE - APAC,PLUVIOMETRICA_AUTOMATICA,,60,24,BAIXA,TRUE,366,344,339,339,339,339,0.939890710382514,0.926229508196721,0.926229508196721,0.926229508196721,0.926229508196721,25,139,12,11
CEMADEN,261485702A,2025,TAMANDARE - APAC,PLUVIOMETRICA_AUTOMATICA,,60,24,BAIXA,TRUE,365,365,365,365,364,357,1,1,1,0.997260273972603,0.978082191780822,1,159,12,12
CEMADEN,261500301A,2023,Taquaritinga do Norte [CAIC] - APAC,PLUVIOMETRICA_AUTOMATICA,,60,24,BAIXA,TRUE,365,297,296,295,293,287,0.813698630136986,0.810958904109589,0.808219178082192,0.802739726027397,0.786301369863014,69,132,10,9
CEMADEN,261500301A,2024,Taquaritinga do Norte [CAIC] - APAC,PLUVIOMETRICA_AUTOMATICA,,60,24,BAIXA,TRUE,366,331,314,313,308,298,0.904371584699454,0.85792349726776,0.855191256830601,0.841530054644809,0.814207650273224,17,107,12,9
CEMADEN,261500301A,2025,Taquaritinga do Norte [CAIC] - APAC,PLUVIOMETRICA_AUTOMATICA,,60,24,BAIXA,TRUE,365,319,296,295,291,286,0.873972602739726,0.810958904109589,0.808219178082192,0.797260273972603,0.783561643835617,24,105,12,8
CEMADEN,261500301C,2018,TAQUARITINGA DO NORTE,PLUVIOMETRICA_AUTOMATICA,,60,24,BAIXA,TRUE,365,249,7,6,4,1,0.682191780821918,0.0191780821917808,0.0164383561643836,0.010958904109589,0.00273972602739726,242,0,11,0
CEMADEN,261500301C,2019,TAQUARITINGA DO NORTE,PLUVIOMETRICA_AUTOMATICA,,60,24,BAIXA,TRUE,365,228,2,1,1,1,0.624657534246575,0.00547945205479452,0.00273972602739726,0.00273972602739726,0.00273972602739726,201,0,12,0
CEMADEN,261500301C,2020,TAQUARITINGA DO NORTE,PLUVIOMETRICA_AUTOMATICA,,60,24,BAIXA,TRUE,366,238,1,0,0,0,0.650273224043716,0.00273224043715847,0,0,0,366,0,12,0
CEMADEN,261500301C,2021,TAQUARITINGA DO NORTE,PLUVIOMETRICA_AUTOMATICA,,60,24,BAIXA,TRUE,365,254,10,10,10,8,0.695890410958904,0.0273972602739726,0.0273972602739726,0.0273972602739726,0.0219178082191781,355,2,12,0
CEMADEN,261500301C,2022,TAQUARITINGA DO NORTE,PLUVIOMETRICA_AUTOMATICA,,60,24,BAIXA,TRUE,365,206,203,203,203,190,0.564383561643836,0.556164383561644,0.556164383561644,0.556164383561644,0.520547945205479,132,71,8,6
CEMADEN,261500301C,2025,TAQUARITINGA DO NORTE,PLUVIOMETRICA_AUTOMATICA,,60,24,ALTA,FALSE,365,144,141,141,141,133,0.394520547945205,0.386301369863014,0.386301369863014,0.386301369863014,0.364383561643836,188,16,5,4
CEMADEN,261510201A,2019,TEREZINHA - APAC,PLUVIOMETRICA_AUTOMATICA,,60,24,ALTA,FALSE,365,95,88,87,87,69,0.26027397260274,0.241095890410959,0.238356164383562,0.238356164383562,0.189041095890411,261,0,4,2
CEMADEN,261510201A,2020,TEREZINHA - APAC,PLUVIOMETRICA_AUTOMATICA,,60,24,BAIXA,TRUE,366,230,224,219,208,176,0.628415300546448,0.612021857923497,0.598360655737705,0.568306010928962,0.480874316939891,137,60,8,6
CEMADEN,261510201A,2021,TEREZINHA - APAC,PLUVIOMETRICA_AUTOMATICA,,60,24,BAIXA,TRUE,365,266,156,155,151,140,0.728767123287671,0.427397260273973,0.424657534246575,0.413698630136986,0.383561643835616,93,52,10,5
CEMADEN,261510201A,2022,TEREZINHA - APAC,PLUVIOMETRICA_AUTOMATICA,,60,24,BAIXA,TRUE,365,102,100,98,97,95,0.279452054794521,0.273972602739726,0.268493150684932,0.265753424657534,0.26027397260274,264,24,4,3
CEMADEN,261510201A,2023,TEREZINHA - APAC,PLUVIOMETRICA_AUTOMATICA,,60,24,BAIXA,TRUE,365,365,364,364,364,347,1,0.997260273972603,0.997260273972603,0.997260273972603,0.950684931506849,1,143,12,12
CEMADEN,261510201A,2024,TEREZINHA - APAC,PLUVIOMETRICA_AUTOMATICA,,60,24,BAIXA,TRUE,366,366,364,364,364,360,1,0.994535519125683,0.994535519125683,0.994535519125683,0.983606557377049,2,145,12,12
CEMADEN,261510201A,2025,TEREZINHA - APAC,PLUVIOMETRICA_AUTOMATICA,,60,24,BAIXA,TRUE,365,365,365,365,363,351,1,1,1,0.994520547945205,0.961643835616438,1,133,12,12
CEMADEN,261520101A,2018,GUARANI - APAC,PLUVIOMETRICA_AUTOMATICA,,60,24,BAIXA,TRUE,365,35,33,33,33,28,0.0958904109589041,0.0904109589041096,0.0904109589041096,0.0904109589041096,0.0767123287671233,332,8,2,1
CEMADEN,261520101A,2019,GUARANI - APAC,PLUVIOMETRICA_AUTOMATICA,,60,24,BAIXA,TRUE,365,348,330,328,325,305,0.953424657534246,0.904109589041096,0.898630136986301,0.89041095890411,0.835616438356164,12,59,12,9
CEMADEN,261520101A,2020,GUARANI - APAC,PLUVIOMETRICA_AUTOMATICA,,60,24,BAIXA,FALSE,366,6,5,5,4,4,0.0163934426229508,0.0136612021857924,0.0136612021857924,0.0109289617486339,0.0109289617486339,361,1,2,0
CEMADEN,261520101A,2021,GUARANI - APAC,PLUVIOMETRICA_AUTOMATICA,,60,24,ALTA,FALSE,365,72,34,34,33,33,0.197260273972603,0.0931506849315068,0.0931506849315068,0.0904109589041096,0.0904109589041096,294,6,3,0
CEMADEN,261520101A,2022,GUARANI - APAC,PLUVIOMETRICA_AUTOMATICA,,60,24,ALTA,FALSE,365,83,5,5,4,3,0.227397260273973,0.0136986301369863,0.0136986301369863,0.010958904109589,0.00821917808219178,284,2,3,0
CEMADEN,261520101A,2023,GUARANI - APAC,PLUVIOMETRICA_AUTOMATICA,,60,24,BAIXA,TRUE,365,33,1,1,0,0,0.0904109589041096,0.00273972602739726,0.00273972602739726,0,0,365,0,4,0
CEMADEN,261520101A,2024,GUARANI - APAC,PLUVIOMETRICA_AUTOMATICA,,60,24,ALTA,FALSE,366,177,176,176,176,173,0.483606557377049,0.480874316939891,0.480874316939891,0.480874316939891,0.472677595628415,190,10,6,5
CEMADEN,261520101A,2025,GUARANI - APAC,PLUVIOMETRICA_AUTOMATICA,,60,24,BAIXA,TRUE,365,365,365,365,363,356,1,1,1,0.994520547945205,0.975342465753425,1,52,12,12
CEMADEN,261520101C,2018,TERRA NOVA,PLUVIOMETRICA_AUTOMATICA,,60,24,ALTA,FALSE,365,268,263,261,259,259,0.734246575342466,0.72054794520548,0.715068493150685,0.70958904109589,0.70958904109589,46,16,11,7
CEMADEN,261520101C,2019,TERRA NOVA,PLUVIOMETRICA_AUTOMATICA,,60,24,BAIXA,TRUE,365,196,0,0,0,0,0.536986301369863,0,0,0,0,365,0,9,0
CEMADEN,261520101C,2024,TERRA NOVA,PLUVIOMETRICA_AUTOMATICA,,60,24,ALTA,FALSE,366,154,153,153,153,153,0.420765027322404,0.418032786885246,0.418032786885246,0.418032786885246,0.418032786885246,213,10,6,5
CEMADEN,261520101C,2025,TERRA NOVA,PLUVIOMETRICA_AUTOMATICA,,60,24,BAIXA,TRUE,365,21,20,20,20,20,0.0575342465753425,0.0547945205479452,0.0547945205479452,0.0547945205479452,0.0547945205479452,345,9,1,0
CEMADEN,261520102A,2023,Terra Nova [Escola Francisco Hugo] - APAC,PLUVIOMETRICA_AUTOMATICA,,60,24,ALTA,FALSE,365,148,144,144,136,119,0.405479452054795,0.394520547945205,0.394520547945205,0.372602739726027,0.326027397260274,208,8,6,4
CEMADEN,261520102A,2024,Terra Nova [Escola Francisco Hugo] - APAC,PLUVIOMETRICA_AUTOMATICA,,60,24,BAIXA,TRUE,366,156,134,129,126,116,0.426229508196721,0.366120218579235,0.352459016393443,0.344262295081967,0.316939890710383,119,23,8,2
CEMADEN,261520102A,2025,Terra Nova [Escola Francisco Hugo] - APAC,PLUVIOMETRICA_AUTOMATICA,,60,24,BAIXA,TRUE,365,340,324,319,305,269,0.931506849315068,0.887671232876712,0.873972602739726,0.835616438356164,0.736986301369863,32,38,12,11
CEMADEN,261530001A,2017,USINA CRUANGI - APAC,PLUVIOMETRICA_AUTOMATICA,,60,24,ALTA,FALSE,365,40,38,38,32,18,0.10958904109589,0.104109589041096,0.104109589041096,0.0876712328767123,0.0493150684931507,326,5,2,0
CEMADEN,261530001A,2018,USINA CRUANGI - APAC,PLUVIOMETRICA_AUTOMATICA,,60,24,BAIXA,TRUE,365,365,361,360,354,327,1,0.989041095890411,0.986301369863014,0.96986301369863,0.895890410958904,2,113,12,11
CEMADEN,261530001A,2019,USINA CRUANGI - APAC,PLUVIOMETRICA_AUTOMATICA,,60,24,BAIXA,TRUE,365,353,341,340,339,322,0.967123287671233,0.934246575342466,0.931506849315068,0.928767123287671,0.882191780821918,11,122,12,10
CEMADEN,261530001A,2020,USINA CRUANGI - APAC,PLUVIOMETRICA_AUTOMATICA,,60,24,BAIXA,TRUE,366,347,343,336,324,291,0.948087431693989,0.937158469945355,0.918032786885246,0.885245901639344,0.795081967213115,23,91,12,9
CEMADEN,261530001A,2021,USINA CRUANGI - APAC,PLUVIOMETRICA_AUTOMATICA,,60,24,BAIXA,TRUE,365,208,187,186,185,173,0.56986301369863,0.512328767123288,0.50958904109589,0.506849315068493,0.473972602739726,144,51,8,4
CEMADEN,261530001A,2022,USINA CRUANGI - APAC,PLUVIOMETRICA_AUTOMATICA,,60,24,BAIXA,FALSE,365,8,1,1,1,1,0.0219178082191781,0.00273972602739726,0.00273972602739726,0.00273972602739726,0.00273972602739726,362,0,4,0
CEMADEN,261530001A,2023,USINA CRUANGI - APAC,PLUVIOMETRICA_AUTOMATICA,,60,24,BAIXA,TRUE,365,363,356,353,353,338,0.994520547945205,0.975342465753425,0.967123287671233,0.967123287671233,0.926027397260274,3,118,12,12
CEMADEN,261530001A,2024,USINA CRUANGI - APAC,PLUVIOMETRICA_AUTOMATICA,,60,24,BAIXA,TRUE,366,366,361,359,357,350,1,0.986338797814208,0.980874316939891,0.975409836065574,0.956284153005464,2,119,12,12
CEMADEN,261530001A,2025,USINA CRUANGI - APAC,PLUVIOMETRICA_AUTOMATICA,,60,24,BAIXA,TRUE,365,268,266,266,265,260,0.734246575342466,0.728767123287671,0.728767123287671,0.726027397260274,0.712328767123288,98,119,9,9
CEMADEN,261530002A,2017,ENGENHO SALGADO - APAC,PLUVIOMETRICA_AUTOMATICA,,60,24,ALTA,FALSE,365,40,39,39,37,23,0.10958904109589,0.106849315068493,0.106849315068493,0.101369863013699,0.063013698630137,326,4,2,1
CEMADEN,261530002A,2018,ENGENHO SALGADO - APAC,PLUVIOMETRICA_AUTOMATICA,,60,24,BAIXA,TRUE,365,365,362,361,358,344,1,0.991780821917808,0.989041095890411,0.980821917808219,0.942465753424658,2,105,12,12
CEMADEN,261530002A,2019,ENGENHO SALGADO - APAC,PLUVIOMETRICA_AUTOMATICA,,60,24,BAIXA,TRUE,365,350,311,309,308,294,0.958904109589041,0.852054794520548,0.846575342465753,0.843835616438356,0.805479452054795,39,122,12,8
CEMADEN,261530002A,2020,ENGENHO SALGADO - APAC,PLUVIOMETRICA_AUTOMATICA,,60,24,BAIXA,TRUE,366,366,365,363,363,346,1,0.997267759562842,0.991803278688525,0.991803278688525,0.945355191256831,1,110,12,12
CEMADEN,261530002A,2021,ENGENHO SALGADO - APAC,PLUVIOMETRICA_AUTOMATICA,,60,24,BAIXA,TRUE,365,188,88,88,85,82,0.515068493150685,0.241095890410959,0.241095890410959,0.232876712328767,0.224657534246575,162,28,8,2
CEMADEN,261530002A,2022,ENGENHO SALGADO - APAC,PLUVIOMETRICA_AUTOMATICA,,60,24,BAIXA,TRUE,365,102,42,42,39,37,0.279452054794521,0.115068493150685,0.115068493150685,0.106849315068493,0.101369863013699,272,19,4,1
CEMADEN,261540901A,2017,TORITAMA - APAC,PLUVIOMETRICA_AUTOMATICA,,60,24,MEDIA,FALSE,365,26,24,24,21,6,0.0712328767123288,0.0657534246575342,0.0657534246575342,0.0575342465753425,0.0164383561643836,341,2,1,0
CEMADEN,261540901A,2018,TORITAMA - APAC,PLUVIOMETRICA_AUTOMATICA,,60,24,BAIXA,TRUE,365,365,363,361,353,328,1,0.994520547945205,0.989041095890411,0.967123287671233,0.898630136986301,1,76,12,12
CEMADEN,261540901A,2019,TORITAMA - APAC,PLUVIOMETRICA_AUTOMATICA,,60,24,BAIXA,TRUE,365,342,324,321,317,300,0.936986301369863,0.887671232876712,0.879452054794521,0.868493150684932,0.821917808219178,14,81,12,9
CEMADEN,261540901A,2020,TORITAMA - APAC,PLUVIOMETRICA_AUTOMATICA,,60,24,ALTA,FALSE,366,319,218,217,217,211,0.871584699453552,0.595628415300546,0.592896174863388,0.592896174863388,0.576502732240437,147,46,12,7
CEMADEN,261540901A,2021,TORITAMA - APAC,PLUVIOMETRICA_AUTOMATICA,,60,24,ALTA,FALSE,365,188,184,184,183,172,0.515068493150685,0.504109589041096,0.504109589041096,0.501369863013699,0.471232876712329,178,17,7,5
CEMADEN,261540901A,2022,TORITAMA - APAC,PLUVIOMETRICA_AUTOMATICA,,60,24,BAIXA,TRUE,365,365,360,358,357,343,1,0.986301369863014,0.980821917808219,0.978082191780822,0.93972602739726,2,107,12,12
CEMADEN,261540901A,2023,TORITAMA - APAC,PLUVIOMETRICA_AUTOMATICA,,60,24,BAIXA,TRUE,365,318,290,283,258,222,0.871232876712329,0.794520547945206,0.775342465753425,0.706849315068493,0.608219178082192,68,65,12,6
CEMADEN,261540901A,2024,TORITAMA - APAC,PLUVIOMETRICA_AUTOMATICA,,60,24,BAIXA,TRUE,366,346,298,289,274,247,0.945355191256831,0.814207650273224,0.789617486338798,0.748633879781421,0.674863387978142,13,55,12,6
CEMADEN,261540901A,2025,TORITAMA - APAC,PLUVIOMETRICA_AUTOMATICA,,60,24,BAIXA,TRUE,365,310,294,290,286,281,0.849315068493151,0.805479452054795,0.794520547945206,0.783561643835617,0.76986301369863,28,76,12,8
CEMADEN,261550801A,2017,TRACUNHAEM - APAC,PLUVIOMETRICA_AUTOMATICA,,60,24,ALTA,FALSE,365,43,40,40,39,26,0.117808219178082,0.10958904109589,0.10958904109589,0.106849315068493,0.0712328767123288,324,3,2,1
CEMADEN,261550801A,2018,TRACUNHAEM - APAC,PLUVIOMETRICA_AUTOMATICA,,60,24,BAIXA,TRUE,365,365,362,361,360,333,1,0.991780821917808,0.989041095890411,0.986301369863014,0.912328767123288,2,123,12,12
CEMADEN,261550801A,2019,TRACUNHAEM - APAC,PLUVIOMETRICA_AUTOMATICA,,60,24,BAIXA,TRUE,365,353,340,340,337,333,0.967123287671233,0.931506849315068,0.931506849315068,0.923287671232877,0.912328767123288,11,119,12,10
CEMADEN,261550801A,2020,TRACUNHAEM - APAC,PLUVIOMETRICA_AUTOMATICA,,60,24,BAIXA,TRUE,366,278,277,274,273,268,0.759562841530055,0.756830601092896,0.748633879781421,0.745901639344262,0.73224043715847,90,89,10,8
CEMADEN,261550801A,2021,TRACUNHAEM - APAC,PLUVIOMETRICA_AUTOMATICA,,60,24,BAIXA,TRUE,365,121,97,97,96,96,0.331506849315069,0.265753424657534,0.265753424657534,0.263013698630137,0.263013698630137,135,43,6,2
CEMADEN,261550801A,2022,TRACUNHAEM - APAC,PLUVIOMETRICA_AUTOMATICA,,60,24,BAIXA,TRUE,365,156,150,149,149,147,0.427397260273973,0.410958904109589,0.408219178082192,0.408219178082192,0.402739726027397,109,34,7,4
CEMADEN,261550801A,2023,TRACUNHAEM - APAC,PLUVIOMETRICA_AUTOMATICA,,60,24,BAIXA,TRUE,365,365,364,364,363,351,1,0.997260273972603,0.997260273972603,0.994520547945205,0.961643835616438,1,144,12,12
CEMADEN,261550801A,2024,TRACUNHAEM - APAC,PLUVIOMETRICA_AUTOMATICA,,60,24,BAIXA,TRUE,366,360,343,342,342,339,0.983606557377049,0.937158469945355,0.934426229508197,0.934426229508197,0.926229508196721,24,107,12,11
CEMADEN,261550801A,2025,TRACUNHAEM - APAC,PLUVIOMETRICA_AUTOMATICA,,60,24,BAIXA,TRUE,365,266,265,265,264,254,0.728767123287671,0.726027397260274,0.726027397260274,0.723287671232877,0.695890410958904,100,124,9,8
CEMADEN,261560701A,2024,Trindade [PSF] - APAC,PLUVIOMETRICA_AUTOMATICA,,60,24,BAIXA,TRUE,366,118,98,90,89,81,0.3224043715847,0.26775956284153,0.245901639344262,0.243169398907104,0.221311475409836,92,53,9,1
CEMADEN,261560701A,2025,Trindade [PSF] - APAC,PLUVIOMETRICA_AUTOMATICA,,60,24,BAIXA,TRUE,365,199,171,167,163,150,0.545205479452055,0.468493150684932,0.457534246575342,0.446575342465753,0.410958904109589,122,43,9,4
CEMADEN,261560701U,2017,TRINDADE,PLUVIOMETRICA_AUTOMATICA,,10,144,ALTA,FALSE,365,43,4,4,4,2,0.117808219178082,0.010958904109589,0.010958904109589,0.010958904109589,0.00547945205479452,160,0,4,0
CEMADEN,261560701U,2018,TRINDADE,PLUVIOMETRICA_AUTOMATICA,,60,24,BAIXA,TRUE,365,122,112,112,111,111,0.334246575342466,0.306849315068493,0.306849315068493,0.304109589041096,0.304109589041096,159,15,6,2
CEMADEN,261560701U,2019,TRINDADE,PLUVIOMETRICA_AUTOMATICA,,60,24,BAIXA,TRUE,365,84,81,81,79,79,0.23013698630137,0.221917808219178,0.221917808219178,0.216438356164384,0.216438356164384,139,25,5,1
CEMADEN,261560701U,2021,TRINDADE,PLUVIOMETRICA_AUTOMATICA,,60,24,ALTA,FALSE,365,122,111,110,110,109,0.334246575342466,0.304109589041096,0.301369863013699,0.301369863013699,0.298630136986301,128,0,6,2
CEMADEN,261560701U,2022,TRINDADE,PLUVIOMETRICA_AUTOMATICA,,60,24,BAIXA,TRUE,365,184,179,179,179,176,0.504109589041096,0.49041095890411,0.49041095890411,0.49041095890411,0.482191780821918,159,42,8,5
CEMADEN,261560701U,2023,TRINDADE,PLUVIOMETRICA_AUTOMATICA,,60,24,BAIXA,TRUE,365,286,284,284,284,281,0.783561643835617,0.778082191780822,0.778082191780822,0.778082191780822,0.76986301369863,81,48,11,9
CEMADEN,261560701U,2024,TRINDADE,PLUVIOMETRICA_AUTOMATICA,,60,24,BAIXA,TRUE,366,358,355,355,354,353,0.978142076502732,0.969945355191257,0.969945355191257,0.967213114754098,0.96448087431694,10,97,12,11
CEMADEN,261560701U,2025,TRINDADE,PLUVIOMETRICA_AUTOMATICA,,60,24,BAIXA,TRUE,365,106,105,105,105,103,0.29041095890411,0.287671232876712,0.287671232876712,0.287671232876712,0.282191780821918,260,26,4,3
CEMADEN,261570601A,2018,TRIUNFO - APAC,PLUVIOMETRICA_AUTOMATICA,,60,24,BAIXA,TRUE,365,349,346,346,344,331,0.956164383561644,0.947945205479452,0.947945205479452,0.942465753424658,0.906849315068493,18,77,12,11
CEMADEN,261570601A,2019,TRIUNFO - APAC,PLUVIOMETRICA_AUTOMATICA,,60,24,BAIXA,TRUE,365,307,295,293,293,286,0.841095890410959,0.808219178082192,0.802739726027397,0.802739726027397,0.783561643835617,45,87,11,9
CEMADEN,261570601A,2020,TRIUNFO - APAC,PLUVIOMETRICA_AUTOMATICA,,60,24,BAIXA,TRUE,366,58,0,0,0,0,0.158469945355191,0,0,0,0,366,0,4,0
CEMADEN,261570601A,2021,TRIUNFO - APAC,PLUVIOMETRICA_AUTOMATICA,,60,24,BAIXA,TRUE,365,95,89,89,89,88,0.26027397260274,0.243835616438356,0.243835616438356,0.243835616438356,0.241095890410959,271,14,4,3
CEMADEN,261570601A,2022,TRIUNFO - APAC,PLUVIOMETRICA_AUTOMATICA,,60,24,ALTA,FALSE,365,90,14,13,5,3,0.246575342465753,0.0383561643835616,0.0356164383561644,0.0136986301369863,0.00821917808219178,278,2,4,0
CEMADEN,261570601A,2023,TRIUNFO - APAC,PLUVIOMETRICA_AUTOMATICA,,60,24,BAIXA,TRUE,365,317,304,303,303,297,0.868493150684932,0.832876712328767,0.83013698630137,0.83013698630137,0.813698630136986,45,105,11,8
CEMADEN,261570601A,2024,TRIUNFO - APAC,PLUVIOMETRICA_AUTOMATICA,,60,24,BAIXA,TRUE,366,347,321,317,313,307,0.948087431693989,0.877049180327869,0.866120218579235,0.855191256830601,0.83879781420765,12,95,12,9
CEMADEN,261570601A,2025,TRIUNFO - APAC,PLUVIOMETRICA_AUTOMATICA,,60,24,BAIXA,TRUE,365,358,241,237,233,227,0.980821917808219,0.66027397260274,0.649315068493151,0.638356164383562,0.621917808219178,54,91,12,8
CEMADEN,261580501A,2020,TUPANATINGA - APAC,PLUVIOMETRICA_AUTOMATICA,,60,24,BAIXA,TRUE,366,95,53,46,42,35,0.259562841530055,0.144808743169399,0.12568306010929,0.114754098360656,0.0956284153005464,154,23,5,0
CEMADEN,261580501A,2022,TUPANATINGA - APAC,PLUVIOMETRICA_AUTOMATICA,,60,24,BAIXA,FALSE,365,3,2,2,1,1,0.00821917808219178,0.00547945205479452,0.00547945205479452,0.00273972602739726,0.00273972602739726,258,0,1,0
CEMADEN,261580501A,2023,TUPANATINGA - APAC,PLUVIOMETRICA_AUTOMATICA,,10,144,BAIXA,TRUE,365,74,0,0,0,0,0.202739726027397,0,0,0,0,365,0,6,0
CEMADEN,261580501A,2024,TUPANATINGA - APAC,PLUVIOMETRICA_AUTOMATICA,,60,24,BAIXA,TRUE,366,243,229,227,227,224,0.663934426229508,0.62568306010929,0.620218579234973,0.620218579234973,0.612021857923497,136,66,10,7
CEMADEN,261580501A,2025,TUPANATINGA - APAC,PLUVIOMETRICA_AUTOMATICA,,60,24,BAIXA,TRUE,365,365,360,360,354,346,1,0.986301369863014,0.986301369863014,0.96986301369863,0.947945205479452,4,101,12,12
CEMADEN,261580501C,2017,TUPANATINGA,PLUVIOMETRICA_AUTOMATICA,,10,144,ALTA,FALSE,365,172,75,72,70,67,0.471232876712329,0.205479452054795,0.197260273972603,0.191780821917808,0.183561643835616,152,0,10,2
CEMADEN,261580501C,2018,TUPANATINGA,PLUVIOMETRICA_AUTOMATICA,,60,24,ALTA,FALSE,365,81,6,5,4,4,0.221917808219178,0.0164383561643836,0.0136986301369863,0.010958904109589,0.010958904109589,217,0,10,0
CEMADEN,261580501C,2019,TUPANATINGA,PLUVIOMETRICA_AUTOMATICA,,60,24,BAIXA,TRUE,365,7,0,0,0,0,0.0191780821917808,0,0,0,0,365,0,1,0
CEMADEN,261590401A,2023,Tuparetama [Compesa] - APAC,PLUVIOMETRICA_AUTOMATICA,,60,24,ALTA,FALSE,365,304,296,295,291,282,0.832876712328767,0.810958904109589,0.808219178082192,0.797260273972603,0.772602739726028,62,45,10,10
CEMADEN,261590401A,2024,Tuparetama [Compesa] - APAC,PLUVIOMETRICA_AUTOMATICA,,60,24,BAIXA,TRUE,366,338,308,301,293,266,0.923497267759563,0.841530054644809,0.822404371584699,0.800546448087432,0.726775956284153,12,53,12,7
CEMADEN,261590401A,2025,Tuparetama [Compesa] - APAC,PLUVIOMETRICA_AUTOMATICA,,60,24,BAIXA,TRUE,365,258,234,229,224,209,0.706849315068493,0.641095890410959,0.627397260273973,0.613698630136986,0.572602739726027,56,39,12,6
CEMADEN,261590401C,2017,TUPARETAMA,PLUVIOMETRICA_AUTOMATICA,,10,144,ALTA,FALSE,365,88,9,9,9,9,0.241095890410959,0.0246575342465753,0.0246575342465753,0.0246575342465753,0.0246575342465753,184,0,8,0
CEMADEN,261590401C,2018,TUPARETAMA,PLUVIOMETRICA_AUTOMATICA,,60,24,BAIXA,TRUE,365,319,298,298,297,297,0.873972602739726,0.816438356164383,0.816438356164383,0.813698630136986,0.813698630136986,38,59,12,8
CEMADEN,261590401C,2019,TUPARETAMA,PLUVIOMETRICA_AUTOMATICA,,60,24,ALTA,FALSE,365,352,244,239,236,235,0.964383561643836,0.668493150684932,0.654794520547945,0.646575342465753,0.643835616438356,60,12,12,7
CEMADEN,261590401C,2020,TUPARETAMA,PLUVIOMETRICA_AUTOMATICA,,60,24,ALTA,FALSE,366,347,94,69,33,9,0.948087431693989,0.256830601092896,0.188524590163934,0.0901639344262295,0.0245901639344262,227,0,12,0
CEMADEN,261590401C,2021,TUPARETAMA,PLUVIOMETRICA_AUTOMATICA,,60,24,BAIXA,TRUE,365,329,5,1,0,0,0.901369863013699,0.0136986301369863,0.00273972602739726,0,0,365,0,12,0
CEMADEN,261590401C,2022,TUPARETAMA,PLUVIOMETRICA_AUTOMATICA,,60,24,BAIXA,TRUE,365,257,10,5,1,0,0.704109589041096,0.0273972602739726,0.0136986301369863,0.00273972602739726,0,339,0,11,0
CEMADEN,261590401C,2023,TUPARETAMA,PLUVIOMETRICA_AUTOMATICA,,,1,BAIXA,FALSE,365,1,1,1,1,1,0.00273972602739726,0.00273972602739726,0.00273972602739726,0.00273972602739726,0.00273972602739726,249,0,1,0
CEMADEN,261590401C,2024,TUPARETAMA,PLUVIOMETRICA_AUTOMATICA,,60,24,ALTA,FALSE,366,212,185,184,175,134,0.579234972677596,0.505464480874317,0.502732240437159,0.478142076502732,0.366120218579235,136,18,9,4
CEMADEN,261590401C,2025,TUPARETAMA,PLUVIOMETRICA_AUTOMATICA,,60,24,BAIXA,TRUE,365,306,289,288,283,239,0.838356164383562,0.791780821917808,0.789041095890411,0.775342465753425,0.654794520547945,22,37,12,8
CEMADEN,261600101C,2017,VENTUROSA,PLUVIOMETRICA_AUTOMATICA,,10,144,ALTA,FALSE,365,226,43,41,40,38,0.619178082191781,0.117808219178082,0.112328767123288,0.10958904109589,0.104109589041096,159,0,12,0
CEMADEN,261600101C,2018,VENTUROSA,PLUVIOMETRICA_AUTOMATICA,,60,24,BAIXA,TRUE,365,363,329,325,322,320,0.994520547945205,0.901369863013699,0.89041095890411,0.882191780821918,0.876712328767123,35,52,12,10
CEMADEN,261600101C,2019,VENTUROSA,PLUVIOMETRICA_AUTOMATICA,,60,24,BAIXA,TRUE,365,254,216,211,207,206,0.695890410958904,0.591780821917808,0.578082191780822,0.567123287671233,0.564383561643836,50,37,11,5
CEMADEN,261600101C,2022,VENTUROSA,PLUVIOMETRICA_AUTOMATICA,,60,24,ALTA,FALSE,365,201,186,185,182,182,0.550684931506849,0.50958904109589,0.506849315068493,0.498630136986301,0.498630136986301,116,5,9,0
CEMADEN,261600101C,2023,VENTUROSA,PLUVIOMETRICA_AUTOMATICA,,60,24,BAIXA,TRUE,365,282,262,260,259,253,0.772602739726028,0.717808219178082,0.712328767123288,0.70958904109589,0.693150684931507,13,54,12,1
CEMADEN,261600101C,2024,VENTUROSA,PLUVIOMETRICA_AUTOMATICA,,60,24,BAIXA,TRUE,366,48,46,45,45,44,0.131147540983607,0.12568306010929,0.122950819672131,0.122950819672131,0.120218579234973,312,5,3,0
CEMADEN,261610001A,2023,VERDEJANTE - APAC,PLUVIOMETRICA_AUTOMATICA,,60,24,ALTA,FALSE,365,125,80,79,78,76,0.342465753424658,0.219178082191781,0.216438356164384,0.213698630136986,0.208219178082192,181,1,7,2
CEMADEN,261610001A,2024,VERDEJANTE - APAC,PLUVIOMETRICA_AUTOMATICA,,60,24,ALTA,FALSE,366,311,171,171,170,162,0.849726775956284,0.467213114754098,0.467213114754098,0.46448087431694,0.442622950819672,186,12,12,5
CEMADEN,261610001A,2025,VERDEJANTE - APAC,PLUVIOMETRICA_AUTOMATICA,,60,24,BAIXA,TRUE,365,363,355,354,353,347,0.994520547945205,0.972602739726027,0.96986301369863,0.967123287671233,0.950684931506849,5,63,12,12
CEMADEN,261618301A,2023,Vertente do Lério [EREN] - APAC,PLUVIOMETRICA_AUTOMATICA,,60,24,BAIXA,TRUE,365,165,165,163,163,154,0.452054794520548,0.452054794520548,0.446575342465753,0.446575342465753,0.421917808219178,201,51,6,5
CEMADEN,261618301A,2024,Vertente do Lério [EREN] - APAC,PLUVIOMETRICA_AUTOMATICA,,60,24,BAIXA,TRUE,366,339,303,302,295,286,0.926229508196721,0.827868852459016,0.825136612021858,0.806010928961749,0.781420765027322,25,88,12,8
CEMADEN,261618301A,2025,Vertente do Lério [EREN] - APAC,PLUVIOMETRICA_AUTOMATICA,,60,24,BAIXA,TRUE,365,234,203,201,200,189,0.641095890410959,0.556164383561644,0.550684931506849,0.547945205479452,0.517808219178082,120,47,10,5
CEMADEN,261618301C,2017,VERTENTE DO LERIO,PLUVIOMETRICA_AUTOMATICA,,10,144,ALTA,FALSE,365,157,44,43,37,34,0.43013698630137,0.120547945205479,0.117808219178082,0.101369863013699,0.0931506849315068,150,0,9,0
CEMADEN,261618301C,2018,VERTENTE DO LERIO,PLUVIOMETRICA_AUTOMATICA,,60,24,BAIXA,TRUE,365,344,207,189,178,173,0.942465753424658,0.567123287671233,0.517808219178082,0.487671232876712,0.473972602739726,46,47,12,4
CEMADEN,261618301C,2019,VERTENTE DO LERIO,PLUVIOMETRICA_AUTOMATICA,,60,24,BAIXA,TRUE,365,19,0,0,0,0,0.052054794520548,0,0,0,0,365,0,2,0
CEMADEN,261618301C,2022,VERTENTE DO LERIO,PLUVIOMETRICA_AUTOMATICA,,60,24,BAIXA,TRUE,365,28,26,26,26,26,0.0767123287671233,0.0712328767123288,0.0712328767123288,0.0712328767123288,0.0712328767123288,311,7,2,0
CEMADEN,261618301C,2023,VERTENTE DO LERIO,PLUVIOMETRICA_AUTOMATICA,,60,24,BAIXA,TRUE,365,90,88,87,87,87,0.246575342465753,0.241095890410959,0.238356164383562,0.238356164383562,0.238356164383562,230,26,5,2
CEMADEN,261618301C,2024,VERTENTE DO LERIO,PLUVIOMETRICA_AUTOMATICA,,60,24,BAIXA,TRUE,366,238,236,235,233,223,0.650273224043716,0.644808743169399,0.642076502732241,0.636612021857924,0.609289617486339,66,93,8,8
CEMADEN,261618301C,2025,VERTENTE DO LERIO,PLUVIOMETRICA_AUTOMATICA,,60,24,BAIXA,TRUE,365,109,103,103,103,100,0.298630136986301,0.282191780821918,0.282191780821918,0.282191780821918,0.273972602739726,188,31,5,2
CEMADEN,261630801A,2017,vicência01,PLUVIOMETRICA_AUTOMATICA,,60,24,BAIXA,TRUE,365,363,359,358,355,350,0.994520547945205,0.983561643835616,0.980821917808219,0.972602739726027,0.958904109589041,3,169,12,12
CEMADEN,261630801A,2018,vicência01,PLUVIOMETRICA_AUTOMATICA,,60,24,BAIXA,TRUE,365,365,362,362,360,354,1,0.991780821917808,0.991780821917808,0.986301369863014,0.96986301369863,2,119,12,12
CEMADEN,261630801A,2019,vicência01,PLUVIOMETRICA_AUTOMATICA,,60,24,BAIXA,TRUE,365,352,339,336,335,323,0.964383561643836,0.928767123287671,0.920547945205479,0.917808219178082,0.884931506849315,11,119,12,10
CEMADEN,261630801A,2020,vicência01,PLUVIOMETRICA_AUTOMATICA,,60,24,BAIXA,TRUE,366,366,356,352,347,330,1,0.972677595628415,0.961748633879781,0.948087431693989,0.901639344262295,2,117,12,12
CEMADEN,261630801A,2021,Estádio Municipal,PLUVIOMETRICA_AUTOMATICA,,60,24,BAIXA,TRUE,365,365,363,363,363,349,1,0.994520547945205,0.994520547945205,0.994520547945205,0.956164383561644,1,127,12,12
CEMADEN,261630801A,2022,Estádio Municipal,PLUVIOMETRICA_AUTOMATICA,,10,144,BAIXA,TRUE,365,313,0,0,0,0,0.857534246575342,0,0,0,0,365,0,12,0
CEMADEN,261630801A,2023,Estádio Municipal,PLUVIOMETRICA_AUTOMATICA,,60,24,ALTA,FALSE,365,286,17,13,9,9,0.783561643835617,0.0465753424657534,0.0356164383561644,0.0246575342465753,0.0246575342465753,143,6,10,0
CEMADEN,261630801A,2024,Estádio Municipal,PLUVIOMETRICA_AUTOMATICA,,60,24,BAIXA,TRUE,366,365,316,313,307,295,0.997267759562842,0.863387978142077,0.855191256830601,0.83879781420765,0.806010928961749,42,96,12,9
CEMADEN,261630801A,2025,Estádio Municipal,PLUVIOMETRICA_AUTOMATICA,,60,24,BAIXA,TRUE,365,300,299,298,296,296,0.821917808219178,0.819178082191781,0.816438356164383,0.810958904109589,0.810958904109589,67,113,11,9
CEMADEN,261630802A,2019,VICENCIA - APAC,PLUVIOMETRICA_AUTOMATICA,,60,24,BAIXA,TRUE,365,176,134,128,121,112,0.482191780821918,0.367123287671233,0.350684931506849,0.331506849315069,0.306849315068493,149,42,8,1
CEMADEN,261630802A,2020,VICENCIA - APAC,PLUVIOMETRICA_AUTOMATICA,,60,24,BAIXA,TRUE,366,349,319,298,278,231,0.953551912568306,0.871584699453552,0.814207650273224,0.759562841530055,0.631147540983607,18,98,12,8
CEMADEN,261630802A,2021,VICENCIA - APAC,PLUVIOMETRICA_AUTOMATICA,,60,24,BAIXA,TRUE,365,193,178,178,175,163,0.528767123287671,0.487671232876712,0.487671232876712,0.479452054794521,0.446575342465753,167,64,8,4
CEMADEN,261630802A,2022,VICENCIA - APAC,PLUVIOMETRICA_AUTOMATICA,,60,24,BAIXA,TRUE,365,365,357,353,350,343,1,0.978082191780822,0.967123287671233,0.958904109589041,0.93972602739726,4,139,12,12
CEMADEN,261630802A,2023,VICENCIA - APAC,PLUVIOMETRICA_AUTOMATICA,,60,24,BAIXA,TRUE,365,365,365,363,361,343,1,1,0.994520547945205,0.989041095890411,0.93972602739726,1,138,12,12
CEMADEN,261630802A,2024,VICENCIA - APAC,PLUVIOMETRICA_AUTOMATICA,,60,24,BAIXA,TRUE,366,354,342,340,337,326,0.967213114754098,0.934426229508197,0.92896174863388,0.920765027322404,0.890710382513661,9,115,12,10
CEMADEN,261630802A,2025,VICENCIA - APAC,PLUVIOMETRICA_AUTOMATICA,,60,24,BAIXA,TRUE,365,267,262,262,262,255,0.731506849315069,0.717808219178082,0.717808219178082,0.717808219178082,0.698630136986301,99,125,9,8
CEMADEN,261640702A,2017,Bairro C,PLUVIOMETRICA_AUTOMATICA,,60,24,BAIXA,TRUE,365,362,358,357,355,351,0.991780821917808,0.980821917808219,0.978082191780822,0.972602739726027,0.961643835616438,3,157,12,12
CEMADEN,261640702A,2018,Bairro C,PLUVIOMETRICA_AUTOMATICA,,60,24,BAIXA,TRUE,365,365,362,362,361,356,1,0.991780821917808,0.991780821917808,0.989041095890411,0.975342465753425,2,97,12,12
CEMADEN,261640702A,2019,Bairro C,PLUVIOMETRICA_AUTOMATICA,,60,24,BAIXA,TRUE,365,349,304,299,297,289,0.956164383561644,0.832876712328767,0.819178082191781,0.813698630136986,0.791780821917808,33,98,12,9
CEMADEN,261640702A,2020,Bairro C,PLUVIOMETRICA_AUTOMATICA,,60,24,BAIXA,TRUE,366,51,0,0,0,0,0.139344262295082,0,0,0,0,366,0,3,0
CEMADEN,261640702A,2021,Bairro C,PLUVIOMETRICA_AUTOMATICA,,60,24,BAIXA,TRUE,365,290,268,267,266,254,0.794520547945206,0.734246575342466,0.731506849315069,0.728767123287671,0.695890410958904,64,96,10,9
CEMADEN,261640702A,2022,Bairro C,PLUVIOMETRICA_AUTOMATICA,,60,24,BAIXA,TRUE,365,321,287,286,280,270,0.879452054794521,0.786301369863014,0.783561643835617,0.767123287671233,0.73972602739726,67,116,12,8
CEMADEN,261640702A,2023,Bairro C,PLUVIOMETRICA_AUTOMATICA,,60,24,BAIXA,TRUE,365,359,357,356,354,350,0.983561643835616,0.978082191780822,0.975342465753425,0.96986301369863,0.958904109589041,9,154,12,11
CEMADEN,261640702A,2024,Bairro C,PLUVIOMETRICA_AUTOMATICA,,60,24,BAIXA,TRUE,366,366,364,364,364,361,1,0.994535519125683,0.994535519125683,0.994535519125683,0.986338797814208,2,111,12,12
CEMADEN,261640702A,2025,Bairro C,PLUVIOMETRICA_AUTOMATICA,,60,24,BAIXA,TRUE,365,310,304,304,301,300,0.849315068493151,0.832876712328767,0.832876712328767,0.824657534246575,0.821917808219178,56,143,12,10
CEMADEN,261640703A,2017,Cajá,PLUVIOMETRICA_AUTOMATICA,,60,24,BAIXA,TRUE,365,362,357,357,354,348,0.991780821917808,0.978082191780822,0.978082191780822,0.96986301369863,0.953424657534246,4,104,12,12
CEMADEN,261640703A,2018,Cajá,PLUVIOMETRICA_AUTOMATICA,,60,24,ALTA,FALSE,365,365,363,363,360,355,1,0.994520547945205,0.994520547945205,0.986301369863014,0.972602739726027,2,0,12,12
CEMADEN,261640703A,2019,Cajá,PLUVIOMETRICA_AUTOMATICA,,60,24,BAIXA,TRUE,365,354,336,333,330,313,0.96986301369863,0.920547945205479,0.912328767123288,0.904109589041096,0.857534246575342,11,52,12,10
CEMADEN,261640703A,2020,Cajá,PLUVIOMETRICA_AUTOMATICA,,60,24,ALTA,FALSE,366,366,349,341,337,323,1,0.953551912568306,0.931693989071038,0.920765027322404,0.882513661202186,3,15,12,11
CEMADEN,261640703A,2021,Cajá,PLUVIOMETRICA_AUTOMATICA,,60,24,BAIXA,TRUE,365,365,365,364,363,345,1,1,0.997260273972603,0.994520547945205,0.945205479452055,1,113,12,12
CEMADEN,261640703A,2022,Cajá,PLUVIOMETRICA_AUTOMATICA,,60,24,BAIXA,TRUE,365,193,187,185,183,176,0.528767123287671,0.512328767123288,0.506849315068493,0.501369863013699,0.482191780821918,173,95,7,6
CEMADEN,261640703A,2023,Cajá,PLUVIOMETRICA_AUTOMATICA,,60,24,ALTA,FALSE,365,44,41,41,41,41,0.120547945205479,0.112328767123288,0.112328767123288,0.112328767123288,0.112328767123288,282,8,2,0
CEMADEN,261640703A,2024,Cajá,PLUVIOMETRICA_AUTOMATICA,,60,24,ALTA,FALSE,366,133,132,132,130,127,0.363387978142077,0.360655737704918,0.360655737704918,0.355191256830601,0.346994535519126,234,16,5,4
CEMADEN,261640703A,2025,Cajá,PLUVIOMETRICA_AUTOMATICA,,60,24,BAIXA,TRUE,365,365,365,365,365,356,1,1,1,1,0.975342465753425,0,63,12,12
CEMADEN,261640704A,2017,Livramento,PLUVIOMETRICA_AUTOMATICA,,60,24,BAIXA,TRUE,365,363,359,358,356,353,0.994520547945205,0.983561643835616,0.980821917808219,0.975342465753425,0.967123287671233,3,167,12,12
CEMADEN,261640704A,2018,Livramento,PLUVIOMETRICA_AUTOMATICA,,60,24,BAIXA,TRUE,365,365,362,362,361,354,1,0.991780821917808,0.991780821917808,0.989041095890411,0.96986301369863,1,111,12,12
CEMADEN,261640704A,2019,Livramento,PLUVIOMETRICA_AUTOMATICA,,60,24,BAIXA,TRUE,365,354,336,333,329,318,0.96986301369863,0.920547945205479,0.912328767123288,0.901369863013699,0.871232876712329,11,109,12,10
CEMADEN,261640704A,2020,Livramento,PLUVIOMETRICA_AUTOMATICA,,60,24,BAIXA,TRUE,366,366,354,350,347,331,1,0.967213114754098,0.956284153005464,0.948087431693989,0.904371584699454,3,91,12,12
CEMADEN,261640704A,2021,Livramento,PLUVIOMETRICA_AUTOMATICA,,60,24,BAIXA,TRUE,365,356,354,354,354,340,0.975342465753425,0.96986301369863,0.96986301369863,0.96986301369863,0.931506849315068,10,123,12,11
CEMADEN,261640704A,2022,Livramento,PLUVIOMETRICA_AUTOMATICA,,60,24,BAIXA,TRUE,365,295,285,283,281,265,0.808219178082192,0.780821917808219,0.775342465753425,0.76986301369863,0.726027397260274,66,115,10,9
CEMADEN,261640704A,2023,Livramento,PLUVIOMETRICA_AUTOMATICA,,60,24,ALTA,FALSE,365,39,35,35,35,34,0.106849315068493,0.0958904109589041,0.0958904109589041,0.0958904109589041,0.0931506849315068,267,3,3,0
CEMADEN,261640704A,2024,Livramento,PLUVIOMETRICA_AUTOMATICA,,60,24,ALTA,FALSE,366,133,132,132,132,131,0.363387978142077,0.360655737704918,0.360655737704918,0.360655737704918,0.35792349726776,234,18,5,4
CEMADEN,261640704A,2025,Livramento,PLUVIOMETRICA_AUTOMATICA,,60,24,BAIXA,TRUE,365,365,365,365,364,363,1,1,1,0.997260273972603,0.994520547945205,1,143,12,12
CEMADEN,261640705A,2017,VITORIA DE SANTO ANTAO - APAC,PLUVIOMETRICA_AUTOMATICA,,60,24,ALTA,FALSE,365,39,23,16,5,2,0.106849315068493,0.063013698630137,0.0438356164383562,0.0136986301369863,0.00547945205479452,328,2,2,0
CEMADEN,261640705A,2018,VITORIA DE SANTO ANTAO - APAC,PLUVIOMETRICA_AUTOMATICA,,60,24,BAIXA,TRUE,365,365,338,315,292,229,1,0.926027397260274,0.863013698630137,0.8,0.627397260273973,8,120,12,8
CEMADEN,261640705A,2019,VITORIA DE SANTO ANTAO - APAC,PLUVIOMETRICA_AUTOMATICA,,60,24,BAIXA,TRUE,365,356,332,328,322,308,0.975342465753425,0.90958904109589,0.898630136986301,0.882191780821918,0.843835616438356,12,146,12,9
CEMADEN,261640705A,2020,VITORIA DE SANTO ANTAO - APAC,PLUVIOMETRICA_AUTOMATICA,,60,24,BAIXA,TRUE,366,343,222,219,213,187,0.937158469945355,0.60655737704918,0.598360655737705,0.581967213114754,0.510928961748634,139,87,12,7
CEMADEN,261640705A,2021,VITORIA DE SANTO ANTAO - APAC,PLUVIOMETRICA_AUTOMATICA,,60,24,BAIXA,TRUE,365,228,194,190,189,168,0.624657534246575,0.531506849315069,0.520547945205479,0.517808219178082,0.46027397260274,118,90,9,4
CEMADEN,261640705A,2022,VITORIA DE SANTO ANTAO - APAC,PLUVIOMETRICA_AUTOMATICA,,60,24,BAIXA,TRUE,365,44,41,37,33,23,0.120547945205479,0.112328767123288,0.101369863013699,0.0904109589041096,0.063013698630137,326,15,3,1
CEMADEN,261650601A,2017,Centro,PLUVIOMETRICA_AUTOMATICA,,60,24,BAIXA,TRUE,365,365,365,365,365,359,1,1,1,1,0.983561643835616,0,190,12,12
CEMADEN,261650601A,2018,Centro,PLUVIOMETRICA_AUTOMATICA,,60,24,BAIXA,TRUE,365,365,363,362,362,353,1,0.994520547945205,0.991780821917808,0.991780821917808,0.967123287671233,2,137,12,12
CEMADEN,261650601A,2019,Centro,PLUVIOMETRICA_AUTOMATICA,,60,24,BAIXA,TRUE,365,262,253,251,250,245,0.717808219178082,0.693150684931507,0.687671232876712,0.684931506849315,0.671232876712329,101,131,9,7
CEMADEN,261650601A,2020,Centro,PLUVIOMETRICA_AUTOMATICA,,60,24,BAIXA,TRUE,366,189,185,178,169,143,0.516393442622951,0.505464480874317,0.486338797814208,0.461748633879781,0.390710382513661,178,65,7,5
CEMADEN,261650601A,2021,Centro,PLUVIOMETRICA_AUTOMATICA,,60,24,BAIXA,TRUE,365,359,356,354,350,329,0.983561643835616,0.975342465753425,0.96986301369863,0.958904109589041,0.901369863013699,7,101,12,11
CEMADEN,261650601A,2022,Centro,PLUVIOMETRICA_AUTOMATICA,,60,24,BAIXA,TRUE,365,365,356,354,353,344,1,0.975342465753425,0.96986301369863,0.967123287671233,0.942465753424658,4,182,12,12
CEMADEN,261650601A,2023,Centro,PLUVIOMETRICA_AUTOMATICA,,60,24,BAIXA,TRUE,365,346,344,340,337,315,0.947945205479452,0.942465753424658,0.931506849315068,0.923287671232877,0.863013698630137,20,172,12,11
CEMADEN,261650601A,2024,Centro,PLUVIOMETRICA_AUTOMATICA,,60,24,BAIXA,TRUE,366,343,340,340,340,338,0.937158469945355,0.92896174863388,0.92896174863388,0.92896174863388,0.923497267759563,24,160,12,11
CEMADEN,261650601A,2025,Centro,PLUVIOMETRICA_AUTOMATICA,,60,24,BAIXA,TRUE,365,365,365,364,362,362,1,1,0.997260273972603,0.991780821917808,0.991780821917808,1,168,12,12
CEMADEN,261650602A,2017,XEXEU - APAC,PLUVIOMETRICA_AUTOMATICA,,60,24,BAIXA,TRUE,365,20,18,18,18,15,0.0547945205479452,0.0493150684931507,0.0493150684931507,0.0493150684931507,0.0410958904109589,347,6,1,0
CEMADEN,261650602A,2018,XEXEU - APAC,PLUVIOMETRICA_AUTOMATICA,,60,24,BAIXA,TRUE,365,365,365,365,362,349,1,1,1,0.991780821917808,0.956164383561644,1,137,12,12
CEMADEN,261650602A,2019,XEXEU - APAC,PLUVIOMETRICA_AUTOMATICA,,60,24,BAIXA,TRUE,365,354,341,339,335,325,0.96986301369863,0.934246575342466,0.928767123287671,0.917808219178082,0.89041095890411,12,155,12,11
CEMADEN,261650602A,2020,XEXEU - APAC,PLUVIOMETRICA_AUTOMATICA,,60,24,BAIXA,TRUE,366,260,258,256,253,247,0.710382513661202,0.704918032786885,0.699453551912568,0.691256830601093,0.674863387978142,107,138,9,8
CEMADEN,261650602A,2021,XEXEU - APAC,PLUVIOMETRICA_AUTOMATICA,,60,24,BAIXA,TRUE,365,169,159,157,156,151,0.463013698630137,0.435616438356164,0.43013698630137,0.427397260273973,0.413698630136986,197,69,6,5
CEMADEN,261650602A,2022,XEXEU - APAC,PLUVIOMETRICA_AUTOMATICA,,60,24,BAIXA,TRUE,365,18,17,16,16,14,0.0493150684931507,0.0465753424657534,0.0438356164383562,0.0438356164383562,0.0383561643835616,348,5,1,0
INMET,82753,2017,OURICURI,CONVENCIONAL,Horaria,360,4,ALTA,FALSE,365,365,365,0,0,0,1,1,0,0,0,365,0,12,0
INMET,82753,2018,OURICURI,CONVENCIONAL,Horaria,360,4,ALTA,FALSE,365,365,365,0,0,0,1,1,0,0,0,365,0,12,0
INMET,82753,2019,OURICURI,CONVENCIONAL,Horaria,360,4,ALTA,FALSE,365,335,315,0,0,0,0.917808219178082,0.863013698630137,0,0,0,365,0,11,0
INMET,82753,2020,OURICURI,CONVENCIONAL,Horaria,360,4,ALTA,FALSE,366,366,347,0,0,0,1,0.948087431693989,0,0,0,366,0,12,0
INMET,82753,2021,OURICURI,CONVENCIONAL,Horaria,360,4,ALTA,FALSE,365,261,252,0,0,0,0.715068493150685,0.69041095890411,0,0,0,365,0,9,0
INMET,82753,2022,OURICURI,CONVENCIONAL,Horaria,,,NAO_INFERIDA,TRUE,365,0,0,0,0,0,0,,,,,,0,0,0
INMET,82753,2023,OURICURI,CONVENCIONAL,Horaria,720,2,BAIXA,FALSE,365,1,1,1,1,1,0.00273972602739726,0.00273972602739726,0.00273972602739726,0.00273972602739726,0.00273972602739726,212,0,1,0
INMET,82753,2024,OURICURI,CONVENCIONAL,Horaria,,,NAO_INFERIDA,TRUE,366,0,0,0,0,0,0,,,,,,0,0,0
INMET,82753,2025,OURICURI,CONVENCIONAL,Horaria,,,NAO_INFERIDA,TRUE,365,0,0,0,0,0,0,,,,,,0,0,0
INMET,82781,2017,NAZARE DA MATA,CONVENCIONAL,Horaria,,,NAO_INFERIDA,TRUE,365,0,0,0,0,0,0,,,,,,0,0,0
INMET,82781,2018,NAZARE DA MATA,CONVENCIONAL,Horaria,,,NAO_INFERIDA,TRUE,365,0,0,0,0,0,0,,,,,,0,0,0
INMET,82781,2019,NAZARE DA MATA,CONVENCIONAL,Horaria,,,NAO_INFERIDA,TRUE,365,0,0,0,0,0,0,,,,,,0,0,0
INMET,82781,2020,NAZARE DA MATA,CONVENCIONAL,Horaria,,,NAO_INFERIDA,TRUE,366,0,0,0,0,0,0,,,,,,0,0,0
INMET,82781,2021,NAZARE DA MATA,CONVENCIONAL,Horaria,,,NAO_INFERIDA,TRUE,365,0,0,0,0,0,0,,,,,,0,0,0
INMET,82781,2022,NAZARE DA MATA,CONVENCIONAL,Horaria,,,NAO_INFERIDA,TRUE,365,0,0,0,0,0,0,,,,,,0,0,0
INMET,82781,2023,NAZARE DA MATA,CONVENCIONAL,Horaria,,,NAO_INFERIDA,TRUE,365,0,0,0,0,0,0,,,,,,0,0,0
INMET,82781,2024,NAZARE DA MATA,CONVENCIONAL,Horaria,,,NAO_INFERIDA,TRUE,366,0,0,0,0,0,0,,,,,,0,0,0
INMET,82781,2025,NAZARE DA MATA,CONVENCIONAL,Horaria,,,NAO_INFERIDA,TRUE,365,0,0,0,0,0,0,,,,,,0,0,0
INMET,82789,2017,TRIUNFO,CONVENCIONAL,Horaria,360,4,ALTA,FALSE,365,289,30,0,0,0,0.791780821917808,0.0821917808219178,0,0,0,365,0,10,0
INMET,82789,2018,TRIUNFO,CONVENCIONAL,Horaria,360,4,BAIXA,TRUE,365,83,0,0,0,0,0.227397260273973,0,0,0,0,365,0,3,0
INMET,82797,2017,SURUBIM,CONVENCIONAL,Horaria,360,4,ALTA,FALSE,365,365,306,0,0,0,1,0.838356164383562,0,0,0,365,0,12,0
INMET,82797,2018,SURUBIM,CONVENCIONAL,Horaria,360,4,ALTA,FALSE,365,365,306,0,0,0,1,0.838356164383562,0,0,0,365,0,12,0
INMET,82797,2019,SURUBIM,CONVENCIONAL,Horaria,360,4,ALTA,FALSE,365,334,274,0,0,0,0.915068493150685,0.750684931506849,0,0,0,365,0,11,0
INMET,82797,2020,SURUBIM,CONVENCIONAL,Horaria,720,2,BAIXA,TRUE,366,336,336,336,336,336,0.918032786885246,0.918032786885246,0.918032786885246,0.918032786885246,0.918032786885246,1,21,12,12
INMET,82797,2021,SURUBIM,CONVENCIONAL,Horaria,360,4,BAIXA,TRUE,365,19,0,0,0,0,0.052054794520548,0,0,0,0,365,0,1,0
INMET,82797,2022,SURUBIM,CONVENCIONAL,Horaria,,,NAO_INFERIDA,TRUE,365,0,0,0,0,0,0,,,,,,0,0,0
INMET,82797,2023,SURUBIM,CONVENCIONAL,Horaria,720,2,BAIXA,FALSE,365,2,2,2,2,2,0.00547945205479452,0.00547945205479452,0.00547945205479452,0.00547945205479452,0.00547945205479452,349,0,1,0
INMET,82797,2024,SURUBIM,CONVENCIONAL,Horaria,,,NAO_INFERIDA,TRUE,366,0,0,0,0,0,0,,,,,,0,0,0
INMET,82797,2025,SURUBIM,CONVENCIONAL,Horaria,360,4,ALTA,FALSE,365,61,60,0,0,0,0.167123287671233,0.164383561643836,0,0,0,365,0,2,0
INMET,82799,2017,GOIANA,CONVENCIONAL,Horaria,,,NAO_INFERIDA,TRUE,365,0,0,0,0,0,0,,,,,,0,0,0
INMET,82799,2018,GOIANA,CONVENCIONAL,Horaria,,,NAO_INFERIDA,TRUE,365,0,0,0,0,0,0,,,,,,0,0,0
INMET,82799,2019,GOIANA,CONVENCIONAL,Horaria,,,NAO_INFERIDA,TRUE,365,0,0,0,0,0,0,,,,,,0,0,0
INMET,82799,2020,GOIANA,CONVENCIONAL,Horaria,,,NAO_INFERIDA,TRUE,366,0,0,0,0,0,0,,,,,,0,0,0
INMET,82799,2021,GOIANA,CONVENCIONAL,Horaria,,,NAO_INFERIDA,TRUE,365,0,0,0,0,0,0,,,,,,0,0,0
INMET,82799,2022,GOIANA,CONVENCIONAL,Horaria,,,NAO_INFERIDA,TRUE,365,0,0,0,0,0,0,,,,,,0,0,0
INMET,82799,2023,GOIANA,CONVENCIONAL,Horaria,,,NAO_INFERIDA,TRUE,365,0,0,0,0,0,0,,,,,,0,0,0
INMET,82799,2024,GOIANA,CONVENCIONAL,Horaria,,,NAO_INFERIDA,TRUE,366,0,0,0,0,0,0,,,,,,0,0,0
INMET,82799,2025,GOIANA,CONVENCIONAL,Horaria,,,NAO_INFERIDA,TRUE,365,0,0,0,0,0,0,,,,,,0,0,0
INMET,82886,2017,CABROBO,CONVENCIONAL,Horaria,360,4,ALTA,FALSE,365,362,176,0,0,0,0.991780821917808,0.482191780821918,0,0,0,365,0,12,0
INMET,82886,2018,CABROBO,CONVENCIONAL,Horaria,720,2,BAIXA,TRUE,365,345,345,345,345,345,0.945205479452055,0.945205479452055,0.945205479452055,0.945205479452055,0.945205479452055,20,55,12,11
INMET,82886,2019,CABROBO,CONVENCIONAL,Horaria,720,2,ALTA,FALSE,365,345,345,345,345,345,0.945205479452055,0.945205479452055,0.945205479452055,0.945205479452055,0.945205479452055,20,0,12,11
INMET,82886,2020,CABROBO,CONVENCIONAL,Horaria,720,2,ALTA,FALSE,366,314,314,314,314,314,0.85792349726776,0.85792349726776,0.85792349726776,0.85792349726776,0.85792349726776,1,0,12,12
INMET,82886,2021,CABROBO,CONVENCIONAL,Horaria,720,2,ALTA,FALSE,365,314,314,314,314,314,0.86027397260274,0.86027397260274,0.86027397260274,0.86027397260274,0.86027397260274,1,0,12,12
INMET,82886,2022,CABROBO,CONVENCIONAL,Horaria,720,2,ALTA,FALSE,365,297,296,296,296,296,0.813698630136986,0.810958904109589,0.810958904109589,0.810958904109589,0.810958904109589,19,0,12,11
INMET,82886,2023,CABROBO,CONVENCIONAL,Horaria,720,2,ALTA,FALSE,365,153,152,152,152,152,0.419178082191781,0.416438356164384,0.416438356164384,0.416438356164384,0.416438356164384,184,0,6,5
INMET,82886,2024,CABROBO,CONVENCIONAL,Horaria,,,NAO_INFERIDA,TRUE,366,0,0,0,0,0,0,,,,,,0,0,0
INMET,82886,2025,CABROBO,CONVENCIONAL,Horaria,,,NAO_INFERIDA,TRUE,365,0,0,0,0,0,0,,,,,,0,0,0
INMET,82890,2017,ARCO VERDE,CONVENCIONAL,Horaria,360,4,ALTA,FALSE,365,365,273,0,0,0,1,0.747945205479452,0,0,0,365,0,12,0
INMET,82890,2018,ARCO VERDE,CONVENCIONAL,Horaria,360,4,ALTA,FALSE,365,365,304,0,0,0,1,0.832876712328767,0,0,0,365,0,12,0
INMET,82890,2019,ARCO VERDE,CONVENCIONAL,Horaria,360,4,ALTA,FALSE,365,365,266,0,0,0,1,0.728767123287671,0,0,0,365,0,12,0
INMET,82890,2020,ARCO VERDE,CONVENCIONAL,Horaria,720,2,BAIXA,TRUE,366,324,324,324,324,324,0.885245901639344,0.885245901639344,0.885245901639344,0.885245901639344,0.885245901639344,1,55,12,12
INMET,82890,2021,ARCO VERDE,CONVENCIONAL,Horaria,720,2,ALTA,FALSE,365,234,234,234,234,234,0.641095890410959,0.641095890410959,0.641095890410959,0.641095890410959,0.641095890410959,92,0,9,9
INMET,82890,2022,ARCO VERDE,CONVENCIONAL,Horaria,,,NAO_INFERIDA,TRUE,365,0,0,0,0,0,0,,,,,,0,0,0
INMET,82890,2023,ARCO VERDE,CONVENCIONAL,Horaria,,,NAO_INFERIDA,TRUE,365,0,0,0,0,0,0,,,,,,0,0,0
INMET,82890,2024,ARCO VERDE,CONVENCIONAL,Horaria,,,NAO_INFERIDA,TRUE,366,0,0,0,0,0,0,,,,,,0,0,0
INMET,82890,2025,ARCO VERDE,CONVENCIONAL,Horaria,,,NAO_INFERIDA,TRUE,365,0,0,0,0,0,0,,,,,,0,0,0
INMET,82893,2017,GARANHUNS,CONVENCIONAL,Horaria,360,4,BAIXA,TRUE,365,309,0,0,0,0,0.846575342465753,0,0,0,0,365,0,12,0
INMET,82893,2018,GARANHUNS,CONVENCIONAL,Horaria,360,4,BAIXA,TRUE,365,298,0,0,0,0,0.816438356164383,0,0,0,0,365,0,12,0
INMET,82893,2019,GARANHUNS,CONVENCIONAL,Horaria,360,4,BAIXA,TRUE,365,281,0,0,0,0,0.76986301369863,0,0,0,0,365,0,12,0
INMET,82893,2020,GARANHUNS,CONVENCIONAL,Horaria,360,4,BAIXA,TRUE,366,27,0,0,0,0,0.0737704918032787,0,0,0,0,366,0,1,0
INMET,82893,2021,GARANHUNS,CONVENCIONAL,Horaria,,,NAO_INFERIDA,TRUE,365,0,0,0,0,0,0,,,,,,0,0,0
INMET,82893,2022,GARANHUNS,CONVENCIONAL,Horaria,,,NAO_INFERIDA,TRUE,365,0,0,0,0,0,0,,,,,,0,0,0
INMET,82897,2017,TAPACURA,CONVENCIONAL,Horaria,,,NAO_INFERIDA,TRUE,365,0,0,0,0,0,0,,,,,,0,0,0
INMET,82897,2018,TAPACURA,CONVENCIONAL,Horaria,,,NAO_INFERIDA,TRUE,365,0,0,0,0,0,0,,,,,,0,0,0
INMET,82897,2019,TAPACURA,CONVENCIONAL,Horaria,,,NAO_INFERIDA,TRUE,365,0,0,0,0,0,0,,,,,,0,0,0
INMET,82897,2020,TAPACURA,CONVENCIONAL,Horaria,,,NAO_INFERIDA,TRUE,366,0,0,0,0,0,0,,,,,,0,0,0
INMET,82897,2021,TAPACURA,CONVENCIONAL,Horaria,,,NAO_INFERIDA,TRUE,365,0,0,0,0,0,0,,,,,,0,0,0
INMET,82897,2022,TAPACURA,CONVENCIONAL,Horaria,,,NAO_INFERIDA,TRUE,365,0,0,0,0,0,0,,,,,,0,0,0
INMET,82897,2023,TAPACURA,CONVENCIONAL,Horaria,,,NAO_INFERIDA,TRUE,365,0,0,0,0,0,0,,,,,,0,0,0
INMET,82897,2024,TAPACURA,CONVENCIONAL,Horaria,,,NAO_INFERIDA,TRUE,366,0,0,0,0,0,0,,,,,,0,0,0
INMET,82897,2025,TAPACURA,CONVENCIONAL,Horaria,,,NAO_INFERIDA,TRUE,365,0,0,0,0,0,0,,,,,,0,0,0
INMET,82898,2017,OLINDA,CONVENCIONAL,Horaria,,,NAO_INFERIDA,TRUE,365,0,0,0,0,0,0,,,,,,0,0,0
INMET,82898,2018,OLINDA,CONVENCIONAL,Horaria,,,NAO_INFERIDA,TRUE,365,0,0,0,0,0,0,,,,,,0,0,0
INMET,82898,2019,OLINDA,CONVENCIONAL,Horaria,,,NAO_INFERIDA,TRUE,365,0,0,0,0,0,0,,,,,,0,0,0
INMET,82898,2020,OLINDA,CONVENCIONAL,Horaria,,,NAO_INFERIDA,TRUE,366,0,0,0,0,0,0,,,,,,0,0,0
INMET,82898,2021,OLINDA,CONVENCIONAL,Horaria,,,NAO_INFERIDA,TRUE,365,0,0,0,0,0,0,,,,,,0,0,0
INMET,82898,2022,OLINDA,CONVENCIONAL,Horaria,,,NAO_INFERIDA,TRUE,365,0,0,0,0,0,0,,,,,,0,0,0
INMET,82898,2023,OLINDA,CONVENCIONAL,Horaria,,,NAO_INFERIDA,TRUE,365,0,0,0,0,0,0,,,,,,0,0,0
INMET,82898,2024,OLINDA,CONVENCIONAL,Horaria,,,NAO_INFERIDA,TRUE,366,0,0,0,0,0,0,,,,,,0,0,0
INMET,82898,2025,OLINDA,CONVENCIONAL,Horaria,,,NAO_INFERIDA,TRUE,365,0,0,0,0,0,0,,,,,,0,0,0
INMET,82900,2017,RECIFE (CURADO),CONVENCIONAL,Horaria,360,4,ALTA,FALSE,365,365,362,0,0,0,1,0.991780821917808,0,0,0,365,0,12,0
INMET,82900,2018,RECIFE (CURADO),CONVENCIONAL,Horaria,360,4,ALTA,FALSE,365,365,362,0,0,0,1,0.991780821917808,0,0,0,365,0,12,0
INMET,82900,2019,RECIFE (CURADO),CONVENCIONAL,Horaria,360,4,ALTA,FALSE,365,335,333,0,0,0,0.917808219178082,0.912328767123288,0,0,0,365,0,11,0
INMET,82900,2020,RECIFE (CURADO),CONVENCIONAL,Horaria,360,4,ALTA,FALSE,366,242,203,0,0,0,0.66120218579235,0.554644808743169,0,0,0,366,0,8,0
INMET,82983,2017,PETROLINA,CONVENCIONAL,Horaria,360,4,ALTA,FALSE,365,365,303,0,0,0,1,0.83013698630137,0,0,0,365,0,12,0
INMET,82983,2018,PETROLINA,CONVENCIONAL,Horaria,360,4,ALTA,FALSE,365,365,302,0,0,0,1,0.827397260273973,0,0,0,365,0,12,0
INMET,82983,2019,PETROLINA,CONVENCIONAL,Horaria,360,4,ALTA,FALSE,365,362,303,0,0,0,0.991780821917808,0.83013698630137,0,0,0,365,0,12,0
INMET,82983,2020,PETROLINA,CONVENCIONAL,Horaria,360,4,ALTA,FALSE,366,362,335,0,0,0,0.989071038251366,0.915300546448087,0,0,0,366,0,12,0
INMET,82983,2021,PETROLINA,CONVENCIONAL,Horaria,360,4,ALTA,FALSE,365,268,242,0,0,0,0.734246575342466,0.663013698630137,0,0,0,365,0,9,0
INMET,82983,2022,PETROLINA,CONVENCIONAL,Horaria,,,NAO_INFERIDA,TRUE,365,0,0,0,0,0,0,,,,,,0,0,0
INMET,82983,2023,PETROLINA,CONVENCIONAL,Horaria,,,NAO_INFERIDA,TRUE,365,0,0,0,0,0,0,,,,,,0,0,0
INMET,82983,2024,PETROLINA,CONVENCIONAL,Horaria,,,NAO_INFERIDA,TRUE,366,0,0,0,0,0,0,,,,,,0,0,0
INMET,82983,2025,PETROLINA,CONVENCIONAL,Horaria,,,NAO_INFERIDA,TRUE,365,0,0,0,0,0,0,,,,,,0,0,0
INMET,A301,2017,RECIFE,AUTOMATICA,Horaria,60,24,ALTA,FALSE,365,352,335,334,332,326,0.964383561643836,0.917808219178082,0.915068493150685,0.90958904109589,0.893150684931507,11,0,12,10
INMET,A301,2018,RECIFE,AUTOMATICA,Horaria,60,24,ALTA,FALSE,365,351,341,337,336,332,0.961643835616438,0.934246575342466,0.923287671232877,0.920547945205479,0.90958904109589,14,0,12,10
INMET,A301,2019,RECIFE,AUTOMATICA,Horaria,60,24,ALTA,FALSE,365,365,365,365,365,360,1,1,1,1,0.986301369863014,0,0,12,12
INMET,A301,2020,RECIFE,AUTOMATICA,Horaria,60,24,ALTA,FALSE,366,366,366,366,366,359,1,1,1,1,0.980874316939891,0,0,12,12
INMET,A301,2021,RECIFE,AUTOMATICA,Horaria,60,24,ALTA,FALSE,365,313,312,312,311,294,0.857534246575342,0.854794520547945,0.854794520547945,0.852054794520548,0.805479452054795,51,0,11,10
INMET,A307,2017,PETROLINA,AUTOMATICA,Horaria,60,24,ALTA,FALSE,365,365,365,365,365,365,1,1,1,1,1,0,0,12,12
INMET,A307,2018,PETROLINA,AUTOMATICA,Horaria,60,24,ALTA,FALSE,365,286,251,249,246,245,0.783561643835617,0.687671232876712,0.682191780821918,0.673972602739726,0.671232876712329,114,0,11,8
INMET,A307,2019,PETROLINA,AUTOMATICA,Horaria,60,24,ALTA,FALSE,365,365,365,365,365,365,1,1,1,1,1,0,0,12,12
INMET,A307,2020,PETROLINA,AUTOMATICA,Horaria,60,24,ALTA,FALSE,366,366,366,366,366,366,1,1,1,1,1,0,0,12,12
INMET,A307,2021,PETROLINA,AUTOMATICA,Horaria,60,24,ALTA,FALSE,365,365,365,365,365,365,1,1,1,1,1,0,0,12,12
INMET,A307,2022,PETROLINA,AUTOMATICA,Horaria,60,24,ALTA,FALSE,365,222,222,222,222,222,0.608219178082192,0.608219178082192,0.608219178082192,0.608219178082192,0.608219178082192,143,0,8,7
INMET,A307,2023,PETROLINA,AUTOMATICA,Horaria,60,24,ALTA,FALSE,365,243,241,240,239,239,0.665753424657534,0.66027397260274,0.657534246575342,0.654794520547945,0.654794520547945,124,0,8,8
INMET,A307,2024,PETROLINA,AUTOMATICA,Horaria,60,24,ALTA,FALSE,366,158,135,133,127,119,0.431693989071038,0.368852459016393,0.363387978142077,0.346994535519126,0.325136612021858,97,0,9,3
INMET,A307,2025,PETROLINA,AUTOMATICA,Horaria,,,NAO_INFERIDA,TRUE,365,0,0,0,0,0,0,,,,,,0,0,0
INMET,A309,2017,ARCO VERDE,AUTOMATICA,Horaria,60,24,ALTA,FALSE,365,336,335,335,333,333,0.920547945205479,0.917808219178082,0.917808219178082,0.912328767123288,0.912328767123288,31,0,12,11
INMET,A309,2018,ARCO VERDE,AUTOMATICA,Horaria,60,24,ALTA,FALSE,365,276,275,275,274,274,0.756164383561644,0.753424657534247,0.753424657534247,0.750684931506849,0.750684931506849,59,0,10,9
INMET,A309,2019,ARCO VERDE,AUTOMATICA,Horaria,60,24,ALTA,FALSE,365,307,306,306,306,306,0.841095890410959,0.838356164383562,0.838356164383562,0.838356164383562,0.838356164383562,59,0,11,10
INMET,A309,2020,ARCO VERDE,AUTOMATICA,Horaria,60,24,ALTA,FALSE,366,121,121,121,120,119,0.330601092896175,0.330601092896175,0.330601092896175,0.327868852459016,0.325136612021858,246,0,4,4
INMET,A309,2021,ARCO VERDE,AUTOMATICA,Horaria,60,24,BAIXA,TRUE,365,239,0,0,0,0,0.654794520547945,0,0,0,0,365,0,11,0
INMET,A309,2022,ARCO VERDE,AUTOMATICA,Horaria,60,24,ALTA,FALSE,365,313,131,131,131,131,0.857534246575342,0.358904109589041,0.358904109589041,0.358904109589041,0.358904109589041,234,0,12,4
INMET,A309,2023,ARCO VERDE,AUTOMATICA,Horaria,60,24,ALTA,FALSE,365,347,334,334,334,334,0.950684931506849,0.915068493150685,0.915068493150685,0.915068493150685,0.915068493150685,6,0,12,10
INMET,A309,2024,ARCO VERDE,AUTOMATICA,Horaria,60,24,ALTA,FALSE,366,351,338,337,336,331,0.959016393442623,0.923497267759563,0.920765027322404,0.918032786885246,0.904371584699454,9,0,12,10
INMET,A309,2025,ARCO VERDE,AUTOMATICA,Horaria,60,24,ALTA,FALSE,365,297,296,296,294,285,0.813698630136986,0.810958904109589,0.810958904109589,0.805479452054795,0.780821917808219,69,0,10,9
INMET,A322,2017,GARANHUNS,AUTOMATICA,Horaria,60,24,ALTA,FALSE,365,365,340,340,339,338,1,0.931506849315068,0.931506849315068,0.928767123287671,0.926027397260274,26,0,12,11
INMET,A322,2018,GARANHUNS,AUTOMATICA,Horaria,60,24,ALTA,FALSE,365,355,278,278,278,278,0.972602739726027,0.761643835616438,0.761643835616438,0.761643835616438,0.761643835616438,87,0,12,9
INMET,A322,2019,GARANHUNS,AUTOMATICA,Horaria,60,24,ALTA,FALSE,365,365,365,365,365,365,1,1,1,1,1,0,0,12,12
INMET,A322,2020,GARANHUNS,AUTOMATICA,Horaria,60,24,ALTA,FALSE,366,366,366,366,366,366,1,1,1,1,1,0,0,12,12
INMET,A322,2021,GARANHUNS,AUTOMATICA,Horaria,60,24,ALTA,FALSE,365,233,232,231,230,229,0.638356164383562,0.635616438356164,0.632876712328767,0.63013698630137,0.627397260273973,133,0,8,7
INMET,A322,2022,GARANHUNS,AUTOMATICA,Horaria,60,24,ALTA,FALSE,365,214,202,192,190,190,0.586301369863014,0.553424657534247,0.526027397260274,0.520547945205479,0.520547945205479,153,0,8,6
INMET,A322,2023,GARANHUNS,AUTOMATICA,Horaria,60,24,ALTA,FALSE,365,334,334,333,330,319,0.915068493150685,0.915068493150685,0.912328767123288,0.904109589041096,0.873972602739726,32,0,11,11
INMET,A322,2024,GARANHUNS,AUTOMATICA,Horaria,,,NAO_INFERIDA,TRUE,366,0,0,0,0,0,0,,,,,,0,0,0
INMET,A322,2025,GARANHUNS,AUTOMATICA,Horaria,,,NAO_INFERIDA,TRUE,365,0,0,0,0,0,0,,,,,,0,0,0
INMET,A328,2017,SURUBIM,AUTOMATICA,Horaria,60,24,ALTA,FALSE,365,364,364,363,362,359,0.997260273972603,0.997260273972603,0.994520547945205,0.991780821917808,0.983561643835616,2,0,12,12
INMET,A328,2018,SURUBIM,AUTOMATICA,Horaria,60,24,ALTA,FALSE,365,332,248,248,246,245,0.90958904109589,0.679452054794521,0.679452054794521,0.673972602739726,0.671232876712329,87,0,11,8
INMET,A328,2019,SURUBIM,AUTOMATICA,Horaria,60,24,ALTA,FALSE,365,185,184,184,183,183,0.506849315068493,0.504109589041096,0.504109589041096,0.501369863013699,0.501369863013699,181,0,7,6
INMET,A328,2020,SURUBIM,AUTOMATICA,Horaria,60,24,BAIXA,TRUE,366,61,0,0,0,0,0.166666666666667,0,0,0,0,366,0,2,0
INMET,A328,2021,SURUBIM,AUTOMATICA,Horaria,60,24,BAIXA,TRUE,365,365,0,0,0,0,1,0,0,0,0,365,0,12,0
INMET,A328,2022,SURUBIM,AUTOMATICA,Horaria,60,24,ALTA,FALSE,365,365,213,213,212,172,1,0.583561643835617,0.583561643835617,0.580821917808219,0.471232876712329,152,0,12,7
INMET,A328,2023,SURUBIM,AUTOMATICA,Horaria,60,24,ALTA,FALSE,365,365,315,313,311,304,1,0.863013698630137,0.857534246575342,0.852054794520548,0.832876712328767,49,0,12,10
INMET,A328,2024,SURUBIM,AUTOMATICA,Horaria,60,24,ALTA,FALSE,366,188,111,111,111,110,0.513661202185792,0.30327868852459,0.30327868852459,0.30327868852459,0.300546448087432,151,0,8,3
INMET,A328,2025,SURUBIM,AUTOMATICA,Horaria,60,24,ALTA,FALSE,365,94,93,92,90,88,0.257534246575342,0.254794520547945,0.252054794520548,0.246575342465753,0.241095890410959,272,0,4,3
INMET,A329,2017,CABROBO,AUTOMATICA,Horaria,60,24,ALTA,FALSE,365,364,362,362,362,362,0.997260273972603,0.991780821917808,0.991780821917808,0.991780821917808,0.991780821917808,3,0,12,12
INMET,A329,2018,CABROBO,AUTOMATICA,Horaria,60,24,ALTA,FALSE,365,351,324,324,324,323,0.961643835616438,0.887671232876712,0.887671232876712,0.887671232876712,0.884931506849315,41,0,12,10
INMET,A329,2019,CABROBO,AUTOMATICA,Horaria,60,24,ALTA,FALSE,365,361,286,286,286,285,0.989041095890411,0.783561643835617,0.783561643835617,0.783561643835617,0.780821917808219,79,0,12,9
INMET,A329,2020,CABROBO,AUTOMATICA,Horaria,60,24,ALTA,FALSE,366,366,366,366,366,365,1,1,1,1,0.997267759562842,0,0,12,12
INMET,A329,2021,CABROBO,AUTOMATICA,Horaria,60,24,ALTA,FALSE,365,364,329,329,328,325,0.997260273972603,0.901369863013699,0.901369863013699,0.898630136986301,0.89041095890411,36,0,12,11
INMET,A329,2022,CABROBO,AUTOMATICA,Horaria,60,24,ALTA,FALSE,365,145,127,127,127,127,0.397260273972603,0.347945205479452,0.347945205479452,0.347945205479452,0.347945205479452,238,0,8,4
INMET,A329,2023,CABROBO,AUTOMATICA,Horaria,60,24,ALTA,FALSE,365,365,365,365,365,364,1,1,1,1,0.997260273972603,0,0,12,12
INMET,A329,2024,CABROBO,AUTOMATICA,Horaria,60,24,ALTA,FALSE,366,366,366,366,366,366,1,1,1,1,1,0,0,12,12
INMET,A329,2025,CABROBO,AUTOMATICA,Horaria,60,24,ALTA,FALSE,365,90,90,90,89,89,0.246575342465753,0.246575342465753,0.246575342465753,0.243835616438356,0.243835616438356,276,0,3,3
INMET,A341,2017,CARUARU,AUTOMATICA,Horaria,60,24,ALTA,FALSE,365,183,182,182,181,181,0.501369863013699,0.498630136986301,0.498630136986301,0.495890410958904,0.495890410958904,184,0,7,6
INMET,A341,2018,CARUARU,AUTOMATICA,Horaria,60,24,ALTA,FALSE,365,235,222,222,220,219,0.643835616438356,0.608219178082192,0.608219178082192,0.602739726027397,0.6,71,0,11,6
INMET,A341,2019,CARUARU,AUTOMATICA,Horaria,60,24,ALTA,FALSE,365,305,304,304,303,303,0.835616438356164,0.832876712328767,0.832876712328767,0.83013698630137,0.83013698630137,62,0,11,10
INMET,A341,2020,CARUARU,AUTOMATICA,Horaria,60,24,ALTA,FALSE,366,366,366,366,366,366,1,1,1,1,1,0,0,12,12
INMET,A341,2021,CARUARU,AUTOMATICA,Horaria,60,24,MEDIA,FALSE,365,26,25,24,24,24,0.0712328767123288,0.0684931506849315,0.0657534246575342,0.0657534246575342,0.0657534246575342,341,0,2,0
INMET,A341,2022,CARUARU,AUTOMATICA,Horaria,60,24,ALTA,FALSE,365,134,130,129,129,128,0.367123287671233,0.356164383561644,0.353424657534247,0.353424657534247,0.350684931506849,153,0,6,4
INMET,A341,2023,CARUARU,AUTOMATICA,Horaria,60,24,ALTA,FALSE,365,189,186,186,185,182,0.517808219178082,0.50958904109589,0.50958904109589,0.506849315068493,0.498630136986301,128,0,8,5
INMET,A341,2024,CARUARU,AUTOMATICA,Horaria,60,24,ALTA,FALSE,366,157,140,139,138,138,0.42896174863388,0.382513661202186,0.379781420765027,0.377049180327869,0.377049180327869,209,0,6,4
INMET,A341,2025,CARUARU,AUTOMATICA,Horaria,60,24,ALTA,FALSE,365,365,365,365,364,361,1,1,1,0.997260273972603,0.989041095890411,1,0,12,12
INMET,A349,2017,IBIMIRIM,AUTOMATICA,Horaria,60,24,ALTA,FALSE,365,361,318,313,312,312,0.989041095890411,0.871232876712329,0.857534246575342,0.854794520547945,0.854794520547945,53,0,12,9
INMET,A349,2018,IBIMIRIM,AUTOMATICA,Horaria,60,24,ALTA,FALSE,365,334,334,334,333,333,0.915068493150685,0.915068493150685,0.915068493150685,0.912328767123288,0.912328767123288,32,0,11,11
INMET,A349,2019,IBIMIRIM,AUTOMATICA,Horaria,60,24,ALTA,FALSE,365,185,140,140,140,140,0.506849315068493,0.383561643835616,0.383561643835616,0.383561643835616,0.383561643835616,225,0,7,4
INMET,A349,2020,IBIMIRIM,AUTOMATICA,Horaria,60,24,ALTA,FALSE,366,366,366,366,366,366,1,1,1,1,1,0,0,12,12
INMET,A349,2021,IBIMIRIM,AUTOMATICA,Horaria,60,24,ALTA,FALSE,365,365,364,364,364,363,1,0.997260273972603,0.997260273972603,0.997260273972603,0.994520547945205,1,0,12,12
INMET,A349,2022,IBIMIRIM,AUTOMATICA,Horaria,60,24,ALTA,FALSE,365,316,314,314,313,313,0.865753424657534,0.86027397260274,0.86027397260274,0.857534246575342,0.857534246575342,51,0,12,10
INMET,A349,2023,IBIMIRIM,AUTOMATICA,Horaria,60,24,ALTA,FALSE,365,365,365,365,365,365,1,1,1,1,1,0,0,12,12
INMET,A349,2024,IBIMIRIM,AUTOMATICA,Horaria,60,24,ALTA,FALSE,366,158,156,156,156,155,0.431693989071038,0.426229508196721,0.426229508196721,0.426229508196721,0.423497267759563,210,0,7,5
INMET,A349,2025,IBIMIRIM,AUTOMATICA,Horaria,60,24,ALTA,FALSE,365,365,365,365,364,362,1,1,1,0.997260273972603,0.991780821917808,1,0,12,12
INMET,A350,2017,SERRA TALHADA,AUTOMATICA,Horaria,60,24,ALTA,FALSE,365,365,365,365,365,365,1,1,1,1,1,0,0,12,12
INMET,A350,2018,SERRA TALHADA,AUTOMATICA,Horaria,60,24,ALTA,FALSE,365,325,323,323,323,322,0.89041095890411,0.884931506849315,0.884931506849315,0.884931506849315,0.882191780821918,42,0,12,10
INMET,A350,2019,SERRA TALHADA,AUTOMATICA,Horaria,60,24,ALTA,FALSE,365,365,365,365,365,365,1,1,1,1,1,0,0,12,12
INMET,A350,2020,SERRA TALHADA,AUTOMATICA,Horaria,60,24,ALTA,FALSE,366,366,366,366,366,366,1,1,1,1,1,0,0,12,12
INMET,A350,2021,SERRA TALHADA,AUTOMATICA,Horaria,60,24,ALTA,FALSE,365,272,178,178,176,176,0.745205479452055,0.487671232876712,0.487671232876712,0.482191780821918,0.482191780821918,179,0,12,5
INMET,A350,2022,SERRA TALHADA,AUTOMATICA,Horaria,,,NAO_INFERIDA,TRUE,365,0,0,0,0,0,0,,,,,,0,0,0
INMET,A350,2023,SERRA TALHADA,AUTOMATICA,Horaria,60,24,ALTA,FALSE,365,306,305,305,305,304,0.838356164383562,0.835616438356164,0.835616438356164,0.835616438356164,0.832876712328767,60,0,10,10
INMET,A350,2024,SERRA TALHADA,AUTOMATICA,Horaria,60,24,ALTA,FALSE,366,257,255,255,255,255,0.702185792349727,0.69672131147541,0.69672131147541,0.69672131147541,0.69672131147541,111,0,10,8
INMET,A350,2025,SERRA TALHADA,AUTOMATICA,Horaria,60,24,ALTA,FALSE,365,147,73,72,70,68,0.402739726027397,0.2,0.197260273972603,0.191780821917808,0.186301369863014,273,0,6,2
INMET,A351,2017,FLORESTA,AUTOMATICA,Horaria,60,24,ALTA,FALSE,365,293,291,291,291,291,0.802739726027397,0.797260273972603,0.797260273972603,0.797260273972603,0.797260273972603,74,0,11,9
INMET,A351,2018,FLORESTA,AUTOMATICA,Horaria,60,24,ALTA,FALSE,365,365,365,365,365,365,1,1,1,1,1,0,0,12,12
INMET,A351,2019,FLORESTA,AUTOMATICA,Horaria,60,24,ALTA,FALSE,365,334,332,332,332,331,0.915068493150685,0.90958904109589,0.90958904109589,0.90958904109589,0.906849315068493,33,0,12,10
INMET,A351,2020,FLORESTA,AUTOMATICA,Horaria,60,24,ALTA,FALSE,366,336,335,335,334,334,0.918032786885246,0.915300546448087,0.915300546448087,0.912568306010929,0.912568306010929,32,0,12,11
INMET,A351,2021,FLORESTA,AUTOMATICA,Horaria,60,24,ALTA,FALSE,365,239,238,238,236,236,0.654794520547945,0.652054794520548,0.652054794520548,0.646575342465753,0.646575342465753,98,0,9,8
INMET,A351,2022,FLORESTA,AUTOMATICA,Horaria,60,24,ALTA,FALSE,365,128,127,127,127,127,0.350684931506849,0.347945205479452,0.347945205479452,0.347945205479452,0.347945205479452,238,0,5,4
INMET,A351,2023,FLORESTA,AUTOMATICA,Horaria,60,24,ALTA,FALSE,365,365,365,365,365,365,1,1,1,1,1,0,0,12,12
INMET,A351,2024,FLORESTA,AUTOMATICA,Horaria,60,24,ALTA,FALSE,366,365,361,361,360,357,0.997267759562842,0.986338797814208,0.986338797814208,0.983606557377049,0.975409836065574,5,0,12,12
INMET,A351,2025,FLORESTA,AUTOMATICA,Horaria,,,NAO_INFERIDA,TRUE,365,0,0,0,0,0,0,,,,,,0,0,0
INMET,A357,2017,PALMARES,AUTOMATICA,Horaria,60,24,ALTA,FALSE,365,228,224,223,223,223,0.624657534246575,0.613698630136986,0.610958904109589,0.610958904109589,0.610958904109589,128,0,9,6
INMET,A357,2018,PALMARES,AUTOMATICA,Horaria,60,24,ALTA,FALSE,365,307,296,296,296,294,0.841095890410959,0.810958904109589,0.810958904109589,0.810958904109589,0.805479452054795,20,0,12,8
INMET,A357,2019,PALMARES,AUTOMATICA,Horaria,60,24,ALTA,FALSE,365,247,234,233,231,230,0.676712328767123,0.641095890410959,0.638356164383562,0.632876712328767,0.63013698630137,44,0,11,7
INMET,A357,2020,PALMARES,AUTOMATICA,Horaria,60,24,ALTA,FALSE,366,31,31,31,30,30,0.0846994535519126,0.0846994535519126,0.0846994535519126,0.0819672131147541,0.0819672131147541,336,0,1,1
INMET,A357,2021,PALMARES,AUTOMATICA,Horaria,60,24,ALTA,FALSE,365,86,83,83,82,78,0.235616438356164,0.227397260273973,0.227397260273973,0.224657534246575,0.213698630136986,154,0,5,3
INMET,A357,2022,PALMARES,AUTOMATICA,Horaria,60,24,ALTA,FALSE,365,114,113,113,112,112,0.312328767123288,0.30958904109589,0.30958904109589,0.306849315068493,0.306849315068493,160,0,4,3
INMET,A357,2023,PALMARES,AUTOMATICA,Horaria,60,24,ALTA,FALSE,365,228,227,227,227,227,0.624657534246575,0.621917808219178,0.621917808219178,0.621917808219178,0.621917808219178,138,0,8,7
INMET,A357,2024,PALMARES,AUTOMATICA,Horaria,60,24,ALTA,FALSE,366,221,220,220,219,219,0.603825136612022,0.601092896174863,0.601092896174863,0.598360655737705,0.598360655737705,147,0,8,7
INMET,A357,2025,PALMARES,AUTOMATICA,Horaria,60,24,ALTA,FALSE,365,304,304,304,303,303,0.832876712328767,0.832876712328767,0.832876712328767,0.83013698630137,0.83013698630137,62,0,10,10
INMET,A366,2017,OURICURI,AUTOMATICA,Horaria,60,24,ALTA,FALSE,365,365,293,284,278,276,1,0.802739726027397,0.778082191780822,0.761643835616438,0.756164383561644,42,0,12,8
INMET,A366,2018,OURICURI,AUTOMATICA,Horaria,60,24,ALTA,FALSE,365,357,289,275,271,265,0.978082191780822,0.791780821917808,0.753424657534247,0.742465753424658,0.726027397260274,40,0,12,8
INMET,A366,2019,OURICURI,AUTOMATICA,Horaria,60,24,ALTA,FALSE,365,365,236,222,214,210,1,0.646575342465753,0.608219178082192,0.586301369863014,0.575342465753425,65,0,12,6
INMET,A366,2020,OURICURI,AUTOMATICA,Horaria,60,24,ALTA,FALSE,366,93,80,79,79,77,0.254098360655738,0.218579234972678,0.215846994535519,0.215846994535519,0.210382513661202,213,0,4,2
INMET,A366,2021,OURICURI,AUTOMATICA,Horaria,60,24,ALTA,FALSE,365,84,14,4,0,0,0.23013698630137,0.0383561643835616,0.010958904109589,0,0,365,0,3,0
INMET,A366,2022,OURICURI,AUTOMATICA,Horaria,60,24,ALTA,FALSE,365,126,125,125,125,125,0.345205479452055,0.342465753424658,0.342465753424658,0.342465753424658,0.342465753424658,240,0,5,4
INMET,A366,2023,OURICURI,AUTOMATICA,Horaria,60,24,ALTA,FALSE,365,199,197,197,197,194,0.545205479452055,0.53972602739726,0.53972602739726,0.53972602739726,0.531506849315069,166,0,8,6
INMET,A366,2024,OURICURI,AUTOMATICA,Horaria,60,24,ALTA,FALSE,366,356,273,270,269,269,0.972677595628415,0.745901639344262,0.737704918032787,0.734972677595629,0.734972677595629,96,0,12,8
INMET,A366,2025,OURICURI,AUTOMATICA,Horaria,60,24,ALTA,FALSE,365,342,336,335,331,326,0.936986301369863,0.920547945205479,0.917808219178082,0.906849315068493,0.893150684931507,24,0,12,10
INMET,A370,2017,SALGUEIRO,AUTOMATICA,Horaria,60,24,ALTA,FALSE,365,108,78,77,75,40,0.295890410958904,0.213698630136986,0.210958904109589,0.205479452054795,0.10958904109589,287,0,4,2
INMET,A370,2018,SALGUEIRO,AUTOMATICA,Horaria,60,24,ALTA,FALSE,365,365,364,364,364,327,1,0.997260273972603,0.997260273972603,0.997260273972603,0.895890410958904,1,0,12,12
INMET,A370,2019,SALGUEIRO,AUTOMATICA,Horaria,60,24,ALTA,FALSE,365,314,308,307,307,289,0.86027397260274,0.843835616438356,0.841095890410959,0.841095890410959,0.791780821917808,53,0,11,10
INMET,A370,2020,SALGUEIRO,AUTOMATICA,Horaria,60,24,ALTA,FALSE,366,212,15,15,14,13,0.579234972677596,0.040983606557377,0.040983606557377,0.0382513661202186,0.0355191256830601,352,0,7,0
INMET,A370,2021,SALGUEIRO,AUTOMATICA,Horaria,60,24,BAIXA,TRUE,365,332,0,0,0,0,0.90958904109589,0,0,0,0,365,0,11,0
INMET,A370,2022,SALGUEIRO,AUTOMATICA,Horaria,60,24,ALTA,FALSE,365,365,121,120,100,38,1,0.331506849315069,0.328767123287671,0.273972602739726,0.104109589041096,244,0,12,3
INMET,A370,2023,SALGUEIRO,AUTOMATICA,Horaria,60,24,ALTA,FALSE,365,365,364,364,324,199,1,0.997260273972603,0.997260273972603,0.887671232876712,0.545205479452055,3,0,12,9
INMET,A370,2024,SALGUEIRO,AUTOMATICA,Horaria,60,24,ALTA,FALSE,366,366,365,363,311,190,1,0.997267759562842,0.991803278688525,0.849726775956284,0.519125683060109,5,0,12,8
INMET,A370,2025,SALGUEIRO,AUTOMATICA,Horaria,60,24,ALTA,FALSE,365,365,365,361,331,204,1,1,0.989041095890411,0.906849315068493,0.558904109589041,3,0,12,11
