fonte_dados,cod_estacao,ano,n,minimo,p50,p95,p99,p999,maximo
CEMADEN,260005401A,2017,9885,0,0,0.79,2.76,5.73204,13.01
CEMADEN,260005401A,2018,6876,0,0,0.59,2.36,6.30125,9.55
CEMADEN,260005401A,2019,9181,0,0,1.18,3.74,7.17379999999997,11.18
CEMADEN,260005401A,2020,6275,0,0,0.663999999999869,2.36,6.25067999999994,9.22
CEMADEN,260005401A,2021,10951,0,0,1.08,3.15,8.31049999999999,14.25
CEMADEN,260005401A,2022,13298,0,0,0.79,2.36,7.10703,13.4
CEMADEN,260005401A,2023,12191,0,0,0.79,1.77,5.2738999999999,9.77
CEMADEN,260005401A,2024,747,0,0,0.79,5.29279999999999,11.03654,11.79
CEMADEN,260005402A,2017,1082,0,0,0.2,1.60800000000001,3.11841000000004,3.35
CEMADEN,260005402A,2018,6122,0,0,1.38,3.74,8.89038999999996,14.48
CEMADEN,260005402A,2019,6805,0,0,1.37,3.74,7.01055999999997,2452.77
CEMADEN,260005402A,2020,9898,0,0,0.98,3.15,7.76943999999959,17.08
CEMADEN,260005402A,2021,10690,0,0,0.98,3.15,7.09348999999982,12.87
CEMADEN,260005402A,2022,11181,0,0,1.37,3.94,11.6819999999998,16.85
CEMADEN,260005402A,2023,10791,0,0,0.98,3.15200000000001,7.5682999999998,24.66
CEMADEN,260005402A,2024,9784,0,0,0.98,3.55,10.0489700000002,25.39
CEMADEN,260005402A,2025,11067,0,0,1.18,3.74,7.71933999999999,20.81
CEMADEN,260010401A,2018,8789,0,0,0.2,2.16,8.32,13.01
CEMADEN,260010401A,2019,5916,0,0,0.42,3.15,9.41970000000003,13.84
CEMADEN,260010401A,2020,4930,0,0,0,0.79,6.92839999999997,14.5
CEMADEN,260010401A,2021,6340,0,0,0,0.98,5.37779000000002,8.72
CEMADEN,260010401A,2022,8663,0,0,0,0,0,0.2
CEMADEN,260010401A,2023,8760,0,0,0,0,3.15,14.26
CEMADEN,260010401A,2024,8781,0,0,0.2,2.17,11.4261999999999,22.1
CEMADEN,260010401A,2025,4241,0,0,0.42,2.36,9.73680000000058,10.98
CEMADEN,260020301A,2018,810,0,0,1.18,4.70309999999999,11.6498600000001,13.64
CEMADEN,260020301A,2019,393,0,0.2,3.15,6.73199999999999,11.80584,12.19
CEMADEN,260020301U,2017,443,0,0,0,0.2,0.823199999999997,1
CEMADEN,260020301U,2018,2344,0,0,0,0,1.2,11.6
CEMADEN,260020301U,2019,665,0,0,0,0.2,0.4,0.4
CEMADEN,260020301U,2022,1906,0,0,0.2,0.6,2.05700000000002,16.2
CEMADEN,260020302A,2024,3728,0,0,0,0.98,7.45238000000028,11.38
CEMADEN,260020302A,2025,8941,0,0,0,0.98,4.92,12.62
CEMADEN,260030201A,2019,6479,0,0,0.39,0.59,1.86917999999999,724.86
CEMADEN,260030201A,2020,5777,0,0,0.59,2.36,6.89144000000013,16.47
CEMADEN,260030201A,2021,4032,0,0,0.2,0.79,3.15,5.91
CEMADEN,260030201A,2022,10708,0,0,0.59,1.77,5.63840999999988,18.31
CEMADEN,260030201A,2023,10370,0,0,0.39,1.37,6.82250999999988,14.51
CEMADEN,260030201A,2024,8478,0,0,0.39,1.38,5.80936999999985,10.98
CEMADEN,260030201A,2025,7686,0,0,0.39,0.98,2.22984999999992,4.72
CEMADEN,260040101A,2017,14061,0,0,0.59,2.24599999999993,5.8886000000001,12.26
CEMADEN,260040101A,2018,9727,0,0,0.59,2.36,6.1,9.71
CEMADEN,260040101A,2019,4604,0,0,0.98,2.17,5.76834999999996,8.93
CEMADEN,260040101A,2020,6482,0,0,0.79,2.16,5.43343000000023,635.48
CEMADEN,260040101A,2021,10674,0,0,0.79,2.56,6.15326999999999,10.58
CEMADEN,260040101A,2022,10863,0,0,1.38,4.33,10.98,46.79
CEMADEN,260040101A,2023,9587,0,0,1.38,4.33,11.18828,21.02
CEMADEN,260040101A,2024,10159,0,0,0.59,2.36,8.2346800000003,15.36
CEMADEN,260040101A,2025,6768,0,0,0.98,3.15,7.35427000000003,54.13
CEMADEN,260040102A,2017,990,0,0,0.2,1.5711,3.94857999999997,4.72
CEMADEN,260040102A,2018,10270,0,0,0.79,2.56,6.43888999999996,9.79
CEMADEN,260040102A,2019,4955,0,0,1.18,3.74,8.93046,16.46
CEMADEN,260040102A,2022,1,0,0,0,0,0,0
CEMADEN,260050001A,2017,5026,0,0,0.2,0.59,3.73525000000007,7.3
CEMADEN,260050001A,2018,8575,0,0,0.2,1.18,5.0051999999999,12.78
CEMADEN,260050001A,2019,7161,0,0,0.39,1.18,6.5,16.67
CEMADEN,260050001A,2021,8051,0,0,0.39,1.18,5.10049999999993,10.37
CEMADEN,260050001A,2022,5331,0,0,0.59,2.36,7.84400000000002,13.84
CEMADEN,260050001A,2023,918,0,0,0.2,1.11370000000002,5.81081999999992,8.14
CEMADEN,260050001A,2024,9055,0,0,0.39,1.18,6.87571999999993,15.42
CEMADEN,260050001A,2025,9386,0,0,0.39,0.98,3.3623,6.91
CEMADEN,260050002A,2017,12242,0,0,0.39,0.98,3.8918,16.86
CEMADEN,260050002A,2018,9285,0,0,0.2,0.98,4.60924000000014,18.52
CEMADEN,260050002A,2019,8356,0,0,0.39,1.18,7.39290000000001,14.49
CEMADEN,260050002A,2020,8381,0,0,0.39,1.96200000000001,8.59840000000026,20.62
CEMADEN,260050002A,2021,7033,0,0,0,0.2,1.96968,6.89
CEMADEN,260050002A,2022,7133,0,0,0.59,2.16,8.24080000000024,13.01
CEMADEN,260050002A,2023,9622,0,0,0.2,0.98,3.49781000000032,17.72
CEMADEN,260050002A,2024,9757,0,0,0.2,1.18,6.30488000000001,12.6
CEMADEN,260050002A,2025,9417,0,0,0.39,1.18,4.84928000000013,7.3
CEMADEN,260060901A,2024,6743,0,0,0.2,1.37,8.91205999999942,14.48
CEMADEN,260060901A,2025,8132,0,0,0.39,1.18,7.97768999999968,18.72
CEMADEN,260060901U,2017,360,0,0,0,0.2,0.2,0.2
CEMADEN,260060901U,2018,5389,0,0,0,0.4,6.68960000000006,16.6
CEMADEN,260060901U,2019,3721,0,0,0.2,1.36000000000004,7.02400000000016,11.6
CEMADEN,260060901U,2022,778,0,0,0.2,1.646,4.82299999999996,5.6
CEMADEN,260070801A,2017,933,0,0,0,0.91919999999999,3.49959999999996,5.55
CEMADEN,260070801A,2018,9338,0,0,0.42,2.36,6.51326000000001,15.57
CEMADEN,260070801A,2019,8984,0,0,0.79,2.56,8.96019999999989,18.93
CEMADEN,260070801A,2020,8354,0,0,0.59,2.16,6.2817300000005,11.8
CEMADEN,260070801A,2021,2670,0,0,0.59,1.43889999999999,4.06909000000005,5.71
CEMADEN,260070801A,2022,5307,0,0,1.37,3.94,10.0558000000003,17.69
CEMADEN,260070801A,2023,9828,0,0,0.59,2.75,6.73460000000014,13.02
CEMADEN,260070801A,2024,8962,0,0,0.42,2.16,6.10780000000013,9.36
CEMADEN,260070801A,2025,8022,0,0,0.98,3.3479,7.70664000000004,10.57
CEMADEN,260080701A,2017,12777,0,0,0.2,1.2,3.64480000000003,7.8
CEMADEN,260080701A,2018,9629,0,0,0.2,1.4,6.54879999999976,17.2
CEMADEN,260080701A,2019,9435,0,0,0.4,1,4.51320000000014,9.4
CEMADEN,260080701A,2020,9726,0,0,0.4,1.6,6.65499999999993,11.6
CEMADEN,260080701A,2021,7618,0,0,0.4,1,2.8,6.4
CEMADEN,260080701A,2022,3001,0,0,0.6,1.6,6.4,20
CEMADEN,260080701A,2023,8796,0,0,0.4,1.40999999999985,4.32299999999996,15.6
CEMADEN,260080701A,2024,9230,0,0,0.4,1.4,8.10840000000026,21.2
CEMADEN,260080701A,2025,6206,0,0,0.4,1.4,6.4,10.6
CEMADEN,260080701C,2018,2581,0,0,0,0.2,3.12400000000016,4.6
CEMADEN,260080701C,2019,7636,0,0,0.4,1,4.09199999999982,7.4
CEMADEN,260080701C,2020,8568,0,0,0.4,1.6,8.94639999999927,16.2
CEMADEN,260080701C,2021,961,0,0,0,0.8,4.04799999999996,5.2
CEMADEN,260080701C,2022,3968,0,0,0.6,1.4,3.81979999999994,8.2
CEMADEN,260080702A,2017,298,0,0,0.445499999999996,1.39169999999999,2.16,2.16
CEMADEN,260080702A,2018,9507,0,0,0.39,1.37,5.72976000000002,14.51
CEMADEN,260080702A,2019,8956,0,0,0.42,1.18,5.15665000000003,10.37
CEMADEN,260080702A,2020,9369,0,0,0.42,1.77,8.17359999999959,14.28
CEMADEN,260080702A,2021,9805,0,0,0.39,0.98,3.15,8.12
CEMADEN,260080702A,2022,5369,0,0,0.79,2.56,8.5583199999996,14.5
CEMADEN,260090601A,2017,1071,0,0,0.2,1.23699999999999,6.75920000000022,7.22
CEMADEN,260090601A,2018,10618,0,0,0.98,2.95,7.53446999999998,17.28
CEMADEN,260090601A,2019,10680,0,0,0.98,2.95,7.44518999999997,20.39
CEMADEN,260090601A,2020,10242,0,0,0.98,2.95,7.32083000000001,27.33
CEMADEN,260090601A,2021,5653,0,0,0.79,1.97,5.37959999999999,13.28
CEMADEN,260090601A,2022,11461,0,0,1.18,3.15,8.43800000000018,18.11
CEMADEN,260090601A,2023,11528,0,0,1.18,3.1573,7.62567999999999,15.17
CEMADEN,260090601A,2024,9847,0,0,0.79,2.76,7.13080000000009,113.71
CEMADEN,260090601A,2025,9280,0,0,1.37,3.15,6.98560999999982,10.42
CEMADEN,260090602A,2025,3407,0,0,0.6,1.6,3.31880000000001,5.6
CEMADEN,260090603A,2025,3361,0,0,0.6,1.6,3.98399999999992,6.4
CEMADEN,260090604A,2025,1579,0,0,0.8,2,4.93760000000002,7
CEMADEN,260100301A,2017,624,0,0,0.2,0.936299999999997,2.56,2.56
CEMADEN,260100301A,2018,9766,0,0,0.39,1.18,4.96700000000012,8.94
CEMADEN,260100301A,2019,8038,0,0,0.39,1.37,5.50259999999995,6901.58
CEMADEN,260100301A,2020,5309,0,0,0.59,2.16,7.4384,21.03
CEMADEN,260100301A,2021,2334,0,0,0.2,0.59,2.42679999999997,3.15
CEMADEN,260100301A,2022,2661,0,0,0.42,1.84600000000002,4.33,7.92
CEMADEN,260100301A,2023,10328,0,0,0.42,1.37,5.97247000000027,10.17
CEMADEN,260100301A,2024,9715,0,0,0.42,1.37,6.01440000000002,14.92
CEMADEN,260100301A,2025,5638,0,0,0.59,1.69600000000002,8.50532000000047,16.64
CEMADEN,260105201A,2017,1262,0,0,0,0.79,2.10780000000001,3.35
CEMADEN,260105201A,2018,10048,0,0,0.719999999999927,2.95,8.91119999999981,12.8
CEMADEN,260105201A,2019,9155,0,0,0.98,3.15,7.88535999999993,18.72
CEMADEN,260105201A,2020,10121,0,0,0.59,2.16,7.63679999999951,16.87
CEMADEN,260105201A,2021,4802,0,0,0.59,1.57,2.95,4.33
CEMADEN,260105201A,2022,8146,0,0,1.18,3.74,9.14855,13.43
CEMADEN,260105201A,2023,10349,0,0,0.79,2.76,8.69376000000004,12.9
CEMADEN,260105201A,2024,9051,0,0,0.59,2.56,10.7795000000002,253.44
CEMADEN,260105201A,2025,10785,0,0,0.98,2.95,7.1,22.96
CEMADEN,260110201A,2018,4920,0,0,0,0,0,0
CEMADEN,260110201A,2019,7994,0,0,0,0,0,0
CEMADEN,260110201A,2020,4418,0,0,0,0,0,0
CEMADEN,260110201A,2021,87,0,0,0,0.0280000000000001,0.1828,0.2
CEMADEN,260110201A,2024,1,0,0,0,0,0,0
CEMADEN,260110202A,2024,2789,0,0,0,1.18,4.57028,7.51
CEMADEN,260110202A,2025,9312,0,0,0.2,1.57,7.17560000000012,10.58
CEMADEN,260110203A,2025,2423,0,0,0,0.4,4.94679999999999,9.8
CEMADEN,260110204A,2025,2484,0,0,0,0.634000000000015,6.33059999999969,10.4
CEMADEN,260110206A,2025,2458,0,0,0,0.4,2.10860000000002,3.4
CEMADEN,260110207A,2025,2298,0,0,0.2,0.8,6.8,9.6
CEMADEN,260120101A,2023,4580,0,0,0.2,0.42,2.75421,5.93
CEMADEN,260120101A,2024,8068,0,0,0.2,1.18,7.35129,15.8
CEMADEN,260120101A,2025,6337,0,0,0.39,0.98,4.06615999999995,8.54
CEMADEN,260120101C,2017,2187,0,0,0,0.2,0.6,2.4
CEMADEN,260120101C,2018,7632,0,0,0.2,1.6,7.8,16
CEMADEN,260120101C,2019,4664,0,0,0.4,1.2,4.53920000000071,10.4
CEMADEN,260120101C,2020,304,0,0,0.4,2.19399999999999,2.6,2.6
CEMADEN,260120101C,2022,230,0,0,0.2,0.4,12.4733999999998,16
CEMADEN,260130001A,2017,16235,0,0,0.59,1.57,4.33,9.95
CEMADEN,260130001A,2018,10332,0,0,0.59,1.97,5.83710999999998,9.56
CEMADEN,260130001A,2019,10355,0,0,0.59,1.57,4.15938000000002,8.34
CEMADEN,260130001A,2020,10341,0,0,0.59,1.96,5.12,22.13
CEMADEN,260130001A,2021,10487,0,0,0.59,1.57,3.55,6.1
CEMADEN,260130001A,2022,11178,0,0,0.79,2.17,4.72,17.07
CEMADEN,260130001A,2023,11156,0,0,0.59,1.77,5.05799999999974,11.39
CEMADEN,260130001A,2024,10594,0,0,0.59,1.58,6.8527999999997,20.81
CEMADEN,260130001A,2025,8845,0,0,0.59,1.57,4.75964000000016,69.02
CEMADEN,260130002A,2019,6457,0,0,0.79,1.57,2.95,11.04
CEMADEN,260130002A,2020,305,0,0,0,0.2,0.86144000000001,0.98
CEMADEN,260130002A,2023,5,0,0,0.2,0.2,0.2,0.2
CEMADEN,260130016H,2023,7424,0,0,0.6,1.4,3.31540000000005,9.6
CEMADEN,260130016H,2024,10607,0,0,0.6,1.6,5.31520000000019,39.2
CEMADEN,260130016H,2025,11139,0,0,0.6,1.6,4,13.8
CEMADEN,260140901A,2017,13748,0,0,0.98,2.76,5.90506000000001,14.47
CEMADEN,260140901A,2018,10535,0,0,0.98,3.35,8.17194000000003,13.42
CEMADEN,260140901A,2019,10469,0,0,1.18,3.81759999999995,9.14531999999999,12.2
CEMADEN,260140901A,2020,9786,0,0,0.59,2.36,8.17020000000004,12.4
CEMADEN,260140901A,2021,8216,0,0,0,0.79,3.32634999999998,6.3
CEMADEN,260140901A,2022,8619,0,0,1.57,3.94,9.24875999999993,36.3
CEMADEN,260140901A,2023,10977,0,0,1.37,3.74,7.71023999999999,18.1
CEMADEN,260140901A,2024,8407,0,0,0.98,3.15,7.23067999999981,10.98
CEMADEN,260140901A,2025,7671,0,0,1.77,4.33,8.26529999999997,12.19
CEMADEN,260140901H,2017,10019,0,0,1,3,6,10.8
CEMADEN,260140901H,2020,1816,0,0,0.2,1.4,3.07399999999998,3.6
CEMADEN,260140901H,2021,8362,0,0,1,3,7.12779999999984,12
CEMADEN,260140902A,2017,13618,0,0,0.98,2.76,6.78893999999997,12.4
CEMADEN,260140902A,2018,10275,0,0,0.79,3.35,7.76534000000005,15.81
CEMADEN,260140902A,2019,10063,0,0,1.18,3.54,10.3359800000001,13.42
CEMADEN,260140902A,2020,10103,0,0,0.98,3.55,9.49287999999957,13.01
CEMADEN,260140902A,2021,6289,0,0,1.18,3.94,7.64240000000009,14.69
CEMADEN,260140902A,2022,7107,0,0,1.57,4.33,8.52894,381.21
CEMADEN,260140902A,2023,10983,0,0,1.37,3.94,9.35018,17.48
CEMADEN,260140902A,2024,10522,0,0,1.18,3.35,8.62058999999987,13.85
CEMADEN,260140902A,2025,9412,0,0,1.18,3.74,8.64368999999999,14.27
CEMADEN,260140903A,2017,1024,0,0,0.361499999999983,1.18,2.3554,5.74
CEMADEN,260140903A,2018,10340,0,0,0.98,3.74,8.68271000000001,16.46
CEMADEN,260140903A,2019,9324,0,0,1.38,4.08630000000008,11.09832,15.65
CEMADEN,260140903A,2021,1054,0,0.2,1.97,3.94,8.80544999999974,21.2
CEMADEN,260140903A,2022,7,0,0.2,8.20399999999999,10.8728,11.47328,11.54
CEMADEN,260140917H,2023,7432,0,0,1.2,3.13799999999992,6.51380000000008,8.8
CEMADEN,260140917H,2024,10676,0,0,1,3.2,8,11.6
CEMADEN,260140917H,2025,11287,0,0,1.2,3.6,7.54279999999999,12.6
CEMADEN,260150802A,2017,9036,0,0,0.39,1.18,4.33,123.99
CEMADEN,260150802A,2018,10329,0,0,0.59,1.97,6.49672000000001,10.38
CEMADEN,260150802A,2019,9887,0,0,0.79,1.57,4.53,7.93
CEMADEN,260150802A,2020,5232,0,0,0.42,1.37,3.54,6.3
CEMADEN,260150802A,2021,10634,0,0,0.59,1.57,5.77973000000004,9.38
CEMADEN,260150802A,2022,11196,0,0,0.79,2.16,7.1,11
CEMADEN,260150802A,2023,10985,0,0,0.59,1.58,5.31,11.38
CEMADEN,260150802A,2024,10647,0,0,0.59,1.77,4.92,10.37
CEMADEN,260150802A,2025,11278,0,0,0.79,1.97,4.53,7.71
CEMADEN,260170601A,2023,1104,0,0,0.2,0.59,1.88862999999995,2.56
CEMADEN,260170601A,2024,8773,0,0,0.2,0.98,4.95343999999917,16.52
CEMADEN,260170601A,2025,7088,0,0,0.39,1.37,11.5717299999999,17.48
CEMADEN,260170601C,2018,7642,0,0,0.2,0.8,5.6,9.6
CEMADEN,260170601C,2019,6551,0,0,0.2,1,4.8,11.8
CEMADEN,260170601C,2020,5780,0,0,0.2,1.6,5.64419999999991,9.2
CEMADEN,260170601C,2022,74,0,0,0,0,0,0
CEMADEN,260170601C,2023,4967,0,0,0.2,1.2,7.20679999999993,12.8
CEMADEN,260170601C,2024,2284,0,0,0,0.6,7.6340000000002,13.4
CEMADEN,260170601C,2025,28,0,0,0.2,0.346,0.3946,0.4
CEMADEN,260170602A,2025,2943,0,0,0,0.4,2.0116,3.4
CEMADEN,260170603A,2025,2948,0,0,0,0.4,1.62119999999995,2.6
CEMADEN,260170604A,2025,2927,0,0,0,0.4,1.62960000000003,2.4
CEMADEN,260180501A,2018,7113,0,0,0,0.59,4.64711999999994,13.63
CEMADEN,260180501A,2019,5821,0,0,0.2,1.38,7.54600000000035,12.67
CEMADEN,260180501A,2024,4134,0,0,0,0.39,3.09680000000008,7.31
CEMADEN,260180501A,2025,6546,0,0,0.2,1.18,6.19099999999999,10.78
CEMADEN,260180501U,2018,19,0,0,0.219999999999995,1.804,2.1604,2.2
CEMADEN,260190401A,2017,10439,0,0,0.2,0.98,3.15562,12.4
CEMADEN,260190401A,2018,9244,0,0,0.2,1.18,6.15662999999977,14.92
CEMADEN,260190401A,2019,8914,0,0,0.39,1.18,5.39612999999954,10.37
CEMADEN,260190401A,2020,9216,0,0,0.39,1.96,9.00314999999991,20.6
CEMADEN,260190401A,2021,9343,0,0,0.2,0.98,3.48159999999989,5.9
CEMADEN,260190401A,2022,9779,0,0,0.39,1.38,8.16995999999996,18.3
CEMADEN,260190401A,2023,9576,0,0,0.39,1.37,5.16,14.28
CEMADEN,260190401A,2024,8986,0,0,0.2,1.57,6.50014999999999,13.21
CEMADEN,260190401A,2025,6818,0,0,0.2,0.98,2.3966,6.1
CEMADEN,260190401C,2017,9,0,1.2,2.48,2.736,2.7936,2.8
CEMADEN,260190401C,2018,6008,0,0,0.2,1.2,5.6,15.8
CEMADEN,260190401C,2019,4645,0,0,0.2,1.4,8.21359999999986,9.8
CEMADEN,260190401C,2020,5083,0,0,0.2,0.4,0.6,0.6
CEMADEN,260190401C,2021,6897,0,0,0,0.2,0.2,0.6
CEMADEN,260200101A,2023,3577,0,0,0,0.39,1.85056,8.52
CEMADEN,260200101A,2024,7928,0,0,0.2,1.77,7.18373000000032,15.55
CEMADEN,260200101A,2025,8960,0,0,0,0.79,5.51204999999996,10.79
CEMADEN,260200101C,2017,4441,0,0,0.2,1.4,6,8
CEMADEN,260200101C,2018,5955,0,0,0.2,1.6,9.2,18.8
CEMADEN,260200101C,2019,624,0,0,0,0.2,0.475399999999991,0.6
CEMADEN,260210001A,2023,3424,0,0,0.2,0.2,0.899629999999957,2.75
CEMADEN,260210001A,2024,7432,0,0,0.2,0.98,5.51,11.79
CEMADEN,260210001A,2025,10122,0,0,0.2,0.79,3.15,8.11
CEMADEN,260210001C,2017,11531,0,0,0.2,0.6,1.8,5.6
CEMADEN,260210001C,2018,8907,0,0,0.2,0.8,4.2,10.4
CEMADEN,260210001C,2019,6727,0,0,0.2,0.8,5.32880000000041,11
CEMADEN,260210001C,2020,8023,0,0,0.4,1.6,7.39560000000001,14
CEMADEN,260210001C,2022,6502,0,0,0.4,1.2,5.69859999999972,16
CEMADEN,260210001C,2023,8376,0,0,0.2,0.8,3.2,9.2
CEMADEN,260210001C,2024,3616,0,0,0.2,0.8,2.87700000000004,4.2
CEMADEN,260210001C,2025,1017,0,0,0,0,0,0.2
CEMADEN,260220901A,2017,384,0,0,0.559999999999993,1.87030000000001,2.6834,2.76
CEMADEN,260220901A,2018,3078,0,0,0.42,2.16,7.23839999999982,10.57
CEMADEN,260220901A,2019,1338,0,0,0.591499999999999,1.7763,7.18516000000001,10
CEMADEN,260220901A,2020,9636,0,0,0.39,1.77,7.37299999999996,17.29
CEMADEN,260220901A,2021,5528,0,0,0.39,2.50599999999991,9.96946,13.85
CEMADEN,260220901A,2022,310,0,0,0.2,0.59,1.27408999999997,1.58
CEMADEN,260220901A,2023,9851,0,0,0.59,1.77,4.72,12.08
CEMADEN,260220901A,2024,9920,0,0,0.42,1.58,9.59103000000008,21.24
CEMADEN,260220901A,2025,10421,0,0,0.42,1.57,5.34619999999997,9.78
CEMADEN,260220902A,2025,2661,0,0,0,0.6,3.53600000000006,9.6
CEMADEN,260220903A,2025,2654,0,0,0,0.2,1.06940000000004,3.4
CEMADEN,260220904A,2025,3256,0,0,0.2,0.8,2.99599999999991,3.6
CEMADEN,260230801A,2017,390,0,0,0.699999999999991,1.5733,2.40829,2.56
CEMADEN,260230801A,2018,10594,0,0,0.59,1.77,5.19732999999986,14.95
CEMADEN,260230801A,2019,10843,0,0,0.59,1.38,4.78319999999978,10.37
CEMADEN,260230801A,2020,6650,0,0,0.79,2.36,5.77668999999994,8.32
CEMADEN,260230801A,2021,4562,0,0,0.42,0.98,1.77,2.56
CEMADEN,260230801A,2022,11924,0,0,0.79,1.77,5.32539999999986,13.45
CEMADEN,260230801A,2023,11066,0,0,0.59,1.3735,4.72,10.17
CEMADEN,260230801A,2024,10822,0,0,0.59,1.37,4.76537,15.55
CEMADEN,260230801A,2025,11827,0,0,0.59,1.18,3.15,7.73
CEMADEN,260230802A,2019,1244,0,0,0.2,0.79,2.36803000000005,2.76
CEMADEN,260230802A,2020,5681,0,0,1.37,4.13,9.68119999999988,11.79
CEMADEN,260230802A,2021,4590,0,0,0.79,1.57219999999999,4.10029000000002,6.9
CEMADEN,260230802A,2022,12084,0,0,1.18,2.75,6.49,16.67
CEMADEN,260230802A,2023,6683,0,0,1.18,2.5618,7.09386000000027,120.22
CEMADEN,260230802A,2024,7899,0,0,0.98,1.96,3.77977999999995,9.76
CEMADEN,260230802A,2025,6706,0,0.2,1.18,2.36,4.97900000000001,6.5
CEMADEN,260230803A,2025,2782,0,0,0.2,0.6,2.2,3
CEMADEN,260230804A,2025,3275,0,0,0.4,0.8,1.89040000000005,5
CEMADEN,260230805A,2025,2834,0,0,0.2,0.6,1.06679999999997,2.4
CEMADEN,260240701C,2017,16191,0,0,0.4,1,2.5619999999999,5.8
CEMADEN,260240701C,2018,9235,0,0,0.2,1,3.8,7.2
CEMADEN,260240701C,2019,7686,0,0,0.2,0.4,1.2,2
CEMADEN,260240701C,2020,2518,0,0,0.2,0.6,2.4,4.2
CEMADEN,260240701C,2021,1983,0,0,0.2,1,1.6,1.6
CEMADEN,260240701C,2022,293,0,0,0.8,2.83199999999999,5.08320000000001,5.2
CEMADEN,260240701C,2023,8042,0,0,0.4,1.2,3.79179999999997,19
CEMADEN,260240701C,2024,3769,0,0,0.4,2,8.69279999999999,15.2
CEMADEN,260250601A,2018,8608,0,0,0.2,1.97,9.96393,20.8
CEMADEN,260250601A,2019,6388,0,0,0.42,2.76,12.8,17.07
CEMADEN,260250601A,2021,1517,0,0,0.2,1.14799999999998,4.68099999999979,8.94
CEMADEN,260250601A,2022,174,0,0.2,3.6165,7.67220000000003,10.26447,10.37
CEMADEN,260250601A,2023,3199,0,0,0,0.423399999999997,8.68842000000003,13.47
CEMADEN,260250601A,2024,8987,0,0,0.2,1.97,13.4429399999998,17.49
CEMADEN,260250601A,2025,6622,0,0,0.39,2.16,7.91,16.85
CEMADEN,260260501C,2017,10128,0,0,0.2,0.8,4.2,6.8
CEMADEN,260260501C,2018,7781,0,0,0.2,1.2,7.8880000000001,12.2
CEMADEN,260260501C,2019,7786,0,0,0.2,0.8,5.44300000000003,16.8
CEMADEN,260260501C,2020,5979,0,0,0,0.0440000000000509,0.2,0.6
CEMADEN,260260501C,2021,451,0,0,0,0,0,0
CEMADEN,260260501C,2022,132,0,0,0,0.2,0.8952,1
CEMADEN,260260501C,2023,3375,0,0,0.4,2.4,9.52520000000004,15.6
CEMADEN,260260501C,2024,1,16.6,16.6,16.6,16.6,16.6,16.6
CEMADEN,260270401A,2017,908,0,0,0,0.578099999999991,1.41626999999998,1.77
CEMADEN,260270401A,2018,9558,0,0,0.42,1.9743,5.51,9.98
CEMADEN,260270401A,2019,9444,0,0,0.59,1.96,7.23254000000015,10.38
CEMADEN,260270401A,2020,9454,0,0,0.39,1.57,5.85153000000048,11.59
CEMADEN,260270401A,2021,9573,0,0,0.41,1.57,4.41559999999998,12.19
CEMADEN,260270401A,2022,10029,0,0,0.79,2.76,7.90319999999985,15.34
CEMADEN,260270401A,2023,10068,0,0,0.59,1.97,5.52865999999998,14.06
CEMADEN,260270401A,2024,8424,0,0,0.39,1.77,6.1,12.19
CEMADEN,260270401A,2025,7895,0,0,0.601999999999971,1.97,7.01013999999996,12.2
CEMADEN,260280301A,2017,203,0,0,0.39,1.75819999999999,3.22286,3.54
CEMADEN,260280301A,2018,9500,0,0,0.2,1.37,9.15505000000001,20.6
CEMADEN,260280301A,2019,8590,0,0,0.2,0.59,5.95249000000004,13.43
CEMADEN,260280301A,2020,6038,0,0,0.39,0.98,4.71296999999995,9.38
CEMADEN,260280301A,2021,9994,0,0,0.39,1.37,6.51132999999993,15.55
CEMADEN,260280301A,2022,10694,0,0,0.59,1.96,7.51,11.18
CEMADEN,260280301A,2023,9901,0,0,0.39,1.18,8.16300000000016,22.96
CEMADEN,260280301A,2024,8663,0,0,0.59,2.36,9.78338,15.14
CEMADEN,260280301A,2025,5780,0,0,0.59,1.58,6.44038999999973,27.48
CEMADEN,260290201G,2019,1568,0,0,0.4,1.6,3.80619999999999,5.2
CEMADEN,260290201G,2020,9406,0,0,1,3.4,7.11899999999987,9.8
CEMADEN,260290201G,2021,6287,0,0,1.4,4.2,9.08559999999998,14.8
CEMADEN,260290201G,2023,1512,0,0,0.6,2.4,9.28020000000006,10.4
CEMADEN,260290201G,2024,7738,0,0,0.8,3.32600000000002,8.2,11
CEMADEN,260290201G,2025,4311,0,0.6,6.8,11.6,19.4,27.2
CEMADEN,260290202A,2017,14098,0,0,0.79,2.76,6.98224000000002,11.79
CEMADEN,260290202A,2018,946,0,0,3.1875,8.1155,13.4221,13.63
CEMADEN,260290202A,2019,5787,0,0,1.18,2.76,6.07119999999995,12.01
CEMADEN,260290202A,2020,9771,0,0,0.79,2.76,6.1,11.81
CEMADEN,260290202A,2021,6905,0,0,1.37,4.53,10.98,25.52
CEMADEN,260290202A,2022,4155,0,0,1.96,5.12,9.73227999999992,10.78
CEMADEN,260290202A,2023,2128,0,0,0,0,0.98,1.57
CEMADEN,260290202A,2024,8227,0,0,0.98,3.15,8.28925999999972,10.1
CEMADEN,260290202A,2025,11567,0,0,1.37,3.74,8.02377999999988,15.15
CEMADEN,260290203A,2017,12607,0,0,0.98,3.13920000000009,7.4615400000001,13.65
CEMADEN,260290203A,2018,4801,0,0,1.38,5.51,13.262,15.14
CEMADEN,260290203A,2019,5762,0,0,1.18,3.15,6.49239,15.32
CEMADEN,260290203A,2020,10222,0,0,0.79,2.76,7.28563000000044,11.79
CEMADEN,260290203A,2021,10811,0,0,1.18,3.35,7.9860000000002,17.89
CEMADEN,260290203A,2022,9202,0,0,1.37,3.94,8.47980000000018,13.21
CEMADEN,260290203A,2023,3281,0,0,1.38,5.51,12.0151999999997,23.26
CEMADEN,260290203A,2024,7115,0,0,0.79,2.36,7.18828000000041,13.64
CEMADEN,260290203A,2025,11146,0,0,1.18,3.74,7.87389999999992,10.62
CEMADEN,260290204A,2017,11951,0,0,0.98,3.15,6.91949999999986,10.17
CEMADEN,260290204A,2018,10044,0,0,0.79,3.15,7.18613000000003,13.42
CEMADEN,260290204A,2019,9282,0,0,0.98,2.95,7.45098999999982,17.69
CEMADEN,260290204A,2020,2016,0,0,0,0.951499999999983,2.35699999999998,3.35
CEMADEN,260290204A,2021,10490,0,0,1.18,3.74,10.1788000000003,16.89
CEMADEN,260290204A,2022,11011,0,0,1.38,4.72,17.6115999999998,37.55
CEMADEN,260290204A,2023,10272,0,0,0.79,3.55,7.71,11.06
CEMADEN,260290204A,2024,7743,0,0,1.04699999999999,3.55,9.61159999999996,13.01
CEMADEN,260290204A,2025,5222,0,0,1.57,4.33,8.68579999999991,10.18
CEMADEN,260290205A,2017,12883,0,0,0.98,3.02700000000004,7.32360000000008,11.99
CEMADEN,260290205A,2018,4426,0,0,1.57,4.53,8.78974999999994,12.4
CEMADEN,260290205A,2019,5672,0,0,1.18,2.95,5.57579999999994,11.2
CEMADEN,260290205A,2020,10119,0,0,0.79,2.95,6.66639999999992,12.21
CEMADEN,260290205A,2021,10742,0,0,1.18,3.54,7.4259,16.2
CEMADEN,260290205A,2022,10464,0,0,1.37,3.94,8.96537,10.78
CEMADEN,260290205A,2023,2606,0,0,1.38,5.1295,11.916,21.03
CEMADEN,260290205A,2024,3528,0,0,0.39,1.97,5.57148999999999,43.64
CEMADEN,260290205A,2025,756,0,0,0.2,2.73550000000002,5.33465000000003,9.54
CEMADEN,260290206A,2019,407,0,0,0.2,0.6276,6.57209999999994,10.49
CEMADEN,260290206A,2020,4,0,0.1,0.2,0.2,0.2,0.2
CEMADEN,260300901A,2017,9299,0,0,0,0.39,4.13,9.98
CEMADEN,260300901A,2018,8998,0,0,0,1.18,6.74108000000022,16
CEMADEN,260300901A,2019,7800,0,0,0.2,0.79,6.05879000000002,15.77
CEMADEN,260300901A,2020,200,0,0,0.2,2.3639,7.91644999999992,9.2
CEMADEN,260300901A,2021,7242,0,0,0,0.98,4.28421,12.43
CEMADEN,260300901A,2022,9186,0,0,0.2,2.36,9.96630000000001,18.93
CEMADEN,260300901A,2023,6641,0,0,0.2,1.37,6.46039999999987,12.79
CEMADEN,260300901A,2024,7791,0,0,0.2,1.37,6.7021,11.59
CEMADEN,260300901A,2025,8725,0,0,0.2,1.3776,7.77623999999996,13.21
CEMADEN,260300901C,2018,7419,0,0,0,0.8,4.2,10.2
CEMADEN,260300901C,2019,5651,0,0,0,0,0,0
CEMADEN,260300901C,2020,1910,0,0,0,0,0,0
CEMADEN,260300902A,2018,5899,0,0,0.2,1.78359999999992,5.71,13.41
CEMADEN,260300902A,2020,298,0,0,0.2,1.78769999999998,2.85792999999999,2.95
CEMADEN,260300902A,2021,1202,0,0,0.39,1.9692,6.49799,13.85
CEMADEN,260300902A,2024,8017,0,0,0.2,1.57,7.49120000000021,13.64
CEMADEN,260300902A,2025,6888,0,0,0.2,1.18,6.01300000000028,10.99
CEMADEN,260310801A,2017,11528,0,0,0.2,0.98,2.95,7.51
CEMADEN,260310801A,2018,9361,0,0,0.2,0.98,6.82439999999988,13.86
CEMADEN,260310801A,2019,8488,0,0,0.2,0.79,2.95,6.7
CEMADEN,260310801A,2020,5240,0,0,0.2,0.59,2.51220000000008,4.33
CEMADEN,260310801A,2021,7357,0,0,0.39,1.57,4.72,14.06
CEMADEN,260310801A,2022,8011,0,0,0.59,1.77,6.1198,18.52
CEMADEN,260310801A,2023,9763,0,0,0.39,1.18,6.19519999999975,16.64
CEMADEN,260310801A,2024,9587,0,0,0.39,1.37,5.99936000000016,16.67
CEMADEN,260310801A,2025,9086,0,0,0.39,0.98,5.27685000000034,8.94
CEMADEN,260310802A,2017,792,0,0,0.2,0.807100000000006,1.69539999999997,2.17
CEMADEN,260310802A,2018,9400,0,0,0.2,0.98,6.24813000000007,15.79
CEMADEN,260310802A,2019,8991,0,0,0.39,0.79,2.95,10.98
CEMADEN,260310802A,2020,5347,0,0,0.42,2.17,7.48657999999988,9.37
CEMADEN,260310802A,2021,1607,0,0,0.39,1.18,3.88978000000001,5.12
CEMADEN,260320701A,2017,629,0,0,0.2,0.42,1.05439999999999,1.18
CEMADEN,260320701A,2018,9488,0,0,0.2,0.79,7.49052000000003,16.86
CEMADEN,260320701A,2019,9267,0,0,0.39,0.98,6.69,13.51
CEMADEN,260320701A,2020,6281,0,0,0.2,0.98,4.54440000000001,17.07
CEMADEN,260320701A,2021,9276,0,0,0.39,1.37,7.39725,18.72
CEMADEN,260320701A,2022,10328,0,0,0.59,1.57,4.92,19.34
CEMADEN,260320701A,2023,6275,0,0,0.39,1.37,11.3862399999992,19.55
CEMADEN,260320701A,2024,6359,0,0,0.39,0.98,4.19037999999993,13.85
CEMADEN,260320701A,2025,9966,0,0,0.39,0.98,2.76664999999997,6.9
CEMADEN,260320701C,2017,11515,0,0,0.2,0.8,3.09720000000016,19.6
CEMADEN,260320701C,2018,7668,0,0,0.2,0.8,5.06659999999993,9.8
CEMADEN,260320701C,2019,5802,0,0,0.2,1,4.87959999999985,10.2
CEMADEN,260320701C,2020,595,0,0,0,0.4,0.88119999999999,1
CEMADEN,260320701C,2022,4065,0,0,0.4,1.8,7.36160000000009,20.6
CEMADEN,260320701C,2023,8298,0,0,0.2,0.8,9.78419999999933,16.2
CEMADEN,260320701C,2024,8736,0,0,0.2,1,5.2,11.4
CEMADEN,260320701C,2025,797,0,0,0.439999999999986,2,4.8079999999999,6.4
CEMADEN,260330601A,2017,780,0,0,0.00999999999999091,0.42,1.41641,1.58
CEMADEN,260330601A,2018,9443,0,0,0.2,0.98,3.46159999999982,7.5
CEMADEN,260330601A,2019,9064,0,0,0.2,0.79,6.51581999999991,16
CEMADEN,260330601A,2020,6132,0,0,0.2,0.98,11.59,21.01
CEMADEN,260330601A,2021,9722,0,0,0.39,0.98,3.40580000000009,14.07
CEMADEN,260330601A,2022,9352,0,0,0.59,1.96,6.22979999999989,14.28
CEMADEN,260330601A,2023,3919,0,0,0.2,0.755800000000031,5.35919999999993,13.54
CEMADEN,260330601A,2024,7139,0,0,0.2,0.98,6.96896000000001,14.08
CEMADEN,260330601A,2025,6798,0,0,0.39,1.18,4.01917000000017,9.78
CEMADEN,260340501A,2018,4105,0,0,0.59,3.15,8.29919999999995,17.08
CEMADEN,260340501A,2020,4303,0,0,0,0.785999999999913,5.39222000000012,12.8
CEMADEN,260340501A,2021,1469,0,0,0.2,2.42399999999999,7.5044799999998,9.87
CEMADEN,260340501A,2023,1,0.2,0.2,0.2,0.2,0.2,0.2
CEMADEN,260340501A,2024,8529,0,0,0.2,1.37,7.56944,22.53
CEMADEN,260340501A,2025,8839,0,0,0.2,1.29780000000015,6.69162,17.69
CEMADEN,260345401A,2017,16086,0,0,0.39,1.37,3.92300000000017,142.87
CEMADEN,260345401A,2018,12325,0,0,0.39,1.37,4.2684399999999,8.73
CEMADEN,260345401A,2019,9768,0,0,1.18,3.55,8.76893000000004,10.98
CEMADEN,260345401A,2020,5914,0,0,0.79,2.36,5.15393000000017,6.58
CEMADEN,260345401A,2021,11151,0,0,0.98,3.35,7.05700000000015,20.8
CEMADEN,260345401A,2022,11936,0,0,0.98,2.68349999999993,5.9,12.12
CEMADEN,260345401A,2023,11587,0,0,0.98,2.75,5.59280000000013,8.93
CEMADEN,260345401A,2024,11171,0,0,0.59,2.17,7.26599999999999,13.01
CEMADEN,260345401A,2025,2744,0,0,1.57,3.94,5.71,6.3
CEMADEN,260345401G,2021,6496,0,0,0.8,2.2,5.20200000000004,8.2
CEMADEN,260345401G,2022,11274,0,0,1.2,4.25400000000009,9.94540000000015,14
CEMADEN,260345401G,2023,9955,0,0,0.4,1.8,6.2,10.2
CEMADEN,260345401G,2024,9496,0,0,0.2,2,7.70299999999952,15
CEMADEN,260345401G,2025,11032,0,0,1.2,3.4,6.8,10.6
CEMADEN,260345402A,2017,13076,0,0,0.79,2.36,6.1,10.17
CEMADEN,260345402A,2018,10402,0,0,0.79,2.76,7.02381000000003,10.37
CEMADEN,260345402A,2019,10049,0,0,0.98,3.1552,8.31951999999999,13.84
CEMADEN,260345402A,2020,125,0,0,0.2,3.30520000000001,7.81960000000002,8.39
CEMADEN,260345402A,2021,9245,0,0,0.98,2.76,6.39383999999962,13.71
CEMADEN,260345402A,2022,6184,0,0,1.18,4.14,11.0336,18.51
CEMADEN,260345402A,2023,66,0,0,0.3425,6.46799999999994,12.3648,13.02
CEMADEN,260345402A,2024,220,0,0,0.2,0.79,0.938390000000001,0.98
CEMADEN,260345402A,2025,645,0,0,0.351999999999991,1.3756,4.82056,5.31
CEMADEN,260345403A,2017,6441,0,0,0.59,1.77,4.13,9.85
CEMADEN,260345403A,2018,10364,0,0,0.98,3.15,8.52637000000001,13.42
CEMADEN,260345403A,2019,10066,0,0,1.18,3.54,9.53634999999989,15.36
CEMADEN,260345403A,2020,2690,0,0,0.2,1.37,2.88129000000006,5.99
CEMADEN,260345403A,2021,10957,0,0,0.99,3.36440000000001,7.60439999999999,15.38
CEMADEN,260345403A,2022,3266,0,0,1.38,4.53,13.7671000000002,121.68
CEMADEN,260345403A,2023,622,0,0,0.42,1.53009999999999,4.14385000000006,6.1
CEMADEN,260345404A,2017,14830,0,0,0.79,2.36,6.38,11.19
CEMADEN,260345404A,2018,10317,0,0,0.79,2.95,7.44627999999988,13.01
CEMADEN,260345404A,2019,10134,0,0,1.18,3.54,8.25813000000007,15.57
CEMADEN,260345404A,2020,10210,0,0,0.79,3.13199999999997,7.68028999999986,9.96
CEMADEN,260345404A,2021,10979,0,0,1.18,3.35,7.91088000000003,11.18
CEMADEN,260345404A,2022,11284,0,0,1.38,3.94,10.1034000000001,16.64
CEMADEN,260345404A,2023,11055,0,0,0.98,3.15,7.71489999999994,15.44
CEMADEN,260345404A,2024,8684,0,0,0.79,3.1534,8.64996999999963,180.01
CEMADEN,260345404A,2025,11249,0,0,1.18,3.55,7.3,10
CEMADEN,260345405A,2017,6774,0,0,0.59,1.77,3.55227,7.33
CEMADEN,260345405A,2018,10085,0,0,0.79,2.95,7.1,12.2
CEMADEN,260345405A,2019,9318,0,0,0.59,1.97,4.27927999999985,8.72
CEMADEN,260345405A,2020,10190,0,0,0.79,2.76,6.45975999999995,12
CEMADEN,260345405A,2021,10907,0,0,0.98,3.15,7.53853999999965,12
CEMADEN,260345405A,2022,11022,0,0,1.57,4.33,9.14957999999999,18.31
CEMADEN,260345405A,2023,10979,0,0,1.18,3.35,8.11044000000002,11.59
CEMADEN,260345405A,2024,8175,0,0,1.18,3.94,10.1004,22.3
CEMADEN,260345405A,2025,2799,0,0,0.808999999999983,2.7502,7.48159999999982,16.99
CEMADEN,260345406A,2017,13767,0,0,0.79,2.36,5.55680000000008,15.23
CEMADEN,260345406A,2018,7612,0,0,0.98,3.15,8.19780000000002,15.16
CEMADEN,260345406A,2019,5642,0,0,0.98,2.75,5.71,8.33
CEMADEN,260345406A,2020,9953,0,0,0.79,2.95,7.75872000000027,15.79
CEMADEN,260345406A,2021,10303,0,0,0.98,2.56,8.21196000000033,17.07
CEMADEN,260345406A,2022,11106,0,0,1.18,3.94,9.33215000000007,17.48
CEMADEN,260345406A,2023,10731,0,0,0.79,2.36,5.91620000000003,12.4
CEMADEN,260345406A,2024,6908,0,0,0.39,1.77,5.72766999999997,11.79
CEMADEN,260345406A,2025,11326,0,0,1.18,3.35,8.25174999999985,16.2
CEMADEN,260350401A,2017,840,0,0,0.2,0.79,1.77,1.77
CEMADEN,260350401A,2018,10119,0,0,0.39,1.37,6.43745999999979,14.05
CEMADEN,260350401A,2019,10087,0,0,0.59,1.18,4.11366000000013,7.1
CEMADEN,260350401A,2020,10284,0,0,0.59,2.01890000000001,6.1,9.34
CEMADEN,260350401A,2021,8705,0,0,0.42,1.37,3.46544000000011,8.44
CEMADEN,260350401A,2022,3065,0,0,0.39,1.44840000000002,4.30504000000006,10.37
CEMADEN,260350401A,2023,10896,0,0,0.59,1.38,4.53,10.38
CEMADEN,260350401A,2024,10254,0,0,0.42,1.18,4.67192999999988,7.34
CEMADEN,260350401A,2025,10939,0,0,0.39,1.18,2.77177999999998,8.73
CEMADEN,260360301A,2017,899,0,0,0,0.2,0.850179999999986,1.38
CEMADEN,260360301A,2018,9510,0,0,0.2,1.77,5.71491,12.01
CEMADEN,260360301A,2019,9158,0,0,0.39,1.06600000000006,2.75843000000001,17.07
CEMADEN,260360301A,2020,2751,0,0,0.39,1.57,5.9625,17.89
CEMADEN,260360301A,2021,1828,0,0,0.2,0.79,1.80287,2.95
CEMADEN,260360301A,2022,3447,0,0,0.39,1.77,4.63526000000002,294.35
CEMADEN,260360301A,2023,10178,0,0,0.59,2.17,7.76017000000025,13.63
CEMADEN,260360301A,2024,8685,0,0,0.59,2.36,7.02476000000008,8.38
CEMADEN,260360301A,2025,6291,0,0,0.98,2.36,6.5184,10.39
CEMADEN,260370201A,2023,4892,0,0,0.39,0.79,2.16109,2.76
CEMADEN,260370201A,2024,8667,0,0,0.39,0.98,3.80680000000015,9.57
CEMADEN,260370201A,2025,7526,0,0,0.59,1.18,3.04500000000007,6.89
CEMADEN,260370201C,2018,2808,0,0,0.4,1.4,6.03160000000025,8.8
CEMADEN,260370201C,2020,87,0,0,0,0.428,0.5828,0.6
CEMADEN,260380101A,2017,586,0,0,0.2,0.79,4.25239999999983,6.92
CEMADEN,260380101A,2018,9286,0,0,0.2,0.98,7.23605000000007,16.43
CEMADEN,260380101A,2019,8886,0,0,0.39,1.18,6.32299999999996,18.93
CEMADEN,260380101A,2020,5916,0,0,0.39,0.98,7.06380000000016,17.68
CEMADEN,260380101A,2021,9831,0,0,0.42,1.57,12.9545000000001,16.21
CEMADEN,260380101A,2022,10072,0,0,0.59,1.97,8.14787,41.96
CEMADEN,260380101A,2023,8147,0,0,0.39,1.18,6.40386000000016,12.19
CEMADEN,260380101A,2024,9269,0,0,0.42,1.37,9.18651999999998,13.43
CEMADEN,260380101A,2025,6407,0,0,0.59,1.37,5.08234000000003,16.44
CEMADEN,260390001A,2023,3152,0,0,0,0.2,2.71413000000006,4.33
CEMADEN,260390001A,2024,9108,0,0,0.2,2.36,11.36753,19.75
CEMADEN,260390001A,2025,9264,0,0,0.2,1.18,5.45739999999984,8.74
CEMADEN,260390001C,2018,4844,0,0,0.2,1.2,5.06280000000006,6.8
CEMADEN,260390001C,2019,4437,0,0,0.2,0.4,1.8,3.4
CEMADEN,260390001C,2020,590,0,0,0.2,0.2,0.2,0.2
CEMADEN,260390001C,2022,4716,0,0,0.2,1.2,3.31399999999994,10.4
CEMADEN,260390001C,2023,6390,0,0,0.2,1.2,6.36659999999993,12.4
CEMADEN,260390001C,2024,8667,0,0,0.2,2.2,10.2668000000001,13.2
CEMADEN,260390001C,2025,1455,0,0,0.2,1.8,4.90920000000001,7.2
CEMADEN,260392601A,2024,2870,0,0,0,0.42,4.9033999999998,13.86
CEMADEN,260392601A,2025,8969,0,0,0.2,1.57,7.12015999999952,21.04
CEMADEN,260392601U,2021,448,0,0,0.2,0.4,1.3106,1.4
CEMADEN,260392601U,2022,1857,0,0,0.439999999999964,1.48800000000001,4.6576,12.6
CEMADEN,260392601U,2023,6183,0,0,0.2,0.8,5,11.2
CEMADEN,260392601U,2024,7537,0,0,0.2,2,8.29279999999999,14.4
CEMADEN,260392601U,2025,671,0,0,1.4,3.65999999999999,9.52000000000016,12.2
CEMADEN,260410601A,2017,11687,0,0,0.2,0.98,4.98280000000006,10.16
CEMADEN,260410601A,2018,9416,0,0,0.2,0.79,5.42699999999983,8.52
CEMADEN,260410601A,2019,8991,0,0,0.39,0.98,5.51220000000005,12.81
CEMADEN,260410601A,2020,9403,0,0,0.39,1.57,7.14723999999998,14.71
CEMADEN,260410601A,2021,9516,0,0,0.2,0.79,3.15,4.72
CEMADEN,260410601A,2022,9857,0,0,0.39,1.37,6.12880000000005,10.58
CEMADEN,260410601A,2023,9743,0,0,0.39,1.18,4.9350599999997,14.05
CEMADEN,260410601A,2024,6212,0,0,0.2,0.98,3.56578,7.53
CEMADEN,260410601A,2025,6566,0,0,0.39,1.18,3.49365000000032,9.35
CEMADEN,260410602A,2017,12264,0,0,0,0.39,2.16736999999999,213.58
CEMADEN,260410602A,2018,9268,0,0,0.2,0.98,5.45927000000003,11.79
CEMADEN,260410602A,2019,8841,0,0,0.2,1.18,6.1,17.48
CEMADEN,260410602A,2020,9271,0,0,0.2,1.57,10.0738999999998,19.54
CEMADEN,260410602A,2021,9409,0,0,0.2,0.79,2.97368000000002,5.93
CEMADEN,260410602A,2022,8810,0,0,0,0.59,5.38640000000028,16.27
CEMADEN,260410602A,2023,9748,0,0,0.39,1.37,7.17060000000012,16.41
CEMADEN,260410602A,2024,8679,0,0,0.2,0.98,5.76438000000009,11.79
CEMADEN,260410602A,2025,7039,0,0,0.2,0.98,4.51480000000018,11.25
CEMADEN,260410603A,2017,11789,0,0,0.2,0.79,3.15,11.38
CEMADEN,260410603A,2018,9116,0,0,0.2,1.18,3.91700000000004,8.54
CEMADEN,260410603A,2019,7411,0,0,0.2,1.18,8.7136000000003,16.86
CEMADEN,260410603A,2020,9155,0,0,0.2,1.57,6.46535999999993,22.1
CEMADEN,260410603A,2021,8725,0,0,0.2,0.42,2.57931999999999,10.57
CEMADEN,260410603A,2022,1021,0,0,0.2,2.168,5.94520000000001,10.38
CEMADEN,260410603A,2023,26,0,0,0.4925,3.4475,4.30475000000001,4.4
CEMADEN,260410603A,2024,10,0,0,0.953499999999999,1.4467,1.55767,1.57
CEMADEN,260410604A,2017,5981,0,0,0.2,0.42,1.18,3.54
CEMADEN,260410604A,2018,1856,0,0,0.2,3.04000000000001,12.55805,19.55
CEMADEN,260410605A,2017,7060,0,0,0.2,0.59,2.52518999999988,17.41
CEMADEN,260410605A,2018,9409,0,0,0.2,1.18,6.41248000000011,13.63
CEMADEN,260410605A,2019,8593,0,0,0.39,1.18,4.53,11.39
CEMADEN,260410605A,2020,2262,0,0,0.2,1.45409999999998,4.96548000000004,9.86
CEMADEN,260410605A,2021,9438,0,0,0.2,0.98,3.35,6.1
CEMADEN,260410605A,2022,5783,0,0,0.42,1.57,6.81523999999967,22.52
CEMADEN,260410605A,2024,1312,0,0,0,0.2,13.4826800000008,19.55
CEMADEN,260410605A,2025,5041,0,0,0.4,1.18,3.52440000000001,8.73
CEMADEN,260410606A,2017,11632,0,0,0.2,0.79,2.23380000000012,13.51
CEMADEN,260410606A,2018,9916,0,0,0.42,1.37,4.93699999999983,9.75
CEMADEN,260410606A,2019,10108,0,0,0.59,1.37,5.26827000000001,12.19
CEMADEN,260410606A,2020,10300,0,0,0.59,1.96,6.48225999999977,15.37
CEMADEN,260410606A,2021,9380,0,0,0.42,1.38,6.56597999999969,14.69
CEMADEN,260410606A,2022,650,0,0,0.59,1.9651,2.95,2.95
CEMADEN,260410606A,2023,3260,0,0,0.2,0.59,2.45639999999999,5.12
CEMADEN,260410606A,2024,7998,0,0,0.59,1.37,4.92,9.14
CEMADEN,260410606A,2025,10623,0,0,0.59,1.37,3.22560000000012,5.34
CEMADEN,260410607A,2017,12037,0,0,0.2,1,4.4,6.2
CEMADEN,260410607A,2018,9328,0,0,0.2,0.945999999999913,5.60380000000041,11.8
CEMADEN,260410607A,2019,9144,0,0,0.2,1,4.4,20.6
CEMADEN,260410607A,2020,9355,0,0,0.2,1.6,9,12.6
CEMADEN,260410607A,2021,9467,0,0,0.2,0.8,3.6,18.2
CEMADEN,260410607A,2022,10059,0,0,0.4,1.8,8.58839999999982,13
CEMADEN,260410607A,2023,8811,0,0,0.2,1,5.6380000000001,14.2
CEMADEN,260410607A,2024,6412,0,0,0.4,2.2,7.4,12.8
CEMADEN,260410608A,2017,790,0,0,0,0.42,0.830090000000002,0.98
CEMADEN,260410608A,2018,9240,0,0,0.2,0.79,5.07937000000007,12.4
CEMADEN,260410608A,2019,9074,0,0,0.39,1.18,6.68466999999993,13.26
CEMADEN,260410608A,2020,6684,0,0,0.4,2.16,11.5168,59.79
CEMADEN,260410608A,2021,3937,0,0,0.2,0.4,0.99279999999997,1.38
CEMADEN,260410608A,2022,2445,0,0,0.2,2.47199999999999,10.1168000000001,14.74
CEMADEN,260415501A,2017,613,0,0,0,0.565999999999999,0.98,0.98
CEMADEN,260415501A,2018,9459,0,0,0.2,1.57,6.51137999999979,13.89
CEMADEN,260415501A,2019,9167,0,0,0.42,1.18,4.36336000000003,14.71
CEMADEN,260415501A,2020,8176,0,0,0.4,1.38,6.70825,36.51
CEMADEN,260415501A,2021,4915,0,0,0.2,0.79,6.33446000000063,18.67
CEMADEN,260415501A,2022,9809,0,0,0.59,1.77,5.74647999999983,21.24
CEMADEN,260415501A,2023,1153,0,0,0.2,1.076,4.91023999999994,467.43
CEMADEN,260415501A,2024,4308,0,0,0.2,0.966700000000055,2.49860000000004,3.35
CEMADEN,260415501A,2025,6859,0,0,0.42,1.18,4.2223599999999,6.73
CEMADEN,260420501A,2017,12965,0,0,0.79,2.36,6.69036,10.4
CEMADEN,260420501A,2018,6787,0,0,0.79,2.36,4.76279999999999,9.37
CEMADEN,260420502A,2017,8538,0,0,0.42,1.57,5.23574999999994,254.91
CEMADEN,260420502A,2018,10252,0,0,0.59,2.1649,6.37740999999998,9.35
CEMADEN,260420502A,2019,10046,0,0,0.79,1.97,6.57594999999999,13.64
CEMADEN,260420502A,2020,10179,0,0,0.79,2.36,6.51466,14.32
CEMADEN,260420502A,2021,10722,0,0,0.59,1.97,6.16116000000002,8.57
CEMADEN,260420502A,2022,6187,0,0,1.18,3.35,7.87908000000007,14.26
CEMADEN,260420502A,2023,9938,0,0,0.79,2.36,6.82079000000003,18.04
CEMADEN,260420502A,2024,8954,0,0,0.59,2.36,7.7294000000001,39.65
CEMADEN,260420502A,2025,9724,0,0,0.59,1.77,5.47343000000003,12.5
CEMADEN,260420503A,2017,9622,0,0,0.2,0.98,2.83201000000016,6.1
CEMADEN,260420503A,2018,10514,0,0,0.79,2.17,6.79226999999983,12.41
CEMADEN,260420503A,2019,10420,0,0,0.79,1.77,5.60251000000009,10.18
CEMADEN,260420503A,2020,10382,0,0,0.79,2.76,7.23666000000008,23.16
CEMADEN,260420503A,2021,10866,0,0,0.59,1.57,4.53,8.52
CEMADEN,260420503A,2022,4445,0,0,0.59,2.47200000000008,6.14463999999982,12.4
CEMADEN,260420503A,2023,475,0,0,0.2,0.98,1.38514,1.57
CEMADEN,260420504A,2017,987,0,0,0.39,2.388,5.92296000000002,7.54
CEMADEN,260420504A,2018,10257,0,0,0.59,2.36,5.58440000000006,13.42
CEMADEN,260420504A,2019,9940,0,0,0.79,2.36,7.91061,13.43
CEMADEN,260420504A,2020,10450,0,0,0.79,2.75,6.52039999999979,14.06
CEMADEN,260420504A,2021,10630,0,0,0.79,1.97,7.99532999999981,19.14
CEMADEN,260420504A,2022,532,0,0,0.59,1.85279999999999,3.29749000000006,3.94
CEMADEN,260430401A,2024,3007,0,0,0,0.42,5.11880000000003,17.69
CEMADEN,260430401A,2025,3320,0,0,0.59,3.90199999999999,11.9986,35.46
CEMADEN,260430401C,2017,1643,0,0,0.2,0.915999999999985,6.87159999999999,11
CEMADEN,260430401C,2018,380,0,0,0.2,1.642,4.78719999999994,6
CEMADEN,260440301A,2017,1050,0,0,0,0.59,3.52089000000001,3.54
CEMADEN,260440301A,2018,9655,0,0,0.42,1.97,7.71105999999972,19.13
CEMADEN,260440301A,2019,9531,0,0,0.59,1.97,6.8251999999999,12.81
CEMADEN,260440301A,2020,9467,0,0,0.42,1.77,6.3,19.77
CEMADEN,260440301A,2021,5144,0,0,0.42,1.38,4.21845999999998,8.74
CEMADEN,260440301A,2022,9648,0,0,0.98,2.86070000000012,7.19000999999986,11.39
CEMADEN,260440301A,2023,8904,0,0,0.79,2.55399999999987,5.9387999999999,9.61
CEMADEN,260440301A,2024,9575,0,0,0.59,1.97,8.14877999999946,121.68
CEMADEN,260440301A,2025,8047,0,0,0.98,2.75,5.30125999999995,7.92
CEMADEN,260450201A,2017,15099,0,0,0.6,1.6,5.18040000000001,10.4
CEMADEN,260450201A,2018,10216,0,0,0.6,2,6.91399999999994,13.2
CEMADEN,260450201A,2019,10264,0,0,0.6,1.6,4.2,14.4
CEMADEN,260450201A,2020,10196,0,0,0.6,2.2,7.16100000000006,15.4
CEMADEN,260450201A,2021,10865,0,0,0.6,2,5.42720000000008,10.8
CEMADEN,260450201A,2022,10883,0,0,0.8,2,6.8,15.4
CEMADEN,260450201A,2023,6245,0,0,0.4,2.4,6.05360000000019,11.2
CEMADEN,260450201A,2024,9426,0,0,0.6,1.6,5.71500000000015,25.8
CEMADEN,260450201A,2025,10956,0,0,0.8,2.2,5.4,16.8
CEMADEN,260460101A,2017,1128,0,0,0,0.411900000000001,1.69507000000003,2.39
CEMADEN,260460101A,2018,9823,0,0,0.59,2.95,7.89155999999988,16.43
CEMADEN,260460101A,2019,9735,0,0,0.98,2.69559999999998,8.02171999999984,19.34
CEMADEN,260460101A,2020,9488,0,0,0.406499999999996,1.97,7.1,10.78
CEMADEN,260460101A,2021,5216,0,0,0.39,1.37,4.24614999999994,6.99
CEMADEN,260460101A,2022,9670,0,0,0.2,1.97,6.89331,13.46
CEMADEN,260460101A,2023,10801,0,0,0.42,1.57,4.37000000000015,7.74
CEMADEN,260460101A,2024,9477,0,0,0.59,2.36,7.62479999999989,12.6
CEMADEN,260460101A,2025,5799,0,0,1.37099999999999,4.14379999999991,10.18414,83.29
CEMADEN,260470001A,2017,14045,0,0,0.59,1.38,3.54120000000003,8.11
CEMADEN,260470001A,2018,10139,0,0,0.39,1.38,3.58447999999997,9.76
CEMADEN,260470001A,2019,9688,0,0,0.59,1.57,5.43443000000001,11.39
CEMADEN,260470001A,2020,10145,0,0,0.59,1.96,8.70263999999996,18.1
CEMADEN,260470001A,2021,10419,0,0,0.42,1.38,5.72746000000001,14.71
CEMADEN,260470001A,2022,11478,0,0,0.79,1.97,5.51,12.61
CEMADEN,260470001A,2023,8460,0,0,0.39,1.37,4.72540999999999,12.4
CEMADEN,260470001A,2024,9920,0,0,0.42,1.18,4.53,17.2
CEMADEN,260470001A,2025,5730,0,0,0.79,2.16,4.33,5.51
CEMADEN,260470001C,2017,12226,0,0,0.2,1.2,4,11.4
CEMADEN,260470001C,2018,8855,0,0,0.2,0.6,4,8.6
CEMADEN,260470001C,2019,8409,0,0,0,0,0,0
CEMADEN,260470001C,2020,2804,0,0,0,0,0,0
CEMADEN,260480901A,2017,15561,0,0,0.79,2.16,5.12880000000001,14.27
CEMADEN,260480901A,2018,8755,0,0,0.59,2.45199999999983,9.62181999999986,35.04
CEMADEN,260480901A,2019,10625,0,0,0.98,2.17,5.83136000000002,13.21
CEMADEN,260480901A,2020,10961,0,0,0.79,2.75,7.74240000000071,18.92
CEMADEN,260480901A,2021,11368,0,0,0.79,2.36,5.83026999999996,9.16
CEMADEN,260480901A,2022,11344,0,0,1.18,2.95,7.23796999999984,13.02
CEMADEN,260480901A,2023,11498,0,0,0.98,2.76,8.73749000000051,29.16
CEMADEN,260480901A,2024,9099,0,0,0.79,2.56,7.69922000000001,25.94
CEMADEN,260480901A,2025,9605,0,0,0.98,2.36959999999999,5.19524000000012,34.59
CEMADEN,260480902A,2017,580,0,0,0.42,2.24400000000001,4.98616000000015,6.7
CEMADEN,260480902A,2018,8294,0,0,1.18,3.54,9.96707,14.27
CEMADEN,260480902A,2019,6769,0,0,1.37,3.35,7.75639999999999,17.27
CEMADEN,260490801A,2017,395,0,0,0.39,0.801400000000001,2.95993999999999,3.35
CEMADEN,260490801A,2018,2814,0,0,0.39,2.36,5.61243999999999,7.3
CEMADEN,260490801A,2019,6150,0,0,0.39,0.98,2.36,5.71
CEMADEN,260490801A,2020,7838,0,0,0.39,1.77,7.76325999999999,15.78
CEMADEN,260490801A,2021,2515,0,0,0.2,0.762000000000025,2.26233999999998,214.21
CEMADEN,260490801A,2022,2922,0,0,0.2,1.13799999999999,7.32279000000143,20.6
CEMADEN,260490801A,2023,9978,0,0,0.42,1.37,4.5479399999994,10.78
CEMADEN,260490801A,2024,9572,0,0,0.39,1.18,6.74329000000009,16.21
CEMADEN,260490801A,2025,9876,0,0,0.39,1.18,4.33,9.59
CEMADEN,260510301A,2018,8820,0,0,0.2,2.1681,9.5880100000001,18.1
CEMADEN,260510301A,2019,2192,0,0,0.2,1.57,7.1090000000002,13.63
CEMADEN,260510301A,2020,4940,0,0,0,0.79,5.21637999999952,14.91
CEMADEN,260510301A,2021,5579,0,0,0.2,1.97,8.33033999999937,14.91
CEMADEN,260510301A,2022,9578,0,0,0.39,2.16,7.18460000000014,12.19
CEMADEN,260510301A,2023,9269,0,0,0.2,1.77,8.41011999999999,14.06
CEMADEN,260510301A,2024,8579,0,0,0.39,2.95,10.0601800000001,27.63
CEMADEN,260510301A,2025,6384,0,0,0.39,1.97,7.42340000000004,16.26
CEMADEN,260510301C,2017,628,0,0,0.2,0.6,1.27460000000001,1.4
CEMADEN,260510301C,2018,7336,0,0,0.2,2.2,9.46599999999999,15.6
CEMADEN,260510301C,2019,2542,0,0,0.6,2.8,8.85899999999983,14.8
CEMADEN,260510301C,2020,2,0,0,0,0,0,0
CEMADEN,260510301C,2022,146,0,0,0.4,2.19000000000002,8.81399999999993,9.8
CEMADEN,260515201A,2018,7531,0,0,0,0.79,6.0813000000002,12.84
CEMADEN,260515201A,2019,8357,0,0,0.2,0.98,5.24236000000004,10.78
CEMADEN,260515201A,2020,3196,0,0,0.98,7.11350000000005,17.8571,21.03
CEMADEN,260515201A,2021,3092,0,0,0.2,1.58800000000003,6.28180000000002,614.29
CEMADEN,260515201A,2022,9034,0,0,0.2,1.77,7.26700000000055,10.18
CEMADEN,260515201A,2023,6453,0,0,0.2,1.57,7.45027999999997,12.41
CEMADEN,260515201A,2024,6673,0,0,0,1.03599999999995,6.19248000000007,15.4
CEMADEN,260515201A,2025,8990,0,0,0,2.16,9.13231000000009,20.17
CEMADEN,260515201C,2017,3851,0,0,0.2,0.8,6.6,11
CEMADEN,260515201C,2018,4652,0,0,0,1.2,7.0094000000001,13.2
CEMADEN,260515201C,2019,5022,0,0,0,0,0.2,0.2
CEMADEN,260515201C,2020,6693,0,0,0,0.2,0.2,0.2
CEMADEN,260515201C,2021,207,0,0,0,0,0,0
CEMADEN,260515201C,2022,4132,0,0,0.2,0.938000000000011,9.04279999999962,13.8
CEMADEN,260515202A,2024,1452,0,0,0,0.39,1.97,6.92
CEMADEN,260515202A,2025,5570,0,0,0.2,1.37,6.33099999999959,16.66
CEMADEN,260520201A,2017,14612,0,0,0.79,2.17,5.00557999999983,8.53
CEMADEN,260520201A,2018,10734,0,0,0.39,1.77,5.56339999999997,11.75
CEMADEN,260520201A,2019,10103,0,0,0.98,2.95,6.9,10.17
CEMADEN,260520201A,2020,5708,0,0,0.39,1.37,4.38859999999993,5.71
CEMADEN,260520201A,2021,11054,0,0,0.79,2.56,5.71,11.6
CEMADEN,260520201A,2022,11123,0,0,1.18,3.74,8.73194000000014,12.4
CEMADEN,260520201A,2023,10703,0,0,0.79,2.76,7.67834000000023,15.73
CEMADEN,260520201A,2024,10027,0,0,0.59,1.96,6.30974,14.27
CEMADEN,260520201A,2025,11252,0,0,1.18449999999999,3.54,7.71,13.5
CEMADEN,260520202A,2018,694,0,0,0.39,2.17400000000001,5.22086000000002,5.9
CEMADEN,260520202A,2019,9322,0,0,0.98,2.56,6.91037,10.37
CEMADEN,260520202A,2020,10238,0,0,0.59,2.18889999999998,6.3,9.75
CEMADEN,260520202A,2021,5146,0,0,0.79,1.77,4.72,9.13
CEMADEN,260520202A,2022,498,0,0,0.619999999999996,3.16769999999998,6.20293999999999,6.69
CEMADEN,260520202H,2017,13706,0,0,1,2.6,6.45900000000001,12.8
CEMADEN,260520202H,2018,6660,0,0,0.6,2.68199999999997,7.26820000000007,9.4
CEMADEN,260520202H,2019,261,0,0,1.4,4.55999999999992,18.1320000000001,21.2
CEMADEN,260530101A,2023,3,0.2,1.18,1.36,1.376,1.3796,1.38
CEMADEN,260530101A,2024,3897,0,0,0,0.59,6.38031999999989,11.39
CEMADEN,260530101A,2025,5897,0,0,0.42,2.17759999999999,9.34104,16.02
CEMADEN,260530101C,2017,7071,0,0,0,0.2,0.2,0.6
CEMADEN,260530101C,2018,2130,0,0,0.4,2.4,6.69680000000008,10.2
CEMADEN,260530101C,2019,783,0,0,0.2,0.6,1,1
CEMADEN,260530101C,2020,27,0,0,0,0,0,0
CEMADEN,260540001A,2017,595,0,0,0,0.601999999999989,1.86101999999989,3.15
CEMADEN,260540001A,2018,9422,0,0,0.39,1.77,5.9,10.78
CEMADEN,260540001A,2019,9248,0,0,0.59,1.57,4.87060000000012,16.22
CEMADEN,260540001A,2020,9137,0,0,0.2,1.57,5.46511999999986,12.81
CEMADEN,260540001A,2021,4016,0,0,0.2,0.79,5.48345000000023,13.21
CEMADEN,260540001A,2022,10044,0,0,0.59,2.36,6.58742000000002,11.39
CEMADEN,260540001A,2023,9818,0,0,0.59,1.77,5.38319999999963,8.78
CEMADEN,260540001A,2024,4828,0,0,0.39,1.97,10.78519,117.91
CEMADEN,260540001A,2025,3796,0,0,0.39,1.59900000000003,4.94459999999999,123.36
CEMADEN,260545901A,2024,169,0,0.2,0.8,2.85599999999999,6.22879999999998,6.8
CEMADEN,260545901A,2025,1161,0,0.4,3,6.6,9.53599999999997,16.8
CEMADEN,260550901A,2017,929,0,0,0,0.2,0.43224,0.59
CEMADEN,260550901A,2018,9537,0,0,0.42,2.29159999999989,5.40279999999999,8.32
CEMADEN,260550901A,2019,9366,0,0,0.59,2.17,7.38225000000008,18.11
CEMADEN,260550901A,2020,6836,0,0,0.79,2.95,8.97299999999999,17.48
CEMADEN,260550901A,2021,4774,0,0,0.39,0.98,3.15,6.79
CEMADEN,260550901A,2022,9990,0,0,0.79,2.76,6.50220000000009,9.36
CEMADEN,260550901A,2023,9987,0,0,0.59,2.17,5.90013999999999,11.8
CEMADEN,260550901A,2024,8918,0,0,0.42,1.97,5.71166000000001,10.8
CEMADEN,260550901A,2025,8035,0,0,0.79,2.36,6.69558000000005,11.59
CEMADEN,260560801A,2018,8665,0,0,0.2,1.64840000000011,7.24439999999973,13.43
CEMADEN,260560801A,2019,8030,0,0,0.2,1.77,9.72795999999966,11.99
CEMADEN,260560801A,2020,4680,0,0,0,0.59,4.33,13.22
CEMADEN,260560801A,2021,9041,0,0,0.2,2.16,9.54079999999958,14.49
CEMADEN,260560801A,2022,9342,0,0,0.39,2.17,8.86179999999993,18.3
CEMADEN,260560801A,2023,5804,0,0,0.39,1.77,7.14940000000002,13.65
CEMADEN,260560801C,2018,4849,0,0,0.2,1.50399999999991,5.46080000000002,8.4
CEMADEN,260560801C,2019,2018,0,0,0,0.165999999999985,0.2,0.4
CEMADEN,260560801C,2020,706,0,0,0.2,1.4,2.37699999999998,2.8
CEMADEN,260560802A,2023,1,0.2,0.2,0.2,0.2,0.2,0.2
CEMADEN,260560802A,2024,4242,0,0,0,0.59,2.26601000000001,4.72
CEMADEN,260560802A,2025,5350,0,0,0.42,1.77,7.42246999999968,22.94
CEMADEN,260570701A,2017,9937,0,0,0,0.6,6.63840000000018,17.6
CEMADEN,260570701A,2018,9054,0,0,0,1.6,8.2,17
CEMADEN,260570701A,2019,8623,0,0,0.2,1.2,6.4,10.4
CEMADEN,260570701A,2020,9066,0,0,0.2,1.4,8.3869999999999,16.4
CEMADEN,260570701A,2021,9137,0,0,0.2,1,3.6,9.6
CEMADEN,260570701A,2022,9279,0,0,0.2,2.6,8.4,13.8
CEMADEN,260570701A,2023,9002,0,0,0,0.6,6.99959999999992,14.2
CEMADEN,260570701A,2024,9256,0,0,0.2,1.8,7.94900000000016,13.8
CEMADEN,260570701A,2025,8478,0,0,0.2,0.8,5.71379999999954,11.2
CEMADEN,260570701C,2017,1519,0,0,0,0.4,4.48199999999997,7
CEMADEN,260570701C,2018,330,0,0,0,0.541999999999996,1.8026,2
CEMADEN,260570701C,2022,4746,0,0,0.4,1.8,7.50200000000004,14.4
CEMADEN,260570701C,2023,8962,0,0,0,0.4,5.01560000000027,12
CEMADEN,260570701C,2024,9043,0,0,0.2,1.8,8.8,13.6
CEMADEN,260570701C,2025,5319,0,0,0.2,0.8,4.93639999999996,12
CEMADEN,260570702A,2018,7204,0,0,0,0.98,6.41879999999983,18.35
CEMADEN,260570702A,2019,8557,0,0,0.2,1.97,12.19444,16.22
CEMADEN,260570702A,2020,4694,0,0,0.2,1.58399999999994,7.39153999999953,15.36
CEMADEN,260570702A,2021,4749,0,0,0.39,2.36,8.93756000000001,13.41
CEMADEN,260570702A,2024,3296,0,0,0,0.39,2.86089999999993,7.31
CEMADEN,260570702A,2025,9064,0,0,0.2,0.98,7.88479999999996,17.69
CEMADEN,260580601A,2023,7042,0,0,0.2,0.79,2.35220999999997,8.52
CEMADEN,260580601A,2024,8607,0,0,0.2,1.18,4.96040000000037,10.58
CEMADEN,260580601A,2025,8759,0,0,0.2,1.18,3.98598000000004,9.38
CEMADEN,260580601C,2017,12080,0,0,0.2,0.8,2.8,10.6
CEMADEN,260580601C,2018,8225,0,0,0.2,1.2,4.15519999999997,7.8
CEMADEN,260580601C,2019,4994,0,0,0.4,1.2,5.61399999999921,11.8
CEMADEN,260580601C,2021,9,0,0,0.68,0.936,0.993600000000001,1
CEMADEN,260580601C,2023,1506,0,0,0,0,0,0
CEMADEN,260590501A,2017,12981,0,0,0.98,2.76,7.30020000000001,14.28
CEMADEN,260590501A,2018,10318,0,0,0.79,2.75,6.71048999999997,12.42
CEMADEN,260590501A,2019,10028,0,0,0.98,2.56,5.89486999999999,16.64
CEMADEN,260590501A,2020,10048,0,0,0.79,2.95,7.70435999999994,17.27
CEMADEN,260590501A,2021,10471,0,0,0.79,2.16,5.92530000000001,21.67
CEMADEN,260590501A,2022,11057,0,0,1.18,3.15,7.71767999999989,13.21
CEMADEN,260590501A,2023,10728,0,0,0.79,2.36,6.72091999999997,12.26
CEMADEN,260590501A,2024,6079,0,0,0.59,1.97,4.94085999999973,41.12
CEMADEN,260590501A,2025,10370,0,0,0.98,2.75,5.71,12.6
CEMADEN,260590502A,2017,936,0,0,0.2,1.57,3.25205000000009,4.72
CEMADEN,260590502A,2018,10343,0,0,0.79,2.95,7.35921999999995,14.27
CEMADEN,260590502A,2019,10317,0,0,0.79,2.32960000000003,5.73735999999997,18.1
CEMADEN,260590502A,2020,9798,0,0,0.59,2.36,5.9405999999999,17.69
CEMADEN,260590502A,2021,5430,0,0,0.59,1.77,3.45848999999998,5.59
CEMADEN,260590502A,2022,502,0,0,0.42,1.77,3.34461000000001,3.54
CEMADEN,260590518H,2023,7218,0,0,0.8,2,5.31320000000014,7.2
CEMADEN,260590518H,2024,6320,0,0,0.2,1.2,3.93619999999992,10.6
CEMADEN,260590518H,2025,11065,0,0,0.8,2.4,5.4,11.2
CEMADEN,260600201A,2023,1103,0,0,0.2,0.59,2.34061999999998,5.98
CEMADEN,260600201A,2024,9142,0,0,0.39,0.98,4.63681000000022,12.61
CEMADEN,260600201A,2025,4012,0,0,0.59,1.54909999999998,11.18,18.72
CEMADEN,260600201C,2017,11895,0,0,0.2,0.6,2.42119999999995,18.4
CEMADEN,260600201C,2018,8204,0,0,0.2,0.6,4.07820000000029,8.6
CEMADEN,260600201C,2019,912,0,0,0.0899999999999864,2.578,7.33400000000033,12.8
CEMADEN,260600201C,2022,8177,0,0,0.6,1.6,6.45919999999969,10
CEMADEN,260600201C,2023,9517,0,0,0.2,0.8,4,8.8
CEMADEN,260600201C,2024,4028,0,0,0.2,1.4,5.98379999999997,8.4
CEMADEN,260600201C,2025,529,0,0,0.2,0.4,0.8,0.8
CEMADEN,260600202A,2025,3162,0,0,0.2,0.4,1,3
CEMADEN,260600203A,2025,3185,0,0,0.2,0.4,1,3
CEMADEN,260600204A,2025,3106,0,0,0.2,0.8,7.75799999999999,9.8
CEMADEN,260610101A,2017,243,0,0,0,0.2,1.38124000000001,1.57
CEMADEN,260610101A,2018,6498,0,0,0.39,1.57,4.33,77.63
CEMADEN,260610101A,2019,6770,0,0,0.39,1.57,7.03859999999986,17.5
CEMADEN,260610101A,2020,3194,0,0,0.59,2.56,8.07139999999996,19.34
CEMADEN,260610101A,2021,4702,0,0,0.39,0.98,3.35,6.89
CEMADEN,260610101A,2022,178,0,0,1.18,1.662,2.12637,2.16
CEMADEN,260610102A,2017,1083,0,0,0,0.395400000000002,1.36359999999998,1.77
CEMADEN,260610102A,2018,9472,0,0,0.39,1.82509999999982,8.06074000000048,13.5
CEMADEN,260610102A,2019,9424,0,0,0.59,1.77,5.12,13.04
CEMADEN,260610102A,2020,9129,0,0,0.2,1.38,5.8577599999998,18.98
CEMADEN,260610102A,2021,5631,0,0,0.2,1.11999999999996,2.36,3.35
CEMADEN,260610102A,2022,5873,0,0,0.98,3.15,7.56247999999988,43.85
CEMADEN,260610102A,2023,10130,0,0,0.59,2.56,5.71,13.23
CEMADEN,260610102A,2024,9364,0,0,0.39,1.77370000000001,8.90077000000076,17.69
CEMADEN,260610102A,2025,6551,0,0,0.79,2.56,5.9,9.37
CEMADEN,260620001A,2017,14065,0,0,0.4,1.6,5.78719999999994,15.6
CEMADEN,260620001A,2018,9908,0,0,0.6,2.78600000000006,7.21860000000015,9.6
CEMADEN,260620001A,2019,9867,0,0,0.8,2.8,7.2,12.8
CEMADEN,260620001A,2020,10151,0,0,0.6,2.4,7.57000000000007,10.6
CEMADEN,260620001A,2021,6884,0,0,1,3.03400000000001,8.11700000000019,14.2
CEMADEN,260620001A,2022,7795,0,0,0.8,2.6,5.48240000000005,264
CEMADEN,260620001A,2023,10386,0,0,0.8,2.62999999999993,6.92299999999996,11.8
CEMADEN,260620001A,2024,10338,0,0,0.8,2.8,6.73260000000009,14.6
CEMADEN,260620001A,2025,10737,0,0,1,3.2,7.90559999999969,14
CEMADEN,260620002A,2017,12904,0,0,0.6,2.2,5.81939999999995,14.6
CEMADEN,260620002A,2018,9972,0,0,0.8,3,7.40580000000009,11.6
CEMADEN,260620002A,2019,9909,0,0,1,3.2,6.81840000000011,15.8
CEMADEN,260620002A,2020,10078,0,0,0.8,2.8,8.16920000000027,16
CEMADEN,260620002A,2021,10127,0,0,0.8,2.8,8.8,11.2
CEMADEN,260620002A,2022,8965,0,0,0.8,3.2,13.4216,74
CEMADEN,260620002A,2023,10417,0,0,0.8,2.4,6.75040000000045,17.2
CEMADEN,260620002A,2024,9459,0,0,0.8,2.8,7.41679999999978,14.6
CEMADEN,260620002A,2025,209,0,0,1.4,8.65599999999998,10.2752,10.4
CEMADEN,260620003A,2017,1035,0,0,0,0.59,1.56353999999998,2.56
CEMADEN,260620003A,2018,9887,0,0,0.79,3.15,8.16787999999982,16.43
CEMADEN,260620003A,2019,9680,0,0,1.18,4.14,10.78,14.7
CEMADEN,260620003A,2020,7918,0,0,1.18,3.94,9.58576999999993,20.86
CEMADEN,260620003A,2021,5301,0,0,0.79,1.97,5.19999999999993,7.1
CEMADEN,260620003A,2022,10645,0,0,1.01599999999999,3.35,7.82763999999996,16.64
CEMADEN,260620003A,2023,10426,0,0,0.98,3.35,7.51,17.48
CEMADEN,260620003A,2024,9886,0,0,0.98,3.96849999999993,8.64189999999977,19.13
CEMADEN,260620003A,2025,8413,0,0,1.57,4.53,8.75176,13.21
CEMADEN,260620003H,2017,10675,0,0,0.6,2.2,6.93039999999965,15.4
CEMADEN,260620003H,2018,812,0,0,0.6,4,8.31339999999998,8.8
CEMADEN,260620003H,2023,4085,0,0,0.6,1.8,5.7496000000001,9.4
CEMADEN,260620003H,2024,7703,0,0,1,3.4,10.0596,15.4
CEMADEN,260620003H,2025,2846,0,0,0,0,0,0
CEMADEN,260630901A,2023,2,0.2,0.2,0.2,0.2,0.2,0.2
CEMADEN,260630901A,2024,4192,0,0,0,0.42,1.92371000000004,4.72
CEMADEN,260630901A,2025,6570,0,0,0.39,1.57,10.6605099999999,19.13
CEMADEN,260630901C,2017,2050,0,0,0,0.2,1.1902,2.2
CEMADEN,260630901C,2018,4314,0,0,0.2,1,5.94959999999992,9
CEMADEN,260630901C,2019,2388,0,0,0.2,0.4,0.8,1.2
CEMADEN,260630901C,2020,1231,0,0,0,0.2,1.90799999999999,3.4
CEMADEN,260630901C,2022,4147,0,0,0.2,1.8,5.97080000000005,13.8
CEMADEN,260630901C,2023,2268,0,0,0,0.8,5.23980000000011,6.8
CEMADEN,260630901C,2024,6680,0,0,0,0,0.864199999999983,7
CEMADEN,260630901C,2025,3045,0,0,0.4,1.8,9.17360000000008,10.8
CEMADEN,260640801A,2025,3350,0,0,0.4,0.8,1.93019999999997,7.4
CEMADEN,260640801C,2017,10884,0,0,0.2,1,3.22340000000004,7.4
CEMADEN,260640801C,2018,7475,0,0,0.2,1.45200000000004,7.02079999999987,10
CEMADEN,260640801C,2019,3434,0,0,0,0,0,0.6
CEMADEN,260640802A,2025,2922,0,0,0.2,0.6,1.6,2.8
CEMADEN,260640803A,2025,2735,0,0,0,0.4,1.30640000000003,2
CEMADEN,260650701A,2018,5889,0,0,0.2,0.59,1.99240000000002,5.31
CEMADEN,260650701A,2019,8331,0,0,0.2,0.98,7.66750000000002,11.39
CEMADEN,260650701A,2020,4222,0,0,0.39,0.98,6.66699999999863,11.8
CEMADEN,260650701A,2021,4810,0,0,0.2,0.98,6.59291999999998,17.27
CEMADEN,260650701A,2022,3604,0,0,0.39,1.77,5.66482999999997,9.14
CEMADEN,260650701A,2023,9614,0,0,0.2,0.98,6.03257000000007,22.73
CEMADEN,260650701A,2024,9416,0,0,0.2,0.98,6.47334999999868,19.55
CEMADEN,260650701A,2025,10107,0,0,0.39,1.18,6.8565400000001,12.6
CEMADEN,260650701C,2018,3394,0,0,0.2,1.21400000000003,5.64279999999999,14.6
CEMADEN,260650701C,2022,1843,0,0,0.6,1.4,2.26319999999996,3.4
CEMADEN,260650701C,2023,2450,0,0,0.4,1,4.81219999999985,13.2
CEMADEN,260660601A,2017,10082,0,0,0.2,0.59,3.92379999999997,7.1
CEMADEN,260660601A,2018,9002,0,0,0,1.18,9.53982999999996,24.02
CEMADEN,260660601A,2019,7681,0,0,0.2,1.38,10.0407999999999,24.46
CEMADEN,260660601A,2020,353,0,0,0,7.1492,11.90016,12.4
CEMADEN,260660601A,2021,7094,0,0,0.2,1.18,6.84420000000009,14.27
CEMADEN,260660601A,2022,8022,0,0,0.2,0.98,5.3018100000001,11.6
CEMADEN,260660601A,2023,7064,0,0,0,0.79,5.71,14.05
CEMADEN,260660601A,2024,3518,0,0,0,0.59,3.53837000000007,5.51
CEMADEN,260660601A,2025,6113,0,0,0,0.42,3.12759999999998,6.31
CEMADEN,260660601C,2017,7816,0,0,0.2,0.8,4.23700000000008,11
CEMADEN,260660601C,2018,7757,0,0,0,1,4.84879999999994,11.2
CEMADEN,260660601C,2019,8486,0,0,0.2,1,5.80599999999977,15.6
CEMADEN,260660601C,2020,2499,0,0,0.8,3.004,9.10039999999999,11.2
CEMADEN,260660601C,2021,313,0,0,2.88,5.576,6.15039999999999,6.4
CEMADEN,260660601C,2022,101,0,0,0.2,0.8,2.96000000000001,3.2
CEMADEN,260660601C,2023,104,0,0,0,0.194,0.558800000000002,0.6
CEMADEN,260670501A,2023,3991,0,0,0.2,0.79,2.95400000000009,6.19
CEMADEN,260670501A,2024,8564,0,0,0.39,1.37,7.76656999999994,18.1
CEMADEN,260670501A,2025,6892,0,0,0.59,1.57,5.52962000000007,10.58
CEMADEN,260680403A,2017,12733,0,0,0.59,2.16,6.02184000000001,10.57
CEMADEN,260680403A,2018,10274,0,0,0.79,2.95,8.89632000000012,15.77
CEMADEN,260680403A,2019,9453,0,0,0.98,3.15,7.64316000000012,14.29
CEMADEN,260680403A,2020,10040,0,0,0.79,2.87590000000011,7.10960999999999,10.78
CEMADEN,260680403A,2021,10453,0,0,0.79,2.95,7.52740000000003,17.9
CEMADEN,260680403A,2022,10844,0,0,1.37,4.33,8.61733999999953,13.64
CEMADEN,260680403A,2023,4194,0,0,0.98,2.96399999999994,7.92614,9.39
CEMADEN,260680403A,2024,6608,0,0,0.59,2.16,6.01681000000001,14.27
CEMADEN,260680403A,2025,10982,0,0,1.18,3.80230000000009,8.32418000000005,15.73
CEMADEN,260680404A,2017,14877,0,0,0.79,2.56,6.1,11.18
CEMADEN,260680404A,2018,7119,0,0,0.98,3.74,8.70347999999995,10.57
CEMADEN,260680404A,2019,4095,0,0,1.77,4.14,6.90906,7.52
CEMADEN,260680404A,2020,5845,0,0,0.79,1.97,4.55963999999999,8.36
CEMADEN,260680404A,2021,10223,0,0,0.98,3.15,7.6234200000001,16.31
CEMADEN,260680404A,2022,4540,0,0,0.98,3.66589999999994,11.1644000000001,20.38
CEMADEN,260680404A,2023,5079,0,0,0.59,1.81180000000005,5.10439999999991,8.53
CEMADEN,260680404A,2024,10301,0,0,0.79,3.15,8.51200000000019,18.31
CEMADEN,260680404A,2025,9655,0,0,1.37,4.13,9.07185999999981,18.1
CEMADEN,260680405A,2017,12969,0,0,0.79,2.56,7.30063999999998,12.41
CEMADEN,260680405A,2018,10072,0,0,0.79,2.95,6.93645000000001,11.99
CEMADEN,260680405A,2019,9802,0,0,0.98,3.35,8.15776000000012,16.86
CEMADEN,260680405A,2020,9962,0,0,0.79,2.75389999999999,6.71535000000044,14.51
CEMADEN,260680405A,2021,8099,0,0,1.18,3.94,8.92530000000001,17.07
CEMADEN,260680405A,2022,3735,0,0,0.59,2.16,8.17916000000002,13.85
CEMADEN,260680405A,2023,10481,0,0,1.18,3.54,7.11560000000001,10.58
CEMADEN,260680405A,2024,9623,0,0,0.79,3.15,8.93,11.38
CEMADEN,260680405A,2025,5799,0,0,0.79,2.97359999999992,9.0148400000001,10.38
CEMADEN,260680406A,2017,1120,0,0,0.2,0.79,3.46979000000005,3.94
CEMADEN,260680406A,2018,10167,0,0,0.79,3.35,7.96336000000003,13.42
CEMADEN,260680406A,2019,9806,0,0,1.18,3.94,8.56094999999994,12.6
CEMADEN,260680406A,2020,6406,0,0,1.18,3.94,9.67900000000005,22.1
CEMADEN,260680406A,2021,5660,0,0,0.39,1.38,3.74,6.32
CEMADEN,260680406A,2022,1423,0,0,0,0.2,0.2,0.2
CEMADEN,260690301A,2018,5648,0,0,0.39,2.56,9.22060000000001,14.91
CEMADEN,260690301A,2019,2073,0,0,1.18,4.74840000000016,13.6191199999998,23.38
CEMADEN,260690301A,2021,894,0,0,0,0,0.438189999999995,0.59
CEMADEN,260690301A,2023,2927,0,0,0,0.545799999999963,6.10740000000001,14.53
CEMADEN,260690301A,2024,7874,0,0,0.2,1.18,7.10889000000003,21.71
CEMADEN,260690301A,2025,9103,0,0,0.2,1.97,10.8769799999992,24.13
CEMADEN,260690301C,2018,7279,0,0,0.2,1.8,6.5775999999998,9.4
CEMADEN,260690301C,2019,4889,0,0,0.4,2.6,11.2224,17.2
CEMADEN,260690301C,2020,999,0,0,0,0.603999999999996,3.60279999999993,5
CEMADEN,260690301C,2022,4404,0,0,0.2,1.4,5.4,11
CEMADEN,260690301C,2023,6729,0,0,0.2,1.6,6,13.2
CEMADEN,260700001A,2023,5420,0,0,0.2,0.59,3.66039000000003,11.39
CEMADEN,260700001A,2024,6373,0,0,0.2,1.18,7.70795999999983,164.48
CEMADEN,260700001A,2025,8904,0,0,0.2,0.59,2.57842999999995,14.48
CEMADEN,260700001C,2017,7605,0,0,0.2,0.6,2.4,10.2
CEMADEN,260700001C,2018,80,0,0,0,0,0,0
CEMADEN,260710901A,2023,93,0,0,0.42,0.930399999999998,1.86604,1.97
CEMADEN,260710901A,2024,3003,0,0,0,0,4.91774000000005,9.14
CEMADEN,260710901A,2025,9312,0,0,0.2,1.57,9.70809000000025,17.08
CEMADEN,260710901U,2017,542,0,0,0.2,2.31800000000001,5.53439999999991,6.4
CEMADEN,260710901U,2018,6379,0,0,0.2,0.4,4.24880000000012,10.2
CEMADEN,260710901U,2019,3356,0,0,0,0.2,0.4,0.4
CEMADEN,260720801A,2017,13785,0,0,0.98,3.15,6.70216,13.01
CEMADEN,260720801A,2018,10225,0,0,0.79,3.54,9.26263999999994,17.48
CEMADEN,260720801A,2019,6742,0,0,1.18,3.7459,8.88799000000001,14.71
CEMADEN,260720801A,2020,4934,0,0,0.59,1.77,5.4167,7.16
CEMADEN,260720801A,2021,10977,0,0,1.18,3.35,8.13623999999985,11.59
CEMADEN,260720801A,2022,11225,0,0,1.57,4.68640000000003,12.1759999999998,20.59
CEMADEN,260720801A,2023,10891,0,0,1.18,3.55,9.70730000000083,17.41
CEMADEN,260720801A,2024,9476,0,0,0.39,2.6075,7.87874999999995,10.16
CEMADEN,260720801A,2025,10193,0,0,0.79,2.7508,6.70807999999999,16.78
CEMADEN,260720801G,2019,2196,0,0,0.2,1.21000000000004,3.12199999999994,4.2
CEMADEN,260720801G,2020,9810,0,0,0.6,2.78199999999997,7.83820000000014,16.2
CEMADEN,260720801G,2021,10328,0,0,1,3.2,8.66920000000027,13.2
CEMADEN,260720801G,2022,9241,0,0,0.2,0.4,2.30400000000009,4.8
CEMADEN,260720801G,2023,3512,0,0,0,0.2,7.86260000000011,14.2
CEMADEN,260720801G,2024,7016,0,0,0.2,0.6,2.2,7.8
CEMADEN,260720801G,2025,10749,0,0,1,2.8,5.8,8.2
CEMADEN,260720802A,2017,13972,0,0,0.98,3.35,7.70029,10.98
CEMADEN,260720802A,2018,9048,0,0,0.98,3.15,8.3005999999999,12.81
CEMADEN,260720802A,2019,3148,0,0,1.77,3.74,5.87207000000001,7.52
CEMADEN,260720802A,2020,4752,0,0,0.59,1.57,4.17979999999996,5.9
CEMADEN,260720802A,2021,8961,0,0,0.2,1.57,6.17440000000032,11.79
CEMADEN,260720802A,2022,4311,0,0,0.79,3.35,6.5069,7.74
CEMADEN,260720803A,2017,12757,0,0,0.79,3.15,7.4214800000001,11.18
CEMADEN,260720803A,2018,9887,0,0,0.79,2.95139999999999,8.81937999999993,15.57
CEMADEN,260720803A,2019,9610,0,0,0.98,2.76,6.69391,15.55
CEMADEN,260720803A,2020,550,0,0,0,0,0.903140000000003,0.98
CEMADEN,260720804A,2017,13126,0,0,0.79,3.15,9.55,49.09
CEMADEN,260720804A,2018,10224,0,0,0.79,3.35,11.2514200000001,15.78
CEMADEN,260720804A,2019,9971,0,0,1.18,3.55,9.34,16.86
CEMADEN,260720804A,2020,2193,0,0,0.2,0.995999999999985,3.35,3.74
CEMADEN,260720804A,2021,10715,0,0,0.98,2.95,6.5243,12.2
CEMADEN,260720804A,2022,4684,0,0,0.98,3.35,6.57608,8.73
CEMADEN,260720804A,2023,395,0,0,0,0,0,0
CEMADEN,260720804A,2024,3672,0,0,0.2,1.18,4.63528000000006,7.12
CEMADEN,260720804A,2025,10543,0,0,1.18,3.3758,8.6170200000001,14.73
CEMADEN,260720805A,2017,913,0,0,0.42,2.1308,5.06615999999987,8.55
CEMADEN,260720805A,2018,6788,0,0,1.18,3.94,8.17750999999993,9.95
CEMADEN,260720805A,2019,1843,0,0,0.98,1.96,4.57107999999997,4.92
CEMADEN,260720805A,2020,421,0,0.2,2.75,5.272,9.97519999999998,10.58
CEMADEN,260720805A,2021,4626,0,0,0.98,2.36,5.19875,8.11
CEMADEN,260720805A,2022,5613,0,0.2,2.36,5.31,9.28875999999994,17.07
CEMADEN,260720805A,2023,10632,0,0,1.18,3.55,8.11738000000001,12.8
CEMADEN,260720805A,2024,10160,0,0,0.98,2.75,7.30368000000017,14.81
CEMADEN,260720805A,2025,10317,0,0,1.37,3.35,6.63943999999989,10.78
CEMADEN,260730701A,2017,4869,0,0,0,0.42,4.48575999999954,6.49
CEMADEN,260730701A,2018,8956,0,0,0.39,2.76,10.37,17.48
CEMADEN,260730701A,2019,8179,0,0,0.2,2.36440000000001,7.38754000000001,13.01
CEMADEN,260730701A,2020,4849,0,0,0,0.98,7.50304,16.66
CEMADEN,260730701A,2021,9054,0,0,0.2,1.38,7.28039000000004,12.4
CEMADEN,260730701A,2022,9466,0,0,0.39,1.77,11.79,19.86
CEMADEN,260730701A,2023,4508,0,0,0.2,1.75600000000006,6.21339000000009,15.35
CEMADEN,260730701A,2024,1680,0,0,0.2,1.61200000000001,9.49625999999938,20.6
CEMADEN,260730701A,2025,2,1.05,1.05,1.05,1.05,1.05,1.05
CEMADEN,260730702A,2017,10068,0,0,0.2,0.98,6.89061999999987,11.99
CEMADEN,260730702A,2018,9176,0,0,0.2,1.97,7.31,14.91
CEMADEN,260730702A,2019,4664,0,0,0.2,1.18,4.92766000000052,7.3
CEMADEN,260730702A,2020,541,0,0,0.2,2.55800000000002,9.32860000000002,9.55
CEMADEN,260730702A,2021,7177,0,0,0.2,1.18,4.81615999999977,8.35
CEMADEN,260730702A,2022,9443,0,0,0.39,1.96,6.21159999999982,13.01
CEMADEN,260730702A,2023,9014,0,0,0.2,1.37,6.09492999999968,18.01
CEMADEN,260730702A,2024,9347,0,0,0.39,2.07259999999982,7.56708000000046,13.41
CEMADEN,260730702A,2025,9314,0,0,0.2,1.57,6.52748,16.66
CEMADEN,260730703A,2018,8672,0,0,0.39,2.56,9.75329,20.39
CEMADEN,260730703A,2019,8546,0,0,0.39,2.56,8.21099999999998,13.04
CEMADEN,260730703A,2020,4452,0,0,0.2,0.79,6.33057999999999,13.85
CEMADEN,260730703A,2021,4421,0,0,0.2,0.2,1.13799999999996,5.51
CEMADEN,260730703A,2022,777,0,0,0.2,0.638000000000002,6.98432000000046,14.69
CEMADEN,260730703A,2023,688,0,0,0.2,2.0727,9.22947999999995,11.95
CEMADEN,260730703A,2025,7441,0,0,0.2,0.98,7.87680000000041,35.46
CEMADEN,260740601A,2018,4505,0,0,0,0.98,3.94,12.61
CEMADEN,260740601A,2019,2852,0,0,0.39,3.74109999999991,10.7794099999995,17.27
CEMADEN,260740601A,2020,1947,0,0,0,0.2,1.38080000000002,1.77
CEMADEN,260740601A,2021,1667,0,0,0,0,0,0.39
CEMADEN,260740601A,2022,6986,0,0,0,0,0,0
CEMADEN,260740601A,2023,2601,0,0,0,0.2,0.79,0.98
CEMADEN,260740601A,2024,8435,0,0,0.2,1.37,6.25092000000044,14.06
CEMADEN,260740601A,2025,9152,0,0,0.2,0.98,9.51829000000004,21.68
CEMADEN,260740601C,2018,8155,0,0,0,1,4.8,10.6
CEMADEN,260740601C,2019,8115,0,0,0.2,1.2,7.97720000000008,18.8
CEMADEN,260740601C,2020,8725,0,0,0.2,1.6,9.53119999999981,15
CEMADEN,260740601C,2021,8092,0,0,0.2,0.818000000000029,5.58179999999993,8.2
CEMADEN,260740601C,2022,2903,0,0,0,1,5,6.2
CEMADEN,260740601C,2023,797,0,0,0.2,0.6,4.75839999999953,12.4
CEMADEN,260740601C,2024,8775,0,0,0.2,1.2,5.8,11.6
CEMADEN,260740601C,2025,8725,0,0,0,0.8,8.2,15.8
CEMADEN,260750501A,2017,197,0,0,0.2,1.01159999999999,2.87952,3.15
CEMADEN,260750501A,2018,3682,0,0,0.2,1.97,6.37974999999999,11.8
CEMADEN,260750501A,2022,3014,0,0,0.2,1.18,5.30493000000003,172.25
CEMADEN,260750501A,2023,9732,0,0,0.39,1.18,7.75649000000005,16.21
CEMADEN,260750501A,2024,7317,0,0,0.39,1.37,8.26312000000004,22.6
CEMADEN,260750501A,2025,9600,0,0,0.39,1.18,5.9505999999999,15.36
CEMADEN,260750501U,2018,5739,0,0,0.2,0.8,4.2,12.8
CEMADEN,260750501U,2019,8991,0,0,0.2,1.2,7.80200000000004,13.8
CEMADEN,260750501U,2020,9782,0,0,0.4,1.8,6.4,16.8
CEMADEN,260750501U,2021,5091,0,0,0,0.2,0.4,1
CEMADEN,260750501U,2022,6630,0,0,0.6,2,6.47420000000002,12.6
CEMADEN,260750501U,2023,4049,0,0,0.2,1,6.95199999999977,18.8
CEMADEN,260760401A,2017,1473,0,0,0.2,0.59,2.80368000000003,6.4
CEMADEN,260760401A,2018,10113,0,0,0.79,3.15,8.28760000000017,9.75
CEMADEN,260760401A,2019,9903,0,0,1.18,4.16939999999999,9.39763999999999,15.13
CEMADEN,260760401A,2020,9732,0,0,0.875499999999793,2.76,7.76380000000005,32.31
CEMADEN,260760401A,2021,5676,0,0,0.79,2.17,4.85999999999993,10.16
CEMADEN,260760401A,2022,8867,0,0,1.57,4.53,9.14402,11.8
CEMADEN,260760401A,2023,7294,0,0,1.38,4.13,9.75707,14.93
CEMADEN,260760401A,2024,8824,0,0,0.98,3.89400000000009,10.77177,20.09
CEMADEN,260760401A,2025,11648,0,0,0.59,2.56,6.1,10.57
CEMADEN,260765301A,2017,1156,0,0,0,0.39,1.51800000000001,2.17
CEMADEN,260765301A,2018,9886,0,0,0.59,2.56,7.3,8.95
CEMADEN,260765301A,2019,9681,0,0,0.98,2.59800000000014,7.77039999999994,11.4
CEMADEN,260765301A,2020,8098,0,0,0.59,1.96,5.71,10.78
CEMADEN,260765301A,2021,3468,0,0,0.42,1.57,3.25659999999998,7.1
CEMADEN,260765301A,2022,8101,0,0,0.98,3.15,6.49,9.14
CEMADEN,260765301A,2023,10338,0,0,0.79,2.56,5.71663000000001,8.78
CEMADEN,260765301A,2024,8828,0,0,0.59,2.76,8.19093000000028,11.19
CEMADEN,260765301A,2025,8448,0,0,1.18,3.35,7.63400999999998,18.1
CEMADEN,260765302A,2017,1113,0,0,0,0.79,2.61783999999991,3.55
CEMADEN,260765302A,2018,9874,0,0,0.59,2.56,8.75921000000009,15.13
CEMADEN,260765302A,2019,9583,0,0,0.98,3.15720000000001,10.9185799999997,17.68
CEMADEN,260765302A,2020,9921,0,0,0.59,2.56,8.55439999999997,19.34
CEMADEN,260765302A,2021,5302,0,0,0.42,1.57,4.29775999999991,8.52
CEMADEN,260765302A,2022,9601,0,0,0.98,3.15,7.20199999999993,13.01
CEMADEN,260765302A,2023,4751,0,0,0.79,3.35,7.1,12.02
CEMADEN,260765302A,2024,1794,0,0,0.98,2.76,7.34554000000002,124.2
CEMADEN,260770301A,2018,8819,0,0,0.2,2.16,10.6164000000001,16.01
CEMADEN,260770301A,2019,8685,0,0,0.2,1.41039999999997,6.51,17.48
CEMADEN,260770301A,2020,3797,0,0,0.79,4.33799999999999,11.9184400000003,21.46
CEMADEN,260770301A,2021,1980,0,0,0,0.79,4.92,5.31
CEMADEN,260770301A,2022,9518,0,0,0.42,2.36,7.81143000000004,12.63
CEMADEN,260770301A,2023,9193,0,0,0.2,1.39519999999999,7.06159999999982,12.4
CEMADEN,260770301A,2024,8957,0,0,0.2,1.6636000000001,10.57176,24.47
CEMADEN,260770301A,2025,9106,0,0,0.2,1.18,6.27900000000009,12.4
CEMADEN,260775201A,2017,1399,0,0,0.2,0.98,3.74394000000009,4.91
CEMADEN,260775201A,2018,9981,0,0,0.79,3.15,7.12600000000035,10.17
CEMADEN,260775201A,2019,9776,0,0,1.18,3.55,7.70225,12
CEMADEN,260775201A,2020,8228,0,0,0.98,3.28869999999992,9.50232999999984,13.21
CEMADEN,260775201A,2021,4887,0,0,0.79,1.97,4.75077999999989,8.64
CEMADEN,260775201A,2022,6680,0,0,1.97,5.74990000000001,12.12161,19.36
CEMADEN,260775201A,2023,4735,0,0,0.59,2.56,8.76357999999938,17.07
CEMADEN,260775201A,2024,9719,0,0,1.18,4.92,16.3653799999999,20.39
CEMADEN,260775201A,2025,7991,0,0,0.98,3.15200000000001,7.72020000000022,14.69
CEMADEN,260780201A,2017,1104,0,0,0.2,0.974300000000005,2.67862999999995,4.13
CEMADEN,260780201A,2018,9843,0,0,0.59,2.36,7.5,18.79
CEMADEN,260780201A,2019,9402,0,0,0.98,3.15,9.11945000000009,18.11
CEMADEN,260780201A,2020,9930,0,0,0.59,2.50199999999983,8.54419999999998,14.28
CEMADEN,260780201A,2021,6090,0,0,0.39,1.37,5.15644,10.04
CEMADEN,260780201A,2022,8469,0,0,0.98,3.21399999999994,8.64983999999953,13.21
CEMADEN,260780201A,2023,9561,0,0,0.79,2.56,7.72,22.89
CEMADEN,260780201A,2024,8406,0,0,0.42,2.16,6.70594999999999,11.59
CEMADEN,260780201A,2025,6597,0,0,0.98,2.76,7.83935999999962,16.76
CEMADEN,260790101A,2017,3459,0,0,0.79,2.36,4.24297999999998,6.72
CEMADEN,260790101A,2018,6715,0,0,0.59,1.97,7.09162000000004,12.81
CEMADEN,260790101A,2019,8522,0,0,0.98,3.15,9.44579999999987,16.48
CEMADEN,260790101A,2020,5896,0,0,0.79,2.36,4.72734999999997,8.15
CEMADEN,260790101A,2021,10750,0,0,1.18,4.13,11.39,15.98
CEMADEN,260790101A,2022,5453,0,0,1.77,5.51,10.78,13.52
CEMADEN,260790101A,2023,9637,0,0,1.57,4.14,10.10004,18.1
CEMADEN,260790101A,2024,8299,0,0,0.98,3.35,9.6560399999993,199.73
CEMADEN,260790101A,2025,11129,0,0,1.18,3.94,9.90751999999975,13.88
CEMADEN,260790101G,2019,436,0,0,0.65,1.2,2,2
CEMADEN,260790101G,2020,8525,0,0,0.8,2.6,6,8.8
CEMADEN,260790101G,2021,9180,0,0,1.2,3.4,7.76419999999998,14
CEMADEN,260790101G,2022,9751,0,0,0.4,2,7.6,11.2
CEMADEN,260790101G,2023,10079,0,0,1,2.6,6.2,15.8
CEMADEN,260790102A,2017,14377,0,0,0.79,2.76,6.61855999999996,10.98
CEMADEN,260790102A,2018,10278,0,0,0.79,3.15,7.11723,12.8
CEMADEN,260790102A,2019,10789,0,0,0.98,2.58280000000015,6.16603999999992,18.92
CEMADEN,260790102A,2020,7534,0,0,0.79,2.36,7.21471999999994,11.18
CEMADEN,260790102A,2021,7387,0,0,1.57,4.55800000000007,215.67,431.56
CEMADEN,260790102A,2022,9750,0,0,1.38,4.13,10.63271,215.88
CEMADEN,260790102A,2023,9601,0,0,0.2,0.98,2.56,4.53
CEMADEN,260790102A,2024,5185,0,0,0.98,2.95,6.7241599999998,12.4
CEMADEN,260790102G,2019,2207,0,0,0.2,1,2,4.2
CEMADEN,260790102G,2020,10033,0,0,1,3.2,8.99360000000015,12.8
CEMADEN,260790102G,2021,10913,0,0,1.2,3.6,8.6351999999999,16
CEMADEN,260790102G,2022,11289,0,0,1.6,4.8,9.2,15
CEMADEN,260790102G,2023,9774,0,0,0.8,3,8.82700000000077,20.8
CEMADEN,260790102G,2024,7385,0,0,1.4,3.8,7.8,11.2
CEMADEN,260790103A,2017,15063,0,0,0.79,2.17,4.53,14.07
CEMADEN,260790103A,2018,4863,0,0,0.59,2.16,5.51414,597.72
CEMADEN,260790103A,2019,5905,0,0,0.98,2.76,6.52839999999982,9.56
CEMADEN,260790103A,2020,10013,0,0,0.79,2.36,4.91759999999988,7.81
CEMADEN,260790103A,2021,9661,0,0,0.98,2.76,6.33360000000001,11.38
CEMADEN,260790103A,2022,8476,0,0,0.59,2.95,7.94149999999998,14.15
CEMADEN,260790103A,2023,5183,0,0,0.79,3.5418,8.71902000000008,16.26
CEMADEN,260790103A,2024,698,0,0,0.2,0.39,20.9296299999999,50.35
CEMADEN,260790103G,2019,2177,0,0,0.2,1,2.36480000000001,6.4
CEMADEN,260790103G,2020,10008,0,0,0.6,2.6,9.99160000000047,21.6
CEMADEN,260790103G,2021,11068,0,0,1.2,3.6,8.78659999999982,14.8
CEMADEN,260790103G,2022,7038,0,0,0.4,2.2,12.8,15.4
CEMADEN,260790103G,2023,10399,0,0,1.2,3.4,7.44080000000031,18.6
CEMADEN,260790103G,2024,2126,0,0,1.2,5.9,14.35,23.2
CEMADEN,260790104A,2017,13493,0,0,0.39,1.5816,5.22635999999997,16.64
CEMADEN,260790104A,2018,9465,0,0,0.2,1.37360000000001,4.93440000000002,10.18
CEMADEN,260790104A,2019,9604,0,0,1.18,3.35,7.10468000000037,13.05
CEMADEN,260790104A,2020,5851,0,0,0.79,2.36,5.73849999999993,8.52
CEMADEN,260790104A,2021,11408,0,0,0.79,3.1893,8.26081000000013,15.12
CEMADEN,260790104A,2022,14439,0,0,0.39,1.77,6.7281,17.27
CEMADEN,260790104A,2023,10513,0,0,0.2,0.79,2.06271999999988,4.33
CEMADEN,260790104A,2024,6328,0,0,0.79,2.41839999999997,6.83459999999996,15.13
CEMADEN,260790104A,2025,834,0,0,0.39,1.3767,19.5955800000014,58.53
CEMADEN,260790104G,2019,550,0,0,0.6,2.102,19.0046000000008,38
CEMADEN,260790104G,2020,3591,0,0,0.6,1.8,4,5.4
CEMADEN,260790104G,2021,7613,0,0,1.4,4,9,10
CEMADEN,260790104G,2023,1043,0,0,0.8,2.2,3.6,7.2
CEMADEN,260790104G,2024,10137,0,0,1,3,6.97279999999992,14.2
CEMADEN,260790104G,2025,4076,0,0.2,3,5.6,9.77000000000007,15.6
CEMADEN,260790105G,2020,6684,0,0,0.6,2.2,6.84380000000001,14
CEMADEN,260790105G,2021,1555,0,0,0.4,1.78400000000001,9.56239999999962,12
CEMADEN,260790106A,2017,10085,0,0,0.98,3.54,8.73831999999999,14.48
CEMADEN,260790106A,2018,2190,0,0,0.59,2.56,8.21224000000028,9.78
CEMADEN,260790106A,2019,9135,0,0,0.98,3.55,11.12774,19.55
CEMADEN,260790106A,2020,5823,0,0,0.59,1.97,5.45611999999994,8.73
CEMADEN,260790106A,2021,10581,0,0,1.18,4.0260000000001,8.29520000000001,13.01
CEMADEN,260790106A,2022,10899,0,0,1.37,4.33,10.0208000000003,17.69
CEMADEN,260790106A,2023,9736,0,0,0.79,3.15,7.77034999999989,14.08
CEMADEN,260790106A,2024,9989,0,0,0.79,2.75120000000001,8.53324000000017,14.88
CEMADEN,260790106A,2025,10545,0,0,0.98,2.95,6.61296000000002,12.81
CEMADEN,260790106G,2023,1587,0,0,0.6,2.4,7.44839999999999,14.4
CEMADEN,260790106G,2024,6135,0,0,1.4,4.6,9.4,12.8
CEMADEN,260790107A,2017,15217,0,0,0.79,2.36,6.25679999999993,9.96
CEMADEN,260790107A,2018,10413,0,0,0.79,3.15,8.52,14.99
CEMADEN,260790107A,2019,10205,0,0,1.18,3.35,9.88432000000012,12.61
CEMADEN,260790107A,2020,10403,0,0,0.79,2.56,7.08291999999998,9.96
CEMADEN,260790107A,2021,3392,0,0,1.37,4.56510000000006,10.50571,16.85
CEMADEN,260790107A,2022,2538,0,0,1.77,4.47080000000002,8.38763000000019,10.79
CEMADEN,260790107A,2023,9875,0,0,1.18,3.35,9.23458000000017,22.08
CEMADEN,260790107A,2024,8647,0,0,1.18,3.45259999999982,7.78079999999987,12.6
CEMADEN,260790107A,2025,454,0,0,0.79,2.1747,5.84979000000012,7.92
CEMADEN,260790108A,2017,14051,0,0,0.98,2.95,6.77850000000002,20.62
CEMADEN,260790108A,2018,10307,0,0,0.98,3.52980000000009,7.50694,14.98
CEMADEN,260790108A,2019,9834,0,0,1.18,3.35,8.11190999999961,17.07
CEMADEN,260790108A,2020,4696,0,0,0.59,2.16,4.72610000000001,7.55
CEMADEN,260790108A,2021,10996,0,0,1.18,3.54049999999999,7.91109999999982,18.51
CEMADEN,260790108A,2022,11225,0,0,1.4,4.68640000000003,10.0826399999999,19.76
CEMADEN,260790108A,2023,10978,0,0,1.18,3.55,7.91482999999984,13.84
CEMADEN,260790108A,2024,1980,0,0,0.799499999999991,3.63190000000001,8.75141999999996,11.79
CEMADEN,260790109A,2017,12627,0,0,0.98,3.35,7.10374,15.14
CEMADEN,260790109A,2018,10028,0,0,0.79,3.15,10.1546,15.13
CEMADEN,260790109A,2019,9628,0,0,0.98,3.54,9.18,17.06
CEMADEN,260790109A,2020,5538,0,0,0.592999999999993,2.56,6.83018999999997,11.18
CEMADEN,260790109A,2021,7137,0,0,1.38,3.94,12.3823199999999,20.18
CEMADEN,260790109A,2022,8840,0,0,1.57,4.34610000000001,8.96161,15.83
CEMADEN,260790109A,2023,8680,0,0,1.38,4.15049999999996,9.59544999999987,15.14
CEMADEN,260790109A,2024,15,0,0,5.48699999999998,15.0014,17.14214,17.38
CEMADEN,260790110A,2017,13172,0,0,0.8,3,8.13159999999989,19.8
CEMADEN,260790110A,2018,4210,0,0,2,4.98199999999997,11.1910000000002,12.2
CEMADEN,260790110A,2019,6425,0,0,1.6,4,8.8,16.2
CEMADEN,260790110A,2020,2347,0,0,0.2,3,7.3848,9.2
CEMADEN,260790115H,2023,7300,0,0,1.2,3,6.6,12.6
CEMADEN,260790115H,2024,10605,0,0,1,3.4,8.55840000000026,20.2
CEMADEN,260790115H,2025,11956,0,0,0.8,2.69000000000015,7.6,15.6
CEMADEN,260790119H,2023,7529,0,0,1.2,3.2,6.69439999999995,10.8
CEMADEN,260790119H,2024,8737,0,0,0,0.6,5.45279999999984,9.8
CEMADEN,260790119H,2025,10858,0,0,1,3,7.8,12
CEMADEN,260795001A,2017,13474,0,0,0.59,1.97,5.71,10.78
CEMADEN,260795001A,2018,10123,0,0,0.59,2.16,5.68560000000012,8.33
CEMADEN,260795001A,2019,10051,0,0,0.59,1.77,5.10050000000028,9.15
CEMADEN,260795001A,2020,10077,0,0,0.59,2.17,6.07264000000032,11.19
CEMADEN,260795001A,2021,10564,0,0,0.59,1.97,5.68042999999996,11.39
CEMADEN,260795001A,2022,11115,0,0,0.79,2.33340000000011,7.66326000000017,20.8
CEMADEN,260795001A,2023,10808,0,0,0.59,1.96,5.79333999999973,12.58
CEMADEN,260795001A,2024,10434,0,0,0.59,2.36,8.39895999999921,15.13
CEMADEN,260795001A,2025,10306,0,0,0.59,1.96,4.94084999999999,65.46
CEMADEN,260795002A,2017,1006,0,0,0.59,2.1695,8.96570000000002,9.78
CEMADEN,260795002A,2018,10182,0,0,0.59,2.16,5.31,9.96
CEMADEN,260795002A,2019,10259,0,0,0.79,1.77,5.16710000000001,9.6
CEMADEN,260795002A,2020,6249,0,0,0.79,2.56,6.25040000000008,9.15
CEMADEN,260795002A,2021,4598,0,0,0.39,1.38,4.0971700000001,8.93
CEMADEN,260795002A,2022,459,0,0,0.42,1.654,3.57817999999998,3.94
CEMADEN,260795004H,2017,12934,0,0,0.6,2,5.82679999999964,15.6
CEMADEN,260795004H,2018,6237,0,0,0.4,1.8,5.35280000000003,8.8
CEMADEN,260795004H,2019,9391,0,0,0.4,1.6,5.6,14
CEMADEN,260795004H,2020,7760,0,0,0,0.6,3.4,15
CEMADEN,260795004H,2021,9902,0,0,0.6,1.8,4.8,8.8
CEMADEN,260795004H,2022,4793,0,0,0.8,2,4.84159999999993,12.8
CEMADEN,260795004H,2023,1890,0,0.4,4.2,10.4,17.2664000000003,32.6
CEMADEN,260795004H,2024,674,0,0.2,2.74000000000001,7.31799999999994,13.3232,14.4
CEMADEN,260795004H,2025,3607,0,0.8,8.2,16,39,58.2
CEMADEN,260800801A,2023,3879,0,0,0,0.2,2.78317999999997,6.9
CEMADEN,260800801A,2024,8450,0,0,0.2,1.77,8.39978999999985,22.29
CEMADEN,260800801A,2025,9237,0,0,0.2,0.98,6.80323999999968,15.99
CEMADEN,260800801C,2017,6319,0,0,0.2,0.8,3.2,7.2
CEMADEN,260800801C,2018,8106,0,0,0,1,4.75800000000018,9.6
CEMADEN,260800801C,2019,7829,0,0,0.2,0.8,6.03439999999991,12.2
CEMADEN,260800801C,2020,2680,0,0,0.6,4.24200000000001,10.6642,14.4
CEMADEN,260800801C,2023,2875,0,0,0,0.4,6.15120000000024,7.8
CEMADEN,260800801C,2025,3310,0,0,0,0.4,2.02919999999976,3.2
CEMADEN,260805701A,2023,7702,0,0,0.2,0.79,5.54620999999998,22.74
CEMADEN,260805701A,2024,8114,0,0,0.2,1.18,5.85592999999989,14.69
CEMADEN,260805701A,2025,6119,0,0,0.39,1.3782,5.29639999999992,10.57
CEMADEN,260805701C,2017,8673,0,0,0.2,0.8,3.2655999999999,15.6
CEMADEN,260805701C,2018,6530,0,0,0.109999999999855,0.6,3.4,17.2
CEMADEN,260805701C,2019,2576,0,0,0.2,1.45,7.88500000000004,14.4
CEMADEN,260805701C,2020,111,0,0.2,0.8,1.18,2.09,2.2
CEMADEN,260805701C,2022,3871,0,0,0.2,1.2,7.8,8.8
CEMADEN,260805701C,2023,2057,0,0,0.4,2.6,12.4991999999999,13.4
CEMADEN,260805701C,2025,2,0.2,0.2,0.2,0.2,0.2,0.2
CEMADEN,260810701A,2017,623,0,0,0.2,1,1.47560000000001,1.6
CEMADEN,260810701A,2018,5924,0,0,0.6,2.6,7.06160000000018,10.6
CEMADEN,260810701A,2019,1794,0,0,0,0.2,1,2.2
CEMADEN,260810701A,2020,3933,0,0,0.4,2.6,14.0952000000003,19
CEMADEN,260810701A,2021,1082,0,0,0.4,1.2,2.56760000000004,3.2
CEMADEN,260810701A,2022,2901,0,0,0,0,0,0
CEMADEN,260810701A,2023,8534,0,0,0.2,0.6,3.29340000000011,6.6
CEMADEN,260810701A,2024,9467,0,0,0.4,1.6,7.10679999999993,14.8
CEMADEN,260810701A,2025,9974,0,0,0.4,1.6,4.8,9
CEMADEN,260820601A,2017,4100,0,0,0.2,1.97,8.50643999999993,13.42
CEMADEN,260820602A,2017,127,0,0,0,8.53719999999998,20.6121599999999,22.23
CEMADEN,260820602A,2018,4785,0,0,0.42,1.80039999999997,5.86768000000026,11.79
CEMADEN,260820602A,2019,5066,0,0,0.79,1.9635,3.92700000000008,10.38
CEMADEN,260820602A,2020,10513,0,0,0.79,2.36,5.12,12.81
CEMADEN,260820602A,2021,6020,0,0,0.59,1.5881,6.69790999999997,10.98
CEMADEN,260820602A,2022,9392,0,0,1.18,2.76,7.15578000000016,13105.58
CEMADEN,260820602A,2023,9673,0,0,0.98,2.56,6.23119999999981,10.16
CEMADEN,260820602A,2024,9791,0,0,0.59,2.161,5.6496999999995,11.39
CEMADEN,260820602A,2025,9590,0,0,0.79,2.17,5.19809000000001,9.55
CEMADEN,260820603A,2025,3275,0,0,0.4,1.2,2.4,3.4
CEMADEN,260825501A,2019,36,0,0,0.2,55.8464999999999,82.8136500000003,85.81
CEMADEN,260825501A,2022,1636,0,0,0.79,4.19350000000004,12.15865,13.01
CEMADEN,260825501A,2023,6222,0,0,0.39,1.77,7.72336999999999,14.06
CEMADEN,260825501A,2024,6173,0,0,0.2,0.59,6.63840000000013,16.24
CEMADEN,260825501A,2025,6005,0,0,0.2,0.79,3.14764000000006,4.73
CEMADEN,260830501A,2017,416,0,0,0.2,0.42,0.901149999999996,0.98
CEMADEN,260830501A,2018,9254,0,0,0.2,0.79,2.95,10.98
CEMADEN,260830501A,2019,8820,0,0,0.42,1.37,8.13353000000006,14.13
CEMADEN,260830501A,2020,3993,0,0,0.59,3.16599999999999,11.4626399999999,24.89
CEMADEN,260830501A,2021,3604,0,0,0.2,0.79,3.22939999999999,4.73
CEMADEN,260830501A,2022,8513,0,0,0.59,1.97,6.83855999999993,11.19
CEMADEN,260830501A,2023,10179,0,0,0.39,0.98,5.04880000000005,9.76
CEMADEN,260830501A,2024,8800,0,0,0.39,1.18,9.50682999999926,19.55
CEMADEN,260830501A,2025,8361,0,0,0,0.59,3.35,14.91
CEMADEN,260840401A,2017,14229,0,0,0.4,1,3.4,7.6
CEMADEN,260840401A,2018,9736,0,0,0.2,1,5.65299999999988,9
CEMADEN,260840401A,2019,9637,0,0,0.4,0.8,3.74559999999983,13.6
CEMADEN,260840401A,2020,10210,0,0,0.4,1.4,6.39099999999926,13
CEMADEN,260840401A,2021,9996,0,0,0.2,0.8,2.20099999999984,7
CEMADEN,260840401A,2022,6448,0,0,0.6,1.6,5.31059999999998,12.4
CEMADEN,260840401A,2023,3580,0,0,0.2,0.8,2,3.8
CEMADEN,260840401A,2024,10076,0,0,0.4,0.8,6.33999999999942,17.8
CEMADEN,260840401A,2025,8569,0,0,0.4,0.8,2.88640000000014,23.8
CEMADEN,260840401C,2017,14211,0,0,0.2,0.8,2.6,8.2
CEMADEN,260840401C,2018,7789,0,0,0.2,1,5.88480000000018,9.6
CEMADEN,260840401C,2019,5815,0,0,0.4,0.8,3.23719999999994,10.8
CEMADEN,260840401C,2020,1380,0,0,0.2,2.56800000000003,9.61460000000024,12.8
CEMADEN,260840401C,2022,7692,0,0,0.4,1.41800000000003,4.06180000000004,9
CEMADEN,260840401C,2023,5075,0,0,0.2,0.8,4.54080000000031,19.2
CEMADEN,260845301A,2017,950,0,0,0,0.2,1.21978000000003,1.96
CEMADEN,260845301A,2018,9578,0,0,0.42,1.96,4.53,12.2
CEMADEN,260845301A,2019,9528,0,0,0.59,1.97,5.87257,12.61
CEMADEN,260845301A,2020,8509,0,0,0.39,1.77,6.65520000000011,22.73
CEMADEN,260845301A,2021,4977,0,0,0.42,1.02799999999996,2.36480000000007,6.71
CEMADEN,260845301A,2022,10230,0,0,0.79,2.89489999999983,7.70771000000001,12.8
CEMADEN,260845301A,2023,10088,0,0,0.59,2.17,4.93826000000001,14.94
CEMADEN,260845301A,2024,9709,0,0,0.42,1.77,5.51,11.4
CEMADEN,260845301A,2025,7717,0,0,0.79,2.16,4.77679999999993,12.2
CEMADEN,260850301A,2017,956,0,0,0,0.680000000000009,3.02199999999993,4.55
CEMADEN,260850301A,2018,9655,0,0,0.42,2.16,6.5761199999999,17.27
CEMADEN,260850301A,2019,9425,0,0,0.751999999999862,2.16,5.73463999999965,11.41
CEMADEN,260850301A,2020,8744,0,0,0.59,1.77,6.97368999999993,17.69
CEMADEN,260850301A,2021,5140,0,0,0.42,1.37,2.95,5.56
CEMADEN,260850301A,2022,10210,0,0,0.79,2.76,6.26028999999986,11.18
CEMADEN,260850301A,2023,10165,0,0,0.59,2.17,5.83603999999974,14.75
CEMADEN,260850301A,2024,8865,0,0,0.42,1.77,5.57680000000055,13.9
CEMADEN,260850301A,2025,6549,0,0,0.79,2.76,6.1,14.71
CEMADEN,260860201A,2017,473,0,0,0.39,1.48919999999999,3.0556,3.15
CEMADEN,260860201A,2018,10155,0,0,0.39,1.37,4.53,10.17
CEMADEN,260860201A,2019,9670,0,0,0.39,1.37,3.80289000000003,7.71
CEMADEN,260860201A,2020,5838,0,0,0.42,1.10600000000002,4.33,6.9
CEMADEN,260860201A,2021,9542,0,0,0.42,1.37,3.94,12.4
CEMADEN,260860201A,2022,10741,0,0,0.59,1.96,4.97200000000004,12.4
CEMADEN,260860201A,2023,8290,0,0,0.39,0.98,6.94503999999957,18.51
CEMADEN,260860201A,2024,8950,0,0,0.42,1.38,5.96977999999959,16.44
CEMADEN,260860201A,2025,10481,0,0,0.42,1.37,4.53,17.27
CEMADEN,260870101A,2017,769,0,0,0.39,1.3732,4.01375999999997,4.92
CEMADEN,260870101A,2018,9761,0,0,0.42,1.57,5.31,8.31
CEMADEN,260870101A,2019,7737,0,0,0.59,1.38,5.37872000000012,14.72
CEMADEN,260870101A,2020,9898,0,0,0.42,1.38,5.53059999999983,14.29
CEMADEN,260870101A,2021,7641,0,0,0.79,1.57,4.34239999999981,8.93
CEMADEN,260870101A,2022,6307,0,0.2,0.98,2.36,5.9,8.12
CEMADEN,260870101A,2023,10437,0,0,0.42,1.57,4.92,9.75
CEMADEN,260870101A,2024,10339,0,0,0.42,1.38,5.44298000000021,17.27
CEMADEN,260870101A,2025,10535,0,0,0.39,1.18,3.04320000000007,5.31
CEMADEN,260870102A,2025,2386,0,0,0.2,0.6,2,4
CEMADEN,260870103A,2025,2720,0,0,0.2,0.6,2.68099999999995,6.4
CEMADEN,260875001A,2017,3877,0,0,0,0.2,1.20355999999996,4.33
CEMADEN,260875001A,2018,9138,0,0,0.2,1.57,10.37,16.87
CEMADEN,260875001A,2019,8314,0,0,0.2,1.18,5.25052999999998,8.73
CEMADEN,260875001A,2020,4153,0,0,0.59,6.39599999999991,13.71384,51.19
CEMADEN,260875001A,2021,7067,0,0,0.2,2.03460000000003,10.55746,163.85
CEMADEN,260875001A,2022,9120,0,0,0.2,1.97,6.69,16.44
CEMADEN,260875001A,2023,9076,0,0,0.2,0.98,7.11849999999999,16.88
CEMADEN,260875001A,2024,9162,0,0,0.2,2.23799999999988,9.34,17.07
CEMADEN,260875001A,2025,8900,0,0,0,0.98,6.12020000000011,11.8
CEMADEN,260875001U,2018,1513,0,0,0.2,2.72799999999993,12.4976,18.6
CEMADEN,260875001U,2019,1682,0,0,0.2,2.83800000000001,12.7347999999996,19.4
CEMADEN,260875001U,2023,1612,0,0,0.2,2.97799999999997,14.8667999999999,15.8
CEMADEN,260875001U,2024,7176,0,0,0.4,2.2,9.52999999999993,13.2
CEMADEN,260875001U,2025,8446,0,0,0,0.6,6,10
CEMADEN,260875002A,2024,4642,0,0,0.2,1.57,7.35026000000005,15.15
CEMADEN,260875002A,2025,5132,0,0,0,1.18,7.16899999999969,12.6
CEMADEN,260880001A,2017,13401,0,0,0.2,0.8,3.4,12.4
CEMADEN,260880001A,2018,9409,0,0,0.2,1,4.31840000000011,10.4
CEMADEN,260880001A,2019,9254,0,0,0.2,0.8,6.54939999999988,14.4
CEMADEN,260880001A,2020,9653,0,0,0.4,2.2,10.0696,15
CEMADEN,260880001A,2021,9706,0,0,0.2,1,5.4,8.6
CEMADEN,260880001A,2022,10187,0,0,0.4,1.6,5.4,15.4
CEMADEN,260880001A,2023,9298,0,0,0.4,1.4,7.48119999999981,19.2
CEMADEN,260880001A,2024,8682,0,0,0.4,1.2,5.3275999999998,12.8
CEMADEN,260880001A,2025,4206,0,0,0.4,0.8,1.6,2.2
CEMADEN,260880001C,2017,3894,0,0,0.2,1,3.22139999999999,8.6
CEMADEN,260880001C,2018,7494,0,0,0.2,0.813999999999942,4.30139999999992,7.6
CEMADEN,260880001C,2019,7060,0,0,0,0.2,1.8,3.4
CEMADEN,260880001C,2020,3039,0,0,0,0.2,0.2,0.2
CEMADEN,260880001C,2021,4008,0,0,0,0,0.2,0.2
CEMADEN,260880001C,2022,2287,0,0,0,1,3.59959999999992,14.8
CEMADEN,260880001C,2023,912,0,0,0,0.8,7.12560000000058,16.6
CEMADEN,260880001C,2024,219,0,0,1.2,10.008,12.8076,13.2
CEMADEN,260890901A,2017,425,0,0,0.2,1.23839999999999,2.86944,2.95
CEMADEN,260890901A,2018,9387,0,0,0.39,1.77,5.71,13.62
CEMADEN,260890901A,2019,9222,0,0,0.59,1.77,6.56740000000027,16.86
CEMADEN,260890901A,2020,7583,0,0,0.42,2.16,6.1,12.81
CEMADEN,260890901A,2021,3722,0,0,0.2,0.98,3.6516,10.64
CEMADEN,260890901A,2022,9563,0,0,0.79,1.97,6.1,9.76
CEMADEN,260890901A,2023,7266,0,0,0.59,2.24950000000006,5.06699999999993,10.59
CEMADEN,260890901A,2024,9669,0,0,0.39,1.77,7.54656000000003,14.92
CEMADEN,260890901A,2025,10073,0,0,0.59,1.96,6.69928,17.89
CEMADEN,260900601A,2017,950,0,0,0,0.42,1.46007000000007,2.95
CEMADEN,260900601A,2018,9809,0,0,0.42,2.16,7.46703999999922,15.8
CEMADEN,260900601A,2019,9755,0,0,0.59,1.97,5.75919999999984,12.4
CEMADEN,260900601A,2020,1454,0,0,0.266499999999983,0.79,1.78880000000001,2.76
CEMADEN,260900601A,2021,4678,0,0,0.39,0.79,1.63460000000006,3.74
CEMADEN,260900601A,2022,1532,0,0,0.42,3.30180000000001,6.57536000000007,11.18
CEMADEN,260900601A,2023,9983,0,0,0.42,1.57,5.12018,9.35
CEMADEN,260900601A,2024,9447,0,0,0.39,1.96,7.61526000000002,11.39
CEMADEN,260900601A,2025,6425,0,0,0.79,2.36,9.18504000000002,33.99
CEMADEN,260910501A,2017,655,0,0,0,0.79,1.64574,1.77
CEMADEN,260910501A,2018,9869,0,0,0.59,2.36,6.77847999999995,10.37
CEMADEN,260910501A,2019,9631,0,0,0.79,2.36,7.50370000000001,19.14
CEMADEN,260910501A,2020,9893,0,0,0.59,2.16,8.34268000000004,17.07
CEMADEN,260910501A,2021,9892,0,0,0.42,1.77,5.5961100000003,9.19
CEMADEN,260910501A,2022,10565,0,0,0.79,2.56,7.89567999999988,14.09
CEMADEN,260910501A,2023,9545,0,0,0.39,1.4863999999999,4.53,10.37
CEMADEN,260910501A,2024,7567,0,0,0,0.42,2.97604000000001,9.6
CEMADEN,260910501A,2025,8671,0,0,0.59,1.37,2.84949999999999,5.72
CEMADEN,260915401A,2024,5494,0,0,0.2,0.59,8.43153999999991,22.09
CEMADEN,260915401A,2025,10663,0,0,0.39,0.98,3.41759999999995,12
CEMADEN,260915401C,2017,8376,0,0,0.2,0.6,2,4.6
CEMADEN,260915401C,2018,8337,0,0,0.2,1,6.46560000000027,9
CEMADEN,260915401C,2019,1778,0,0,0.4,5.4,13.2243999999999,15.4
CEMADEN,260915401C,2020,13,0,0,0.0799999999999997,0.176,0.1976,0.2
CEMADEN,260920401A,2017,13090,0,0,0.59,1.97,5.31,8.99
CEMADEN,260920401A,2018,10162,0,0,0.59,2.16,5.12,10.78
CEMADEN,260920401A,2019,6043,0,0,0.79,2.67019999999999,7.54873999999999,17.49
CEMADEN,260920401A,2020,5193,0,0,0.39,1.18,3.9016,5.12
CEMADEN,260920401A,2021,10315,0,0,0.59,1.77,6.37439999999988,12.03
CEMADEN,260920401A,2022,8045,0,0,0.59,1.77,6.2652400000001,11.39
CEMADEN,260920401A,2023,8235,0,0,0.59,2.16,7.21639999999985,17.9
CEMADEN,260920401A,2024,7615,0,0,0.59,2.17,13.1875600000002,20.35
CEMADEN,260920401A,2025,10682,0,0,0.59,1.96,4.9837999999999,7.92
CEMADEN,260920402A,2017,13217,0,0,0.79,2.36,6.81191999999995,11.59
CEMADEN,260920402A,2018,10434,0,0,0.79,2.36,5.71,9.2
CEMADEN,260920402A,2019,10197,0,0,0.79,2.17079999999998,6.90804,16.64
CEMADEN,260920402A,2020,10136,0,0,0.79,2.36,6.49,22.94
CEMADEN,260920402A,2021,10746,0,0,0.79,2.16,5.95844999999985,9.95
CEMADEN,260920402A,2022,4773,0,0,1.18,3.74,6.83680000000004,12.61
CEMADEN,260920402A,2025,33,0,0.2,1.216,1.9712,2.14112,2.16
CEMADEN,260920403A,2019,2,0,0,0,0,0,0
CEMADEN,260920403A,2020,24,0,0,2.8545,3.2095,3.28195,3.29
CEMADEN,260930301A,2024,2770,0,0,0,0.98,5.11078000000075,13.22
CEMADEN,260930301A,2025,8387,0,0,0.2,1.37,8.04279999999991,15.33
CEMADEN,260930301C,2017,5135,0,0,0.2,2.2,8.51959999999999,15.6
CEMADEN,260930301C,2018,7849,0,0,0.2,1.50399999999991,6.43040000000001,9.8
CEMADEN,260930301C,2019,5430,0,0,0.2,1.54200000000001,9.19939999999988,14
CEMADEN,260930301C,2020,2616,0,0,0.6,4.13999999999996,8.53900000000031,15.6
CEMADEN,260930301C,2022,4541,0,0,0.2,0.8,9.75200000000004,27.8
CEMADEN,260930301C,2023,7591,0,0,0,0.4,4.16399999999994,16
CEMADEN,260930301C,2024,6113,0,0,0.2,2.17600000000002,7.6,11
CEMADEN,260930301C,2025,7481,0,0,0,1,6.30400000000009,17.6
CEMADEN,260940201A,2017,13455,0,0,0.59,1.77,4.72546,9.76
CEMADEN,260940201A,2018,9918,0,0,0.59,2.16,5.71,8.53
CEMADEN,260940201A,2019,9294,0,0,0.79,2.18329999999994,5.76656000000003,17.48
CEMADEN,260940201A,2020,5295,0,0,0.39,1.18,2.36,2.95
CEMADEN,260940201A,2021,9959,0,0,0.59,1.77,4.72839999999989,10.37
CEMADEN,260940201A,2022,7736,0,0,1.18,2.95,6.64010000000011,10.78
CEMADEN,260940201A,2023,2654,0,0,0.59,2.05929999999996,4.86533000000008,6.7
CEMADEN,260940201A,2024,10205,0,0,0.59,1.97,6.99576000000016,13.21
CEMADEN,260940201A,2025,10825,0,0,0.79,2.56,7.03983999999982,13.48
CEMADEN,260940202A,2017,11353,0,0,0.42,1.57,5.43959999999985,10.78
CEMADEN,260940202A,2018,10111,0,0,0.69,2.759,8.31889999999999,12
CEMADEN,260940202A,2019,10030,0,0,0.98,2.56,5.9,12.81
CEMADEN,260940202A,2020,10182,0,0,0.59,2.36,5.33456999999999,11.19
CEMADEN,260940202A,2021,10458,0,0,0.79,2.56,8.14348999999986,14.95
CEMADEN,260940202A,2022,11058,0,0,1.18,3.35,7.71,12.6
CEMADEN,260940202A,2023,10911,0,0,0.98,2.93199999999993,7.1,10.37
CEMADEN,260940202A,2024,9255,0,0,0.79,2.76,6.65411999999982,15.36
CEMADEN,260940202A,2025,10924,0,0,0.98,2.9577,6.98005999999947,13.64
CEMADEN,260950101A,2017,11828,0,0,0.39,1.57,4.76287000000013,12.8
CEMADEN,260950101A,2018,9645,0,0,0.39,1.97,4.99119999999995,9.14
CEMADEN,260950101A,2019,9439,0,0,0.59,2.16,6.40677999999998,12.8
CEMADEN,260950101A,2020,9460,0,0,0.39,1.57,4.94098999999971,13.65
CEMADEN,260950101A,2021,7876,0,0,0.59,1.77,4.3825,16.36
CEMADEN,260950101A,2022,4132,0,0,0.79,2.95,6.84759999999988,10.78
CEMADEN,260950101A,2023,2825,0,0,0.39,1.9676,7.98407999999965,218.19
CEMADEN,260950102A,2017,11935,0,0,0.39,1.38,5.71,15.99
CEMADEN,260950102A,2018,9596,0,0,0.39,1.97,5.66795000000026,7.72
CEMADEN,260950102A,2019,9373,0,0,0.59,2.16,5.12,12.21
CEMADEN,260950102A,2020,9404,0,0,0.39,1.57,4.7628299999999,13.22
CEMADEN,260950102A,2021,4479,0,0,0.59,2.36,5.41439999999999,7.3
CEMADEN,260950102A,2022,4165,0,0,0.59,3.04119999999994,7.20832000000015,10.65
CEMADEN,260950102A,2023,10040,0,0,0.59,2.16,5.51,17.28
CEMADEN,260950102A,2024,9683,0,0,0.39,1.80420000000006,7.02037999999971,11.4
CEMADEN,260950102A,2025,10199,0,0,0.59,1.9602,6.47841999999993,18.11
CEMADEN,260950103A,2017,11267,0,0,0.39,1.37,5.40626000000015,10.37
CEMADEN,260950103A,2018,9641,0,0,0.39,2.16,6.72520000000004,9.77
CEMADEN,260950103A,2019,9396,0,0,0.59,1.77,4.64494999999992,12.21
CEMADEN,260950103A,2020,9492,0,0,0.39,1.57,4.85126,14.06
CEMADEN,260950103A,2021,9490,0,0,0.39,1.57,4.62709000000008,12.81
CEMADEN,260950103A,2022,10182,0,0,0.79,2.75,7.10637999999999,11.59
CEMADEN,260950103A,2023,10161,0,0,0.59,1.97,5.47800000000003,10.38
CEMADEN,260950103A,2024,1749,0,0,0.59,3.36079999999999,8.21443999999995,12.4
CEMADEN,260950103A,2025,2,0,0,0,0,0,0
CEMADEN,260950104A,2017,966,0,0,0,0.39,1.59099999999998,2.17
CEMADEN,260950104A,2018,9610,0,0,0.42,2.17,7.06030999999985,12.8
CEMADEN,260950104A,2019,9425,0,0,0.79,2.17,7.3991999999996,10.98
CEMADEN,260950104A,2020,9241,0,0,0.39,1.37,4.43400000000009,10.98
CEMADEN,260950104A,2021,3748,0,0,0.39,1.18,4.18060000000003,11.99
CEMADEN,260950104A,2022,5846,0,0,0.98,2.56,5.55099999999995,9.14
CEMADEN,260960001A,2017,17779,0,0,0.39,1.18,3.35,7.33
CEMADEN,260960001A,2018,12270,0,0,0.39,0.98,4.90081999999995,10.17
CEMADEN,260960001A,2019,2322,0,0,1.37,3.7232,31.5995700000004,401.14
CEMADEN,260960001A,2020,2463,0,0,1.38,3.74,15.40916,20.56
CEMADEN,260960001A,2021,9800,0,0,0.98,3.15,8.76220999999982,14.08
CEMADEN,260960001A,2022,13106,0,0,0.39,0.79,2.95,8.33
CEMADEN,260960001A,2023,12433,0,0,0.79,1.57,3.15,5.12
CEMADEN,260960001A,2024,2728,0,0,1.18,3.35,6.94733000000003,12.68
CEMADEN,260960001G,2019,2171,0,0,0.2,1.06000000000004,3.2,5.6
CEMADEN,260960001G,2020,9361,0,0,0.8,3,6.65599999999977,11.6
CEMADEN,260960001G,2021,10477,0,0,1,3.04799999999996,8.8,15.6
CEMADEN,260960001G,2022,10698,0,0,1.4,4,8.4,15.4
CEMADEN,260960001G,2023,10456,0,0,1,3.09000000000015,7.8,12.8
CEMADEN,260960001G,2024,7549,0,0,1,3,7.89040000000005,13
CEMADEN,260960001G,2025,288,0,0.4,3.93,7.78199999999999,12.3704,12.6
CEMADEN,260960002A,2017,12824,0,0,0.79,2.56,6.73070999999993,13.42
CEMADEN,260960002A,2018,10096,0,0,0.79,2.95,7.89765000000009,15.56
CEMADEN,260960002A,2019,9731,0,0,1.18,4.13,9.87070000000018,15.12
CEMADEN,260960002A,2020,5859,0,0,1.18099999999999,4.14,9.06359999999986,16.15
CEMADEN,260960002A,2021,9294,0,0,1.38,4.20909999999996,9.96,17.69
CEMADEN,260960002A,2022,4899,0,0,0,0.59,2.79977999999995,6.34
CEMADEN,260960002A,2023,4629,0,0,0.42,1.57,5.20556000000007,7.14
CEMADEN,260960002A,2024,6058,0,0,1.18,4.06020000000004,11.2004100000002,17.06
CEMADEN,260960002A,2025,45,0,0,0.75,2.63760000000001,3.80976000000001,3.94
CEMADEN,260960003A,2017,14361,0,0,0.59,2.36,6.42159999999989,11.71
CEMADEN,260960003A,2018,9938,0,0,0.79,2.67969999999985,6.91583000000004,12.4
CEMADEN,260960003A,2019,9404,0,0,0.98,3.74,9.67536999999995,18.1
CEMADEN,260960003A,2020,5504,0,0,0.39,2.35430000000005,5.56964000000004,11.19
CEMADEN,260960003A,2021,10308,0,0,1.18,3.76790000000001,9.76692999999999,16
CEMADEN,260960003A,2022,9685,0,0,1.57,4.72,11.0242400000001,17.68
CEMADEN,260960003A,2023,5338,0,0,1.77,6.05190000000001,15.6502499999992,205.8
CEMADEN,260960003A,2024,2584,0,0,1.37,19.7433000000006,60.63,116.44
CEMADEN,260960004A,2017,15683,0,0,0.59,2.36,6.3,9.76
CEMADEN,260960004A,2018,9874,0,0,0.79,2.75,6.72540000000008,10.18
CEMADEN,260960004A,2019,9672,0,0,0.98,3.55,7.52302999999998,13.04
CEMADEN,260960004A,2020,9923,0,0,0.59,2.95,7.75325999999992,13.28
CEMADEN,260960004A,2021,10269,0,0,0.98,2.96279999999999,7.72928,105.95
CEMADEN,260960004A,2022,7302,0,0,0.59,2.56,7.37688999999996,16.43
CEMADEN,260960004A,2023,9328,0,0,0.98,3.15,7.74346000000001,21.87
CEMADEN,260960004A,2024,4118,0,0,1.57,3.74,9.90096999999989,14.48
CEMADEN,260960004A,2025,10659,0,0,1.18,3.74,9.20840000000011,14.91
CEMADEN,260960005A,2017,13524,0,0,0.79,2.59310000000001,7.43879000000021,13.01
CEMADEN,260960005A,2018,10001,0,0,0.79,2.76,7.54,12.4
CEMADEN,260960005A,2019,9683,0,0,1.18,3.74,7.11271999999997,11.99
CEMADEN,260960005A,2020,3921,0,0,0.99,3.15,6.91239999999985,11.44
CEMADEN,260960005A,2021,9307,0,0,1.18,3.54,8.12387999999999,13.43
CEMADEN,260960005A,2022,10755,0,0,1.38,4.53459999999999,8.75245999999999,15.78
CEMADEN,260960005A,2023,10509,0,0,0.98,3.15,8.41840000000004,12
CEMADEN,260960005A,2024,9982,0,0,0.79,3.15,8.73380000000005,18.93
CEMADEN,260960005A,2025,2939,0,0,1.18,5.12,8.48491999999973,16.47
CEMADEN,260970901A,2023,4558,0,0,0.39,0.79,2.25417000000004,7.58
CEMADEN,260970901A,2024,8770,0,0,0.39,1.57,5.75388999999996,11.8
CEMADEN,260970901A,2025,5428,0,0,0.59,1.38,3.35,4.33
CEMADEN,260970901C,2017,14200,0,0,0.2,1,4.84079999999958,10.2
CEMADEN,260970901C,2018,8382,0,0,0.4,1.8,5.4,7.2
CEMADEN,260970901C,2019,8738,0,0,0.4,1.2,5.25260000000017,8.8
CEMADEN,260970901C,2020,8663,0,0,0.4,1.8,8.06759999999995,13.6
CEMADEN,260970901C,2021,5365,0,0,0.2,1.47199999999993,5.72720000000008,15.2
CEMADEN,260970901C,2022,10325,0,0,0.6,1.8,5,10.2
CEMADEN,260970901C,2023,10278,0,0,0.4,1.4,4.2,16.4
CEMADEN,260970901C,2024,8922,0,0,0.4,1.2,5.4,13.4
CEMADEN,260970901C,2025,9802,0,0,0.4,1.39799999999996,3.63980000000011,12.2
CEMADEN,260980801A,2017,4687,0,0,0,0.39,1.57,6.7
CEMADEN,260980801A,2018,8894,0,0,0.2,1.57,7.78419999999998,14.86
CEMADEN,260980801A,2019,7616,0,0,0.2,0.79,7.33100000000013,19.75
CEMADEN,260980801A,2020,4661,0,0,0,0.59,6.56480000000003,13.41
CEMADEN,260980801A,2021,9067,0,0,0.2,0.98,6.48745999999987,17.07
CEMADEN,260980801A,2022,9066,0,0,0.2,2.16,9.74634999999989,15.14
CEMADEN,260980801A,2023,8841,0,0,0,0.79,6.73839999999997,17.07
CEMADEN,260980801A,2024,7873,0,0,0.2,0.98,5.74583999999992,15.26
CEMADEN,260980801A,2025,7072,0,0,0,0.98,8.09089000000004,12.82
CEMADEN,260980801C,2017,3734,0,0,0.2,1,8.01359999999986,15.8
CEMADEN,260980801C,2018,3736,0,0,0,0.4,1.65299999999997,5
CEMADEN,260980801C,2019,3423,0,0,0,0.2,1.11559999999999,3.6
CEMADEN,260980801C,2020,1077,0,0,0,0,0,0
CEMADEN,260990701A,2024,2748,0,0,0,0.59,4.08914000000022,11
CEMADEN,260990701A,2025,5998,0,0,0.2,1.18569999999995,6.89122999999988,20.4
CEMADEN,260990701C,2017,2013,0,0,0.2,0.8,6.59520000000002,13.4
CEMADEN,260990701C,2018,8322,0,0,0.2,1.4,5.87160000000004,14.2
CEMADEN,260990701C,2019,3032,0,0,0.2,1.93800000000001,11.5504000000001,17
CEMADEN,260990701C,2020,196,0,0,0,0,0,0
CEMADEN,260990701C,2022,4726,0,0,0,0.2,0.854999999999927,12
CEMADEN,260990701C,2023,8749,0,0,0,0,0,0.2
CEMADEN,260990701C,2024,8039,0,0,0,0.2,1.19240000000009,4
CEMADEN,260990701C,2025,8677,0,0,0,0,1.2648000000001,4.8
CEMADEN,261000402A,2017,12851,0,0,0.59,1.97,4.42249999999987,10.99
CEMADEN,261000402A,2018,9015,0,0,0.59,1.96860000000001,5.57902000000006,424.22
CEMADEN,261000402A,2019,10011,0,0,0.79,2.169,5.9099,12.42
CEMADEN,261000402A,2020,10159,0,0,0.79,2.76,8.69682000000012,16.86
CEMADEN,261000402A,2021,8793,0,0,0,0.79,2.76,11.96
CEMADEN,261000402A,2022,9230,0,0,0.98,2.76,9.55771000000001,15.34
CEMADEN,261000402A,2023,5955,0,0,0.79,2.16,5.51920000000006,11.79
CEMADEN,261000402A,2024,6299,0,0,0.42,1.57,6.08876000000031,79.09
CEMADEN,261000402A,2025,7534,0,0,0.98,2.95,7.33467,12.2
CEMADEN,261000403A,2019,1505,0,0,0.2,0.98,4.90440000000002,5.04
CEMADEN,261000403A,2020,10239,0,0,0.79,3.15,9.49478000000012,13.85
CEMADEN,261000403A,2021,7305,0,0,0.98,2.76,6.63223999999998,12.6
CEMADEN,261000403A,2022,494,0,0.2,1.97,5.76459999999999,118.551130000001,225.33
CEMADEN,261000403A,2023,9807,0,0,0.79,2.36,5.3487999999999,9.15
CEMADEN,261000403A,2024,9948,0,0,0.59,1.57,3.94,10.58
CEMADEN,261000403A,2025,11026,0,0,0.79,2.36,5.93900000000001,10.18
CEMADEN,261000404A,2018,5,0,0,0.16,0.192,0.1992,0.2
CEMADEN,261000404A,2019,8,0,0,1.7765,1.9473,1.98573,1.99
CEMADEN,261010301A,2017,380,0,0,0.98,1.85189999999999,3.68898999999998,4.14
CEMADEN,261010301A,2018,8241,0,0,0.42,1.18,3.69200000000004,7.1
CEMADEN,261010301A,2019,9388,0,0,0.59,1.57,5.04259999999988,12.6
CEMADEN,261010301A,2020,6544,0,0,0.59,1.37,5.57002000000062,23.37
CEMADEN,261010301A,2021,7857,0,0,0.59,1.77,5.14736000000004,9.76
CEMADEN,261010301A,2022,4668,0,0,1.18,3.15,7.84328999999995,10.78
CEMADEN,261010301A,2023,9930,0,0,0.59,1.51489999999983,4.94839999999997,18.72
CEMADEN,261010301A,2024,10489,0,0,0.39,1.37,4.33,7.91
CEMADEN,261010301A,2025,11088,0,0,0.59,1.57,69.7321100000007,176.65
CEMADEN,261010301U,2017,959,0,0,0.4,0.8,1.4,1.4
CEMADEN,261010301U,2018,2254,0,0,0.4,1.4,4.14939999999997,9.2
CEMADEN,261010301U,2019,2719,0,0,0.4,1.6,5.71280000000006,13.6
CEMADEN,261010301U,2022,826,0,0.2,0.8,1.4,2.03499999999999,2.2
CEMADEN,261020201A,2017,762,0,0,0.2,0.79,2.94881000000003,3.55
CEMADEN,261020201A,2018,9542,0,0,0.2,0.98,3.72901000000029,9.18
CEMADEN,261020201A,2019,8733,0,0,0.39,1.18,3.94,9.96
CEMADEN,261020201A,2020,4367,0,0,0.39,1.77,7.38792000000001,11.79
CEMADEN,261020201A,2021,2855,0,0,0.2,1.18,5.17694000000007,8.12
CEMADEN,261020201A,2022,4831,0,0,0.79,2.17,8.5814000000001,14.93
CEMADEN,261020201A,2023,9951,0,0,0.39,1.18,3.54999999999985,9.55
CEMADEN,261020201A,2024,4805,0,0,0.2,1.18,9.34187999999991,12.2
CEMADEN,261020201A,2025,10295,0,0,0.39,1.18,2.95,17.99
CEMADEN,261030101A,2017,440,0,0,0.39,1.02790000000001,2.66659,2.75
CEMADEN,261030101A,2018,9706,0,0,0.39,0.98,6.75900000000002,24.02
CEMADEN,261030101A,2019,9663,0,0,0.39,0.79,5.18421999999995,17.69
CEMADEN,261030101A,2020,9378,0,0,0.39,1.57,6.81459999999992,14.05
CEMADEN,261030101A,2021,9459,0,0,0.39,1.3742,5.85519999999968,20.81
CEMADEN,261030101A,2022,3633,0,0,0.59,2.09919999999997,11.40448,18.72
CEMADEN,261030101A,2023,10448,0,0,0.39,0.98,4.44059999999998,8.52
CEMADEN,261030101A,2024,7881,0,0,0.39,0.98,5.92399999999998,20.81
CEMADEN,261030101A,2025,9354,0,0,0.39,0.98,5.36053000000084,15.8
CEMADEN,261040001A,2018,8159,0,0,0,0,1.77842,5.51
CEMADEN,261040001A,2019,7776,0,0,0.2,0.39,2.40500000000007,36.3
CEMADEN,261040001A,2020,228,0,0,0.2,0.2,0.544599999999999,0.59
CEMADEN,261040001A,2021,1724,0,0,0.39,1.134,4.24803000000002,6.93
CEMADEN,261040001A,2022,9353,0,0,0.2,1.38,5.71,9.55
CEMADEN,261040001A,2023,8570,0,0,0,0,0.2,1
CEMADEN,261040001A,2024,6919,0,0,0,0.2,1.58640000000007,4.33
CEMADEN,261040001A,2025,5851,0,0,0,0.2,2.41999999999985,6.1
CEMADEN,261040001C,2017,6184,0,0,0.2,1,4.2,9.4
CEMADEN,261040001C,2018,6207,0,0,0,0.8,5.15879999999997,8.8
CEMADEN,261040001C,2019,4963,0,0,0,0.6,4.6,6.8
CEMADEN,261040001C,2020,3154,0,0,0.2,2.29399999999996,8.66340000000046,14.2
CEMADEN,261040002A,2018,8438,0,0,0.2,1.37,7.01697000000002,16.43
CEMADEN,261040002A,2019,8432,0,0,0.2,0.98,6.43655999999988,12.47
CEMADEN,261040002A,2020,9191,0,0,0.2,1.96,9.3019999999999,18.52
CEMADEN,261040002A,2021,585,0,0,0,0.59,5.53256000000013,6.94
CEMADEN,261040002A,2023,3360,0,0,0,0.2,2.09820000000002,6.5
CEMADEN,261040002A,2024,7022,0,0,0.2,1.96,7.50559000000006,14.74
CEMADEN,261040002A,2025,6894,0,0,0,0.59,4.68411999999997,11.59
CEMADEN,261050901A,2017,391,0,0,0.2,0.79,1.66190000000001,1.97
CEMADEN,261050901A,2018,9364,0,0,0.2,1.37,5.83103000000012,12
CEMADEN,261050901A,2019,9246,0,0,0.59,1.57,5.27324999999988,10.8
CEMADEN,261050901A,2020,5694,0,0,0.42,1.97,6.36139999999996,13.22
CEMADEN,261050901A,2021,3755,0,0,0.2,0.98,4.42594000000004,14.57
CEMADEN,261050901A,2022,9970,0,0,0.59,1.77,5.31,11.39
CEMADEN,261050901A,2023,9856,0,0,0.59,1.77,5.56655000000017,11.8
CEMADEN,261050901A,2024,8401,0,0,0.39,1.77,6.76000000000004,110.35
CEMADEN,261050901A,2025,6104,0,0,0.59,2.15430000000005,5.44922999999996,50.35
CEMADEN,261060801A,2017,398,0,0,0,0.390899999999999,1.26034000000001,1.57
CEMADEN,261060801A,2018,6526,0,0,0.59,1.97,4.92,7.1
CEMADEN,261060801A,2019,9932,0,0,0.79,2.76,5.9275999999998,9.54
CEMADEN,261060801A,2020,9890,0,0,0.59,2.16,5.9,8.12
CEMADEN,261060801A,2021,2873,0,0,0.59,1.58,3.20120000000006,6.3
CEMADEN,261060802A,2017,406,0,0,0,0.581499999999998,1.69305000000001,1.77
CEMADEN,261060802A,2018,9767,0,0,0.59,1.97,5.71,7.92
CEMADEN,261060802A,2019,9562,0,0,0.79,2.16389999999999,5.31,12.2
CEMADEN,261060802A,2020,9042,0,0,0.39,1.69210000000003,5.91918000000002,13.86
CEMADEN,261060802A,2021,4133,0,0,0.487999999999938,1.38,4.30360000000008,8.53
CEMADEN,261060802A,2022,5133,0,0,0.59,2.09920000000006,5.57208000000002,11.99
CEMADEN,261060802A,2023,8953,0,0,0,0.59,1.77,4.53
CEMADEN,261060802A,2024,7831,0,0,0,0.2,1.77,3.35
CEMADEN,261060802A,2025,7363,0,0,0.59,1.57,4.65121999999998,11.87
CEMADEN,261070702A,2017,12976,0,0,0.79,2.56,5.79274999999996,11.39
CEMADEN,261070702A,2018,9361,0,0,0.59,2.84199999999994,8.92679999999964,14.64
CEMADEN,261070702A,2019,7570,0,0,0,0,0,0
CEMADEN,261070702A,2020,9315,0,0,0.39,1.97,4.72,8.8
CEMADEN,261070702A,2021,10597,0,0,0.98,3.15,7.71,15.13
CEMADEN,261070702A,2022,10101,0,0,1.37,3.94,10.3079999999998,16.23
CEMADEN,261070702A,2023,7842,0,0,0.59,2.56,6.89238999999958,13.81
CEMADEN,261070702A,2024,10007,0,0,0.79,3.35,9.38730000000027,19.55
CEMADEN,261070702A,2025,10524,0,0,1.18,3.74,9.23540000000015,14.91
CEMADEN,261070703A,2017,11666,0,0,0.59,2.56,7.46079999999958,14.93
CEMADEN,261070703A,2018,6615,0,0,0.39,1.77,5.31,8.73
CEMADEN,261070703A,2019,9402,0,0,0.98,2.95,7.01579000000003,8.75
CEMADEN,261070703A,2020,5782,0,0,0.59,1.96,4.37380000000001,8.11
CEMADEN,261070703A,2021,10283,0,0,0.98,3.74,8.67078000000016,16.22
CEMADEN,261070703A,2022,2448,0,0,0.79,4.72,15.3933799999996,20.6
CEMADEN,261070703A,2023,17,0,0,0.0399999999999999,0.168,0.1968,0.2
CEMADEN,261070703A,2024,1842,0,0,0.79,2.7559,5.61495000000032,9.35
CEMADEN,261070703A,2025,2128,0,0,0.98,3.296,7.47539000000002,11.18
CEMADEN,261070704A,2017,12483,0,0,0.59,2.36,5.80842000000001,8.14
CEMADEN,261070704A,2018,9920,0,0,0.79,2.76,7.71081,13.84
CEMADEN,261070704A,2019,9072,0,0,0.98,3.35,7.77645,16.65
CEMADEN,261070704A,2020,5806,0,0,0.42,1.95099999999997,4.58509999999995,5.9
CEMADEN,261070704A,2021,10390,0,0,0.98,3.35,7.43220000000016,11.79
CEMADEN,261070704A,2022,10474,0,0,1.37,3.74,8.94581,14.52
CEMADEN,261070704A,2023,7078,0,0,1.37,3.74,8.08073999999991,10.37
CEMADEN,261070704A,2024,2986,0,0,0.2,1.38,3.39424999999962,7.56
CEMADEN,261070704A,2025,5865,0,0,1.18,3.74,8.95856000000009,12.63
CEMADEN,261070705A,2017,14305,0,0,0.79,3.15,9.72791999999998,50.77
CEMADEN,261070705A,2018,9425,0,0,0.2,1.77,6.76031999999994,14.7
CEMADEN,261070705A,2019,9421,0,0,0.98,3.7119999999999,8.7258,26.36
CEMADEN,261070705A,2020,5891,0,0,0.59,2.36,5.90879999999998,8.93
CEMADEN,261070705A,2021,10436,0,0,0.98,3.35,7.23910000000007,11.59
CEMADEN,261070705A,2022,10271,0,0,1.18,4.40399999999987,10.8692999999998,17.89
CEMADEN,261070705A,2023,10296,0,0,0.98,3.35,8.66394999999999,12.4
CEMADEN,261070705A,2024,9390,0,0,0.79,3.16440000000002,7.71,19.14
CEMADEN,261070705A,2025,8987,0,0,0.98,3.54,8.54265999999985,11.8
CEMADEN,261070706A,2017,14081,0,0,0.79,2.36,5.69480000000001,14.02
CEMADEN,261070706A,2018,9457,0,0,0.39,2.56,7.08071999999998,19.55
CEMADEN,261070706A,2019,3812,0,0,0,0,0,0
CEMADEN,261070707A,2017,1220,0,0,0.2,0.79,3.96935999999987,6.2
CEMADEN,261070707A,2018,4424,0,0,1.57,4.53,11.1515600000001,14.91
CEMADEN,261070707A,2019,4287,0,0,1.18,3.15,4.92,1869.53
CEMADEN,261070707A,2020,10194,0,0,0.98,3.35,9.50947000000015,14.62
CEMADEN,261070707A,2021,2038,0,0,0.98,2.56,4.13963,5.71
CEMADEN,261080601A,2017,516,0,0,0,0.2,0.979150000000005,1.18
CEMADEN,261080601A,2018,9271,0,0,0.2,1.96299999999999,11.6252999999997,19.13
CEMADEN,261080601A,2019,9002,0,0,0.39,1.57,7.79991999999998,19.55
CEMADEN,261080601A,2020,9055,0,0,0.39,2.95,10.55732,52.24
CEMADEN,261080601A,2021,4565,0,0,0.39,1.64839999999994,6.44443999999976,18.32
CEMADEN,261080601A,2022,1142,0,0,1.18,3.85799999999998,12.7827699999998,15.55
CEMADEN,261080601A,2023,8358,0,0,0.39,1.37,6.00091000000004,13.63
CEMADEN,261080601A,2024,7175,0,0,0.59,3.15,12.9752,19.76
CEMADEN,261080601A,2025,4358,0,0,0.59,2.16,5.63860000000001,11.4
CEMADEN,261080601C,2017,10573,0,0,0.2,0.8,5,13.6
CEMADEN,261080601C,2018,8093,0,0,0,1,6.76320000000014,19
CEMADEN,261080601C,2019,7437,0,0,0.2,0.6,6.6,11
CEMADEN,261080601C,2020,3757,0,0,0.2,2,12.8784000000005,18
CEMADEN,261080601C,2022,6383,0,0,0.4,1.6,8.69440000000031,14.8
CEMADEN,261090501A,2023,4548,0,0,0.2,0.59,3.06248000000007,9.56
CEMADEN,261090501A,2024,8607,0,0,0.39,1.3794,6.10788000000001,13.17
CEMADEN,261090501A,2025,9440,0,0,0.2,0.98,4.64219999999994,9.55
CEMADEN,261090501C,2017,3892,0,0,0.2,0.8,2.42179999999998,5.6
CEMADEN,261090501C,2018,7831,0,0,0.2,0.6,3.46800000000003,9.2
CEMADEN,261090501C,2019,8086,0,0,0.2,1,5.78299999999999,9.8
CEMADEN,261090501C,2020,2793,0,0,0.2,1.2,5.0496000000001,10.4
CEMADEN,261090501C,2022,6633,0,0,0.4,2.4,7.36800000000039,18
CEMADEN,261090501C,2023,8082,0,0,0,0.6,8.56759999999995,18.4
CEMADEN,261090501C,2024,7033,0,0,0.2,0.6,2,5.2
CEMADEN,261090501C,2025,8902,0,0,0.2,0.8,2.41980000000003,9.6
CEMADEN,261090502A,2025,2695,0,0,0,0.2,1.2,2.2
CEMADEN,261090503A,2025,2780,0,0,0,0.4,1.0442,2.2
CEMADEN,261090504A,2025,2026,0,0,0.2,0.6,1.79499999999998,3
CEMADEN,261100201A,2023,7247,0,0,0,0.79,5.60833999999998,18.92
CEMADEN,261100201A,2024,7684,0,0,0.2,1.18,7.90317,15.57
CEMADEN,261100201A,2025,8796,0,0,0,0.59,5.32435,19.34
CEMADEN,261100201U,2017,1392,0,0,0,0.2,0.6,1.4
CEMADEN,261100201U,2018,367,0,0,0,0.067999999999995,1.34120000000003,2
CEMADEN,261110101A,2017,9005,0,0,0,0.2,2.59919999999984,8.4
CEMADEN,261110101A,2018,8980,0,0,0,0.6,5.6,12.6
CEMADEN,261110101A,2019,8451,0,0,0,0.6,3.2,11
CEMADEN,261110101A,2020,7156,0,0,0,1.2,4.56900000000005,14.2
CEMADEN,261110101A,2021,9137,0,0,0.2,1.2,8.49119999999966,19
CEMADEN,261110101A,2022,9151,0,0,0.2,1.6,6.8,9.4
CEMADEN,261110101A,2023,8394,0,0,0,0.6,4.12139999999999,10.8
CEMADEN,261110101A,2024,3751,0,0,0,1.6,9.65,13.8
CEMADEN,261110101A,2025,6490,0,0,0,0.8,2.40440000000017,7.6
CEMADEN,261110101C,2017,4391,0,0,0,0.8,3.92199999999993,4.4
CEMADEN,261110101C,2018,7943,0,0,0,0.4,3.4232,9.8
CEMADEN,261110101C,2019,8359,0,0,0,0.6,4.8,16.2
CEMADEN,261110101C,2020,8487,0,0,0,1.22799999999988,7.5195999999989,13.4
CEMADEN,261110101C,2021,2824,0,0,0,0.6,4.27080000000005,14
CEMADEN,261110101C,2022,5978,0,0,0.2,2,8.01380000000008,12.4
CEMADEN,261110101C,2023,8986,0,0,0,0.6,3.80599999999977,16.4
CEMADEN,261110101C,2024,8748,0,0,0.2,2.2,8.35180000000037,14.2
CEMADEN,261110101C,2025,8885,0,0,0,0.4,3.04639999999999,15
CEMADEN,261110102A,2017,9073,0,0,0,0.4,3.38559999999998,11
CEMADEN,261110102A,2018,8996,0,0,0,0.6,6,15.4
CEMADEN,261110102A,2019,8489,0,0,0,0.8,4.70240000000013,12
CEMADEN,261110102A,2020,4275,0,0,0.2,1.8,6.47119999999959,11.6
CEMADEN,261110102A,2021,7230,0,0,0,1.2,6.75419999999995,18
CEMADEN,261110102A,2022,7728,0,0,0.2,2.2,8.25460000000003,15.8
CEMADEN,261110102A,2023,8864,0,0,0,0.6,4.25480000000025,10.8
CEMADEN,261110102A,2024,7589,0,0,0.2,2,9.88240000000005,19
CEMADEN,261110102A,2025,8993,0,0,0,0.8,4.6,14.8
CEMADEN,261110102C,2018,5940,0,0,0.2,1.2,6.44879999999976,14.8
CEMADEN,261110102C,2019,3962,0,0,0,0,0.2,0.4
CEMADEN,261110102C,2020,3618,0,0,0.2,0.965999999999985,1.27659999999996,1.6
CEMADEN,261110102C,2021,226,0,0,0,0,0.155000000000001,0.2
CEMADEN,261110103A,2017,9089,0,0,0,0.2,3,8.2
CEMADEN,261110103A,2018,8974,0,0,0,0.6,7.01080000000002,16
CEMADEN,261110103A,2019,8470,0,0,0,0.6,5.01240000000034,12.4
CEMADEN,261110103A,2020,7985,0,0,0,1.4,7.40319999999993,14.8
CEMADEN,261110103A,2021,9131,0,0,0.2,1.2,8,16.6
CEMADEN,261110103A,2022,9095,0,0,0.2,2,7.96240000000034,18.2
CEMADEN,261110103A,2023,5059,0,0,0,0.6,6.3768,12.8
CEMADEN,261110103A,2024,3433,0,0,0,1.6,7.31360000000004,9
CEMADEN,261110103A,2025,8987,0,0,0,0.6,4.00279999999984,17.8
CEMADEN,261110103C,2017,3348,0,0,0.2,0.8,4.79179999999988,12.2
CEMADEN,261110103C,2018,8468,0,0,0.2,1.4,8.2,18
CEMADEN,261110103C,2019,8463,0,0,0,0.8,8.01520000000019,14.4
CEMADEN,261110103C,2020,7504,0,0,0.2,1.8,8.29940000000006,10.8
CEMADEN,261110103C,2021,1714,0,0,0,0.173999999999978,0.972200000000021,2.2
CEMADEN,261110103C,2022,2433,0,0,0.4,2.33599999999997,10.8,15.6
CEMADEN,261110103C,2023,4209,0,0,0,0.8,5.15840000000007,8.6
CEMADEN,261110103C,2024,2735,0,0,0.0599999999999454,0.8,6.75960000000005,12.4
CEMADEN,261110103C,2025,4439,0,0,0,0.4,2.22479999999996,3.6
CEMADEN,261110104A,2017,8975,0,0,0,0.4,3.02079999999987,6
CEMADEN,261110104A,2018,8976,0,0,0,0.6,5.4,15
CEMADEN,261110104A,2019,8438,0,0,0,0.6,4.31260000000002,6.6
CEMADEN,261110104A,2020,5750,0,0,0,1.2,6.85020000000004,11.6
CEMADEN,261110104A,2021,9097,0,0,0.2,1.2,8.78080000000009,16.8
CEMADEN,261110104A,2022,9083,0,0,0.2,1.6,5.58359999999993,19.2
CEMADEN,261110104A,2023,8958,0,0,0,0.6,4.41719999999987,9.6
CEMADEN,261110104A,2024,7624,0,0,0.2,1.8,8.02620000000024,21
CEMADEN,261110104A,2025,4974,0,0,0,0.6,5.4,13
CEMADEN,261110105A,2018,7456,0,0,0,0.98,7.92130000000008,15.78
CEMADEN,261110105A,2019,8376,0,0,0.2,1.57,6.43625,17.07
CEMADEN,261110105A,2020,8545,0,0,0.42,2.36,10.58456,19.55
CEMADEN,261110105A,2021,702,0,0,1.18,7.79300000000001,21.0652299999999,25.11
CEMADEN,261110105A,2023,11,0,0.2,2.57,3.506,3.7166,3.74
CEMADEN,261110105A,2024,7877,0,0,0,0.79,9.32731999999971,16.64
CEMADEN,261110105A,2025,7276,0,0,0,0.59,3.54725,13.01
CEMADEN,261110106A,2018,4742,0,0,0,0.520300000000025,3.55461000000001,8.12
CEMADEN,261110106A,2019,7813,0,0,0,0.79,4.79520000000004,13.42
CEMADEN,261110106A,2020,648,0,0,0,0.405899999999999,1.77,1.77
CEMADEN,261110106A,2021,28,0,0,0,0.2847,0.37947,0.39
CEMADEN,261110106A,2024,6787,0,0,0.2,1.18,10.4128,23.59
CEMADEN,261110106A,2025,8488,0,0,0,0.98,4.23747000000016,8.73
CEMADEN,261120001A,2017,11102,0,0,0.2,0.6,3.97979999999989,13.2
CEMADEN,261120001A,2018,9221,0,0,0.2,1.2,5.6,12.8
CEMADEN,261120001A,2019,9085,0,0,0.2,1,6.6,15.8
CEMADEN,261120001A,2020,9429,0,0,0.2,2,6.74320000000007,13.6
CEMADEN,261120001A,2021,9336,0,0,0.2,0.8,5.73300000000018,11.2
CEMADEN,261120001A,2022,10027,0,0,0.4,1.4,6.38960000000007,13.4
CEMADEN,261120001A,2023,9842,0,0,0.2,1.2,7.43179999999993,21.4
CEMADEN,261120001A,2024,9990,0,0,0.4,1.8,7.8,20
CEMADEN,261120001A,2025,10201,0,0,0.4,1.2,5.8,22.6
CEMADEN,261120002A,2017,200,0,0,0.2,3.94589999999999,10.8338699999999,12.4
CEMADEN,261120002A,2018,1314,0,0,0.39,3.5487,7.17792999999996,11.99
CEMADEN,261120002A,2019,1,0.2,0.2,0.2,0.2,0.2,0.2
CEMADEN,261120002A,2020,52,0,0,4.179,5.188,5.7388,5.8
CEMADEN,261120002A,2022,2,0,0,0,0,0,0
CEMADEN,261120002A,2023,3,0,0.42,0.762,0.7924,0.79924,0.8
CEMADEN,261130901A,2017,12270,0,0,0.4,1.2,4.2,9.8
CEMADEN,261130901A,2018,9510,0,0,0.4,1.4,5.4982,8.2
CEMADEN,261130901A,2019,9327,0,0,0.4,1.6,5.93480000000018,11.4
CEMADEN,261130901A,2020,4712,0,0,0.6,2.2,5.63119999999981,14.8
CEMADEN,261130901A,2021,7736,0,0,0.4,1.6,5.05300000000007,10.8
CEMADEN,261130901A,2022,9427,0,0,0.6,2.2,6.62960000000021,14
CEMADEN,261130901A,2023,10012,0,0,0.4,2,4.4,6.6
CEMADEN,261130901A,2024,7187,0,0,0.2,1.2,6.56280000000006,14.8
CEMADEN,261130901A,2025,9532,0,0,0.4,1.4,4,7.6
CEMADEN,261130902A,2017,632,0,0,0.2,1.70799999999999,3.52235000000009,5.51
CEMADEN,261130902A,2018,8731,0,0,0.42,1.97,6.49,13.63
CEMADEN,261130902A,2019,9416,0,0,0.59,1.77,5.42699999999983,8.74
CEMADEN,261130902A,2020,8960,0,0,0.59,1.77,6.3,17.28
CEMADEN,261130902A,2021,769,0,0,0.79,1.77,3.01703999999994,4.53
CEMADEN,261140801A,2017,10076,0,0,0.2,1.18,2.93499999999986,6.9
CEMADEN,261140801A,2018,9533,0,0,0.39,1.38,4.22892000000014,8.94
CEMADEN,261140801A,2019,10703,0,0,0.79,1.97,5.76662000000013,14.92
CEMADEN,261140801A,2020,8862,0,0,0.2,0.876299999999901,2.38779999999984,7.7
CEMADEN,261140801A,2021,8412,0,0,0,0,0.2,0.2
CEMADEN,261140801A,2022,4416,0,0,0.2,0.98,7.3734,15.02
CEMADEN,261140801A,2023,7404,0,0,0.98,3.15,7.23133999999995,12.21
CEMADEN,261140801A,2024,7157,0,0,0.2,0.59,2.36,4.92
CEMADEN,261140801A,2025,4386,0,0,0.98,2.95,14.9647999999992,75.32
CEMADEN,261140802A,2017,905,0,0,0.2,2.35200000000001,4.9392,5.12
CEMADEN,261140802A,2018,10380,0,0,0.79,3.15,6.92483999999997,17.89
CEMADEN,261140802A,2019,7146,0,0,0.79,2.56,7.49099999999991,18.93
CEMADEN,261140802A,2020,9888,0,0,0.79,2.95259999999998,8.14146999999988,17.69
CEMADEN,261140802A,2021,1223,0,0.2,1.35099999999997,2.95,5.37124000000001,5.51
CEMADEN,261150701A,2017,14330,0,0,0.39,1.37,3.35,9.57
CEMADEN,261150701A,2018,10050,0,0,0.39,1.57,5.12,9.77
CEMADEN,261150701A,2019,9678,0,0,0.39,1.18,3.74,9.97
CEMADEN,261150701A,2020,10083,0,0,0.42,1.77,7.75277999999993,14.48
CEMADEN,261150701A,2021,10475,0,0,0.42,1.37,4.04519999999997,7.52
CEMADEN,261150701A,2022,11014,0,0,0.79,2.16,5.50739999999983,12.4
CEMADEN,261150701A,2023,10662,0,0,0.59,1.38,5.31,16.66
CEMADEN,261150701A,2024,10403,0,0,0.59,1.57,7.50598,17.08
CEMADEN,261150701A,2025,8809,0,0,0.42,1.37,3.94,14.69
CEMADEN,261150702A,2017,16927,0,0,0.42,1.18,3.15,11.19
CEMADEN,261150702A,2018,10104,0,0,0.42,1.37,3.74897000000001,7.91
CEMADEN,261150702A,2019,6554,0,0,0.42,1.18,4.23599000000002,5.9
CEMADEN,261150702A,2020,10063,0,0,0.59,2.16,8.39628000000001,18.93
CEMADEN,261150702A,2021,10309,0,0,0.42,1.37,5.31,10.58
CEMADEN,261150702A,2022,10760,0,0,0.79,2.63789999999997,8.76241,16.68
CEMADEN,261150702A,2023,8981,0,0,0.59,1.37200000000001,3.74400000000009,8.98
CEMADEN,261150702A,2024,10219,0,0,0.59,1.77,6.29985999999983,14.92
CEMADEN,261150702A,2025,7325,0,0,0.59,1.37,3.28520000000008,8.13
CEMADEN,261150703A,2017,13544,0,0,0.42,1.37,3.15,5.71
CEMADEN,261150703A,2018,6268,0,0,0.59,1.77,5.65660000000004,11.18
CEMADEN,261150704A,2019,6007,0,0,0.59,1.18,2.35879999999994,2.76
CEMADEN,261150704A,2020,9918,0,0,0.59,1.97,8.85960000000065,17.48
CEMADEN,261150704A,2021,4304,0,0,0.42,1.18,2.76,6.91
CEMADEN,261150704A,2022,1192,0,0,0,0.807099999999985,3.82730999999998,7.71
CEMADEN,261153301A,2018,8876,0,0,0.2,1.96,8.01125,22.94
CEMADEN,261153301A,2019,7922,0,0,0.39,2.36,7.93895999999993,16.63
CEMADEN,261153301A,2020,3,0.2,0.2,0.2,0.2,0.2,0.2
CEMADEN,261153301A,2023,2926,0,0,0,0.42,4.03224999999978,11.21
CEMADEN,261153301A,2024,6598,0,0,0.2,2.36,9.64866000000005,21.02
CEMADEN,261153301A,2025,9484,0,0,0.39,1.3717,5.41339999999997,10.78
CEMADEN,261160601A,2017,13645,0,0,0.79,2.56,5.90035999999993,12.4
CEMADEN,261160601A,2018,8370,0,0,0.98,3.15,9.35,19.55
CEMADEN,261160601A,2019,5193,0,0,0.98,2.95,8.58408,194.06
CEMADEN,261160601A,2020,10397,0,0,0.79,2.95,6.95019999999997,13.21
CEMADEN,261160601A,2021,10665,0,0,1.18,3.22200000000012,7.5,15.64
CEMADEN,261160601A,2022,9475,0,0,1.77,4.92,11.92838,26.85
CEMADEN,261160601A,2023,3355,0,0,1.03999999999995,6.5476,26.85,429.67
CEMADEN,261160601A,2024,2029,0,0,1.37,4.33,10.57412,49.72
CEMADEN,261160601A,2025,147,0,0,1.50199999999999,15.128,19.5560000000001,20.14
CEMADEN,261160603A,2017,14525,0,0,0.79,2.56,5.9,10.17
CEMADEN,261160603A,2018,11237,0,0,0.79,2.36,6.05615999999965,10.98
CEMADEN,261160603A,2019,3750,0,0,1.18,4.13,8.57853000000021,14.53
CEMADEN,261160603A,2020,8793,0,0,0.59,2.56,7.21496000000006,17.9
CEMADEN,261160603A,2021,13635,0,0,0.59,1.57,5.18954,9.75
CEMADEN,261160603A,2022,11437,0,0,1.38,4.53,10.8056000000001,14.5
CEMADEN,261160603A,2023,10967,0,0,1.18,3.35,8.52713999999993,14.05
CEMADEN,261160603A,2024,6643,0,0,0.79,2.48019999999999,5.25962000000007,7.5
CEMADEN,261160603A,2025,1938,0,0,1.37,4.84599999999998,10.7237200000003,18.1
CEMADEN,261160603G,2019,926,0,0,0,0.6,2.01500000000001,2.2
CEMADEN,261160603G,2020,9585,0,0,0.8,3,7.68319999999985,13
CEMADEN,261160603G,2021,10652,0,0,1,3.09799999999996,7.66980000000003,14.6
CEMADEN,261160603G,2022,11152,0,0,1.4,4,8.96980000000003,13.8
CEMADEN,261160603G,2023,10946,0,0,1,3,8,11.6
CEMADEN,261160603G,2024,9301,0,0,0.2,1.4,5.54000000000015,10.6
CEMADEN,261160603G,2025,9250,0,0,0.2,1.8,6,10.2
CEMADEN,261160604A,2017,13197,0,0,0.79,2.95,7.46864000000001,11.39
CEMADEN,261160604A,2018,10248,0,0,0.79,2.95,7.86060000000012,12.8
CEMADEN,261160604A,2019,10085,0,0,1.14799999999988,2.95,8.11,12.41
CEMADEN,261160604A,2020,10322,0,0,0.79,3.15,7.15432000000001,11.19
CEMADEN,261160604A,2021,11075,0,0,1.18,3.55,8.18555999999997,14.28
CEMADEN,261160604A,2022,8748,0,0,1.18,4.13,9.45373000000025,13.21
CEMADEN,261160604A,2023,1575,0,0,0.59,3.415,7.76985999999996,8.6
CEMADEN,261160604G,2019,2179,0,0,0.2,0.8,1.76440000000002,2.8
CEMADEN,261160604G,2020,9370,0,0,0.8,2.8,6.2,11.8
CEMADEN,261160604G,2021,3716,0,0,1.6,4.6,9.48499999999985,11.8
CEMADEN,261160604G,2023,210,0,0,0.2,3.764,13.301,15.6
CEMADEN,261160604G,2024,9984,0,0,0.8,2.8,7.6101999999999,12.4
CEMADEN,261160604G,2025,10661,0,0,1.2,3.2,7.86800000000003,10.8
CEMADEN,261160605A,2017,13175,0,0,0.59,1.97,4.13825999999999,6.5
CEMADEN,261160605A,2018,9578,0,0,0.59,2.56,8.42768000000011,13.41
CEMADEN,261160605A,2019,9871,0,0,1.18,3.35,6.9,9.86
CEMADEN,261160605A,2020,9836,0,0,0.79,2.95,6.69,11.22
CEMADEN,261160605A,2021,10756,0,0,1.18,3.55,8.94490000000002,16.43
CEMADEN,261160605A,2022,8504,0,0,1.57,4.92,10.98,13.23
CEMADEN,261160605A,2023,7762,0,0,0.59,5.00340000000002,97.6936899999972,161.55
CEMADEN,261160605A,2024,9193,0,0,0.98,3.1524,10.4448799999992,13.49
CEMADEN,261160605A,2025,11041,0,0,1.37,3.94,9.98919999999998,17.69
CEMADEN,261160605G,2019,2212,0,0,0.2,1,2,2.8
CEMADEN,261160605G,2020,9132,0,0,1,3.4,7.57380000000012,15.8
CEMADEN,261160605G,2021,9004,0,0,1.37000000000007,3.8,9.19939999999988,13.2
CEMADEN,261160605G,2022,10993,0,0,1.4,4.4,9.80159999999996,16.4
CEMADEN,261160605G,2023,9086,0,0,1.2,3.8,8.36600000000035,17.8
CEMADEN,261160606A,2017,13386,0,0,0.79,2.56,6.94214999999991,12.19
CEMADEN,261160606A,2018,10192,0,0,0.79,3.15,8.2932599999999,14.92
CEMADEN,261160606A,2019,9847,0,0,1.18,3.74,7.91,13.21
CEMADEN,261160606A,2020,10157,0,0,0.59,2.75,5.9,9.15
CEMADEN,261160606A,2021,10947,0,0,1.18,3.54,10.57,17.48
CEMADEN,261160606A,2022,11209,0,0,1.386,4.33,9.3004799999999,19.75
CEMADEN,261160606A,2023,8995,0,0,1.18,3.54,9.77257999999974,12.96
CEMADEN,261160606A,2024,5281,0,0,0.98,2.95,6.91440000000001,13.64
CEMADEN,261160606A,2025,66,0,0,0,0.0699999999999989,0.187,0.2
CEMADEN,261160606G,2019,2168,0,0,0.2,1,2,2.4
CEMADEN,261160606G,2020,9566,0,0,0.8,2.8,7.2,14.2
CEMADEN,261160606G,2021,10726,0,0,1,3.35,8.45499999999993,12.2
CEMADEN,261160606G,2022,3475,0,0,1.6,5,10.4207999999999,13.8
CEMADEN,261160606G,2023,4650,0,0,1,3.6,7.96159999999945,13.6
CEMADEN,261160606G,2024,9867,0,0,0.8,2.8,6.6,11.6
CEMADEN,261160606G,2025,10700,0,0,1.2,3.6,7.6,9.6
CEMADEN,261160607A,2017,13791,0,0,0.79,2.56,6.1,11.18
CEMADEN,261160607A,2018,7390,0,0,0.98,3.35,7.82219999999998,14.49
CEMADEN,261160607A,2019,5524,0,0,1.18,3.35,7.60539999999997,9.55
CEMADEN,261160607A,2020,5851,0,0,0.59,2.36,5.31,6.3
CEMADEN,261160607A,2021,10201,0,0,1.18,3.6,9.96799999999999,14.05
CEMADEN,261160607A,2022,4855,0,0,0.79,2.75,5.82387999999979,255.54
CEMADEN,261160607A,2023,2024,0,0,2.55549999999998,13.43,228.26,242.53
CEMADEN,261160607A,2024,3073,0,0,1.18,6.42959999999998,19.7015199999993,26.85
CEMADEN,261160607A,2025,1075,0,0,0.39,2.36,10.7180599999997,27.48
CEMADEN,261160607G,2019,2153,0,0,0.2,1,2.76959999999999,4.6
CEMADEN,261160607G,2020,7080,0,0,1.2,4.2,8.8,14
CEMADEN,261160607G,2021,31,0,0,0.5,1.08,1.188,1.2
CEMADEN,261160608A,2017,15324,0,0,0.79,2.56,6.75092999999997,12.84
CEMADEN,261160608A,2018,10880,0,0,0.59,2.76,8.36839999999967,15.79
CEMADEN,261160608A,2019,7427,0,0,0.98,2.95,6.30574,10.57
CEMADEN,261160608A,2020,9107,0,0,0.98,3.35,7.45760000000009,10.21
CEMADEN,261160608A,2021,8437,0,0,0.79,2.56,6.49564,11.18
CEMADEN,261160608A,2022,10605,0,0,1.57,4.72,11.8692000000001,15.46
CEMADEN,261160608A,2023,485,0,0,0.59,2.59519999999999,4.33,4.33
CEMADEN,261160608A,2024,1,0,0,0,0,0,0
CEMADEN,261160608G,2019,2126,0,0,0.2,1,2.75,4.2
CEMADEN,261160609A,2017,11652,0,0,0.59,1.97,6.89698,12.2
CEMADEN,261160609A,2018,6625,0,0,0.39,1.97,5.43584000000017,11.8
CEMADEN,261160609A,2019,9408,0,0,0.98,2.76,8.02696000000054,18.72
CEMADEN,261160609A,2020,10613,0,0,0.79,2.36,7.3,14.07
CEMADEN,261160609A,2021,10753,0,0,1.18,2.95,6.39919999999984,11.79
CEMADEN,261160609A,2022,6814,0,0,1.18,3.74,9.63617999999999,17.89
CEMADEN,261160609A,2023,8818,0,0,0.39,1.2498,6.13659999999982,14.91
CEMADEN,261160609A,2024,6643,0,0,0.39,0.98,3.55,11.39
CEMADEN,261160609A,2025,12176,0,0,0.79,1.37,2.56,7.1
CEMADEN,261160609G,2019,2140,0,0,0.2,0.8,2.37219999999998,2.8
CEMADEN,261160609G,2020,8897,0,0,0.2,1.2,4.86239999999962,9.2
CEMADEN,261160609G,2021,10213,0,0,0.8,3.6,9.51520000000019,13
CEMADEN,261160609G,2022,8455,0,0,0,0,0,3.8
CEMADEN,261160609G,2023,7850,0,0,0.4,1.2,3.32079999999987,12.2
CEMADEN,261160610A,2017,5387,0,0,0.79,1.97,4.06279999999992,6.9
CEMADEN,261160610A,2018,10535,0,0,0.79,2.95,8.82320000000007,16.23
CEMADEN,261160610A,2019,9665,0,0,1.18,3.74360000000001,8.65775999999973,13.01
CEMADEN,261160610A,2020,6089,0,0,0.79,2.36,5.65808000000016,728.22
CEMADEN,261160610A,2021,11886,0,0,0.79,2.75,8.60254999999992,15.58
CEMADEN,261160610A,2022,11389,0,0,1.38,4.33,10.8270399999997,15.99
CEMADEN,261160610A,2023,10992,0,0,1.18,3.55,8.1218,11.39
CEMADEN,261160610A,2024,9286,0,0,0.79,2.59699999999993,8.5943,15.37
CEMADEN,261160610A,2025,169,0,0,1.89,3.68279999999999,5.38007999999999,5.58
CEMADEN,261160610G,2019,2208,0,0,0.2,1.2,3.6,4
CEMADEN,261160610G,2020,9648,0,0,1,3.4,6.8,14.6
CEMADEN,261160610G,2021,897,0,0,0.2,0.2,0.52480000000005,1.6
CEMADEN,261160611G,2021,8920,0,0,1.4,4.2,9.41620000000003,13.8
CEMADEN,261160611G,2022,10317,0,0,1.4,4.56800000000003,10.6,12.8
CEMADEN,261160611G,2023,1508,0,0,0.4,2.2,4.4,6
CEMADEN,261160611G,2024,6425,0,0,1,3.6,7.1152,15
CEMADEN,261160612A,2017,9983,0,0,0.98,2.95,6.70414000000001,10.79
CEMADEN,261160612A,2018,379,0,0,2.17999999999999,4.49379999999999,6.62568000000002,7.17
CEMADEN,261160612A,2024,7943,0,0,0.79,2.95,9.97218,13.24
CEMADEN,261160612A,2025,10520,0,0,1.37,3.7481,9.65619999999995,13.63
CEMADEN,261160613A,2017,5218,0,0,0.59,2.16,4.09660000000007,6.9
CEMADEN,261160613A,2018,10156,0,0,0.79,2.95,8.28899999999987,13.22
CEMADEN,261160613A,2019,9856,0,0,1.18,3.74,8.56045000000009,17.71
CEMADEN,261160613A,2020,9994,0,0,0.79,2.76,7.38083999999995,12.4
CEMADEN,261160613A,2021,10656,0,0,1.18,3.35,8.18589999999986,13.09
CEMADEN,261160613A,2022,8765,0,0,1.57,4.92,12.0854000000001,16.43
CEMADEN,261160613A,2023,4859,0,0,0.42,1.38,4.79395999999993,7.91
CEMADEN,261160613A,2024,1630,0,0,1.18,3.3571,11.1453000000004,14.92
CEMADEN,261160613A,2025,197,0,0,0,0.397999999999998,1.69952,1.97
CEMADEN,261160613G,2023,1440,0,0,0.6,2.2,10.5659999999995,14.8
CEMADEN,261160613G,2024,10289,0,0,1,3.4,9.28479999999981,15.8
CEMADEN,261160613G,2025,5001,0,0,1,4,11.4,13.8
CEMADEN,261160614A,2017,12709,0,0,0.79,2.36,5.96459999999997,11.79
CEMADEN,261160614A,2018,9971,0,0,0.79,2.75,6.54080000000024,10.6
CEMADEN,261160614A,2019,9656,0,0,0.98,3.55,9.07144999999973,17.28
CEMADEN,261160614A,2020,5925,0,0,0.59,2.36,5.13444,7.99
CEMADEN,261160614A,2021,10539,0,0,1.18,3.74,8.13309999999998,13.84
CEMADEN,261160614A,2022,10595,0,0,1.37,4.33,10.3542800000003,14.48
CEMADEN,261160614A,2023,8534,0,0,1.18,3.87730000000001,8.70360000000044,26.43
CEMADEN,261160614A,2024,6080,0,0,0.2,0.98,2.95,6.54
CEMADEN,261160614A,2025,9940,0,0,1.18,3.94,9.76,17.28
CEMADEN,261160615A,2017,14052,0,0,0.98,2.95,8.70787000000033,15.58
CEMADEN,261160615A,2018,10259,0,0,0.79,2.76,6.63390000000009,10.78
CEMADEN,261160615A,2019,10014,0,0,0.98,2.95,7.71986999999999,18.11
CEMADEN,261160615A,2020,10003,0,0,0.79,3.35,7.31995999999999,12.2
CEMADEN,261160615A,2021,10883,0,0,1.18,3.74,8.34596000000009,14.28
CEMADEN,261160615A,2022,10986,0,0,1.38,4.14,10.17015,14.81
CEMADEN,261160615A,2023,8338,0,0,1.37,4.13,9.21183000000019,14.28
CEMADEN,261160615G,2023,1618,0,0,0.6,2.16599999999999,11.1532,11.6
CEMADEN,261160615G,2024,7842,0,0,1.2,4,9.49539999999979,13.8
CEMADEN,261160616A,2017,13882,0,0,0.79,2.76,7.32380000000012,13.21
CEMADEN,261160616A,2018,1988,0,0,0.79,3.3413,9.71818999999915,87.07
CEMADEN,261160616G,2023,1599,0,0,0.4,2.004,7.16080000000002,13.2
CEMADEN,261160616G,2024,10104,0,0,0.8,2.8,6.57940000000017,17.6
CEMADEN,261160616G,2025,10712,0,0,1.2,3.4,7,12.4
CEMADEN,261160617A,2017,13803,0,0,0.59,2.56,7.14762000000006,14.28
CEMADEN,261160617A,2018,9973,0,0,0.59,2.76,6.51056,9.37
CEMADEN,261160617A,2019,9447,0,0,0.79,3.27179999999984,8.76930000000004,18.51
CEMADEN,261160617A,2020,9730,0,0,0.79,2.95,6.82195000000029,12.62
CEMADEN,261160617A,2021,10604,0,0,1.18,3.15,9.22734000000019,14.05
CEMADEN,261160617A,2022,10653,0,0,1.18,4.14,8.79959999999999,12.2
CEMADEN,261160617A,2023,10521,0,0,0.98,3.35,7.65199999999994,13.21
CEMADEN,261160617A,2024,7626,0,0,0.2,1.97,5.9,19.14
CEMADEN,261160617A,2025,9262,0,0,0.2,2.16,6.89739,9.75
CEMADEN,261160618A,2017,11979,0,0,0.79,2.95,7.31440000000017,11.59
CEMADEN,261160618A,2018,10070,0,0,0.79,3.15,7.68689000000009,17.48
CEMADEN,261160618A,2019,9402,0,0,0.79,3.15,9.25980000000003,82.45
CEMADEN,261160618A,2020,9762,0,0,0.79,2.95,7.01748999999962,15.04
CEMADEN,261160618A,2021,6790,0,0,1.37,4.33329999999999,10.0122,20.17
CEMADEN,261160618A,2022,7788,0,0,0.59,1.97,5.94259999999995,18.93
CEMADEN,261160618A,2023,10537,0,0,1.18,3.35,8.75311999999998,11.79
CEMADEN,261160618A,2024,10113,0,0,0.79,2.95,7.70888000000001,17.48
CEMADEN,261160618A,2025,10782,0,0,1.18,3.55,9.13218999999999,15.35
CEMADEN,261160619A,2017,12131,0,0,0.79,2.76,7.88400000000016,18.1
CEMADEN,261160619A,2018,10061,0,0,0.79,3.15,8.48400000000031,16.2
CEMADEN,261160619A,2019,8202,0,0,1.37,4.19939999999999,9.68558000000037,17.27
CEMADEN,261160619A,2020,1579,0,0,1.57,3.59180000000001,6.93532,7.91
CEMADEN,261160619A,2021,8602,0,0,1.37,4.32849999999997,9.42378999999988,15.99
CEMADEN,261160619A,2022,2056,0,0,1.57,4.70550000000002,12.3120000000003,16
CEMADEN,261160619A,2023,4554,0,0,0.59,1.77,5.20493000000002,8.85
CEMADEN,261160619A,2024,6058,0,0,1.38,4.22170000000006,8.92803000000004,13.72
CEMADEN,261160620A,2017,13619,0,0,0.8,2.8,7.07639999999992,13
CEMADEN,261160620A,2018,10020,0,0,0.8,3,7,13.2
CEMADEN,261160620A,2019,9738,0,0,1,3.8,9.6,18.8
CEMADEN,261160620A,2020,9849,0,0,0.8,3.30400000000009,7.86080000000002,13.6
CEMADEN,261160620A,2021,10676,0,0,1.2,3.6,11.8650000000001,16.2
CEMADEN,261160620A,2022,10647,0,0,1.4,4.6,9.94159999999974,14.6
CEMADEN,261160620A,2023,10456,0,0,1.2,3.2,6.10900000000001,11.2
CEMADEN,261160620A,2024,5459,0,0,0.6,2.4,7.34200000000037,15.8
CEMADEN,261160620A,2025,4222,0,0,0.789999999999964,2,5.26739999999973,16
CEMADEN,261160621A,2017,13160,0,0,0.8,2.8,7.4,11.6
CEMADEN,261160621A,2018,10143,0,0,0.8,3.2,7.37160000000004,13.8
CEMADEN,261160621A,2019,10037,0,0,1,3.4,8.79279999999999,20.6
CEMADEN,261160621A,2020,10123,0,0,0.8,3,7.4,14.6
CEMADEN,261160621A,2021,10775,0,0,1.2,3.6,8.29040000000023,15.2
CEMADEN,261160621A,2022,11064,0,0,1.4,4.2,10.1874,12.4
CEMADEN,261160621A,2023,10664,0,0,1.2,3.6,7.66739999999991,11.4
CEMADEN,261160621A,2024,8394,0,0,1,3.2,7.44279999999999,14.2
CEMADEN,261160622A,2017,12370,0,0,0.8,2.8,7.72619999999988,16
CEMADEN,261160622A,2018,10044,0,0,0.8,3,8.79140000000007,16.8
CEMADEN,261160622A,2019,9815,0,0,1,3.4,10.6743999999999,21.2
CEMADEN,261160622A,2020,9804,0,0,0.6,2.8,8.8,15.2
CEMADEN,261160622A,2021,2,0,0,0,0,0,0
CEMADEN,261160623A,2017,1360,0,0,0.2,1.0005,4.97640000000003,6.12
CEMADEN,261160623A,2018,10096,0,0,0.79,3.15,7.3,15.34
CEMADEN,261160623A,2019,9953,0,0,0.98,3.15,7.93008000000014,19.19
CEMADEN,261160623A,2020,9310,0,0,0.59,2.76,6.9,14.93
CEMADEN,261160623A,2021,7931,0,0,1.37,4.33,12.5209999999999,17.69
CEMADEN,261160623A,2022,10830,0,0,1.37,4.53,10.98,17.68
CEMADEN,261160623A,2023,10486,0,0,0.98,3.15,8.05389999999985,14.27
CEMADEN,261160623A,2024,10067,0,0,0.79,2.96,8.31,15.35
CEMADEN,261160623A,2025,9222,0,0,1.18,3.74,8.52,19.55
CEMADEN,261170501A,2018,4684,0,0,0,0.42,1.10363,2.16
CEMADEN,261170501A,2019,2680,0,0,0,0.42,3.77854999999978,9.39
CEMADEN,261170501A,2020,8888,0,0,0.2,1.77,7.99943999999945,75.11
CEMADEN,261170501A,2021,4027,0,0,0,0.39,1.56480000000003,6.33
CEMADEN,261170501A,2022,8417,0,0,0.39,1.96,8.23096000000014,14.28
CEMADEN,261170501A,2023,8829,0,0,0.39,1.18,4.13172000000001,9.55
CEMADEN,261170501A,2024,8575,0,0,0.2,1.58,10.8298599999997,16.66
CEMADEN,261170501A,2025,8825,0,0,0.2,0.39,0.59,0.98
CEMADEN,261180401A,2017,12956,0,0,0.79,2.76,6.80405000000001,14.28
CEMADEN,261180401A,2018,10323,0,0,0.79,2.56,6.95423999999999,10.57
CEMADEN,261180401A,2019,9848,0,0,0.79,2.17,6.31224000000002,13.63
CEMADEN,261180401A,2020,10000,0,0,0.79,2.56,8.74040000000008,16.21
CEMADEN,261180401A,2021,10646,0,0,0.79,2.36,6.17099999999991,11.59
CEMADEN,261180401A,2022,9918,0,0,0.98,2.76,7.16245000000008,17.49
CEMADEN,261180401A,2023,8703,0,0,0.98,2.76,7.15960000000014,17.89
CEMADEN,261180401A,2024,10159,0,0,0.59,2.16,5.9,13.57
CEMADEN,261180401A,2025,10977,0,0,0.79,2.21559999999996,6.12399999999943,12.6
CEMADEN,261180402A,2017,899,0,0,0.2,0.593999999999996,4.31359999999996,5.93
CEMADEN,261180402A,2018,10005,0,0,0.79,2.55199999999983,6.70835999999967,10.98
CEMADEN,261180402A,2019,10076,0,0,0.98,2.56,7.02249999999993,14.29
CEMADEN,261180402A,2020,8520,0,0,0.79,2.36,6.28758999999991,16.25
CEMADEN,261180402A,2021,4021,0,0,0.59,1.968,3.74,4.35
CEMADEN,261180402A,2023,10445,0,0,0.98,2.7556,6.6112000000001,19.76
CEMADEN,261180402A,2024,10373,0,0,0.79,2.36,6.42304000000011,16.43
CEMADEN,261180402A,2025,5522,0,0,1.18,3.35,7.94353000000002,10.98
CEMADEN,261190301A,2017,15497,0,0,0.98,3.40559999999987,7.71,12.81
CEMADEN,261190301A,2018,10336,0,0,0.98,3.35,7.84635000000017,9.98
CEMADEN,261190301A,2019,10190,0,0,1.18,3.54,8.28219999999994,19.34
CEMADEN,261190301A,2020,10280,0,0,0.98,3.15,8.52,17.48
CEMADEN,261190301A,2021,10898,0,0,1.18,3.55,7.77016999999967,13.41
CEMADEN,261190301A,2022,7945,0,0,2.16,5.51,10.5929599999998,17.27
CEMADEN,261190302A,2017,5331,0,0,0.59,1.77,3.81130000000003,15.94
CEMADEN,261190302A,2018,10248,0,0,0.79,2.76,7.88036000000007,13.01
CEMADEN,261190302A,2019,9509,0,0,0.79,2.16,5.61824000000004,10.37
CEMADEN,261190302A,2020,2337,0,0,0.39,1.57,5.18072000000021,8.12
CEMADEN,261190302A,2021,9870,0,0,0.2,1.77,5.91654999999997,12.61
CEMADEN,261190302A,2022,10997,0,0,1.18,2.95,7.31,13.42
CEMADEN,261190302A,2023,10678,0,0,0.98,2.75,6.36460000000006,10.38
CEMADEN,261190302A,2024,6311,0,0,1.18,3.52099999999993,6.36909999999984,8.89
CEMADEN,261190303A,2017,462,0,0,0.79,2.2441,5.20301999999995,7.13
CEMADEN,261190303A,2018,9439,0,0,1.18,3.74,7.71562,12.81
CEMADEN,261190303A,2019,10383,0,0,1.37,4.19620000000003,9.88360000000008,19.54
CEMADEN,261190303A,2020,5950,0,0,1.37,4.13,11.0111100000002,17.9
CEMADEN,261190303A,2021,3795,0,0,1.18599999999999,3.15,7.07548000000021,12
CEMADEN,261190303A,2022,3970,0,0,0.98,3.74,9.35921999999997,17.89
CEMADEN,261190303A,2023,10983,0,0,1.18,3.35,7.11360000000001,13.63
CEMADEN,261190303A,2024,10522,0,0,0.98,2.95,7.60537999999986,19.34
CEMADEN,261190303A,2025,9891,0,0,1.38,3.97200000000001,15.9001000000005,859.55
CEMADEN,261200001A,2017,15155,0,0,0.4,1.2,3.56919999999991,8.4
CEMADEN,261200001A,2018,9525,0,0,0.4,1.15200000000004,3.29520000000011,6.6
CEMADEN,261200001A,2019,7038,0,0,0.6,1.4,5.9851999999999,11
CEMADEN,261200001A,2020,7973,0,0,0.6,2.4,8.80560000000005,13
CEMADEN,261200001A,2021,7161,0,0,0.6,1.4,3.27200000000012,6.8
CEMADEN,261200001A,2022,2746,0,0,0.6,2.31000000000004,7.25100000000002,11.4
CEMADEN,261200001A,2024,35119,0,0,0,0.4,2,9.8
CEMADEN,261200001A,2025,34545,0,0,0.2,0.4,1.8,28
CEMADEN,261200001C,2017,2207,0,0,0.2,0.6,2.75279999999984,5.4
CEMADEN,261200001C,2018,168,0,0,0,0.2,0.2,0.2
CEMADEN,261210901A,2023,4240,0,0,0.39,1.18,3.69220000000008,9.35
CEMADEN,261210901A,2024,9014,0,0,0.2,0.79,4.52739999999983,12
CEMADEN,261210901A,2025,8787,0,0,0.39,1.18,3.15,4.72
CEMADEN,261210901C,2017,13909,0,0,0.2,1,5.01840000000011,13.2
CEMADEN,261210901C,2018,7809,0,0,0.2,1.8,6.4384,10.6
CEMADEN,261210901C,2019,6589,0,0,0.4,1.2,6.7648000000001,14.8
CEMADEN,261210901C,2020,7788,0,0,0.4,2,6.65559999999969,21.4
CEMADEN,261210901C,2021,532,0,0,0,0,0.2,0.2
CEMADEN,261210901C,2022,939,0,0,0.4,1.2,2.0124,2.2
CEMADEN,261210901C,2023,5473,0,0,0.2,1.6,7.10560000000005,10.8
CEMADEN,261210901C,2024,8863,0,0,0.4,1.6,6,19.8
CEMADEN,261210901C,2025,3527,0,0,0.2,1.2,3.2844000000001,4.2
CEMADEN,261220801A,2023,2662,0,0,0,0.2,1.58000999999997,4.53
CEMADEN,261220801A,2024,2646,0,0,0,0.2,0.728450000000007,3.74
CEMADEN,261220801A,2025,2034,0,0,0,0.42,3.88786000000016,7.3
CEMADEN,261220801C,2017,2556,0,0,0.4,1.6,5.7340000000002,8.2
CEMADEN,261220801C,2018,5968,0,0,0.2,2.06599999999999,8.80660000000007,19.6
CEMADEN,261220801C,2019,44,0,0,2.73,4.656,4.9656,5
CEMADEN,261230701A,2017,431,0,0,0.2,0.729999999999998,0.79,0.79
CEMADEN,261230701A,2018,9385,0,0,0.2,0.98,8.9764,17.28
CEMADEN,261230701A,2019,7698,0,0,0.39,0.98,5.69179999999993,14.26
CEMADEN,261230701A,2020,3133,0,0,0.39,0.725999999999967,1.37,1.97
CEMADEN,261230701A,2021,3464,0,0,0.2,0.59,2.95,6.9
CEMADEN,261230701A,2022,9558,0,0,0.39,0.98,4.23302999999985,13.01
CEMADEN,261230701A,2023,8896,0,0,0,0.2,0.98,6.7
CEMADEN,261230701A,2024,9923,0,0,0.2,0.79,4.95041999999981,10.99
CEMADEN,261230701A,2025,6765,0,0,0.39,0.98,3.38363999999988,22.74
CEMADEN,261240601A,2017,11064,0,0,0.2,0.8,2.2,8.6
CEMADEN,261240601A,2018,9293,0,0,0.2,1,4.68320000000022,11.2
CEMADEN,261240601A,2019,9158,0,0,0.2,1.2,10.1686000000002,19
CEMADEN,261240601A,2020,9549,0,0,0.4,2,14.2,17.2
CEMADEN,261240601A,2021,9528,0,0,0.2,1,6.69459999999999,22.6
CEMADEN,261240601A,2022,9964,0,0,0.4,1.6,8.62960000000021,25
CEMADEN,261240601A,2023,9590,0,0,0.2,0.8,4.2,9.6
CEMADEN,261240601A,2024,9729,0,0,0.4,1.4,7.47200000000084,18.6
CEMADEN,261240601A,2025,8500,0,0,0.4,1.2,4.2,6.8
CEMADEN,261240601C,2017,12375,0,0,0.2,0.6,2.32520000000004,5.6
CEMADEN,261240601C,2018,9001,0,0,0.2,1,4,11
CEMADEN,261240601C,2019,8062,0,0,0.2,1.4,8.58780000000006,15.2
CEMADEN,261240601C,2020,3921,0,0,0.6,3.2,10.632,14.2
CEMADEN,261240601C,2023,1417,0,0,0.2,0.567999999999984,1.43360000000002,5.6
CEMADEN,261240601C,2024,1485,0,0,0.6,1.4,4.73520000000017,7.2
CEMADEN,261240602A,2017,745,0,0,0.2,1.48639999999999,4.82983999999999,5.12
CEMADEN,261240602A,2018,9231,0,0,0.2,1.12000000000015,5.07400000000009,12.62
CEMADEN,261240602A,2019,7942,0,0,0.39,1.49210000000003,12.00059,23.18
CEMADEN,261245501C,2018,62,0,0,0,0,0,0
CEMADEN,261245501C,2019,380,0,0,0,0.2,0.524199999999996,0.6
CEMADEN,261245501C,2022,1041,0,0,0.2,0.719999999999982,6.5760000000002,7.6
CEMADEN,261247101A,2018,8811,0,0,0.2,1.969,9.15380000000001,20.2
CEMADEN,261247101A,2019,8036,0,0,0,0.2,0.59,4.73
CEMADEN,261247101A,2020,279,0,0,0,0,0.144399999999996,0.2
CEMADEN,261247101A,2021,2068,0,0,0.39,1.18,4.7032,7.91
CEMADEN,261247101A,2022,1924,0,0,0.39,0.98,1.37,2.36
CEMADEN,261247101A,2023,8186,0,0,0.39,2.36,7.10815,22.74
CEMADEN,261247101A,2024,9629,0,0,0.59,2.16,9.09623999999974,18.93
CEMADEN,261247101A,2025,8943,0,0,0.39,1.88019999999999,8.98755999999925,14.79
CEMADEN,261250501A,2017,600,0,0,0,0.3903,0.866189999999991,0.98
CEMADEN,261250501A,2018,9126,0,0,0.2,1.57,6.22625,10.57
CEMADEN,261250501A,2019,8545,0,0,0.2,0.79,4.81664000000002,10.17
CEMADEN,261250501A,2020,9287,0,0,0.2,1.57,10.12422,19.55
CEMADEN,261250501A,2021,7218,0,0,0.2,0.947699999999986,3.65537000000014,11.2
CEMADEN,261250501A,2022,9510,0,0,0.39,1.18,5.51,14.08
CEMADEN,261250501A,2023,8425,0,0,0.2,1.18,5.06407999999949,19.75
CEMADEN,261250501A,2024,6584,0,0,0.2,0.98,4.41340000000007,11.2
CEMADEN,261250501A,2025,6677,0,0,0.2,0.98,3.82507999999993,13.44
CEMADEN,261250501U,2017,728,0,0,0.2,0.2,0.8,0.8
CEMADEN,261250501U,2018,6335,0,0,0,0.4,2,10.2
CEMADEN,261250501U,2019,3785,0,0,0.2,1,4.28639999999996,15.4
CEMADEN,261250501U,2021,2,0,0.2,0.38,0.396,0.3996,0.4
CEMADEN,261250501U,2022,819,0,0,0.2,1.76399999999999,5.56480000000011,10.8
CEMADEN,261250501U,2023,8242,0,0,0.2,1.2,5.76620000000003,16.8
CEMADEN,261250501U,2024,9350,0,0,0.2,1,8.73019999999997,28.4
CEMADEN,261250501U,2025,7813,0,0,0.2,0.8,4.11280000000006,11.4
CEMADEN,261255401A,2023,1,0.2,0.2,0.2,0.2,0.2,0.2
CEMADEN,261255401A,2024,3870,0,0,0,0,0.2,2.91
CEMADEN,261255401A,2025,8787,0,0,0,0.2,3.98279999999999,9.56
CEMADEN,261255401C,2022,3356,0,0,0.2,1.8,9,14.4
CEMADEN,261255401C,2023,3328,0,0,0,0.2,0.4,1
CEMADEN,261255401C,2024,2642,0,0,0,0.318000000000029,3.47179999999999,7.2
CEMADEN,261260401C,2022,2940,0,0,0.2,1.72200000000003,5.87320000000018,8.2
CEMADEN,261260401C,2023,2273,0,0,0,1.6,3.54560000000001,6.4
CEMADEN,261260401C,2024,9296,0,0,0.2,1.4,8.4,15.6
CEMADEN,261260401C,2025,9021,0,0,0,0.6,6,13.2
CEMADEN,261270301A,2017,1,1.18,1.18,1.18,1.18,1.18,1.18
CEMADEN,261270301A,2018,261,0,0.2,1.57,4.17799999999996,10.8066000000001,12.39
CEMADEN,261270301A,2019,5044,0,0,0.42,0.98,2.16,4.33
CEMADEN,261270301A,2020,7538,0,0,0.39,1.77,8.20722999999995,15.14
CEMADEN,261270301A,2021,4900,0,0,0.39,0.98,3.56918999999994,9.14
CEMADEN,261270301A,2022,3055,0,0,0.2,0.59,1.57946,3.35
CEMADEN,261270301A,2023,9746,0,0,0.39,1.18,4.42944999999969,19.96
CEMADEN,261270301A,2024,9616,0,0,0.2,0.98,6.44875000000016,25.31
CEMADEN,261270301A,2025,9717,0,0,0.2,0.98,3.94284,7.91
CEMADEN,261280201A,2024,3001,0,0,0,0,2.56,10.48
CEMADEN,261280201A,2025,9481,0,0,0.39,1.57,7.3632000000004,21.03
CEMADEN,261280201C,2018,3328,0,0,0.6,3.2,8.40759999999973,9.8
CEMADEN,261280201C,2022,11,0,0,6.9,10.98,11.898,12
CEMADEN,261280201C,2023,14,0,0,0.0699999999999999,0.174,0.1974,0.2
CEMADEN,261290101A,2017,13996,0,0,0.42,1.57,5.12,9.34
CEMADEN,261290101A,2018,9997,0,0,0.59,1.96,5.71080000000016,19.34
CEMADEN,261290101A,2019,9771,0,0,0.59,1.57,5.40199999999983,10.57
CEMADEN,261290101A,2020,10059,0,0,0.59,1.97,5.28737999999965,10.78
CEMADEN,261290101A,2021,10479,0,0,0.59,1.57,4.82440000000017,10.38
CEMADEN,261290101A,2022,11233,0,0,0.79,2.36,4.67592000000001,12.81
CEMADEN,261290101A,2023,11118,0,0,0.79,1.97,5.86489999999994,13.23
CEMADEN,261290101A,2024,10496,0,0,0.59,1.77,6.11009999999998,14.05
CEMADEN,261290101A,2025,10741,0,0,0.59,1.57,4.33,11.59
CEMADEN,261290102A,2017,881,0,0,0.39,1.18,2.184,2.36
CEMADEN,261290102A,2018,9984,0,0,0.59,1.77,5.72682999999983,17.69
CEMADEN,261290102A,2019,9540,0,0,0.59,1.57,5.12,11.38
CEMADEN,261290102A,2020,6977,0,0,0.79,2.36,7.34072000000001,10.58
CEMADEN,261290102A,2021,3641,0,0,0.59,1.57,3.61200000000003,8.19
CEMADEN,261290102A,2022,438,0,0,0.59,1.57,3.0626,3.15
CEMADEN,261300801C,2017,12487,0,0,0.2,0.8,2.6,9.4
CEMADEN,261300801C,2018,8352,0,0,0.2,1,5.51919999999955,14.2
CEMADEN,261300801C,2019,5201,0,0,0.2,1.8,9.52000000000007,12.2
CEMADEN,261300801C,2020,7794,0,0,0.2,1.4,11.5242000000002,23.8
CEMADEN,261300801C,2021,9189,0,0,0.2,1,4.36239999999998,8.8
CEMADEN,261300801C,2022,9294,0,0,0.4,1.4,7.50700000000033,10.2
CEMADEN,261300801C,2023,9475,0,0,0.2,1,4.6,17
CEMADEN,261300801C,2024,4337,0,0,0.2,1.6,7.8655999999999,10.8
CEMADEN,261300801C,2025,2867,0,0,0,0,0.226800000000003,0.4
CEMADEN,261310701A,2017,752,0,0,0,0.2,0.837310000000004,0.98
CEMADEN,261310701A,2018,9256,0,0,0.2,0.98,5.06900000000016,12.42
CEMADEN,261310701A,2019,9143,0,0,0.2,0.79,4.50160000000004,7.18
CEMADEN,261310701A,2020,9181,0,0,0.2,1.18,6.1082,15.35
CEMADEN,261310701A,2021,4922,0,0,0.2,0.59,3.82320999999834,16.85
CEMADEN,261310701A,2022,10028,0,0,0.39,1.37,4.92,8.93
CEMADEN,261310701A,2023,9760,0,0,0.2,0.98,3.59579,9.96
CEMADEN,261310701A,2024,8933,0,0,0.39,2.16,8.75719999999972,16.46
CEMADEN,261310701A,2025,5663,0,0,0.2,0.98,4.53,11.19
CEMADEN,261310702A,2025,2859,0,0,0.2,0.4,1.25679999999993,2
CEMADEN,261310703A,2025,2966,0,0,0,0.2,0.606999999999971,2.4
CEMADEN,261320601A,2017,601,0,0,0.2,1.18,2.40199999999996,3.35
CEMADEN,261320601A,2018,9426,0,0,0.2,0.79,3.74,9.15
CEMADEN,261320601A,2019,9160,0,0,0.39,1.18,6.85979000000007,16.01
CEMADEN,261320601A,2020,6364,0,0,0.59,1.7774,7.04924999999993,16
CEMADEN,261320601A,2021,2978,0,0,0.2,0.833700000000004,5.54197000000019,10.98
CEMADEN,261320601A,2022,1519,0,0,0.2,0.79,2.05437999999998,4.13
CEMADEN,261320601A,2023,8829,0,0,0.39,0.98,2.86148000000028,6.3
CEMADEN,261320601A,2024,9954,0,0,0.39,1.37,5.53846000000009,18.93
CEMADEN,261320601A,2025,10185,0,0,0.39,0.98,3.07824000000028,6.32
CEMADEN,261330501A,2017,14430,0,0,0.39,1.37,4.33,10.98
CEMADEN,261330501A,2018,9776,0,0,0.39,1.18,4.33,13.01
CEMADEN,261330501A,2019,9263,0,0,0.42,1.18,5.47855999999992,14.91
CEMADEN,261330501A,2020,2022,0,0,0.2,0.98,14.6687100000001,22.95
CEMADEN,261330501A,2021,9822,0,0,0.39,0.98,3.15,14.69
CEMADEN,261330501A,2022,6214,0,0,0.59,1.66699999999999,5.6269300000001,16.2
CEMADEN,261330501A,2023,1403,0,0,0.2,0.59,11.0441799999997,15.58
CEMADEN,261330501A,2024,2733,0,0,0.59,2.36,7.01060000000001,9.14
CEMADEN,261330501U,2017,5270,0,0,0.4,1.4,4.4,10.4
CEMADEN,261330501U,2018,2719,0,0,0.219999999999982,1.16400000000003,2.6,12.4
CEMADEN,261330501U,2019,4081,0,0,0.6,1.4,2.98400000000001,7
CEMADEN,261330501U,2020,3434,0,0,0.6,1.8,4.9402,6
CEMADEN,261330501U,2021,5532,0,0,0.4,1.4,4.68140000000003,7.8
CEMADEN,261330501U,2022,6489,0,0,0.6,1.8,6.31199999999972,17.2
CEMADEN,261330501U,2023,6641,0,0,0.2,0.2,1.07199999999993,6.8
CEMADEN,261330501U,2024,6213,0,0,0.4,1.8,6.63039999999965,11.2
CEMADEN,261330501U,2025,5901,0,0,0.4,1.2,3.70000000000036,10.6
CEMADEN,261330502A,2017,794,0,0,0.0699999999999818,0.98,3.74319999999995,9.77
CEMADEN,261330502A,2018,9958,0,0,0.42,1.26740000000005,4.53,12.4
CEMADEN,261330502A,2019,9966,0,0,0.42,1.18,3.56364999999994,8.38
CEMADEN,261330502A,2020,9180,0,0,0.59,1.96209999999999,5.71,10.37
CEMADEN,261330502A,2021,227,0,0,0.538999999999998,0.79,1.09864,1.18
CEMADEN,261330502A,2022,2829,0,0,0.39,0.98,7.59036000000004,13.01
CEMADEN,261330502A,2023,9163,0,0,0.42,1.38,4.23441999999985,12.28
CEMADEN,261330502A,2024,8225,0,0,0.42,1.18,4.33,7.91
CEMADEN,261330502A,2025,8073,0,0,0.487999999999938,1.18,3.15,11.18
CEMADEN,261340401A,2017,311,0,0,0.885,1.969,3.4191,3.54
CEMADEN,261340401A,2018,10043,0,0,0.98,4.3706,12.1941200000001,27.2
CEMADEN,261340401A,2019,9726,0,0,1.18,3.94,10.18275,28.25
CEMADEN,261340401A,2020,9562,0,0,0.98,3.94,8.44146000000004,13.71
CEMADEN,261340401A,2021,3584,0,0,0.79,2.36,6.06225999999985,8.32
CEMADEN,261340401A,2022,6558,0,0,1.77,5.31,9.14,12.21
CEMADEN,261340401A,2023,9697,0,0,1.37,4.13039999999999,10.29856,25.73
CEMADEN,261340401A,2024,9443,0,0,0.98,3.74,9.77789999999995,13.85
CEMADEN,261340401A,2025,9617,0,0,1.38,4.10280000000002,7.87744000000001,13.86
CEMADEN,261350301A,2018,8612,0,0,0.2,2.36,10.9712599999989,19.54
CEMADEN,261350301A,2019,8654,0,0,0.2,1.58,10.1022699999999,17.48
CEMADEN,261350301A,2020,994,0,0,1.57,7.31399999999999,14.5545999999996,22.3
CEMADEN,261350301A,2021,76,0,0,0,0.05,0.184999999999999,0.2
CEMADEN,261350301A,2023,2717,0,0,0,0.59,3.85268000000019,6.71
CEMADEN,261350301A,2024,7955,0,0,0.39,2.16,9.01668000000016,15.15
CEMADEN,261350301A,2025,7909,0,0,0.39,1.77,6.94563999999994,9.35
CEMADEN,261350301C,2017,1452,0,0,0.2,2.498,7.16859999999997,8.2
CEMADEN,261350302A,2018,8446,0,0,0.2,1.87449999999986,7.31,13.63
CEMADEN,261350302A,2019,8563,0,0,0.2,1.57,7.39198000000002,18.72
CEMADEN,261350302A,2020,7924,0,0,0.42,2.16,7.96926000000009,16.69
CEMADEN,261350302A,2021,77,0,0,0.2,1.0252,1.69552000000001,1.77
CEMADEN,261350302A,2023,7866,0,0,0.2,1.97,9.37835000000005,15.44
CEMADEN,261350302A,2024,9263,0,0,0.2,1.97,8.26759999999988,13.22
CEMADEN,261350302A,2025,9145,0,0,0.2,1.57,7.92087999999989,16.86
CEMADEN,261360201C,2017,6202,0,0,0.2,1.8,7.9598,12.2
CEMADEN,261360201C,2018,4043,0,0,0.2,2.2,9.97480000000005,16.8
CEMADEN,261360201C,2019,2065,0,0,0,0.07199999999998,2.58720000000003,4
CEMADEN,261360201C,2020,1577,0,0,0,0,1.4848,5.8
CEMADEN,261360201C,2021,1911,0,0,0,0,1.81799999999998,3.2
CEMADEN,261360201C,2022,2848,0,0,0,0.6,3.75299999999979,8.2
CEMADEN,261360201C,2023,337,0,0,0,1.18399999999999,3.53119999999999,3.8
CEMADEN,261370101A,2017,13465,0,0,0.79,3.15,7.41720000000001,18.93
CEMADEN,261370101A,2018,8711,0,0,0,0,0,0.2
CEMADEN,261370101A,2019,9607,0,0,0.79,2.75,6.78274000000005,9.96
CEMADEN,261370101A,2020,10065,0,0,0.79,2.56720000000001,6.33807999999999,15.12
CEMADEN,261370101A,2021,10886,0,0,0.98,2.95,7.50919999999998,13.21
CEMADEN,261370101A,2022,9202,0,0,1.57,4.14,9.84392000000007,77.63
CEMADEN,261370101A,2023,10988,0,0,0.98,2.95,7.30364000000023,12.8
CEMADEN,261370101A,2024,10219,0,0,0.79,2.95,8.35905999999937,12.81
CEMADEN,261370101A,2025,10595,0,0,1.18,3.15,7.31428000000033,15.57
CEMADEN,261370102A,2017,14007,0,0,0.59,2.17,6.3,11.39
CEMADEN,261370102A,2018,10124,0,0,0.59,2.37540000000001,7.65080000000016,11.81
CEMADEN,261370102A,2019,9967,0,0,0.79,2.56,6.94005999999979,15.79
CEMADEN,261370102A,2020,9857,0,0,0.59,1.97,4.53864000000001,7.7
CEMADEN,261370102A,2021,10319,0,0,0.79,2.36,5.86686000000016,9.79
CEMADEN,261370102A,2022,9097,0,0,1.18,3.35,8.30080000000009,13.01
CEMADEN,261370102A,2024,5183,0,0,0.39,1.5718,4.33,9.76
CEMADEN,261370102A,2025,3039,0,0,0,0,0,0.2
CEMADEN,261370103A,2017,14055,0,0,0.59,2.16,6.1,10.17
CEMADEN,261370103A,2018,10074,0,0,0.59,2.56,6.64984999999982,9.96
CEMADEN,261370103A,2019,9859,0,0,0.79,2.76,6.92851999999999,11.38
CEMADEN,261370103A,2020,9940,0,0,0.59,2.16,4.92,8.16
CEMADEN,261370103A,2021,10454,0,0,0.79,2.16469999999999,6.60846000000009,15.78
CEMADEN,261370103A,2022,10774,0,0,1.18,3.15,6.90681000000002,11.79
CEMADEN,261370103A,2023,10674,0,0,0.79,2.76,7.16866999999986,16.65
CEMADEN,261370103A,2024,9877,0,0,0.59,2.36,6.55983999999997,13.25
CEMADEN,261370103A,2025,7784,0,0,0.79,2.56,6.07359999999972,15.25
CEMADEN,261370104A,2017,4952,0,0,0.8,2.2,6.41959999999999,12.2
CEMADEN,261370104A,2018,1238,0,0.2,2,4.52599999999998,8.86819999999989,13.2
CEMADEN,261370104A,2019,5775,0,0,1,2.4,4.84519999999993,7.6
CEMADEN,261370104A,2020,10055,0,0,0.8,2.6,6.8,9.8
CEMADEN,261370104A,2021,10701,0,0,1,3,8,12.6
CEMADEN,261370104A,2022,11528,0,0,1.6,4.6,10.6,20.2
CEMADEN,261370104A,2023,10984,0,0,1,3.2,8.4,16.2
CEMADEN,261370104A,2024,10347,0,0,0.8,2.8,8.33080000000009,16.2
CEMADEN,261370104A,2025,11087,0,0,1.2,3.6,7.78280000000013,11.8
CEMADEN,261370105A,2017,1169,0,0,0.2,1.57,3.31640000000002,9.61
CEMADEN,261370105A,2018,3999,0,0,0.98,2.95,7.03053999999999,504.57
CEMADEN,261370105A,2019,6183,0,0,1.18,3.02700000000004,7.30818,9.76
CEMADEN,261370105A,2020,4142,0,0,1.18,3.74,6.6772000000003,13.23
CEMADEN,261370105A,2021,6445,0,0,0.79,1.88959999999992,4.85803999999976,8.55
CEMADEN,261370105A,2022,937,0,0,0.79,3.20599999999999,10.84648,11.38
CEMADEN,261380001A,2017,637,0,0,0.2,0.98,2.95,2.95
CEMADEN,261380001A,2018,10117,0,0,0.59,2.36,6.68144,12.19
CEMADEN,261380001A,2019,9683,0,0,0.79,2.02060000000005,5.9,14.07
CEMADEN,261380001A,2020,7019,0,0,0.59,1.57,4.32657999999999,8.54
CEMADEN,261380001A,2021,10285,0,0,0.59,1.37,4.69848000000027,11.6
CEMADEN,261380001A,2022,10893,0,0,0.98,2.96599999999999,9.98268000000004,20.6
CEMADEN,261380001A,2023,10755,0,0,0.59,1.57459999999999,5.16673999999985,13.01
CEMADEN,261380001A,2024,9737,0,0,0.59,1.97639999999999,8.52,18.93
CEMADEN,261380001A,2025,8108,0,0,0.79,2.36,8.25473000000002,32.31
CEMADEN,261380002A,2025,3191,0,0,0.2,0.6,1.4,2.2
CEMADEN,261390901A,2024,4139,0,0,0,0.39,4.07894000000003,6.89
CEMADEN,261390901A,2025,4528,0,0,0.39,1.77,6.08919999999998,8.52
CEMADEN,261390901C,2017,497,0,0,0.4,1.01600000000001,2.10240000000001,2.4
CEMADEN,261390901C,2018,7732,0,0,0.2,2.4,7.85380000000005,16.6
CEMADEN,261390901C,2019,7726,0,0,0.2,1.4,9.10999999999985,15
CEMADEN,261390901C,2020,7874,0,0,0.2,0.2,4.8,17.8
CEMADEN,261390901C,2021,2104,0,0,0,0.2,0.2,0.2
CEMADEN,261390901C,2022,4578,0,0,0.2,1.84599999999991,7.02299999999977,11
CEMADEN,261390901C,2023,8478,0,0,0.2,1.8,8.51379999999954,20.6
CEMADEN,261390901C,2024,8145,0,0,0.2,1.4,5.2,12.6
CEMADEN,261390901C,2025,2079,0,0,0,0,1.73760000000002,8.6
CEMADEN,261390902A,2025,2147,0,0,0,0.4,2.37079999999996,5.6
CEMADEN,261390903A,2025,2503,0,0,0,0.2,1.49960000000001,5.8
CEMADEN,261390904A,2025,2475,0,0,0,0.2,2.7155999999999,5.2
CEMADEN,261400601A,2018,673,0,0.39,4.14,7.21759999999999,10.5437599999999,13.01
CEMADEN,261400601A,2019,318,0,0.39,5.713,9.97,54.5573299999995,74.69
CEMADEN,261400601A,2023,2812,0,0,0,0.42,3.89205999999992,4.92
CEMADEN,261400601A,2024,7911,0,0,0.2,2.16,10.6069000000001,21.25
CEMADEN,261400601A,2025,5908,0,0,0.2,1.55670000000006,6.02020999999985,16.22
CEMADEN,261400601U,2017,5286,0,0,0,0.2,0.343000000000029,1
CEMADEN,261400601U,2018,2444,0,0,0,0.2,0.734199999999873,3.6
CEMADEN,261400601U,2019,2361,0,0,0.2,0.8,3.52799999999997,7.6
CEMADEN,261400601U,2023,3130,0,0,0,0.2,1.74840000000004,14.4
CEMADEN,261410501A,2018,8497,0,0,0,1.18,9.0374400000005,15.1
CEMADEN,261410501A,2019,7288,0,0,0.2,1.18,5.33851999999999,11.39
CEMADEN,261410501A,2020,4831,0,0,0,0.42,4.78800000000003,17.07
CEMADEN,261410501A,2021,3361,0,0,0,0.98,8.01679999999989,11.99
CEMADEN,261410501A,2022,9086,0,0,0.2,1.3715,5.91605000000076,21.45
CEMADEN,261410501A,2023,9093,0,0,0.2,1.19519999999999,7.25479999999967,16.86
CEMADEN,261410501A,2024,8424,0,0,0.2,2.16,10.8201399999988,19.38
CEMADEN,261410501A,2025,9361,0,0,0.2,1.77,8.78159999999974,14.31
CEMADEN,261410501C,2017,7521,0,0,0.2,1.6,7.19199999999983,15.6
CEMADEN,261410501C,2018,7926,0,0,0.2,1.95,7.21499999999996,10.2
CEMADEN,261410501C,2019,6492,0,0,0.2,1.8,7.60360000000001,15.4
CEMADEN,261410501C,2020,1484,0,0,0.6,6.23400000000001,16.6,17.2
CEMADEN,261410501C,2021,3723,0,0,0,1,5.51119999999992,8.8
CEMADEN,261410501C,2022,6708,0,0,0.2,1.4,7.7757999999998,12.2
CEMADEN,261410501C,2023,8715,0,0,0.2,1.2,6.85720000000001,9.6
CEMADEN,261410501C,2024,345,0,0,1.76,6.696,14.2736,16.2
CEMADEN,261410501C,2025,396,0,0,0,0,0,0
CEMADEN,261410502A,2025,2728,0,0,0,0.2,0.909200000000055,2.2
CEMADEN,261410502C,2017,432,0,0,0.6,1.338,2.39660000000002,3
CEMADEN,261410502C,2018,3222,0,0,0,0.8,5.24639999999999,8.2
CEMADEN,261410502C,2019,772,0,0,0,1.25799999999999,5.49160000000002,5.8
CEMADEN,261410502C,2021,644,0,0,0,0,0,0
CEMADEN,261410502C,2022,3366,0,0,0,0.4,1.52700000000004,4
CEMADEN,261410502C,2023,480,0,0,0,0.2,1.40840000000001,1.6
CEMADEN,261410502C,2024,23,0,0,0,0,0,0
CEMADEN,261410503A,2025,2731,0,0,0,0.2,1.70799999999999,3.4
CEMADEN,261410504A,2025,2686,0,0,0,0,1.77800000000007,5
CEMADEN,261420401A,2017,12385,0,0,0.98,3.3416,8.16639999999999,16.21
CEMADEN,261420401A,2018,10151,0,0,0.79,3.15,7.53400000000002,12.6
CEMADEN,261420401A,2019,9859,0,0,1.18,3.74,9.54709999999999,15.39
CEMADEN,261420401A,2020,9821,0,0,0.79,3.35,8.12,10.16
CEMADEN,261420401A,2021,10651,0,0,0.98,3.075,7.18700000000052,11.58
CEMADEN,261420401A,2022,11264,0,0,1.57,4.13370000000001,10.17737,21.24
CEMADEN,261420401A,2023,5703,0,0,1.38,3.35,7.21217999999991,16.36
CEMADEN,261420401A,2024,5079,0,0,0.98,2.76,7.96881999999922,13.63
CEMADEN,261420401A,2025,6113,0,0,1.57,4.1388,9.77431999999999,56.86
CEMADEN,261420402A,2017,856,0,0,0.2,1.18,3.12109999999998,4.13
CEMADEN,261420402A,2018,10071,0,0,0.98,3.55,8.93460000000006,14.7
CEMADEN,261420402A,2019,9842,0,0,1.18,3.97950000000001,9.85041999999987,16.63
CEMADEN,261420402A,2020,6398,0,0,0.98,2.95119999999999,6.69603,9.97
CEMADEN,261420402A,2021,5293,0,0,0.98,2.56,6.46035999999994,10.17
CEMADEN,261420402A,2022,2039,0,0,1.18,5.75179999999996,12.18442,14.47
CEMADEN,261420402A,2023,119,0,0,0.2,0.42,0.42,0.42
CEMADEN,261420402A,2024,114,0,0,1.0955,3.46500000000001,5.06146,5.24
CEMADEN,261430301A,2018,8654,0,0,0.2,1.77,8.59939999999995,13.43
CEMADEN,261430301A,2019,8546,0,0,0.2,1.37,7.32384999999997,21.02
CEMADEN,261430301A,2021,1981,0,0,0.39,3.15,11.5451999999997,68.6
CEMADEN,261430301A,2022,9541,0,0,0.39,2.36,9.66279999999984,13.65
CEMADEN,261430301A,2023,9204,0,0,0.2,1.57,7.38226000000028,16.22
CEMADEN,261430301A,2024,8796,0,0,0.2,1.77,7.74304999999999,19
CEMADEN,261430301A,2025,3832,0,0,0.59,3.30040000000001,10.1657399999997,19.55
CEMADEN,261440201A,2023,2918,0,0,0,0,0.235690000000036,10.58
CEMADEN,261440201A,2024,8542,0,0,0,0.2,1.27180000000015,5.35
CEMADEN,261440201A,2025,9423,0,0,0.39,1.96,9.11339999999986,12.6
CEMADEN,261450101A,2023,8005,0,0,0.39,1.18,4.13920000000002,7.12
CEMADEN,261450101A,2024,9524,0,0,0.2,1.18,5.41063000000015,9.58
CEMADEN,261450101A,2025,9774,0,0,0.39,1.18,4.13,7.34
CEMADEN,261460001A,2024,4211,0,0,0,0.39,2.1679,5.31
CEMADEN,261460001A,2025,5526,0,0,0.59,2.5125,8.22075000000021,17.9
CEMADEN,261460001C,2017,182,0,0,0,1.028,2.1638,2.2
CEMADEN,261460001C,2018,113,0,0,0,0,0.177600000000001,0.2
CEMADEN,261460001C,2022,188,0,0,0.330000000000001,2.626,3.28779999999999,3.4
CEMADEN,261470901A,2017,11267,0,0,0.2,0.8,2.94680000000008,6
CEMADEN,261470901A,2018,9386,0,0,0.2,1,5.52299999999996,11.4
CEMADEN,261470901A,2019,9150,0,0,0.2,0.8,5.17020000000011,11.2
CEMADEN,261470901A,2020,9451,0,0,0.2,1.6,8.2,14.6
CEMADEN,261470901A,2021,2090,0,0,0,0.6,3.58220000000001,6.4
CEMADEN,261470902A,2017,719,0,0,0,1.57,3.40922000000001,3.56
CEMADEN,261470902A,2018,8454,0,0,0.2,0.98,5.51,12.2
CEMADEN,261470902A,2019,7885,0,0,0.2,0.98,6.32204,18.93
CEMADEN,261470902A,2020,4556,0,0,0.2,1.18,7.18254999999983,12.81
CEMADEN,261470902A,2021,3700,0,0,0.2,0.79,6.3274199999999,15.98
CEMADEN,261470902A,2022,9209,0,0,0.42,1.77,7.02263999999977,11.59
CEMADEN,261470902A,2023,9551,0,0,0.2,0.98,6.06100000000057,17.69
CEMADEN,261470902A,2024,6644,0,0,0.39,2.16,7.78782999999999,14.69
CEMADEN,261470902A,2025,9760,0,0,0.39,0.98,4.25675999999999,9.97
CEMADEN,261470903A,2025,2967,0,0,0.2,0.4,1.2,2.4
CEMADEN,261470904A,2025,2959,0,0,0,0.4,0.816799999999967,3
CEMADEN,261480801A,2023,8223,0,0,0.39,1.18,9.71028000000031,19.96
CEMADEN,261480801A,2024,6684,0,0,0.2,1.18,4.92,13.84
CEMADEN,261480801A,2025,9843,0,0,0.39,1.18,4.57107999999986,16.42
CEMADEN,261480801C,2017,7758,0,0,0.2,0.8,3.24860000000008,10.8
CEMADEN,261480801C,2018,8661,0,0,0.2,1.2,7.74000000000015,20.6
CEMADEN,261480801C,2019,7429,0,0,0.6,1.4,4.11440000000002,14
CEMADEN,261480801C,2020,1928,0,0,0.6,3.8,14.9606000000002,17.4
CEMADEN,261480801C,2022,5528,0,0,0.8,2.2,9.17839999999996,24
CEMADEN,261480801C,2023,6169,0,0,0.6,1.2,4.26560000000027,15
CEMADEN,261480801C,2024,8924,0,0,0.6,1.6,6.2,14.6
CEMADEN,261480801C,2025,3148,0,0,0.2,1,4.65300000000007,11.6
CEMADEN,261485701A,2017,986,0,0,0.42,2.16,2.78354999999998,4.33
CEMADEN,261485701A,2018,10208,0,0,0.79,3.13600000000006,8.25168999999989,15.38
CEMADEN,261485701A,2019,10161,0,0,1.18,2.95,7.0984,12.98
CEMADEN,261485701A,2020,10326,0,0,0.98,2.95,7.64849999999984,18.93
CEMADEN,261485701A,2021,1734,0,0.2,1.37,2.50060000000001,4.58607000000001,4.92
CEMADEN,261485701A,2022,1945,0,0,0.42,1.38,2.76,3.94
CEMADEN,261485701A,2023,10507,0,0,1.18,3.15,7.60374000000013,20.4
CEMADEN,261485701A,2024,8907,0,0,0.79,2.36,4.72093999999999,10.45
CEMADEN,261485701A,2025,10644,0,0,0.98,2.75,6.77210999999999,10.57
CEMADEN,261485702A,2017,933,0,0,0.0799999999999955,1.18,2.5736,2.76
CEMADEN,261485702A,2018,9946,0,0,0.79,3.35,9.98155000000006,16.02
CEMADEN,261485702A,2019,9765,0,0,1.18,3.94,8.00912000000033,13.44
CEMADEN,261485702A,2020,9283,0,0,0.98,3.18600000000006,7.18438000000031,12.6
CEMADEN,261485702A,2021,10650,0,0,1.18,3.3451,7.57722000000013,14.95
CEMADEN,261485702A,2022,10937,0,0,1.57,4.33,10.57064,17.68
CEMADEN,261485702A,2023,9293,0,0,1.18,3.54,8.01736000000023,14.51
CEMADEN,261485702A,2024,9670,0,0,0.98,3.55,9.76191000000008,21.03
CEMADEN,261485702A,2025,10607,0,0,1.18,3.7286000000001,8.61668000000005,12.4
CEMADEN,261500301A,2023,8627,0,0,0.39,1.37,4.93317999999988,16.66
CEMADEN,261500301A,2024,8860,0,0,0.39,1.18,6.01409999999996,23.17
CEMADEN,261500301A,2025,8625,0,0,0.39,1.18,4.33,12.19
CEMADEN,261500301C,2018,2446,0,0,0.2,1.8,4.71099999999997,8.2
CEMADEN,261500301C,2019,1528,0,0,0.2,0.8,1.69459999999999,3.8
CEMADEN,261500301C,2020,1583,0,0,0.2,1,5.56719999999996,8.4
CEMADEN,261500301C,2021,1671,0,0,0.2,1,3.66599999999999,3.8
CEMADEN,261500301C,2022,5541,0,0,0.4,1.4,6.09200000000001,9.6
CEMADEN,261500301C,2025,3483,0,0,0,0.2,0.703600000000006,1.4
CEMADEN,261510201A,2019,2154,0,0,0,0,0.2,0.2
CEMADEN,261510201A,2020,6069,0,0,0.39,0.79,2.16,8.93
CEMADEN,261510201A,2021,4848,0,0,0.42,1.18,4.1996700000001,7.34
CEMADEN,261510201A,2022,2733,0,0,0.59,2.16,5.27812000000002,12.21
CEMADEN,261510201A,2023,10514,0,0,0.42,1.18,4.53486999999999,9.56
CEMADEN,261510201A,2024,10476,0,0,0.42,1.37,6.31049999999999,19.96
CEMADEN,261510201A,2025,10845,0,0,0.42,1.18,4.55964000000016,14.08
CEMADEN,261520101A,2018,907,0,0,0.729999999999986,2.94039999999999,6.88258000000021,10.57
CEMADEN,261520101A,2019,8530,0,0,0.2,1.57,6.91955999999984,10.37
CEMADEN,261520101A,2020,123,0,0,0.2,2.4124,145.85644,165.74
CEMADEN,261520101A,2021,1222,0,0,0.79,2.56,6.16961,6.71
CEMADEN,261520101A,2022,801,0,0,1.18,5.12,13.4040000000001,15.78
CEMADEN,261520101A,2023,139,0,0,1,2.50160000000001,4.13955999999999,4.33
CEMADEN,261520101A,2024,4325,0,0,0,1.18,7.09676,10.98
CEMADEN,261520101A,2025,9167,0,0,0.2,1.18,3.74,7.91
CEMADEN,261520101C,2018,6482,0,0,0,0.6,2.60760000000009,10
CEMADEN,261520101C,2019,1582,0,0,0,0.2,0.967600000000039,1.8
CEMADEN,261520101C,2024,3769,0,0,0,0.8,4.61759999999995,8.6
CEMADEN,261520101C,2025,627,0,0,1,4.748,10.3724000000001,12
CEMADEN,261520102A,2023,3501,0,0,0,0.2,3.35,12.61
CEMADEN,261520102A,2024,3593,0,0,0.2,2.16,6.1,7.11
CEMADEN,261520102A,2025,8138,0,0,0.2,1.37,7.27397000000005,18.77
CEMADEN,261530001A,2017,911,0,0,0,0.769999999999996,3.30930000000006,4.92
CEMADEN,261530001A,2018,9580,0,0,0.410499999999993,1.97,6.57420000000006,16.65
CEMADEN,261530001A,2019,9551,0,0,0.79,2.36,6.98450000000015,12.4
CEMADEN,261530001A,2020,8973,0,0,0.39,1.77,5.90756000000007,9.76
CEMADEN,261530001A,2021,5048,0,0,0.2,0.79,3.12227000000025,5.31
CEMADEN,261530001A,2022,59,0,0,0.2,0.42,0.42,0.42
CEMADEN,261530001A,2023,9873,0,0,0.42,1.96,4.92,15.78
CEMADEN,261530001A,2024,9644,0,0,0.39,1.38,5.45279999999999,12.28
CEMADEN,261530001A,2025,7880,0,0,0.79,2.95,6.49121,14.49
CEMADEN,261530002A,2017,940,0,0,0,0.315900000000003,1.13115000000008,3.15
CEMADEN,261530002A,2018,9590,0,0,0.42,2.16,7.04110000000001,11.59
CEMADEN,261530002A,2019,8920,0,0,0.79,2.71769999999991,6.49243,19.14
CEMADEN,261530002A,2020,9757,0,0,0.42,1.97,9.60368000000013,14.26
CEMADEN,261530002A,2021,3337,0,0,0.39,1.18,2.88280000000004,6.79
CEMADEN,261530002A,2022,1813,0,0,1.37,4.30719999999998,9.35488000000023,12.89
CEMADEN,261540901A,2017,571,0,0,0,0.39,0.95769999999998,1.18
CEMADEN,261540901A,2018,9251,0,0,0.2,1.18,7.765,22.52
CEMADEN,261540901A,2019,8586,0,0,0.39,1.18,6.7,9.96
CEMADEN,261540901A,2020,6322,0,0,0.2,0.98,3.61481000000003,4.92
CEMADEN,261540901A,2021,4570,0,0,0,0.42,5.87808999999984,228.47
CEMADEN,261540901A,2022,9662,0,0,0.39,1.57,4.73000999999997,10.37
CEMADEN,261540901A,2023,7531,0,0,0.2,1.967,7.61990000000004,14.26
CEMADEN,261540901A,2024,8009,0,0,0.2,1.57,6.68792000000005,17.28
CEMADEN,261540901A,2025,7802,0,0,0.39,1.18,4.64740999999977,16.85
CEMADEN,261550801A,2017,978,0,0,0,0.2,1.62531000000005,3.55
CEMADEN,261550801A,2018,9608,0,0,0.42,2.16,5.90393,12
CEMADEN,261550801A,2019,9477,0,0,0.59,2.01559999999996,7.00527999999988,12.2
CEMADEN,261550801A,2020,7335,0,0,0.39,1.18,3.28320000000003,10.57
CEMADEN,261550801A,2021,2950,0,0,0.39,0.98,2.17019999999999,2.76
CEMADEN,261550801A,2022,3944,0,0,0.2,1.18,4.95165999999992,14.94
CEMADEN,261550801A,2023,10224,0,0,0.79,2.36,6.45986000000001,10.37
CEMADEN,261550801A,2024,9219,0,0,0.39,1.57,5.81497999999971,12.61
CEMADEN,261550801A,2025,7796,0,0,0.98,2.75,6.91049999999999,14.07
CEMADEN,261560701A,2024,3278,0,0.2,1.97,4.8507,14.84873,36.92
CEMADEN,261560701A,2025,4584,0,0,0.42,1.77,3.75599000000017,7.18
CEMADEN,261560701U,2017,1483,0,0,0.2,1.2,4.41440000000002,5.6
CEMADEN,261560701U,2018,2921,0,0,0.4,2.2,9.48799999999974,13.6
CEMADEN,261560701U,2019,2191,0,0,0.6,2.6,6.84799999999996,8.8
CEMADEN,261560701U,2021,2759,0,0,0,0,0,0
CEMADEN,261560701U,2022,4747,0,0,0.2,0.907999999999993,6.80319999999992,9.8
CEMADEN,261560701U,2023,7137,0,0,0.2,0.8,7.51839999999975,43.6
CEMADEN,261560701U,2024,9365,0,0,0.4,2.2,7.98160000000025,17.6
CEMADEN,261560701U,2025,2759,0,0,0.4,3.36800000000003,8.93880000000026,14.4
CEMADEN,261570601A,2018,9071,0,0,0.39,2.16299999999999,10.1359000000002,18.32
CEMADEN,261570601A,2019,8110,0,0,0.59,2.56,9.11601999999992,14.7
CEMADEN,261570601A,2020,129,0,0,0,0.2,0.2,0.2
CEMADEN,261570601A,2021,2346,0,0,0.39,1.68000000000004,6.9031,8.55
CEMADEN,261570601A,2022,1043,0,0,2.76,9.41719999999994,15.34076,15.35
CEMADEN,261570601A,2023,8529,0,0,0.42,1.97,8.61791999999985,17.07
CEMADEN,261570601A,2024,9224,0,0,0.59,1.9677,9.51871000000001,17.27
CEMADEN,261570601A,2025,8483,0,0,0.59,2.16,10.9944,17.69
CEMADEN,261580501A,2020,1816,0,0,0.3925,0.98,5.78214999999998,686.47
CEMADEN,261580501A,2022,62,0,0,0,0.2,0.2,0.2
CEMADEN,261580501A,2023,529,0,0.2,0.79,1.91400000000001,16.5032799999995,28.51
CEMADEN,261580501A,2024,6305,0,0,0.42,0.98,7.44919999999998,120.01
CEMADEN,261580501A,2025,10190,0,0,0.42,1.37,5.71,12.81
CEMADEN,261580501C,2017,13428,0,0,0.4,0.8,3.54380000000019,12.2
CEMADEN,261580501C,2018,774,0,0,0.2,0.8,6.8454,7
CEMADEN,261580501C,2019,22,0,0,0,0,0,0
CEMADEN,261590401A,2023,7435,0,0,0.2,0.98,6.04393999999988,12.2
CEMADEN,261590401A,2024,7983,0,0,0.2,1.57,6.31818000000003,11.99
CEMADEN,261590401A,2025,6079,0,0,0.2,1.57,7.08361999999991,11.39
CEMADEN,261590401C,2017,3202,0,0,0,0.4,2,2.4
CEMADEN,261590401C,2018,7796,0,0,0.2,1.6,7.92299999999996,19.4
CEMADEN,261590401C,2019,7050,0,0,0,0.2,0.8,3.2
CEMADEN,261590401C,2020,4356,0,0,0,0,0,0
CEMADEN,261590401C,2021,3168,0,0,0,0,0,0
CEMADEN,261590401C,2022,2014,0,0,0,0.2,1.39740000000002,9.6
CEMADEN,261590401C,2023,1,0,0,0,0,0,0
CEMADEN,261590401C,2024,4627,0,0,0,0.4,3.07479999999996,13.2
CEMADEN,261590401C,2025,7346,0,0,0.2,1.4,6.6,12.6
CEMADEN,261600101C,2017,10893,0,0,0.2,1,4.30800000000018,13.6
CEMADEN,261600101C,2018,8723,0,0,0.2,1.15600000000013,6.45560000000005,15.8
CEMADEN,261600101C,2019,5851,0,0,0.2,0.8,8.03999999999942,16.6
CEMADEN,261600101C,2022,4522,0,0,0,0,0.4,1
CEMADEN,261600101C,2023,6780,0,0,0.2,0.8,4.2,6.8
CEMADEN,261600101C,2024,1149,0,0,0.2,3.104,13.6224000000001,14.8
CEMADEN,261610001A,2023,2208,0,0,0,0,0.358600000000024,4.62
CEMADEN,261610001A,2024,4359,0,0,0,0.39,2.9387799999999,4.78
CEMADEN,261610001A,2025,9065,0,0,0.2,1.83840000000011,8.10167999999996,15.33
CEMADEN,261618301A,2023,4312,0,0,0.2,0.59,2.49780000000006,7.71
CEMADEN,261618301A,2024,8206,0,0,0.39,1.57,8.68515000000001,32.1
CEMADEN,261618301A,2025,5587,0,0,0.2,0.79,2.16,2.75
CEMADEN,261618301C,2017,9612,0,0,0.2,0.6,2.47779999999984,4.6
CEMADEN,261618301C,2018,6915,0,0,0.2,1,4.41720000000005,8.2
CEMADEN,261618301C,2019,232,0,0,0,2.2,5.81460000000002,6.6
CEMADEN,261618301C,2022,694,0,0,0.2,1.8,3.04560000000001,3.6
CEMADEN,261618301C,2023,2328,0,0,0.2,0.4,1.46919999999991,2.2
CEMADEN,261618301C,2024,6387,0,0,0.2,1.2,5.92279999999992,13
CEMADEN,261618301C,2025,2855,0,0,0.4,1,2,2.2
CEMADEN,261630801A,2017,12026,0,0,0.39,1.38,4.91525000000007,9.75
CEMADEN,261630801A,2018,9753,0,0,0.59,2.45599999999991,6.49248,12.8
CEMADEN,261630801A,2019,9537,0,0,0.79,2.56,7.52856,12.2
CEMADEN,261630801A,2020,9601,0,0,0.39,1.97,6.17999999999993,17.07
CEMADEN,261630801A,2021,9780,0,0,0.39,1.38209999999999,4.96419999999991,13.23
CEMADEN,261630801A,2022,3273,0,0.2,1.96,4.38599999999995,9.02848000000003,11.29
CEMADEN,261630801A,2023,2881,0,0,0.42,2.00799999999997,5.54479999999997,7.13
CEMADEN,261630801A,2024,8951,0,0,0.39,1.77,5.37799999999945,8.95
CEMADEN,261630801A,2025,8674,0,0,0.59,2.17,9.34326999999999,15.77
CEMADEN,261630802A,2019,4261,0,0,0.79,2.02199999999995,7.28439999999977,13.05
CEMADEN,261630802A,2020,8706,0,0,0.59,2.16,8.38605000000001,14.95
CEMADEN,261630802A,2021,4859,0,0,0.39,0.98,3.37697999999997,5.41
CEMADEN,261630802A,2022,10341,0,0,0.79,2.56,7.73979999999992,15.39
CEMADEN,261630802A,2023,10150,0,0,0.59,1.77,4.92,9.35
CEMADEN,261630802A,2024,9353,0,0,0.59,2.16,8.92879999999954,12.81
CEMADEN,261630802A,2025,7877,0,0,0.79,2.36,6.1,12.6
CEMADEN,261640702A,2017,11429,0,0,0.39,1.37,4.24868000000002,10.78
CEMADEN,261640702A,2018,9441,0,0,0.2,1.38,4.3539999999998,6.69
CEMADEN,261640702A,2019,8429,0,0,0.59,1.77,5.73308000000005,12.82
CEMADEN,261640702A,2020,231,0,0,0,0.669999999999996,7.86170000000002,8.37
CEMADEN,261640702A,2021,7325,0,0,0.39,1.37,2.95,8.58
CEMADEN,261640702A,2022,8349,0,0,0.79,2.56,7.02736000000001,10.98
CEMADEN,261640702A,2023,10043,0,0,0.59,2.28019999999999,6.66522000000032,11.79
CEMADEN,261640702A,2024,9750,0,0,0.39,1.57,5.91506000000001,15.79
CEMADEN,261640702A,2025,8870,0,0,0.59,2.16,5.12,11.59
CEMADEN,261640703A,2017,10629,0,0,0.39,1.51679999999988,4.60067999999988,11.18
CEMADEN,261640703A,2018,8720,0,0,0,0,0,0
CEMADEN,261640703A,2019,8702,0,0,0.2,0.98,2.36,5.31
CEMADEN,261640703A,2020,8638,0,0,0,0.2,4.54416999999963,14.06
CEMADEN,261640703A,2021,9693,0,0,0.42,1.38,4.58851999999983,5.9
CEMADEN,261640703A,2022,5700,0,0,1.18,3.5401,8.73,10.8
CEMADEN,261640703A,2023,1045,0,0,0,0.515199999999991,3.08047999999985,3.35
CEMADEN,261640703A,2024,3252,0,0,0,0.42,1.37749,1.77
CEMADEN,261640703A,2025,9497,0,0,0.39,1.57,5.31,8.32
CEMADEN,261640704A,2017,12121,0,0,0.39,1.37,4.89599999999984,8.15
CEMADEN,261640704A,2018,9563,0,0,0.39,1.57,4.33,7.7
CEMADEN,261640704A,2019,9286,0,0,0.59,1.77,5.06300000000003,7.13
CEMADEN,261640704A,2020,9372,0,0,0.39,1.43509999999982,5.88111000000048,13.42
CEMADEN,261640704A,2021,9542,0,0,0.419499999999989,1.3759,4.13,16.99
CEMADEN,261640704A,2022,8091,0,0,0.79,2.56,8.73,250.5
CEMADEN,261640704A,2023,899,0,0,0,0.393999999999996,4.32453999999991,7.71
CEMADEN,261640704A,2024,3258,0,0,0,0.39,1.66976999999998,2.56
CEMADEN,261640704A,2025,10263,0,0,0.59,1.97,5.51,12.6
CEMADEN,261640705A,2017,717,0,0,0.59,1.97,3.82831999999999,4.53
CEMADEN,261640705A,2018,9263,0,0,0.79,2.56,7.25283999999989,11.38
CEMADEN,261640705A,2019,10012,0,0,0.79,2.16889999999999,5.30790999999992,8.94
CEMADEN,261640705A,2020,6819,0,0,0.42,1.33579999999994,3.18639999999996,6.93
CEMADEN,261640705A,2021,5925,0,0,0.98,2.17,7.40508000000001,13.43
CEMADEN,261640705A,2022,1070,0,0,0.79,2.68089999999998,5.41478000000006,5.9
CEMADEN,261650601A,2017,13246,0,0,0.79,2.16,6.1,10.67
CEMADEN,261650601A,2018,10196,0,0,0.59,2.16,5.93540000000008,9.4
CEMADEN,261650601A,2019,7739,0,0,0.98,2.36,6.85719999999983,16.46
CEMADEN,261650601A,2020,4965,0,0,0.42,1.57,3.74720000000001,7.36
CEMADEN,261650601A,2021,9802,0,0,0.79,2.76,8.52,39.02
CEMADEN,261650601A,2022,11257,0,0,1.18,3.15,7.82808000000019,15.36
CEMADEN,261650601A,2023,10544,0,0,0.98,2.87689999999995,8.20958000000032,19.54
CEMADEN,261650601A,2024,9896,0,0,0.79,1.97,5.94199999999983,24.46
CEMADEN,261650601A,2025,11033,0,0,0.79,2.36,5.51,9.36
CEMADEN,261650602A,2017,501,0,0,1.18,4.53,7.41,7.92
CEMADEN,261650602A,2018,10560,0,0,0.59,2.56,6.53646000000004,15.55
CEMADEN,261650602A,2019,10187,0,0,0.98,2.36,8.04374000000012,15.44
CEMADEN,261650602A,2020,7782,0,0,1.18,4.53759999999998,10.2138,18.31
CEMADEN,261650602A,2021,4696,0,0,0.59,1.97,5.09995000000017,6.69
CEMADEN,261650602A,2022,461,0,0,0.59,2.36,4.75940000000005,5.96
INMET,82753,2017,1095,0,0,0.829999999999996,9.81199999999999,59.9099999999982,81.1
INMET,82753,2018,1095,0,0,1.4,16.1779999999999,63.1607999999997,75
INMET,82753,2019,985,0,0,1.2,16.5839999999998,69.5951999999996,81.6
INMET,82753,2020,1079,0,0,2.30999999999999,18.0600000000001,40,121.4
INMET,82753,2021,774,0,0,1.33499999999999,15.181,73.8171999999999,76.6
INMET,82753,2023,2,0,0,0,0,0,0
INMET,82789,2017,608,0,0,7.4,20.2739999999999,43.5518000000004,51.2
INMET,82789,2018,166,0,0,13.85,30.66,34.169,34.4
INMET,82797,2017,1036,0,0,2.4,7.33000000000002,32.7559999999985,52
INMET,82797,2018,1036,0,0,1.8,9.2,67.0229999999982,76.2
INMET,82797,2019,942,0,0,3.98999999999999,11.318,20.9539999999998,26.6
INMET,82797,2020,693,0,0,4.8,19.3360000000002,77.9248,81.8
INMET,82797,2021,38,0,0,0,0.189000000000001,0.2889,0.3
INMET,82797,2023,4,0,0,0,0,0,0
INMET,82797,2025,182,0,0,0,0.219,0.381899999999999,0.4
INMET,82886,2017,899,0,0,0.8,5.61199999999999,24.8971999999995,41.6
INMET,82886,2018,745,0,0,0.559999999999991,15.9439999999999,43.9871999999998,48.6
INMET,82886,2019,690,0,0,1.2,12.798,23.8880000000003,29.4
INMET,82886,2020,628,0,0,4.13,19.6,58.7886000000009,70.2
INMET,82886,2021,628,0,0,3,19.898,62.2682000000002,64.4
INMET,82886,2022,593,0,0,4,21.432,117.7056,134.4
INMET,82886,2023,305,0,0,5.80000000000001,39.92,65.9584000000008,75.2
INMET,82890,2017,1003,0,0,3.96999999999999,12,22.3908000000002,23.8
INMET,82890,2018,1034,0,0,2.93499999999999,14.734,42.3657000000007,62.2
INMET,82890,2019,996,0,0,3,13.4599999999999,27.2499999999998,77
INMET,82890,2020,703,0,0,10,30.47,68.2608,75
INMET,82890,2021,468,0,0,5.59499999999999,23.924,62.2082000000003,69.4
INMET,82893,2017,586,0,0,9.8,27.075,52.5054999999999,53.5
INMET,82893,2018,582,0,0,5.56999999999996,16.914,29.6491999999999,33.6
INMET,82893,2019,562,0,0,6.8,18.692,31.4462999999999,32.4
INMET,82893,2020,54,0,0,3.37499999999999,8.492,10.2092,10.4
INMET,82900,2017,1090,0,0,11.4,29.1299999999997,60.3728000000003,72
INMET,82900,2018,1090,0,0,8.955,30.044,45.3995000000003,46.6
INMET,82900,2019,1003,0,0,11,29.384,77.5728000000007,107.7
INMET,82900,2020,686,0,0,11.35,29.43,68.4010000000003,72.1
INMET,82983,2017,1033,0,0,0,3,21.7504000000006,50
INMET,82983,2018,1032,0,0,0.6,8.73799999999999,26.2946000000002,41.4
INMET,82983,2019,1026,0,0,0,7.15,24.6649999999995,26.4
INMET,82983,2020,1059,0,0,0.8,15.968,42.3128000000001,49.6
INMET,82983,2021,778,0,0,0,5.20700000000002,53.6501999999997,59.4
INMET,A301,2017,8223,0,0,1.2,5.15599999999995,14.6668000000001,29.6
INMET,A301,2018,8292,0,0,0.8,4.21800000000003,15.2434000000019,29.2
INMET,A301,2019,8755,0,0,1.2,5.2,18.1967999999994,31.6
INMET,A301,2020,8776,0,0,0.8,4.4,15.1400000000009,41.8
INMET,A301,2021,7482,0,0,1.6,6.4,20.3190000000002,45.6
INMET,A307,2017,8760,0,0,0,0,4.49639999999999,18.4
INMET,A307,2018,6289,0,0,0,0.4,7.2816000000008,32
INMET,A307,2019,8760,0,0,0,0.4,5.8,24.6
INMET,A307,2020,8784,0,0,0,0.6,14.0868000000002,35
INMET,A307,2021,8760,0,0,0,0.8,14.1928,39.6
INMET,A307,2022,5328,0,0,0,0.8,10.0075999999997,26
INMET,A307,2023,5798,0,0,0,0.2,7.5684000000012,17.2
INMET,A307,2024,3407,0,0,0,0.2,3.83160000000007,9
INMET,A309,2017,8037,0,0,0.2,0.8,4.98559999999998,11.8
INMET,A309,2018,6600,0,0,0.2,1,6.2405999999999,14.8
INMET,A309,2019,7347,0,0,0.2,1.6,6.05399999999954,20
INMET,A309,2020,2900,0,0,0.4,4.80199999999995,19.129200000001,38.6
INMET,A309,2021,850,0,0,0,0.101999999999998,0.2,0.2
INMET,A309,2022,3766,0,0,0,1.4,15.847,36.6
INMET,A309,2023,8127,0,0,0.2,1.74799999999996,10,25.2
INMET,A309,2024,8250,0,0,0.2,1.8,10.7004000000001,22.8
INMET,A309,2025,7095,0,0,0.4,2.2,8.58119999999999,31.8
INMET,A322,2017,8264,0,0,0.8,2,5.89479999999967,11.6
INMET,A322,2018,7175,0,0,0.4,1.4,6.13040000000001,12.2
INMET,A322,2019,8760,0,0,0.4,1.6,4.8482,16.4
INMET,A322,2020,8784,0,0,0.6,2.2,13.1472000000009,45.8
INMET,A322,2021,5565,0,0,0.8,2.27199999999993,8.28719999999994,46
INMET,A322,2022,4955,0,0,1,4,12.4184000000001,25.6
INMET,A322,2023,7986,0,0,0.2,1.2,7.6,43.6
INMET,A328,2017,8722,0,0,0.2,1.4,5.05580000000009,33
INMET,A328,2018,6871,0,0,0,1,11.026,19.2
INMET,A328,2019,4416,0,0,0,0,0.2,0.2
INMET,A328,2020,628,0,0,0,0.2,1.09840000000004,1.6
INMET,A328,2021,3768,0,0,0,1,6.24660000000004,12.8
INMET,A328,2022,6806,0,0,0.2,1.8,9.67799999999988,15.2
INMET,A328,2023,7925,0,0,0.2,2,6.24560000000001,18.8
INMET,A328,2024,3255,0,0,0.4,2.4,6.2,13.6
INMET,A328,2025,2225,0,0,0,0.2,1,3.8
INMET,A329,2017,8712,0,0,0,0.4,4.05780000000013,25.4
INMET,A329,2018,8034,0,0,0,0.4,10.3867999999999,25.6
INMET,A329,2019,7489,0,0,0,0.6,7.40959999999977,46.8
INMET,A329,2020,8783,0,0,0,1,13.0436000000002,31.8
INMET,A329,2021,8251,0,0,0,0.6,9.6,20.4
INMET,A329,2022,3123,0,0,0,2.55599999999995,28.2532000000015,69.6
INMET,A329,2023,8759,0,0,0,0.6,13.1452000000001,34.8
INMET,A329,2024,8784,0,0,0,1.2,9.44340000000011,23.8
INMET,A329,2025,2157,0,0,0,2.6,21.2072000000002,31.8
INMET,A341,2017,4368,0,0,0,0.4,2.52659999999996,7.8
INMET,A341,2018,5432,0,0,0.2,1,3.16900000000042,12.4
INMET,A341,2019,7296,0,0,0.2,1.4,8.8,26.2
INMET,A341,2020,8784,0,0,0.4,1.03400000000001,4.64340000000011,8.8
INMET,A341,2021,595,0,0,0,0.6,1.04359999999997,1.4
INMET,A341,2022,3133,0,0,1.6,3.8,10.0679999999999,19
INMET,A341,2023,4495,0,0,0.8,2.2,4.30360000000019,16.6
INMET,A341,2024,3578,0,0,0,0.646000000000004,4.16139999999959,13.2
INMET,A341,2025,8754,0,0,1,2.8,7.29879999999976,25.8
INMET,A349,2017,8068,0,0,0,0.4,6.33299999999999,25.2
INMET,A349,2018,8013,0,0,0,0.6,10.1904000000002,30.2
INMET,A349,2019,3988,0,0,0,0,6.04679999999971,54.4
INMET,A349,2020,8784,0,0,0,1.8,13.9736000000004,66.4
INMET,A349,2021,8742,0,0,0,0.8,11.0518,46.8
INMET,A349,2022,7554,0,0,0,2,8.8,49.6
INMET,A349,2023,8760,0,0,0,0.8,7.68919999999998,22.2
INMET,A349,2024,3762,0,0,0.189999999999964,2.8,14.0868,28.4
INMET,A349,2025,8755,0,0,0,1,10.2395999999979,30
INMET,A350,2017,8760,0,0,0,1.6,14.4,31
INMET,A350,2018,7765,0,0,0,1.4,11.7303999999998,23.8
INMET,A350,2019,8760,0,0,0,1.8,14.2964,22.4
INMET,A350,2020,8784,0,0,0,2.8,24.1114000000023,45.6
INMET,A350,2021,4609,0,0,0,3.2,16.7567999999999,28.4
INMET,A350,2023,7322,0,0,0,1.4,18.5580000000002,43.8
INMET,A350,2024,6142,0,0,0.2,3,17.8642000000014,38.2
INMET,A350,2025,2515,0,0,0,1.2,11.2355999999994,21.2
INMET,A351,2017,7010,0,0,0,0.581999999999971,14.1694,88.2
INMET,A351,2018,8760,0,0,0,0.481999999999971,18.841,42.2
INMET,A351,2019,7990,0,0,0,0.8,6.62420000000093,24.4
INMET,A351,2020,8040,0,0,0.2,1.2,5.4,33.8
INMET,A351,2021,5709,0,0,0,0.2,1.05840000000007,2.8
INMET,A351,2022,3060,0,0,0,1.8,23.4807999999983,32.2
INMET,A351,2023,8760,0,0,0,0.4,8.8,21.2
INMET,A351,2024,8684,0,0,0,1.4,11.6633999999998,34.2
INMET,A357,2017,5406,0,0,1.4,5.78999999999996,15.9950000000003,21.2
INMET,A357,2018,7202,0,0,0.8,3.6,9.11959999999999,23.8
INMET,A357,2019,5745,0,0,0.2,0.6,3.45120000000006,17.2
INMET,A357,2020,741,0,0,0,0.2,0.703999999999996,1
INMET,A357,2021,2002,0,0,0.2,3.998,12.5982,21.2
INMET,A357,2022,2716,0,0,0,0,0,0
INMET,A357,2023,5451,0,0,1.2,4,11.51,26.6
INMET,A357,2024,5280,0,0,0.2,0.6,2.94419999999991,15
INMET,A357,2025,7293,0,0,1.2,4.6,11.6247999999998,14.2
INMET,A366,2017,7982,0,0,0,0.6,7.63420000000042,43.8
INMET,A366,2018,7710,0,0,0,1,11.8328000000001,42.6
INMET,A366,2019,7178,0,0,0,0.2,2,36.6
INMET,A366,2020,2080,0,0,0,0,0,0
INMET,A366,2021,1167,0,0,0,0,0,0
INMET,A366,2022,3009,0,0,0,2.36800000000003,18.5888000000003,33
INMET,A366,2023,4741,0,0,0,1.8,13.9040000000001,28
INMET,A366,2024,7367,0,0,0,2.26800000000003,12.7804,24.4
INMET,A366,2025,8130,0,0,0,0.6,8.6710000000001,48.4
INMET,A370,2017,2059,0,0,0,0.2,4.53040000000001,11.6
INMET,A370,2018,8699,0,0,0,1.4,14.7435999999994,43.8
INMET,A370,2019,7445,0,0,0,0.911999999999898,12.0447999999997,90
INMET,A370,2020,1886,0,0,0,0.4,3.86900000000001,5.8
INMET,A370,2021,2514,0,0,0,0.2,2.56360000000022,15.8
INMET,A370,2022,4514,0,0,0,1,16.4714000000002,41.6
INMET,A370,2023,8449,0,0,0,0.8,9.51039999999994,31.4
INMET,A370,2024,8418,0,0,0,0.4,10.5166000000001,36.2
INMET,A370,2025,8446,0,0,0,0.4,8.28800000000047,21.4
