arquivo,cod_estacao,nome_estacao,tipo_estacao,latitude,longitude,altitude_m,periodicidade_fonte,ano,variavel,coluna_detectada,n_registros,n_validos,n_ausentes,pct_validos,n_datas_com_registro,n_datas_com_valor,n_meses_com_valor,inicio_local,fim_local,minimo,p01,mediana,p99,maximo
dados_A301_H_2017-01-01_2021-11-11.csv,A301,RECIFE,AUTOMATICA,-8.05916666,-34.95916666,11.3,Horaria,2017,direcao_vento_graus,"VENTO, DIRECAO HORARIA (gr)(° (gr))",8760,8217,543,93.8013698630137,365,352,12,2017-01-01T03:00:00Z,2018-01-01T02:00:00Z,1,28.16,135,325,360
dados_A301_H_2017-01-01_2021-11-11.csv,A301,RECIFE,AUTOMATICA,-8.05916666,-34.95916666,11.3,Horaria,2017,pressao_estacao_hpa,"PRESSAO ATMOSFERICA AO NIVEL DA ESTACAO, HORARIA(mB)",8760,8224,536,93.8812785388128,365,352,12,2017-01-01T03:00:00Z,2018-01-01T02:00:00Z,1007.3,1008.6,1012.8,1018.2,1020.1
dados_A301_H_2017-01-01_2021-11-11.csv,A301,RECIFE,AUTOMATICA,-8.05916666,-34.95916666,11.3,Horaria,2017,temperatura_ar_c,"TEMPERATURA DO AR - BULBO SECO, HORARIA(°C)",8760,8224,536,93.8812785388128,365,352,12,2017-01-01T03:00:00Z,2018-01-01T02:00:00Z,18,20.6,25.8,31.7,33.3
dados_A301_H_2017-01-01_2021-11-11.csv,A301,RECIFE,AUTOMATICA,-8.05916666,-34.95916666,11.3,Horaria,2017,umidade_relativa_pct,"UMIDADE RELATIVA DO AR, HORARIA(%)",8760,8084,676,92.2831050228311,365,352,12,2017-01-01T03:00:00Z,2018-01-01T02:00:00Z,38,51,78,100,100
dados_A301_H_2017-01-01_2021-11-11.csv,A301,RECIFE,AUTOMATICA,-8.05916666,-34.95916666,11.3,Horaria,2017,velocidade_vento_ms,"VENTO, VELOCIDADE HORARIA(m/s)",8760,8218,542,93.8127853881278,365,352,12,2017-01-01T03:00:00Z,2018-01-01T02:00:00Z,0.1,0.2,1.7,3.6,4.2
dados_A301_H_2017-01-01_2021-11-11.csv,A301,RECIFE,AUTOMATICA,-8.05916666,-34.95916666,11.3,Horaria,2018,direcao_vento_graus,"VENTO, DIRECAO HORARIA (gr)(° (gr))",8760,8290,470,94.634703196347,365,351,12,2018-01-01T03:00:00Z,2019-01-01T02:00:00Z,1,22.89,136,332,360
dados_A301_H_2017-01-01_2021-11-11.csv,A301,RECIFE,AUTOMATICA,-8.05916666,-34.95916666,11.3,Horaria,2018,pressao_estacao_hpa,"PRESSAO ATMOSFERICA AO NIVEL DA ESTACAO, HORARIA(mB)",8760,8292,468,94.6575342465753,365,351,12,2018-01-01T03:00:00Z,2019-01-01T02:00:00Z,1006,1008,1013,1018.2,1019.9
dados_A301_H_2017-01-01_2021-11-11.csv,A301,RECIFE,AUTOMATICA,-8.05916666,-34.95916666,11.3,Horaria,2018,temperatura_ar_c,"TEMPERATURA DO AR - BULBO SECO, HORARIA(°C)",8760,8292,468,94.6575342465753,365,351,12,2018-01-01T03:00:00Z,2019-01-01T02:00:00Z,18.6,20,25.7,31.6,33.1
dados_A301_H_2017-01-01_2021-11-11.csv,A301,RECIFE,AUTOMATICA,-8.05916666,-34.95916666,11.3,Horaria,2018,umidade_relativa_pct,"UMIDADE RELATIVA DO AR, HORARIA(%)",8760,8292,468,94.6575342465753,365,351,12,2018-01-01T03:00:00Z,2019-01-01T02:00:00Z,39,50,76,93,95
dados_A301_H_2017-01-01_2021-11-11.csv,A301,RECIFE,AUTOMATICA,-8.05916666,-34.95916666,11.3,Horaria,2018,velocidade_vento_ms,"VENTO, VELOCIDADE HORARIA(m/s)",8760,8290,470,94.634703196347,365,351,12,2018-01-01T03:00:00Z,2019-01-01T02:00:00Z,0.1,0.2,1.5,3.4,4.3
dados_A301_H_2017-01-01_2021-11-11.csv,A301,RECIFE,AUTOMATICA,-8.05916666,-34.95916666,11.3,Horaria,2019,direcao_vento_graus,"VENTO, DIRECAO HORARIA (gr)(° (gr))",8760,5113,3647,58.3675799086758,365,232,8,2019-01-01T03:00:00Z,2020-01-01T02:00:00Z,1,20,147,341,360
dados_A301_H_2017-01-01_2021-11-11.csv,A301,RECIFE,AUTOMATICA,-8.05916666,-34.95916666,11.3,Horaria,2019,pressao_estacao_hpa,"PRESSAO ATMOSFERICA AO NIVEL DA ESTACAO, HORARIA(mB)",8760,8755,5,99.9429223744292,365,365,12,2019-01-01T03:00:00Z,2020-01-01T02:00:00Z,1006,1008.6,1012.7,1018.446,1020.1
dados_A301_H_2017-01-01_2021-11-11.csv,A301,RECIFE,AUTOMATICA,-8.05916666,-34.95916666,11.3,Horaria,2019,temperatura_ar_c,"TEMPERATURA DO AR - BULBO SECO, HORARIA(°C)",8760,8755,5,99.9429223744292,365,365,12,2019-01-01T03:00:00Z,2020-01-01T02:00:00Z,18.6,20.3,25.7,31.9,34.4
dados_A301_H_2017-01-01_2021-11-11.csv,A301,RECIFE,AUTOMATICA,-8.05916666,-34.95916666,11.3,Horaria,2019,umidade_relativa_pct,"UMIDADE RELATIVA DO AR, HORARIA(%)",8760,8755,5,99.9429223744292,365,365,12,2019-01-01T03:00:00Z,2020-01-01T02:00:00Z,40,50,78,93,94
dados_A301_H_2017-01-01_2021-11-11.csv,A301,RECIFE,AUTOMATICA,-8.05916666,-34.95916666,11.3,Horaria,2019,velocidade_vento_ms,"VENTO, VELOCIDADE HORARIA(m/s)",8760,5113,3647,58.3675799086758,365,232,8,2019-01-01T03:00:00Z,2020-01-01T02:00:00Z,0.1,0.2,1.1,3.3,4.1
dados_A301_H_2017-01-01_2021-11-11.csv,A301,RECIFE,AUTOMATICA,-8.05916666,-34.95916666,11.3,Horaria,2020,direcao_vento_graus,"VENTO, DIRECAO HORARIA (gr)(° (gr))",8784,877,7907,9.98406193078324,366,37,2,2020-01-01T03:00:00Z,2021-01-01T02:00:00Z,4,50.52,108,286.2,348
dados_A301_H_2017-01-01_2021-11-11.csv,A301,RECIFE,AUTOMATICA,-8.05916666,-34.95916666,11.3,Horaria,2020,pressao_estacao_hpa,"PRESSAO ATMOSFERICA AO NIVEL DA ESTACAO, HORARIA(mB)",8784,8776,8,99.9089253187614,366,366,12,2020-01-01T03:00:00Z,2021-01-01T02:00:00Z,1006.7,1008.5,1012.5,1017.5,1019.7
dados_A301_H_2017-01-01_2021-11-11.csv,A301,RECIFE,AUTOMATICA,-8.05916666,-34.95916666,11.3,Horaria,2020,temperatura_ar_c,"TEMPERATURA DO AR - BULBO SECO, HORARIA(°C)",8784,8776,8,99.9089253187614,366,366,12,2020-01-01T03:00:00Z,2021-01-01T02:00:00Z,18.2,20.5,26.1,32.2,34.3
dados_A301_H_2017-01-01_2021-11-11.csv,A301,RECIFE,AUTOMATICA,-8.05916666,-34.95916666,11.3,Horaria,2020,umidade_relativa_pct,"UMIDADE RELATIVA DO AR, HORARIA(%)",8784,8776,8,99.9089253187614,366,366,12,2020-01-01T03:00:00Z,2021-01-01T02:00:00Z,40,50,76,93,94
dados_A301_H_2017-01-01_2021-11-11.csv,A301,RECIFE,AUTOMATICA,-8.05916666,-34.95916666,11.3,Horaria,2020,velocidade_vento_ms,"VENTO, VELOCIDADE HORARIA(m/s)",8784,877,7907,9.98406193078324,366,37,2,2020-01-01T03:00:00Z,2021-01-01T02:00:00Z,0.2,0.3,1.9,3.5,3.7
dados_A301_H_2017-01-01_2021-11-11.csv,A301,RECIFE,AUTOMATICA,-8.05916666,-34.95916666,11.3,Horaria,2021,direcao_vento_graus,"VENTO, DIRECAO HORARIA (gr)(° (gr))",7557,7540,17,99.7750430064841,315,315,11,2021-01-01T03:00:00Z,2021-11-11T23:00:00Z,1,30.39,142,330.61,360
dados_A301_H_2017-01-01_2021-11-11.csv,A301,RECIFE,AUTOMATICA,-8.05916666,-34.95916666,11.3,Horaria,2021,pressao_estacao_hpa,"PRESSAO ATMOSFERICA AO NIVEL DA ESTACAO, HORARIA(mB)",7557,7541,16,99.7882757708085,315,315,11,2021-01-01T03:00:00Z,2021-11-11T23:00:00Z,1006.5,1008.3,1012.5,1018.4,1020.5
dados_A301_H_2017-01-01_2021-11-11.csv,A301,RECIFE,AUTOMATICA,-8.05916666,-34.95916666,11.3,Horaria,2021,temperatura_ar_c,"TEMPERATURA DO AR - BULBO SECO, HORARIA(°C)",7557,7541,16,99.7882757708085,315,315,11,2021-01-01T03:00:00Z,2021-11-11T23:00:00Z,18.8,20.6,25.5,31.9,33.8
dados_A301_H_2017-01-01_2021-11-11.csv,A301,RECIFE,AUTOMATICA,-8.05916666,-34.95916666,11.3,Horaria,2021,umidade_relativa_pct,"UMIDADE RELATIVA DO AR, HORARIA(%)",7557,7432,125,98.3459044594416,315,315,11,2021-01-01T03:00:00Z,2021-11-11T23:00:00Z,40,51,82,100,100
dados_A301_H_2017-01-01_2021-11-11.csv,A301,RECIFE,AUTOMATICA,-8.05916666,-34.95916666,11.3,Horaria,2021,velocidade_vento_ms,"VENTO, VELOCIDADE HORARIA(m/s)",7557,7540,17,99.7750430064841,315,315,11,2021-01-01T03:00:00Z,2021-11-11T23:00:00Z,0.1,0.2,1.3,3.2,3.8
dados_A307_H_2017-01-01_2025-12-31.csv,A307,PETROLINA,AUTOMATICA,-9.38833333,-40.52333332,372.72,Horaria,2017,direcao_vento_graus,"VENTO, DIRECAO HORARIA (gr)(° (gr))",8760,8760,0,100,365,365,12,2017-01-01T03:00:00Z,2018-01-01T02:00:00Z,1,42.59,127,287,360
dados_A307_H_2017-01-01_2025-12-31.csv,A307,PETROLINA,AUTOMATICA,-9.38833333,-40.52333332,372.72,Horaria,2017,pressao_estacao_hpa,"PRESSAO ATMOSFERICA AO NIVEL DA ESTACAO, HORARIA(mB)",8760,8760,0,100,365,365,12,2017-01-01T03:00:00Z,2018-01-01T02:00:00Z,962.9,964.9,971.2,978.2,980.1
dados_A307_H_2017-01-01_2025-12-31.csv,A307,PETROLINA,AUTOMATICA,-9.38833333,-40.52333332,372.72,Horaria,2017,temperatura_ar_c,"TEMPERATURA DO AR - BULBO SECO, HORARIA(°C)",8760,8760,0,100,365,365,12,2017-01-01T03:00:00Z,2018-01-01T02:00:00Z,17.6,19.5,27,35.7,39
dados_A307_H_2017-01-01_2025-12-31.csv,A307,PETROLINA,AUTOMATICA,-9.38833333,-40.52333332,372.72,Horaria,2017,umidade_relativa_pct,"UMIDADE RELATIVA DO AR, HORARIA(%)",8760,8760,0,100,365,365,12,2017-01-01T03:00:00Z,2018-01-01T02:00:00Z,15,22,50,82,88
dados_A307_H_2017-01-01_2025-12-31.csv,A307,PETROLINA,AUTOMATICA,-9.38833333,-40.52333332,372.72,Horaria,2017,velocidade_vento_ms,"VENTO, VELOCIDADE HORARIA(m/s)",8760,8760,0,100,365,365,12,2017-01-01T03:00:00Z,2018-01-01T02:00:00Z,0,0.7,3.8,6.7,8.8
dados_A307_H_2017-01-01_2025-12-31.csv,A307,PETROLINA,AUTOMATICA,-9.38833333,-40.52333332,372.72,Horaria,2018,direcao_vento_graus,"VENTO, DIRECAO HORARIA (gr)(° (gr))",8760,6412,2348,73.1963470319635,365,299,11,2018-01-01T03:00:00Z,2019-01-01T02:00:00Z,1,23.11,124,323.780000000001,360
dados_A307_H_2017-01-01_2025-12-31.csv,A307,PETROLINA,AUTOMATICA,-9.38833333,-40.52333332,372.72,Horaria,2018,pressao_estacao_hpa,"PRESSAO ATMOSFERICA AO NIVEL DA ESTACAO, HORARIA(mB)",8760,6414,2346,73.2191780821918,365,299,11,2018-01-01T03:00:00Z,2019-01-01T02:00:00Z,962.5,964.7,970.7,977.4,978.9
dados_A307_H_2017-01-01_2025-12-31.csv,A307,PETROLINA,AUTOMATICA,-9.38833333,-40.52333332,372.72,Horaria,2018,temperatura_ar_c,"TEMPERATURA DO AR - BULBO SECO, HORARIA(°C)",8760,6414,2346,73.2191780821918,365,299,11,2018-01-01T03:00:00Z,2019-01-01T02:00:00Z,18.4,20.213,27.6,35.3,40.9
dados_A307_H_2017-01-01_2025-12-31.csv,A307,PETROLINA,AUTOMATICA,-9.38833333,-40.52333332,372.72,Horaria,2018,umidade_relativa_pct,"UMIDADE RELATIVA DO AR, HORARIA(%)",8760,6412,2348,73.1963470319635,365,299,11,2018-01-01T03:00:00Z,2019-01-01T02:00:00Z,15,22,48,84,89
dados_A307_H_2017-01-01_2025-12-31.csv,A307,PETROLINA,AUTOMATICA,-9.38833333,-40.52333332,372.72,Horaria,2018,velocidade_vento_ms,"VENTO, VELOCIDADE HORARIA(m/s)",8760,6412,2348,73.1963470319635,365,299,11,2018-01-01T03:00:00Z,2019-01-01T02:00:00Z,0,0.5,3.5,6.1,8.1
dados_A307_H_2017-01-01_2025-12-31.csv,A307,PETROLINA,AUTOMATICA,-9.38833333,-40.52333332,372.72,Horaria,2019,direcao_vento_graus,"VENTO, DIRECAO HORARIA (gr)(° (gr))",8760,8760,0,100,365,365,12,2019-01-01T03:00:00Z,2020-01-01T02:00:00Z,1,22,126,321,360
dados_A307_H_2017-01-01_2025-12-31.csv,A307,PETROLINA,AUTOMATICA,-9.38833333,-40.52333332,372.72,Horaria,2019,pressao_estacao_hpa,"PRESSAO ATMOSFERICA AO NIVEL DA ESTACAO, HORARIA(mB)",8760,8760,0,100,365,365,12,2019-01-01T03:00:00Z,2020-01-01T02:00:00Z,962,965.1,971.1,978,979.7
dados_A307_H_2017-01-01_2025-12-31.csv,A307,PETROLINA,AUTOMATICA,-9.38833333,-40.52333332,372.72,Horaria,2019,temperatura_ar_c,"TEMPERATURA DO AR - BULBO SECO, HORARIA(°C)",8760,8760,0,100,365,365,12,2019-01-01T03:00:00Z,2020-01-01T02:00:00Z,18,20.2,27.5,35.9,38.7
dados_A307_H_2017-01-01_2025-12-31.csv,A307,PETROLINA,AUTOMATICA,-9.38833333,-40.52333332,372.72,Horaria,2019,umidade_relativa_pct,"UMIDADE RELATIVA DO AR, HORARIA(%)",8760,8760,0,100,365,365,12,2019-01-01T03:00:00Z,2020-01-01T02:00:00Z,13,19,50,84,89
dados_A307_H_2017-01-01_2025-12-31.csv,A307,PETROLINA,AUTOMATICA,-9.38833333,-40.52333332,372.72,Horaria,2019,velocidade_vento_ms,"VENTO, VELOCIDADE HORARIA(m/s)",8760,8760,0,100,365,365,12,2019-01-01T03:00:00Z,2020-01-01T02:00:00Z,0,0.5,3.6,6.2,10.2
dados_A307_H_2017-01-01_2025-12-31.csv,A307,PETROLINA,AUTOMATICA,-9.38833333,-40.52333332,372.72,Horaria,2020,direcao_vento_graus,"VENTO, DIRECAO HORARIA (gr)(° (gr))",8784,8784,0,100,366,366,12,2020-01-01T03:00:00Z,2021-01-01T02:00:00Z,1,16,129,341.17,360
dados_A307_H_2017-01-01_2025-12-31.csv,A307,PETROLINA,AUTOMATICA,-9.38833333,-40.52333332,372.72,Horaria,2020,pressao_estacao_hpa,"PRESSAO ATMOSFERICA AO NIVEL DA ESTACAO, HORARIA(mB)",8784,8784,0,100,366,366,12,2020-01-01T03:00:00Z,2021-01-01T02:00:00Z,963.3,965.8,971.3,977.317,980.1
dados_A307_H_2017-01-01_2025-12-31.csv,A307,PETROLINA,AUTOMATICA,-9.38833333,-40.52333332,372.72,Horaria,2020,temperatura_ar_c,"TEMPERATURA DO AR - BULBO SECO, HORARIA(°C)",8784,8784,0,100,366,366,12,2020-01-01T03:00:00Z,2021-01-01T02:00:00Z,17.9,19.6,26.6,35,37
dados_A307_H_2017-01-01_2025-12-31.csv,A307,PETROLINA,AUTOMATICA,-9.38833333,-40.52333332,372.72,Horaria,2020,umidade_relativa_pct,"UMIDADE RELATIVA DO AR, HORARIA(%)",8784,8784,0,100,366,366,12,2020-01-01T03:00:00Z,2021-01-01T02:00:00Z,14,22.83,58,87,93
dados_A307_H_2017-01-01_2025-12-31.csv,A307,PETROLINA,AUTOMATICA,-9.38833333,-40.52333332,372.72,Horaria,2020,velocidade_vento_ms,"VENTO, VELOCIDADE HORARIA(m/s)",8784,8784,0,100,366,366,12,2020-01-01T03:00:00Z,2021-01-01T02:00:00Z,0,0.1,3.4,6.1,8.1
dados_A307_H_2017-01-01_2025-12-31.csv,A307,PETROLINA,AUTOMATICA,-9.38833333,-40.52333332,372.72,Horaria,2021,direcao_vento_graus,"VENTO, DIRECAO HORARIA (gr)(° (gr))",8760,8760,0,100,365,365,12,2021-01-01T03:00:00Z,2022-01-01T02:00:00Z,1,19,129,329,360
dados_A307_H_2017-01-01_2025-12-31.csv,A307,PETROLINA,AUTOMATICA,-9.38833333,-40.52333332,372.72,Horaria,2021,pressao_estacao_hpa,"PRESSAO ATMOSFERICA AO NIVEL DA ESTACAO, HORARIA(mB)",8760,8760,0,100,365,365,12,2021-01-01T03:00:00Z,2022-01-01T02:00:00Z,962.5,965.2,970.8,978.3,980.7
dados_A307_H_2017-01-01_2025-12-31.csv,A307,PETROLINA,AUTOMATICA,-9.38833333,-40.52333332,372.72,Horaria,2021,temperatura_ar_c,"TEMPERATURA DO AR - BULBO SECO, HORARIA(°C)",8760,8760,0,100,365,365,12,2021-01-01T03:00:00Z,2022-01-01T02:00:00Z,17.6,19.859,26.6,35.1,37.9
dados_A307_H_2017-01-01_2025-12-31.csv,A307,PETROLINA,AUTOMATICA,-9.38833333,-40.52333332,372.72,Horaria,2021,umidade_relativa_pct,"UMIDADE RELATIVA DO AR, HORARIA(%)",8760,8760,0,100,365,365,12,2021-01-01T03:00:00Z,2022-01-01T02:00:00Z,12,24,56,89,93
dados_A307_H_2017-01-01_2025-12-31.csv,A307,PETROLINA,AUTOMATICA,-9.38833333,-40.52333332,372.72,Horaria,2021,velocidade_vento_ms,"VENTO, VELOCIDADE HORARIA(m/s)",8760,8760,0,100,365,365,12,2021-01-01T03:00:00Z,2022-01-01T02:00:00Z,0,0,2.9,6,7.5
dados_A307_H_2017-01-01_2025-12-31.csv,A307,PETROLINA,AUTOMATICA,-9.38833333,-40.52333332,372.72,Horaria,2022,direcao_vento_graus,"VENTO, DIRECAO HORARIA (gr)(° (gr))",8760,5328,3432,60.8219178082192,365,222,8,2022-01-01T03:00:00Z,2023-01-01T02:00:00Z,1,19,131,344,360
dados_A307_H_2017-01-01_2025-12-31.csv,A307,PETROLINA,AUTOMATICA,-9.38833333,-40.52333332,372.72,Horaria,2022,pressao_estacao_hpa,"PRESSAO ATMOSFERICA AO NIVEL DA ESTACAO, HORARIA(mB)",8760,5328,3432,60.8219178082192,365,222,8,2022-01-01T03:00:00Z,2023-01-01T02:00:00Z,964.1,965.7,971,976.6,978
dados_A307_H_2017-01-01_2025-12-31.csv,A307,PETROLINA,AUTOMATICA,-9.38833333,-40.52333332,372.72,Horaria,2022,temperatura_ar_c,"TEMPERATURA DO AR - BULBO SECO, HORARIA(°C)",8760,5328,3432,60.8219178082192,365,222,8,2022-01-01T03:00:00Z,2023-01-01T02:00:00Z,17.9,19.5,25.8,33.7,35.7
dados_A307_H_2017-01-01_2025-12-31.csv,A307,PETROLINA,AUTOMATICA,-9.38833333,-40.52333332,372.72,Horaria,2022,umidade_relativa_pct,"UMIDADE RELATIVA DO AR, HORARIA(%)",8760,5328,3432,60.8219178082192,365,222,8,2022-01-01T03:00:00Z,2023-01-01T02:00:00Z,20,29,62,91,92
dados_A307_H_2017-01-01_2025-12-31.csv,A307,PETROLINA,AUTOMATICA,-9.38833333,-40.52333332,372.72,Horaria,2022,velocidade_vento_ms,"VENTO, VELOCIDADE HORARIA(m/s)",8760,5328,3432,60.8219178082192,365,222,8,2022-01-01T03:00:00Z,2023-01-01T02:00:00Z,0,0,3.1,5.9,9.3
dados_A307_H_2017-01-01_2025-12-31.csv,A307,PETROLINA,AUTOMATICA,-9.38833333,-40.52333332,372.72,Horaria,2023,direcao_vento_graus,"VENTO, DIRECAO HORARIA (gr)(° (gr))",8760,5797,2963,66.175799086758,365,243,8,2023-01-01T03:00:00Z,2024-01-01T02:00:00Z,2,31.92,130,269,360
dados_A307_H_2017-01-01_2025-12-31.csv,A307,PETROLINA,AUTOMATICA,-9.38833333,-40.52333332,372.72,Horaria,2023,pressao_estacao_hpa,"PRESSAO ATMOSFERICA AO NIVEL DA ESTACAO, HORARIA(mB)",8760,5798,2962,66.1872146118722,365,243,8,2023-01-01T03:00:00Z,2024-01-01T02:00:00Z,962.6,964.7,971.7,977.803,979.8
dados_A307_H_2017-01-01_2025-12-31.csv,A307,PETROLINA,AUTOMATICA,-9.38833333,-40.52333332,372.72,Horaria,2023,temperatura_ar_c,"TEMPERATURA DO AR - BULBO SECO, HORARIA(°C)",8760,5798,2962,66.1872146118722,365,243,8,2023-01-01T03:00:00Z,2024-01-01T02:00:00Z,18.1,20,27.2,36.5,38.5
dados_A307_H_2017-01-01_2025-12-31.csv,A307,PETROLINA,AUTOMATICA,-9.38833333,-40.52333332,372.72,Horaria,2023,umidade_relativa_pct,"UMIDADE RELATIVA DO AR, HORARIA(%)",8760,5798,2962,66.1872146118722,365,243,8,2023-01-01T03:00:00Z,2024-01-01T02:00:00Z,14,20,55,90,98
dados_A307_H_2017-01-01_2025-12-31.csv,A307,PETROLINA,AUTOMATICA,-9.38833333,-40.52333332,372.72,Horaria,2023,velocidade_vento_ms,"VENTO, VELOCIDADE HORARIA(m/s)",8760,5797,2963,66.175799086758,365,243,8,2023-01-01T03:00:00Z,2024-01-01T02:00:00Z,0.1,0.8,3.4,5.8,9.3
dados_A307_H_2017-01-01_2025-12-31.csv,A307,PETROLINA,AUTOMATICA,-9.38833333,-40.52333332,372.72,Horaria,2024,direcao_vento_graus,"VENTO, DIRECAO HORARIA (gr)(° (gr))",8784,3480,5304,39.6174863387978,366,160,9,2024-01-01T03:00:00Z,2025-01-01T02:00:00Z,1,31,132,325.21,360
dados_A307_H_2017-01-01_2025-12-31.csv,A307,PETROLINA,AUTOMATICA,-9.38833333,-40.52333332,372.72,Horaria,2024,pressao_estacao_hpa,"PRESSAO ATMOSFERICA AO NIVEL DA ESTACAO, HORARIA(mB)",8784,3480,5304,39.6174863387978,366,160,9,2024-01-01T03:00:00Z,2025-01-01T02:00:00Z,965.3,966.3,971.4,977.1,979
dados_A307_H_2017-01-01_2025-12-31.csv,A307,PETROLINA,AUTOMATICA,-9.38833333,-40.52333332,372.72,Horaria,2024,temperatura_ar_c,"TEMPERATURA DO AR - BULBO SECO, HORARIA(°C)",8784,3480,5304,39.6174863387978,366,160,9,2024-01-01T03:00:00Z,2025-01-01T02:00:00Z,18.2,19.979,26.8,34.7,36.9
dados_A307_H_2017-01-01_2025-12-31.csv,A307,PETROLINA,AUTOMATICA,-9.38833333,-40.52333332,372.72,Horaria,2024,umidade_relativa_pct,"UMIDADE RELATIVA DO AR, HORARIA(%)",8784,3476,5308,39.5719489981785,366,160,9,2024-01-01T03:00:00Z,2025-01-01T02:00:00Z,18,24,62,93,98
dados_A307_H_2017-01-01_2025-12-31.csv,A307,PETROLINA,AUTOMATICA,-9.38833333,-40.52333332,372.72,Horaria,2024,velocidade_vento_ms,"VENTO, VELOCIDADE HORARIA(m/s)",8784,3480,5304,39.6174863387978,366,160,9,2024-01-01T03:00:00Z,2025-01-01T02:00:00Z,0.2,0.9,3.3,5.8,7.2
dados_A307_H_2017-01-01_2025-12-31.csv,A307,PETROLINA,AUTOMATICA,-9.38833333,-40.52333332,372.72,Horaria,2025,direcao_vento_graus,"VENTO, DIRECAO HORARIA (gr)(° (gr))",8757,0,8757,0,365,0,0,2025-01-01T03:00:00Z,2025-12-31T23:00:00Z,,,,,
dados_A307_H_2017-01-01_2025-12-31.csv,A307,PETROLINA,AUTOMATICA,-9.38833333,-40.52333332,372.72,Horaria,2025,pressao_estacao_hpa,"PRESSAO ATMOSFERICA AO NIVEL DA ESTACAO, HORARIA(mB)",8757,0,8757,0,365,0,0,2025-01-01T03:00:00Z,2025-12-31T23:00:00Z,,,,,
dados_A307_H_2017-01-01_2025-12-31.csv,A307,PETROLINA,AUTOMATICA,-9.38833333,-40.52333332,372.72,Horaria,2025,temperatura_ar_c,"TEMPERATURA DO AR - BULBO SECO, HORARIA(°C)",8757,0,8757,0,365,0,0,2025-01-01T03:00:00Z,2025-12-31T23:00:00Z,,,,,
dados_A307_H_2017-01-01_2025-12-31.csv,A307,PETROLINA,AUTOMATICA,-9.38833333,-40.52333332,372.72,Horaria,2025,umidade_relativa_pct,"UMIDADE RELATIVA DO AR, HORARIA(%)",8757,0,8757,0,365,0,0,2025-01-01T03:00:00Z,2025-12-31T23:00:00Z,,,,,
dados_A307_H_2017-01-01_2025-12-31.csv,A307,PETROLINA,AUTOMATICA,-9.38833333,-40.52333332,372.72,Horaria,2025,velocidade_vento_ms,"VENTO, VELOCIDADE HORARIA(m/s)",8757,0,8757,0,365,0,0,2025-01-01T03:00:00Z,2025-12-31T23:00:00Z,,,,,
dados_A309_H_2017-01-01_2025-12-31.csv,A309,ARCO VERDE,AUTOMATICA,-8.4336111,-37.05555555,683.95,Horaria,2017,direcao_vento_graus,"VENTO, DIRECAO HORARIA (gr)(° (gr))",8760,8760,0,100,365,365,12,2017-01-01T03:00:00Z,2018-01-01T02:00:00Z,1,37.59,139,221.82,360
dados_A309_H_2017-01-01_2025-12-31.csv,A309,ARCO VERDE,AUTOMATICA,-8.4336111,-37.05555555,683.95,Horaria,2017,pressao_estacao_hpa,"PRESSAO ATMOSFERICA AO NIVEL DA ESTACAO, HORARIA(mB)",8760,8760,0,100,365,365,12,2017-01-01T03:00:00Z,2018-01-01T02:00:00Z,931.1,932.6,937.8,943.1,944.5
dados_A309_H_2017-01-01_2025-12-31.csv,A309,ARCO VERDE,AUTOMATICA,-8.4336111,-37.05555555,683.95,Horaria,2017,temperatura_ar_c,"TEMPERATURA DO AR - BULBO SECO, HORARIA(°C)",8760,8760,0,100,365,365,12,2017-01-01T03:00:00Z,2018-01-01T02:00:00Z,14.5,16.7,22.5,33.6,36.3
dados_A309_H_2017-01-01_2025-12-31.csv,A309,ARCO VERDE,AUTOMATICA,-8.4336111,-37.05555555,683.95,Horaria,2017,umidade_relativa_pct,"UMIDADE RELATIVA DO AR, HORARIA(%)",8760,8760,0,100,365,365,12,2017-01-01T03:00:00Z,2018-01-01T02:00:00Z,15,25,74,93,94
dados_A309_H_2017-01-01_2025-12-31.csv,A309,ARCO VERDE,AUTOMATICA,-8.4336111,-37.05555555,683.95,Horaria,2017,velocidade_vento_ms,"VENTO, VELOCIDADE HORARIA(m/s)",8760,8760,0,100,365,365,12,2017-01-01T03:00:00Z,2018-01-01T02:00:00Z,0,0.3,3.7,6.9,9.9
dados_A309_H_2017-01-01_2025-12-31.csv,A309,ARCO VERDE,AUTOMATICA,-8.4336111,-37.05555555,683.95,Horaria,2018,direcao_vento_graus,"VENTO, DIRECAO HORARIA (gr)(° (gr))",8760,8760,0,100,365,365,12,2018-01-01T03:00:00Z,2019-01-01T02:00:00Z,1,23,133.5,324,360
dados_A309_H_2017-01-01_2025-12-31.csv,A309,ARCO VERDE,AUTOMATICA,-8.4336111,-37.05555555,683.95,Horaria,2018,pressao_estacao_hpa,"PRESSAO ATMOSFERICA AO NIVEL DA ESTACAO, HORARIA(mB)",8760,8760,0,100,365,365,12,2018-01-01T03:00:00Z,2019-01-01T02:00:00Z,930.4,932.5,937.8,942.9,944.6
dados_A309_H_2017-01-01_2025-12-31.csv,A309,ARCO VERDE,AUTOMATICA,-8.4336111,-37.05555555,683.95,Horaria,2018,temperatura_ar_c,"TEMPERATURA DO AR - BULBO SECO, HORARIA(°C)",8760,8760,0,100,365,365,12,2018-01-01T03:00:00Z,2019-01-01T02:00:00Z,13.1,16.6,22.6,33.3,35.9
dados_A309_H_2017-01-01_2025-12-31.csv,A309,ARCO VERDE,AUTOMATICA,-8.4336111,-37.05555555,683.95,Horaria,2018,umidade_relativa_pct,"UMIDADE RELATIVA DO AR, HORARIA(%)",8760,8760,0,100,365,365,12,2018-01-01T03:00:00Z,2019-01-01T02:00:00Z,18,25,74,92,94
dados_A309_H_2017-01-01_2025-12-31.csv,A309,ARCO VERDE,AUTOMATICA,-8.4336111,-37.05555555,683.95,Horaria,2018,velocidade_vento_ms,"VENTO, VELOCIDADE HORARIA(m/s)",8760,8760,0,100,365,365,12,2018-01-01T03:00:00Z,2019-01-01T02:00:00Z,0,0.1,3.4,6.5,10
dados_A309_H_2017-01-01_2025-12-31.csv,A309,ARCO VERDE,AUTOMATICA,-8.4336111,-37.05555555,683.95,Horaria,2019,direcao_vento_graus,"VENTO, DIRECAO HORARIA (gr)(° (gr))",8760,8760,0,100,365,365,12,2019-01-01T03:00:00Z,2020-01-01T02:00:00Z,1,25,133,330,360
dados_A309_H_2017-01-01_2025-12-31.csv,A309,ARCO VERDE,AUTOMATICA,-8.4336111,-37.05555555,683.95,Horaria,2019,pressao_estacao_hpa,"PRESSAO ATMOSFERICA AO NIVEL DA ESTACAO, HORARIA(mB)",8760,8760,0,100,365,365,12,2019-01-01T03:00:00Z,2020-01-01T02:00:00Z,930.1,932.9,937.8,943.3,944.7
dados_A309_H_2017-01-01_2025-12-31.csv,A309,ARCO VERDE,AUTOMATICA,-8.4336111,-37.05555555,683.95,Horaria,2019,temperatura_ar_c,"TEMPERATURA DO AR - BULBO SECO, HORARIA(°C)",8760,8760,0,100,365,365,12,2019-01-01T03:00:00Z,2020-01-01T02:00:00Z,13.5,16.759,23,33.6,36.6
dados_A309_H_2017-01-01_2025-12-31.csv,A309,ARCO VERDE,AUTOMATICA,-8.4336111,-37.05555555,683.95,Horaria,2019,umidade_relativa_pct,"UMIDADE RELATIVA DO AR, HORARIA(%)",8760,8760,0,100,365,365,12,2019-01-01T03:00:00Z,2020-01-01T02:00:00Z,13,23,74,93,95
dados_A309_H_2017-01-01_2025-12-31.csv,A309,ARCO VERDE,AUTOMATICA,-8.4336111,-37.05555555,683.95,Horaria,2019,velocidade_vento_ms,"VENTO, VELOCIDADE HORARIA(m/s)",8760,8760,0,100,365,365,12,2019-01-01T03:00:00Z,2020-01-01T02:00:00Z,0,0,3.4,6.4,13.4
dados_A309_H_2017-01-01_2025-12-31.csv,A309,ARCO VERDE,AUTOMATICA,-8.4336111,-37.05555555,683.95,Horaria,2020,direcao_vento_graus,"VENTO, DIRECAO HORARIA (gr)(° (gr))",8784,7312,1472,83.2422586520947,366,337,12,2020-01-01T03:00:00Z,2021-01-01T02:00:00Z,1,26,139,334,360
dados_A309_H_2017-01-01_2025-12-31.csv,A309,ARCO VERDE,AUTOMATICA,-8.4336111,-37.05555555,683.95,Horaria,2020,pressao_estacao_hpa,"PRESSAO ATMOSFERICA AO NIVEL DA ESTACAO, HORARIA(mB)",8784,7312,1472,83.2422586520947,366,337,12,2020-01-01T03:00:00Z,2021-01-01T02:00:00Z,931.1,933.6,938.1,942.6,944.7
dados_A309_H_2017-01-01_2025-12-31.csv,A309,ARCO VERDE,AUTOMATICA,-8.4336111,-37.05555555,683.95,Horaria,2020,temperatura_ar_c,"TEMPERATURA DO AR - BULBO SECO, HORARIA(°C)",8784,7312,1472,83.2422586520947,366,337,12,2020-01-01T03:00:00Z,2021-01-01T02:00:00Z,13.4,16,22.6,33.5,35.9
dados_A309_H_2017-01-01_2025-12-31.csv,A309,ARCO VERDE,AUTOMATICA,-8.4336111,-37.05555555,683.95,Horaria,2020,umidade_relativa_pct,"UMIDADE RELATIVA DO AR, HORARIA(%)",8784,7312,1472,83.2422586520947,366,337,12,2020-01-01T03:00:00Z,2021-01-01T02:00:00Z,14,26,79,95,97
dados_A309_H_2017-01-01_2025-12-31.csv,A309,ARCO VERDE,AUTOMATICA,-8.4336111,-37.05555555,683.95,Horaria,2020,velocidade_vento_ms,"VENTO, VELOCIDADE HORARIA(m/s)",8784,7312,1472,83.2422586520947,366,337,12,2020-01-01T03:00:00Z,2021-01-01T02:00:00Z,0,0,2.9,6.2,8.6
dados_A309_H_2017-01-01_2025-12-31.csv,A309,ARCO VERDE,AUTOMATICA,-8.4336111,-37.05555555,683.95,Horaria,2021,direcao_vento_graus,"VENTO, DIRECAO HORARIA (gr)(° (gr))",8760,848,7912,9.68036529680365,365,238,12,2021-01-01T03:00:00Z,2022-01-01T02:00:00Z,20,46.41,145,323.77,360
dados_A309_H_2017-01-01_2025-12-31.csv,A309,ARCO VERDE,AUTOMATICA,-8.4336111,-37.05555555,683.95,Horaria,2021,pressao_estacao_hpa,"PRESSAO ATMOSFERICA AO NIVEL DA ESTACAO, HORARIA(mB)",8760,851,7909,9.71461187214612,365,240,12,2021-01-01T03:00:00Z,2022-01-01T02:00:00Z,930.9,933.1,938.4,943.2,945.4
dados_A309_H_2017-01-01_2025-12-31.csv,A309,ARCO VERDE,AUTOMATICA,-8.4336111,-37.05555555,683.95,Horaria,2021,temperatura_ar_c,"TEMPERATURA DO AR - BULBO SECO, HORARIA(°C)",8760,851,7909,9.71461187214612,365,240,12,2021-01-01T03:00:00Z,2022-01-01T02:00:00Z,19.7,20.35,26.7,34.8,35.7
dados_A309_H_2017-01-01_2025-12-31.csv,A309,ARCO VERDE,AUTOMATICA,-8.4336111,-37.05555555,683.95,Horaria,2021,umidade_relativa_pct,"UMIDADE RELATIVA DO AR, HORARIA(%)",8760,851,7909,9.71461187214612,365,240,12,2021-01-01T03:00:00Z,2022-01-01T02:00:00Z,16,25,55,83,91
dados_A309_H_2017-01-01_2025-12-31.csv,A309,ARCO VERDE,AUTOMATICA,-8.4336111,-37.05555555,683.95,Horaria,2021,velocidade_vento_ms,"VENTO, VELOCIDADE HORARIA(m/s)",8760,848,7912,9.68036529680365,365,238,12,2021-01-01T03:00:00Z,2022-01-01T02:00:00Z,0,0,2.8,6.1,8.3
dados_A309_H_2017-01-01_2025-12-31.csv,A309,ARCO VERDE,AUTOMATICA,-8.4336111,-37.05555555,683.95,Horaria,2022,direcao_vento_graus,"VENTO, DIRECAO HORARIA (gr)(° (gr))",8760,3765,4995,42.9794520547945,365,313,12,2022-01-01T03:00:00Z,2023-01-01T02:00:00Z,1,29.28,118,308.520000000001,360
dados_A309_H_2017-01-01_2025-12-31.csv,A309,ARCO VERDE,AUTOMATICA,-8.4336111,-37.05555555,683.95,Horaria,2022,pressao_estacao_hpa,"PRESSAO ATMOSFERICA AO NIVEL DA ESTACAO, HORARIA(mB)",8760,3766,4994,42.9908675799087,365,313,12,2022-01-01T03:00:00Z,2023-01-01T02:00:00Z,928.5,932.3,937.3,942.4,943.6
dados_A309_H_2017-01-01_2025-12-31.csv,A309,ARCO VERDE,AUTOMATICA,-8.4336111,-37.05555555,683.95,Horaria,2022,temperatura_ar_c,"TEMPERATURA DO AR - BULBO SECO, HORARIA(°C)",8760,3766,4994,42.9908675799087,365,313,12,2022-01-01T03:00:00Z,2023-01-01T02:00:00Z,13.5,16.165,23.45,32.8,34.1
dados_A309_H_2017-01-01_2025-12-31.csv,A309,ARCO VERDE,AUTOMATICA,-8.4336111,-37.05555555,683.95,Horaria,2022,umidade_relativa_pct,"UMIDADE RELATIVA DO AR, HORARIA(%)",8760,3766,4994,42.9908675799087,365,313,12,2022-01-01T03:00:00Z,2023-01-01T02:00:00Z,23,30,71,92,94
dados_A309_H_2017-01-01_2025-12-31.csv,A309,ARCO VERDE,AUTOMATICA,-8.4336111,-37.05555555,683.95,Horaria,2022,velocidade_vento_ms,"VENTO, VELOCIDADE HORARIA(m/s)",8760,3765,4995,42.9794520547945,365,313,12,2022-01-01T03:00:00Z,2023-01-01T02:00:00Z,0,0,2.8,6.2,8
dados_A309_H_2017-01-01_2025-12-31.csv,A309,ARCO VERDE,AUTOMATICA,-8.4336111,-37.05555555,683.95,Horaria,2023,direcao_vento_graus,"VENTO, DIRECAO HORARIA (gr)(° (gr))",8760,8126,634,92.7625570776256,365,347,12,2023-01-01T03:00:00Z,2024-01-01T02:00:00Z,1,51,117,294.75,360
dados_A309_H_2017-01-01_2025-12-31.csv,A309,ARCO VERDE,AUTOMATICA,-8.4336111,-37.05555555,683.95,Horaria,2023,pressao_estacao_hpa,"PRESSAO ATMOSFERICA AO NIVEL DA ESTACAO, HORARIA(mB)",8760,8127,633,92.7739726027397,365,347,12,2023-01-01T03:00:00Z,2024-01-01T02:00:00Z,931,932.8,937.8,943.3,945.3
dados_A309_H_2017-01-01_2025-12-31.csv,A309,ARCO VERDE,AUTOMATICA,-8.4336111,-37.05555555,683.95,Horaria,2023,temperatura_ar_c,"TEMPERATURA DO AR - BULBO SECO, HORARIA(°C)",8760,8127,633,92.7739726027397,365,347,12,2023-01-01T03:00:00Z,2024-01-01T02:00:00Z,14.3,17.4,22.6,33.9,37.2
dados_A309_H_2017-01-01_2025-12-31.csv,A309,ARCO VERDE,AUTOMATICA,-8.4336111,-37.05555555,683.95,Horaria,2023,umidade_relativa_pct,"UMIDADE RELATIVA DO AR, HORARIA(%)",8760,8127,633,92.7739726027397,365,347,12,2023-01-01T03:00:00Z,2024-01-01T02:00:00Z,14,27,78,92,93
dados_A309_H_2017-01-01_2025-12-31.csv,A309,ARCO VERDE,AUTOMATICA,-8.4336111,-37.05555555,683.95,Horaria,2023,velocidade_vento_ms,"VENTO, VELOCIDADE HORARIA(m/s)",8760,8126,634,92.7625570776256,365,347,12,2023-01-01T03:00:00Z,2024-01-01T02:00:00Z,0,0.2,3.1,6.1,8.9
dados_A309_H_2017-01-01_2025-12-31.csv,A309,ARCO VERDE,AUTOMATICA,-8.4336111,-37.05555555,683.95,Horaria,2024,direcao_vento_graus,"VENTO, DIRECAO HORARIA (gr)(° (gr))",8784,8150,634,92.7823315118397,366,351,12,2024-01-01T03:00:00Z,2025-01-01T02:00:00Z,1,38,129,312.51,360
dados_A309_H_2017-01-01_2025-12-31.csv,A309,ARCO VERDE,AUTOMATICA,-8.4336111,-37.05555555,683.95,Horaria,2024,pressao_estacao_hpa,"PRESSAO ATMOSFERICA AO NIVEL DA ESTACAO, HORARIA(mB)",8784,8253,531,93.9549180327869,366,351,12,2024-01-01T03:00:00Z,2025-01-01T02:00:00Z,931.3,933.3,937.9,943.3,944.5
dados_A309_H_2017-01-01_2025-12-31.csv,A309,ARCO VERDE,AUTOMATICA,-8.4336111,-37.05555555,683.95,Horaria,2024,temperatura_ar_c,"TEMPERATURA DO AR - BULBO SECO, HORARIA(°C)",8784,8253,531,93.9549180327869,366,351,12,2024-01-01T03:00:00Z,2025-01-01T02:00:00Z,12.7,16.2,22.7,33.8,36.6
dados_A309_H_2017-01-01_2025-12-31.csv,A309,ARCO VERDE,AUTOMATICA,-8.4336111,-37.05555555,683.95,Horaria,2024,umidade_relativa_pct,"UMIDADE RELATIVA DO AR, HORARIA(%)",8784,8253,531,93.9549180327869,366,351,12,2024-01-01T03:00:00Z,2025-01-01T02:00:00Z,14,28,79,93,96
dados_A309_H_2017-01-01_2025-12-31.csv,A309,ARCO VERDE,AUTOMATICA,-8.4336111,-37.05555555,683.95,Horaria,2024,velocidade_vento_ms,"VENTO, VELOCIDADE HORARIA(m/s)",8784,8148,636,92.7595628415301,366,351,12,2024-01-01T03:00:00Z,2025-01-01T02:00:00Z,0,0.3,3,5.8,8.8
dados_A309_H_2017-01-01_2025-12-31.csv,A309,ARCO VERDE,AUTOMATICA,-8.4336111,-37.05555555,683.95,Horaria,2025,direcao_vento_graus,"VENTO, DIRECAO HORARIA (gr)(° (gr))",8757,8742,15,99.828708461802,365,365,12,2025-01-01T03:00:00Z,2025-12-31T23:00:00Z,1,31,135,306.59,359
dados_A309_H_2017-01-01_2025-12-31.csv,A309,ARCO VERDE,AUTOMATICA,-8.4336111,-37.05555555,683.95,Horaria,2025,pressao_estacao_hpa,"PRESSAO ATMOSFERICA AO NIVEL DA ESTACAO, HORARIA(mB)",8757,8743,14,99.8401278976819,365,365,12,2025-01-01T03:00:00Z,2025-12-31T23:00:00Z,931.1,932.7,938,943.2,944.9
dados_A309_H_2017-01-01_2025-12-31.csv,A309,ARCO VERDE,AUTOMATICA,-8.4336111,-37.05555555,683.95,Horaria,2025,temperatura_ar_c,"TEMPERATURA DO AR - BULBO SECO, HORARIA(°C)",8757,8743,14,99.8401278976819,365,365,12,2025-01-01T03:00:00Z,2025-12-31T23:00:00Z,13.4,16.8,22.4,34,35.8
dados_A309_H_2017-01-01_2025-12-31.csv,A309,ARCO VERDE,AUTOMATICA,-8.4336111,-37.05555555,683.95,Horaria,2025,umidade_relativa_pct,"UMIDADE RELATIVA DO AR, HORARIA(%)",8757,8743,14,99.8401278976819,365,365,12,2025-01-01T03:00:00Z,2025-12-31T23:00:00Z,16,26,78,93,95
dados_A309_H_2017-01-01_2025-12-31.csv,A309,ARCO VERDE,AUTOMATICA,-8.4336111,-37.05555555,683.95,Horaria,2025,velocidade_vento_ms,"VENTO, VELOCIDADE HORARIA(m/s)",8757,8742,15,99.828708461802,365,365,12,2025-01-01T03:00:00Z,2025-12-31T23:00:00Z,0.2,0.6,3.2,5.8,7.8
dados_A322_H_2017-01-01_2025-12-31.csv,A322,GARANHUNS,AUTOMATICA,-8.91083333,-36.49333333,827.78,Horaria,2017,direcao_vento_graus,"VENTO, DIRECAO HORARIA (gr)(° (gr))",8760,8264,496,94.337899543379,365,365,12,2017-01-01T03:00:00Z,2018-01-01T02:00:00Z,5,36,121,192.37,335
dados_A322_H_2017-01-01_2025-12-31.csv,A322,GARANHUNS,AUTOMATICA,-8.91083333,-36.49333333,827.78,Horaria,2017,pressao_estacao_hpa,"PRESSAO ATMOSFERICA AO NIVEL DA ESTACAO, HORARIA(mB)",8760,8264,496,94.337899543379,365,365,12,2017-01-01T03:00:00Z,2018-01-01T02:00:00Z,916.8,918.5,923.1,927.8,929.4
dados_A322_H_2017-01-01_2025-12-31.csv,A322,GARANHUNS,AUTOMATICA,-8.91083333,-36.49333333,827.78,Horaria,2017,temperatura_ar_c,"TEMPERATURA DO AR - BULBO SECO, HORARIA(°C)",8760,8264,496,94.337899543379,365,365,12,2017-01-01T03:00:00Z,2018-01-01T02:00:00Z,13.8,16.3,20.3,30.6,32.7
dados_A322_H_2017-01-01_2025-12-31.csv,A322,GARANHUNS,AUTOMATICA,-8.91083333,-36.49333333,827.78,Horaria,2017,umidade_relativa_pct,"UMIDADE RELATIVA DO AR, HORARIA(%)",8760,8264,496,94.337899543379,365,365,12,2017-01-01T03:00:00Z,2018-01-01T02:00:00Z,21,34,89,98,98
dados_A322_H_2017-01-01_2025-12-31.csv,A322,GARANHUNS,AUTOMATICA,-8.91083333,-36.49333333,827.78,Horaria,2017,velocidade_vento_ms,"VENTO, VELOCIDADE HORARIA(m/s)",8760,8264,496,94.337899543379,365,365,12,2017-01-01T03:00:00Z,2018-01-01T02:00:00Z,0,0,0,3.6,7.6
dados_A322_H_2017-01-01_2025-12-31.csv,A322,GARANHUNS,AUTOMATICA,-8.91083333,-36.49333333,827.78,Horaria,2018,direcao_vento_graus,"VENTO, DIRECAO HORARIA (gr)(° (gr))",8760,7175,1585,81.9063926940639,365,355,12,2018-01-01T03:00:00Z,2019-01-01T02:00:00Z,3,31,117,189,357
dados_A322_H_2017-01-01_2025-12-31.csv,A322,GARANHUNS,AUTOMATICA,-8.91083333,-36.49333333,827.78,Horaria,2018,pressao_estacao_hpa,"PRESSAO ATMOSFERICA AO NIVEL DA ESTACAO, HORARIA(mB)",8760,7175,1585,81.9063926940639,365,355,12,2018-01-01T03:00:00Z,2019-01-01T02:00:00Z,915.9,918.1,923.3,927.9,929.6
dados_A322_H_2017-01-01_2025-12-31.csv,A322,GARANHUNS,AUTOMATICA,-8.91083333,-36.49333333,827.78,Horaria,2018,temperatura_ar_c,"TEMPERATURA DO AR - BULBO SECO, HORARIA(°C)",8760,7175,1585,81.9063926940639,365,355,12,2018-01-01T03:00:00Z,2019-01-01T02:00:00Z,15.3,16,20.2,30.3,33.1
dados_A322_H_2017-01-01_2025-12-31.csv,A322,GARANHUNS,AUTOMATICA,-8.91083333,-36.49333333,827.78,Horaria,2018,umidade_relativa_pct,"UMIDADE RELATIVA DO AR, HORARIA(%)",8760,7175,1585,81.9063926940639,365,355,12,2018-01-01T03:00:00Z,2019-01-01T02:00:00Z,23,35.74,88,97,98
dados_A322_H_2017-01-01_2025-12-31.csv,A322,GARANHUNS,AUTOMATICA,-8.91083333,-36.49333333,827.78,Horaria,2018,velocidade_vento_ms,"VENTO, VELOCIDADE HORARIA(m/s)",8760,7175,1585,81.9063926940639,365,355,12,2018-01-01T03:00:00Z,2019-01-01T02:00:00Z,0,0,2.4,5.8,8
dados_A322_H_2017-01-01_2025-12-31.csv,A322,GARANHUNS,AUTOMATICA,-8.91083333,-36.49333333,827.78,Horaria,2019,direcao_vento_graus,"VENTO, DIRECAO HORARIA (gr)(° (gr))",8760,8760,0,100,365,365,12,2019-01-01T03:00:00Z,2020-01-01T02:00:00Z,2,22,111,191,360
dados_A322_H_2017-01-01_2025-12-31.csv,A322,GARANHUNS,AUTOMATICA,-8.91083333,-36.49333333,827.78,Horaria,2019,pressao_estacao_hpa,"PRESSAO ATMOSFERICA AO NIVEL DA ESTACAO, HORARIA(mB)",8760,8760,0,100,365,365,12,2019-01-01T03:00:00Z,2020-01-01T02:00:00Z,916.2,918.5,922.9,928.1,929.6
dados_A322_H_2017-01-01_2025-12-31.csv,A322,GARANHUNS,AUTOMATICA,-8.91083333,-36.49333333,827.78,Horaria,2019,temperatura_ar_c,"TEMPERATURA DO AR - BULBO SECO, HORARIA(°C)",8760,8760,0,100,365,365,12,2019-01-01T03:00:00Z,2020-01-01T02:00:00Z,14.6,16.5,20.8,30.5,34.4
dados_A322_H_2017-01-01_2025-12-31.csv,A322,GARANHUNS,AUTOMATICA,-8.91083333,-36.49333333,827.78,Horaria,2019,umidade_relativa_pct,"UMIDADE RELATIVA DO AR, HORARIA(%)",8760,7684,1076,87.716894977169,365,362,12,2019-01-01T03:00:00Z,2020-01-01T02:00:00Z,16,35,88,100,100
dados_A322_H_2017-01-01_2025-12-31.csv,A322,GARANHUNS,AUTOMATICA,-8.91083333,-36.49333333,827.78,Horaria,2019,velocidade_vento_ms,"VENTO, VELOCIDADE HORARIA(m/s)",8760,8760,0,100,365,365,12,2019-01-01T03:00:00Z,2020-01-01T02:00:00Z,0,0,2.6,5.7,7.4
dados_A322_H_2017-01-01_2025-12-31.csv,A322,GARANHUNS,AUTOMATICA,-8.91083333,-36.49333333,827.78,Horaria,2020,direcao_vento_graus,"VENTO, DIRECAO HORARIA (gr)(° (gr))",8784,8784,0,100,366,366,12,2020-01-01T03:00:00Z,2021-01-01T02:00:00Z,1,22,112,262.17,359
dados_A322_H_2017-01-01_2025-12-31.csv,A322,GARANHUNS,AUTOMATICA,-8.91083333,-36.49333333,827.78,Horaria,2020,pressao_estacao_hpa,"PRESSAO ATMOSFERICA AO NIVEL DA ESTACAO, HORARIA(mB)",8784,8784,0,100,366,366,12,2020-01-01T03:00:00Z,2021-01-01T02:00:00Z,916.3,918.6,922.9,927.2,929.3
dados_A322_H_2017-01-01_2025-12-31.csv,A322,GARANHUNS,AUTOMATICA,-8.91083333,-36.49333333,827.78,Horaria,2020,temperatura_ar_c,"TEMPERATURA DO AR - BULBO SECO, HORARIA(°C)",8784,8784,0,100,366,366,12,2020-01-01T03:00:00Z,2021-01-01T02:00:00Z,14.1,16.1,20.8,30.4,32.9
dados_A322_H_2017-01-01_2025-12-31.csv,A322,GARANHUNS,AUTOMATICA,-8.91083333,-36.49333333,827.78,Horaria,2020,umidade_relativa_pct,"UMIDADE RELATIVA DO AR, HORARIA(%)",8784,6493,2291,73.9184881602915,366,318,12,2020-01-01T03:00:00Z,2021-01-01T02:00:00Z,23,38,89,100,100
dados_A322_H_2017-01-01_2025-12-31.csv,A322,GARANHUNS,AUTOMATICA,-8.91083333,-36.49333333,827.78,Horaria,2020,velocidade_vento_ms,"VENTO, VELOCIDADE HORARIA(m/s)",8784,8784,0,100,366,366,12,2020-01-01T03:00:00Z,2021-01-01T02:00:00Z,0,0,2.4,5.61700000000001,9.2
dados_A322_H_2017-01-01_2025-12-31.csv,A322,GARANHUNS,AUTOMATICA,-8.91083333,-36.49333333,827.78,Horaria,2021,direcao_vento_graus,"VENTO, DIRECAO HORARIA (gr)(° (gr))",8760,5558,3202,63.4474885844749,365,233,8,2021-01-01T03:00:00Z,2022-01-01T02:00:00Z,6,33,121,207,360
dados_A322_H_2017-01-01_2025-12-31.csv,A322,GARANHUNS,AUTOMATICA,-8.91083333,-36.49333333,827.78,Horaria,2021,pressao_estacao_hpa,"PRESSAO ATMOSFERICA AO NIVEL DA ESTACAO, HORARIA(mB)",8760,5565,3195,63.527397260274,365,233,8,2021-01-01T03:00:00Z,2022-01-01T02:00:00Z,916.7,918.3,922.7,928.4,930.2
dados_A322_H_2017-01-01_2025-12-31.csv,A322,GARANHUNS,AUTOMATICA,-8.91083333,-36.49333333,827.78,Horaria,2021,temperatura_ar_c,"TEMPERATURA DO AR - BULBO SECO, HORARIA(°C)",8760,5565,3195,63.527397260274,365,233,8,2021-01-01T03:00:00Z,2022-01-01T02:00:00Z,15.1,16.2,20.1,29.7,32.4
dados_A322_H_2017-01-01_2025-12-31.csv,A322,GARANHUNS,AUTOMATICA,-8.91083333,-36.49333333,827.78,Horaria,2021,umidade_relativa_pct,"UMIDADE RELATIVA DO AR, HORARIA(%)",8760,4812,3948,54.9315068493151,365,226,8,2021-01-01T03:00:00Z,2022-01-01T02:00:00Z,22,40,90,100,100
dados_A322_H_2017-01-01_2025-12-31.csv,A322,GARANHUNS,AUTOMATICA,-8.91083333,-36.49333333,827.78,Horaria,2021,velocidade_vento_ms,"VENTO, VELOCIDADE HORARIA(m/s)",8760,5558,3202,63.4474885844749,365,233,8,2021-01-01T03:00:00Z,2022-01-01T02:00:00Z,0,0,2.3,5.3,7.5
dados_A322_H_2017-01-01_2025-12-31.csv,A322,GARANHUNS,AUTOMATICA,-8.91083333,-36.49333333,827.78,Horaria,2022,direcao_vento_graus,"VENTO, DIRECAO HORARIA (gr)(° (gr))",8760,4955,3805,56.5639269406393,365,214,8,2022-01-01T03:00:00Z,2023-01-01T02:00:00Z,1,26,118,225,358
dados_A322_H_2017-01-01_2025-12-31.csv,A322,GARANHUNS,AUTOMATICA,-8.91083333,-36.49333333,827.78,Horaria,2022,pressao_estacao_hpa,"PRESSAO ATMOSFERICA AO NIVEL DA ESTACAO, HORARIA(mB)",8760,4955,3805,56.5639269406393,365,214,8,2022-01-01T03:00:00Z,2023-01-01T02:00:00Z,914.2,917.9,923.3,927.3,928.6
dados_A322_H_2017-01-01_2025-12-31.csv,A322,GARANHUNS,AUTOMATICA,-8.91083333,-36.49333333,827.78,Horaria,2022,temperatura_ar_c,"TEMPERATURA DO AR - BULBO SECO, HORARIA(°C)",8760,4955,3805,56.5639269406393,365,214,8,2022-01-01T03:00:00Z,2023-01-01T02:00:00Z,14.9,16,19.5,28.2,29.7
dados_A322_H_2017-01-01_2025-12-31.csv,A322,GARANHUNS,AUTOMATICA,-8.91083333,-36.49333333,827.78,Horaria,2022,umidade_relativa_pct,"UMIDADE RELATIVA DO AR, HORARIA(%)",8760,4187,4573,47.796803652968,365,210,8,2022-01-01T03:00:00Z,2023-01-01T02:00:00Z,36,46,90,100,100
dados_A322_H_2017-01-01_2025-12-31.csv,A322,GARANHUNS,AUTOMATICA,-8.91083333,-36.49333333,827.78,Horaria,2022,velocidade_vento_ms,"VENTO, VELOCIDADE HORARIA(m/s)",8760,4955,3805,56.5639269406393,365,214,8,2022-01-01T03:00:00Z,2023-01-01T02:00:00Z,0,0,2.1,4.7,5.9
dados_A322_H_2017-01-01_2025-12-31.csv,A322,GARANHUNS,AUTOMATICA,-8.91083333,-36.49333333,827.78,Horaria,2023,direcao_vento_graus,"VENTO, DIRECAO HORARIA (gr)(° (gr))",8760,8733,27,99.6917808219178,365,365,12,2023-01-01T03:00:00Z,2024-01-01T02:00:00Z,2,24,108,195,359
dados_A322_H_2017-01-01_2025-12-31.csv,A322,GARANHUNS,AUTOMATICA,-8.91083333,-36.49333333,827.78,Horaria,2023,pressao_estacao_hpa,"PRESSAO ATMOSFERICA AO NIVEL DA ESTACAO, HORARIA(mB)",8760,8733,27,99.6917808219178,365,365,12,2023-01-01T03:00:00Z,2024-01-01T02:00:00Z,916.5,918.4,922.8,928,929.7
dados_A322_H_2017-01-01_2025-12-31.csv,A322,GARANHUNS,AUTOMATICA,-8.91083333,-36.49333333,827.78,Horaria,2023,temperatura_ar_c,"TEMPERATURA DO AR - BULBO SECO, HORARIA(°C)",8760,8733,27,99.6917808219178,365,365,12,2023-01-01T03:00:00Z,2024-01-01T02:00:00Z,15.7,16.8,20.6,30,32.5
dados_A322_H_2017-01-01_2025-12-31.csv,A322,GARANHUNS,AUTOMATICA,-8.91083333,-36.49333333,827.78,Horaria,2023,umidade_relativa_pct,"UMIDADE RELATIVA DO AR, HORARIA(%)",8760,5560,3200,63.4703196347032,365,345,12,2023-01-01T03:00:00Z,2024-01-01T02:00:00Z,23,40,82,100,100
dados_A322_H_2017-01-01_2025-12-31.csv,A322,GARANHUNS,AUTOMATICA,-8.91083333,-36.49333333,827.78,Horaria,2023,velocidade_vento_ms,"VENTO, VELOCIDADE HORARIA(m/s)",8760,8733,27,99.6917808219178,365,365,12,2023-01-01T03:00:00Z,2024-01-01T02:00:00Z,0,0,2.4,5.8,8.6
dados_A322_H_2017-01-01_2025-12-31.csv,A322,GARANHUNS,AUTOMATICA,-8.91083333,-36.49333333,827.78,Horaria,2024,direcao_vento_graus,"VENTO, DIRECAO HORARIA (gr)(° (gr))",8784,8784,0,100,366,366,12,2024-01-01T03:00:00Z,2025-01-01T02:00:00Z,1,17,107,234.34,360
dados_A322_H_2017-01-01_2025-12-31.csv,A322,GARANHUNS,AUTOMATICA,-8.91083333,-36.49333333,827.78,Horaria,2024,pressao_estacao_hpa,"PRESSAO ATMOSFERICA AO NIVEL DA ESTACAO, HORARIA(mB)",8784,8784,0,100,366,366,12,2024-01-01T03:00:00Z,2025-01-01T02:00:00Z,917.1,918.9,922.9,928,929.2
dados_A322_H_2017-01-01_2025-12-31.csv,A322,GARANHUNS,AUTOMATICA,-8.91083333,-36.49333333,827.78,Horaria,2024,temperatura_ar_c,"TEMPERATURA DO AR - BULBO SECO, HORARIA(°C)",8784,8784,0,100,366,366,12,2024-01-01T03:00:00Z,2025-01-01T02:00:00Z,14.6,16.4,21.3,30.9,33.7
dados_A322_H_2017-01-01_2025-12-31.csv,A322,GARANHUNS,AUTOMATICA,-8.91083333,-36.49333333,827.78,Horaria,2024,umidade_relativa_pct,"UMIDADE RELATIVA DO AR, HORARIA(%)",8784,5017,3767,57.1152094717669,366,305,11,2024-01-01T03:00:00Z,2025-01-01T02:00:00Z,21,36,80,100,100
dados_A322_H_2017-01-01_2025-12-31.csv,A322,GARANHUNS,AUTOMATICA,-8.91083333,-36.49333333,827.78,Horaria,2024,velocidade_vento_ms,"VENTO, VELOCIDADE HORARIA(m/s)",8784,8784,0,100,366,366,12,2024-01-01T03:00:00Z,2025-01-01T02:00:00Z,0,0.3,2.6,6.1,8.9
dados_A322_H_2017-01-01_2025-12-31.csv,A322,GARANHUNS,AUTOMATICA,-8.91083333,-36.49333333,827.78,Horaria,2025,direcao_vento_graus,"VENTO, DIRECAO HORARIA (gr)(° (gr))",8757,8754,3,99.9657416923604,365,365,12,2025-01-01T03:00:00Z,2025-12-31T23:00:00Z,1,25,111,193,360
dados_A322_H_2017-01-01_2025-12-31.csv,A322,GARANHUNS,AUTOMATICA,-8.91083333,-36.49333333,827.78,Horaria,2025,pressao_estacao_hpa,"PRESSAO ATMOSFERICA AO NIVEL DA ESTACAO, HORARIA(mB)",8757,8754,3,99.9657416923604,365,365,12,2025-01-01T03:00:00Z,2025-12-31T23:00:00Z,916.6,918.4,923.1,928,929.7
dados_A322_H_2017-01-01_2025-12-31.csv,A322,GARANHUNS,AUTOMATICA,-8.91083333,-36.49333333,827.78,Horaria,2025,temperatura_ar_c,"TEMPERATURA DO AR - BULBO SECO, HORARIA(°C)",8757,8754,3,99.9657416923604,365,365,12,2025-01-01T03:00:00Z,2025-12-31T23:00:00Z,14.8,16.3,20.5,30.7,32.8
dados_A322_H_2017-01-01_2025-12-31.csv,A322,GARANHUNS,AUTOMATICA,-8.91083333,-36.49333333,827.78,Horaria,2025,umidade_relativa_pct,"UMIDADE RELATIVA DO AR, HORARIA(%)",8757,5017,3740,57.2913098092954,365,233,11,2025-01-01T03:00:00Z,2025-12-31T23:00:00Z,18,33,85,100,100
dados_A322_H_2017-01-01_2025-12-31.csv,A322,GARANHUNS,AUTOMATICA,-8.91083333,-36.49333333,827.78,Horaria,2025,velocidade_vento_ms,"VENTO, VELOCIDADE HORARIA(m/s)",8757,8754,3,99.9657416923604,365,365,12,2025-01-01T03:00:00Z,2025-12-31T23:00:00Z,0,0.4,2.5,5.8,8.4
dados_A328_H_2017-01-01_2025-12-31.csv,A328,SURUBIM,AUTOMATICA,-7.84249999,-35.79027777,421.44,Horaria,2017,direcao_vento_graus,"VENTO, DIRECAO HORARIA (gr)(° (gr))",8760,8722,38,99.5662100456621,365,364,12,2017-01-01T03:00:00Z,2018-01-01T02:00:00Z,1,59,139,297,357
dados_A328_H_2017-01-01_2025-12-31.csv,A328,SURUBIM,AUTOMATICA,-7.84249999,-35.79027777,421.44,Horaria,2017,pressao_estacao_hpa,"PRESSAO ATMOSFERICA AO NIVEL DA ESTACAO, HORARIA(mB)",8760,8722,38,99.5662100456621,365,364,12,2017-01-01T03:00:00Z,2018-01-01T02:00:00Z,960,961.7,966.4,971.5,973.2
dados_A328_H_2017-01-01_2025-12-31.csv,A328,SURUBIM,AUTOMATICA,-7.84249999,-35.79027777,421.44,Horaria,2017,temperatura_ar_c,"TEMPERATURA DO AR - BULBO SECO, HORARIA(°C)",8760,8722,38,99.5662100456621,365,364,12,2017-01-01T03:00:00Z,2018-01-01T02:00:00Z,15.7,17.9,23.4,32.8,35
dados_A328_H_2017-01-01_2025-12-31.csv,A328,SURUBIM,AUTOMATICA,-7.84249999,-35.79027777,421.44,Horaria,2017,umidade_relativa_pct,"UMIDADE RELATIVA DO AR, HORARIA(%)",8760,8722,38,99.5662100456621,365,364,12,2017-01-01T03:00:00Z,2018-01-01T02:00:00Z,26,32,79,93,94
dados_A328_H_2017-01-01_2025-12-31.csv,A328,SURUBIM,AUTOMATICA,-7.84249999,-35.79027777,421.44,Horaria,2017,velocidade_vento_ms,"VENTO, VELOCIDADE HORARIA(m/s)",8760,8722,38,99.5662100456621,365,364,12,2017-01-01T03:00:00Z,2018-01-01T02:00:00Z,0,0,0.2,7.2,9.3
dados_A328_H_2017-01-01_2025-12-31.csv,A328,SURUBIM,AUTOMATICA,-7.84249999,-35.79027777,421.44,Horaria,2018,direcao_vento_graus,"VENTO, DIRECAO HORARIA (gr)(° (gr))",8760,7618,1142,86.9634703196347,365,363,12,2018-01-01T03:00:00Z,2019-01-01T02:00:00Z,1,43.17,201,310.66,356
dados_A328_H_2017-01-01_2025-12-31.csv,A328,SURUBIM,AUTOMATICA,-7.84249999,-35.79027777,421.44,Horaria,2018,pressao_estacao_hpa,"PRESSAO ATMOSFERICA AO NIVEL DA ESTACAO, HORARIA(mB)",8760,7618,1142,86.9634703196347,365,363,12,2018-01-01T03:00:00Z,2019-01-01T02:00:00Z,958.8,961.417,966.7,971.5,972.9
dados_A328_H_2017-01-01_2025-12-31.csv,A328,SURUBIM,AUTOMATICA,-7.84249999,-35.79027777,421.44,Horaria,2018,temperatura_ar_c,"TEMPERATURA DO AR - BULBO SECO, HORARIA(°C)",8760,7618,1142,86.9634703196347,365,363,12,2018-01-01T03:00:00Z,2019-01-01T02:00:00Z,15.9,17.7,23.6,32.5,34.7
dados_A328_H_2017-01-01_2025-12-31.csv,A328,SURUBIM,AUTOMATICA,-7.84249999,-35.79027777,421.44,Horaria,2018,umidade_relativa_pct,"UMIDADE RELATIVA DO AR, HORARIA(%)",8760,7618,1142,86.9634703196347,365,363,12,2018-01-01T03:00:00Z,2019-01-01T02:00:00Z,25,32,76,93,94
dados_A328_H_2017-01-01_2025-12-31.csv,A328,SURUBIM,AUTOMATICA,-7.84249999,-35.79027777,421.44,Horaria,2018,velocidade_vento_ms,"VENTO, VELOCIDADE HORARIA(m/s)",8760,7618,1142,86.9634703196347,365,363,12,2018-01-01T03:00:00Z,2019-01-01T02:00:00Z,0,0.1,3.7,7.5,9.2
dados_A328_H_2017-01-01_2025-12-31.csv,A328,SURUBIM,AUTOMATICA,-7.84249999,-35.79027777,421.44,Horaria,2019,direcao_vento_graus,"VENTO, DIRECAO HORARIA (gr)(° (gr))",8760,8759,1,99.9885844748859,365,365,12,2019-01-01T03:00:00Z,2020-01-01T02:00:00Z,1,36.58,210,319,359
dados_A328_H_2017-01-01_2025-12-31.csv,A328,SURUBIM,AUTOMATICA,-7.84249999,-35.79027777,421.44,Horaria,2019,pressao_estacao_hpa,"PRESSAO ATMOSFERICA AO NIVEL DA ESTACAO, HORARIA(mB)",8760,8759,1,99.9885844748859,365,365,12,2019-01-01T03:00:00Z,2020-01-01T02:00:00Z,959.7,961.9,966.4,971.9,973.4
dados_A328_H_2017-01-01_2025-12-31.csv,A328,SURUBIM,AUTOMATICA,-7.84249999,-35.79027777,421.44,Horaria,2019,temperatura_ar_c,"TEMPERATURA DO AR - BULBO SECO, HORARIA(°C)",8760,8759,1,99.9885844748859,365,365,12,2019-01-01T03:00:00Z,2020-01-01T02:00:00Z,15.7,18.4,23.6,33.1,37.1
dados_A328_H_2017-01-01_2025-12-31.csv,A328,SURUBIM,AUTOMATICA,-7.84249999,-35.79027777,421.44,Horaria,2019,umidade_relativa_pct,"UMIDADE RELATIVA DO AR, HORARIA(%)",8760,8759,1,99.9885844748859,365,365,12,2019-01-01T03:00:00Z,2020-01-01T02:00:00Z,26,31,79,93,93
dados_A328_H_2017-01-01_2025-12-31.csv,A328,SURUBIM,AUTOMATICA,-7.84249999,-35.79027777,421.44,Horaria,2019,velocidade_vento_ms,"VENTO, VELOCIDADE HORARIA(m/s)",8760,8759,1,99.9885844748859,365,365,12,2019-01-01T03:00:00Z,2020-01-01T02:00:00Z,0,0,3.2,7.3,9.3
dados_A328_H_2017-01-01_2025-12-31.csv,A328,SURUBIM,AUTOMATICA,-7.84249999,-35.79027777,421.44,Horaria,2020,direcao_vento_graus,"VENTO, DIRECAO HORARIA (gr)(° (gr))",8784,6032,2752,68.6703096539162,366,366,12,2020-01-01T03:00:00Z,2021-01-01T02:00:00Z,1,34,218,323.69,360
dados_A328_H_2017-01-01_2025-12-31.csv,A328,SURUBIM,AUTOMATICA,-7.84249999,-35.79027777,421.44,Horaria,2020,pressao_estacao_hpa,"PRESSAO ATMOSFERICA AO NIVEL DA ESTACAO, HORARIA(mB)",8784,6032,2752,68.6703096539162,366,366,12,2020-01-01T03:00:00Z,2021-01-01T02:00:00Z,959.4,961.6,966,970.5,972.8
dados_A328_H_2017-01-01_2025-12-31.csv,A328,SURUBIM,AUTOMATICA,-7.84249999,-35.79027777,421.44,Horaria,2020,temperatura_ar_c,"TEMPERATURA DO AR - BULBO SECO, HORARIA(°C)",8784,6032,2752,68.6703096539162,366,366,12,2020-01-01T03:00:00Z,2021-01-01T02:00:00Z,16.7,18.7,25.4,33.7,35.5
dados_A328_H_2017-01-01_2025-12-31.csv,A328,SURUBIM,AUTOMATICA,-7.84249999,-35.79027777,421.44,Horaria,2020,umidade_relativa_pct,"UMIDADE RELATIVA DO AR, HORARIA(%)",8784,6032,2752,68.6703096539162,366,366,12,2020-01-01T03:00:00Z,2021-01-01T02:00:00Z,23,31,70,92,93
dados_A328_H_2017-01-01_2025-12-31.csv,A328,SURUBIM,AUTOMATICA,-7.84249999,-35.79027777,421.44,Horaria,2020,velocidade_vento_ms,"VENTO, VELOCIDADE HORARIA(m/s)",8784,6032,2752,68.6703096539162,366,366,12,2020-01-01T03:00:00Z,2021-01-01T02:00:00Z,0,0.1,3.7,7.4,9.1
dados_A328_H_2017-01-01_2025-12-31.csv,A328,SURUBIM,AUTOMATICA,-7.84249999,-35.79027777,421.44,Horaria,2021,direcao_vento_graus,"VENTO, DIRECAO HORARIA (gr)(° (gr))",8760,3765,4995,42.9794520547945,365,365,12,2021-01-01T03:00:00Z,2022-01-01T02:00:00Z,3,62,224,310,358
dados_A328_H_2017-01-01_2025-12-31.csv,A328,SURUBIM,AUTOMATICA,-7.84249999,-35.79027777,421.44,Horaria,2021,pressao_estacao_hpa,"PRESSAO ATMOSFERICA AO NIVEL DA ESTACAO, HORARIA(mB)",8760,3768,4992,43.013698630137,365,365,12,2021-01-01T03:00:00Z,2022-01-01T02:00:00Z,959.8,960.9,965.8,971.633,973.9
dados_A328_H_2017-01-01_2025-12-31.csv,A328,SURUBIM,AUTOMATICA,-7.84249999,-35.79027777,421.44,Horaria,2021,temperatura_ar_c,"TEMPERATURA DO AR - BULBO SECO, HORARIA(°C)",8760,3768,4992,43.013698630137,365,365,12,2021-01-01T03:00:00Z,2022-01-01T02:00:00Z,17.9,20.2,27.6,33.2,34.5
dados_A328_H_2017-01-01_2025-12-31.csv,A328,SURUBIM,AUTOMATICA,-7.84249999,-35.79027777,421.44,Horaria,2021,umidade_relativa_pct,"UMIDADE RELATIVA DO AR, HORARIA(%)",8760,3768,4992,43.013698630137,365,365,12,2021-01-01T03:00:00Z,2022-01-01T02:00:00Z,26,31,56,91,93
dados_A328_H_2017-01-01_2025-12-31.csv,A328,SURUBIM,AUTOMATICA,-7.84249999,-35.79027777,421.44,Horaria,2021,velocidade_vento_ms,"VENTO, VELOCIDADE HORARIA(m/s)",8760,3765,4995,42.9794520547945,365,365,12,2021-01-01T03:00:00Z,2022-01-01T02:00:00Z,0,1.1,4.7,7.7,9
dados_A328_H_2017-01-01_2025-12-31.csv,A328,SURUBIM,AUTOMATICA,-7.84249999,-35.79027777,421.44,Horaria,2022,direcao_vento_graus,"VENTO, DIRECAO HORARIA (gr)(° (gr))",8760,6806,1954,77.6940639269407,365,365,12,2022-01-01T03:00:00Z,2023-01-01T02:00:00Z,192,204,242,350,354
dados_A328_H_2017-01-01_2025-12-31.csv,A328,SURUBIM,AUTOMATICA,-7.84249999,-35.79027777,421.44,Horaria,2022,pressao_estacao_hpa,"PRESSAO ATMOSFERICA AO NIVEL DA ESTACAO, HORARIA(mB)",8760,6806,1954,77.6940639269407,365,365,12,2022-01-01T03:00:00Z,2023-01-01T02:00:00Z,956.9,961.1,966.2,970.7,972.1
dados_A328_H_2017-01-01_2025-12-31.csv,A328,SURUBIM,AUTOMATICA,-7.84249999,-35.79027777,421.44,Horaria,2022,temperatura_ar_c,"TEMPERATURA DO AR - BULBO SECO, HORARIA(°C)",8760,6806,1954,77.6940639269407,365,365,12,2022-01-01T03:00:00Z,2023-01-01T02:00:00Z,16,17.7,23.8,32.2,34
dados_A328_H_2017-01-01_2025-12-31.csv,A328,SURUBIM,AUTOMATICA,-7.84249999,-35.79027777,421.44,Horaria,2022,umidade_relativa_pct,"UMIDADE RELATIVA DO AR, HORARIA(%)",8760,6806,1954,77.6940639269407,365,365,12,2022-01-01T03:00:00Z,2023-01-01T02:00:00Z,28,35,77,93,94
dados_A328_H_2017-01-01_2025-12-31.csv,A328,SURUBIM,AUTOMATICA,-7.84249999,-35.79027777,421.44,Horaria,2022,velocidade_vento_ms,"VENTO, VELOCIDADE HORARIA(m/s)",8760,6806,1954,77.6940639269407,365,365,12,2022-01-01T03:00:00Z,2023-01-01T02:00:00Z,0,0.1,3.4,6.7,8.8
dados_A328_H_2017-01-01_2025-12-31.csv,A328,SURUBIM,AUTOMATICA,-7.84249999,-35.79027777,421.44,Horaria,2023,direcao_vento_graus,"VENTO, DIRECAO HORARIA (gr)(° (gr))",8760,7917,843,90.3767123287671,365,365,12,2023-01-01T03:00:00Z,2024-01-01T02:00:00Z,1,33,211,324,360
dados_A328_H_2017-01-01_2025-12-31.csv,A328,SURUBIM,AUTOMATICA,-7.84249999,-35.79027777,421.44,Horaria,2023,pressao_estacao_hpa,"PRESSAO ATMOSFERICA AO NIVEL DA ESTACAO, HORARIA(mB)",8760,7925,835,90.4680365296804,365,365,12,2023-01-01T03:00:00Z,2024-01-01T02:00:00Z,959.3,961.6,966.4,971.8,973.5
dados_A328_H_2017-01-01_2025-12-31.csv,A328,SURUBIM,AUTOMATICA,-7.84249999,-35.79027777,421.44,Horaria,2023,temperatura_ar_c,"TEMPERATURA DO AR - BULBO SECO, HORARIA(°C)",8760,7925,835,90.4680365296804,365,365,12,2023-01-01T03:00:00Z,2024-01-01T02:00:00Z,16.9,18.6,23.4,32.4,34.1
dados_A328_H_2017-01-01_2025-12-31.csv,A328,SURUBIM,AUTOMATICA,-7.84249999,-35.79027777,421.44,Horaria,2023,umidade_relativa_pct,"UMIDADE RELATIVA DO AR, HORARIA(%)",8760,7925,835,90.4680365296804,365,365,12,2023-01-01T03:00:00Z,2024-01-01T02:00:00Z,25,34,81,94,95
dados_A328_H_2017-01-01_2025-12-31.csv,A328,SURUBIM,AUTOMATICA,-7.84249999,-35.79027777,421.44,Horaria,2023,velocidade_vento_ms,"VENTO, VELOCIDADE HORARIA(m/s)",8760,7917,843,90.3767123287671,365,365,12,2023-01-01T03:00:00Z,2024-01-01T02:00:00Z,0,0,3,6.5,8.2
dados_A328_H_2017-01-01_2025-12-31.csv,A328,SURUBIM,AUTOMATICA,-7.84249999,-35.79027777,421.44,Horaria,2024,direcao_vento_graus,"VENTO, DIRECAO HORARIA (gr)(° (gr))",8784,3247,5537,36.9649362477231,366,188,8,2024-01-01T03:00:00Z,2025-01-01T02:00:00Z,1,22.46,197,347,360
dados_A328_H_2017-01-01_2025-12-31.csv,A328,SURUBIM,AUTOMATICA,-7.84249999,-35.79027777,421.44,Horaria,2024,pressao_estacao_hpa,"PRESSAO ATMOSFERICA AO NIVEL DA ESTACAO, HORARIA(mB)",8784,3256,5528,37.0673952641166,366,188,8,2024-01-01T03:00:00Z,2025-01-01T02:00:00Z,960.1,962.055,966.9,972,973.4
dados_A328_H_2017-01-01_2025-12-31.csv,A328,SURUBIM,AUTOMATICA,-7.84249999,-35.79027777,421.44,Horaria,2024,temperatura_ar_c,"TEMPERATURA DO AR - BULBO SECO, HORARIA(°C)",8784,3256,5528,37.0673952641166,366,188,8,2024-01-01T03:00:00Z,2025-01-01T02:00:00Z,16.7,18.3,23.9,33.5,35.3
dados_A328_H_2017-01-01_2025-12-31.csv,A328,SURUBIM,AUTOMATICA,-7.84249999,-35.79027777,421.44,Horaria,2024,umidade_relativa_pct,"UMIDADE RELATIVA DO AR, HORARIA(%)",8784,677,8107,7.70719489981785,366,80,4,2024-01-01T03:00:00Z,2025-01-01T02:00:00Z,30,32,53,93,94
dados_A328_H_2017-01-01_2025-12-31.csv,A328,SURUBIM,AUTOMATICA,-7.84249999,-35.79027777,421.44,Horaria,2024,velocidade_vento_ms,"VENTO, VELOCIDADE HORARIA(m/s)",8784,3247,5537,36.9649362477231,366,188,8,2024-01-01T03:00:00Z,2025-01-01T02:00:00Z,0,0,2.6,6.054,8
dados_A328_H_2017-01-01_2025-12-31.csv,A328,SURUBIM,AUTOMATICA,-7.84249999,-35.79027777,421.44,Horaria,2025,direcao_vento_graus,"VENTO, DIRECAO HORARIA (gr)(° (gr))",8757,2137,6620,24.4033344752769,365,90,3,2025-01-01T03:00:00Z,2025-12-31T23:00:00Z,1,11,208,347.64,360
dados_A328_H_2017-01-01_2025-12-31.csv,A328,SURUBIM,AUTOMATICA,-7.84249999,-35.79027777,421.44,Horaria,2025,pressao_estacao_hpa,"PRESSAO ATMOSFERICA AO NIVEL DA ESTACAO, HORARIA(mB)",8757,2225,6532,25.4082448327053,365,94,4,2025-01-01T03:00:00Z,2025-12-31T23:00:00Z,960.6,961.7,966,970.6,971.7
dados_A328_H_2017-01-01_2025-12-31.csv,A328,SURUBIM,AUTOMATICA,-7.84249999,-35.79027777,421.44,Horaria,2025,temperatura_ar_c,"TEMPERATURA DO AR - BULBO SECO, HORARIA(°C)",8757,2225,6532,25.4082448327053,365,94,4,2025-01-01T03:00:00Z,2025-12-31T23:00:00Z,18.1,18.8,23.8,33.2,34.2
dados_A328_H_2017-01-01_2025-12-31.csv,A328,SURUBIM,AUTOMATICA,-7.84249999,-35.79027777,421.44,Horaria,2025,umidade_relativa_pct,"UMIDADE RELATIVA DO AR, HORARIA(%)",8757,2225,6532,25.4082448327053,365,94,4,2025-01-01T03:00:00Z,2025-12-31T23:00:00Z,19,23,64,81,82
dados_A328_H_2017-01-01_2025-12-31.csv,A328,SURUBIM,AUTOMATICA,-7.84249999,-35.79027777,421.44,Horaria,2025,velocidade_vento_ms,"VENTO, VELOCIDADE HORARIA(m/s)",8757,2225,6532,25.4082448327053,365,94,4,2025-01-01T03:00:00Z,2025-12-31T23:00:00Z,0,0.3,3.4,5.9,6.9
dados_A329_H_2017-01-01_2025-12-31.csv,A329,CABROBO,AUTOMATICA,-8.50388888,-39.31527777,342.74,Horaria,2017,direcao_vento_graus,"VENTO, DIRECAO HORARIA (gr)(° (gr))",8760,8712,48,99.4520547945206,365,364,12,2017-01-01T03:00:00Z,2018-01-01T02:00:00Z,1,44,162,231.779999999999,359
dados_A329_H_2017-01-01_2025-12-31.csv,A329,CABROBO,AUTOMATICA,-8.50388888,-39.31527777,342.74,Horaria,2017,pressao_estacao_hpa,"PRESSAO ATMOSFERICA AO NIVEL DA ESTACAO, HORARIA(mB)",8760,8712,48,99.4520547945206,365,364,12,2017-01-01T03:00:00Z,2018-01-01T02:00:00Z,966.8,968.3,974.3,981,983
dados_A329_H_2017-01-01_2025-12-31.csv,A329,CABROBO,AUTOMATICA,-8.50388888,-39.31527777,342.74,Horaria,2017,temperatura_ar_c,"TEMPERATURA DO AR - BULBO SECO, HORARIA(°C)",8760,8712,48,99.4520547945206,365,364,12,2017-01-01T03:00:00Z,2018-01-01T02:00:00Z,16.2,19.4,26.9,35.7,38.6
dados_A329_H_2017-01-01_2025-12-31.csv,A329,CABROBO,AUTOMATICA,-8.50388888,-39.31527777,342.74,Horaria,2017,umidade_relativa_pct,"UMIDADE RELATIVA DO AR, HORARIA(%)",8760,8628,132,98.4931506849315,365,364,12,2017-01-01T03:00:00Z,2018-01-01T02:00:00Z,23,33,66,100,100
dados_A329_H_2017-01-01_2025-12-31.csv,A329,CABROBO,AUTOMATICA,-8.50388888,-39.31527777,342.74,Horaria,2017,velocidade_vento_ms,"VENTO, VELOCIDADE HORARIA(m/s)",8760,8712,48,99.4520547945206,365,364,12,2017-01-01T03:00:00Z,2018-01-01T02:00:00Z,0,0,0.5,7,12.2
dados_A329_H_2017-01-01_2025-12-31.csv,A329,CABROBO,AUTOMATICA,-8.50388888,-39.31527777,342.74,Horaria,2018,direcao_vento_graus,"VENTO, DIRECAO HORARIA (gr)(° (gr))",8760,8034,726,91.7123287671233,365,351,12,2018-01-01T03:00:00Z,2019-01-01T02:00:00Z,1,26,165,316,360
dados_A329_H_2017-01-01_2025-12-31.csv,A329,CABROBO,AUTOMATICA,-8.50388888,-39.31527777,342.74,Horaria,2018,pressao_estacao_hpa,"PRESSAO ATMOSFERICA AO NIVEL DA ESTACAO, HORARIA(mB)",8760,8034,726,91.7123287671233,365,351,12,2018-01-01T03:00:00Z,2019-01-01T02:00:00Z,966.2,968.7,974.9,981,982.6
dados_A329_H_2017-01-01_2025-12-31.csv,A329,CABROBO,AUTOMATICA,-8.50388888,-39.31527777,342.74,Horaria,2018,temperatura_ar_c,"TEMPERATURA DO AR - BULBO SECO, HORARIA(°C)",8760,8034,726,91.7123287671233,365,351,12,2018-01-01T03:00:00Z,2019-01-01T02:00:00Z,16.5,20,26.95,35.267,38
dados_A329_H_2017-01-01_2025-12-31.csv,A329,CABROBO,AUTOMATICA,-8.50388888,-39.31527777,342.74,Horaria,2018,umidade_relativa_pct,"UMIDADE RELATIVA DO AR, HORARIA(%)",8760,7951,809,90.7648401826484,365,351,12,2018-01-01T03:00:00Z,2019-01-01T02:00:00Z,21,28,62,99,100
dados_A329_H_2017-01-01_2025-12-31.csv,A329,CABROBO,AUTOMATICA,-8.50388888,-39.31527777,342.74,Horaria,2018,velocidade_vento_ms,"VENTO, VELOCIDADE HORARIA(m/s)",8760,8034,726,91.7123287671233,365,351,12,2018-01-01T03:00:00Z,2019-01-01T02:00:00Z,0,0,1.1,7.1,10.3
dados_A329_H_2017-01-01_2025-12-31.csv,A329,CABROBO,AUTOMATICA,-8.50388888,-39.31527777,342.74,Horaria,2019,direcao_vento_graus,"VENTO, DIRECAO HORARIA (gr)(° (gr))",8760,7488,1272,85.4794520547945,365,360,12,2019-01-01T03:00:00Z,2020-01-01T02:00:00Z,1,35,165,321,360
dados_A329_H_2017-01-01_2025-12-31.csv,A329,CABROBO,AUTOMATICA,-8.50388888,-39.31527777,342.74,Horaria,2019,pressao_estacao_hpa,"PRESSAO ATMOSFERICA AO NIVEL DA ESTACAO, HORARIA(mB)",8760,7489,1271,85.4908675799087,365,361,12,2019-01-01T03:00:00Z,2020-01-01T02:00:00Z,965.5,968.9,975,981.6,983.2
dados_A329_H_2017-01-01_2025-12-31.csv,A329,CABROBO,AUTOMATICA,-8.50388888,-39.31527777,342.74,Horaria,2019,temperatura_ar_c,"TEMPERATURA DO AR - BULBO SECO, HORARIA(°C)",8760,7489,1271,85.4908675799087,365,361,12,2019-01-01T03:00:00Z,2020-01-01T02:00:00Z,17.1,19.888,27.2,36.3,39.3
dados_A329_H_2017-01-01_2025-12-31.csv,A329,CABROBO,AUTOMATICA,-8.50388888,-39.31527777,342.74,Horaria,2019,umidade_relativa_pct,"UMIDADE RELATIVA DO AR, HORARIA(%)",8760,7402,1358,84.4977168949772,365,361,12,2019-01-01T03:00:00Z,2020-01-01T02:00:00Z,12,14,30,99,100
dados_A329_H_2017-01-01_2025-12-31.csv,A329,CABROBO,AUTOMATICA,-8.50388888,-39.31527777,342.74,Horaria,2019,velocidade_vento_ms,"VENTO, VELOCIDADE HORARIA(m/s)",8760,7488,1272,85.4794520547945,365,360,12,2019-01-01T03:00:00Z,2020-01-01T02:00:00Z,0,0,0.8,7.3,10
dados_A329_H_2017-01-01_2025-12-31.csv,A329,CABROBO,AUTOMATICA,-8.50388888,-39.31527777,342.74,Horaria,2020,direcao_vento_graus,"VENTO, DIRECAO HORARIA (gr)(° (gr))",8784,8783,1,99.9886156648452,366,366,12,2020-01-01T03:00:00Z,2021-01-01T02:00:00Z,1,18,165,339,360
dados_A329_H_2017-01-01_2025-12-31.csv,A329,CABROBO,AUTOMATICA,-8.50388888,-39.31527777,342.74,Horaria,2020,pressao_estacao_hpa,"PRESSAO ATMOSFERICA AO NIVEL DA ESTACAO, HORARIA(mB)",8784,8783,1,99.9886156648452,366,366,12,2020-01-01T03:00:00Z,2021-01-01T02:00:00Z,966.8,969.5,974.9,980.718,983.2
dados_A329_H_2017-01-01_2025-12-31.csv,A329,CABROBO,AUTOMATICA,-8.50388888,-39.31527777,342.74,Horaria,2020,temperatura_ar_c,"TEMPERATURA DO AR - BULBO SECO, HORARIA(°C)",8784,8783,1,99.9886156648452,366,366,12,2020-01-01T03:00:00Z,2021-01-01T02:00:00Z,16.1,19.7,26.6,35.218,38.2
dados_A329_H_2017-01-01_2025-12-31.csv,A329,CABROBO,AUTOMATICA,-8.50388888,-39.31527777,342.74,Horaria,2020,umidade_relativa_pct,"UMIDADE RELATIVA DO AR, HORARIA(%)",8784,4364,4420,49.6812386156649,366,182,6,2020-01-01T03:00:00Z,2021-01-01T02:00:00Z,14,15,18,90,97
dados_A329_H_2017-01-01_2025-12-31.csv,A329,CABROBO,AUTOMATICA,-8.50388888,-39.31527777,342.74,Horaria,2020,velocidade_vento_ms,"VENTO, VELOCIDADE HORARIA(m/s)",8784,8783,1,99.9886156648452,366,366,12,2020-01-01T03:00:00Z,2021-01-01T02:00:00Z,0,0,0.3,6.9,8.5
dados_A329_H_2017-01-01_2025-12-31.csv,A329,CABROBO,AUTOMATICA,-8.50388888,-39.31527777,342.74,Horaria,2021,direcao_vento_graus,"VENTO, DIRECAO HORARIA (gr)(° (gr))",8760,8247,513,94.1438356164384,365,364,12,2021-01-01T03:00:00Z,2022-01-01T02:00:00Z,1,22,164,330.54,360
dados_A329_H_2017-01-01_2025-12-31.csv,A329,CABROBO,AUTOMATICA,-8.50388888,-39.31527777,342.74,Horaria,2021,pressao_estacao_hpa,"PRESSAO ATMOSFERICA AO NIVEL DA ESTACAO, HORARIA(mB)",8760,8251,509,94.189497716895,365,364,12,2021-01-01T03:00:00Z,2022-01-01T02:00:00Z,966.7,968.8,974.6,981.9,983.9
dados_A329_H_2017-01-01_2025-12-31.csv,A329,CABROBO,AUTOMATICA,-8.50388888,-39.31527777,342.74,Horaria,2021,temperatura_ar_c,"TEMPERATURA DO AR - BULBO SECO, HORARIA(°C)",8760,8251,509,94.189497716895,365,364,12,2021-01-01T03:00:00Z,2022-01-01T02:00:00Z,16.6,20.05,26.9,35.3,38.8
dados_A329_H_2017-01-01_2025-12-31.csv,A329,CABROBO,AUTOMATICA,-8.50388888,-39.31527777,342.74,Horaria,2021,umidade_relativa_pct,"UMIDADE RELATIVA DO AR, HORARIA(%)",8760,0,8760,0,365,0,0,2021-01-01T03:00:00Z,2022-01-01T02:00:00Z,,,,,
dados_A329_H_2017-01-01_2025-12-31.csv,A329,CABROBO,AUTOMATICA,-8.50388888,-39.31527777,342.74,Horaria,2021,velocidade_vento_ms,"VENTO, VELOCIDADE HORARIA(m/s)",8760,8247,513,94.1438356164384,365,364,12,2021-01-01T03:00:00Z,2022-01-01T02:00:00Z,0,0,0.5,6.5,8
dados_A329_H_2017-01-01_2025-12-31.csv,A329,CABROBO,AUTOMATICA,-8.50388888,-39.31527777,342.74,Horaria,2022,direcao_vento_graus,"VENTO, DIRECAO HORARIA (gr)(° (gr))",8760,3122,5638,35.6392694063927,365,144,8,2022-01-01T03:00:00Z,2023-01-01T02:00:00Z,1,17.42,160,344,360
dados_A329_H_2017-01-01_2025-12-31.csv,A329,CABROBO,AUTOMATICA,-8.50388888,-39.31527777,342.74,Horaria,2022,pressao_estacao_hpa,"PRESSAO ATMOSFERICA AO NIVEL DA ESTACAO, HORARIA(mB)",8760,3123,5637,35.6506849315069,365,145,8,2022-01-01T03:00:00Z,2023-01-01T02:00:00Z,966,968.5,974,980.478,982.6
dados_A329_H_2017-01-01_2025-12-31.csv,A329,CABROBO,AUTOMATICA,-8.50388888,-39.31527777,342.74,Horaria,2022,temperatura_ar_c,"TEMPERATURA DO AR - BULBO SECO, HORARIA(°C)",8760,3123,5637,35.6506849315069,365,145,8,2022-01-01T03:00:00Z,2023-01-01T02:00:00Z,17.1,19.9,26.7,34.978,37.9
dados_A329_H_2017-01-01_2025-12-31.csv,A329,CABROBO,AUTOMATICA,-8.50388888,-39.31527777,342.74,Horaria,2022,umidade_relativa_pct,"UMIDADE RELATIVA DO AR, HORARIA(%)",8760,3029,5731,34.5776255707763,365,128,5,2022-01-01T03:00:00Z,2023-01-01T02:00:00Z,26,32,70,100,100
dados_A329_H_2017-01-01_2025-12-31.csv,A329,CABROBO,AUTOMATICA,-8.50388888,-39.31527777,342.74,Horaria,2022,velocidade_vento_ms,"VENTO, VELOCIDADE HORARIA(m/s)",8760,3122,5638,35.6392694063927,365,144,8,2022-01-01T03:00:00Z,2023-01-01T02:00:00Z,0,0,0,6.3,7.9
dados_A329_H_2017-01-01_2025-12-31.csv,A329,CABROBO,AUTOMATICA,-8.50388888,-39.31527777,342.74,Horaria,2023,direcao_vento_graus,"VENTO, DIRECAO HORARIA (gr)(° (gr))",8760,8759,1,99.9885844748859,365,365,12,2023-01-01T03:00:00Z,2024-01-01T02:00:00Z,1,30,163,325.42,360
dados_A329_H_2017-01-01_2025-12-31.csv,A329,CABROBO,AUTOMATICA,-8.50388888,-39.31527777,342.74,Horaria,2023,pressao_estacao_hpa,"PRESSAO ATMOSFERICA AO NIVEL DA ESTACAO, HORARIA(mB)",8760,8759,1,99.9885844748859,365,365,12,2023-01-01T03:00:00Z,2024-01-01T02:00:00Z,966.4,968.8,974.6,981.3,983.3
dados_A329_H_2017-01-01_2025-12-31.csv,A329,CABROBO,AUTOMATICA,-8.50388888,-39.31527777,342.74,Horaria,2023,temperatura_ar_c,"TEMPERATURA DO AR - BULBO SECO, HORARIA(°C)",8760,8759,1,99.9885844748859,365,365,12,2023-01-01T03:00:00Z,2024-01-01T02:00:00Z,17.1,20.4,27.1,36.942,39.6
dados_A329_H_2017-01-01_2025-12-31.csv,A329,CABROBO,AUTOMATICA,-8.50388888,-39.31527777,342.74,Horaria,2023,umidade_relativa_pct,"UMIDADE RELATIVA DO AR, HORARIA(%)",8760,8655,105,98.8013698630137,365,365,12,2023-01-01T03:00:00Z,2024-01-01T02:00:00Z,23,31,70,100,100
dados_A329_H_2017-01-01_2025-12-31.csv,A329,CABROBO,AUTOMATICA,-8.50388888,-39.31527777,342.74,Horaria,2023,velocidade_vento_ms,"VENTO, VELOCIDADE HORARIA(m/s)",8760,8759,1,99.9885844748859,365,365,12,2023-01-01T03:00:00Z,2024-01-01T02:00:00Z,0,0,0,5.9,8.3
dados_A329_H_2017-01-01_2025-12-31.csv,A329,CABROBO,AUTOMATICA,-8.50388888,-39.31527777,342.74,Horaria,2024,direcao_vento_graus,"VENTO, DIRECAO HORARIA (gr)(° (gr))",8784,8784,0,100,366,366,12,2024-01-01T03:00:00Z,2025-01-01T02:00:00Z,1,26,164,329,360
dados_A329_H_2017-01-01_2025-12-31.csv,A329,CABROBO,AUTOMATICA,-8.50388888,-39.31527777,342.74,Horaria,2024,pressao_estacao_hpa,"PRESSAO ATMOSFERICA AO NIVEL DA ESTACAO, HORARIA(mB)",8784,8784,0,100,366,366,12,2024-01-01T03:00:00Z,2025-01-01T02:00:00Z,966.2,969.3,974.8,981.3,982.9
dados_A329_H_2017-01-01_2025-12-31.csv,A329,CABROBO,AUTOMATICA,-8.50388888,-39.31527777,342.74,Horaria,2024,temperatura_ar_c,"TEMPERATURA DO AR - BULBO SECO, HORARIA(°C)",8784,8784,0,100,366,366,12,2024-01-01T03:00:00Z,2025-01-01T02:00:00Z,17,19.9,27.3,36.417,38.4
dados_A329_H_2017-01-01_2025-12-31.csv,A329,CABROBO,AUTOMATICA,-8.50388888,-39.31527777,342.74,Horaria,2024,umidade_relativa_pct,"UMIDADE RELATIVA DO AR, HORARIA(%)",8784,8248,536,93.8979963570127,366,366,12,2024-01-01T03:00:00Z,2025-01-01T02:00:00Z,26,35,70,100,100
dados_A329_H_2017-01-01_2025-12-31.csv,A329,CABROBO,AUTOMATICA,-8.50388888,-39.31527777,342.74,Horaria,2024,velocidade_vento_ms,"VENTO, VELOCIDADE HORARIA(m/s)",8784,8784,0,100,366,366,12,2024-01-01T03:00:00Z,2025-01-01T02:00:00Z,0,0,0,5.5,7.8
dados_A329_H_2017-01-01_2025-12-31.csv,A329,CABROBO,AUTOMATICA,-8.50388888,-39.31527777,342.74,Horaria,2025,direcao_vento_graus,"VENTO, DIRECAO HORARIA (gr)(° (gr))",8757,8753,4,99.9543222564805,365,365,12,2025-01-01T03:00:00Z,2025-12-31T23:00:00Z,1,33,164,306.48,360
dados_A329_H_2017-01-01_2025-12-31.csv,A329,CABROBO,AUTOMATICA,-8.50388888,-39.31527777,342.74,Horaria,2025,pressao_estacao_hpa,"PRESSAO ATMOSFERICA AO NIVEL DA ESTACAO, HORARIA(mB)",8757,8753,4,99.9543222564805,365,365,12,2025-01-01T03:00:00Z,2025-12-31T23:00:00Z,967.1,969,975,981.6,983.5
dados_A329_H_2017-01-01_2025-12-31.csv,A329,CABROBO,AUTOMATICA,-8.50388888,-39.31527777,342.74,Horaria,2025,temperatura_ar_c,"TEMPERATURA DO AR - BULBO SECO, HORARIA(°C)",8757,8753,4,99.9543222564805,365,365,12,2025-01-01T03:00:00Z,2025-12-31T23:00:00Z,17.8,20,27,36.1,38.9
dados_A329_H_2017-01-01_2025-12-31.csv,A329,CABROBO,AUTOMATICA,-8.50388888,-39.31527777,342.74,Horaria,2025,umidade_relativa_pct,"UMIDADE RELATIVA DO AR, HORARIA(%)",8757,8456,301,96.5627498001599,365,365,12,2025-01-01T03:00:00Z,2025-12-31T23:00:00Z,26,35,70,100,100
dados_A329_H_2017-01-01_2025-12-31.csv,A329,CABROBO,AUTOMATICA,-8.50388888,-39.31527777,342.74,Horaria,2025,velocidade_vento_ms,"VENTO, VELOCIDADE HORARIA(m/s)",8757,8753,4,99.9543222564805,365,365,12,2025-01-01T03:00:00Z,2025-12-31T23:00:00Z,0,0,0,4.7,7.9
dados_A341_H_2017-01-01_2025-12-31.csv,A341,CARUARU,AUTOMATICA,-8.35611111,-36.02833332,837,Horaria,2017,direcao_vento_graus,"VENTO, DIRECAO HORARIA (gr)(° (gr))",8760,8051,709,91.9063926940639,365,337,12,2017-01-01T03:00:00Z,2018-01-01T02:00:00Z,2,41,162,263.5,360
dados_A341_H_2017-01-01_2025-12-31.csv,A341,CARUARU,AUTOMATICA,-8.35611111,-36.02833332,837,Horaria,2017,pressao_estacao_hpa,"PRESSAO ATMOSFERICA AO NIVEL DA ESTACAO, HORARIA(mB)",8760,8051,709,91.9063926940639,365,337,12,2017-01-01T03:00:00Z,2018-01-01T02:00:00Z,944,945.35,950,955.1,956.8
dados_A341_H_2017-01-01_2025-12-31.csv,A341,CARUARU,AUTOMATICA,-8.35611111,-36.02833332,837,Horaria,2017,temperatura_ar_c,"TEMPERATURA DO AR - BULBO SECO, HORARIA(°C)",8760,8051,709,91.9063926940639,365,337,12,2017-01-01T03:00:00Z,2018-01-01T02:00:00Z,13.6,17.5,22.5,32.3,35.4
dados_A341_H_2017-01-01_2025-12-31.csv,A341,CARUARU,AUTOMATICA,-8.35611111,-36.02833332,837,Horaria,2017,umidade_relativa_pct,"UMIDADE RELATIVA DO AR, HORARIA(%)",8760,7648,1112,87.3059360730594,365,335,12,2017-01-01T03:00:00Z,2018-01-01T02:00:00Z,26,32,80,100,100
dados_A341_H_2017-01-01_2025-12-31.csv,A341,CARUARU,AUTOMATICA,-8.35611111,-36.02833332,837,Horaria,2017,velocidade_vento_ms,"VENTO, VELOCIDADE HORARIA(m/s)",8760,8051,709,91.9063926940639,365,337,12,2017-01-01T03:00:00Z,2018-01-01T02:00:00Z,0.1,0.4,3.5,6.55,8.6
dados_A341_H_2017-01-01_2025-12-31.csv,A341,CARUARU,AUTOMATICA,-8.35611111,-36.02833332,837,Horaria,2018,direcao_vento_graus,"VENTO, DIRECAO HORARIA (gr)(° (gr))",8760,6255,2505,71.4041095890411,365,285,11,2018-01-01T03:00:00Z,2019-01-01T02:00:00Z,2,14,97,247.46,360
dados_A341_H_2017-01-01_2025-12-31.csv,A341,CARUARU,AUTOMATICA,-8.35611111,-36.02833332,837,Horaria,2018,pressao_estacao_hpa,"PRESSAO ATMOSFERICA AO NIVEL DA ESTACAO, HORARIA(mB)",8760,6369,2391,72.7054794520548,365,294,11,2018-01-01T03:00:00Z,2019-01-01T02:00:00Z,914.6,917,923.1,951.5,953.8
dados_A341_H_2017-01-01_2025-12-31.csv,A341,CARUARU,AUTOMATICA,-8.35611111,-36.02833332,837,Horaria,2018,temperatura_ar_c,"TEMPERATURA DO AR - BULBO SECO, HORARIA(°C)",8760,6248,2512,71.324200913242,365,286,11,2018-01-01T03:00:00Z,2019-01-01T02:00:00Z,15.6,16.5,21.6,31.3,34
dados_A341_H_2017-01-01_2025-12-31.csv,A341,CARUARU,AUTOMATICA,-8.35611111,-36.02833332,837,Horaria,2018,umidade_relativa_pct,"UMIDADE RELATIVA DO AR, HORARIA(%)",8760,6425,2335,73.3447488584475,365,304,12,2018-01-01T03:00:00Z,2019-01-01T02:00:00Z,26,35,82,100,100
dados_A341_H_2017-01-01_2025-12-31.csv,A341,CARUARU,AUTOMATICA,-8.35611111,-36.02833332,837,Horaria,2018,velocidade_vento_ms,"VENTO, VELOCIDADE HORARIA(m/s)",8760,6255,2505,71.4041095890411,365,285,11,2018-01-01T03:00:00Z,2019-01-01T02:00:00Z,0.2,0.5,3.2,6.3,8.4
dados_A341_H_2017-01-01_2025-12-31.csv,A341,CARUARU,AUTOMATICA,-8.35611111,-36.02833332,837,Horaria,2019,direcao_vento_graus,"VENTO, DIRECAO HORARIA (gr)(° (gr))",8760,8760,0,100,365,365,12,2019-01-01T03:00:00Z,2020-01-01T02:00:00Z,1,14,89,256.459999999999,360
dados_A341_H_2017-01-01_2025-12-31.csv,A341,CARUARU,AUTOMATICA,-8.35611111,-36.02833332,837,Horaria,2019,pressao_estacao_hpa,"PRESSAO ATMOSFERICA AO NIVEL DA ESTACAO, HORARIA(mB)",8760,8760,0,100,365,365,12,2019-01-01T03:00:00Z,2020-01-01T02:00:00Z,914.9,917.1,921,925.9,927.4
dados_A341_H_2017-01-01_2025-12-31.csv,A341,CARUARU,AUTOMATICA,-8.35611111,-36.02833332,837,Horaria,2019,temperatura_ar_c,"TEMPERATURA DO AR - BULBO SECO, HORARIA(°C)",8760,8760,0,100,365,365,12,2019-01-01T03:00:00Z,2020-01-01T02:00:00Z,15.8,16.9,20.2,29.4,33.1
dados_A341_H_2017-01-01_2025-12-31.csv,A341,CARUARU,AUTOMATICA,-8.35611111,-36.02833332,837,Horaria,2019,umidade_relativa_pct,"UMIDADE RELATIVA DO AR, HORARIA(%)",8760,8646,114,98.6986301369863,365,365,12,2019-01-01T03:00:00Z,2020-01-01T02:00:00Z,27,41,92,98,100
dados_A341_H_2017-01-01_2025-12-31.csv,A341,CARUARU,AUTOMATICA,-8.35611111,-36.02833332,837,Horaria,2019,velocidade_vento_ms,"VENTO, VELOCIDADE HORARIA(m/s)",8760,8760,0,100,365,365,12,2019-01-01T03:00:00Z,2020-01-01T02:00:00Z,0.2,1,2.8,5.9,8.9
dados_A341_H_2017-01-01_2025-12-31.csv,A341,CARUARU,AUTOMATICA,-8.35611111,-36.02833332,837,Horaria,2020,direcao_vento_graus,"VENTO, DIRECAO HORARIA (gr)(° (gr))",8784,8784,0,100,366,366,12,2020-01-01T03:00:00Z,2021-01-01T02:00:00Z,1,13,90,277.34,360
dados_A341_H_2017-01-01_2025-12-31.csv,A341,CARUARU,AUTOMATICA,-8.35611111,-36.02833332,837,Horaria,2020,pressao_estacao_hpa,"PRESSAO ATMOSFERICA AO NIVEL DA ESTACAO, HORARIA(mB)",8784,8784,0,100,366,366,12,2020-01-01T03:00:00Z,2021-01-01T02:00:00Z,914.6,917.1,921,924.917,926.8
dados_A341_H_2017-01-01_2025-12-31.csv,A341,CARUARU,AUTOMATICA,-8.35611111,-36.02833332,837,Horaria,2020,temperatura_ar_c,"TEMPERATURA DO AR - BULBO SECO, HORARIA(°C)",8784,8784,0,100,366,366,12,2020-01-01T03:00:00Z,2021-01-01T02:00:00Z,15.6,16.6,20.5,29.5,32.5
dados_A341_H_2017-01-01_2025-12-31.csv,A341,CARUARU,AUTOMATICA,-8.35611111,-36.02833332,837,Horaria,2020,umidade_relativa_pct,"UMIDADE RELATIVA DO AR, HORARIA(%)",8784,8390,394,95.5145719489982,366,366,12,2020-01-01T03:00:00Z,2021-01-01T02:00:00Z,25,43,92,100,100
dados_A341_H_2017-01-01_2025-12-31.csv,A341,CARUARU,AUTOMATICA,-8.35611111,-36.02833332,837,Horaria,2020,velocidade_vento_ms,"VENTO, VELOCIDADE HORARIA(m/s)",8784,8784,0,100,366,366,12,2020-01-01T03:00:00Z,2021-01-01T02:00:00Z,0.3,0.8,2.6,6,9.4
dados_A341_H_2017-01-01_2025-12-31.csv,A341,CARUARU,AUTOMATICA,-8.35611111,-36.02833332,837,Horaria,2021,direcao_vento_graus,"VENTO, DIRECAO HORARIA (gr)(° (gr))",8760,595,8165,6.79223744292237,365,26,2,2021-01-01T03:00:00Z,2022-01-01T02:00:00Z,17,28.94,80,152.06,185
dados_A341_H_2017-01-01_2025-12-31.csv,A341,CARUARU,AUTOMATICA,-8.35611111,-36.02833332,837,Horaria,2021,pressao_estacao_hpa,"PRESSAO ATMOSFERICA AO NIVEL DA ESTACAO, HORARIA(mB)",8760,595,8165,6.79223744292237,365,26,2,2021-01-01T03:00:00Z,2022-01-01T02:00:00Z,916.5,917,919.4,922.1,922.8
dados_A341_H_2017-01-01_2025-12-31.csv,A341,CARUARU,AUTOMATICA,-8.35611111,-36.02833332,837,Horaria,2021,temperatura_ar_c,"TEMPERATURA DO AR - BULBO SECO, HORARIA(°C)",8760,594,8166,6.78082191780822,365,25,1,2021-01-01T03:00:00Z,2022-01-01T02:00:00Z,18.1,18.3,20.3,28.7,29.9
dados_A341_H_2017-01-01_2025-12-31.csv,A341,CARUARU,AUTOMATICA,-8.35611111,-36.02833332,837,Horaria,2021,umidade_relativa_pct,"UMIDADE RELATIVA DO AR, HORARIA(%)",8760,414,8346,4.72602739726027,365,25,1,2021-01-01T03:00:00Z,2022-01-01T02:00:00Z,40,43,76,100,100
dados_A341_H_2017-01-01_2025-12-31.csv,A341,CARUARU,AUTOMATICA,-8.35611111,-36.02833332,837,Horaria,2021,velocidade_vento_ms,"VENTO, VELOCIDADE HORARIA(m/s)",8760,595,8165,6.79223744292237,365,26,2,2021-01-01T03:00:00Z,2022-01-01T02:00:00Z,0.5,0.8,2.3,5.006,6.2
dados_A341_H_2017-01-01_2025-12-31.csv,A341,CARUARU,AUTOMATICA,-8.35611111,-36.02833332,837,Horaria,2022,direcao_vento_graus,"VENTO, DIRECAO HORARIA (gr)(° (gr))",8760,1955,6805,22.3173515981735,365,84,3,2022-01-01T03:00:00Z,2023-01-01T02:00:00Z,12,31.54,132,199.76,356
dados_A341_H_2017-01-01_2025-12-31.csv,A341,CARUARU,AUTOMATICA,-8.35611111,-36.02833332,837,Horaria,2022,pressao_estacao_hpa,"PRESSAO ATMOSFERICA AO NIVEL DA ESTACAO, HORARIA(mB)",8760,3133,5627,35.7648401826484,365,134,6,2022-01-01T03:00:00Z,2023-01-01T02:00:00Z,917.3,918.7,921.5,924.8,925.8
dados_A341_H_2017-01-01_2025-12-31.csv,A341,CARUARU,AUTOMATICA,-8.35611111,-36.02833332,837,Horaria,2022,temperatura_ar_c,"TEMPERATURA DO AR - BULBO SECO, HORARIA(°C)",8760,3132,5628,35.7534246575342,365,133,6,2022-01-01T03:00:00Z,2023-01-01T02:00:00Z,14.8,16.231,18.6,25.569,27.9
dados_A341_H_2017-01-01_2025-12-31.csv,A341,CARUARU,AUTOMATICA,-8.35611111,-36.02833332,837,Horaria,2022,umidade_relativa_pct,"UMIDADE RELATIVA DO AR, HORARIA(%)",8760,3132,5628,35.7534246575342,365,133,6,2022-01-01T03:00:00Z,2023-01-01T02:00:00Z,45,54.31,92,95,95
dados_A341_H_2017-01-01_2025-12-31.csv,A341,CARUARU,AUTOMATICA,-8.35611111,-36.02833332,837,Horaria,2022,velocidade_vento_ms,"VENTO, VELOCIDADE HORARIA(m/s)",8760,1955,6805,22.3173515981735,365,84,3,2022-01-01T03:00:00Z,2023-01-01T02:00:00Z,0.3,0.7,2.4,5.746,6.9
dados_A341_H_2017-01-01_2025-12-31.csv,A341,CARUARU,AUTOMATICA,-8.35611111,-36.02833332,837,Horaria,2023,direcao_vento_graus,"VENTO, DIRECAO HORARIA (gr)(° (gr))",8760,5690,3070,64.9543378995434,365,238,8,2023-01-01T03:00:00Z,2024-01-01T02:00:00Z,1,18,91,186.11,360
dados_A341_H_2017-01-01_2025-12-31.csv,A341,CARUARU,AUTOMATICA,-8.35611111,-36.02833332,837,Horaria,2023,pressao_estacao_hpa,"PRESSAO ATMOSFERICA AO NIVEL DA ESTACAO, HORARIA(mB)",8760,4959,3801,56.6095890410959,365,238,8,2023-01-01T03:00:00Z,2024-01-01T02:00:00Z,915.2,917.2,921.3,925.7,927.1
dados_A341_H_2017-01-01_2025-12-31.csv,A341,CARUARU,AUTOMATICA,-8.35611111,-36.02833332,837,Horaria,2023,temperatura_ar_c,"TEMPERATURA DO AR - BULBO SECO, HORARIA(°C)",8760,5690,3070,64.9543378995434,365,238,8,2023-01-01T03:00:00Z,2024-01-01T02:00:00Z,16,16.8,19.7,28.7,30.5
dados_A341_H_2017-01-01_2025-12-31.csv,A341,CARUARU,AUTOMATICA,-8.35611111,-36.02833332,837,Horaria,2023,umidade_relativa_pct,"UMIDADE RELATIVA DO AR, HORARIA(%)",8760,5690,3070,64.9543378995434,365,238,8,2023-01-01T03:00:00Z,2024-01-01T02:00:00Z,34,44.89,93,96,97
dados_A341_H_2017-01-01_2025-12-31.csv,A341,CARUARU,AUTOMATICA,-8.35611111,-36.02833332,837,Horaria,2023,velocidade_vento_ms,"VENTO, VELOCIDADE HORARIA(m/s)",8760,5690,3070,64.9543378995434,365,238,8,2023-01-01T03:00:00Z,2024-01-01T02:00:00Z,0.2,0.9,2.2,5.2,7.7
dados_A341_H_2017-01-01_2025-12-31.csv,A341,CARUARU,AUTOMATICA,-8.35611111,-36.02833332,837,Horaria,2024,direcao_vento_graus,"VENTO, DIRECAO HORARIA (gr)(° (gr))",8784,8224,560,93.6247723132969,366,363,12,2024-01-01T03:00:00Z,2025-01-01T02:00:00Z,1,12,87,255.619999999997,360
dados_A341_H_2017-01-01_2025-12-31.csv,A341,CARUARU,AUTOMATICA,-8.35611111,-36.02833332,837,Horaria,2024,pressao_estacao_hpa,"PRESSAO ATMOSFERICA AO NIVEL DA ESTACAO, HORARIA(mB)",8784,8113,671,92.3611111111111,366,363,12,2024-01-01T03:00:00Z,2025-01-01T02:00:00Z,915.8,917,920.7,925.4,926.6
dados_A341_H_2017-01-01_2025-12-31.csv,A341,CARUARU,AUTOMATICA,-8.35611111,-36.02833332,837,Horaria,2024,temperatura_ar_c,"TEMPERATURA DO AR - BULBO SECO, HORARIA(°C)",8784,8225,559,93.6361566484517,366,363,12,2024-01-01T03:00:00Z,2025-01-01T02:00:00Z,15.3,16.7,20.8,29.4,31.1
dados_A341_H_2017-01-01_2025-12-31.csv,A341,CARUARU,AUTOMATICA,-8.35611111,-36.02833332,837,Horaria,2024,umidade_relativa_pct,"UMIDADE RELATIVA DO AR, HORARIA(%)",8784,8225,559,93.6361566484517,366,363,12,2024-01-01T03:00:00Z,2025-01-01T02:00:00Z,34,43,91,98,98
dados_A341_H_2017-01-01_2025-12-31.csv,A341,CARUARU,AUTOMATICA,-8.35611111,-36.02833332,837,Horaria,2024,velocidade_vento_ms,"VENTO, VELOCIDADE HORARIA(m/s)",8784,8224,560,93.6247723132969,366,363,12,2024-01-01T03:00:00Z,2025-01-01T02:00:00Z,0.2,0.8,2.1,5.2,7.1
dados_A341_H_2017-01-01_2025-12-31.csv,A341,CARUARU,AUTOMATICA,-8.35611111,-36.02833332,837,Horaria,2025,direcao_vento_graus,"VENTO, DIRECAO HORARIA (gr)(° (gr))",8757,8754,3,99.9657416923604,365,365,12,2025-01-01T03:00:00Z,2025-12-31T23:00:00Z,1,17,91,181,359
dados_A341_H_2017-01-01_2025-12-31.csv,A341,CARUARU,AUTOMATICA,-8.35611111,-36.02833332,837,Horaria,2025,pressao_estacao_hpa,"PRESSAO ATMOSFERICA AO NIVEL DA ESTACAO, HORARIA(mB)",8757,8754,3,99.9657416923604,365,365,12,2025-01-01T03:00:00Z,2025-12-31T23:00:00Z,914.8,916.553,920.9,925.2,927.2
dados_A341_H_2017-01-01_2025-12-31.csv,A341,CARUARU,AUTOMATICA,-8.35611111,-36.02833332,837,Horaria,2025,temperatura_ar_c,"TEMPERATURA DO AR - BULBO SECO, HORARIA(°C)",8757,8754,3,99.9657416923604,365,365,12,2025-01-01T03:00:00Z,2025-12-31T23:00:00Z,15.6,16.6,19.9,29.2,31.4
dados_A341_H_2017-01-01_2025-12-31.csv,A341,CARUARU,AUTOMATICA,-8.35611111,-36.02833332,837,Horaria,2025,umidade_relativa_pct,"UMIDADE RELATIVA DO AR, HORARIA(%)",8757,8754,3,99.9657416923604,365,365,12,2025-01-01T03:00:00Z,2025-12-31T23:00:00Z,27,42,93,98,98
dados_A341_H_2017-01-01_2025-12-31.csv,A341,CARUARU,AUTOMATICA,-8.35611111,-36.02833332,837,Horaria,2025,velocidade_vento_ms,"VENTO, VELOCIDADE HORARIA(m/s)",8757,8754,3,99.9657416923604,365,365,12,2025-01-01T03:00:00Z,2025-12-31T23:00:00Z,0.2,0.8,2.1,5.64699999999994,7.3
dados_A349_H_2017-01-01_2025-12-31.csv,A349,IBIMIRIM,AUTOMATICA,-8.50944444,-37.71166666,434.23,Horaria,2017,direcao_vento_graus,"VENTO, DIRECAO HORARIA (gr)(° (gr))",8760,8069,691,92.1118721461187,365,361,12,2017-01-01T03:00:00Z,2018-01-01T02:00:00Z,1,23.68,155,266.32,360
dados_A349_H_2017-01-01_2025-12-31.csv,A349,IBIMIRIM,AUTOMATICA,-8.50944444,-37.71166666,434.23,Horaria,2017,pressao_estacao_hpa,"PRESSAO ATMOSFERICA AO NIVEL DA ESTACAO, HORARIA(mB)",8760,8069,691,92.1118721461187,365,361,12,2017-01-01T03:00:00Z,2018-01-01T02:00:00Z,956.5,958.4,964.5,970.6,972
dados_A349_H_2017-01-01_2025-12-31.csv,A349,IBIMIRIM,AUTOMATICA,-8.50944444,-37.71166666,434.23,Horaria,2017,temperatura_ar_c,"TEMPERATURA DO AR - BULBO SECO, HORARIA(°C)",8760,8069,691,92.1118721461187,365,361,12,2017-01-01T03:00:00Z,2018-01-01T02:00:00Z,15.3,17.768,25.5,35.9,39
dados_A349_H_2017-01-01_2025-12-31.csv,A349,IBIMIRIM,AUTOMATICA,-8.50944444,-37.71166666,434.23,Horaria,2017,umidade_relativa_pct,"UMIDADE RELATIVA DO AR, HORARIA(%)",8760,8069,691,92.1118721461187,365,361,12,2017-01-01T03:00:00Z,2018-01-01T02:00:00Z,12,20.68,61,92,94
dados_A349_H_2017-01-01_2025-12-31.csv,A349,IBIMIRIM,AUTOMATICA,-8.50944444,-37.71166666,434.23,Horaria,2017,velocidade_vento_ms,"VENTO, VELOCIDADE HORARIA(m/s)",8760,8069,691,92.1118721461187,365,361,12,2017-01-01T03:00:00Z,2018-01-01T02:00:00Z,0.2,0.7,3.3,7.3,9.4
dados_A349_H_2017-01-01_2025-12-31.csv,A349,IBIMIRIM,AUTOMATICA,-8.50944444,-37.71166666,434.23,Horaria,2018,direcao_vento_graus,"VENTO, DIRECAO HORARIA (gr)(° (gr))",8760,8760,0,100,365,365,12,2018-01-01T03:00:00Z,2019-01-01T02:00:00Z,1,14,149,337,360
dados_A349_H_2017-01-01_2025-12-31.csv,A349,IBIMIRIM,AUTOMATICA,-8.50944444,-37.71166666,434.23,Horaria,2018,pressao_estacao_hpa,"PRESSAO ATMOSFERICA AO NIVEL DA ESTACAO, HORARIA(mB)",8760,8760,0,100,365,365,12,2018-01-01T03:00:00Z,2019-01-01T02:00:00Z,955.9,958.5,964.5,970.2,971.7
dados_A349_H_2017-01-01_2025-12-31.csv,A349,IBIMIRIM,AUTOMATICA,-8.50944444,-37.71166666,434.23,Horaria,2018,temperatura_ar_c,"TEMPERATURA DO AR - BULBO SECO, HORARIA(°C)",8760,8760,0,100,365,365,12,2018-01-01T03:00:00Z,2019-01-01T02:00:00Z,14.9,17.5,25.4,35.7,37.7
dados_A349_H_2017-01-01_2025-12-31.csv,A349,IBIMIRIM,AUTOMATICA,-8.50944444,-37.71166666,434.23,Horaria,2018,umidade_relativa_pct,"UMIDADE RELATIVA DO AR, HORARIA(%)",8760,8760,0,100,365,365,12,2018-01-01T03:00:00Z,2019-01-01T02:00:00Z,15,20,62,92,94
dados_A349_H_2017-01-01_2025-12-31.csv,A349,IBIMIRIM,AUTOMATICA,-8.50944444,-37.71166666,434.23,Horaria,2018,velocidade_vento_ms,"VENTO, VELOCIDADE HORARIA(m/s)",8760,8760,0,100,365,365,12,2018-01-01T03:00:00Z,2019-01-01T02:00:00Z,0.1,0.5,2.9,6.7,9.3
dados_A349_H_2017-01-01_2025-12-31.csv,A349,IBIMIRIM,AUTOMATICA,-8.50944444,-37.71166666,434.23,Horaria,2019,direcao_vento_graus,"VENTO, DIRECAO HORARIA (gr)(° (gr))",8760,7492,1268,85.5251141552512,365,337,12,2019-01-01T03:00:00Z,2020-01-01T02:00:00Z,1,17,151,330.09,360
dados_A349_H_2017-01-01_2025-12-31.csv,A349,IBIMIRIM,AUTOMATICA,-8.50944444,-37.71166666,434.23,Horaria,2019,pressao_estacao_hpa,"PRESSAO ATMOSFERICA AO NIVEL DA ESTACAO, HORARIA(mB)",8760,7491,1269,85.513698630137,365,337,12,2019-01-01T03:00:00Z,2020-01-01T02:00:00Z,955.7,958.7,964.4,970.5,972.1
dados_A349_H_2017-01-01_2025-12-31.csv,A349,IBIMIRIM,AUTOMATICA,-8.50944444,-37.71166666,434.23,Horaria,2019,temperatura_ar_c,"TEMPERATURA DO AR - BULBO SECO, HORARIA(°C)",8760,7492,1268,85.5251141552512,365,337,12,2019-01-01T03:00:00Z,2020-01-01T02:00:00Z,15.9,18.391,25.9,35.7,40.2
dados_A349_H_2017-01-01_2025-12-31.csv,A349,IBIMIRIM,AUTOMATICA,-8.50944444,-37.71166666,434.23,Horaria,2019,umidade_relativa_pct,"UMIDADE RELATIVA DO AR, HORARIA(%)",8760,7492,1268,85.5251141552512,365,337,12,2019-01-01T03:00:00Z,2020-01-01T02:00:00Z,11,19,60,92,96
dados_A349_H_2017-01-01_2025-12-31.csv,A349,IBIMIRIM,AUTOMATICA,-8.50944444,-37.71166666,434.23,Horaria,2019,velocidade_vento_ms,"VENTO, VELOCIDADE HORARIA(m/s)",8760,7492,1268,85.5251141552512,365,337,12,2019-01-01T03:00:00Z,2020-01-01T02:00:00Z,0.1,0.5,3,6.8,9
dados_A349_H_2017-01-01_2025-12-31.csv,A349,IBIMIRIM,AUTOMATICA,-8.50944444,-37.71166666,434.23,Horaria,2020,direcao_vento_graus,"VENTO, DIRECAO HORARIA (gr)(° (gr))",8784,8784,0,100,366,366,12,2020-01-01T03:00:00Z,2021-01-01T02:00:00Z,1,13,152,343.34,360
dados_A349_H_2017-01-01_2025-12-31.csv,A349,IBIMIRIM,AUTOMATICA,-8.50944444,-37.71166666,434.23,Horaria,2020,pressao_estacao_hpa,"PRESSAO ATMOSFERICA AO NIVEL DA ESTACAO, HORARIA(mB)",8784,8784,0,100,366,366,12,2020-01-01T03:00:00Z,2021-01-01T02:00:00Z,957,959.2,964.5,969.817,972.2
dados_A349_H_2017-01-01_2025-12-31.csv,A349,IBIMIRIM,AUTOMATICA,-8.50944444,-37.71166666,434.23,Horaria,2020,temperatura_ar_c,"TEMPERATURA DO AR - BULBO SECO, HORARIA(°C)",8784,8784,0,100,366,366,12,2020-01-01T03:00:00Z,2021-01-01T02:00:00Z,12.5,16.6,24.9,35,37.3
dados_A349_H_2017-01-01_2025-12-31.csv,A349,IBIMIRIM,AUTOMATICA,-8.50944444,-37.71166666,434.23,Horaria,2020,umidade_relativa_pct,"UMIDADE RELATIVA DO AR, HORARIA(%)",8784,8784,0,100,366,366,12,2020-01-01T03:00:00Z,2021-01-01T02:00:00Z,14,23,68,93,96
dados_A349_H_2017-01-01_2025-12-31.csv,A349,IBIMIRIM,AUTOMATICA,-8.50944444,-37.71166666,434.23,Horaria,2020,velocidade_vento_ms,"VENTO, VELOCIDADE HORARIA(m/s)",8784,8784,0,100,366,366,12,2020-01-01T03:00:00Z,2021-01-01T02:00:00Z,0.1,0.4,2.4,6.31700000000001,8.8
dados_A349_H_2017-01-01_2025-12-31.csv,A349,IBIMIRIM,AUTOMATICA,-8.50944444,-37.71166666,434.23,Horaria,2021,direcao_vento_graus,"VENTO, DIRECAO HORARIA (gr)(° (gr))",8760,8738,22,99.7488584474886,365,365,12,2021-01-01T03:00:00Z,2022-01-01T02:00:00Z,1,11,153,337.629999999999,360
dados_A349_H_2017-01-01_2025-12-31.csv,A349,IBIMIRIM,AUTOMATICA,-8.50944444,-37.71166666,434.23,Horaria,2021,pressao_estacao_hpa,"PRESSAO ATMOSFERICA AO NIVEL DA ESTACAO, HORARIA(mB)",8760,8742,18,99.7945205479452,365,365,12,2021-01-01T03:00:00Z,2022-01-01T02:00:00Z,956.6,958.2,964,970.8,972.9
dados_A349_H_2017-01-01_2025-12-31.csv,A349,IBIMIRIM,AUTOMATICA,-8.50944444,-37.71166666,434.23,Horaria,2021,temperatura_ar_c,"TEMPERATURA DO AR - BULBO SECO, HORARIA(°C)",8760,8742,18,99.7945205479452,365,365,12,2021-01-01T03:00:00Z,2022-01-01T02:00:00Z,16.3,17.9,25.3,35.759,37.8
dados_A349_H_2017-01-01_2025-12-31.csv,A349,IBIMIRIM,AUTOMATICA,-8.50944444,-37.71166666,434.23,Horaria,2021,umidade_relativa_pct,"UMIDADE RELATIVA DO AR, HORARIA(%)",8760,8742,18,99.7945205479452,365,365,12,2021-01-01T03:00:00Z,2022-01-01T02:00:00Z,13,22,64,93,96
dados_A349_H_2017-01-01_2025-12-31.csv,A349,IBIMIRIM,AUTOMATICA,-8.50944444,-37.71166666,434.23,Horaria,2021,velocidade_vento_ms,"VENTO, VELOCIDADE HORARIA(m/s)",8760,8738,22,99.7488584474886,365,365,12,2021-01-01T03:00:00Z,2022-01-01T02:00:00Z,0.1,0.6,2.7,6.3,8
dados_A349_H_2017-01-01_2025-12-31.csv,A349,IBIMIRIM,AUTOMATICA,-8.50944444,-37.71166666,434.23,Horaria,2022,direcao_vento_graus,"VENTO, DIRECAO HORARIA (gr)(° (gr))",8760,7554,1206,86.2328767123288,365,316,12,2022-01-01T03:00:00Z,2023-01-01T02:00:00Z,1,11,150,344,360
dados_A349_H_2017-01-01_2025-12-31.csv,A349,IBIMIRIM,AUTOMATICA,-8.50944444,-37.71166666,434.23,Horaria,2022,pressao_estacao_hpa,"PRESSAO ATMOSFERICA AO NIVEL DA ESTACAO, HORARIA(mB)",8760,7554,1206,86.2328767123288,365,316,12,2022-01-01T03:00:00Z,2023-01-01T02:00:00Z,954.9,958.5,963.7,969.3,971.3
dados_A349_H_2017-01-01_2025-12-31.csv,A349,IBIMIRIM,AUTOMATICA,-8.50944444,-37.71166666,434.23,Horaria,2022,temperatura_ar_c,"TEMPERATURA DO AR - BULBO SECO, HORARIA(°C)",8760,7554,1206,86.2328767123288,365,316,12,2022-01-01T03:00:00Z,2023-01-01T02:00:00Z,14.7,18,24.8,34.2,35.7
dados_A349_H_2017-01-01_2025-12-31.csv,A349,IBIMIRIM,AUTOMATICA,-8.50944444,-37.71166666,434.23,Horaria,2022,umidade_relativa_pct,"UMIDADE RELATIVA DO AR, HORARIA(%)",8760,7554,1206,86.2328767123288,365,316,12,2022-01-01T03:00:00Z,2023-01-01T02:00:00Z,17,26,68,92,95
dados_A349_H_2017-01-01_2025-12-31.csv,A349,IBIMIRIM,AUTOMATICA,-8.50944444,-37.71166666,434.23,Horaria,2022,velocidade_vento_ms,"VENTO, VELOCIDADE HORARIA(m/s)",8760,7554,1206,86.2328767123288,365,316,12,2022-01-01T03:00:00Z,2023-01-01T02:00:00Z,0.2,0.5,2.4,6.2,7.5
dados_A349_H_2017-01-01_2025-12-31.csv,A349,IBIMIRIM,AUTOMATICA,-8.50944444,-37.71166666,434.23,Horaria,2023,direcao_vento_graus,"VENTO, DIRECAO HORARIA (gr)(° (gr))",8760,8759,1,99.9885844748859,365,365,12,2023-01-01T03:00:00Z,2024-01-01T02:00:00Z,1,14,151,324,360
dados_A349_H_2017-01-01_2025-12-31.csv,A349,IBIMIRIM,AUTOMATICA,-8.50944444,-37.71166666,434.23,Horaria,2023,pressao_estacao_hpa,"PRESSAO ATMOSFERICA AO NIVEL DA ESTACAO, HORARIA(mB)",8760,8760,0,100,365,365,12,2023-01-01T03:00:00Z,2024-01-01T02:00:00Z,956.7,958.6,964.4,970.6,972.3
dados_A349_H_2017-01-01_2025-12-31.csv,A349,IBIMIRIM,AUTOMATICA,-8.50944444,-37.71166666,434.23,Horaria,2023,temperatura_ar_c,"TEMPERATURA DO AR - BULBO SECO, HORARIA(°C)",8760,8760,0,100,365,365,12,2023-01-01T03:00:00Z,2024-01-01T02:00:00Z,15.2,18.2,25.3,36.1,38.2
dados_A349_H_2017-01-01_2025-12-31.csv,A349,IBIMIRIM,AUTOMATICA,-8.50944444,-37.71166666,434.23,Horaria,2023,umidade_relativa_pct,"UMIDADE RELATIVA DO AR, HORARIA(%)",8760,1917,6843,21.8835616438356,365,80,3,2023-01-01T03:00:00Z,2024-01-01T02:00:00Z,17,23,61,91,95
dados_A349_H_2017-01-01_2025-12-31.csv,A349,IBIMIRIM,AUTOMATICA,-8.50944444,-37.71166666,434.23,Horaria,2023,velocidade_vento_ms,"VENTO, VELOCIDADE HORARIA(m/s)",8760,8759,1,99.9885844748859,365,365,12,2023-01-01T03:00:00Z,2024-01-01T02:00:00Z,0.2,0.5,2.6,6.1,8.8
dados_A349_H_2017-01-01_2025-12-31.csv,A349,IBIMIRIM,AUTOMATICA,-8.50944444,-37.71166666,434.23,Horaria,2024,direcao_vento_graus,"VENTO, DIRECAO HORARIA (gr)(° (gr))",8784,3762,5022,42.827868852459,366,158,7,2024-01-01T03:00:00Z,2025-01-01T02:00:00Z,1,10,142,350.39,360
dados_A349_H_2017-01-01_2025-12-31.csv,A349,IBIMIRIM,AUTOMATICA,-8.50944444,-37.71166666,434.23,Horaria,2024,pressao_estacao_hpa,"PRESSAO ATMOSFERICA AO NIVEL DA ESTACAO, HORARIA(mB)",8784,3762,5022,42.827868852459,366,158,7,2024-01-01T03:00:00Z,2025-01-01T02:00:00Z,957.7,958.8,963.3,966.7,967.9
dados_A349_H_2017-01-01_2025-12-31.csv,A349,IBIMIRIM,AUTOMATICA,-8.50944444,-37.71166666,434.23,Horaria,2024,temperatura_ar_c,"TEMPERATURA DO AR - BULBO SECO, HORARIA(°C)",8784,3762,5022,42.827868852459,366,158,7,2024-01-01T03:00:00Z,2025-01-01T02:00:00Z,20,21.2,26.8,36.4,37.9
dados_A349_H_2017-01-01_2025-12-31.csv,A349,IBIMIRIM,AUTOMATICA,-8.50944444,-37.71166666,434.23,Horaria,2024,umidade_relativa_pct,"UMIDADE RELATIVA DO AR, HORARIA(%)",8784,0,8784,0,366,0,0,2024-01-01T03:00:00Z,2025-01-01T02:00:00Z,,,,,
dados_A349_H_2017-01-01_2025-12-31.csv,A349,IBIMIRIM,AUTOMATICA,-8.50944444,-37.71166666,434.23,Horaria,2024,velocidade_vento_ms,"VENTO, VELOCIDADE HORARIA(m/s)",8784,3762,5022,42.827868852459,366,158,7,2024-01-01T03:00:00Z,2025-01-01T02:00:00Z,0.2,0.4,2.1,5.53899999999999,7.4
dados_A349_H_2017-01-01_2025-12-31.csv,A349,IBIMIRIM,AUTOMATICA,-8.50944444,-37.71166666,434.23,Horaria,2025,direcao_vento_graus,"VENTO, DIRECAO HORARIA (gr)(° (gr))",8757,8755,2,99.9771611282403,365,365,12,2025-01-01T03:00:00Z,2025-12-31T23:00:00Z,1,14,153,315,360
dados_A349_H_2017-01-01_2025-12-31.csv,A349,IBIMIRIM,AUTOMATICA,-8.50944444,-37.71166666,434.23,Horaria,2025,pressao_estacao_hpa,"PRESSAO ATMOSFERICA AO NIVEL DA ESTACAO, HORARIA(mB)",8757,8755,2,99.9771611282403,365,365,12,2025-01-01T03:00:00Z,2025-12-31T23:00:00Z,956.7,958.5,964.6,970.5,972
dados_A349_H_2017-01-01_2025-12-31.csv,A349,IBIMIRIM,AUTOMATICA,-8.50944444,-37.71166666,434.23,Horaria,2025,temperatura_ar_c,"TEMPERATURA DO AR - BULBO SECO, HORARIA(°C)",8757,8755,2,99.9771611282403,365,365,12,2025-01-01T03:00:00Z,2025-12-31T23:00:00Z,14.7,18.1,25.3,36.2,38.7
dados_A349_H_2017-01-01_2025-12-31.csv,A349,IBIMIRIM,AUTOMATICA,-8.50944444,-37.71166666,434.23,Horaria,2025,umidade_relativa_pct,"UMIDADE RELATIVA DO AR, HORARIA(%)",8757,7934,823,90.601804270869,365,331,11,2025-01-01T03:00:00Z,2025-12-31T23:00:00Z,13,23,68,97,98
dados_A349_H_2017-01-01_2025-12-31.csv,A349,IBIMIRIM,AUTOMATICA,-8.50944444,-37.71166666,434.23,Horaria,2025,velocidade_vento_ms,"VENTO, VELOCIDADE HORARIA(m/s)",8757,8755,2,99.9771611282403,365,365,12,2025-01-01T03:00:00Z,2025-12-31T23:00:00Z,0.1,0.5,2.7,5.9,7.8
dados_A350_H_2017-01-01_2025-12-31.csv,A350,SERRA TALHADA,AUTOMATICA,-7.95416666,-38.29499999,499.02,Horaria,2017,direcao_vento_graus,"VENTO, DIRECAO HORARIA (gr)(° (gr))",8760,8760,0,100,365,365,12,2017-01-01T03:00:00Z,2018-01-01T02:00:00Z,1,5,170,355.41,360
dados_A350_H_2017-01-01_2025-12-31.csv,A350,SERRA TALHADA,AUTOMATICA,-7.95416666,-38.29499999,499.02,Horaria,2017,pressao_estacao_hpa,"PRESSAO ATMOSFERICA AO NIVEL DA ESTACAO, HORARIA(mB)",8760,8760,0,100,365,365,12,2017-01-01T03:00:00Z,2018-01-01T02:00:00Z,949.6,951.4,957,963,964.7
dados_A350_H_2017-01-01_2025-12-31.csv,A350,SERRA TALHADA,AUTOMATICA,-7.95416666,-38.29499999,499.02,Horaria,2017,temperatura_ar_c,"TEMPERATURA DO AR - BULBO SECO, HORARIA(°C)",8760,8760,0,100,365,365,12,2017-01-01T03:00:00Z,2018-01-01T02:00:00Z,15.8,18.1,25.2,35,37
dados_A350_H_2017-01-01_2025-12-31.csv,A350,SERRA TALHADA,AUTOMATICA,-7.95416666,-38.29499999,499.02,Horaria,2017,umidade_relativa_pct,"UMIDADE RELATIVA DO AR, HORARIA(%)",8760,8760,0,100,365,365,12,2017-01-01T03:00:00Z,2018-01-01T02:00:00Z,10,18,58,89,91
dados_A350_H_2017-01-01_2025-12-31.csv,A350,SERRA TALHADA,AUTOMATICA,-7.95416666,-38.29499999,499.02,Horaria,2017,velocidade_vento_ms,"VENTO, VELOCIDADE HORARIA(m/s)",8760,8760,0,100,365,365,12,2017-01-01T03:00:00Z,2018-01-01T02:00:00Z,0.1,0.4,2.5,5.7,8.5
dados_A350_H_2017-01-01_2025-12-31.csv,A350,SERRA TALHADA,AUTOMATICA,-7.95416666,-38.29499999,499.02,Horaria,2018,direcao_vento_graus,"VENTO, DIRECAO HORARIA (gr)(° (gr))",8760,7766,994,88.6529680365297,365,325,12,2018-01-01T03:00:00Z,2019-01-01T02:00:00Z,1,4,171,357,360
dados_A350_H_2017-01-01_2025-12-31.csv,A350,SERRA TALHADA,AUTOMATICA,-7.95416666,-38.29499999,499.02,Horaria,2018,pressao_estacao_hpa,"PRESSAO ATMOSFERICA AO NIVEL DA ESTACAO, HORARIA(mB)",8760,7766,994,88.6529680365297,365,325,12,2018-01-01T03:00:00Z,2019-01-01T02:00:00Z,949,951.3,956.6,962.3,964.2
dados_A350_H_2017-01-01_2025-12-31.csv,A350,SERRA TALHADA,AUTOMATICA,-7.95416666,-38.29499999,499.02,Horaria,2018,temperatura_ar_c,"TEMPERATURA DO AR - BULBO SECO, HORARIA(°C)",8760,7766,994,88.6529680365297,365,325,12,2018-01-01T03:00:00Z,2019-01-01T02:00:00Z,16.9,19.1,25.6,34.9,37.2
dados_A350_H_2017-01-01_2025-12-31.csv,A350,SERRA TALHADA,AUTOMATICA,-7.95416666,-38.29499999,499.02,Horaria,2018,umidade_relativa_pct,"UMIDADE RELATIVA DO AR, HORARIA(%)",8760,7766,994,88.6529680365297,365,325,12,2018-01-01T03:00:00Z,2019-01-01T02:00:00Z,12,17,55,88,90
dados_A350_H_2017-01-01_2025-12-31.csv,A350,SERRA TALHADA,AUTOMATICA,-7.95416666,-38.29499999,499.02,Horaria,2018,velocidade_vento_ms,"VENTO, VELOCIDADE HORARIA(m/s)",8760,7766,994,88.6529680365297,365,325,12,2018-01-01T03:00:00Z,2019-01-01T02:00:00Z,0.1,0.4,2.3,5.3,6.9
dados_A350_H_2017-01-01_2025-12-31.csv,A350,SERRA TALHADA,AUTOMATICA,-7.95416666,-38.29499999,499.02,Horaria,2019,direcao_vento_graus,"VENTO, DIRECAO HORARIA (gr)(° (gr))",8760,8760,0,100,365,365,12,2019-01-01T03:00:00Z,2020-01-01T02:00:00Z,1,5,172,356,360
dados_A350_H_2017-01-01_2025-12-31.csv,A350,SERRA TALHADA,AUTOMATICA,-7.95416666,-38.29499999,499.02,Horaria,2019,pressao_estacao_hpa,"PRESSAO ATMOSFERICA AO NIVEL DA ESTACAO, HORARIA(mB)",8760,8760,0,100,365,365,12,2019-01-01T03:00:00Z,2020-01-01T02:00:00Z,948.5,951.6,957,963,964.5
dados_A350_H_2017-01-01_2025-12-31.csv,A350,SERRA TALHADA,AUTOMATICA,-7.95416666,-38.29499999,499.02,Horaria,2019,temperatura_ar_c,"TEMPERATURA DO AR - BULBO SECO, HORARIA(°C)",8760,8760,0,100,365,365,12,2019-01-01T03:00:00Z,2020-01-01T02:00:00Z,16.7,18.9,25.5,35.2,37.4
dados_A350_H_2017-01-01_2025-12-31.csv,A350,SERRA TALHADA,AUTOMATICA,-7.95416666,-38.29499999,499.02,Horaria,2019,umidade_relativa_pct,"UMIDADE RELATIVA DO AR, HORARIA(%)",8760,8760,0,100,365,365,12,2019-01-01T03:00:00Z,2020-01-01T02:00:00Z,11,15,56,89,91
dados_A350_H_2017-01-01_2025-12-31.csv,A350,SERRA TALHADA,AUTOMATICA,-7.95416666,-38.29499999,499.02,Horaria,2019,velocidade_vento_ms,"VENTO, VELOCIDADE HORARIA(m/s)",8760,8760,0,100,365,365,12,2019-01-01T03:00:00Z,2020-01-01T02:00:00Z,0.2,0.4,2.2,5.4,8.8
dados_A350_H_2017-01-01_2025-12-31.csv,A350,SERRA TALHADA,AUTOMATICA,-7.95416666,-38.29499999,499.02,Horaria,2020,direcao_vento_graus,"VENTO, DIRECAO HORARIA (gr)(° (gr))",8784,8784,0,100,366,366,12,2020-01-01T03:00:00Z,2021-01-01T02:00:00Z,1,4,174,356.17,360
dados_A350_H_2017-01-01_2025-12-31.csv,A350,SERRA TALHADA,AUTOMATICA,-7.95416666,-38.29499999,499.02,Horaria,2020,pressao_estacao_hpa,"PRESSAO ATMOSFERICA AO NIVEL DA ESTACAO, HORARIA(mB)",8784,8784,0,100,366,366,12,2020-01-01T03:00:00Z,2021-01-01T02:00:00Z,949.5,952.083,957.1,962.217,964.3
dados_A350_H_2017-01-01_2025-12-31.csv,A350,SERRA TALHADA,AUTOMATICA,-7.95416666,-38.29499999,499.02,Horaria,2020,temperatura_ar_c,"TEMPERATURA DO AR - BULBO SECO, HORARIA(°C)",8784,8784,0,100,366,366,12,2020-01-01T03:00:00Z,2021-01-01T02:00:00Z,15.3,18,24.9,34.6,36.9
dados_A350_H_2017-01-01_2025-12-31.csv,A350,SERRA TALHADA,AUTOMATICA,-7.95416666,-38.29499999,499.02,Horaria,2020,umidade_relativa_pct,"UMIDADE RELATIVA DO AR, HORARIA(%)",8784,8784,0,100,366,366,12,2020-01-01T03:00:00Z,2021-01-01T02:00:00Z,10,17,62,91,92
dados_A350_H_2017-01-01_2025-12-31.csv,A350,SERRA TALHADA,AUTOMATICA,-7.95416666,-38.29499999,499.02,Horaria,2020,velocidade_vento_ms,"VENTO, VELOCIDADE HORARIA(m/s)",8784,8784,0,100,366,366,12,2020-01-01T03:00:00Z,2021-01-01T02:00:00Z,0.2,0.4,2.1,5.1,7.8
dados_A350_H_2017-01-01_2025-12-31.csv,A350,SERRA TALHADA,AUTOMATICA,-7.95416666,-38.29499999,499.02,Horaria,2021,direcao_vento_graus,"VENTO, DIRECAO HORARIA (gr)(° (gr))",8760,4602,4158,52.5342465753425,365,271,12,2021-01-01T03:00:00Z,2022-01-01T02:00:00Z,1,5,175,357,360
dados_A350_H_2017-01-01_2025-12-31.csv,A350,SERRA TALHADA,AUTOMATICA,-7.95416666,-38.29499999,499.02,Horaria,2021,pressao_estacao_hpa,"PRESSAO ATMOSFERICA AO NIVEL DA ESTACAO, HORARIA(mB)",8760,4606,4154,52.5799086757991,365,272,12,2021-01-01T03:00:00Z,2022-01-01T02:00:00Z,949.6,951.5,956.4,961.7,964.8
dados_A350_H_2017-01-01_2025-12-31.csv,A350,SERRA TALHADA,AUTOMATICA,-7.95416666,-38.29499999,499.02,Horaria,2021,temperatura_ar_c,"TEMPERATURA DO AR - BULBO SECO, HORARIA(°C)",8760,4606,4154,52.5799086757991,365,272,12,2021-01-01T03:00:00Z,2022-01-01T02:00:00Z,17.6,19.1,24.9,34.695,36.9
dados_A350_H_2017-01-01_2025-12-31.csv,A350,SERRA TALHADA,AUTOMATICA,-7.95416666,-38.29499999,499.02,Horaria,2021,umidade_relativa_pct,"UMIDADE RELATIVA DO AR, HORARIA(%)",8760,4606,4154,52.5799086757991,365,272,12,2021-01-01T03:00:00Z,2022-01-01T02:00:00Z,14,20,63,91,92
dados_A350_H_2017-01-01_2025-12-31.csv,A350,SERRA TALHADA,AUTOMATICA,-7.95416666,-38.29499999,499.02,Horaria,2021,velocidade_vento_ms,"VENTO, VELOCIDADE HORARIA(m/s)",8760,4602,4158,52.5342465753425,365,271,12,2021-01-01T03:00:00Z,2022-01-01T02:00:00Z,0.2,0.4,2,4.7,7.1
dados_A350_H_2017-01-01_2025-12-31.csv,A350,SERRA TALHADA,AUTOMATICA,-7.95416666,-38.29499999,499.02,Horaria,2022,direcao_vento_graus,"VENTO, DIRECAO HORARIA (gr)(° (gr))",8760,0,8760,0,365,0,0,2022-01-01T03:00:00Z,2023-01-01T02:00:00Z,,,,,
dados_A350_H_2017-01-01_2025-12-31.csv,A350,SERRA TALHADA,AUTOMATICA,-7.95416666,-38.29499999,499.02,Horaria,2022,pressao_estacao_hpa,"PRESSAO ATMOSFERICA AO NIVEL DA ESTACAO, HORARIA(mB)",8760,0,8760,0,365,0,0,2022-01-01T03:00:00Z,2023-01-01T02:00:00Z,,,,,
dados_A350_H_2017-01-01_2025-12-31.csv,A350,SERRA TALHADA,AUTOMATICA,-7.95416666,-38.29499999,499.02,Horaria,2022,temperatura_ar_c,"TEMPERATURA DO AR - BULBO SECO, HORARIA(°C)",8760,0,8760,0,365,0,0,2022-01-01T03:00:00Z,2023-01-01T02:00:00Z,,,,,
dados_A350_H_2017-01-01_2025-12-31.csv,A350,SERRA TALHADA,AUTOMATICA,-7.95416666,-38.29499999,499.02,Horaria,2022,umidade_relativa_pct,"UMIDADE RELATIVA DO AR, HORARIA(%)",8760,0,8760,0,365,0,0,2022-01-01T03:00:00Z,2023-01-01T02:00:00Z,,,,,
dados_A350_H_2017-01-01_2025-12-31.csv,A350,SERRA TALHADA,AUTOMATICA,-7.95416666,-38.29499999,499.02,Horaria,2022,velocidade_vento_ms,"VENTO, VELOCIDADE HORARIA(m/s)",8760,0,8760,0,365,0,0,2022-01-01T03:00:00Z,2023-01-01T02:00:00Z,,,,,
dados_A350_H_2017-01-01_2025-12-31.csv,A350,SERRA TALHADA,AUTOMATICA,-7.95416666,-38.29499999,499.02,Horaria,2023,direcao_vento_graus,"VENTO, DIRECAO HORARIA (gr)(° (gr))",8760,7322,1438,83.5844748858448,365,306,10,2023-01-01T03:00:00Z,2024-01-01T02:00:00Z,1,5,173,357,360
dados_A350_H_2017-01-01_2025-12-31.csv,A350,SERRA TALHADA,AUTOMATICA,-7.95416666,-38.29499999,499.02,Horaria,2023,pressao_estacao_hpa,"PRESSAO ATMOSFERICA AO NIVEL DA ESTACAO, HORARIA(mB)",8760,7322,1438,83.5844748858448,365,306,10,2023-01-01T03:00:00Z,2024-01-01T02:00:00Z,949.9,951.6,957.1,963.1,964.6
dados_A350_H_2017-01-01_2025-12-31.csv,A350,SERRA TALHADA,AUTOMATICA,-7.95416666,-38.29499999,499.02,Horaria,2023,temperatura_ar_c,"TEMPERATURA DO AR - BULBO SECO, HORARIA(°C)",8760,7322,1438,83.5844748858448,365,306,10,2023-01-01T03:00:00Z,2024-01-01T02:00:00Z,17.4,19.021,25.3,36.1,37.8
dados_A350_H_2017-01-01_2025-12-31.csv,A350,SERRA TALHADA,AUTOMATICA,-7.95416666,-38.29499999,499.02,Horaria,2023,umidade_relativa_pct,"UMIDADE RELATIVA DO AR, HORARIA(%)",8760,7322,1438,83.5844748858448,365,306,10,2023-01-01T03:00:00Z,2024-01-01T02:00:00Z,9,15,59,92,94
dados_A350_H_2017-01-01_2025-12-31.csv,A350,SERRA TALHADA,AUTOMATICA,-7.95416666,-38.29499999,499.02,Horaria,2023,velocidade_vento_ms,"VENTO, VELOCIDADE HORARIA(m/s)",8760,7322,1438,83.5844748858448,365,306,10,2023-01-01T03:00:00Z,2024-01-01T02:00:00Z,0.1,0.4,2.2,4.8,7.8
dados_A350_H_2017-01-01_2025-12-31.csv,A350,SERRA TALHADA,AUTOMATICA,-7.95416666,-38.29499999,499.02,Horaria,2024,direcao_vento_graus,"VENTO, DIRECAO HORARIA (gr)(° (gr))",8784,6142,2642,69.9225865209472,366,257,10,2024-01-01T03:00:00Z,2025-01-01T02:00:00Z,1,4,174,357.59,360
dados_A350_H_2017-01-01_2025-12-31.csv,A350,SERRA TALHADA,AUTOMATICA,-7.95416666,-38.29499999,499.02,Horaria,2024,pressao_estacao_hpa,"PRESSAO ATMOSFERICA AO NIVEL DA ESTACAO, HORARIA(mB)",8784,6142,2642,69.9225865209472,366,257,10,2024-01-01T03:00:00Z,2025-01-01T02:00:00Z,950.7,952,956.9,962.9,964.4
dados_A350_H_2017-01-01_2025-12-31.csv,A350,SERRA TALHADA,AUTOMATICA,-7.95416666,-38.29499999,499.02,Horaria,2024,temperatura_ar_c,"TEMPERATURA DO AR - BULBO SECO, HORARIA(°C)",8784,6142,2642,69.9225865209472,366,257,10,2024-01-01T03:00:00Z,2025-01-01T02:00:00Z,16.5,18.9,25.1,35.3,36.8
dados_A350_H_2017-01-01_2025-12-31.csv,A350,SERRA TALHADA,AUTOMATICA,-7.95416666,-38.29499999,499.02,Horaria,2024,umidade_relativa_pct,"UMIDADE RELATIVA DO AR, HORARIA(%)",8784,6142,2642,69.9225865209472,366,257,10,2024-01-01T03:00:00Z,2025-01-01T02:00:00Z,13,20,66,92,93
dados_A350_H_2017-01-01_2025-12-31.csv,A350,SERRA TALHADA,AUTOMATICA,-7.95416666,-38.29499999,499.02,Horaria,2024,velocidade_vento_ms,"VENTO, VELOCIDADE HORARIA(m/s)",8784,6142,2642,69.9225865209472,366,257,10,2024-01-01T03:00:00Z,2025-01-01T02:00:00Z,0.2,0.3,1.9,4.75900000000002,6.9
dados_A350_H_2017-01-01_2025-12-31.csv,A350,SERRA TALHADA,AUTOMATICA,-7.95416666,-38.29499999,499.02,Horaria,2025,direcao_vento_graus,"VENTO, DIRECAO HORARIA (gr)(° (gr))",8757,2504,6253,28.5942674431883,365,147,6,2025-01-01T03:00:00Z,2025-12-31T23:00:00Z,1,3,173,357,360
dados_A350_H_2017-01-01_2025-12-31.csv,A350,SERRA TALHADA,AUTOMATICA,-7.95416666,-38.29499999,499.02,Horaria,2025,pressao_estacao_hpa,"PRESSAO ATMOSFERICA AO NIVEL DA ESTACAO, HORARIA(mB)",8757,2515,6242,28.7198812378669,365,147,6,2025-01-01T03:00:00Z,2025-12-31T23:00:00Z,950.3,951.4,955.7,960.8,962.3
dados_A350_H_2017-01-01_2025-12-31.csv,A350,SERRA TALHADA,AUTOMATICA,-7.95416666,-38.29499999,499.02,Horaria,2025,temperatura_ar_c,"TEMPERATURA DO AR - BULBO SECO, HORARIA(°C)",8757,2515,6242,28.7198812378669,365,147,6,2025-01-01T03:00:00Z,2025-12-31T23:00:00Z,19.8,21,27.6,35.2,36.8
dados_A350_H_2017-01-01_2025-12-31.csv,A350,SERRA TALHADA,AUTOMATICA,-7.95416666,-38.29499999,499.02,Horaria,2025,umidade_relativa_pct,"UMIDADE RELATIVA DO AR, HORARIA(%)",8757,2515,6242,28.7198812378669,365,147,6,2025-01-01T03:00:00Z,2025-12-31T23:00:00Z,16,21,54,87,89
dados_A350_H_2017-01-01_2025-12-31.csv,A350,SERRA TALHADA,AUTOMATICA,-7.95416666,-38.29499999,499.02,Horaria,2025,velocidade_vento_ms,"VENTO, VELOCIDADE HORARIA(m/s)",8757,2504,6253,28.5942674431883,365,147,6,2025-01-01T03:00:00Z,2025-12-31T23:00:00Z,0.2,0.4,2,4.8,7.3
dados_A351_H_2017-01-01_2025-12-31.csv,A351,FLORESTA,AUTOMATICA,-8.59888888,-38.58416666,327.42,Horaria,2017,direcao_vento_graus,"VENTO, DIRECAO HORARIA (gr)(° (gr))",8760,7010,1750,80.0228310502283,365,293,11,2017-01-01T03:00:00Z,2018-01-01T02:00:00Z,1,15,136,346,360
dados_A351_H_2017-01-01_2025-12-31.csv,A351,FLORESTA,AUTOMATICA,-8.59888888,-38.58416666,327.42,Horaria,2017,pressao_estacao_hpa,"PRESSAO ATMOSFERICA AO NIVEL DA ESTACAO, HORARIA(mB)",8760,7010,1750,80.0228310502283,365,293,11,2017-01-01T03:00:00Z,2018-01-01T02:00:00Z,967.7,969.709,975.5,982.8,984.2
dados_A351_H_2017-01-01_2025-12-31.csv,A351,FLORESTA,AUTOMATICA,-8.59888888,-38.58416666,327.42,Horaria,2017,temperatura_ar_c,"TEMPERATURA DO AR - BULBO SECO, HORARIA(°C)",8760,7010,1750,80.0228310502283,365,293,11,2017-01-01T03:00:00Z,2018-01-01T02:00:00Z,15,19,26.9,36.7,39.5
dados_A351_H_2017-01-01_2025-12-31.csv,A351,FLORESTA,AUTOMATICA,-8.59888888,-38.58416666,327.42,Horaria,2017,umidade_relativa_pct,"UMIDADE RELATIVA DO AR, HORARIA(%)",8760,7010,1750,80.0228310502283,365,293,11,2017-01-01T03:00:00Z,2018-01-01T02:00:00Z,14,21,57,90,93
dados_A351_H_2017-01-01_2025-12-31.csv,A351,FLORESTA,AUTOMATICA,-8.59888888,-38.58416666,327.42,Horaria,2017,velocidade_vento_ms,"VENTO, VELOCIDADE HORARIA(m/s)",8760,7010,1750,80.0228310502283,365,293,11,2017-01-01T03:00:00Z,2018-01-01T02:00:00Z,0.1,0.6,3.2,6.4,8.4
dados_A351_H_2017-01-01_2025-12-31.csv,A351,FLORESTA,AUTOMATICA,-8.59888888,-38.58416666,327.42,Horaria,2018,direcao_vento_graus,"VENTO, DIRECAO HORARIA (gr)(° (gr))",8760,8759,1,99.9885844748859,365,365,12,2018-01-01T03:00:00Z,2019-01-01T02:00:00Z,1,12,132,351,360
dados_A351_H_2017-01-01_2025-12-31.csv,A351,FLORESTA,AUTOMATICA,-8.59888888,-38.58416666,327.42,Horaria,2018,pressao_estacao_hpa,"PRESSAO ATMOSFERICA AO NIVEL DA ESTACAO, HORARIA(mB)",8760,8760,0,100,365,365,12,2018-01-01T03:00:00Z,2019-01-01T02:00:00Z,967.3,969.8,976.1,982.1,983.7
dados_A351_H_2017-01-01_2025-12-31.csv,A351,FLORESTA,AUTOMATICA,-8.59888888,-38.58416666,327.42,Horaria,2018,temperatura_ar_c,"TEMPERATURA DO AR - BULBO SECO, HORARIA(°C)",8760,8760,0,100,365,365,12,2018-01-01T03:00:00Z,2019-01-01T02:00:00Z,17.1,19.2,26.9,36.2,39.3
dados_A351_H_2017-01-01_2025-12-31.csv,A351,FLORESTA,AUTOMATICA,-8.59888888,-38.58416666,327.42,Horaria,2018,umidade_relativa_pct,"UMIDADE RELATIVA DO AR, HORARIA(%)",8760,8760,0,100,365,365,12,2018-01-01T03:00:00Z,2019-01-01T02:00:00Z,17,21,56,89,93
dados_A351_H_2017-01-01_2025-12-31.csv,A351,FLORESTA,AUTOMATICA,-8.59888888,-38.58416666,327.42,Horaria,2018,velocidade_vento_ms,"VENTO, VELOCIDADE HORARIA(m/s)",8760,8759,1,99.9885844748859,365,365,12,2018-01-01T03:00:00Z,2019-01-01T02:00:00Z,0.1,0.5,2.9,6.1,9
dados_A351_H_2017-01-01_2025-12-31.csv,A351,FLORESTA,AUTOMATICA,-8.59888888,-38.58416666,327.42,Horaria,2019,direcao_vento_graus,"VENTO, DIRECAO HORARIA (gr)(° (gr))",8760,7990,770,91.2100456621005,365,334,12,2019-01-01T03:00:00Z,2020-01-01T02:00:00Z,1,11,135,344.11,360
dados_A351_H_2017-01-01_2025-12-31.csv,A351,FLORESTA,AUTOMATICA,-8.59888888,-38.58416666,327.42,Horaria,2019,pressao_estacao_hpa,"PRESSAO ATMOSFERICA AO NIVEL DA ESTACAO, HORARIA(mB)",8760,7990,770,91.2100456621005,365,334,12,2019-01-01T03:00:00Z,2020-01-01T02:00:00Z,966.8,970.1,976.2,982.711,984.4
dados_A351_H_2017-01-01_2025-12-31.csv,A351,FLORESTA,AUTOMATICA,-8.59888888,-38.58416666,327.42,Horaria,2019,temperatura_ar_c,"TEMPERATURA DO AR - BULBO SECO, HORARIA(°C)",8760,7990,770,91.2100456621005,365,334,12,2019-01-01T03:00:00Z,2020-01-01T02:00:00Z,16.8,19.3,26.9,36.8,40.3
dados_A351_H_2017-01-01_2025-12-31.csv,A351,FLORESTA,AUTOMATICA,-8.59888888,-38.58416666,327.42,Horaria,2019,umidade_relativa_pct,"UMIDADE RELATIVA DO AR, HORARIA(%)",8760,7990,770,91.2100456621005,365,334,12,2019-01-01T03:00:00Z,2020-01-01T02:00:00Z,11,19,57,91,93
dados_A351_H_2017-01-01_2025-12-31.csv,A351,FLORESTA,AUTOMATICA,-8.59888888,-38.58416666,327.42,Horaria,2019,velocidade_vento_ms,"VENTO, VELOCIDADE HORARIA(m/s)",8760,7990,770,91.2100456621005,365,334,12,2019-01-01T03:00:00Z,2020-01-01T02:00:00Z,0.2,0.5,2.9,6.21099999999997,9.1
dados_A351_H_2017-01-01_2025-12-31.csv,A351,FLORESTA,AUTOMATICA,-8.59888888,-38.58416666,327.42,Horaria,2020,direcao_vento_graus,"VENTO, DIRECAO HORARIA (gr)(° (gr))",8784,8783,1,99.9886156648452,366,366,12,2020-01-01T03:00:00Z,2021-01-01T02:00:00Z,1,8,134,350.18,360
dados_A351_H_2017-01-01_2025-12-31.csv,A351,FLORESTA,AUTOMATICA,-8.59888888,-38.58416666,327.42,Horaria,2020,pressao_estacao_hpa,"PRESSAO ATMOSFERICA AO NIVEL DA ESTACAO, HORARIA(mB)",8784,8784,0,100,366,366,12,2020-01-01T03:00:00Z,2021-01-01T02:00:00Z,968.2,970.5,976.1,981.9,984.1
dados_A351_H_2017-01-01_2025-12-31.csv,A351,FLORESTA,AUTOMATICA,-8.59888888,-38.58416666,327.42,Horaria,2020,temperatura_ar_c,"TEMPERATURA DO AR - BULBO SECO, HORARIA(°C)",8784,8784,0,100,366,366,12,2020-01-01T03:00:00Z,2021-01-01T02:00:00Z,15.6,18.9,26.5,36.1,39.3
dados_A351_H_2017-01-01_2025-12-31.csv,A351,FLORESTA,AUTOMATICA,-8.59888888,-38.58416666,327.42,Horaria,2020,umidade_relativa_pct,"UMIDADE RELATIVA DO AR, HORARIA(%)",8784,8784,0,100,366,366,12,2020-01-01T03:00:00Z,2021-01-01T02:00:00Z,11,21,61,91,93
dados_A351_H_2017-01-01_2025-12-31.csv,A351,FLORESTA,AUTOMATICA,-8.59888888,-38.58416666,327.42,Horaria,2020,velocidade_vento_ms,"VENTO, VELOCIDADE HORARIA(m/s)",8784,8784,0,100,366,366,12,2020-01-01T03:00:00Z,2021-01-01T02:00:00Z,0.1,0.5,2.5,6,8.7
dados_A351_H_2017-01-01_2025-12-31.csv,A351,FLORESTA,AUTOMATICA,-8.59888888,-38.58416666,327.42,Horaria,2021,direcao_vento_graus,"VENTO, DIRECAO HORARIA (gr)(° (gr))",8760,6429,2331,73.3904109589041,365,268,9,2021-01-01T03:00:00Z,2022-01-01T02:00:00Z,1,14,136,341,360
dados_A351_H_2017-01-01_2025-12-31.csv,A351,FLORESTA,AUTOMATICA,-8.59888888,-38.58416666,327.42,Horaria,2021,pressao_estacao_hpa,"PRESSAO ATMOSFERICA AO NIVEL DA ESTACAO, HORARIA(mB)",8760,6429,2331,73.3904109589041,365,268,9,2021-01-01T03:00:00Z,2022-01-01T02:00:00Z,967.8,970,976.4,983.3,984.9
dados_A351_H_2017-01-01_2025-12-31.csv,A351,FLORESTA,AUTOMATICA,-8.59888888,-38.58416666,327.42,Horaria,2021,temperatura_ar_c,"TEMPERATURA DO AR - BULBO SECO, HORARIA(°C)",8760,6429,2331,73.3904109589041,365,268,9,2021-01-01T03:00:00Z,2022-01-01T02:00:00Z,16.4,19.528,26.2,36.1,39.7
dados_A351_H_2017-01-01_2025-12-31.csv,A351,FLORESTA,AUTOMATICA,-8.59888888,-38.58416666,327.42,Horaria,2021,umidade_relativa_pct,"UMIDADE RELATIVA DO AR, HORARIA(%)",8760,6429,2331,73.3904109589041,365,268,9,2021-01-01T03:00:00Z,2022-01-01T02:00:00Z,11,23,60,89,91
dados_A351_H_2017-01-01_2025-12-31.csv,A351,FLORESTA,AUTOMATICA,-8.59888888,-38.58416666,327.42,Horaria,2021,velocidade_vento_ms,"VENTO, VELOCIDADE HORARIA(m/s)",8760,6429,2331,73.3904109589041,365,268,9,2021-01-01T03:00:00Z,2022-01-01T02:00:00Z,0.2,0.5,2.8,5.97200000000003,7.3
dados_A351_H_2017-01-01_2025-12-31.csv,A351,FLORESTA,AUTOMATICA,-8.59888888,-38.58416666,327.42,Horaria,2022,direcao_vento_graus,"VENTO, DIRECAO HORARIA (gr)(° (gr))",8760,3060,5700,34.9315068493151,365,128,5,2022-01-01T03:00:00Z,2023-01-01T02:00:00Z,1,10,129,343.41,360
dados_A351_H_2017-01-01_2025-12-31.csv,A351,FLORESTA,AUTOMATICA,-8.59888888,-38.58416666,327.42,Horaria,2022,pressao_estacao_hpa,"PRESSAO ATMOSFERICA AO NIVEL DA ESTACAO, HORARIA(mB)",8760,3060,5700,34.9315068493151,365,128,5,2022-01-01T03:00:00Z,2023-01-01T02:00:00Z,966.7,969.6,975.3,981.741,983.8
dados_A351_H_2017-01-01_2025-12-31.csv,A351,FLORESTA,AUTOMATICA,-8.59888888,-38.58416666,327.42,Horaria,2022,temperatura_ar_c,"TEMPERATURA DO AR - BULBO SECO, HORARIA(°C)",8760,3060,5700,34.9315068493151,365,128,5,2022-01-01T03:00:00Z,2023-01-01T02:00:00Z,17.2,19.5,26.5,35.4,37.4
dados_A351_H_2017-01-01_2025-12-31.csv,A351,FLORESTA,AUTOMATICA,-8.59888888,-38.58416666,327.42,Horaria,2022,umidade_relativa_pct,"UMIDADE RELATIVA DO AR, HORARIA(%)",8760,3060,5700,34.9315068493151,365,128,5,2022-01-01T03:00:00Z,2023-01-01T02:00:00Z,17,22,58,90,93
dados_A351_H_2017-01-01_2025-12-31.csv,A351,FLORESTA,AUTOMATICA,-8.59888888,-38.58416666,327.42,Horaria,2022,velocidade_vento_ms,"VENTO, VELOCIDADE HORARIA(m/s)",8760,3060,5700,34.9315068493151,365,128,5,2022-01-01T03:00:00Z,2023-01-01T02:00:00Z,0.1,0.6,2.7,6.1,10.7
dados_A351_H_2017-01-01_2025-12-31.csv,A351,FLORESTA,AUTOMATICA,-8.59888888,-38.58416666,327.42,Horaria,2023,direcao_vento_graus,"VENTO, DIRECAO HORARIA (gr)(° (gr))",8760,8759,1,99.9885844748859,365,365,12,2023-01-01T03:00:00Z,2024-01-01T02:00:00Z,1,14,133,334.42,360
dados_A351_H_2017-01-01_2025-12-31.csv,A351,FLORESTA,AUTOMATICA,-8.59888888,-38.58416666,327.42,Horaria,2023,pressao_estacao_hpa,"PRESSAO ATMOSFERICA AO NIVEL DA ESTACAO, HORARIA(mB)",8760,8760,0,100,365,365,12,2023-01-01T03:00:00Z,2024-01-01T02:00:00Z,967.7,969.9,975.9,982.6,984.5
dados_A351_H_2017-01-01_2025-12-31.csv,A351,FLORESTA,AUTOMATICA,-8.59888888,-38.58416666,327.42,Horaria,2023,temperatura_ar_c,"TEMPERATURA DO AR - BULBO SECO, HORARIA(°C)",8760,8760,0,100,365,365,12,2023-01-01T03:00:00Z,2024-01-01T02:00:00Z,17.3,20,26.9,37.2,39.7
dados_A351_H_2017-01-01_2025-12-31.csv,A351,FLORESTA,AUTOMATICA,-8.59888888,-38.58416666,327.42,Horaria,2023,umidade_relativa_pct,"UMIDADE RELATIVA DO AR, HORARIA(%)",8760,8760,0,100,365,365,12,2023-01-01T03:00:00Z,2024-01-01T02:00:00Z,12,19,58,89,92
dados_A351_H_2017-01-01_2025-12-31.csv,A351,FLORESTA,AUTOMATICA,-8.59888888,-38.58416666,327.42,Horaria,2023,velocidade_vento_ms,"VENTO, VELOCIDADE HORARIA(m/s)",8760,8759,1,99.9885844748859,365,365,12,2023-01-01T03:00:00Z,2024-01-01T02:00:00Z,0.1,0.5,2.8,6,8.1
dados_A351_H_2017-01-01_2025-12-31.csv,A351,FLORESTA,AUTOMATICA,-8.59888888,-38.58416666,327.42,Horaria,2024,direcao_vento_graus,"VENTO, DIRECAO HORARIA (gr)(° (gr))",8784,8689,95,98.9184881602915,366,365,12,2024-01-01T03:00:00Z,2025-01-01T02:00:00Z,1,8,131,346,360
dados_A351_H_2017-01-01_2025-12-31.csv,A351,FLORESTA,AUTOMATICA,-8.59888888,-38.58416666,327.42,Horaria,2024,pressao_estacao_hpa,"PRESSAO ATMOSFERICA AO NIVEL DA ESTACAO, HORARIA(mB)",8784,8689,95,98.9184881602915,366,365,12,2024-01-01T03:00:00Z,2025-01-01T02:00:00Z,967.7,970.4,976.1,982.5,984.1
dados_A351_H_2017-01-01_2025-12-31.csv,A351,FLORESTA,AUTOMATICA,-8.59888888,-38.58416666,327.42,Horaria,2024,temperatura_ar_c,"TEMPERATURA DO AR - BULBO SECO, HORARIA(°C)",8784,8689,95,98.9184881602915,366,365,12,2024-01-01T03:00:00Z,2025-01-01T02:00:00Z,17.6,19.588,27.1,36.6,38.6
dados_A351_H_2017-01-01_2025-12-31.csv,A351,FLORESTA,AUTOMATICA,-8.59888888,-38.58416666,327.42,Horaria,2024,umidade_relativa_pct,"UMIDADE RELATIVA DO AR, HORARIA(%)",8784,8689,95,98.9184881602915,366,365,12,2024-01-01T03:00:00Z,2025-01-01T02:00:00Z,14,21,59,90,92
dados_A351_H_2017-01-01_2025-12-31.csv,A351,FLORESTA,AUTOMATICA,-8.59888888,-38.58416666,327.42,Horaria,2024,velocidade_vento_ms,"VENTO, VELOCIDADE HORARIA(m/s)",8784,8689,95,98.9184881602915,366,365,12,2024-01-01T03:00:00Z,2025-01-01T02:00:00Z,0.1,0.4,2.7,6,8.4
dados_A351_H_2017-01-01_2025-12-31.csv,A351,FLORESTA,AUTOMATICA,-8.59888888,-38.58416666,327.42,Horaria,2025,direcao_vento_graus,"VENTO, DIRECAO HORARIA (gr)(° (gr))",8757,2694,6063,30.7639602603631,365,114,5,2025-01-01T03:00:00Z,2025-12-31T23:00:00Z,1,10,130,349,360
dados_A351_H_2017-01-01_2025-12-31.csv,A351,FLORESTA,AUTOMATICA,-8.59888888,-38.58416666,327.42,Horaria,2025,pressao_estacao_hpa,"PRESSAO ATMOSFERICA AO NIVEL DA ESTACAO, HORARIA(mB)",8757,2695,6062,30.775379696243,365,114,5,2025-01-01T03:00:00Z,2025-12-31T23:00:00Z,968.6,969.8,974.6,978.2,979.4
dados_A351_H_2017-01-01_2025-12-31.csv,A351,FLORESTA,AUTOMATICA,-8.59888888,-38.58416666,327.42,Horaria,2025,temperatura_ar_c,"TEMPERATURA DO AR - BULBO SECO, HORARIA(°C)",8757,2695,6062,30.775379696243,365,114,5,2025-01-01T03:00:00Z,2025-12-31T23:00:00Z,21.4,22.3,28.1,36.5,38.4
dados_A351_H_2017-01-01_2025-12-31.csv,A351,FLORESTA,AUTOMATICA,-8.59888888,-38.58416666,327.42,Horaria,2025,umidade_relativa_pct,"UMIDADE RELATIVA DO AR, HORARIA(%)",8757,2695,6062,30.775379696243,365,114,5,2025-01-01T03:00:00Z,2025-12-31T23:00:00Z,15,23.94,57,90,91
dados_A351_H_2017-01-01_2025-12-31.csv,A351,FLORESTA,AUTOMATICA,-8.59888888,-38.58416666,327.42,Horaria,2025,velocidade_vento_ms,"VENTO, VELOCIDADE HORARIA(m/s)",8757,2694,6063,30.7639602603631,365,114,5,2025-01-01T03:00:00Z,2025-12-31T23:00:00Z,0.2,0.5,2.4,5.6,6.8
dados_A357_H_2017-01-01_2025-12-31.csv,A357,PALMARES,AUTOMATICA,-8.66666666,-35.56805554,164.01,Horaria,2017,direcao_vento_graus,"VENTO, DIRECAO HORARIA (gr)(° (gr))",8760,5406,3354,61.7123287671233,365,228,9,2017-01-01T03:00:00Z,2018-01-01T02:00:00Z,1,14,146,336,360
dados_A357_H_2017-01-01_2025-12-31.csv,A357,PALMARES,AUTOMATICA,-8.66666666,-35.56805554,164.01,Horaria,2017,pressao_estacao_hpa,"PRESSAO ATMOSFERICA AO NIVEL DA ESTACAO, HORARIA(mB)",8760,5406,3354,61.7123287671233,365,228,9,2017-01-01T03:00:00Z,2018-01-01T02:00:00Z,988.4,990.4,996.3,1001.1,1002.4
dados_A357_H_2017-01-01_2025-12-31.csv,A357,PALMARES,AUTOMATICA,-8.66666666,-35.56805554,164.01,Horaria,2017,temperatura_ar_c,"TEMPERATURA DO AR - BULBO SECO, HORARIA(°C)",8760,5406,3354,61.7123287671233,365,228,9,2017-01-01T03:00:00Z,2018-01-01T02:00:00Z,17.6,19.205,23,32.7,35.2
dados_A357_H_2017-01-01_2025-12-31.csv,A357,PALMARES,AUTOMATICA,-8.66666666,-35.56805554,164.01,Horaria,2017,umidade_relativa_pct,"UMIDADE RELATIVA DO AR, HORARIA(%)",8760,1712,7048,19.5433789954338,365,143,9,2017-01-01T03:00:00Z,2018-01-01T02:00:00Z,10,20.11,85,100,100
dados_A357_H_2017-01-01_2025-12-31.csv,A357,PALMARES,AUTOMATICA,-8.66666666,-35.56805554,164.01,Horaria,2017,velocidade_vento_ms,"VENTO, VELOCIDADE HORARIA(m/s)",8760,5406,3354,61.7123287671233,365,228,9,2017-01-01T03:00:00Z,2018-01-01T02:00:00Z,0.1,0.3,1.6,6.2,8.1
dados_A357_H_2017-01-01_2025-12-31.csv,A357,PALMARES,AUTOMATICA,-8.66666666,-35.56805554,164.01,Horaria,2018,direcao_vento_graus,"VENTO, DIRECAO HORARIA (gr)(° (gr))",8760,6216,2544,70.9589041095891,365,263,10,2018-01-01T03:00:00Z,2019-01-01T02:00:00Z,1,15,153,344,360
dados_A357_H_2017-01-01_2025-12-31.csv,A357,PALMARES,AUTOMATICA,-8.66666666,-35.56805554,164.01,Horaria,2018,pressao_estacao_hpa,"PRESSAO ATMOSFERICA AO NIVEL DA ESTACAO, HORARIA(mB)",8760,7202,1558,82.2146118721461,365,307,12,2018-01-01T03:00:00Z,2019-01-01T02:00:00Z,988.5,990.2,995.5,1000.8,1002.3
dados_A357_H_2017-01-01_2025-12-31.csv,A357,PALMARES,AUTOMATICA,-8.66666666,-35.56805554,164.01,Horaria,2018,temperatura_ar_c,"TEMPERATURA DO AR - BULBO SECO, HORARIA(°C)",8760,7202,1558,82.2146118721461,365,307,12,2018-01-01T03:00:00Z,2019-01-01T02:00:00Z,16.8,18.6,23.6,32.4,35.1
dados_A357_H_2017-01-01_2025-12-31.csv,A357,PALMARES,AUTOMATICA,-8.66666666,-35.56805554,164.01,Horaria,2018,umidade_relativa_pct,"UMIDADE RELATIVA DO AR, HORARIA(%)",8760,7196,1564,82.1461187214612,365,307,12,2018-01-01T03:00:00Z,2019-01-01T02:00:00Z,35,45,90,99,100
dados_A357_H_2017-01-01_2025-12-31.csv,A357,PALMARES,AUTOMATICA,-8.66666666,-35.56805554,164.01,Horaria,2018,velocidade_vento_ms,"VENTO, VELOCIDADE HORARIA(m/s)",8760,6216,2544,70.9589041095891,365,263,10,2018-01-01T03:00:00Z,2019-01-01T02:00:00Z,0.1,0.3,1.45,5.8,7.4
dados_A357_H_2017-01-01_2025-12-31.csv,A357,PALMARES,AUTOMATICA,-8.66666666,-35.56805554,164.01,Horaria,2019,direcao_vento_graus,"VENTO, DIRECAO HORARIA (gr)(° (gr))",8760,5595,3165,63.8698630136986,365,240,8,2019-01-01T03:00:00Z,2020-01-01T02:00:00Z,1,16,144,343.06,360
dados_A357_H_2017-01-01_2025-12-31.csv,A357,PALMARES,AUTOMATICA,-8.66666666,-35.56805554,164.01,Horaria,2019,pressao_estacao_hpa,"PRESSAO ATMOSFERICA AO NIVEL DA ESTACAO, HORARIA(mB)",8760,5204,3556,59.4063926940639,365,226,11,2019-01-01T03:00:00Z,2020-01-01T02:00:00Z,990.1,991.3,996.2,1001.2,1002.9
dados_A357_H_2017-01-01_2025-12-31.csv,A357,PALMARES,AUTOMATICA,-8.66666666,-35.56805554,164.01,Horaria,2019,temperatura_ar_c,"TEMPERATURA DO AR - BULBO SECO, HORARIA(°C)",8760,6623,2137,75.6050228310502,365,285,12,2019-01-01T03:00:00Z,2020-01-01T02:00:00Z,17.6,19,23.6,33.7,40.1
dados_A357_H_2017-01-01_2025-12-31.csv,A357,PALMARES,AUTOMATICA,-8.66666666,-35.56805554,164.01,Horaria,2019,umidade_relativa_pct,"UMIDADE RELATIVA DO AR, HORARIA(%)",8760,6383,2377,72.865296803653,365,281,12,2019-01-01T03:00:00Z,2020-01-01T02:00:00Z,30,39,89,100,100
dados_A357_H_2017-01-01_2025-12-31.csv,A357,PALMARES,AUTOMATICA,-8.66666666,-35.56805554,164.01,Horaria,2019,velocidade_vento_ms,"VENTO, VELOCIDADE HORARIA(m/s)",8760,5594,3166,63.8584474885845,365,240,8,2019-01-01T03:00:00Z,2020-01-01T02:00:00Z,0.1,0.2,1.4,5.6,7.9
dados_A357_H_2017-01-01_2025-12-31.csv,A357,PALMARES,AUTOMATICA,-8.66666666,-35.56805554,164.01,Horaria,2020,direcao_vento_graus,"VENTO, DIRECAO HORARIA (gr)(° (gr))",8784,8782,2,99.9772313296904,366,366,12,2020-01-01T03:00:00Z,2021-01-01T02:00:00Z,1,15,146,343,360
dados_A357_H_2017-01-01_2025-12-31.csv,A357,PALMARES,AUTOMATICA,-8.66666666,-35.56805554,164.01,Horaria,2020,pressao_estacao_hpa,"PRESSAO ATMOSFERICA AO NIVEL DA ESTACAO, HORARIA(mB)",8784,8138,646,92.6457194899818,366,340,12,2020-01-01T03:00:00Z,2021-01-01T02:00:00Z,987.7,990.237,995,1000.1,1002.1
dados_A357_H_2017-01-01_2025-12-31.csv,A357,PALMARES,AUTOMATICA,-8.66666666,-35.56805554,164.01,Horaria,2020,temperatura_ar_c,"TEMPERATURA DO AR - BULBO SECO, HORARIA(°C)",8784,8783,1,99.9886156648452,366,366,12,2020-01-01T03:00:00Z,2021-01-01T02:00:00Z,17.3,18.6,24.4,33.9,36.7
dados_A357_H_2017-01-01_2025-12-31.csv,A357,PALMARES,AUTOMATICA,-8.66666666,-35.56805554,164.01,Horaria,2020,umidade_relativa_pct,"UMIDADE RELATIVA DO AR, HORARIA(%)",8784,8784,0,100,366,366,12,2020-01-01T03:00:00Z,2021-01-01T02:00:00Z,11,40,89,99,100
dados_A357_H_2017-01-01_2025-12-31.csv,A357,PALMARES,AUTOMATICA,-8.66666666,-35.56805554,164.01,Horaria,2020,velocidade_vento_ms,"VENTO, VELOCIDADE HORARIA(m/s)",8784,8783,1,99.9886156648452,366,366,12,2020-01-01T03:00:00Z,2021-01-01T02:00:00Z,0.1,0.3,1.4,5.7,8.5
dados_A357_H_2017-01-01_2025-12-31.csv,A357,PALMARES,AUTOMATICA,-8.66666666,-35.56805554,164.01,Horaria,2021,direcao_vento_graus,"VENTO, DIRECAO HORARIA (gr)(° (gr))",8760,6420,2340,73.2876712328767,365,268,9,2021-01-01T03:00:00Z,2022-01-01T02:00:00Z,1,14,170,343,360
dados_A357_H_2017-01-01_2025-12-31.csv,A357,PALMARES,AUTOMATICA,-8.66666666,-35.56805554,164.01,Horaria,2021,pressao_estacao_hpa,"PRESSAO ATMOSFERICA AO NIVEL DA ESTACAO, HORARIA(mB)",8760,6420,2340,73.2876712328767,365,268,9,2021-01-01T03:00:00Z,2022-01-01T02:00:00Z,988.3,990.2,995,1001,1003.3
dados_A357_H_2017-01-01_2025-12-31.csv,A357,PALMARES,AUTOMATICA,-8.66666666,-35.56805554,164.01,Horaria,2021,temperatura_ar_c,"TEMPERATURA DO AR - BULBO SECO, HORARIA(°C)",8760,6420,2340,73.2876712328767,365,268,9,2021-01-01T03:00:00Z,2022-01-01T02:00:00Z,17.8,19.3,23.5,32.3,34.3
dados_A357_H_2017-01-01_2025-12-31.csv,A357,PALMARES,AUTOMATICA,-8.66666666,-35.56805554,164.01,Horaria,2021,umidade_relativa_pct,"UMIDADE RELATIVA DO AR, HORARIA(%)",8760,6419,2341,73.2762557077626,365,268,9,2021-01-01T03:00:00Z,2022-01-01T02:00:00Z,26,45,92,99,100
dados_A357_H_2017-01-01_2025-12-31.csv,A357,PALMARES,AUTOMATICA,-8.66666666,-35.56805554,164.01,Horaria,2021,velocidade_vento_ms,"VENTO, VELOCIDADE HORARIA(m/s)",8760,6420,2340,73.2876712328767,365,268,9,2021-01-01T03:00:00Z,2022-01-01T02:00:00Z,0.1,0.3,1.4,5.5,7.7
dados_A357_H_2017-01-01_2025-12-31.csv,A357,PALMARES,AUTOMATICA,-8.66666666,-35.56805554,164.01,Horaria,2022,direcao_vento_graus,"VENTO, DIRECAO HORARIA (gr)(° (gr))",8760,4924,3836,56.2100456621005,365,206,7,2022-01-01T03:00:00Z,2023-01-01T02:00:00Z,1,17.23,157,341,360
dados_A357_H_2017-01-01_2025-12-31.csv,A357,PALMARES,AUTOMATICA,-8.66666666,-35.56805554,164.01,Horaria,2022,pressao_estacao_hpa,"PRESSAO ATMOSFERICA AO NIVEL DA ESTACAO, HORARIA(mB)",8760,4927,3833,56.2442922374429,365,206,7,2022-01-01T03:00:00Z,2023-01-01T02:00:00Z,985.3,989.5,995.6,1000,1001.3
dados_A357_H_2017-01-01_2025-12-31.csv,A357,PALMARES,AUTOMATICA,-8.66666666,-35.56805554,164.01,Horaria,2022,temperatura_ar_c,"TEMPERATURA DO AR - BULBO SECO, HORARIA(°C)",8760,4922,3838,56.1872146118721,365,206,7,2022-01-01T03:00:00Z,2023-01-01T02:00:00Z,17.9,18.9,23,31.6,33
dados_A357_H_2017-01-01_2025-12-31.csv,A357,PALMARES,AUTOMATICA,-8.66666666,-35.56805554,164.01,Horaria,2022,umidade_relativa_pct,"UMIDADE RELATIVA DO AR, HORARIA(%)",8760,3671,5089,41.9063926940639,365,206,7,2022-01-01T03:00:00Z,2023-01-01T02:00:00Z,34,44.7,88,100,100
dados_A357_H_2017-01-01_2025-12-31.csv,A357,PALMARES,AUTOMATICA,-8.66666666,-35.56805554,164.01,Horaria,2022,velocidade_vento_ms,"VENTO, VELOCIDADE HORARIA(m/s)",8760,4923,3837,56.1986301369863,365,206,7,2022-01-01T03:00:00Z,2023-01-01T02:00:00Z,0.1,0.3,1.5,5.6,7.2
dados_A357_H_2017-01-01_2025-12-31.csv,A357,PALMARES,AUTOMATICA,-8.66666666,-35.56805554,164.01,Horaria,2023,direcao_vento_graus,"VENTO, DIRECAO HORARIA (gr)(° (gr))",8760,8757,3,99.9657534246575,365,365,12,2023-01-01T03:00:00Z,2024-01-01T02:00:00Z,1,13,147,343,360
dados_A357_H_2017-01-01_2025-12-31.csv,A357,PALMARES,AUTOMATICA,-8.66666666,-35.56805554,164.01,Horaria,2023,pressao_estacao_hpa,"PRESSAO ATMOSFERICA AO NIVEL DA ESTACAO, HORARIA(mB)",8760,8758,2,99.9771689497717,365,365,12,2023-01-01T03:00:00Z,2024-01-01T02:00:00Z,987.7,990.1,994.8,1000.6,1002.4
dados_A357_H_2017-01-01_2025-12-31.csv,A357,PALMARES,AUTOMATICA,-8.66666666,-35.56805554,164.01,Horaria,2023,temperatura_ar_c,"TEMPERATURA DO AR - BULBO SECO, HORARIA(°C)",8760,8758,2,99.9771689497717,365,365,12,2023-01-01T03:00:00Z,2024-01-01T02:00:00Z,17.7,19.9,23.9,32.1,34.3
dados_A357_H_2017-01-01_2025-12-31.csv,A357,PALMARES,AUTOMATICA,-8.66666666,-35.56805554,164.01,Horaria,2023,umidade_relativa_pct,"UMIDADE RELATIVA DO AR, HORARIA(%)",8760,7629,1131,87.0890410958904,365,365,12,2023-01-01T03:00:00Z,2024-01-01T02:00:00Z,36,47,89,100,100
dados_A357_H_2017-01-01_2025-12-31.csv,A357,PALMARES,AUTOMATICA,-8.66666666,-35.56805554,164.01,Horaria,2023,velocidade_vento_ms,"VENTO, VELOCIDADE HORARIA(m/s)",8760,8757,3,99.9657534246575,365,365,12,2023-01-01T03:00:00Z,2024-01-01T02:00:00Z,0.1,0.3,1.4,5.2,7.1
dados_A357_H_2017-01-01_2025-12-31.csv,A357,PALMARES,AUTOMATICA,-8.66666666,-35.56805554,164.01,Horaria,2024,direcao_vento_graus,"VENTO, DIRECAO HORARIA (gr)(° (gr))",8784,8784,0,100,366,366,12,2024-01-01T03:00:00Z,2025-01-01T02:00:00Z,1,13,143,344,360
dados_A357_H_2017-01-01_2025-12-31.csv,A357,PALMARES,AUTOMATICA,-8.66666666,-35.56805554,164.01,Horaria,2024,pressao_estacao_hpa,"PRESSAO ATMOSFERICA AO NIVEL DA ESTACAO, HORARIA(mB)",8784,8784,0,100,366,366,12,2024-01-01T03:00:00Z,2025-01-01T02:00:00Z,988.1,990.3,994.8,1000.6,1002.2
dados_A357_H_2017-01-01_2025-12-31.csv,A357,PALMARES,AUTOMATICA,-8.66666666,-35.56805554,164.01,Horaria,2024,temperatura_ar_c,"TEMPERATURA DO AR - BULBO SECO, HORARIA(°C)",8784,8783,1,99.9886156648452,366,366,12,2024-01-01T03:00:00Z,2025-01-01T02:00:00Z,17.1,19,24.7,33.7,36.4
dados_A357_H_2017-01-01_2025-12-31.csv,A357,PALMARES,AUTOMATICA,-8.66666666,-35.56805554,164.01,Horaria,2024,umidade_relativa_pct,"UMIDADE RELATIVA DO AR, HORARIA(%)",8784,8784,0,100,366,366,12,2024-01-01T03:00:00Z,2025-01-01T02:00:00Z,35,44,87,98,100
dados_A357_H_2017-01-01_2025-12-31.csv,A357,PALMARES,AUTOMATICA,-8.66666666,-35.56805554,164.01,Horaria,2024,velocidade_vento_ms,"VENTO, VELOCIDADE HORARIA(m/s)",8784,8784,0,100,366,366,12,2024-01-01T03:00:00Z,2025-01-01T02:00:00Z,0.1,0.3,1.4,5.4,7.6
dados_A357_H_2017-01-01_2025-12-31.csv,A357,PALMARES,AUTOMATICA,-8.66666666,-35.56805554,164.01,Horaria,2025,direcao_vento_graus,"VENTO, DIRECAO HORARIA (gr)(° (gr))",8757,8755,2,99.9771611282403,365,365,12,2025-01-01T03:00:00Z,2025-12-31T23:00:00Z,1,14,143,344.459999999999,359
dados_A357_H_2017-01-01_2025-12-31.csv,A357,PALMARES,AUTOMATICA,-8.66666666,-35.56805554,164.01,Horaria,2025,pressao_estacao_hpa,"PRESSAO ATMOSFERICA AO NIVEL DA ESTACAO, HORARIA(mB)",8757,8755,2,99.9771611282403,365,365,12,2025-01-01T03:00:00Z,2025-12-31T23:00:00Z,987.7,990,995.1,1000.6,1002.4
dados_A357_H_2017-01-01_2025-12-31.csv,A357,PALMARES,AUTOMATICA,-8.66666666,-35.56805554,164.01,Horaria,2025,temperatura_ar_c,"TEMPERATURA DO AR - BULBO SECO, HORARIA(°C)",8757,8755,2,99.9771611282403,365,365,12,2025-01-01T03:00:00Z,2025-12-31T23:00:00Z,17.4,19.4,24.1,32.8,34.9
dados_A357_H_2017-01-01_2025-12-31.csv,A357,PALMARES,AUTOMATICA,-8.66666666,-35.56805554,164.01,Horaria,2025,umidade_relativa_pct,"UMIDADE RELATIVA DO AR, HORARIA(%)",8757,6647,2110,75.9049902934795,365,362,12,2025-01-01T03:00:00Z,2025-12-31T23:00:00Z,25.8,46,84,100,100
dados_A357_H_2017-01-01_2025-12-31.csv,A357,PALMARES,AUTOMATICA,-8.66666666,-35.56805554,164.01,Horaria,2025,velocidade_vento_ms,"VENTO, VELOCIDADE HORARIA(m/s)",8757,8755,2,99.9771611282403,365,365,12,2025-01-01T03:00:00Z,2025-12-31T23:00:00Z,0.1,0.3,1.4,5.3,6.6
dados_A366_H_2017-01-01_2025-12-31.csv,A366,OURICURI,AUTOMATICA,-7.88583333,-40.10277777,457.85,Horaria,2017,direcao_vento_graus,"VENTO, DIRECAO HORARIA (gr)(° (gr))",8760,7935,825,90.5821917808219,365,364,12,2017-01-01T03:00:00Z,2018-01-01T02:00:00Z,1,10,122,347,360
dados_A366_H_2017-01-01_2025-12-31.csv,A366,OURICURI,AUTOMATICA,-7.88583333,-40.10277777,457.85,Horaria,2017,pressao_estacao_hpa,"PRESSAO ATMOSFERICA AO NIVEL DA ESTACAO, HORARIA(mB)",8760,7982,778,91.1187214611872,365,365,12,2017-01-01T03:00:00Z,2018-01-01T02:00:00Z,953.2,955.1,961.2,967.5,969.2
dados_A366_H_2017-01-01_2025-12-31.csv,A366,OURICURI,AUTOMATICA,-7.88583333,-40.10277777,457.85,Horaria,2017,temperatura_ar_c,"TEMPERATURA DO AR - BULBO SECO, HORARIA(°C)",8760,7982,778,91.1187214611872,365,365,12,2017-01-01T03:00:00Z,2018-01-01T02:00:00Z,15.4,19,26.5,35.5,37.7
dados_A366_H_2017-01-01_2025-12-31.csv,A366,OURICURI,AUTOMATICA,-7.88583333,-40.10277777,457.85,Horaria,2017,umidade_relativa_pct,"UMIDADE RELATIVA DO AR, HORARIA(%)",8760,7977,783,91.0616438356164,365,365,12,2017-01-01T03:00:00Z,2018-01-01T02:00:00Z,10,19,53,98,100
dados_A366_H_2017-01-01_2025-12-31.csv,A366,OURICURI,AUTOMATICA,-7.88583333,-40.10277777,457.85,Horaria,2017,velocidade_vento_ms,"VENTO, VELOCIDADE HORARIA(m/s)",8760,7935,825,90.5821917808219,365,364,12,2017-01-01T03:00:00Z,2018-01-01T02:00:00Z,0.1,0.6,3.5,6.6,12.1
dados_A366_H_2017-01-01_2025-12-31.csv,A366,OURICURI,AUTOMATICA,-7.88583333,-40.10277777,457.85,Horaria,2018,direcao_vento_graus,"VENTO, DIRECAO HORARIA (gr)(° (gr))",8760,7704,1056,87.9452054794521,365,357,12,2018-01-01T03:00:00Z,2019-01-01T02:00:00Z,1,7,123.5,351,360
dados_A366_H_2017-01-01_2025-12-31.csv,A366,OURICURI,AUTOMATICA,-7.88583333,-40.10277777,457.85,Horaria,2018,pressao_estacao_hpa,"PRESSAO ATMOSFERICA AO NIVEL DA ESTACAO, HORARIA(mB)",8760,7710,1050,88.013698630137,365,357,12,2018-01-01T03:00:00Z,2019-01-01T02:00:00Z,953,955.2,961.1,967,968.6
dados_A366_H_2017-01-01_2025-12-31.csv,A366,OURICURI,AUTOMATICA,-7.88583333,-40.10277777,457.85,Horaria,2018,temperatura_ar_c,"TEMPERATURA DO AR - BULBO SECO, HORARIA(°C)",8760,7710,1050,88.013698630137,365,357,12,2018-01-01T03:00:00Z,2019-01-01T02:00:00Z,17,19.1,26.2,35,37.3
dados_A366_H_2017-01-01_2025-12-31.csv,A366,OURICURI,AUTOMATICA,-7.88583333,-40.10277777,457.85,Horaria,2018,umidade_relativa_pct,"UMIDADE RELATIVA DO AR, HORARIA(%)",8760,7709,1051,88.0022831050228,365,357,12,2018-01-01T03:00:00Z,2019-01-01T02:00:00Z,14,20,54,91,100
dados_A366_H_2017-01-01_2025-12-31.csv,A366,OURICURI,AUTOMATICA,-7.88583333,-40.10277777,457.85,Horaria,2018,velocidade_vento_ms,"VENTO, VELOCIDADE HORARIA(m/s)",8760,7704,1056,87.9452054794521,365,357,12,2018-01-01T03:00:00Z,2019-01-01T02:00:00Z,0.2,0.4,2.9,5.7,9.2
dados_A366_H_2017-01-01_2025-12-31.csv,A366,OURICURI,AUTOMATICA,-7.88583333,-40.10277777,457.85,Horaria,2019,direcao_vento_graus,"VENTO, DIRECAO HORARIA (gr)(° (gr))",8760,7168,1592,81.8264840182648,365,365,12,2019-01-01T03:00:00Z,2020-01-01T02:00:00Z,1,9,125,348,360
dados_A366_H_2017-01-01_2025-12-31.csv,A366,OURICURI,AUTOMATICA,-7.88583333,-40.10277777,457.85,Horaria,2019,pressao_estacao_hpa,"PRESSAO ATMOSFERICA AO NIVEL DA ESTACAO, HORARIA(mB)",8760,7056,1704,80.5479452054795,365,360,12,2019-01-01T03:00:00Z,2020-01-01T02:00:00Z,952.1,955.6,961.3,967.6,969
dados_A366_H_2017-01-01_2025-12-31.csv,A366,OURICURI,AUTOMATICA,-7.88583333,-40.10277777,457.85,Horaria,2019,temperatura_ar_c,"TEMPERATURA DO AR - BULBO SECO, HORARIA(°C)",8760,7179,1581,81.9520547945206,365,365,12,2019-01-01T03:00:00Z,2020-01-01T02:00:00Z,13.9,19,26.5,35.6,38.6
dados_A366_H_2017-01-01_2025-12-31.csv,A366,OURICURI,AUTOMATICA,-7.88583333,-40.10277777,457.85,Horaria,2019,umidade_relativa_pct,"UMIDADE RELATIVA DO AR, HORARIA(%)",8760,7179,1581,81.9520547945206,365,365,12,2019-01-01T03:00:00Z,2020-01-01T02:00:00Z,13,17,54,100,100
dados_A366_H_2017-01-01_2025-12-31.csv,A366,OURICURI,AUTOMATICA,-7.88583333,-40.10277777,457.85,Horaria,2019,velocidade_vento_ms,"VENTO, VELOCIDADE HORARIA(m/s)",8760,7168,1592,81.8264840182648,365,365,12,2019-01-01T03:00:00Z,2020-01-01T02:00:00Z,0.2,0.5,2.9,6,9.2
dados_A366_H_2017-01-01_2025-12-31.csv,A366,OURICURI,AUTOMATICA,-7.88583333,-40.10277777,457.85,Horaria,2020,direcao_vento_graus,"VENTO, DIRECAO HORARIA (gr)(° (gr))",8784,6671,2113,75.9448998178506,366,366,12,2020-01-01T03:00:00Z,2021-01-01T02:00:00Z,1,7,127,351,360
dados_A366_H_2017-01-01_2025-12-31.csv,A366,OURICURI,AUTOMATICA,-7.88583333,-40.10277777,457.85,Horaria,2020,pressao_estacao_hpa,"PRESSAO ATMOSFERICA AO NIVEL DA ESTACAO, HORARIA(mB)",8784,6705,2079,76.3319672131148,366,366,12,2020-01-01T03:00:00Z,2021-01-01T02:00:00Z,953.2,955.9,961.4,966.8,968.7
dados_A366_H_2017-01-01_2025-12-31.csv,A366,OURICURI,AUTOMATICA,-7.88583333,-40.10277777,457.85,Horaria,2020,temperatura_ar_c,"TEMPERATURA DO AR - BULBO SECO, HORARIA(°C)",8784,6705,2079,76.3319672131148,366,366,12,2020-01-01T03:00:00Z,2021-01-01T02:00:00Z,14.1,18.404,25.8,35.3,37.2
dados_A366_H_2017-01-01_2025-12-31.csv,A366,OURICURI,AUTOMATICA,-7.88583333,-40.10277777,457.85,Horaria,2020,umidade_relativa_pct,"UMIDADE RELATIVA DO AR, HORARIA(%)",8784,6474,2310,73.7021857923497,366,366,12,2020-01-01T03:00:00Z,2021-01-01T02:00:00Z,10,17,59,100,100
dados_A366_H_2017-01-01_2025-12-31.csv,A366,OURICURI,AUTOMATICA,-7.88583333,-40.10277777,457.85,Horaria,2020,velocidade_vento_ms,"VENTO, VELOCIDADE HORARIA(m/s)",8784,6674,2110,75.9790528233151,366,366,12,2020-01-01T03:00:00Z,2021-01-01T02:00:00Z,0.1,0.3,2.4,5.4,7.4
dados_A366_H_2017-01-01_2025-12-31.csv,A366,OURICURI,AUTOMATICA,-7.88583333,-40.10277777,457.85,Horaria,2021,direcao_vento_graus,"VENTO, DIRECAO HORARIA (gr)(° (gr))",8760,3363,5397,38.3904109589041,365,218,8,2021-01-01T03:00:00Z,2022-01-01T02:00:00Z,1,5,120,357,360
dados_A366_H_2017-01-01_2025-12-31.csv,A366,OURICURI,AUTOMATICA,-7.88583333,-40.10277777,457.85,Horaria,2021,pressao_estacao_hpa,"PRESSAO ATMOSFERICA AO NIVEL DA ESTACAO, HORARIA(mB)",8760,3359,5401,38.3447488584475,365,218,8,2021-01-01T03:00:00Z,2022-01-01T02:00:00Z,953.6,955.4,961.5,968,969.9
dados_A366_H_2017-01-01_2025-12-31.csv,A366,OURICURI,AUTOMATICA,-7.88583333,-40.10277777,457.85,Horaria,2021,temperatura_ar_c,"TEMPERATURA DO AR - BULBO SECO, HORARIA(°C)",8760,3363,5397,38.3904109589041,365,218,8,2021-01-01T03:00:00Z,2022-01-01T02:00:00Z,17.6,19.4,26.5,34.5,36.6
dados_A366_H_2017-01-01_2025-12-31.csv,A366,OURICURI,AUTOMATICA,-7.88583333,-40.10277777,457.85,Horaria,2021,umidade_relativa_pct,"UMIDADE RELATIVA DO AR, HORARIA(%)",8760,3360,5400,38.3561643835616,365,218,8,2021-01-01T03:00:00Z,2022-01-01T02:00:00Z,15,23,52,92,100
dados_A366_H_2017-01-01_2025-12-31.csv,A366,OURICURI,AUTOMATICA,-7.88583333,-40.10277777,457.85,Horaria,2021,velocidade_vento_ms,"VENTO, VELOCIDADE HORARIA(m/s)",8760,3363,5397,38.3904109589041,365,218,8,2021-01-01T03:00:00Z,2022-01-01T02:00:00Z,0.2,0.5,2.9,5.6,7.8
dados_A366_H_2017-01-01_2025-12-31.csv,A366,OURICURI,AUTOMATICA,-7.88583333,-40.10277777,457.85,Horaria,2022,direcao_vento_graus,"VENTO, DIRECAO HORARIA (gr)(° (gr))",8760,3009,5751,34.3493150684932,365,126,5,2022-01-01T03:00:00Z,2023-01-01T02:00:00Z,1,7,119,353,360
dados_A366_H_2017-01-01_2025-12-31.csv,A366,OURICURI,AUTOMATICA,-7.88583333,-40.10277777,457.85,Horaria,2022,pressao_estacao_hpa,"PRESSAO ATMOSFERICA AO NIVEL DA ESTACAO, HORARIA(mB)",8760,3009,5751,34.3493150684932,365,126,5,2022-01-01T03:00:00Z,2023-01-01T02:00:00Z,953.1,955,960.1,966.3,968.7
dados_A366_H_2017-01-01_2025-12-31.csv,A366,OURICURI,AUTOMATICA,-7.88583333,-40.10277777,457.85,Horaria,2022,temperatura_ar_c,"TEMPERATURA DO AR - BULBO SECO, HORARIA(°C)",8760,3009,5751,34.3493150684932,365,126,5,2022-01-01T03:00:00Z,2023-01-01T02:00:00Z,18,19.4,25.6,35.092,36.7
dados_A366_H_2017-01-01_2025-12-31.csv,A366,OURICURI,AUTOMATICA,-7.88583333,-40.10277777,457.85,Horaria,2022,umidade_relativa_pct,"UMIDADE RELATIVA DO AR, HORARIA(%)",8760,2949,5811,33.6643835616438,365,126,5,2022-01-01T03:00:00Z,2023-01-01T02:00:00Z,13,16,56,100,100
dados_A366_H_2017-01-01_2025-12-31.csv,A366,OURICURI,AUTOMATICA,-7.88583333,-40.10277777,457.85,Horaria,2022,velocidade_vento_ms,"VENTO, VELOCIDADE HORARIA(m/s)",8760,3009,5751,34.3493150684932,365,126,5,2022-01-01T03:00:00Z,2023-01-01T02:00:00Z,0.2,0.3,2.4,5.5,7
dados_A366_H_2017-01-01_2025-12-31.csv,A366,OURICURI,AUTOMATICA,-7.88583333,-40.10277777,457.85,Horaria,2023,direcao_vento_graus,"VENTO, DIRECAO HORARIA (gr)(° (gr))",8760,4676,4084,53.37899543379,365,198,8,2023-01-01T03:00:00Z,2024-01-01T02:00:00Z,1,5,124,356,360
dados_A366_H_2017-01-01_2025-12-31.csv,A366,OURICURI,AUTOMATICA,-7.88583333,-40.10277777,457.85,Horaria,2023,pressao_estacao_hpa,"PRESSAO ATMOSFERICA AO NIVEL DA ESTACAO, HORARIA(mB)",8760,4741,4019,54.1210045662101,365,199,8,2023-01-01T03:00:00Z,2024-01-01T02:00:00Z,953.5,955.5,960.2,965.2,966.9
dados_A366_H_2017-01-01_2025-12-31.csv,A366,OURICURI,AUTOMATICA,-7.88583333,-40.10277777,457.85,Horaria,2023,temperatura_ar_c,"TEMPERATURA DO AR - BULBO SECO, HORARIA(°C)",8760,4739,4021,54.0981735159817,365,199,8,2023-01-01T03:00:00Z,2024-01-01T02:00:00Z,17.3,19.7,25.7,35.9,38.2
dados_A366_H_2017-01-01_2025-12-31.csv,A366,OURICURI,AUTOMATICA,-7.88583333,-40.10277777,457.85,Horaria,2023,umidade_relativa_pct,"UMIDADE RELATIVA DO AR, HORARIA(%)",8760,4637,4123,52.9337899543379,365,199,8,2023-01-01T03:00:00Z,2024-01-01T02:00:00Z,13,20,64,100,100
dados_A366_H_2017-01-01_2025-12-31.csv,A366,OURICURI,AUTOMATICA,-7.88583333,-40.10277777,457.85,Horaria,2023,velocidade_vento_ms,"VENTO, VELOCIDADE HORARIA(m/s)",8760,4678,4082,53.4018264840183,365,198,8,2023-01-01T03:00:00Z,2024-01-01T02:00:00Z,0.1,0.3,1.9,4.8,8.4
dados_A366_H_2017-01-01_2025-12-31.csv,A366,OURICURI,AUTOMATICA,-7.88583333,-40.10277777,457.85,Horaria,2024,direcao_vento_graus,"VENTO, DIRECAO HORARIA (gr)(° (gr))",8784,7348,1436,83.6520947176685,366,356,12,2024-01-01T03:00:00Z,2025-01-01T02:00:00Z,1,6,124,356,360
dados_A366_H_2017-01-01_2025-12-31.csv,A366,OURICURI,AUTOMATICA,-7.88583333,-40.10277777,457.85,Horaria,2024,pressao_estacao_hpa,"PRESSAO ATMOSFERICA AO NIVEL DA ESTACAO, HORARIA(mB)",8784,7363,1421,83.8228597449909,366,356,12,2024-01-01T03:00:00Z,2025-01-01T02:00:00Z,952.9,955.7,960.5,966.6,969
dados_A366_H_2017-01-01_2025-12-31.csv,A366,OURICURI,AUTOMATICA,-7.88583333,-40.10277777,457.85,Horaria,2024,temperatura_ar_c,"TEMPERATURA DO AR - BULBO SECO, HORARIA(°C)",8784,7363,1421,83.8228597449909,366,356,12,2024-01-01T03:00:00Z,2025-01-01T02:00:00Z,15.6,19.9,26.7,36,38.4
dados_A366_H_2017-01-01_2025-12-31.csv,A366,OURICURI,AUTOMATICA,-7.88583333,-40.10277777,457.85,Horaria,2024,umidade_relativa_pct,"UMIDADE RELATIVA DO AR, HORARIA(%)",8784,7025,1759,79.9749544626594,366,356,12,2024-01-01T03:00:00Z,2025-01-01T02:00:00Z,9,18,57,100,100
dados_A366_H_2017-01-01_2025-12-31.csv,A366,OURICURI,AUTOMATICA,-7.88583333,-40.10277777,457.85,Horaria,2024,velocidade_vento_ms,"VENTO, VELOCIDADE HORARIA(m/s)",8784,7348,1436,83.6520947176685,366,356,12,2024-01-01T03:00:00Z,2025-01-01T02:00:00Z,0.1,0.3,2.2,5.3,7.6
dados_A366_H_2017-01-01_2025-12-31.csv,A366,OURICURI,AUTOMATICA,-7.88583333,-40.10277777,457.85,Horaria,2025,direcao_vento_graus,"VENTO, DIRECAO HORARIA (gr)(° (gr))",8757,8679,78,99.1092840013703,365,365,12,2025-01-01T03:00:00Z,2025-12-31T23:00:00Z,1,6,123,354,360
dados_A366_H_2017-01-01_2025-12-31.csv,A366,OURICURI,AUTOMATICA,-7.88583333,-40.10277777,457.85,Horaria,2025,pressao_estacao_hpa,"PRESSAO ATMOSFERICA AO NIVEL DA ESTACAO, HORARIA(mB)",8757,8682,75,99.1435423090099,365,365,12,2025-01-01T03:00:00Z,2025-12-31T23:00:00Z,953.7,955.5,961.2,967.7,969.7
dados_A366_H_2017-01-01_2025-12-31.csv,A366,OURICURI,AUTOMATICA,-7.88583333,-40.10277777,457.85,Horaria,2025,temperatura_ar_c,"TEMPERATURA DO AR - BULBO SECO, HORARIA(°C)",8757,8682,75,99.1435423090099,365,365,12,2025-01-01T03:00:00Z,2025-12-31T23:00:00Z,16.9,19.5,26.2,35.8,38.7
dados_A366_H_2017-01-01_2025-12-31.csv,A366,OURICURI,AUTOMATICA,-7.88583333,-40.10277777,457.85,Horaria,2025,umidade_relativa_pct,"UMIDADE RELATIVA DO AR, HORARIA(%)",8757,8573,184,97.8988237981044,365,365,12,2025-01-01T03:00:00Z,2025-12-31T23:00:00Z,14,19,54,98,100
dados_A366_H_2017-01-01_2025-12-31.csv,A366,OURICURI,AUTOMATICA,-7.88583333,-40.10277777,457.85,Horaria,2025,velocidade_vento_ms,"VENTO, VELOCIDADE HORARIA(m/s)",8757,8678,79,99.0978645654905,365,365,12,2025-01-01T03:00:00Z,2025-12-31T23:00:00Z,0.1,0.4,2.6,5.4,7.7
dados_A370_H_2017-09-14_2025-12-31.csv,A370,SALGUEIRO,AUTOMATICA,-8.05805555,-39.0961111,447,Horaria,2017,direcao_vento_graus,"VENTO, DIRECAO HORARIA (gr)(° (gr))",2619,2059,560,78.6177930507827,110,108,4,2017-09-14T00:00:00Z,2018-01-01T02:00:00Z,2,22,148,301.84,359
dados_A370_H_2017-09-14_2025-12-31.csv,A370,SALGUEIRO,AUTOMATICA,-8.05805555,-39.0961111,447,Horaria,2017,pressao_estacao_hpa,"PRESSAO ATMOSFERICA AO NIVEL DA ESTACAO, HORARIA(mB)",2619,2059,560,78.6177930507827,110,108,4,2017-09-14T00:00:00Z,2018-01-01T02:00:00Z,954.9,955.658,960.9,967.1,969.1
dados_A370_H_2017-09-14_2025-12-31.csv,A370,SALGUEIRO,AUTOMATICA,-8.05805555,-39.0961111,447,Horaria,2017,temperatura_ar_c,"TEMPERATURA DO AR - BULBO SECO, HORARIA(°C)",2619,2059,560,78.6177930507827,110,108,4,2017-09-14T00:00:00Z,2018-01-01T02:00:00Z,20.2,21.6,29,36.7,38.4
dados_A370_H_2017-09-14_2025-12-31.csv,A370,SALGUEIRO,AUTOMATICA,-8.05805555,-39.0961111,447,Horaria,2017,umidade_relativa_pct,"UMIDADE RELATIVA DO AR, HORARIA(%)",2619,2059,560,78.6177930507827,110,108,4,2017-09-14T00:00:00Z,2018-01-01T02:00:00Z,13,20,44,89,94
dados_A370_H_2017-09-14_2025-12-31.csv,A370,SALGUEIRO,AUTOMATICA,-8.05805555,-39.0961111,447,Horaria,2017,velocidade_vento_ms,"VENTO, VELOCIDADE HORARIA(m/s)",2619,2059,560,78.6177930507827,110,108,4,2017-09-14T00:00:00Z,2018-01-01T02:00:00Z,0,0,3,5.8,8.4
dados_A370_H_2017-09-14_2025-12-31.csv,A370,SALGUEIRO,AUTOMATICA,-8.05805555,-39.0961111,447,Horaria,2018,direcao_vento_graus,"VENTO, DIRECAO HORARIA (gr)(° (gr))",8760,8699,61,99.3036529680365,365,365,12,2018-01-01T03:00:00Z,2019-01-01T02:00:00Z,1,16,155,340.040000000001,360
dados_A370_H_2017-09-14_2025-12-31.csv,A370,SALGUEIRO,AUTOMATICA,-8.05805555,-39.0961111,447,Horaria,2018,pressao_estacao_hpa,"PRESSAO ATMOSFERICA AO NIVEL DA ESTACAO, HORARIA(mB)",8760,8699,61,99.3036529680365,365,365,12,2018-01-01T03:00:00Z,2019-01-01T02:00:00Z,954.5,956.9,962.5,968.3,969.9
dados_A370_H_2017-09-14_2025-12-31.csv,A370,SALGUEIRO,AUTOMATICA,-8.05805555,-39.0961111,447,Horaria,2018,temperatura_ar_c,"TEMPERATURA DO AR - BULBO SECO, HORARIA(°C)",8760,8699,61,99.3036529680365,365,365,12,2018-01-01T03:00:00Z,2019-01-01T02:00:00Z,14.6,17.798,26.2,35.5,37.7
dados_A370_H_2017-09-14_2025-12-31.csv,A370,SALGUEIRO,AUTOMATICA,-8.05805555,-39.0961111,447,Horaria,2018,umidade_relativa_pct,"UMIDADE RELATIVA DO AR, HORARIA(%)",8760,8699,61,99.3036529680365,365,365,12,2018-01-01T03:00:00Z,2019-01-01T02:00:00Z,18,23,61,96,97
dados_A370_H_2017-09-14_2025-12-31.csv,A370,SALGUEIRO,AUTOMATICA,-8.05805555,-39.0961111,447,Horaria,2018,velocidade_vento_ms,"VENTO, VELOCIDADE HORARIA(m/s)",8760,8699,61,99.3036529680365,365,365,12,2018-01-01T03:00:00Z,2019-01-01T02:00:00Z,0,0,2.2,5.20200000000004,7
dados_A370_H_2017-09-14_2025-12-31.csv,A370,SALGUEIRO,AUTOMATICA,-8.05805555,-39.0961111,447,Horaria,2019,direcao_vento_graus,"VENTO, DIRECAO HORARIA (gr)(° (gr))",8760,7445,1315,84.9885844748859,365,314,11,2019-01-01T03:00:00Z,2020-01-01T02:00:00Z,1,13,156,332,360
dados_A370_H_2017-09-14_2025-12-31.csv,A370,SALGUEIRO,AUTOMATICA,-8.05805555,-39.0961111,447,Horaria,2019,pressao_estacao_hpa,"PRESSAO ATMOSFERICA AO NIVEL DA ESTACAO, HORARIA(mB)",8760,7445,1315,84.9885844748859,365,314,11,2019-01-01T03:00:00Z,2020-01-01T02:00:00Z,953.7,956.9,962.3,968.9,970.4
dados_A370_H_2017-09-14_2025-12-31.csv,A370,SALGUEIRO,AUTOMATICA,-8.05805555,-39.0961111,447,Horaria,2019,temperatura_ar_c,"TEMPERATURA DO AR - BULBO SECO, HORARIA(°C)",8760,7445,1315,84.9885844748859,365,314,11,2019-01-01T03:00:00Z,2020-01-01T02:00:00Z,14.2,17.5,27.3,36.156,38.8
dados_A370_H_2017-09-14_2025-12-31.csv,A370,SALGUEIRO,AUTOMATICA,-8.05805555,-39.0961111,447,Horaria,2019,umidade_relativa_pct,"UMIDADE RELATIVA DO AR, HORARIA(%)",8760,7445,1315,84.9885844748859,365,314,11,2019-01-01T03:00:00Z,2020-01-01T02:00:00Z,15,20,68,93,96
dados_A370_H_2017-09-14_2025-12-31.csv,A370,SALGUEIRO,AUTOMATICA,-8.05805555,-39.0961111,447,Horaria,2019,velocidade_vento_ms,"VENTO, VELOCIDADE HORARIA(m/s)",8760,7445,1315,84.9885844748859,365,314,11,2019-01-01T03:00:00Z,2020-01-01T02:00:00Z,0,0,2.2,5.5,7.4
dados_A370_H_2017-09-14_2025-12-31.csv,A370,SALGUEIRO,AUTOMATICA,-8.05805555,-39.0961111,447,Horaria,2020,direcao_vento_graus,"VENTO, DIRECAO HORARIA (gr)(° (gr))",8784,2861,5923,32.5705828779599,366,359,12,2020-01-01T03:00:00Z,2021-01-01T02:00:00Z,1,19,160,342.4,360
dados_A370_H_2017-09-14_2025-12-31.csv,A370,SALGUEIRO,AUTOMATICA,-8.05805555,-39.0961111,447,Horaria,2020,pressao_estacao_hpa,"PRESSAO ATMOSFERICA AO NIVEL DA ESTACAO, HORARIA(mB)",8784,2868,5916,32.6502732240437,366,359,12,2020-01-01T03:00:00Z,2021-01-01T02:00:00Z,955.2,957.7,962.6,967.933,970.2
dados_A370_H_2017-09-14_2025-12-31.csv,A370,SALGUEIRO,AUTOMATICA,-8.05805555,-39.0961111,447,Horaria,2020,temperatura_ar_c,"TEMPERATURA DO AR - BULBO SECO, HORARIA(°C)",8784,2868,5916,32.6502732240437,366,359,12,2020-01-01T03:00:00Z,2021-01-01T02:00:00Z,16.9,20.3,28.9,36.3,38.1
dados_A370_H_2017-09-14_2025-12-31.csv,A370,SALGUEIRO,AUTOMATICA,-8.05805555,-39.0961111,447,Horaria,2020,umidade_relativa_pct,"UMIDADE RELATIVA DO AR, HORARIA(%)",8784,2868,5916,32.6502732240437,366,359,12,2020-01-01T03:00:00Z,2021-01-01T02:00:00Z,12,20,54,94,100
dados_A370_H_2017-09-14_2025-12-31.csv,A370,SALGUEIRO,AUTOMATICA,-8.05805555,-39.0961111,447,Horaria,2020,velocidade_vento_ms,"VENTO, VELOCIDADE HORARIA(m/s)",8784,2861,5923,32.5705828779599,366,359,12,2020-01-01T03:00:00Z,2021-01-01T02:00:00Z,0,0,2.7,5.8,6.8
dados_A370_H_2017-09-14_2025-12-31.csv,A370,SALGUEIRO,AUTOMATICA,-8.05805555,-39.0961111,447,Horaria,2021,direcao_vento_graus,"VENTO, DIRECAO HORARIA (gr)(° (gr))",8760,2684,6076,30.6392694063927,365,360,12,2021-01-01T03:00:00Z,2022-01-01T02:00:00Z,1,23,162,324,360
dados_A370_H_2017-09-14_2025-12-31.csv,A370,SALGUEIRO,AUTOMATICA,-8.05805555,-39.0961111,447,Horaria,2021,pressao_estacao_hpa,"PRESSAO ATMOSFERICA AO NIVEL DA ESTACAO, HORARIA(mB)",8760,2684,6076,30.6392694063927,365,360,12,2021-01-01T03:00:00Z,2022-01-01T02:00:00Z,955.7,957.1,962.7,969.5,971.2
dados_A370_H_2017-09-14_2025-12-31.csv,A370,SALGUEIRO,AUTOMATICA,-8.05805555,-39.0961111,447,Horaria,2021,temperatura_ar_c,"TEMPERATURA DO AR - BULBO SECO, HORARIA(°C)",8760,2684,6076,30.6392694063927,365,360,12,2021-01-01T03:00:00Z,2022-01-01T02:00:00Z,17.3,20.8,29.2,36.017,37.5
dados_A370_H_2017-09-14_2025-12-31.csv,A370,SALGUEIRO,AUTOMATICA,-8.05805555,-39.0961111,447,Horaria,2021,umidade_relativa_pct,"UMIDADE RELATIVA DO AR, HORARIA(%)",8760,2684,6076,30.6392694063927,365,360,12,2021-01-01T03:00:00Z,2022-01-01T02:00:00Z,18,23,49,90,100
dados_A370_H_2017-09-14_2025-12-31.csv,A370,SALGUEIRO,AUTOMATICA,-8.05805555,-39.0961111,447,Horaria,2021,velocidade_vento_ms,"VENTO, VELOCIDADE HORARIA(m/s)",8760,2684,6076,30.6392694063927,365,360,12,2021-01-01T03:00:00Z,2022-01-01T02:00:00Z,0,0,2.9,5.3,6.4
dados_A370_H_2017-09-14_2025-12-31.csv,A370,SALGUEIRO,AUTOMATICA,-8.05805555,-39.0961111,447,Horaria,2022,direcao_vento_graus,"VENTO, DIRECAO HORARIA (gr)(° (gr))",8760,4514,4246,51.5296803652968,365,365,12,2022-01-01T03:00:00Z,2023-01-01T02:00:00Z,1,14,157,335,360
dados_A370_H_2017-09-14_2025-12-31.csv,A370,SALGUEIRO,AUTOMATICA,-8.05805555,-39.0961111,447,Horaria,2022,pressao_estacao_hpa,"PRESSAO ATMOSFERICA AO NIVEL DA ESTACAO, HORARIA(mB)",8760,4514,4246,51.5296803652968,365,365,12,2022-01-01T03:00:00Z,2023-01-01T02:00:00Z,954.4,956.8,962.2,968.1,970
dados_A370_H_2017-09-14_2025-12-31.csv,A370,SALGUEIRO,AUTOMATICA,-8.05805555,-39.0961111,447,Horaria,2022,temperatura_ar_c,"TEMPERATURA DO AR - BULBO SECO, HORARIA(°C)",8760,4515,4245,51.541095890411,365,365,12,2022-01-01T03:00:00Z,2023-01-01T02:00:00Z,15.7,18.514,26.8,35,37.4
dados_A370_H_2017-09-14_2025-12-31.csv,A370,SALGUEIRO,AUTOMATICA,-8.05805555,-39.0961111,447,Horaria,2022,umidade_relativa_pct,"UMIDADE RELATIVA DO AR, HORARIA(%)",8760,4515,4245,51.541095890411,365,365,12,2022-01-01T03:00:00Z,2023-01-01T02:00:00Z,15,22,60,100,100
dados_A370_H_2017-09-14_2025-12-31.csv,A370,SALGUEIRO,AUTOMATICA,-8.05805555,-39.0961111,447,Horaria,2022,velocidade_vento_ms,"VENTO, VELOCIDADE HORARIA(m/s)",8760,4514,4246,51.5296803652968,365,365,12,2022-01-01T03:00:00Z,2023-01-01T02:00:00Z,0,0,2.3,5.1,6.1
dados_A370_H_2017-09-14_2025-12-31.csv,A370,SALGUEIRO,AUTOMATICA,-8.05805555,-39.0961111,447,Horaria,2023,direcao_vento_graus,"VENTO, DIRECAO HORARIA (gr)(° (gr))",8760,8449,311,96.4497716894977,365,365,12,2023-01-01T03:00:00Z,2024-01-01T02:00:00Z,1,13,155,339,360
dados_A370_H_2017-09-14_2025-12-31.csv,A370,SALGUEIRO,AUTOMATICA,-8.05805555,-39.0961111,447,Horaria,2023,pressao_estacao_hpa,"PRESSAO ATMOSFERICA AO NIVEL DA ESTACAO, HORARIA(mB)",8760,8449,311,96.4497716894977,365,365,12,2023-01-01T03:00:00Z,2024-01-01T02:00:00Z,955.1,956.848,962.5,968.7,970.5
dados_A370_H_2017-09-14_2025-12-31.csv,A370,SALGUEIRO,AUTOMATICA,-8.05805555,-39.0961111,447,Horaria,2023,temperatura_ar_c,"TEMPERATURA DO AR - BULBO SECO, HORARIA(°C)",8760,8449,311,96.4497716894977,365,365,12,2023-01-01T03:00:00Z,2024-01-01T02:00:00Z,14.6,17.5,25.9,37.1,39
dados_A370_H_2017-09-14_2025-12-31.csv,A370,SALGUEIRO,AUTOMATICA,-8.05805555,-39.0961111,447,Horaria,2023,umidade_relativa_pct,"UMIDADE RELATIVA DO AR, HORARIA(%)",8760,8449,311,96.4497716894977,365,365,12,2023-01-01T03:00:00Z,2024-01-01T02:00:00Z,12,19,63,100,100
dados_A370_H_2017-09-14_2025-12-31.csv,A370,SALGUEIRO,AUTOMATICA,-8.05805555,-39.0961111,447,Horaria,2023,velocidade_vento_ms,"VENTO, VELOCIDADE HORARIA(m/s)",8760,8449,311,96.4497716894977,365,365,12,2023-01-01T03:00:00Z,2024-01-01T02:00:00Z,0,0,1.9,4.95200000000004,7.8
dados_A370_H_2017-09-14_2025-12-31.csv,A370,SALGUEIRO,AUTOMATICA,-8.05805555,-39.0961111,447,Horaria,2024,direcao_vento_graus,"VENTO, DIRECAO HORARIA (gr)(° (gr))",8784,8420,364,95.856102003643,366,366,12,2024-01-01T03:00:00Z,2025-01-01T02:00:00Z,1,15,156,340,360
dados_A370_H_2017-09-14_2025-12-31.csv,A370,SALGUEIRO,AUTOMATICA,-8.05805555,-39.0961111,447,Horaria,2024,pressao_estacao_hpa,"PRESSAO ATMOSFERICA AO NIVEL DA ESTACAO, HORARIA(mB)",8784,8420,364,95.856102003643,366,366,12,2024-01-01T03:00:00Z,2025-01-01T02:00:00Z,954.7,957.2,962.6,968.7,970.2
dados_A370_H_2017-09-14_2025-12-31.csv,A370,SALGUEIRO,AUTOMATICA,-8.05805555,-39.0961111,447,Horaria,2024,temperatura_ar_c,"TEMPERATURA DO AR - BULBO SECO, HORARIA(°C)",8784,8423,361,95.8902550091075,366,366,12,2024-01-01T03:00:00Z,2025-01-01T02:00:00Z,14.7,18.7,26.9,36.3780000000001,38.6
dados_A370_H_2017-09-14_2025-12-31.csv,A370,SALGUEIRO,AUTOMATICA,-8.05805555,-39.0961111,447,Horaria,2024,umidade_relativa_pct,"UMIDADE RELATIVA DO AR, HORARIA(%)",8784,8423,361,95.8902550091075,366,366,12,2024-01-01T03:00:00Z,2025-01-01T02:00:00Z,22,31,65,88,100
dados_A370_H_2017-09-14_2025-12-31.csv,A370,SALGUEIRO,AUTOMATICA,-8.05805555,-39.0961111,447,Horaria,2024,velocidade_vento_ms,"VENTO, VELOCIDADE HORARIA(m/s)",8784,8420,364,95.856102003643,366,366,12,2024-01-01T03:00:00Z,2025-01-01T02:00:00Z,0,0,2.1,5,6.8
dados_A370_H_2017-09-14_2025-12-31.csv,A370,SALGUEIRO,AUTOMATICA,-8.05805555,-39.0961111,447,Horaria,2025,direcao_vento_graus,"VENTO, DIRECAO HORARIA (gr)(° (gr))",8757,8458,299,96.5855886719196,365,365,12,2025-01-01T03:00:00Z,2025-12-31T23:00:00Z,1,17,163,328.43,360
dados_A370_H_2017-09-14_2025-12-31.csv,A370,SALGUEIRO,AUTOMATICA,-8.05805555,-39.0961111,447,Horaria,2025,pressao_estacao_hpa,"PRESSAO ATMOSFERICA AO NIVEL DA ESTACAO, HORARIA(mB)",8757,8467,290,96.6883635948384,365,365,12,2025-01-01T03:00:00Z,2025-12-31T23:00:00Z,955,956.9,962.7,968.9,970.6
dados_A370_H_2017-09-14_2025-12-31.csv,A370,SALGUEIRO,AUTOMATICA,-8.05805555,-39.0961111,447,Horaria,2025,temperatura_ar_c,"TEMPERATURA DO AR - BULBO SECO, HORARIA(°C)",8757,8500,257,97.0652049788741,365,365,12,2025-01-01T03:00:00Z,2025-12-31T23:00:00Z,15.3,18.7,26.6,36.6,39.6
dados_A370_H_2017-09-14_2025-12-31.csv,A370,SALGUEIRO,AUTOMATICA,-8.05805555,-39.0961111,447,Horaria,2025,umidade_relativa_pct,"UMIDADE RELATIVA DO AR, HORARIA(%)",8757,8488,269,96.9281717483156,365,365,12,2025-01-01T03:00:00Z,2025-12-31T23:00:00Z,16,24,61,85,92
dados_A370_H_2017-09-14_2025-12-31.csv,A370,SALGUEIRO,AUTOMATICA,-8.05805555,-39.0961111,447,Horaria,2025,velocidade_vento_ms,"VENTO, VELOCIDADE HORARIA(m/s)",8757,8458,299,96.5855886719196,365,365,12,2025-01-01T03:00:00Z,2025-12-31T23:00:00Z,0,0,2.2,5.1,6.4
dados_82753_H_2017-01-01_2025-12-31.csv,82753,OURICURI,CONVENCIONAL,-7.87944443,-40.09194444,462.01,Horaria,2017,direcao_vento_graus,"VENTO, DIRECAO HORARIA(codigo)",1095,1095,0,100,365,365,12,2017-01-01T12:00:00Z,2018-01-01T00:00:00Z,0,5,9,36,36
dados_82753_H_2017-01-01_2025-12-31.csv,82753,OURICURI,CONVENCIONAL,-7.87944443,-40.09194444,462.01,Horaria,2017,pressao_estacao_hpa,"PRESSAO ATMOSFERICA AO NIVEL DA ESTACAO, HORARIA(mB)",1095,1095,0,100,365,365,12,2017-01-01T12:00:00Z,2018-01-01T00:00:00Z,953.9,955.194,961.4,968.106,969.2
dados_82753_H_2017-01-01_2025-12-31.csv,82753,OURICURI,CONVENCIONAL,-7.87944443,-40.09194444,462.01,Horaria,2017,temperatura_ar_c,"TEMPERATURA DO AR - BULBO SECO, HORARIA(°C)",1095,1095,0,100,365,365,12,2017-01-01T12:00:00Z,2018-01-01T00:00:00Z,19.7,20.6,27.6,35.5,36.5
dados_82753_H_2017-01-01_2025-12-31.csv,82753,OURICURI,CONVENCIONAL,-7.87944443,-40.09194444,462.01,Horaria,2017,umidade_relativa_pct,"UMIDADE RELATIVA DO AR, HORARIA(%)",1095,1095,0,100,365,365,12,2017-01-01T12:00:00Z,2018-01-01T00:00:00Z,18,25.94,56,91.0599999999999,95
dados_82753_H_2017-01-01_2025-12-31.csv,82753,OURICURI,CONVENCIONAL,-7.87944443,-40.09194444,462.01,Horaria,2017,velocidade_vento_ms,"VENTO, VELOCIDADE HORARIA(m/s)",1095,1095,0,100,365,365,12,2017-01-01T12:00:00Z,2018-01-01T00:00:00Z,0,0.3,3.4,7.9,8
dados_82753_H_2017-01-01_2025-12-31.csv,82753,OURICURI,CONVENCIONAL,-7.87944443,-40.09194444,462.01,Horaria,2018,direcao_vento_graus,"VENTO, DIRECAO HORARIA(codigo)",1095,1095,0,100,365,365,12,2018-01-01T12:00:00Z,2019-01-01T00:00:00Z,0,5,9,36,36
dados_82753_H_2017-01-01_2025-12-31.csv,82753,OURICURI,CONVENCIONAL,-7.87944443,-40.09194444,462.01,Horaria,2018,pressao_estacao_hpa,"PRESSAO ATMOSFERICA AO NIVEL DA ESTACAO, HORARIA(mB)",1095,1095,0,100,365,365,12,2018-01-01T12:00:00Z,2019-01-01T00:00:00Z,952,955.194,961.2,967.8,968.6
dados_82753_H_2017-01-01_2025-12-31.csv,82753,OURICURI,CONVENCIONAL,-7.87944443,-40.09194444,462.01,Horaria,2018,temperatura_ar_c,"TEMPERATURA DO AR - BULBO SECO, HORARIA(°C)",1095,1095,0,100,365,365,12,2018-01-01T12:00:00Z,2019-01-01T00:00:00Z,20.8,21.7,27,35.206,36.4
dados_82753_H_2017-01-01_2025-12-31.csv,82753,OURICURI,CONVENCIONAL,-7.87944443,-40.09194444,462.01,Horaria,2018,umidade_relativa_pct,"UMIDADE RELATIVA DO AR, HORARIA(%)",1095,1095,0,100,365,365,12,2018-01-01T12:00:00Z,2019-01-01T00:00:00Z,23,27,58,93,96
dados_82753_H_2017-01-01_2025-12-31.csv,82753,OURICURI,CONVENCIONAL,-7.87944443,-40.09194444,462.01,Horaria,2018,velocidade_vento_ms,"VENTO, VELOCIDADE HORARIA(m/s)",1095,1095,0,100,365,365,12,2018-01-01T12:00:00Z,2019-01-01T00:00:00Z,0,0.3,3.3,5.6,7.9
dados_82753_H_2017-01-01_2025-12-31.csv,82753,OURICURI,CONVENCIONAL,-7.87944443,-40.09194444,462.01,Horaria,2019,direcao_vento_graus,"VENTO, DIRECAO HORARIA(codigo)",1095,1075,20,98.1735159817352,365,365,12,2019-01-01T12:00:00Z,2020-01-01T00:00:00Z,5,5,14,36,36
dados_82753_H_2017-01-01_2025-12-31.csv,82753,OURICURI,CONVENCIONAL,-7.87944443,-40.09194444,462.01,Horaria,2019,pressao_estacao_hpa,"PRESSAO ATMOSFERICA AO NIVEL DA ESTACAO, HORARIA(mB)",1095,1075,20,98.1735159817352,365,365,12,2019-01-01T12:00:00Z,2020-01-01T00:00:00Z,952.3,955.574,961.3,968.126,969.3
dados_82753_H_2017-01-01_2025-12-31.csv,82753,OURICURI,CONVENCIONAL,-7.87944443,-40.09194444,462.01,Horaria,2019,temperatura_ar_c,"TEMPERATURA DO AR - BULBO SECO, HORARIA(°C)",1095,1075,20,98.1735159817352,365,365,12,2019-01-01T12:00:00Z,2020-01-01T00:00:00Z,19.7,21.2,27.3,35.778,37.4
dados_82753_H_2017-01-01_2025-12-31.csv,82753,OURICURI,CONVENCIONAL,-7.87944443,-40.09194444,462.01,Horaria,2019,umidade_relativa_pct,"UMIDADE RELATIVA DO AR, HORARIA(%)",1095,1075,20,98.1735159817352,365,365,12,2019-01-01T12:00:00Z,2020-01-01T00:00:00Z,22,25.74,58,94,96
dados_82753_H_2017-01-01_2025-12-31.csv,82753,OURICURI,CONVENCIONAL,-7.87944443,-40.09194444,462.01,Horaria,2019,velocidade_vento_ms,"VENTO, VELOCIDADE HORARIA(m/s)",1095,1075,20,98.1735159817352,365,365,12,2019-01-01T12:00:00Z,2020-01-01T00:00:00Z,0.1,0.3,3.3,5.726,8
dados_82753_H_2017-01-01_2025-12-31.csv,82753,OURICURI,CONVENCIONAL,-7.87944443,-40.09194444,462.01,Horaria,2020,direcao_vento_graus,"VENTO, DIRECAO HORARIA(codigo)",1098,1079,19,98.2695810564663,366,366,12,2020-01-01T12:00:00Z,2021-01-01T00:00:00Z,0,5,14,36,36
dados_82753_H_2017-01-01_2025-12-31.csv,82753,OURICURI,CONVENCIONAL,-7.87944443,-40.09194444,462.01,Horaria,2020,pressao_estacao_hpa,"PRESSAO ATMOSFERICA AO NIVEL DA ESTACAO, HORARIA(mB)",1098,1079,19,98.2695810564663,366,366,12,2020-01-01T12:00:00Z,2021-01-01T00:00:00Z,953.8,955.678,961.4,967.322,969
dados_82753_H_2017-01-01_2025-12-31.csv,82753,OURICURI,CONVENCIONAL,-7.87944443,-40.09194444,462.01,Horaria,2020,temperatura_ar_c,"TEMPERATURA DO AR - BULBO SECO, HORARIA(°C)",1098,1079,19,98.2695810564663,366,366,12,2020-01-01T12:00:00Z,2021-01-01T00:00:00Z,20.6,21.6,26.5,35.7,37.1
dados_82753_H_2017-01-01_2025-12-31.csv,82753,OURICURI,CONVENCIONAL,-7.87944443,-40.09194444,462.01,Horaria,2020,umidade_relativa_pct,"UMIDADE RELATIVA DO AR, HORARIA(%)",1098,1079,19,98.2695810564663,366,366,12,2020-01-01T12:00:00Z,2021-01-01T00:00:00Z,24,30,65,95,97
dados_82753_H_2017-01-01_2025-12-31.csv,82753,OURICURI,CONVENCIONAL,-7.87944443,-40.09194444,462.01,Horaria,2020,velocidade_vento_ms,"VENTO, VELOCIDADE HORARIA(m/s)",1098,1079,19,98.2695810564663,366,366,12,2020-01-01T12:00:00Z,2021-01-01T00:00:00Z,0,0.3,3.3,7.9,8
dados_82753_H_2017-01-01_2025-12-31.csv,82753,OURICURI,CONVENCIONAL,-7.87944443,-40.09194444,462.01,Horaria,2021,direcao_vento_graus,"VENTO, DIRECAO HORARIA(codigo)",1095,1054,41,96.2557077625571,365,355,12,2021-01-01T12:00:00Z,2022-01-01T00:00:00Z,0,5,9,36,36
dados_82753_H_2017-01-01_2025-12-31.csv,82753,OURICURI,CONVENCIONAL,-7.87944443,-40.09194444,462.01,Horaria,2021,pressao_estacao_hpa,"PRESSAO ATMOSFERICA AO NIVEL DA ESTACAO, HORARIA(mB)",1095,1053,42,96.1643835616438,365,355,12,2021-01-01T12:00:00Z,2022-01-01T00:00:00Z,954.5,955.5,960.9,968.144,970.3
dados_82753_H_2017-01-01_2025-12-31.csv,82753,OURICURI,CONVENCIONAL,-7.87944443,-40.09194444,462.01,Horaria,2021,temperatura_ar_c,"TEMPERATURA DO AR - BULBO SECO, HORARIA(°C)",1095,1052,43,96.0730593607306,365,355,12,2021-01-01T12:00:00Z,2022-01-01T00:00:00Z,20.3,21.451,26.9,35.4,37.6
dados_82753_H_2017-01-01_2025-12-31.csv,82753,OURICURI,CONVENCIONAL,-7.87944443,-40.09194444,462.01,Horaria,2021,umidade_relativa_pct,"UMIDADE RELATIVA DO AR, HORARIA(%)",1095,1052,43,96.0730593607306,365,355,12,2021-01-01T12:00:00Z,2022-01-01T00:00:00Z,29,35,66,95,100
dados_82753_H_2017-01-01_2025-12-31.csv,82753,OURICURI,CONVENCIONAL,-7.87944443,-40.09194444,462.01,Horaria,2021,velocidade_vento_ms,"VENTO, VELOCIDADE HORARIA(m/s)",1095,1053,42,96.1643835616438,365,355,12,2021-01-01T12:00:00Z,2022-01-01T00:00:00Z,0,0.252,3.3,5.6,8
dados_82753_H_2017-01-01_2025-12-31.csv,82753,OURICURI,CONVENCIONAL,-7.87944443,-40.09194444,462.01,Horaria,2022,direcao_vento_graus,"VENTO, DIRECAO HORARIA(codigo)",1095,835,260,76.2557077625571,365,296,12,2022-01-01T12:00:00Z,2023-01-01T00:00:00Z,5,5,14,36,36
dados_82753_H_2017-01-01_2025-12-31.csv,82753,OURICURI,CONVENCIONAL,-7.87944443,-40.09194444,462.01,Horaria,2022,pressao_estacao_hpa,"PRESSAO ATMOSFERICA AO NIVEL DA ESTACAO, HORARIA(mB)",1095,829,266,75.7077625570776,365,296,12,2022-01-01T12:00:00Z,2023-01-01T00:00:00Z,941,955.3,960.9,966.772,968.9
dados_82753_H_2017-01-01_2025-12-31.csv,82753,OURICURI,CONVENCIONAL,-7.87944443,-40.09194444,462.01,Horaria,2022,temperatura_ar_c,"TEMPERATURA DO AR - BULBO SECO, HORARIA(°C)",1095,832,263,75.9817351598174,365,296,12,2022-01-01T12:00:00Z,2023-01-01T00:00:00Z,19.7,20.6,25.8,34.776,36.7
dados_82753_H_2017-01-01_2025-12-31.csv,82753,OURICURI,CONVENCIONAL,-7.87944443,-40.09194444,462.01,Horaria,2022,umidade_relativa_pct,"UMIDADE RELATIVA DO AR, HORARIA(%)",1095,833,262,76.0730593607306,365,296,12,2022-01-01T12:00:00Z,2023-01-01T00:00:00Z,19,25.64,71,95,96
dados_82753_H_2017-01-01_2025-12-31.csv,82753,OURICURI,CONVENCIONAL,-7.87944443,-40.09194444,462.01,Horaria,2022,velocidade_vento_ms,"VENTO, VELOCIDADE HORARIA(m/s)",1095,827,268,75.5251141552512,365,296,12,2022-01-01T12:00:00Z,2023-01-01T00:00:00Z,0,0.3,3.3,7.9,8
dados_82753_H_2017-01-01_2025-12-31.csv,82753,OURICURI,CONVENCIONAL,-7.87944443,-40.09194444,462.01,Horaria,2023,direcao_vento_graus,"VENTO, DIRECAO HORARIA(codigo)",1095,743,352,67.8538812785388,365,261,12,2023-01-01T12:00:00Z,2024-01-01T00:00:00Z,5,5,9,36,36
dados_82753_H_2017-01-01_2025-12-31.csv,82753,OURICURI,CONVENCIONAL,-7.87944443,-40.09194444,462.01,Horaria,2023,pressao_estacao_hpa,"PRESSAO ATMOSFERICA AO NIVEL DA ESTACAO, HORARIA(mB)",1095,739,356,67.4885844748858,365,261,12,2023-01-01T12:00:00Z,2024-01-01T00:00:00Z,952,954.938,961.1,967.962,969.5
dados_82753_H_2017-01-01_2025-12-31.csv,82753,OURICURI,CONVENCIONAL,-7.87944443,-40.09194444,462.01,Horaria,2023,temperatura_ar_c,"TEMPERATURA DO AR - BULBO SECO, HORARIA(°C)",1095,741,354,67.6712328767123,365,261,12,2023-01-01T12:00:00Z,2024-01-01T00:00:00Z,20.8,21.8,27.2,37.52,38.4
dados_82753_H_2017-01-01_2025-12-31.csv,82753,OURICURI,CONVENCIONAL,-7.87944443,-40.09194444,462.01,Horaria,2023,umidade_relativa_pct,"UMIDADE RELATIVA DO AR, HORARIA(%)",1095,739,356,67.4885844748858,365,261,12,2023-01-01T12:00:00Z,2024-01-01T00:00:00Z,14,25,60,94,99
dados_82753_H_2017-01-01_2025-12-31.csv,82753,OURICURI,CONVENCIONAL,-7.87944443,-40.09194444,462.01,Horaria,2023,velocidade_vento_ms,"VENTO, VELOCIDADE HORARIA(m/s)",1095,735,360,67.1232876712329,365,261,12,2023-01-01T12:00:00Z,2024-01-01T00:00:00Z,0,0.3,3.3,7.9,7.9
dados_82753_H_2017-01-01_2025-12-31.csv,82753,OURICURI,CONVENCIONAL,-7.87944443,-40.09194444,462.01,Horaria,2024,direcao_vento_graus,"VENTO, DIRECAO HORARIA(codigo)",1098,771,327,70.2185792349727,366,265,12,2024-01-01T12:00:00Z,2025-01-01T00:00:00Z,1,5,9,36,36
dados_82753_H_2017-01-01_2025-12-31.csv,82753,OURICURI,CONVENCIONAL,-7.87944443,-40.09194444,462.01,Horaria,2024,pressao_estacao_hpa,"PRESSAO ATMOSFERICA AO NIVEL DA ESTACAO, HORARIA(mB)",1098,768,330,69.9453551912568,366,265,12,2024-01-01T12:00:00Z,2025-01-01T00:00:00Z,927,955.467,961.3,968.133,968.6
dados_82753_H_2017-01-01_2025-12-31.csv,82753,OURICURI,CONVENCIONAL,-7.87944443,-40.09194444,462.01,Horaria,2024,temperatura_ar_c,"TEMPERATURA DO AR - BULBO SECO, HORARIA(°C)",1098,771,327,70.2185792349727,366,265,12,2024-01-01T12:00:00Z,2025-01-01T00:00:00Z,20.1,21.8,27.5,36.36,38.5
dados_82753_H_2017-01-01_2025-12-31.csv,82753,OURICURI,CONVENCIONAL,-7.87944443,-40.09194444,462.01,Horaria,2024,umidade_relativa_pct,"UMIDADE RELATIVA DO AR, HORARIA(%)",1098,769,329,70.0364298724955,366,265,12,2024-01-01T12:00:00Z,2025-01-01T00:00:00Z,18,28,62,94.3199999999999,97
dados_82753_H_2017-01-01_2025-12-31.csv,82753,OURICURI,CONVENCIONAL,-7.87944443,-40.09194444,462.01,Horaria,2024,velocidade_vento_ms,"VENTO, VELOCIDADE HORARIA(m/s)",1098,767,331,69.8542805100182,366,265,12,2024-01-01T12:00:00Z,2025-01-01T00:00:00Z,0,0.3,3.3,7.9,7.9
dados_82753_H_2017-01-01_2025-12-31.csv,82753,OURICURI,CONVENCIONAL,-7.87944443,-40.09194444,462.01,Horaria,2025,direcao_vento_graus,"VENTO, DIRECAO HORARIA(codigo)",1094,539,555,49.2687385740402,365,247,12,2025-01-01T12:00:00Z,2025-12-31T18:00:00Z,5,5,9,36,36
dados_82753_H_2017-01-01_2025-12-31.csv,82753,OURICURI,CONVENCIONAL,-7.87944443,-40.09194444,462.01,Horaria,2025,pressao_estacao_hpa,"PRESSAO ATMOSFERICA AO NIVEL DA ESTACAO, HORARIA(mB)",1094,538,556,49.1773308957952,365,247,12,2025-01-01T12:00:00Z,2025-12-31T18:00:00Z,953.6,955.337,961.05,967.963,969.2
dados_82753_H_2017-01-01_2025-12-31.csv,82753,OURICURI,CONVENCIONAL,-7.87944443,-40.09194444,462.01,Horaria,2025,temperatura_ar_c,"TEMPERATURA DO AR - BULBO SECO, HORARIA(°C)",1094,539,555,49.2687385740402,365,247,12,2025-01-01T12:00:00Z,2025-12-31T18:00:00Z,20.5,21.4,28,37.062,38.3
dados_82753_H_2017-01-01_2025-12-31.csv,82753,OURICURI,CONVENCIONAL,-7.87944443,-40.09194444,462.01,Horaria,2025,umidade_relativa_pct,"UMIDADE RELATIVA DO AR, HORARIA(%)",1094,539,555,49.2687385740402,365,247,12,2025-01-01T12:00:00Z,2025-12-31T18:00:00Z,30,31.38,61,93.62,95
dados_82753_H_2017-01-01_2025-12-31.csv,82753,OURICURI,CONVENCIONAL,-7.87944443,-40.09194444,462.01,Horaria,2025,velocidade_vento_ms,"VENTO, VELOCIDADE HORARIA(m/s)",1094,539,555,49.2687385740402,365,247,12,2025-01-01T12:00:00Z,2025-12-31T18:00:00Z,0.5,0.5,3.1,3.6,7.7
dados_82781_H_2017-01-01_2025-12-31.csv,82781,NAZARE DA MATA,CONVENCIONAL,-7.73,-35.25,87,Horaria,2017,direcao_vento_graus,"VENTO, DIRECAO HORARIA(codigo)",1095,0,1095,0,365,0,0,2017-01-01T12:00:00Z,2018-01-01T00:00:00Z,,,,,
dados_82781_H_2017-01-01_2025-12-31.csv,82781,NAZARE DA MATA,CONVENCIONAL,-7.73,-35.25,87,Horaria,2017,pressao_estacao_hpa,"PRESSAO ATMOSFERICA AO NIVEL DA ESTACAO, HORARIA(mB)",1095,0,1095,0,365,0,0,2017-01-01T12:00:00Z,2018-01-01T00:00:00Z,,,,,
dados_82781_H_2017-01-01_2025-12-31.csv,82781,NAZARE DA MATA,CONVENCIONAL,-7.73,-35.25,87,Horaria,2017,temperatura_ar_c,"TEMPERATURA DO AR - BULBO SECO, HORARIA(°C)",1095,0,1095,0,365,0,0,2017-01-01T12:00:00Z,2018-01-01T00:00:00Z,,,,,
dados_82781_H_2017-01-01_2025-12-31.csv,82781,NAZARE DA MATA,CONVENCIONAL,-7.73,-35.25,87,Horaria,2017,umidade_relativa_pct,"UMIDADE RELATIVA DO AR, HORARIA(%)",1095,0,1095,0,365,0,0,2017-01-01T12:00:00Z,2018-01-01T00:00:00Z,,,,,
dados_82781_H_2017-01-01_2025-12-31.csv,82781,NAZARE DA MATA,CONVENCIONAL,-7.73,-35.25,87,Horaria,2017,velocidade_vento_ms,"VENTO, VELOCIDADE HORARIA(m/s)",1095,0,1095,0,365,0,0,2017-01-01T12:00:00Z,2018-01-01T00:00:00Z,,,,,
dados_82781_H_2017-01-01_2025-12-31.csv,82781,NAZARE DA MATA,CONVENCIONAL,-7.73,-35.25,87,Horaria,2018,direcao_vento_graus,"VENTO, DIRECAO HORARIA(codigo)",1095,0,1095,0,365,0,0,2018-01-01T12:00:00Z,2019-01-01T00:00:00Z,,,,,
dados_82781_H_2017-01-01_2025-12-31.csv,82781,NAZARE DA MATA,CONVENCIONAL,-7.73,-35.25,87,Horaria,2018,pressao_estacao_hpa,"PRESSAO ATMOSFERICA AO NIVEL DA ESTACAO, HORARIA(mB)",1095,0,1095,0,365,0,0,2018-01-01T12:00:00Z,2019-01-01T00:00:00Z,,,,,
dados_82781_H_2017-01-01_2025-12-31.csv,82781,NAZARE DA MATA,CONVENCIONAL,-7.73,-35.25,87,Horaria,2018,temperatura_ar_c,"TEMPERATURA DO AR - BULBO SECO, HORARIA(°C)",1095,0,1095,0,365,0,0,2018-01-01T12:00:00Z,2019-01-01T00:00:00Z,,,,,
dados_82781_H_2017-01-01_2025-12-31.csv,82781,NAZARE DA MATA,CONVENCIONAL,-7.73,-35.25,87,Horaria,2018,umidade_relativa_pct,"UMIDADE RELATIVA DO AR, HORARIA(%)",1095,0,1095,0,365,0,0,2018-01-01T12:00:00Z,2019-01-01T00:00:00Z,,,,,
dados_82781_H_2017-01-01_2025-12-31.csv,82781,NAZARE DA MATA,CONVENCIONAL,-7.73,-35.25,87,Horaria,2018,velocidade_vento_ms,"VENTO, VELOCIDADE HORARIA(m/s)",1095,0,1095,0,365,0,0,2018-01-01T12:00:00Z,2019-01-01T00:00:00Z,,,,,
dados_82781_H_2017-01-01_2025-12-31.csv,82781,NAZARE DA MATA,CONVENCIONAL,-7.73,-35.25,87,Horaria,2019,direcao_vento_graus,"VENTO, DIRECAO HORARIA(codigo)",1095,0,1095,0,365,0,0,2019-01-01T12:00:00Z,2020-01-01T00:00:00Z,,,,,
dados_82781_H_2017-01-01_2025-12-31.csv,82781,NAZARE DA MATA,CONVENCIONAL,-7.73,-35.25,87,Horaria,2019,pressao_estacao_hpa,"PRESSAO ATMOSFERICA AO NIVEL DA ESTACAO, HORARIA(mB)",1095,0,1095,0,365,0,0,2019-01-01T12:00:00Z,2020-01-01T00:00:00Z,,,,,
dados_82781_H_2017-01-01_2025-12-31.csv,82781,NAZARE DA MATA,CONVENCIONAL,-7.73,-35.25,87,Horaria,2019,temperatura_ar_c,"TEMPERATURA DO AR - BULBO SECO, HORARIA(°C)",1095,0,1095,0,365,0,0,2019-01-01T12:00:00Z,2020-01-01T00:00:00Z,,,,,
dados_82781_H_2017-01-01_2025-12-31.csv,82781,NAZARE DA MATA,CONVENCIONAL,-7.73,-35.25,87,Horaria,2019,umidade_relativa_pct,"UMIDADE RELATIVA DO AR, HORARIA(%)",1095,0,1095,0,365,0,0,2019-01-01T12:00:00Z,2020-01-01T00:00:00Z,,,,,
dados_82781_H_2017-01-01_2025-12-31.csv,82781,NAZARE DA MATA,CONVENCIONAL,-7.73,-35.25,87,Horaria,2019,velocidade_vento_ms,"VENTO, VELOCIDADE HORARIA(m/s)",1095,0,1095,0,365,0,0,2019-01-01T12:00:00Z,2020-01-01T00:00:00Z,,,,,
dados_82781_H_2017-01-01_2025-12-31.csv,82781,NAZARE DA MATA,CONVENCIONAL,-7.73,-35.25,87,Horaria,2020,direcao_vento_graus,"VENTO, DIRECAO HORARIA(codigo)",1098,0,1098,0,366,0,0,2020-01-01T12:00:00Z,2021-01-01T00:00:00Z,,,,,
dados_82781_H_2017-01-01_2025-12-31.csv,82781,NAZARE DA MATA,CONVENCIONAL,-7.73,-35.25,87,Horaria,2020,pressao_estacao_hpa,"PRESSAO ATMOSFERICA AO NIVEL DA ESTACAO, HORARIA(mB)",1098,0,1098,0,366,0,0,2020-01-01T12:00:00Z,2021-01-01T00:00:00Z,,,,,
dados_82781_H_2017-01-01_2025-12-31.csv,82781,NAZARE DA MATA,CONVENCIONAL,-7.73,-35.25,87,Horaria,2020,temperatura_ar_c,"TEMPERATURA DO AR - BULBO SECO, HORARIA(°C)",1098,0,1098,0,366,0,0,2020-01-01T12:00:00Z,2021-01-01T00:00:00Z,,,,,
dados_82781_H_2017-01-01_2025-12-31.csv,82781,NAZARE DA MATA,CONVENCIONAL,-7.73,-35.25,87,Horaria,2020,umidade_relativa_pct,"UMIDADE RELATIVA DO AR, HORARIA(%)",1098,0,1098,0,366,0,0,2020-01-01T12:00:00Z,2021-01-01T00:00:00Z,,,,,
dados_82781_H_2017-01-01_2025-12-31.csv,82781,NAZARE DA MATA,CONVENCIONAL,-7.73,-35.25,87,Horaria,2020,velocidade_vento_ms,"VENTO, VELOCIDADE HORARIA(m/s)",1098,0,1098,0,366,0,0,2020-01-01T12:00:00Z,2021-01-01T00:00:00Z,,,,,
dados_82781_H_2017-01-01_2025-12-31.csv,82781,NAZARE DA MATA,CONVENCIONAL,-7.73,-35.25,87,Horaria,2021,direcao_vento_graus,"VENTO, DIRECAO HORARIA(codigo)",1095,0,1095,0,365,0,0,2021-01-01T12:00:00Z,2022-01-01T00:00:00Z,,,,,
dados_82781_H_2017-01-01_2025-12-31.csv,82781,NAZARE DA MATA,CONVENCIONAL,-7.73,-35.25,87,Horaria,2021,pressao_estacao_hpa,"PRESSAO ATMOSFERICA AO NIVEL DA ESTACAO, HORARIA(mB)",1095,0,1095,0,365,0,0,2021-01-01T12:00:00Z,2022-01-01T00:00:00Z,,,,,
dados_82781_H_2017-01-01_2025-12-31.csv,82781,NAZARE DA MATA,CONVENCIONAL,-7.73,-35.25,87,Horaria,2021,temperatura_ar_c,"TEMPERATURA DO AR - BULBO SECO, HORARIA(°C)",1095,0,1095,0,365,0,0,2021-01-01T12:00:00Z,2022-01-01T00:00:00Z,,,,,
dados_82781_H_2017-01-01_2025-12-31.csv,82781,NAZARE DA MATA,CONVENCIONAL,-7.73,-35.25,87,Horaria,2021,umidade_relativa_pct,"UMIDADE RELATIVA DO AR, HORARIA(%)",1095,0,1095,0,365,0,0,2021-01-01T12:00:00Z,2022-01-01T00:00:00Z,,,,,
dados_82781_H_2017-01-01_2025-12-31.csv,82781,NAZARE DA MATA,CONVENCIONAL,-7.73,-35.25,87,Horaria,2021,velocidade_vento_ms,"VENTO, VELOCIDADE HORARIA(m/s)",1095,0,1095,0,365,0,0,2021-01-01T12:00:00Z,2022-01-01T00:00:00Z,,,,,
dados_82781_H_2017-01-01_2025-12-31.csv,82781,NAZARE DA MATA,CONVENCIONAL,-7.73,-35.25,87,Horaria,2022,direcao_vento_graus,"VENTO, DIRECAO HORARIA(codigo)",1095,0,1095,0,365,0,0,2022-01-01T12:00:00Z,2023-01-01T00:00:00Z,,,,,
dados_82781_H_2017-01-01_2025-12-31.csv,82781,NAZARE DA MATA,CONVENCIONAL,-7.73,-35.25,87,Horaria,2022,pressao_estacao_hpa,"PRESSAO ATMOSFERICA AO NIVEL DA ESTACAO, HORARIA(mB)",1095,0,1095,0,365,0,0,2022-01-01T12:00:00Z,2023-01-01T00:00:00Z,,,,,
dados_82781_H_2017-01-01_2025-12-31.csv,82781,NAZARE DA MATA,CONVENCIONAL,-7.73,-35.25,87,Horaria,2022,temperatura_ar_c,"TEMPERATURA DO AR - BULBO SECO, HORARIA(°C)",1095,0,1095,0,365,0,0,2022-01-01T12:00:00Z,2023-01-01T00:00:00Z,,,,,
dados_82781_H_2017-01-01_2025-12-31.csv,82781,NAZARE DA MATA,CONVENCIONAL,-7.73,-35.25,87,Horaria,2022,umidade_relativa_pct,"UMIDADE RELATIVA DO AR, HORARIA(%)",1095,0,1095,0,365,0,0,2022-01-01T12:00:00Z,2023-01-01T00:00:00Z,,,,,
dados_82781_H_2017-01-01_2025-12-31.csv,82781,NAZARE DA MATA,CONVENCIONAL,-7.73,-35.25,87,Horaria,2022,velocidade_vento_ms,"VENTO, VELOCIDADE HORARIA(m/s)",1095,0,1095,0,365,0,0,2022-01-01T12:00:00Z,2023-01-01T00:00:00Z,,,,,
dados_82781_H_2017-01-01_2025-12-31.csv,82781,NAZARE DA MATA,CONVENCIONAL,-7.73,-35.25,87,Horaria,2023,direcao_vento_graus,"VENTO, DIRECAO HORARIA(codigo)",1095,0,1095,0,365,0,0,2023-01-01T12:00:00Z,2024-01-01T00:00:00Z,,,,,
dados_82781_H_2017-01-01_2025-12-31.csv,82781,NAZARE DA MATA,CONVENCIONAL,-7.73,-35.25,87,Horaria,2023,pressao_estacao_hpa,"PRESSAO ATMOSFERICA AO NIVEL DA ESTACAO, HORARIA(mB)",1095,0,1095,0,365,0,0,2023-01-01T12:00:00Z,2024-01-01T00:00:00Z,,,,,
dados_82781_H_2017-01-01_2025-12-31.csv,82781,NAZARE DA MATA,CONVENCIONAL,-7.73,-35.25,87,Horaria,2023,temperatura_ar_c,"TEMPERATURA DO AR - BULBO SECO, HORARIA(°C)",1095,0,1095,0,365,0,0,2023-01-01T12:00:00Z,2024-01-01T00:00:00Z,,,,,
dados_82781_H_2017-01-01_2025-12-31.csv,82781,NAZARE DA MATA,CONVENCIONAL,-7.73,-35.25,87,Horaria,2023,umidade_relativa_pct,"UMIDADE RELATIVA DO AR, HORARIA(%)",1095,0,1095,0,365,0,0,2023-01-01T12:00:00Z,2024-01-01T00:00:00Z,,,,,
dados_82781_H_2017-01-01_2025-12-31.csv,82781,NAZARE DA MATA,CONVENCIONAL,-7.73,-35.25,87,Horaria,2023,velocidade_vento_ms,"VENTO, VELOCIDADE HORARIA(m/s)",1095,0,1095,0,365,0,0,2023-01-01T12:00:00Z,2024-01-01T00:00:00Z,,,,,
dados_82781_H_2017-01-01_2025-12-31.csv,82781,NAZARE DA MATA,CONVENCIONAL,-7.73,-35.25,87,Horaria,2024,direcao_vento_graus,"VENTO, DIRECAO HORARIA(codigo)",1098,0,1098,0,366,0,0,2024-01-01T12:00:00Z,2025-01-01T00:00:00Z,,,,,
dados_82781_H_2017-01-01_2025-12-31.csv,82781,NAZARE DA MATA,CONVENCIONAL,-7.73,-35.25,87,Horaria,2024,pressao_estacao_hpa,"PRESSAO ATMOSFERICA AO NIVEL DA ESTACAO, HORARIA(mB)",1098,0,1098,0,366,0,0,2024-01-01T12:00:00Z,2025-01-01T00:00:00Z,,,,,
dados_82781_H_2017-01-01_2025-12-31.csv,82781,NAZARE DA MATA,CONVENCIONAL,-7.73,-35.25,87,Horaria,2024,temperatura_ar_c,"TEMPERATURA DO AR - BULBO SECO, HORARIA(°C)",1098,0,1098,0,366,0,0,2024-01-01T12:00:00Z,2025-01-01T00:00:00Z,,,,,
dados_82781_H_2017-01-01_2025-12-31.csv,82781,NAZARE DA MATA,CONVENCIONAL,-7.73,-35.25,87,Horaria,2024,umidade_relativa_pct,"UMIDADE RELATIVA DO AR, HORARIA(%)",1098,0,1098,0,366,0,0,2024-01-01T12:00:00Z,2025-01-01T00:00:00Z,,,,,
dados_82781_H_2017-01-01_2025-12-31.csv,82781,NAZARE DA MATA,CONVENCIONAL,-7.73,-35.25,87,Horaria,2024,velocidade_vento_ms,"VENTO, VELOCIDADE HORARIA(m/s)",1098,0,1098,0,366,0,0,2024-01-01T12:00:00Z,2025-01-01T00:00:00Z,,,,,
dados_82781_H_2017-01-01_2025-12-31.csv,82781,NAZARE DA MATA,CONVENCIONAL,-7.73,-35.25,87,Horaria,2025,direcao_vento_graus,"VENTO, DIRECAO HORARIA(codigo)",1094,0,1094,0,365,0,0,2025-01-01T12:00:00Z,2025-12-31T18:00:00Z,,,,,
dados_82781_H_2017-01-01_2025-12-31.csv,82781,NAZARE DA MATA,CONVENCIONAL,-7.73,-35.25,87,Horaria,2025,pressao_estacao_hpa,"PRESSAO ATMOSFERICA AO NIVEL DA ESTACAO, HORARIA(mB)",1094,0,1094,0,365,0,0,2025-01-01T12:00:00Z,2025-12-31T18:00:00Z,,,,,
dados_82781_H_2017-01-01_2025-12-31.csv,82781,NAZARE DA MATA,CONVENCIONAL,-7.73,-35.25,87,Horaria,2025,temperatura_ar_c,"TEMPERATURA DO AR - BULBO SECO, HORARIA(°C)",1094,0,1094,0,365,0,0,2025-01-01T12:00:00Z,2025-12-31T18:00:00Z,,,,,
dados_82781_H_2017-01-01_2025-12-31.csv,82781,NAZARE DA MATA,CONVENCIONAL,-7.73,-35.25,87,Horaria,2025,umidade_relativa_pct,"UMIDADE RELATIVA DO AR, HORARIA(%)",1094,0,1094,0,365,0,0,2025-01-01T12:00:00Z,2025-12-31T18:00:00Z,,,,,
dados_82781_H_2017-01-01_2025-12-31.csv,82781,NAZARE DA MATA,CONVENCIONAL,-7.73,-35.25,87,Horaria,2025,velocidade_vento_ms,"VENTO, VELOCIDADE HORARIA(m/s)",1094,0,1094,0,365,0,0,2025-01-01T12:00:00Z,2025-12-31T18:00:00Z,,,,,
dados_82789_H_2017-01-01_2018-03-28.csv,82789,TRIUNFO,CONVENCIONAL,-7.82972221,-38.12222221,1105,Horaria,2017,direcao_vento_graus,"VENTO, DIRECAO HORARIA(codigo)",1095,0,1095,0,365,0,0,2017-01-01T12:00:00Z,2018-01-01T00:00:00Z,,,,,
dados_82789_H_2017-01-01_2018-03-28.csv,82789,TRIUNFO,CONVENCIONAL,-7.82972221,-38.12222221,1105,Horaria,2017,pressao_estacao_hpa,"PRESSAO ATMOSFERICA AO NIVEL DA ESTACAO, HORARIA(mB)",1095,608,487,55.5251141552511,365,289,10,2017-01-01T12:00:00Z,2018-01-01T00:00:00Z,890.7,891.2,896.3,900.793,901.4
dados_82789_H_2017-01-01_2018-03-28.csv,82789,TRIUNFO,CONVENCIONAL,-7.82972221,-38.12222221,1105,Horaria,2017,temperatura_ar_c,"TEMPERATURA DO AR - BULBO SECO, HORARIA(°C)",1095,608,487,55.5251141552511,365,289,10,2017-01-01T12:00:00Z,2018-01-01T00:00:00Z,14.4,15.1,22,31,31.7
dados_82789_H_2017-01-01_2018-03-28.csv,82789,TRIUNFO,CONVENCIONAL,-7.82972221,-38.12222221,1105,Horaria,2017,umidade_relativa_pct,"UMIDADE RELATIVA DO AR, HORARIA(%)",1095,608,487,55.5251141552511,365,289,10,2017-01-01T12:00:00Z,2018-01-01T00:00:00Z,25,29.07,66,99,99
dados_82789_H_2017-01-01_2018-03-28.csv,82789,TRIUNFO,CONVENCIONAL,-7.82972221,-38.12222221,1105,Horaria,2017,velocidade_vento_ms,"VENTO, VELOCIDADE HORARIA(m/s)",1095,0,1095,0,365,0,0,2017-01-01T12:00:00Z,2018-01-01T00:00:00Z,,,,,
dados_82789_H_2017-01-01_2018-03-28.csv,82789,TRIUNFO,CONVENCIONAL,-7.82972221,-38.12222221,1105,Horaria,2018,direcao_vento_graus,"VENTO, DIRECAO HORARIA(codigo)",260,0,260,0,87,0,0,2018-01-01T12:00:00Z,2018-03-28T18:00:00Z,,,,,
dados_82789_H_2017-01-01_2018-03-28.csv,82789,TRIUNFO,CONVENCIONAL,-7.82972221,-38.12222221,1105,Horaria,2018,pressao_estacao_hpa,"PRESSAO ATMOSFERICA AO NIVEL DA ESTACAO, HORARIA(mB)",260,166,94,63.8461538461539,87,83,3,2018-01-01T12:00:00Z,2018-03-28T18:00:00Z,892.4,892.965,895.45,898.17,898.7
dados_82789_H_2017-01-01_2018-03-28.csv,82789,TRIUNFO,CONVENCIONAL,-7.82972221,-38.12222221,1105,Horaria,2018,temperatura_ar_c,"TEMPERATURA DO AR - BULBO SECO, HORARIA(°C)",260,166,94,63.8461538461539,87,83,3,2018-01-01T12:00:00Z,2018-03-28T18:00:00Z,18.1,18.3,23.6,30.35,32
dados_82789_H_2017-01-01_2018-03-28.csv,82789,TRIUNFO,CONVENCIONAL,-7.82972221,-38.12222221,1105,Horaria,2018,umidade_relativa_pct,"UMIDADE RELATIVA DO AR, HORARIA(%)",260,166,94,63.8461538461539,87,83,3,2018-01-01T12:00:00Z,2018-03-28T18:00:00Z,23,32.3,65,95.35,99
dados_82789_H_2017-01-01_2018-03-28.csv,82789,TRIUNFO,CONVENCIONAL,-7.82972221,-38.12222221,1105,Horaria,2018,velocidade_vento_ms,"VENTO, VELOCIDADE HORARIA(m/s)",260,0,260,0,87,0,0,2018-01-01T12:00:00Z,2018-03-28T18:00:00Z,,,,,
dados_82797_H_2017-01-01_2025-12-31.csv,82797,SURUBIM,CONVENCIONAL,-7.84249999,-35.79027777,421.44,Horaria,2017,direcao_vento_graus,"VENTO, DIRECAO HORARIA(codigo)",1095,1036,59,94.6118721461187,365,365,12,2017-01-01T12:00:00Z,2018-01-01T00:00:00Z,5,5,14,18,36
dados_82797_H_2017-01-01_2025-12-31.csv,82797,SURUBIM,CONVENCIONAL,-7.84249999,-35.79027777,421.44,Horaria,2017,pressao_estacao_hpa,"PRESSAO ATMOSFERICA AO NIVEL DA ESTACAO, HORARIA(mB)",1095,1036,59,94.6118721461187,365,365,12,2017-01-01T12:00:00Z,2018-01-01T00:00:00Z,960.5,961.735,966.8,972.165,973.4
dados_82797_H_2017-01-01_2025-12-31.csv,82797,SURUBIM,CONVENCIONAL,-7.84249999,-35.79027777,421.44,Horaria,2017,temperatura_ar_c,"TEMPERATURA DO AR - BULBO SECO, HORARIA(°C)",1095,1036,59,94.6118721461187,365,365,12,2017-01-01T12:00:00Z,2018-01-01T00:00:00Z,18.6,19.435,24.6,32.5,33.3
dados_82797_H_2017-01-01_2025-12-31.csv,82797,SURUBIM,CONVENCIONAL,-7.84249999,-35.79027777,421.44,Horaria,2017,umidade_relativa_pct,"UMIDADE RELATIVA DO AR, HORARIA(%)",1095,1036,59,94.6118721461187,365,365,12,2017-01-01T12:00:00Z,2018-01-01T00:00:00Z,39,42,76,96.6500000000001,99
dados_82797_H_2017-01-01_2025-12-31.csv,82797,SURUBIM,CONVENCIONAL,-7.84249999,-35.79027777,421.44,Horaria,2017,velocidade_vento_ms,"VENTO, VELOCIDADE HORARIA(m/s)",1095,1036,59,94.6118721461187,365,365,12,2017-01-01T12:00:00Z,2018-01-01T00:00:00Z,0.1,0.8,3,7,8
dados_82797_H_2017-01-01_2025-12-31.csv,82797,SURUBIM,CONVENCIONAL,-7.84249999,-35.79027777,421.44,Horaria,2018,direcao_vento_graus,"VENTO, DIRECAO HORARIA(codigo)",1095,1036,59,94.6118721461187,365,365,12,2018-01-01T12:00:00Z,2019-01-01T00:00:00Z,4,5,9,18,36
dados_82797_H_2017-01-01_2025-12-31.csv,82797,SURUBIM,CONVENCIONAL,-7.84249999,-35.79027777,421.44,Horaria,2018,pressao_estacao_hpa,"PRESSAO ATMOSFERICA AO NIVEL DA ESTACAO, HORARIA(mB)",1095,1035,60,94.5205479452055,365,365,12,2018-01-01T12:00:00Z,2019-01-01T00:00:00Z,959.1,961.468,967,972.266,972.9
dados_82797_H_2017-01-01_2025-12-31.csv,82797,SURUBIM,CONVENCIONAL,-7.84249999,-35.79027777,421.44,Horaria,2018,temperatura_ar_c,"TEMPERATURA DO AR - BULBO SECO, HORARIA(°C)",1095,1036,59,94.6118721461187,365,365,12,2018-01-01T12:00:00Z,2019-01-01T00:00:00Z,19.4,20,25,32.565,33.6
dados_82797_H_2017-01-01_2025-12-31.csv,82797,SURUBIM,CONVENCIONAL,-7.84249999,-35.79027777,421.44,Horaria,2018,umidade_relativa_pct,"UMIDADE RELATIVA DO AR, HORARIA(%)",1095,1036,59,94.6118721461187,365,365,12,2018-01-01T12:00:00Z,2019-01-01T00:00:00Z,32,41,76,97,99
dados_82797_H_2017-01-01_2025-12-31.csv,82797,SURUBIM,CONVENCIONAL,-7.84249999,-35.79027777,421.44,Horaria,2018,velocidade_vento_ms,"VENTO, VELOCIDADE HORARIA(m/s)",1095,1036,59,94.6118721461187,365,365,12,2018-01-01T12:00:00Z,2019-01-01T00:00:00Z,0.3,1.1,3.3,6.6,8.3
dados_82797_H_2017-01-01_2025-12-31.csv,82797,SURUBIM,CONVENCIONAL,-7.84249999,-35.79027777,421.44,Horaria,2019,direcao_vento_graus,"VENTO, DIRECAO HORARIA(codigo)",1095,1031,64,94.1552511415525,365,364,12,2019-01-01T12:00:00Z,2020-01-01T00:00:00Z,5,5,14,18,36
dados_82797_H_2017-01-01_2025-12-31.csv,82797,SURUBIM,CONVENCIONAL,-7.84249999,-35.79027777,421.44,Horaria,2019,pressao_estacao_hpa,"PRESSAO ATMOSFERICA AO NIVEL DA ESTACAO, HORARIA(mB)",1095,1031,64,94.1552511415525,365,364,12,2019-01-01T12:00:00Z,2020-01-01T00:00:00Z,959.9,961.83,967,972.27,973.3
dados_82797_H_2017-01-01_2025-12-31.csv,82797,SURUBIM,CONVENCIONAL,-7.84249999,-35.79027777,421.44,Horaria,2019,temperatura_ar_c,"TEMPERATURA DO AR - BULBO SECO, HORARIA(°C)",1095,1031,64,94.1552511415525,365,364,12,2019-01-01T12:00:00Z,2020-01-01T00:00:00Z,18.8,20,25,32.87,35.8
dados_82797_H_2017-01-01_2025-12-31.csv,82797,SURUBIM,CONVENCIONAL,-7.84249999,-35.79027777,421.44,Horaria,2019,umidade_relativa_pct,"UMIDADE RELATIVA DO AR, HORARIA(%)",1095,1031,64,94.1552511415525,365,364,12,2019-01-01T12:00:00Z,2020-01-01T00:00:00Z,35,40,78,96,100
dados_82797_H_2017-01-01_2025-12-31.csv,82797,SURUBIM,CONVENCIONAL,-7.84249999,-35.79027777,421.44,Horaria,2019,velocidade_vento_ms,"VENTO, VELOCIDADE HORARIA(m/s)",1095,1031,64,94.1552511415525,365,364,12,2019-01-01T12:00:00Z,2020-01-01T00:00:00Z,0.1,1.16,3.3,6.6,8.3
dados_82797_H_2017-01-01_2025-12-31.csv,82797,SURUBIM,CONVENCIONAL,-7.84249999,-35.79027777,421.44,Horaria,2020,direcao_vento_graus,"VENTO, DIRECAO HORARIA(codigo)",1098,691,407,62.9326047358834,366,335,12,2020-01-01T12:00:00Z,2021-01-01T00:00:00Z,0,5,14,32.4000000000001,36
dados_82797_H_2017-01-01_2025-12-31.csv,82797,SURUBIM,CONVENCIONAL,-7.84249999,-35.79027777,421.44,Horaria,2020,pressao_estacao_hpa,"PRESSAO ATMOSFERICA AO NIVEL DA ESTACAO, HORARIA(mB)",1098,693,405,63.1147540983607,366,336,12,2020-01-01T12:00:00Z,2021-01-01T00:00:00Z,959.5,961.5,966.8,971.508,973
dados_82797_H_2017-01-01_2025-12-31.csv,82797,SURUBIM,CONVENCIONAL,-7.84249999,-35.79027777,421.44,Horaria,2020,temperatura_ar_c,"TEMPERATURA DO AR - BULBO SECO, HORARIA(°C)",1098,693,405,63.1147540983607,366,336,12,2020-01-01T12:00:00Z,2021-01-01T00:00:00Z,20.6,22,26.4,32.616,33.8
dados_82797_H_2017-01-01_2025-12-31.csv,82797,SURUBIM,CONVENCIONAL,-7.84249999,-35.79027777,421.44,Horaria,2020,umidade_relativa_pct,"UMIDADE RELATIVA DO AR, HORARIA(%)",1098,693,405,63.1147540983607,366,336,12,2020-01-01T12:00:00Z,2021-01-01T00:00:00Z,38,43.92,75,98,100
dados_82797_H_2017-01-01_2025-12-31.csv,82797,SURUBIM,CONVENCIONAL,-7.84249999,-35.79027777,421.44,Horaria,2020,velocidade_vento_ms,"VENTO, VELOCIDADE HORARIA(m/s)",1098,691,407,62.9326047358834,366,335,12,2020-01-01T12:00:00Z,2021-01-01T00:00:00Z,0,0.8,4.1,7.01,8
dados_82797_H_2017-01-01_2025-12-31.csv,82797,SURUBIM,CONVENCIONAL,-7.84249999,-35.79027777,421.44,Horaria,2021,direcao_vento_graus,"VENTO, DIRECAO HORARIA(codigo)",1095,319,776,29.1324200913242,365,126,7,2021-01-01T12:00:00Z,2022-01-01T00:00:00Z,5,5,9,14,14
dados_82797_H_2017-01-01_2025-12-31.csv,82797,SURUBIM,CONVENCIONAL,-7.84249999,-35.79027777,421.44,Horaria,2021,pressao_estacao_hpa,"PRESSAO ATMOSFERICA AO NIVEL DA ESTACAO, HORARIA(mB)",1095,319,776,29.1324200913242,365,126,7,2021-01-01T12:00:00Z,2022-01-01T00:00:00Z,960,960.8,965.6,970.2,975.2
dados_82797_H_2017-01-01_2025-12-31.csv,82797,SURUBIM,CONVENCIONAL,-7.84249999,-35.79027777,421.44,Horaria,2021,temperatura_ar_c,"TEMPERATURA DO AR - BULBO SECO, HORARIA(°C)",1095,317,778,28.9497716894977,365,126,7,2021-01-01T12:00:00Z,2022-01-01T00:00:00Z,21.2,22,27.4,32.568,33
dados_82797_H_2017-01-01_2025-12-31.csv,82797,SURUBIM,CONVENCIONAL,-7.84249999,-35.79027777,421.44,Horaria,2021,umidade_relativa_pct,"UMIDADE RELATIVA DO AR, HORARIA(%)",1095,318,777,29.041095890411,365,126,7,2021-01-01T12:00:00Z,2022-01-01T00:00:00Z,30,46,68.5,95.83,98
dados_82797_H_2017-01-01_2025-12-31.csv,82797,SURUBIM,CONVENCIONAL,-7.84249999,-35.79027777,421.44,Horaria,2021,velocidade_vento_ms,"VENTO, VELOCIDADE HORARIA(m/s)",1095,319,776,29.1324200913242,365,126,7,2021-01-01T12:00:00Z,2022-01-01T00:00:00Z,0.8,2.018,3.6,7.5,9
dados_82797_H_2017-01-01_2025-12-31.csv,82797,SURUBIM,CONVENCIONAL,-7.84249999,-35.79027777,421.44,Horaria,2022,direcao_vento_graus,"VENTO, DIRECAO HORARIA(codigo)",1095,60,1035,5.47945205479452,365,31,1,2022-01-01T12:00:00Z,2023-01-01T00:00:00Z,5,5,11.5,15.64,18
dados_82797_H_2017-01-01_2025-12-31.csv,82797,SURUBIM,CONVENCIONAL,-7.84249999,-35.79027777,421.44,Horaria,2022,pressao_estacao_hpa,"PRESSAO ATMOSFERICA AO NIVEL DA ESTACAO, HORARIA(mB)",1095,1012,83,92.4200913242009,365,362,12,2022-01-01T12:00:00Z,2023-01-01T00:00:00Z,938.2,961,966.5,971.189,972
dados_82797_H_2017-01-01_2025-12-31.csv,82797,SURUBIM,CONVENCIONAL,-7.84249999,-35.79027777,421.44,Horaria,2022,temperatura_ar_c,"TEMPERATURA DO AR - BULBO SECO, HORARIA(°C)",1095,1022,73,93.3333333333333,365,362,12,2022-01-01T12:00:00Z,2023-01-01T00:00:00Z,18.6,19.642,24.2,31.6,32.8
dados_82797_H_2017-01-01_2025-12-31.csv,82797,SURUBIM,CONVENCIONAL,-7.84249999,-35.79027777,421.44,Horaria,2022,umidade_relativa_pct,"UMIDADE RELATIVA DO AR, HORARIA(%)",1095,1020,75,93.1506849315068,365,362,12,2022-01-01T12:00:00Z,2023-01-01T00:00:00Z,26,47.19,82,98,100
dados_82797_H_2017-01-01_2025-12-31.csv,82797,SURUBIM,CONVENCIONAL,-7.84249999,-35.79027777,421.44,Horaria,2022,velocidade_vento_ms,"VENTO, VELOCIDADE HORARIA(m/s)",1095,61,1034,5.57077625570776,365,32,2,2022-01-01T12:00:00Z,2023-01-01T00:00:00Z,0.8,0.8,3,4.9,5.5
dados_82797_H_2017-01-01_2025-12-31.csv,82797,SURUBIM,CONVENCIONAL,-7.84249999,-35.79027777,421.44,Horaria,2023,direcao_vento_graus,"VENTO, DIRECAO HORARIA(codigo)",1095,3,1092,0.273972602739726,365,3,3,2023-01-01T12:00:00Z,2024-01-01T00:00:00Z,0,0,0,0,0
dados_82797_H_2017-01-01_2025-12-31.csv,82797,SURUBIM,CONVENCIONAL,-7.84249999,-35.79027777,421.44,Horaria,2023,pressao_estacao_hpa,"PRESSAO ATMOSFERICA AO NIVEL DA ESTACAO, HORARIA(mB)",1095,1006,89,91.8721461187215,365,361,12,2023-01-01T12:00:00Z,2024-01-01T00:00:00Z,959.4,961.31,967.2,972.395,973.4
dados_82797_H_2017-01-01_2025-12-31.csv,82797,SURUBIM,CONVENCIONAL,-7.84249999,-35.79027777,421.44,Horaria,2023,temperatura_ar_c,"TEMPERATURA DO AR - BULBO SECO, HORARIA(°C)",1095,1013,82,92.5114155251142,365,361,12,2023-01-01T12:00:00Z,2024-01-01T00:00:00Z,19.4,20,24.8,32.4,33
dados_82797_H_2017-01-01_2025-12-31.csv,82797,SURUBIM,CONVENCIONAL,-7.84249999,-35.79027777,421.44,Horaria,2023,umidade_relativa_pct,"UMIDADE RELATIVA DO AR, HORARIA(%)",1095,1013,82,92.5114155251142,365,361,12,2023-01-01T12:00:00Z,2024-01-01T00:00:00Z,21,42,79,97,99
dados_82797_H_2017-01-01_2025-12-31.csv,82797,SURUBIM,CONVENCIONAL,-7.84249999,-35.79027777,421.44,Horaria,2023,velocidade_vento_ms,"VENTO, VELOCIDADE HORARIA(m/s)",1095,3,1092,0.273972602739726,365,3,3,2023-01-01T12:00:00Z,2024-01-01T00:00:00Z,0,0,0,0,0
dados_82797_H_2017-01-01_2025-12-31.csv,82797,SURUBIM,CONVENCIONAL,-7.84249999,-35.79027777,421.44,Horaria,2024,direcao_vento_graus,"VENTO, DIRECAO HORARIA(codigo)",1098,0,1098,0,366,0,0,2024-01-01T12:00:00Z,2025-01-01T00:00:00Z,,,,,
dados_82797_H_2017-01-01_2025-12-31.csv,82797,SURUBIM,CONVENCIONAL,-7.84249999,-35.79027777,421.44,Horaria,2024,pressao_estacao_hpa,"PRESSAO ATMOSFERICA AO NIVEL DA ESTACAO, HORARIA(mB)",1098,979,119,89.1621129326047,366,366,12,2024-01-01T12:00:00Z,2025-01-01T00:00:00Z,960.1,961.678,967,972.822,979.6
dados_82797_H_2017-01-01_2025-12-31.csv,82797,SURUBIM,CONVENCIONAL,-7.84249999,-35.79027777,421.44,Horaria,2024,temperatura_ar_c,"TEMPERATURA DO AR - BULBO SECO, HORARIA(°C)",1098,984,114,89.6174863387978,366,366,12,2024-01-01T12:00:00Z,2025-01-01T00:00:00Z,19.4,20.2,26.55,33.2,34.6
dados_82797_H_2017-01-01_2025-12-31.csv,82797,SURUBIM,CONVENCIONAL,-7.84249999,-35.79027777,421.44,Horaria,2024,umidade_relativa_pct,"UMIDADE RELATIVA DO AR, HORARIA(%)",1098,983,115,89.5264116575592,366,366,12,2024-01-01T12:00:00Z,2025-01-01T00:00:00Z,36,40,70,97,98
dados_82797_H_2017-01-01_2025-12-31.csv,82797,SURUBIM,CONVENCIONAL,-7.84249999,-35.79027777,421.44,Horaria,2024,velocidade_vento_ms,"VENTO, VELOCIDADE HORARIA(m/s)",1098,0,1098,0,366,0,0,2024-01-01T12:00:00Z,2025-01-01T00:00:00Z,,,,,
dados_82797_H_2017-01-01_2025-12-31.csv,82797,SURUBIM,CONVENCIONAL,-7.84249999,-35.79027777,421.44,Horaria,2025,direcao_vento_graus,"VENTO, DIRECAO HORARIA(codigo)",1094,5,1089,0.457038391224863,365,5,5,2025-01-01T12:00:00Z,2025-12-31T18:00:00Z,0,0,0,0,0
dados_82797_H_2017-01-01_2025-12-31.csv,82797,SURUBIM,CONVENCIONAL,-7.84249999,-35.79027777,421.44,Horaria,2025,pressao_estacao_hpa,"PRESSAO ATMOSFERICA AO NIVEL DA ESTACAO, HORARIA(mB)",1094,950,144,86.837294332724,365,342,12,2025-01-01T12:00:00Z,2025-12-31T18:00:00Z,956.5,961.449,967,972,973.7
dados_82797_H_2017-01-01_2025-12-31.csv,82797,SURUBIM,CONVENCIONAL,-7.84249999,-35.79027777,421.44,Horaria,2025,temperatura_ar_c,"TEMPERATURA DO AR - BULBO SECO, HORARIA(°C)",1094,949,145,86.745886654479,365,342,12,2025-01-01T12:00:00Z,2025-12-31T18:00:00Z,19.6,20.2,24.8,32.8,33.4
dados_82797_H_2017-01-01_2025-12-31.csv,82797,SURUBIM,CONVENCIONAL,-7.84249999,-35.79027777,421.44,Horaria,2025,umidade_relativa_pct,"UMIDADE RELATIVA DO AR, HORARIA(%)",1094,948,146,86.654478976234,365,342,12,2025-01-01T12:00:00Z,2025-12-31T18:00:00Z,34,44.47,81,96.53,98
dados_82797_H_2017-01-01_2025-12-31.csv,82797,SURUBIM,CONVENCIONAL,-7.84249999,-35.79027777,421.44,Horaria,2025,velocidade_vento_ms,"VENTO, VELOCIDADE HORARIA(m/s)",1094,5,1089,0.457038391224863,365,5,5,2025-01-01T12:00:00Z,2025-12-31T18:00:00Z,0,0,0,0,0
dados_82799_H_2017-01-01_2025-12-31.csv,82799,GOIANA,CONVENCIONAL,-7.55,-34.98,11,Horaria,2017,direcao_vento_graus,"VENTO, DIRECAO HORARIA(codigo)",1095,0,1095,0,365,0,0,2017-01-01T12:00:00Z,2018-01-01T00:00:00Z,,,,,
dados_82799_H_2017-01-01_2025-12-31.csv,82799,GOIANA,CONVENCIONAL,-7.55,-34.98,11,Horaria,2017,pressao_estacao_hpa,"PRESSAO ATMOSFERICA AO NIVEL DA ESTACAO, HORARIA(mB)",1095,0,1095,0,365,0,0,2017-01-01T12:00:00Z,2018-01-01T00:00:00Z,,,,,
dados_82799_H_2017-01-01_2025-12-31.csv,82799,GOIANA,CONVENCIONAL,-7.55,-34.98,11,Horaria,2017,temperatura_ar_c,"TEMPERATURA DO AR - BULBO SECO, HORARIA(°C)",1095,0,1095,0,365,0,0,2017-01-01T12:00:00Z,2018-01-01T00:00:00Z,,,,,
dados_82799_H_2017-01-01_2025-12-31.csv,82799,GOIANA,CONVENCIONAL,-7.55,-34.98,11,Horaria,2017,umidade_relativa_pct,"UMIDADE RELATIVA DO AR, HORARIA(%)",1095,0,1095,0,365,0,0,2017-01-01T12:00:00Z,2018-01-01T00:00:00Z,,,,,
dados_82799_H_2017-01-01_2025-12-31.csv,82799,GOIANA,CONVENCIONAL,-7.55,-34.98,11,Horaria,2017,velocidade_vento_ms,"VENTO, VELOCIDADE HORARIA(m/s)",1095,0,1095,0,365,0,0,2017-01-01T12:00:00Z,2018-01-01T00:00:00Z,,,,,
dados_82799_H_2017-01-01_2025-12-31.csv,82799,GOIANA,CONVENCIONAL,-7.55,-34.98,11,Horaria,2018,direcao_vento_graus,"VENTO, DIRECAO HORARIA(codigo)",1095,0,1095,0,365,0,0,2018-01-01T12:00:00Z,2019-01-01T00:00:00Z,,,,,
dados_82799_H_2017-01-01_2025-12-31.csv,82799,GOIANA,CONVENCIONAL,-7.55,-34.98,11,Horaria,2018,pressao_estacao_hpa,"PRESSAO ATMOSFERICA AO NIVEL DA ESTACAO, HORARIA(mB)",1095,0,1095,0,365,0,0,2018-01-01T12:00:00Z,2019-01-01T00:00:00Z,,,,,
dados_82799_H_2017-01-01_2025-12-31.csv,82799,GOIANA,CONVENCIONAL,-7.55,-34.98,11,Horaria,2018,temperatura_ar_c,"TEMPERATURA DO AR - BULBO SECO, HORARIA(°C)",1095,0,1095,0,365,0,0,2018-01-01T12:00:00Z,2019-01-01T00:00:00Z,,,,,
dados_82799_H_2017-01-01_2025-12-31.csv,82799,GOIANA,CONVENCIONAL,-7.55,-34.98,11,Horaria,2018,umidade_relativa_pct,"UMIDADE RELATIVA DO AR, HORARIA(%)",1095,0,1095,0,365,0,0,2018-01-01T12:00:00Z,2019-01-01T00:00:00Z,,,,,
dados_82799_H_2017-01-01_2025-12-31.csv,82799,GOIANA,CONVENCIONAL,-7.55,-34.98,11,Horaria,2018,velocidade_vento_ms,"VENTO, VELOCIDADE HORARIA(m/s)",1095,0,1095,0,365,0,0,2018-01-01T12:00:00Z,2019-01-01T00:00:00Z,,,,,
dados_82799_H_2017-01-01_2025-12-31.csv,82799,GOIANA,CONVENCIONAL,-7.55,-34.98,11,Horaria,2019,direcao_vento_graus,"VENTO, DIRECAO HORARIA(codigo)",1095,0,1095,0,365,0,0,2019-01-01T12:00:00Z,2020-01-01T00:00:00Z,,,,,
dados_82799_H_2017-01-01_2025-12-31.csv,82799,GOIANA,CONVENCIONAL,-7.55,-34.98,11,Horaria,2019,pressao_estacao_hpa,"PRESSAO ATMOSFERICA AO NIVEL DA ESTACAO, HORARIA(mB)",1095,0,1095,0,365,0,0,2019-01-01T12:00:00Z,2020-01-01T00:00:00Z,,,,,
dados_82799_H_2017-01-01_2025-12-31.csv,82799,GOIANA,CONVENCIONAL,-7.55,-34.98,11,Horaria,2019,temperatura_ar_c,"TEMPERATURA DO AR - BULBO SECO, HORARIA(°C)",1095,0,1095,0,365,0,0,2019-01-01T12:00:00Z,2020-01-01T00:00:00Z,,,,,
dados_82799_H_2017-01-01_2025-12-31.csv,82799,GOIANA,CONVENCIONAL,-7.55,-34.98,11,Horaria,2019,umidade_relativa_pct,"UMIDADE RELATIVA DO AR, HORARIA(%)",1095,0,1095,0,365,0,0,2019-01-01T12:00:00Z,2020-01-01T00:00:00Z,,,,,
dados_82799_H_2017-01-01_2025-12-31.csv,82799,GOIANA,CONVENCIONAL,-7.55,-34.98,11,Horaria,2019,velocidade_vento_ms,"VENTO, VELOCIDADE HORARIA(m/s)",1095,0,1095,0,365,0,0,2019-01-01T12:00:00Z,2020-01-01T00:00:00Z,,,,,
dados_82799_H_2017-01-01_2025-12-31.csv,82799,GOIANA,CONVENCIONAL,-7.55,-34.98,11,Horaria,2020,direcao_vento_graus,"VENTO, DIRECAO HORARIA(codigo)",1098,0,1098,0,366,0,0,2020-01-01T12:00:00Z,2021-01-01T00:00:00Z,,,,,
dados_82799_H_2017-01-01_2025-12-31.csv,82799,GOIANA,CONVENCIONAL,-7.55,-34.98,11,Horaria,2020,pressao_estacao_hpa,"PRESSAO ATMOSFERICA AO NIVEL DA ESTACAO, HORARIA(mB)",1098,0,1098,0,366,0,0,2020-01-01T12:00:00Z,2021-01-01T00:00:00Z,,,,,
dados_82799_H_2017-01-01_2025-12-31.csv,82799,GOIANA,CONVENCIONAL,-7.55,-34.98,11,Horaria,2020,temperatura_ar_c,"TEMPERATURA DO AR - BULBO SECO, HORARIA(°C)",1098,0,1098,0,366,0,0,2020-01-01T12:00:00Z,2021-01-01T00:00:00Z,,,,,
dados_82799_H_2017-01-01_2025-12-31.csv,82799,GOIANA,CONVENCIONAL,-7.55,-34.98,11,Horaria,2020,umidade_relativa_pct,"UMIDADE RELATIVA DO AR, HORARIA(%)",1098,0,1098,0,366,0,0,2020-01-01T12:00:00Z,2021-01-01T00:00:00Z,,,,,
dados_82799_H_2017-01-01_2025-12-31.csv,82799,GOIANA,CONVENCIONAL,-7.55,-34.98,11,Horaria,2020,velocidade_vento_ms,"VENTO, VELOCIDADE HORARIA(m/s)",1098,0,1098,0,366,0,0,2020-01-01T12:00:00Z,2021-01-01T00:00:00Z,,,,,
dados_82799_H_2017-01-01_2025-12-31.csv,82799,GOIANA,CONVENCIONAL,-7.55,-34.98,11,Horaria,2021,direcao_vento_graus,"VENTO, DIRECAO HORARIA(codigo)",1095,0,1095,0,365,0,0,2021-01-01T12:00:00Z,2022-01-01T00:00:00Z,,,,,
dados_82799_H_2017-01-01_2025-12-31.csv,82799,GOIANA,CONVENCIONAL,-7.55,-34.98,11,Horaria,2021,pressao_estacao_hpa,"PRESSAO ATMOSFERICA AO NIVEL DA ESTACAO, HORARIA(mB)",1095,0,1095,0,365,0,0,2021-01-01T12:00:00Z,2022-01-01T00:00:00Z,,,,,
dados_82799_H_2017-01-01_2025-12-31.csv,82799,GOIANA,CONVENCIONAL,-7.55,-34.98,11,Horaria,2021,temperatura_ar_c,"TEMPERATURA DO AR - BULBO SECO, HORARIA(°C)",1095,0,1095,0,365,0,0,2021-01-01T12:00:00Z,2022-01-01T00:00:00Z,,,,,
dados_82799_H_2017-01-01_2025-12-31.csv,82799,GOIANA,CONVENCIONAL,-7.55,-34.98,11,Horaria,2021,umidade_relativa_pct,"UMIDADE RELATIVA DO AR, HORARIA(%)",1095,0,1095,0,365,0,0,2021-01-01T12:00:00Z,2022-01-01T00:00:00Z,,,,,
dados_82799_H_2017-01-01_2025-12-31.csv,82799,GOIANA,CONVENCIONAL,-7.55,-34.98,11,Horaria,2021,velocidade_vento_ms,"VENTO, VELOCIDADE HORARIA(m/s)",1095,0,1095,0,365,0,0,2021-01-01T12:00:00Z,2022-01-01T00:00:00Z,,,,,
dados_82799_H_2017-01-01_2025-12-31.csv,82799,GOIANA,CONVENCIONAL,-7.55,-34.98,11,Horaria,2022,direcao_vento_graus,"VENTO, DIRECAO HORARIA(codigo)",1095,0,1095,0,365,0,0,2022-01-01T12:00:00Z,2023-01-01T00:00:00Z,,,,,
dados_82799_H_2017-01-01_2025-12-31.csv,82799,GOIANA,CONVENCIONAL,-7.55,-34.98,11,Horaria,2022,pressao_estacao_hpa,"PRESSAO ATMOSFERICA AO NIVEL DA ESTACAO, HORARIA(mB)",1095,0,1095,0,365,0,0,2022-01-01T12:00:00Z,2023-01-01T00:00:00Z,,,,,
dados_82799_H_2017-01-01_2025-12-31.csv,82799,GOIANA,CONVENCIONAL,-7.55,-34.98,11,Horaria,2022,temperatura_ar_c,"TEMPERATURA DO AR - BULBO SECO, HORARIA(°C)",1095,0,1095,0,365,0,0,2022-01-01T12:00:00Z,2023-01-01T00:00:00Z,,,,,
dados_82799_H_2017-01-01_2025-12-31.csv,82799,GOIANA,CONVENCIONAL,-7.55,-34.98,11,Horaria,2022,umidade_relativa_pct,"UMIDADE RELATIVA DO AR, HORARIA(%)",1095,0,1095,0,365,0,0,2022-01-01T12:00:00Z,2023-01-01T00:00:00Z,,,,,
dados_82799_H_2017-01-01_2025-12-31.csv,82799,GOIANA,CONVENCIONAL,-7.55,-34.98,11,Horaria,2022,velocidade_vento_ms,"VENTO, VELOCIDADE HORARIA(m/s)",1095,0,1095,0,365,0,0,2022-01-01T12:00:00Z,2023-01-01T00:00:00Z,,,,,
dados_82799_H_2017-01-01_2025-12-31.csv,82799,GOIANA,CONVENCIONAL,-7.55,-34.98,11,Horaria,2023,direcao_vento_graus,"VENTO, DIRECAO HORARIA(codigo)",1095,0,1095,0,365,0,0,2023-01-01T12:00:00Z,2024-01-01T00:00:00Z,,,,,
dados_82799_H_2017-01-01_2025-12-31.csv,82799,GOIANA,CONVENCIONAL,-7.55,-34.98,11,Horaria,2023,pressao_estacao_hpa,"PRESSAO ATMOSFERICA AO NIVEL DA ESTACAO, HORARIA(mB)",1095,0,1095,0,365,0,0,2023-01-01T12:00:00Z,2024-01-01T00:00:00Z,,,,,
dados_82799_H_2017-01-01_2025-12-31.csv,82799,GOIANA,CONVENCIONAL,-7.55,-34.98,11,Horaria,2023,temperatura_ar_c,"TEMPERATURA DO AR - BULBO SECO, HORARIA(°C)",1095,0,1095,0,365,0,0,2023-01-01T12:00:00Z,2024-01-01T00:00:00Z,,,,,
dados_82799_H_2017-01-01_2025-12-31.csv,82799,GOIANA,CONVENCIONAL,-7.55,-34.98,11,Horaria,2023,umidade_relativa_pct,"UMIDADE RELATIVA DO AR, HORARIA(%)",1095,0,1095,0,365,0,0,2023-01-01T12:00:00Z,2024-01-01T00:00:00Z,,,,,
dados_82799_H_2017-01-01_2025-12-31.csv,82799,GOIANA,CONVENCIONAL,-7.55,-34.98,11,Horaria,2023,velocidade_vento_ms,"VENTO, VELOCIDADE HORARIA(m/s)",1095,0,1095,0,365,0,0,2023-01-01T12:00:00Z,2024-01-01T00:00:00Z,,,,,
dados_82799_H_2017-01-01_2025-12-31.csv,82799,GOIANA,CONVENCIONAL,-7.55,-34.98,11,Horaria,2024,direcao_vento_graus,"VENTO, DIRECAO HORARIA(codigo)",1098,0,1098,0,366,0,0,2024-01-01T12:00:00Z,2025-01-01T00:00:00Z,,,,,
dados_82799_H_2017-01-01_2025-12-31.csv,82799,GOIANA,CONVENCIONAL,-7.55,-34.98,11,Horaria,2024,pressao_estacao_hpa,"PRESSAO ATMOSFERICA AO NIVEL DA ESTACAO, HORARIA(mB)",1098,0,1098,0,366,0,0,2024-01-01T12:00:00Z,2025-01-01T00:00:00Z,,,,,
dados_82799_H_2017-01-01_2025-12-31.csv,82799,GOIANA,CONVENCIONAL,-7.55,-34.98,11,Horaria,2024,temperatura_ar_c,"TEMPERATURA DO AR - BULBO SECO, HORARIA(°C)",1098,0,1098,0,366,0,0,2024-01-01T12:00:00Z,2025-01-01T00:00:00Z,,,,,
dados_82799_H_2017-01-01_2025-12-31.csv,82799,GOIANA,CONVENCIONAL,-7.55,-34.98,11,Horaria,2024,umidade_relativa_pct,"UMIDADE RELATIVA DO AR, HORARIA(%)",1098,0,1098,0,366,0,0,2024-01-01T12:00:00Z,2025-01-01T00:00:00Z,,,,,
dados_82799_H_2017-01-01_2025-12-31.csv,82799,GOIANA,CONVENCIONAL,-7.55,-34.98,11,Horaria,2024,velocidade_vento_ms,"VENTO, VELOCIDADE HORARIA(m/s)",1098,0,1098,0,366,0,0,2024-01-01T12:00:00Z,2025-01-01T00:00:00Z,,,,,
dados_82799_H_2017-01-01_2025-12-31.csv,82799,GOIANA,CONVENCIONAL,-7.55,-34.98,11,Horaria,2025,direcao_vento_graus,"VENTO, DIRECAO HORARIA(codigo)",1094,0,1094,0,365,0,0,2025-01-01T12:00:00Z,2025-12-31T18:00:00Z,,,,,
dados_82799_H_2017-01-01_2025-12-31.csv,82799,GOIANA,CONVENCIONAL,-7.55,-34.98,11,Horaria,2025,pressao_estacao_hpa,"PRESSAO ATMOSFERICA AO NIVEL DA ESTACAO, HORARIA(mB)",1094,0,1094,0,365,0,0,2025-01-01T12:00:00Z,2025-12-31T18:00:00Z,,,,,
dados_82799_H_2017-01-01_2025-12-31.csv,82799,GOIANA,CONVENCIONAL,-7.55,-34.98,11,Horaria,2025,temperatura_ar_c,"TEMPERATURA DO AR - BULBO SECO, HORARIA(°C)",1094,0,1094,0,365,0,0,2025-01-01T12:00:00Z,2025-12-31T18:00:00Z,,,,,
dados_82799_H_2017-01-01_2025-12-31.csv,82799,GOIANA,CONVENCIONAL,-7.55,-34.98,11,Horaria,2025,umidade_relativa_pct,"UMIDADE RELATIVA DO AR, HORARIA(%)",1094,0,1094,0,365,0,0,2025-01-01T12:00:00Z,2025-12-31T18:00:00Z,,,,,
dados_82799_H_2017-01-01_2025-12-31.csv,82799,GOIANA,CONVENCIONAL,-7.55,-34.98,11,Horaria,2025,velocidade_vento_ms,"VENTO, VELOCIDADE HORARIA(m/s)",1094,0,1094,0,365,0,0,2025-01-01T12:00:00Z,2025-12-31T18:00:00Z,,,,,
dados_82886_H_2017-01-01_2025-07-01.csv,82886,CABROBO,CONVENCIONAL,-8.50388888,-39.31527777,342.78,Horaria,2017,direcao_vento_graus,"VENTO, DIRECAO HORARIA(codigo)",1095,899,196,82.1004566210046,365,362,12,2017-01-01T12:00:00Z,2018-01-01T00:00:00Z,5,5,14,32,36
dados_82886_H_2017-01-01_2025-07-01.csv,82886,CABROBO,CONVENCIONAL,-8.50388888,-39.31527777,342.78,Horaria,2017,pressao_estacao_hpa,"PRESSAO ATMOSFERICA AO NIVEL DA ESTACAO, HORARIA(mB)",1095,899,196,82.1004566210046,365,362,12,2017-01-01T12:00:00Z,2018-01-01T00:00:00Z,966.5,967.9,974,980.6,982.3
dados_82886_H_2017-01-01_2025-07-01.csv,82886,CABROBO,CONVENCIONAL,-8.50388888,-39.31527777,342.78,Horaria,2017,temperatura_ar_c,"TEMPERATURA DO AR - BULBO SECO, HORARIA(°C)",1095,899,196,82.1004566210046,365,362,12,2017-01-01T12:00:00Z,2018-01-01T00:00:00Z,19.3,21.3,28.1,36.304,37.9
dados_82886_H_2017-01-01_2025-07-01.csv,82886,CABROBO,CONVENCIONAL,-8.50388888,-39.31527777,342.78,Horaria,2017,umidade_relativa_pct,"UMIDADE RELATIVA DO AR, HORARIA(%)",1095,899,196,82.1004566210046,365,362,12,2017-01-01T12:00:00Z,2018-01-01T00:00:00Z,21,24,54,92,97
dados_82886_H_2017-01-01_2025-07-01.csv,82886,CABROBO,CONVENCIONAL,-8.50388888,-39.31527777,342.78,Horaria,2017,velocidade_vento_ms,"VENTO, VELOCIDADE HORARIA(m/s)",1095,899,196,82.1004566210046,365,362,12,2017-01-01T12:00:00Z,2018-01-01T00:00:00Z,0.1,0.3,3.6,7,7.6
dados_82886_H_2017-01-01_2025-07-01.csv,82886,CABROBO,CONVENCIONAL,-8.50388888,-39.31527777,342.78,Horaria,2018,direcao_vento_graus,"VENTO, DIRECAO HORARIA(codigo)",1095,745,350,68.0365296803653,365,345,12,2018-01-01T12:00:00Z,2019-01-01T00:00:00Z,0,5,14,36,36
dados_82886_H_2017-01-01_2025-07-01.csv,82886,CABROBO,CONVENCIONAL,-8.50388888,-39.31527777,342.78,Horaria,2018,pressao_estacao_hpa,"PRESSAO ATMOSFERICA AO NIVEL DA ESTACAO, HORARIA(mB)",1095,745,350,68.0365296803653,365,345,12,2018-01-01T12:00:00Z,2019-01-01T00:00:00Z,966.5,968.444,974.9,980.412,981
dados_82886_H_2017-01-01_2025-07-01.csv,82886,CABROBO,CONVENCIONAL,-8.50388888,-39.31527777,342.78,Horaria,2018,temperatura_ar_c,"TEMPERATURA DO AR - BULBO SECO, HORARIA(°C)",1095,745,350,68.0365296803653,365,345,12,2018-01-01T12:00:00Z,2019-01-01T00:00:00Z,21.1,22.7,26.9,34.412,36.7
dados_82886_H_2017-01-01_2025-07-01.csv,82886,CABROBO,CONVENCIONAL,-8.50388888,-39.31527777,342.78,Horaria,2018,umidade_relativa_pct,"UMIDADE RELATIVA DO AR, HORARIA(%)",1095,745,350,68.0365296803653,365,345,12,2018-01-01T12:00:00Z,2019-01-01T00:00:00Z,23,31,63,94,97
dados_82886_H_2017-01-01_2025-07-01.csv,82886,CABROBO,CONVENCIONAL,-8.50388888,-39.31527777,342.78,Horaria,2018,velocidade_vento_ms,"VENTO, VELOCIDADE HORARIA(m/s)",1095,745,350,68.0365296803653,365,345,12,2018-01-01T12:00:00Z,2019-01-01T00:00:00Z,0,0.1,3.3,7.1,8.6
dados_82886_H_2017-01-01_2025-07-01.csv,82886,CABROBO,CONVENCIONAL,-8.50388888,-39.31527777,342.78,Horaria,2019,direcao_vento_graus,"VENTO, DIRECAO HORARIA(codigo)",1095,690,405,63.013698630137,365,345,12,2019-01-01T12:00:00Z,2020-01-01T00:00:00Z,5,5,14,32,36
dados_82886_H_2017-01-01_2025-07-01.csv,82886,CABROBO,CONVENCIONAL,-8.50388888,-39.31527777,342.78,Horaria,2019,pressao_estacao_hpa,"PRESSAO ATMOSFERICA AO NIVEL DA ESTACAO, HORARIA(mB)",1095,690,405,63.013698630137,365,345,12,2019-01-01T12:00:00Z,2020-01-01T00:00:00Z,967.1,969.4,975.4,981.7,982.7
dados_82886_H_2017-01-01_2025-07-01.csv,82886,CABROBO,CONVENCIONAL,-8.50388888,-39.31527777,342.78,Horaria,2019,temperatura_ar_c,"TEMPERATURA DO AR - BULBO SECO, HORARIA(°C)",1095,690,405,63.013698630137,365,345,12,2019-01-01T12:00:00Z,2020-01-01T00:00:00Z,20.1,21.3,27.1,31.944,33.7
dados_82886_H_2017-01-01_2025-07-01.csv,82886,CABROBO,CONVENCIONAL,-8.50388888,-39.31527777,342.78,Horaria,2019,umidade_relativa_pct,"UMIDADE RELATIVA DO AR, HORARIA(%)",1095,690,405,63.013698630137,365,345,12,2019-01-01T12:00:00Z,2020-01-01T00:00:00Z,21,30.89,59,95,99
dados_82886_H_2017-01-01_2025-07-01.csv,82886,CABROBO,CONVENCIONAL,-8.50388888,-39.31527777,342.78,Horaria,2019,velocidade_vento_ms,"VENTO, VELOCIDADE HORARIA(m/s)",1095,690,405,63.013698630137,365,345,12,2019-01-01T12:00:00Z,2020-01-01T00:00:00Z,0.1,0.278,3.3,7.5,8.6
dados_82886_H_2017-01-01_2025-07-01.csv,82886,CABROBO,CONVENCIONAL,-8.50388888,-39.31527777,342.78,Horaria,2020,direcao_vento_graus,"VENTO, DIRECAO HORARIA(codigo)",1098,630,468,57.3770491803279,366,316,12,2020-01-01T12:00:00Z,2021-01-01T00:00:00Z,5,5,14,36,36
dados_82886_H_2017-01-01_2025-07-01.csv,82886,CABROBO,CONVENCIONAL,-8.50388888,-39.31527777,342.78,Horaria,2020,pressao_estacao_hpa,"PRESSAO ATMOSFERICA AO NIVEL DA ESTACAO, HORARIA(mB)",1098,630,468,57.3770491803279,366,316,12,2020-01-01T12:00:00Z,2021-01-01T00:00:00Z,968.3,969.8,975.25,980.871,991.7
dados_82886_H_2017-01-01_2025-07-01.csv,82886,CABROBO,CONVENCIONAL,-8.50388888,-39.31527777,342.78,Horaria,2020,temperatura_ar_c,"TEMPERATURA DO AR - BULBO SECO, HORARIA(°C)",1098,630,468,57.3770491803279,366,316,12,2020-01-01T12:00:00Z,2021-01-01T00:00:00Z,19.9,22.1,26.3,31.642,32.5
dados_82886_H_2017-01-01_2025-07-01.csv,82886,CABROBO,CONVENCIONAL,-8.50388888,-39.31527777,342.78,Horaria,2020,umidade_relativa_pct,"UMIDADE RELATIVA DO AR, HORARIA(%)",1098,630,468,57.3770491803279,366,316,12,2020-01-01T12:00:00Z,2021-01-01T00:00:00Z,30,32.29,66.5,97,99
dados_82886_H_2017-01-01_2025-07-01.csv,82886,CABROBO,CONVENCIONAL,-8.50388888,-39.31527777,342.78,Horaria,2020,velocidade_vento_ms,"VENTO, VELOCIDADE HORARIA(m/s)",1098,630,468,57.3770491803279,366,316,12,2020-01-01T12:00:00Z,2021-01-01T00:00:00Z,0.2,0.3,3,6.6,7.5
dados_82886_H_2017-01-01_2025-07-01.csv,82886,CABROBO,CONVENCIONAL,-8.50388888,-39.31527777,342.78,Horaria,2021,direcao_vento_graus,"VENTO, DIRECAO HORARIA(codigo)",1095,630,465,57.5342465753425,365,316,12,2021-01-01T12:00:00Z,2022-01-01T00:00:00Z,5,5,14,36,36
dados_82886_H_2017-01-01_2025-07-01.csv,82886,CABROBO,CONVENCIONAL,-8.50388888,-39.31527777,342.78,Horaria,2021,pressao_estacao_hpa,"PRESSAO ATMOSFERICA AO NIVEL DA ESTACAO, HORARIA(mB)",1095,630,465,57.5342465753425,365,316,12,2021-01-01T12:00:00Z,2022-01-01T00:00:00Z,967.5,969.5,974.9,981.742,985.9
dados_82886_H_2017-01-01_2025-07-01.csv,82886,CABROBO,CONVENCIONAL,-8.50388888,-39.31527777,342.78,Horaria,2021,temperatura_ar_c,"TEMPERATURA DO AR - BULBO SECO, HORARIA(°C)",1095,630,465,57.5342465753425,365,316,12,2021-01-01T12:00:00Z,2022-01-01T00:00:00Z,20.9,21.9,26.3,31.842,32.9
dados_82886_H_2017-01-01_2025-07-01.csv,82886,CABROBO,CONVENCIONAL,-8.50388888,-39.31527777,342.78,Horaria,2021,umidade_relativa_pct,"UMIDADE RELATIVA DO AR, HORARIA(%)",1095,629,466,57.4429223744292,365,316,12,2021-01-01T12:00:00Z,2022-01-01T00:00:00Z,32,34,65,96,99
dados_82886_H_2017-01-01_2025-07-01.csv,82886,CABROBO,CONVENCIONAL,-8.50388888,-39.31527777,342.78,Horaria,2021,velocidade_vento_ms,"VENTO, VELOCIDADE HORARIA(m/s)",1095,630,465,57.5342465753425,365,316,12,2021-01-01T12:00:00Z,2022-01-01T00:00:00Z,0.3,0.3,3.3,6.6,8.4
dados_82886_H_2017-01-01_2025-07-01.csv,82886,CABROBO,CONVENCIONAL,-8.50388888,-39.31527777,342.78,Horaria,2022,direcao_vento_graus,"VENTO, DIRECAO HORARIA(codigo)",1095,594,501,54.2465753424658,365,297,12,2022-01-01T12:00:00Z,2023-01-01T00:00:00Z,4,5,14,36,36
dados_82886_H_2017-01-01_2025-07-01.csv,82886,CABROBO,CONVENCIONAL,-8.50388888,-39.31527777,342.78,Horaria,2022,pressao_estacao_hpa,"PRESSAO ATMOSFERICA AO NIVEL DA ESTACAO, HORARIA(mB)",1095,594,501,54.2465753424658,365,297,12,2022-01-01T12:00:00Z,2023-01-01T00:00:00Z,968.7,969.686,974.65,980.4,981.1
dados_82886_H_2017-01-01_2025-07-01.csv,82886,CABROBO,CONVENCIONAL,-8.50388888,-39.31527777,342.78,Horaria,2022,temperatura_ar_c,"TEMPERATURA DO AR - BULBO SECO, HORARIA(°C)",1095,594,501,54.2465753424658,365,297,12,2022-01-01T12:00:00Z,2023-01-01T00:00:00Z,20.1,21.3,26.1,30.528,31.3
dados_82886_H_2017-01-01_2025-07-01.csv,82886,CABROBO,CONVENCIONAL,-8.50388888,-39.31527777,342.78,Horaria,2022,umidade_relativa_pct,"UMIDADE RELATIVA DO AR, HORARIA(%)",1095,592,503,54.0639269406393,365,297,12,2022-01-01T12:00:00Z,2023-01-01T00:00:00Z,25,34.37,69,98,100
dados_82886_H_2017-01-01_2025-07-01.csv,82886,CABROBO,CONVENCIONAL,-8.50388888,-39.31527777,342.78,Horaria,2022,velocidade_vento_ms,"VENTO, VELOCIDADE HORARIA(m/s)",1095,594,501,54.2465753424658,365,297,12,2022-01-01T12:00:00Z,2023-01-01T00:00:00Z,0.3,0.3,3,7.5,8.3
dados_82886_H_2017-01-01_2025-07-01.csv,82886,CABROBO,CONVENCIONAL,-8.50388888,-39.31527777,342.78,Horaria,2023,direcao_vento_graus,"VENTO, DIRECAO HORARIA(codigo)",1095,587,508,53.6073059360731,365,294,12,2023-01-01T12:00:00Z,2024-01-01T00:00:00Z,3,5,14,36,36
dados_82886_H_2017-01-01_2025-07-01.csv,82886,CABROBO,CONVENCIONAL,-8.50388888,-39.31527777,342.78,Horaria,2023,pressao_estacao_hpa,"PRESSAO ATMOSFERICA AO NIVEL DA ESTACAO, HORARIA(mB)",1095,585,510,53.4246575342466,365,294,12,2023-01-01T12:00:00Z,2024-01-01T00:00:00Z,967.6,968.984,974.9,980.7,981.6
dados_82886_H_2017-01-01_2025-07-01.csv,82886,CABROBO,CONVENCIONAL,-8.50388888,-39.31527777,342.78,Horaria,2023,temperatura_ar_c,"TEMPERATURA DO AR - BULBO SECO, HORARIA(°C)",1095,587,508,53.6073059360731,365,294,12,2023-01-01T12:00:00Z,2024-01-01T00:00:00Z,21.1,22.3,26.9,32.9,33.9
dados_82886_H_2017-01-01_2025-07-01.csv,82886,CABROBO,CONVENCIONAL,-8.50388888,-39.31527777,342.78,Horaria,2023,umidade_relativa_pct,"UMIDADE RELATIVA DO AR, HORARIA(%)",1095,585,510,53.4246575342466,365,293,12,2023-01-01T12:00:00Z,2024-01-01T00:00:00Z,21,29,64,96.16,98
dados_82886_H_2017-01-01_2025-07-01.csv,82886,CABROBO,CONVENCIONAL,-8.50388888,-39.31527777,342.78,Horaria,2023,velocidade_vento_ms,"VENTO, VELOCIDADE HORARIA(m/s)",1095,586,509,53.5159817351598,365,294,12,2023-01-01T12:00:00Z,2024-01-01T00:00:00Z,0.3,0.3,3.3,8.215,8.6
dados_82886_H_2017-01-01_2025-07-01.csv,82886,CABROBO,CONVENCIONAL,-8.50388888,-39.31527777,342.78,Horaria,2024,direcao_vento_graus,"VENTO, DIRECAO HORARIA(codigo)",1098,535,563,48.7249544626594,366,269,12,2024-01-01T12:00:00Z,2025-01-01T00:00:00Z,5,5,14,36,36
dados_82886_H_2017-01-01_2025-07-01.csv,82886,CABROBO,CONVENCIONAL,-8.50388888,-39.31527777,342.78,Horaria,2024,pressao_estacao_hpa,"PRESSAO ATMOSFERICA AO NIVEL DA ESTACAO, HORARIA(mB)",1098,535,563,48.7249544626594,366,269,12,2024-01-01T12:00:00Z,2025-01-01T00:00:00Z,968,969.402,975.1,981.7,981.9
dados_82886_H_2017-01-01_2025-07-01.csv,82886,CABROBO,CONVENCIONAL,-8.50388888,-39.31527777,342.78,Horaria,2024,temperatura_ar_c,"TEMPERATURA DO AR - BULBO SECO, HORARIA(°C)",1098,535,563,48.7249544626594,366,269,12,2024-01-01T12:00:00Z,2025-01-01T00:00:00Z,20.5,21.9,26.9,31.832,32.3
dados_82886_H_2017-01-01_2025-07-01.csv,82886,CABROBO,CONVENCIONAL,-8.50388888,-39.31527777,342.78,Horaria,2024,umidade_relativa_pct,"UMIDADE RELATIVA DO AR, HORARIA(%)",1098,535,563,48.7249544626594,366,269,12,2024-01-01T12:00:00Z,2025-01-01T00:00:00Z,31,31,68,97,99
dados_82886_H_2017-01-01_2025-07-01.csv,82886,CABROBO,CONVENCIONAL,-8.50388888,-39.31527777,342.78,Horaria,2024,velocidade_vento_ms,"VENTO, VELOCIDADE HORARIA(m/s)",1098,535,563,48.7249544626594,366,269,12,2024-01-01T12:00:00Z,2025-01-01T00:00:00Z,0.2,0.3,3.3,6.6,8.3
dados_82886_H_2017-01-01_2025-07-01.csv,82886,CABROBO,CONVENCIONAL,-8.50388888,-39.31527777,342.78,Horaria,2025,direcao_vento_graus,"VENTO, DIRECAO HORARIA(codigo)",545,249,296,45.6880733944954,182,126,7,2025-01-01T12:00:00Z,2025-07-01T18:00:00Z,5,5,14,36,36
dados_82886_H_2017-01-01_2025-07-01.csv,82886,CABROBO,CONVENCIONAL,-8.50388888,-39.31527777,342.78,Horaria,2025,pressao_estacao_hpa,"PRESSAO ATMOSFERICA AO NIVEL DA ESTACAO, HORARIA(mB)",545,248,297,45.5045871559633,182,126,7,2025-01-01T12:00:00Z,2025-07-01T18:00:00Z,969.3,969.488,974.8,983.126,997.7
dados_82886_H_2017-01-01_2025-07-01.csv,82886,CABROBO,CONVENCIONAL,-8.50388888,-39.31527777,342.78,Horaria,2025,temperatura_ar_c,"TEMPERATURA DO AR - BULBO SECO, HORARIA(°C)",545,248,297,45.5045871559633,182,126,7,2025-01-01T12:00:00Z,2025-07-01T18:00:00Z,21.3,21.9,26.9,30.9,30.9
dados_82886_H_2017-01-01_2025-07-01.csv,82886,CABROBO,CONVENCIONAL,-8.50388888,-39.31527777,342.78,Horaria,2025,umidade_relativa_pct,"UMIDADE RELATIVA DO AR, HORARIA(%)",545,249,296,45.6880733944954,182,126,7,2025-01-01T12:00:00Z,2025-07-01T18:00:00Z,31,32,70,98,98
dados_82886_H_2017-01-01_2025-07-01.csv,82886,CABROBO,CONVENCIONAL,-8.50388888,-39.31527777,342.78,Horaria,2025,velocidade_vento_ms,"VENTO, VELOCIDADE HORARIA(m/s)",545,249,296,45.6880733944954,182,126,7,2025-01-01T12:00:00Z,2025-07-01T18:00:00Z,0.5,0.5,3.1,6.22000000000001,7.7
dados_82890_H_2017-01-01_2025-12-31.csv,82890,ARCO VERDE,CONVENCIONAL,-8.4336111,-37.05527777,683.91,Horaria,2017,direcao_vento_graus,"VENTO, DIRECAO HORARIA(codigo)",1095,1003,92,91.5981735159817,365,365,12,2017-01-01T12:00:00Z,2018-01-01T00:00:00Z,4,5,9,36,36
dados_82890_H_2017-01-01_2025-12-31.csv,82890,ARCO VERDE,CONVENCIONAL,-8.4336111,-37.05527777,683.91,Horaria,2017,pressao_estacao_hpa,"PRESSAO ATMOSFERICA AO NIVEL DA ESTACAO, HORARIA(mB)",1095,1002,93,91.5068493150685,365,365,12,2017-01-01T12:00:00Z,2018-01-01T00:00:00Z,931.1,932.401,938.7,943.9,949.5
dados_82890_H_2017-01-01_2025-12-31.csv,82890,ARCO VERDE,CONVENCIONAL,-8.4336111,-37.05527777,683.91,Horaria,2017,temperatura_ar_c,"TEMPERATURA DO AR - BULBO SECO, HORARIA(°C)",1095,1003,92,91.5981735159817,365,365,12,2017-01-01T12:00:00Z,2018-01-01T00:00:00Z,16.7,17.9,24.5,34.1,35.9
dados_82890_H_2017-01-01_2025-12-31.csv,82890,ARCO VERDE,CONVENCIONAL,-8.4336111,-37.05527777,683.91,Horaria,2017,umidade_relativa_pct,"UMIDADE RELATIVA DO AR, HORARIA(%)",1095,1003,92,91.5981735159817,365,365,12,2017-01-01T12:00:00Z,2018-01-01T00:00:00Z,33,47.04,83,97,97
dados_82890_H_2017-01-01_2025-12-31.csv,82890,ARCO VERDE,CONVENCIONAL,-8.4336111,-37.05527777,683.91,Horaria,2017,velocidade_vento_ms,"VENTO, VELOCIDADE HORARIA(m/s)",1095,1003,92,91.5981735159817,365,365,12,2017-01-01T12:00:00Z,2018-01-01T00:00:00Z,0.2,0.8,3.3,5.8,9.1
dados_82890_H_2017-01-01_2025-12-31.csv,82890,ARCO VERDE,CONVENCIONAL,-8.4336111,-37.05527777,683.91,Horaria,2018,direcao_vento_graus,"VENTO, DIRECAO HORARIA(codigo)",1095,1034,61,94.4292237442922,365,365,12,2018-01-01T12:00:00Z,2019-01-01T00:00:00Z,4,5,9,36,36
dados_82890_H_2017-01-01_2025-12-31.csv,82890,ARCO VERDE,CONVENCIONAL,-8.4336111,-37.05527777,683.91,Horaria,2018,pressao_estacao_hpa,"PRESSAO ATMOSFERICA AO NIVEL DA ESTACAO, HORARIA(mB)",1095,1034,61,94.4292237442922,365,365,12,2018-01-01T12:00:00Z,2019-01-01T00:00:00Z,930.6,932.533,938.4,944,984.9
dados_82890_H_2017-01-01_2025-12-31.csv,82890,ARCO VERDE,CONVENCIONAL,-8.4336111,-37.05527777,683.91,Horaria,2018,temperatura_ar_c,"TEMPERATURA DO AR - BULBO SECO, HORARIA(°C)",1095,1034,61,94.4292237442922,365,365,12,2018-01-01T12:00:00Z,2019-01-01T00:00:00Z,16.7,19.1,24.7,33.634,35.3
dados_82890_H_2017-01-01_2025-12-31.csv,82890,ARCO VERDE,CONVENCIONAL,-8.4336111,-37.05527777,683.91,Horaria,2018,umidade_relativa_pct,"UMIDADE RELATIVA DO AR, HORARIA(%)",1095,1034,61,94.4292237442922,365,365,12,2018-01-01T12:00:00Z,2019-01-01T00:00:00Z,37,46.33,80,97,97
dados_82890_H_2017-01-01_2025-12-31.csv,82890,ARCO VERDE,CONVENCIONAL,-8.4336111,-37.05527777,683.91,Horaria,2018,velocidade_vento_ms,"VENTO, VELOCIDADE HORARIA(m/s)",1095,1034,61,94.4292237442922,365,365,12,2018-01-01T12:00:00Z,2019-01-01T00:00:00Z,0.3,0.5,2.5,6.6,6.6
dados_82890_H_2017-01-01_2025-12-31.csv,82890,ARCO VERDE,CONVENCIONAL,-8.4336111,-37.05527777,683.91,Horaria,2019,direcao_vento_graus,"VENTO, DIRECAO HORARIA(codigo)",1095,997,98,91.0502283105023,365,365,12,2019-01-01T12:00:00Z,2020-01-01T00:00:00Z,5,5,9,36,36
dados_82890_H_2017-01-01_2025-12-31.csv,82890,ARCO VERDE,CONVENCIONAL,-8.4336111,-37.05527777,683.91,Horaria,2019,pressao_estacao_hpa,"PRESSAO ATMOSFERICA AO NIVEL DA ESTACAO, HORARIA(mB)",1095,997,98,91.0502283105023,365,365,12,2019-01-01T12:00:00Z,2020-01-01T00:00:00Z,930.2,932.5,938.6,944.208,945.2
dados_82890_H_2017-01-01_2025-12-31.csv,82890,ARCO VERDE,CONVENCIONAL,-8.4336111,-37.05527777,683.91,Horaria,2019,temperatura_ar_c,"TEMPERATURA DO AR - BULBO SECO, HORARIA(°C)",1095,997,98,91.0502283105023,365,365,12,2019-01-01T12:00:00Z,2020-01-01T00:00:00Z,17.7,18.996,25.1,34.108,36.7
dados_82890_H_2017-01-01_2025-12-31.csv,82890,ARCO VERDE,CONVENCIONAL,-8.4336111,-37.05527777,683.91,Horaria,2019,umidade_relativa_pct,"UMIDADE RELATIVA DO AR, HORARIA(%)",1095,997,98,91.0502283105023,365,365,12,2019-01-01T12:00:00Z,2020-01-01T00:00:00Z,40,45,78,97,97
dados_82890_H_2017-01-01_2025-12-31.csv,82890,ARCO VERDE,CONVENCIONAL,-8.4336111,-37.05527777,683.91,Horaria,2019,velocidade_vento_ms,"VENTO, VELOCIDADE HORARIA(m/s)",1095,997,98,91.0502283105023,365,365,12,2019-01-01T12:00:00Z,2020-01-01T00:00:00Z,0.3,0.3,3,6.31199999999999,8.9
dados_82890_H_2017-01-01_2025-12-31.csv,82890,ARCO VERDE,CONVENCIONAL,-8.4336111,-37.05527777,683.91,Horaria,2020,direcao_vento_graus,"VENTO, DIRECAO HORARIA(codigo)",1098,704,394,64.1165755919854,366,325,12,2020-01-01T12:00:00Z,2021-01-01T00:00:00Z,0,5,14,36,36
dados_82890_H_2017-01-01_2025-12-31.csv,82890,ARCO VERDE,CONVENCIONAL,-8.4336111,-37.05527777,683.91,Horaria,2020,pressao_estacao_hpa,"PRESSAO ATMOSFERICA AO NIVEL DA ESTACAO, HORARIA(mB)",1098,704,394,64.1165755919854,366,325,12,2020-01-01T12:00:00Z,2021-01-01T00:00:00Z,932.9,933.6,938.6,942.897,944.4
dados_82890_H_2017-01-01_2025-12-31.csv,82890,ARCO VERDE,CONVENCIONAL,-8.4336111,-37.05527777,683.91,Horaria,2020,temperatura_ar_c,"TEMPERATURA DO AR - BULBO SECO, HORARIA(°C)",1098,704,394,64.1165755919854,366,325,12,2020-01-01T12:00:00Z,2021-01-01T00:00:00Z,17.7,18.306,23.8,32.694,34.3
dados_82890_H_2017-01-01_2025-12-31.csv,82890,ARCO VERDE,CONVENCIONAL,-8.4336111,-37.05527777,683.91,Horaria,2020,umidade_relativa_pct,"UMIDADE RELATIVA DO AR, HORARIA(%)",1098,705,393,64.2076502732241,366,326,12,2020-01-01T12:00:00Z,2021-01-01T00:00:00Z,47,56,82,97,97
dados_82890_H_2017-01-01_2025-12-31.csv,82890,ARCO VERDE,CONVENCIONAL,-8.4336111,-37.05527777,683.91,Horaria,2020,velocidade_vento_ms,"VENTO, VELOCIDADE HORARIA(m/s)",1098,704,394,64.1165755919854,366,325,12,2020-01-01T12:00:00Z,2021-01-01T00:00:00Z,0,0.1,2.5,5,6.6
dados_82890_H_2017-01-01_2025-12-31.csv,82890,ARCO VERDE,CONVENCIONAL,-8.4336111,-37.05527777,683.91,Horaria,2021,direcao_vento_graus,"VENTO, DIRECAO HORARIA(codigo)",1095,717,378,65.4794520547945,365,325,12,2021-01-01T12:00:00Z,2022-01-01T00:00:00Z,5,5,14,36,36
dados_82890_H_2017-01-01_2025-12-31.csv,82890,ARCO VERDE,CONVENCIONAL,-8.4336111,-37.05527777,683.91,Horaria,2021,pressao_estacao_hpa,"PRESSAO ATMOSFERICA AO NIVEL DA ESTACAO, HORARIA(mB)",1095,711,384,64.9315068493151,365,325,12,2021-01-01T12:00:00Z,2022-01-01T00:00:00Z,922,931.41,938.1,944.09,958.7
dados_82890_H_2017-01-01_2025-12-31.csv,82890,ARCO VERDE,CONVENCIONAL,-8.4336111,-37.05527777,683.91,Horaria,2021,temperatura_ar_c,"TEMPERATURA DO AR - BULBO SECO, HORARIA(°C)",1095,717,378,65.4794520547945,365,325,12,2021-01-01T12:00:00Z,2022-01-01T00:00:00Z,17.9,18.7,24.3,34.1,35.3
dados_82890_H_2017-01-01_2025-12-31.csv,82890,ARCO VERDE,CONVENCIONAL,-8.4336111,-37.05527777,683.91,Horaria,2021,umidade_relativa_pct,"UMIDADE RELATIVA DO AR, HORARIA(%)",1095,717,378,65.4794520547945,365,325,12,2021-01-01T12:00:00Z,2022-01-01T00:00:00Z,32,46,80,97,99
dados_82890_H_2017-01-01_2025-12-31.csv,82890,ARCO VERDE,CONVENCIONAL,-8.4336111,-37.05527777,683.91,Horaria,2021,velocidade_vento_ms,"VENTO, VELOCIDADE HORARIA(m/s)",1095,710,385,64.8401826484018,365,325,12,2021-01-01T12:00:00Z,2022-01-01T00:00:00Z,0.1,0.5,2.5,7.5,9.1
dados_82890_H_2017-01-01_2025-12-31.csv,82890,ARCO VERDE,CONVENCIONAL,-8.4336111,-37.05527777,683.91,Horaria,2022,direcao_vento_graus,"VENTO, DIRECAO HORARIA(codigo)",1095,1025,70,93.6073059360731,365,362,12,2022-01-01T12:00:00Z,2023-01-01T00:00:00Z,5,5,9,36,36
dados_82890_H_2017-01-01_2025-12-31.csv,82890,ARCO VERDE,CONVENCIONAL,-8.4336111,-37.05527777,683.91,Horaria,2022,pressao_estacao_hpa,"PRESSAO ATMOSFERICA AO NIVEL DA ESTACAO, HORARIA(mB)",1095,1016,79,92.7853881278539,365,362,12,2022-01-01T12:00:00Z,2023-01-01T00:00:00Z,912.5,932.015,937.6,942.885,957.7
dados_82890_H_2017-01-01_2025-12-31.csv,82890,ARCO VERDE,CONVENCIONAL,-8.4336111,-37.05527777,683.91,Horaria,2022,temperatura_ar_c,"TEMPERATURA DO AR - BULBO SECO, HORARIA(°C)",1095,990,105,90.4109589041096,365,361,12,2022-01-01T12:00:00Z,2023-01-01T00:00:00Z,17.5,19.1,24.3,32.9,33.7
dados_82890_H_2017-01-01_2025-12-31.csv,82890,ARCO VERDE,CONVENCIONAL,-8.4336111,-37.05527777,683.91,Horaria,2022,umidade_relativa_pct,"UMIDADE RELATIVA DO AR, HORARIA(%)",1095,911,184,83.1963470319635,365,323,12,2022-01-01T12:00:00Z,2023-01-01T00:00:00Z,39,51.2,84,98,99
dados_82890_H_2017-01-01_2025-12-31.csv,82890,ARCO VERDE,CONVENCIONAL,-8.4336111,-37.05527777,683.91,Horaria,2022,velocidade_vento_ms,"VENTO, VELOCIDADE HORARIA(m/s)",1095,961,134,87.7625570776256,365,360,12,2022-01-01T12:00:00Z,2023-01-01T00:00:00Z,0.3,0.5,3.3,9.1,10
dados_82890_H_2017-01-01_2025-12-31.csv,82890,ARCO VERDE,CONVENCIONAL,-8.4336111,-37.05527777,683.91,Horaria,2023,direcao_vento_graus,"VENTO, DIRECAO HORARIA(codigo)",1095,954,141,87.1232876712329,365,351,12,2023-01-01T12:00:00Z,2024-01-01T00:00:00Z,5,5,9,36,36
dados_82890_H_2017-01-01_2025-12-31.csv,82890,ARCO VERDE,CONVENCIONAL,-8.4336111,-37.05527777,683.91,Horaria,2023,pressao_estacao_hpa,"PRESSAO ATMOSFERICA AO NIVEL DA ESTACAO, HORARIA(mB)",1095,936,159,85.4794520547945,365,350,12,2023-01-01T12:00:00Z,2024-01-01T00:00:00Z,930.9,932.4,938.05,944.3,980.6
dados_82890_H_2017-01-01_2025-12-31.csv,82890,ARCO VERDE,CONVENCIONAL,-8.4336111,-37.05527777,683.91,Horaria,2023,temperatura_ar_c,"TEMPERATURA DO AR - BULBO SECO, HORARIA(°C)",1095,949,146,86.6666666666667,365,351,12,2023-01-01T12:00:00Z,2024-01-01T00:00:00Z,17.7,19.3,24.7,34.708,37.1
dados_82890_H_2017-01-01_2025-12-31.csv,82890,ARCO VERDE,CONVENCIONAL,-8.4336111,-37.05527777,683.91,Horaria,2023,umidade_relativa_pct,"UMIDADE RELATIVA DO AR, HORARIA(%)",1095,952,143,86.9406392694064,365,351,12,2023-01-01T12:00:00Z,2024-01-01T00:00:00Z,33,44.51,86,98,99
dados_82890_H_2017-01-01_2025-12-31.csv,82890,ARCO VERDE,CONVENCIONAL,-8.4336111,-37.05527777,683.91,Horaria,2023,velocidade_vento_ms,"VENTO, VELOCIDADE HORARIA(m/s)",1095,926,169,84.5662100456621,365,350,12,2023-01-01T12:00:00Z,2024-01-01T00:00:00Z,0,0.3,1.6,8.3,10
dados_82890_H_2017-01-01_2025-12-31.csv,82890,ARCO VERDE,CONVENCIONAL,-8.4336111,-37.05527777,683.91,Horaria,2024,direcao_vento_graus,"VENTO, DIRECAO HORARIA(codigo)",1098,1019,79,92.8051001821494,366,360,12,2024-01-01T12:00:00Z,2025-01-01T00:00:00Z,5,5,9,36,36
dados_82890_H_2017-01-01_2025-12-31.csv,82890,ARCO VERDE,CONVENCIONAL,-8.4336111,-37.05527777,683.91,Horaria,2024,pressao_estacao_hpa,"PRESSAO ATMOSFERICA AO NIVEL DA ESTACAO, HORARIA(mB)",1098,1019,79,92.8051001821494,366,361,12,2024-01-01T12:00:00Z,2025-01-01T00:00:00Z,930.5,932.718,938,944.082,971.8
dados_82890_H_2017-01-01_2025-12-31.csv,82890,ARCO VERDE,CONVENCIONAL,-8.4336111,-37.05527777,683.91,Horaria,2024,temperatura_ar_c,"TEMPERATURA DO AR - BULBO SECO, HORARIA(°C)",1098,1016,82,92.5318761384335,366,360,12,2024-01-01T12:00:00Z,2025-01-01T00:00:00Z,17.7,19.1,25.1,34.3,35.5
dados_82890_H_2017-01-01_2025-12-31.csv,82890,ARCO VERDE,CONVENCIONAL,-8.4336111,-37.05527777,683.91,Horaria,2024,umidade_relativa_pct,"UMIDADE RELATIVA DO AR, HORARIA(%)",1098,1018,80,92.7140255009108,366,360,12,2024-01-01T12:00:00Z,2025-01-01T00:00:00Z,32,46,85,98.83,99
dados_82890_H_2017-01-01_2025-12-31.csv,82890,ARCO VERDE,CONVENCIONAL,-8.4336111,-37.05527777,683.91,Horaria,2024,velocidade_vento_ms,"VENTO, VELOCIDADE HORARIA(m/s)",1098,1017,81,92.6229508196721,366,360,12,2024-01-01T12:00:00Z,2025-01-01T00:00:00Z,0,0.1,1,3.3,5
dados_82890_H_2017-01-01_2025-12-31.csv,82890,ARCO VERDE,CONVENCIONAL,-8.4336111,-37.05527777,683.91,Horaria,2025,direcao_vento_graus,"VENTO, DIRECAO HORARIA(codigo)",1094,914,180,83.5466179159049,365,320,12,2025-01-01T12:00:00Z,2025-12-31T18:00:00Z,2,5,9,36,36
dados_82890_H_2017-01-01_2025-12-31.csv,82890,ARCO VERDE,CONVENCIONAL,-8.4336111,-37.05527777,683.91,Horaria,2025,pressao_estacao_hpa,"PRESSAO ATMOSFERICA AO NIVEL DA ESTACAO, HORARIA(mB)",1094,906,188,82.8153564899452,365,320,12,2025-01-01T12:00:00Z,2025-12-31T18:00:00Z,930.6,932.4,938.1,943.695,969
dados_82890_H_2017-01-01_2025-12-31.csv,82890,ARCO VERDE,CONVENCIONAL,-8.4336111,-37.05527777,683.91,Horaria,2025,temperatura_ar_c,"TEMPERATURA DO AR - BULBO SECO, HORARIA(°C)",1094,913,181,83.45521023766,365,320,12,2025-01-01T12:00:00Z,2025-12-31T18:00:00Z,18.3,18.724,25.5,34.1,35.5
dados_82890_H_2017-01-01_2025-12-31.csv,82890,ARCO VERDE,CONVENCIONAL,-8.4336111,-37.05527777,683.91,Horaria,2025,umidade_relativa_pct,"UMIDADE RELATIVA DO AR, HORARIA(%)",1094,915,179,83.6380255941499,365,320,12,2025-01-01T12:00:00Z,2025-12-31T18:00:00Z,35,38,82,99,99
dados_82890_H_2017-01-01_2025-12-31.csv,82890,ARCO VERDE,CONVENCIONAL,-8.4336111,-37.05527777,683.91,Horaria,2025,velocidade_vento_ms,"VENTO, VELOCIDADE HORARIA(m/s)",1094,913,181,83.45521023766,365,320,12,2025-01-01T12:00:00Z,2025-12-31T18:00:00Z,0,0.5,1,3.1,5.1
dados_82893_H_2017-01-01_2022-11-11.csv,82893,GARANHUNS,CONVENCIONAL,-8.91083333,-36.49333333,827.78,Horaria,2017,direcao_vento_graus,"VENTO, DIRECAO HORARIA(codigo)",1095,584,511,53.3333333333333,365,309,12,2017-01-01T12:00:00Z,2018-01-01T00:00:00Z,0,0,14,18.8499999999998,32
dados_82893_H_2017-01-01_2022-11-11.csv,82893,GARANHUNS,CONVENCIONAL,-8.91083333,-36.49333333,827.78,Horaria,2017,pressao_estacao_hpa,"PRESSAO ATMOSFERICA AO NIVEL DA ESTACAO, HORARIA(mB)",1095,585,510,53.4246575342466,365,309,12,2017-01-01T12:00:00Z,2018-01-01T00:00:00Z,917.5,918.784,923,927.7,929.2
dados_82893_H_2017-01-01_2022-11-11.csv,82893,GARANHUNS,CONVENCIONAL,-8.91083333,-36.49333333,827.78,Horaria,2017,temperatura_ar_c,"TEMPERATURA DO AR - BULBO SECO, HORARIA(°C)",1095,584,511,53.3333333333333,365,309,12,2017-01-01T12:00:00Z,2018-01-01T00:00:00Z,17,17.166,21.6,31.134,32.1
dados_82893_H_2017-01-01_2022-11-11.csv,82893,GARANHUNS,CONVENCIONAL,-8.91083333,-36.49333333,827.78,Horaria,2017,umidade_relativa_pct,"UMIDADE RELATIVA DO AR, HORARIA(%)",1095,471,624,43.013698630137,365,248,10,2017-01-01T12:00:00Z,2018-01-01T00:00:00Z,33,41.7,90,100,100
dados_82893_H_2017-01-01_2022-11-11.csv,82893,GARANHUNS,CONVENCIONAL,-8.91083333,-36.49333333,827.78,Horaria,2017,velocidade_vento_ms,"VENTO, VELOCIDADE HORARIA(m/s)",1095,585,510,53.4246575342466,365,309,12,2017-01-01T12:00:00Z,2018-01-01T00:00:00Z,0,0,2,6.6,9.1
dados_82893_H_2017-01-01_2022-11-11.csv,82893,GARANHUNS,CONVENCIONAL,-8.91083333,-36.49333333,827.78,Horaria,2018,direcao_vento_graus,"VENTO, DIRECAO HORARIA(codigo)",1095,583,512,53.2420091324201,365,299,12,2018-01-01T12:00:00Z,2019-01-01T00:00:00Z,0,0,14,23,36
dados_82893_H_2017-01-01_2022-11-11.csv,82893,GARANHUNS,CONVENCIONAL,-8.91083333,-36.49333333,827.78,Horaria,2018,pressao_estacao_hpa,"PRESSAO ATMOSFERICA AO NIVEL DA ESTACAO, HORARIA(mB)",1095,584,511,53.3333333333333,365,299,12,2018-01-01T12:00:00Z,2019-01-01T00:00:00Z,916,918.483,923.3,928.317,929.2
dados_82893_H_2017-01-01_2022-11-11.csv,82893,GARANHUNS,CONVENCIONAL,-8.91083333,-36.49333333,827.78,Horaria,2018,temperatura_ar_c,"TEMPERATURA DO AR - BULBO SECO, HORARIA(°C)",1095,584,511,53.3333333333333,365,299,12,2018-01-01T12:00:00Z,2019-01-01T00:00:00Z,16.2,17,22,30.17,32.9
dados_82893_H_2017-01-01_2022-11-11.csv,82893,GARANHUNS,CONVENCIONAL,-8.91083333,-36.49333333,827.78,Horaria,2018,umidade_relativa_pct,"UMIDADE RELATIVA DO AR, HORARIA(%)",1095,445,650,40.6392694063927,365,225,10,2018-01-01T12:00:00Z,2019-01-01T00:00:00Z,35,43,83,98,100
dados_82893_H_2017-01-01_2022-11-11.csv,82893,GARANHUNS,CONVENCIONAL,-8.91083333,-36.49333333,827.78,Horaria,2018,velocidade_vento_ms,"VENTO, VELOCIDADE HORARIA(m/s)",1095,583,512,53.2420091324201,365,299,12,2018-01-01T12:00:00Z,2019-01-01T00:00:00Z,0,0,1.6,7.42599999999997,8.3
dados_82893_H_2017-01-01_2022-11-11.csv,82893,GARANHUNS,CONVENCIONAL,-8.91083333,-36.49333333,827.78,Horaria,2019,direcao_vento_graus,"VENTO, DIRECAO HORARIA(codigo)",1095,563,532,51.4155251141553,365,282,12,2019-01-01T12:00:00Z,2020-01-01T00:00:00Z,0,0,14,18,23
dados_82893_H_2017-01-01_2022-11-11.csv,82893,GARANHUNS,CONVENCIONAL,-8.91083333,-36.49333333,827.78,Horaria,2019,pressao_estacao_hpa,"PRESSAO ATMOSFERICA AO NIVEL DA ESTACAO, HORARIA(mB)",1095,564,531,51.5068493150685,365,282,12,2019-01-01T12:00:00Z,2020-01-01T00:00:00Z,916.3,918.4,923.15,928.611,929.8
dados_82893_H_2017-01-01_2022-11-11.csv,82893,GARANHUNS,CONVENCIONAL,-8.91083333,-36.49333333,827.78,Horaria,2019,temperatura_ar_c,"TEMPERATURA DO AR - BULBO SECO, HORARIA(°C)",1095,564,531,51.5068493150685,365,282,12,2019-01-01T12:00:00Z,2020-01-01T00:00:00Z,16.4,17.2,22,31.111,33.5
dados_82893_H_2017-01-01_2022-11-11.csv,82893,GARANHUNS,CONVENCIONAL,-8.91083333,-36.49333333,827.78,Horaria,2019,umidade_relativa_pct,"UMIDADE RELATIVA DO AR, HORARIA(%)",1095,564,531,51.5068493150685,365,282,12,2019-01-01T12:00:00Z,2020-01-01T00:00:00Z,36,42.26,84,100,100
dados_82893_H_2017-01-01_2022-11-11.csv,82893,GARANHUNS,CONVENCIONAL,-8.91083333,-36.49333333,827.78,Horaria,2019,velocidade_vento_ms,"VENTO, VELOCIDADE HORARIA(m/s)",1095,563,532,51.4155251141553,365,282,12,2019-01-01T12:00:00Z,2020-01-01T00:00:00Z,0,0,0.8,5,5.3
dados_82893_H_2017-01-01_2022-11-11.csv,82893,GARANHUNS,CONVENCIONAL,-8.91083333,-36.49333333,827.78,Horaria,2020,direcao_vento_graus,"VENTO, DIRECAO HORARIA(codigo)",1098,87,1011,7.92349726775956,366,48,6,2020-01-01T12:00:00Z,2021-01-01T00:00:00Z,0,0,9,24.82,36
dados_82893_H_2017-01-01_2022-11-11.csv,82893,GARANHUNS,CONVENCIONAL,-8.91083333,-36.49333333,827.78,Horaria,2020,pressao_estacao_hpa,"PRESSAO ATMOSFERICA AO NIVEL DA ESTACAO, HORARIA(mB)",1098,82,1016,7.46812386156648,366,43,2,2020-01-01T12:00:00Z,2021-01-01T00:00:00Z,917.4,918.048,921.9,925.76,929
dados_82893_H_2017-01-01_2022-11-11.csv,82893,GARANHUNS,CONVENCIONAL,-8.91083333,-36.49333333,827.78,Horaria,2020,temperatura_ar_c,"TEMPERATURA DO AR - BULBO SECO, HORARIA(°C)",1098,85,1013,7.74134790528233,366,47,5,2020-01-01T12:00:00Z,2021-01-01T00:00:00Z,20.2,20.368,23.2,31.5,31.5
dados_82893_H_2017-01-01_2022-11-11.csv,82893,GARANHUNS,CONVENCIONAL,-8.91083333,-36.49333333,827.78,Horaria,2020,umidade_relativa_pct,"UMIDADE RELATIVA DO AR, HORARIA(%)",1098,87,1011,7.92349726775956,366,48,6,2020-01-01T12:00:00Z,2021-01-01T00:00:00Z,38,43.16,81,98,98
dados_82893_H_2017-01-01_2022-11-11.csv,82893,GARANHUNS,CONVENCIONAL,-8.91083333,-36.49333333,827.78,Horaria,2020,velocidade_vento_ms,"VENTO, VELOCIDADE HORARIA(m/s)",1098,87,1011,7.92349726775956,366,48,6,2020-01-01T12:00:00Z,2021-01-01T00:00:00Z,0,0,0.8,4.226,5
dados_82893_H_2017-01-01_2022-11-11.csv,82893,GARANHUNS,CONVENCIONAL,-8.91083333,-36.49333333,827.78,Horaria,2021,direcao_vento_graus,"VENTO, DIRECAO HORARIA(codigo)",1095,94,1001,8.58447488584475,365,57,4,2021-01-01T12:00:00Z,2022-01-01T00:00:00Z,5,5,9,36,36
dados_82893_H_2017-01-01_2022-11-11.csv,82893,GARANHUNS,CONVENCIONAL,-8.91083333,-36.49333333,827.78,Horaria,2021,pressao_estacao_hpa,"PRESSAO ATMOSFERICA AO NIVEL DA ESTACAO, HORARIA(mB)",1095,105,990,9.58904109589041,365,64,4,2021-01-01T12:00:00Z,2022-01-01T00:00:00Z,901.7,902.352,921.3,925.952,966.2
dados_82893_H_2017-01-01_2022-11-11.csv,82893,GARANHUNS,CONVENCIONAL,-8.91083333,-36.49333333,827.78,Horaria,2021,temperatura_ar_c,"TEMPERATURA DO AR - BULBO SECO, HORARIA(°C)",1095,1,1094,0.091324200913242,365,1,1,2021-01-01T12:00:00Z,2022-01-01T00:00:00Z,27,27,27,27,27
dados_82893_H_2017-01-01_2022-11-11.csv,82893,GARANHUNS,CONVENCIONAL,-8.91083333,-36.49333333,827.78,Horaria,2021,umidade_relativa_pct,"UMIDADE RELATIVA DO AR, HORARIA(%)",1095,2,1093,0.182648401826484,365,2,2,2021-01-01T12:00:00Z,2022-01-01T00:00:00Z,43,43.22,54,64.78,65
dados_82893_H_2017-01-01_2022-11-11.csv,82893,GARANHUNS,CONVENCIONAL,-8.91083333,-36.49333333,827.78,Horaria,2021,velocidade_vento_ms,"VENTO, VELOCIDADE HORARIA(m/s)",1095,2,1093,0.182648401826484,365,2,2,2021-01-01T12:00:00Z,2022-01-01T00:00:00Z,0.5,0.521,1.55,2.579,2.6
dados_82893_H_2017-01-01_2022-11-11.csv,82893,GARANHUNS,CONVENCIONAL,-8.91083333,-36.49333333,827.78,Horaria,2022,direcao_vento_graus,"VENTO, DIRECAO HORARIA(codigo)",944,403,541,42.6906779661017,315,233,11,2022-01-01T12:00:00Z,2022-11-11T18:00:00Z,5,5,14,23,32
dados_82893_H_2017-01-01_2022-11-11.csv,82893,GARANHUNS,CONVENCIONAL,-8.91083333,-36.49333333,827.78,Horaria,2022,pressao_estacao_hpa,"PRESSAO ATMOSFERICA AO NIVEL DA ESTACAO, HORARIA(mB)",944,427,517,45.2330508474576,315,236,10,2022-01-01T12:00:00Z,2022-11-11T18:00:00Z,902.5,913.452,923.6,928.474,944.1
dados_82893_H_2017-01-01_2022-11-11.csv,82893,GARANHUNS,CONVENCIONAL,-8.91083333,-36.49333333,827.78,Horaria,2022,temperatura_ar_c,"TEMPERATURA DO AR - BULBO SECO, HORARIA(°C)",944,1,943,0.10593220338983,315,1,1,2022-01-01T12:00:00Z,2022-11-11T18:00:00Z,28.6,28.6,28.6,28.6,28.6
dados_82893_H_2017-01-01_2022-11-11.csv,82893,GARANHUNS,CONVENCIONAL,-8.91083333,-36.49333333,827.78,Horaria,2022,umidade_relativa_pct,"UMIDADE RELATIVA DO AR, HORARIA(%)",944,1,943,0.10593220338983,315,1,1,2022-01-01T12:00:00Z,2022-11-11T18:00:00Z,65,65,65,65,65
dados_82893_H_2017-01-01_2022-11-11.csv,82893,GARANHUNS,CONVENCIONAL,-8.91083333,-36.49333333,827.78,Horaria,2022,velocidade_vento_ms,"VENTO, VELOCIDADE HORARIA(m/s)",944,1,943,0.10593220338983,315,1,1,2022-01-01T12:00:00Z,2022-11-11T18:00:00Z,4.1,4.1,4.1,4.1,4.1
dados_82897_H_2017-01-01_2025-12-31.csv,82897,TAPACURA,CONVENCIONAL,-8.17,-35.18,102,Horaria,2017,direcao_vento_graus,"VENTO, DIRECAO HORARIA(codigo)",1095,0,1095,0,365,0,0,2017-01-01T12:00:00Z,2018-01-01T00:00:00Z,,,,,
dados_82897_H_2017-01-01_2025-12-31.csv,82897,TAPACURA,CONVENCIONAL,-8.17,-35.18,102,Horaria,2017,pressao_estacao_hpa,"PRESSAO ATMOSFERICA AO NIVEL DA ESTACAO, HORARIA(mB)",1095,0,1095,0,365,0,0,2017-01-01T12:00:00Z,2018-01-01T00:00:00Z,,,,,
dados_82897_H_2017-01-01_2025-12-31.csv,82897,TAPACURA,CONVENCIONAL,-8.17,-35.18,102,Horaria,2017,temperatura_ar_c,"TEMPERATURA DO AR - BULBO SECO, HORARIA(°C)",1095,0,1095,0,365,0,0,2017-01-01T12:00:00Z,2018-01-01T00:00:00Z,,,,,
dados_82897_H_2017-01-01_2025-12-31.csv,82897,TAPACURA,CONVENCIONAL,-8.17,-35.18,102,Horaria,2017,umidade_relativa_pct,"UMIDADE RELATIVA DO AR, HORARIA(%)",1095,0,1095,0,365,0,0,2017-01-01T12:00:00Z,2018-01-01T00:00:00Z,,,,,
dados_82897_H_2017-01-01_2025-12-31.csv,82897,TAPACURA,CONVENCIONAL,-8.17,-35.18,102,Horaria,2017,velocidade_vento_ms,"VENTO, VELOCIDADE HORARIA(m/s)",1095,0,1095,0,365,0,0,2017-01-01T12:00:00Z,2018-01-01T00:00:00Z,,,,,
dados_82897_H_2017-01-01_2025-12-31.csv,82897,TAPACURA,CONVENCIONAL,-8.17,-35.18,102,Horaria,2018,direcao_vento_graus,"VENTO, DIRECAO HORARIA(codigo)",1095,0,1095,0,365,0,0,2018-01-01T12:00:00Z,2019-01-01T00:00:00Z,,,,,
dados_82897_H_2017-01-01_2025-12-31.csv,82897,TAPACURA,CONVENCIONAL,-8.17,-35.18,102,Horaria,2018,pressao_estacao_hpa,"PRESSAO ATMOSFERICA AO NIVEL DA ESTACAO, HORARIA(mB)",1095,0,1095,0,365,0,0,2018-01-01T12:00:00Z,2019-01-01T00:00:00Z,,,,,
dados_82897_H_2017-01-01_2025-12-31.csv,82897,TAPACURA,CONVENCIONAL,-8.17,-35.18,102,Horaria,2018,temperatura_ar_c,"TEMPERATURA DO AR - BULBO SECO, HORARIA(°C)",1095,0,1095,0,365,0,0,2018-01-01T12:00:00Z,2019-01-01T00:00:00Z,,,,,
dados_82897_H_2017-01-01_2025-12-31.csv,82897,TAPACURA,CONVENCIONAL,-8.17,-35.18,102,Horaria,2018,umidade_relativa_pct,"UMIDADE RELATIVA DO AR, HORARIA(%)",1095,0,1095,0,365,0,0,2018-01-01T12:00:00Z,2019-01-01T00:00:00Z,,,,,
dados_82897_H_2017-01-01_2025-12-31.csv,82897,TAPACURA,CONVENCIONAL,-8.17,-35.18,102,Horaria,2018,velocidade_vento_ms,"VENTO, VELOCIDADE HORARIA(m/s)",1095,0,1095,0,365,0,0,2018-01-01T12:00:00Z,2019-01-01T00:00:00Z,,,,,
dados_82897_H_2017-01-01_2025-12-31.csv,82897,TAPACURA,CONVENCIONAL,-8.17,-35.18,102,Horaria,2019,direcao_vento_graus,"VENTO, DIRECAO HORARIA(codigo)",1095,0,1095,0,365,0,0,2019-01-01T12:00:00Z,2020-01-01T00:00:00Z,,,,,
dados_82897_H_2017-01-01_2025-12-31.csv,82897,TAPACURA,CONVENCIONAL,-8.17,-35.18,102,Horaria,2019,pressao_estacao_hpa,"PRESSAO ATMOSFERICA AO NIVEL DA ESTACAO, HORARIA(mB)",1095,0,1095,0,365,0,0,2019-01-01T12:00:00Z,2020-01-01T00:00:00Z,,,,,
dados_82897_H_2017-01-01_2025-12-31.csv,82897,TAPACURA,CONVENCIONAL,-8.17,-35.18,102,Horaria,2019,temperatura_ar_c,"TEMPERATURA DO AR - BULBO SECO, HORARIA(°C)",1095,0,1095,0,365,0,0,2019-01-01T12:00:00Z,2020-01-01T00:00:00Z,,,,,
dados_82897_H_2017-01-01_2025-12-31.csv,82897,TAPACURA,CONVENCIONAL,-8.17,-35.18,102,Horaria,2019,umidade_relativa_pct,"UMIDADE RELATIVA DO AR, HORARIA(%)",1095,0,1095,0,365,0,0,2019-01-01T12:00:00Z,2020-01-01T00:00:00Z,,,,,
dados_82897_H_2017-01-01_2025-12-31.csv,82897,TAPACURA,CONVENCIONAL,-8.17,-35.18,102,Horaria,2019,velocidade_vento_ms,"VENTO, VELOCIDADE HORARIA(m/s)",1095,0,1095,0,365,0,0,2019-01-01T12:00:00Z,2020-01-01T00:00:00Z,,,,,
dados_82897_H_2017-01-01_2025-12-31.csv,82897,TAPACURA,CONVENCIONAL,-8.17,-35.18,102,Horaria,2020,direcao_vento_graus,"VENTO, DIRECAO HORARIA(codigo)",1098,0,1098,0,366,0,0,2020-01-01T12:00:00Z,2021-01-01T00:00:00Z,,,,,
dados_82897_H_2017-01-01_2025-12-31.csv,82897,TAPACURA,CONVENCIONAL,-8.17,-35.18,102,Horaria,2020,pressao_estacao_hpa,"PRESSAO ATMOSFERICA AO NIVEL DA ESTACAO, HORARIA(mB)",1098,0,1098,0,366,0,0,2020-01-01T12:00:00Z,2021-01-01T00:00:00Z,,,,,
dados_82897_H_2017-01-01_2025-12-31.csv,82897,TAPACURA,CONVENCIONAL,-8.17,-35.18,102,Horaria,2020,temperatura_ar_c,"TEMPERATURA DO AR - BULBO SECO, HORARIA(°C)",1098,0,1098,0,366,0,0,2020-01-01T12:00:00Z,2021-01-01T00:00:00Z,,,,,
dados_82897_H_2017-01-01_2025-12-31.csv,82897,TAPACURA,CONVENCIONAL,-8.17,-35.18,102,Horaria,2020,umidade_relativa_pct,"UMIDADE RELATIVA DO AR, HORARIA(%)",1098,0,1098,0,366,0,0,2020-01-01T12:00:00Z,2021-01-01T00:00:00Z,,,,,
dados_82897_H_2017-01-01_2025-12-31.csv,82897,TAPACURA,CONVENCIONAL,-8.17,-35.18,102,Horaria,2020,velocidade_vento_ms,"VENTO, VELOCIDADE HORARIA(m/s)",1098,0,1098,0,366,0,0,2020-01-01T12:00:00Z,2021-01-01T00:00:00Z,,,,,
dados_82897_H_2017-01-01_2025-12-31.csv,82897,TAPACURA,CONVENCIONAL,-8.17,-35.18,102,Horaria,2021,direcao_vento_graus,"VENTO, DIRECAO HORARIA(codigo)",1095,1,1094,0.091324200913242,365,1,1,2021-01-01T12:00:00Z,2022-01-01T00:00:00Z,32,32,32,32,32
dados_82897_H_2017-01-01_2025-12-31.csv,82897,TAPACURA,CONVENCIONAL,-8.17,-35.18,102,Horaria,2021,pressao_estacao_hpa,"PRESSAO ATMOSFERICA AO NIVEL DA ESTACAO, HORARIA(mB)",1095,1,1094,0.091324200913242,365,1,1,2021-01-01T12:00:00Z,2022-01-01T00:00:00Z,989.2,989.2,989.2,989.2,989.2
dados_82897_H_2017-01-01_2025-12-31.csv,82897,TAPACURA,CONVENCIONAL,-8.17,-35.18,102,Horaria,2021,temperatura_ar_c,"TEMPERATURA DO AR - BULBO SECO, HORARIA(°C)",1095,1,1094,0.091324200913242,365,1,1,2021-01-01T12:00:00Z,2022-01-01T00:00:00Z,26.4,26.4,26.4,26.4,26.4
dados_82897_H_2017-01-01_2025-12-31.csv,82897,TAPACURA,CONVENCIONAL,-8.17,-35.18,102,Horaria,2021,umidade_relativa_pct,"UMIDADE RELATIVA DO AR, HORARIA(%)",1095,1,1094,0.091324200913242,365,1,1,2021-01-01T12:00:00Z,2022-01-01T00:00:00Z,69,69,69,69,69
dados_82897_H_2017-01-01_2025-12-31.csv,82897,TAPACURA,CONVENCIONAL,-8.17,-35.18,102,Horaria,2021,velocidade_vento_ms,"VENTO, VELOCIDADE HORARIA(m/s)",1095,1,1094,0.091324200913242,365,1,1,2021-01-01T12:00:00Z,2022-01-01T00:00:00Z,2.1,2.1,2.1,2.1,2.1
dados_82897_H_2017-01-01_2025-12-31.csv,82897,TAPACURA,CONVENCIONAL,-8.17,-35.18,102,Horaria,2022,direcao_vento_graus,"VENTO, DIRECAO HORARIA(codigo)",1095,1,1094,0.091324200913242,365,1,1,2022-01-01T12:00:00Z,2023-01-01T00:00:00Z,0,0,0,0,0
dados_82897_H_2017-01-01_2025-12-31.csv,82897,TAPACURA,CONVENCIONAL,-8.17,-35.18,102,Horaria,2022,pressao_estacao_hpa,"PRESSAO ATMOSFERICA AO NIVEL DA ESTACAO, HORARIA(mB)",1095,0,1095,0,365,0,0,2022-01-01T12:00:00Z,2023-01-01T00:00:00Z,,,,,
dados_82897_H_2017-01-01_2025-12-31.csv,82897,TAPACURA,CONVENCIONAL,-8.17,-35.18,102,Horaria,2022,temperatura_ar_c,"TEMPERATURA DO AR - BULBO SECO, HORARIA(°C)",1095,1,1094,0.091324200913242,365,1,1,2022-01-01T12:00:00Z,2023-01-01T00:00:00Z,22.8,22.8,22.8,22.8,22.8
dados_82897_H_2017-01-01_2025-12-31.csv,82897,TAPACURA,CONVENCIONAL,-8.17,-35.18,102,Horaria,2022,umidade_relativa_pct,"UMIDADE RELATIVA DO AR, HORARIA(%)",1095,1,1094,0.091324200913242,365,1,1,2022-01-01T12:00:00Z,2023-01-01T00:00:00Z,94,94,94,94,94
dados_82897_H_2017-01-01_2025-12-31.csv,82897,TAPACURA,CONVENCIONAL,-8.17,-35.18,102,Horaria,2022,velocidade_vento_ms,"VENTO, VELOCIDADE HORARIA(m/s)",1095,1,1094,0.091324200913242,365,1,1,2022-01-01T12:00:00Z,2023-01-01T00:00:00Z,0,0,0,0,0
dados_82897_H_2017-01-01_2025-12-31.csv,82897,TAPACURA,CONVENCIONAL,-8.17,-35.18,102,Horaria,2023,direcao_vento_graus,"VENTO, DIRECAO HORARIA(codigo)",1095,0,1095,0,365,0,0,2023-01-01T12:00:00Z,2024-01-01T00:00:00Z,,,,,
dados_82897_H_2017-01-01_2025-12-31.csv,82897,TAPACURA,CONVENCIONAL,-8.17,-35.18,102,Horaria,2023,pressao_estacao_hpa,"PRESSAO ATMOSFERICA AO NIVEL DA ESTACAO, HORARIA(mB)",1095,0,1095,0,365,0,0,2023-01-01T12:00:00Z,2024-01-01T00:00:00Z,,,,,
dados_82897_H_2017-01-01_2025-12-31.csv,82897,TAPACURA,CONVENCIONAL,-8.17,-35.18,102,Horaria,2023,temperatura_ar_c,"TEMPERATURA DO AR - BULBO SECO, HORARIA(°C)",1095,0,1095,0,365,0,0,2023-01-01T12:00:00Z,2024-01-01T00:00:00Z,,,,,
dados_82897_H_2017-01-01_2025-12-31.csv,82897,TAPACURA,CONVENCIONAL,-8.17,-35.18,102,Horaria,2023,umidade_relativa_pct,"UMIDADE RELATIVA DO AR, HORARIA(%)",1095,0,1095,0,365,0,0,2023-01-01T12:00:00Z,2024-01-01T00:00:00Z,,,,,
dados_82897_H_2017-01-01_2025-12-31.csv,82897,TAPACURA,CONVENCIONAL,-8.17,-35.18,102,Horaria,2023,velocidade_vento_ms,"VENTO, VELOCIDADE HORARIA(m/s)",1095,0,1095,0,365,0,0,2023-01-01T12:00:00Z,2024-01-01T00:00:00Z,,,,,
dados_82897_H_2017-01-01_2025-12-31.csv,82897,TAPACURA,CONVENCIONAL,-8.17,-35.18,102,Horaria,2024,direcao_vento_graus,"VENTO, DIRECAO HORARIA(codigo)",1098,0,1098,0,366,0,0,2024-01-01T12:00:00Z,2025-01-01T00:00:00Z,,,,,
dados_82897_H_2017-01-01_2025-12-31.csv,82897,TAPACURA,CONVENCIONAL,-8.17,-35.18,102,Horaria,2024,pressao_estacao_hpa,"PRESSAO ATMOSFERICA AO NIVEL DA ESTACAO, HORARIA(mB)",1098,0,1098,0,366,0,0,2024-01-01T12:00:00Z,2025-01-01T00:00:00Z,,,,,
dados_82897_H_2017-01-01_2025-12-31.csv,82897,TAPACURA,CONVENCIONAL,-8.17,-35.18,102,Horaria,2024,temperatura_ar_c,"TEMPERATURA DO AR - BULBO SECO, HORARIA(°C)",1098,0,1098,0,366,0,0,2024-01-01T12:00:00Z,2025-01-01T00:00:00Z,,,,,
dados_82897_H_2017-01-01_2025-12-31.csv,82897,TAPACURA,CONVENCIONAL,-8.17,-35.18,102,Horaria,2024,umidade_relativa_pct,"UMIDADE RELATIVA DO AR, HORARIA(%)",1098,0,1098,0,366,0,0,2024-01-01T12:00:00Z,2025-01-01T00:00:00Z,,,,,
dados_82897_H_2017-01-01_2025-12-31.csv,82897,TAPACURA,CONVENCIONAL,-8.17,-35.18,102,Horaria,2024,velocidade_vento_ms,"VENTO, VELOCIDADE HORARIA(m/s)",1098,0,1098,0,366,0,0,2024-01-01T12:00:00Z,2025-01-01T00:00:00Z,,,,,
dados_82897_H_2017-01-01_2025-12-31.csv,82897,TAPACURA,CONVENCIONAL,-8.17,-35.18,102,Horaria,2025,direcao_vento_graus,"VENTO, DIRECAO HORARIA(codigo)",1094,0,1094,0,365,0,0,2025-01-01T12:00:00Z,2025-12-31T18:00:00Z,,,,,
dados_82897_H_2017-01-01_2025-12-31.csv,82897,TAPACURA,CONVENCIONAL,-8.17,-35.18,102,Horaria,2025,pressao_estacao_hpa,"PRESSAO ATMOSFERICA AO NIVEL DA ESTACAO, HORARIA(mB)",1094,0,1094,0,365,0,0,2025-01-01T12:00:00Z,2025-12-31T18:00:00Z,,,,,
dados_82897_H_2017-01-01_2025-12-31.csv,82897,TAPACURA,CONVENCIONAL,-8.17,-35.18,102,Horaria,2025,temperatura_ar_c,"TEMPERATURA DO AR - BULBO SECO, HORARIA(°C)",1094,0,1094,0,365,0,0,2025-01-01T12:00:00Z,2025-12-31T18:00:00Z,,,,,
dados_82897_H_2017-01-01_2025-12-31.csv,82897,TAPACURA,CONVENCIONAL,-8.17,-35.18,102,Horaria,2025,umidade_relativa_pct,"UMIDADE RELATIVA DO AR, HORARIA(%)",1094,0,1094,0,365,0,0,2025-01-01T12:00:00Z,2025-12-31T18:00:00Z,,,,,
dados_82897_H_2017-01-01_2025-12-31.csv,82897,TAPACURA,CONVENCIONAL,-8.17,-35.18,102,Horaria,2025,velocidade_vento_ms,"VENTO, VELOCIDADE HORARIA(m/s)",1094,0,1094,0,365,0,0,2025-01-01T12:00:00Z,2025-12-31T18:00:00Z,,,,,
dados_82898_H_2017-01-01_2025-12-31.csv,82898,OLINDA,CONVENCIONAL,-8.02,-34.85,55,Horaria,2017,direcao_vento_graus,"VENTO, DIRECAO HORARIA(codigo)",1095,0,1095,0,365,0,0,2017-01-01T12:00:00Z,2018-01-01T00:00:00Z,,,,,
dados_82898_H_2017-01-01_2025-12-31.csv,82898,OLINDA,CONVENCIONAL,-8.02,-34.85,55,Horaria,2017,pressao_estacao_hpa,"PRESSAO ATMOSFERICA AO NIVEL DA ESTACAO, HORARIA(mB)",1095,0,1095,0,365,0,0,2017-01-01T12:00:00Z,2018-01-01T00:00:00Z,,,,,
dados_82898_H_2017-01-01_2025-12-31.csv,82898,OLINDA,CONVENCIONAL,-8.02,-34.85,55,Horaria,2017,temperatura_ar_c,"TEMPERATURA DO AR - BULBO SECO, HORARIA(°C)",1095,0,1095,0,365,0,0,2017-01-01T12:00:00Z,2018-01-01T00:00:00Z,,,,,
dados_82898_H_2017-01-01_2025-12-31.csv,82898,OLINDA,CONVENCIONAL,-8.02,-34.85,55,Horaria,2017,umidade_relativa_pct,"UMIDADE RELATIVA DO AR, HORARIA(%)",1095,0,1095,0,365,0,0,2017-01-01T12:00:00Z,2018-01-01T00:00:00Z,,,,,
dados_82898_H_2017-01-01_2025-12-31.csv,82898,OLINDA,CONVENCIONAL,-8.02,-34.85,55,Horaria,2017,velocidade_vento_ms,"VENTO, VELOCIDADE HORARIA(m/s)",1095,0,1095,0,365,0,0,2017-01-01T12:00:00Z,2018-01-01T00:00:00Z,,,,,
dados_82898_H_2017-01-01_2025-12-31.csv,82898,OLINDA,CONVENCIONAL,-8.02,-34.85,55,Horaria,2018,direcao_vento_graus,"VENTO, DIRECAO HORARIA(codigo)",1095,0,1095,0,365,0,0,2018-01-01T12:00:00Z,2019-01-01T00:00:00Z,,,,,
dados_82898_H_2017-01-01_2025-12-31.csv,82898,OLINDA,CONVENCIONAL,-8.02,-34.85,55,Horaria,2018,pressao_estacao_hpa,"PRESSAO ATMOSFERICA AO NIVEL DA ESTACAO, HORARIA(mB)",1095,0,1095,0,365,0,0,2018-01-01T12:00:00Z,2019-01-01T00:00:00Z,,,,,
dados_82898_H_2017-01-01_2025-12-31.csv,82898,OLINDA,CONVENCIONAL,-8.02,-34.85,55,Horaria,2018,temperatura_ar_c,"TEMPERATURA DO AR - BULBO SECO, HORARIA(°C)",1095,0,1095,0,365,0,0,2018-01-01T12:00:00Z,2019-01-01T00:00:00Z,,,,,
dados_82898_H_2017-01-01_2025-12-31.csv,82898,OLINDA,CONVENCIONAL,-8.02,-34.85,55,Horaria,2018,umidade_relativa_pct,"UMIDADE RELATIVA DO AR, HORARIA(%)",1095,0,1095,0,365,0,0,2018-01-01T12:00:00Z,2019-01-01T00:00:00Z,,,,,
dados_82898_H_2017-01-01_2025-12-31.csv,82898,OLINDA,CONVENCIONAL,-8.02,-34.85,55,Horaria,2018,velocidade_vento_ms,"VENTO, VELOCIDADE HORARIA(m/s)",1095,0,1095,0,365,0,0,2018-01-01T12:00:00Z,2019-01-01T00:00:00Z,,,,,
dados_82898_H_2017-01-01_2025-12-31.csv,82898,OLINDA,CONVENCIONAL,-8.02,-34.85,55,Horaria,2019,direcao_vento_graus,"VENTO, DIRECAO HORARIA(codigo)",1095,0,1095,0,365,0,0,2019-01-01T12:00:00Z,2020-01-01T00:00:00Z,,,,,
dados_82898_H_2017-01-01_2025-12-31.csv,82898,OLINDA,CONVENCIONAL,-8.02,-34.85,55,Horaria,2019,pressao_estacao_hpa,"PRESSAO ATMOSFERICA AO NIVEL DA ESTACAO, HORARIA(mB)",1095,0,1095,0,365,0,0,2019-01-01T12:00:00Z,2020-01-01T00:00:00Z,,,,,
dados_82898_H_2017-01-01_2025-12-31.csv,82898,OLINDA,CONVENCIONAL,-8.02,-34.85,55,Horaria,2019,temperatura_ar_c,"TEMPERATURA DO AR - BULBO SECO, HORARIA(°C)",1095,0,1095,0,365,0,0,2019-01-01T12:00:00Z,2020-01-01T00:00:00Z,,,,,
dados_82898_H_2017-01-01_2025-12-31.csv,82898,OLINDA,CONVENCIONAL,-8.02,-34.85,55,Horaria,2019,umidade_relativa_pct,"UMIDADE RELATIVA DO AR, HORARIA(%)",1095,0,1095,0,365,0,0,2019-01-01T12:00:00Z,2020-01-01T00:00:00Z,,,,,
dados_82898_H_2017-01-01_2025-12-31.csv,82898,OLINDA,CONVENCIONAL,-8.02,-34.85,55,Horaria,2019,velocidade_vento_ms,"VENTO, VELOCIDADE HORARIA(m/s)",1095,0,1095,0,365,0,0,2019-01-01T12:00:00Z,2020-01-01T00:00:00Z,,,,,
dados_82898_H_2017-01-01_2025-12-31.csv,82898,OLINDA,CONVENCIONAL,-8.02,-34.85,55,Horaria,2020,direcao_vento_graus,"VENTO, DIRECAO HORARIA(codigo)",1098,0,1098,0,366,0,0,2020-01-01T12:00:00Z,2021-01-01T00:00:00Z,,,,,
dados_82898_H_2017-01-01_2025-12-31.csv,82898,OLINDA,CONVENCIONAL,-8.02,-34.85,55,Horaria,2020,pressao_estacao_hpa,"PRESSAO ATMOSFERICA AO NIVEL DA ESTACAO, HORARIA(mB)",1098,0,1098,0,366,0,0,2020-01-01T12:00:00Z,2021-01-01T00:00:00Z,,,,,
dados_82898_H_2017-01-01_2025-12-31.csv,82898,OLINDA,CONVENCIONAL,-8.02,-34.85,55,Horaria,2020,temperatura_ar_c,"TEMPERATURA DO AR - BULBO SECO, HORARIA(°C)",1098,0,1098,0,366,0,0,2020-01-01T12:00:00Z,2021-01-01T00:00:00Z,,,,,
dados_82898_H_2017-01-01_2025-12-31.csv,82898,OLINDA,CONVENCIONAL,-8.02,-34.85,55,Horaria,2020,umidade_relativa_pct,"UMIDADE RELATIVA DO AR, HORARIA(%)",1098,0,1098,0,366,0,0,2020-01-01T12:00:00Z,2021-01-01T00:00:00Z,,,,,
dados_82898_H_2017-01-01_2025-12-31.csv,82898,OLINDA,CONVENCIONAL,-8.02,-34.85,55,Horaria,2020,velocidade_vento_ms,"VENTO, VELOCIDADE HORARIA(m/s)",1098,0,1098,0,366,0,0,2020-01-01T12:00:00Z,2021-01-01T00:00:00Z,,,,,
dados_82898_H_2017-01-01_2025-12-31.csv,82898,OLINDA,CONVENCIONAL,-8.02,-34.85,55,Horaria,2021,direcao_vento_graus,"VENTO, DIRECAO HORARIA(codigo)",1095,1,1094,0.091324200913242,365,1,1,2021-01-01T12:00:00Z,2022-01-01T00:00:00Z,5,5,5,5,5
dados_82898_H_2017-01-01_2025-12-31.csv,82898,OLINDA,CONVENCIONAL,-8.02,-34.85,55,Horaria,2021,pressao_estacao_hpa,"PRESSAO ATMOSFERICA AO NIVEL DA ESTACAO, HORARIA(mB)",1095,0,1095,0,365,0,0,2021-01-01T12:00:00Z,2022-01-01T00:00:00Z,,,,,
dados_82898_H_2017-01-01_2025-12-31.csv,82898,OLINDA,CONVENCIONAL,-8.02,-34.85,55,Horaria,2021,temperatura_ar_c,"TEMPERATURA DO AR - BULBO SECO, HORARIA(°C)",1095,1,1094,0.091324200913242,365,1,1,2021-01-01T12:00:00Z,2022-01-01T00:00:00Z,24.5,24.5,24.5,24.5,24.5
dados_82898_H_2017-01-01_2025-12-31.csv,82898,OLINDA,CONVENCIONAL,-8.02,-34.85,55,Horaria,2021,umidade_relativa_pct,"UMIDADE RELATIVA DO AR, HORARIA(%)",1095,1,1094,0.091324200913242,365,1,1,2021-01-01T12:00:00Z,2022-01-01T00:00:00Z,71,71,71,71,71
dados_82898_H_2017-01-01_2025-12-31.csv,82898,OLINDA,CONVENCIONAL,-8.02,-34.85,55,Horaria,2021,velocidade_vento_ms,"VENTO, VELOCIDADE HORARIA(m/s)",1095,1,1094,0.091324200913242,365,1,1,2021-01-01T12:00:00Z,2022-01-01T00:00:00Z,3.1,3.1,3.1,3.1,3.1
dados_82898_H_2017-01-01_2025-12-31.csv,82898,OLINDA,CONVENCIONAL,-8.02,-34.85,55,Horaria,2022,direcao_vento_graus,"VENTO, DIRECAO HORARIA(codigo)",1095,0,1095,0,365,0,0,2022-01-01T12:00:00Z,2023-01-01T00:00:00Z,,,,,
dados_82898_H_2017-01-01_2025-12-31.csv,82898,OLINDA,CONVENCIONAL,-8.02,-34.85,55,Horaria,2022,pressao_estacao_hpa,"PRESSAO ATMOSFERICA AO NIVEL DA ESTACAO, HORARIA(mB)",1095,0,1095,0,365,0,0,2022-01-01T12:00:00Z,2023-01-01T00:00:00Z,,,,,
dados_82898_H_2017-01-01_2025-12-31.csv,82898,OLINDA,CONVENCIONAL,-8.02,-34.85,55,Horaria,2022,temperatura_ar_c,"TEMPERATURA DO AR - BULBO SECO, HORARIA(°C)",1095,0,1095,0,365,0,0,2022-01-01T12:00:00Z,2023-01-01T00:00:00Z,,,,,
dados_82898_H_2017-01-01_2025-12-31.csv,82898,OLINDA,CONVENCIONAL,-8.02,-34.85,55,Horaria,2022,umidade_relativa_pct,"UMIDADE RELATIVA DO AR, HORARIA(%)",1095,0,1095,0,365,0,0,2022-01-01T12:00:00Z,2023-01-01T00:00:00Z,,,,,
dados_82898_H_2017-01-01_2025-12-31.csv,82898,OLINDA,CONVENCIONAL,-8.02,-34.85,55,Horaria,2022,velocidade_vento_ms,"VENTO, VELOCIDADE HORARIA(m/s)",1095,0,1095,0,365,0,0,2022-01-01T12:00:00Z,2023-01-01T00:00:00Z,,,,,
dados_82898_H_2017-01-01_2025-12-31.csv,82898,OLINDA,CONVENCIONAL,-8.02,-34.85,55,Horaria,2023,direcao_vento_graus,"VENTO, DIRECAO HORARIA(codigo)",1095,0,1095,0,365,0,0,2023-01-01T12:00:00Z,2024-01-01T00:00:00Z,,,,,
dados_82898_H_2017-01-01_2025-12-31.csv,82898,OLINDA,CONVENCIONAL,-8.02,-34.85,55,Horaria,2023,pressao_estacao_hpa,"PRESSAO ATMOSFERICA AO NIVEL DA ESTACAO, HORARIA(mB)",1095,0,1095,0,365,0,0,2023-01-01T12:00:00Z,2024-01-01T00:00:00Z,,,,,
dados_82898_H_2017-01-01_2025-12-31.csv,82898,OLINDA,CONVENCIONAL,-8.02,-34.85,55,Horaria,2023,temperatura_ar_c,"TEMPERATURA DO AR - BULBO SECO, HORARIA(°C)",1095,0,1095,0,365,0,0,2023-01-01T12:00:00Z,2024-01-01T00:00:00Z,,,,,
dados_82898_H_2017-01-01_2025-12-31.csv,82898,OLINDA,CONVENCIONAL,-8.02,-34.85,55,Horaria,2023,umidade_relativa_pct,"UMIDADE RELATIVA DO AR, HORARIA(%)",1095,0,1095,0,365,0,0,2023-01-01T12:00:00Z,2024-01-01T00:00:00Z,,,,,
dados_82898_H_2017-01-01_2025-12-31.csv,82898,OLINDA,CONVENCIONAL,-8.02,-34.85,55,Horaria,2023,velocidade_vento_ms,"VENTO, VELOCIDADE HORARIA(m/s)",1095,0,1095,0,365,0,0,2023-01-01T12:00:00Z,2024-01-01T00:00:00Z,,,,,
dados_82898_H_2017-01-01_2025-12-31.csv,82898,OLINDA,CONVENCIONAL,-8.02,-34.85,55,Horaria,2024,direcao_vento_graus,"VENTO, DIRECAO HORARIA(codigo)",1098,0,1098,0,366,0,0,2024-01-01T12:00:00Z,2025-01-01T00:00:00Z,,,,,
dados_82898_H_2017-01-01_2025-12-31.csv,82898,OLINDA,CONVENCIONAL,-8.02,-34.85,55,Horaria,2024,pressao_estacao_hpa,"PRESSAO ATMOSFERICA AO NIVEL DA ESTACAO, HORARIA(mB)",1098,0,1098,0,366,0,0,2024-01-01T12:00:00Z,2025-01-01T00:00:00Z,,,,,
dados_82898_H_2017-01-01_2025-12-31.csv,82898,OLINDA,CONVENCIONAL,-8.02,-34.85,55,Horaria,2024,temperatura_ar_c,"TEMPERATURA DO AR - BULBO SECO, HORARIA(°C)",1098,0,1098,0,366,0,0,2024-01-01T12:00:00Z,2025-01-01T00:00:00Z,,,,,
dados_82898_H_2017-01-01_2025-12-31.csv,82898,OLINDA,CONVENCIONAL,-8.02,-34.85,55,Horaria,2024,umidade_relativa_pct,"UMIDADE RELATIVA DO AR, HORARIA(%)",1098,0,1098,0,366,0,0,2024-01-01T12:00:00Z,2025-01-01T00:00:00Z,,,,,
dados_82898_H_2017-01-01_2025-12-31.csv,82898,OLINDA,CONVENCIONAL,-8.02,-34.85,55,Horaria,2024,velocidade_vento_ms,"VENTO, VELOCIDADE HORARIA(m/s)",1098,0,1098,0,366,0,0,2024-01-01T12:00:00Z,2025-01-01T00:00:00Z,,,,,
dados_82898_H_2017-01-01_2025-12-31.csv,82898,OLINDA,CONVENCIONAL,-8.02,-34.85,55,Horaria,2025,direcao_vento_graus,"VENTO, DIRECAO HORARIA(codigo)",1094,0,1094,0,365,0,0,2025-01-01T12:00:00Z,2025-12-31T18:00:00Z,,,,,
dados_82898_H_2017-01-01_2025-12-31.csv,82898,OLINDA,CONVENCIONAL,-8.02,-34.85,55,Horaria,2025,pressao_estacao_hpa,"PRESSAO ATMOSFERICA AO NIVEL DA ESTACAO, HORARIA(mB)",1094,0,1094,0,365,0,0,2025-01-01T12:00:00Z,2025-12-31T18:00:00Z,,,,,
dados_82898_H_2017-01-01_2025-12-31.csv,82898,OLINDA,CONVENCIONAL,-8.02,-34.85,55,Horaria,2025,temperatura_ar_c,"TEMPERATURA DO AR - BULBO SECO, HORARIA(°C)",1094,0,1094,0,365,0,0,2025-01-01T12:00:00Z,2025-12-31T18:00:00Z,,,,,
dados_82898_H_2017-01-01_2025-12-31.csv,82898,OLINDA,CONVENCIONAL,-8.02,-34.85,55,Horaria,2025,umidade_relativa_pct,"UMIDADE RELATIVA DO AR, HORARIA(%)",1094,0,1094,0,365,0,0,2025-01-01T12:00:00Z,2025-12-31T18:00:00Z,,,,,
dados_82898_H_2017-01-01_2025-12-31.csv,82898,OLINDA,CONVENCIONAL,-8.02,-34.85,55,Horaria,2025,velocidade_vento_ms,"VENTO, VELOCIDADE HORARIA(m/s)",1094,0,1094,0,365,0,0,2025-01-01T12:00:00Z,2025-12-31T18:00:00Z,,,,,
dados_82900_H_2017-01-01_2020-08-31.csv,82900,RECIFE (CURADO),CONVENCIONAL,-8.05916666,-34.95916666,11.3,Horaria,2017,direcao_vento_graus,"VENTO, DIRECAO HORARIA(codigo)",1095,893,202,81.5525114155251,365,299,10,2017-01-01T12:00:00Z,2018-01-01T00:00:00Z,0,0,14,23.3200000000002,36
dados_82900_H_2017-01-01_2020-08-31.csv,82900,RECIFE (CURADO),CONVENCIONAL,-8.05916666,-34.95916666,11.3,Horaria,2017,pressao_estacao_hpa,"PRESSAO ATMOSFERICA AO NIVEL DA ESTACAO, HORARIA(mB)",1095,1090,5,99.5433789954338,365,365,12,2017-01-01T12:00:00Z,2018-01-01T00:00:00Z,1007.1,1008.5,1013.3,1018.8,1020.1
dados_82900_H_2017-01-01_2020-08-31.csv,82900,RECIFE (CURADO),CONVENCIONAL,-8.05916666,-34.95916666,11.3,Horaria,2017,temperatura_ar_c,"TEMPERATURA DO AR - BULBO SECO, HORARIA(°C)",1095,1090,5,99.5433789954338,365,365,12,2017-01-01T12:00:00Z,2018-01-01T00:00:00Z,21.6,22.378,27.2,31.311,32.5
dados_82900_H_2017-01-01_2020-08-31.csv,82900,RECIFE (CURADO),CONVENCIONAL,-8.05916666,-34.95916666,11.3,Horaria,2017,umidade_relativa_pct,"UMIDADE RELATIVA DO AR, HORARIA(%)",1095,1090,5,99.5433789954338,365,365,12,2017-01-01T12:00:00Z,2018-01-01T00:00:00Z,48,54,75,97,99
dados_82900_H_2017-01-01_2020-08-31.csv,82900,RECIFE (CURADO),CONVENCIONAL,-8.05916666,-34.95916666,11.3,Horaria,2017,velocidade_vento_ms,"VENTO, VELOCIDADE HORARIA(m/s)",1095,893,202,81.5525114155251,365,299,10,2017-01-01T12:00:00Z,2018-01-01T00:00:00Z,0,0,1.8,4.51600000000001,6.8
dados_82900_H_2017-01-01_2020-08-31.csv,82900,RECIFE (CURADO),CONVENCIONAL,-8.05916666,-34.95916666,11.3,Horaria,2018,direcao_vento_graus,"VENTO, DIRECAO HORARIA(codigo)",1095,1089,6,99.4520547945206,365,365,12,2018-01-01T12:00:00Z,2019-01-01T00:00:00Z,0,0,14,27.5999999999995,36
dados_82900_H_2017-01-01_2020-08-31.csv,82900,RECIFE (CURADO),CONVENCIONAL,-8.05916666,-34.95916666,11.3,Horaria,2018,pressao_estacao_hpa,"PRESSAO ATMOSFERICA AO NIVEL DA ESTACAO, HORARIA(mB)",1095,1089,6,99.4520547945206,365,365,12,2018-01-01T12:00:00Z,2019-01-01T00:00:00Z,1006.6,1008.1,1013.4,1018.712,1019.7
dados_82900_H_2017-01-01_2020-08-31.csv,82900,RECIFE (CURADO),CONVENCIONAL,-8.05916666,-34.95916666,11.3,Horaria,2018,temperatura_ar_c,"TEMPERATURA DO AR - BULBO SECO, HORARIA(°C)",1095,1089,6,99.4520547945206,365,365,12,2018-01-01T12:00:00Z,2019-01-01T00:00:00Z,20,22,27.1,31.412,32.3
dados_82900_H_2017-01-01_2020-08-31.csv,82900,RECIFE (CURADO),CONVENCIONAL,-8.05916666,-34.95916666,11.3,Horaria,2018,umidade_relativa_pct,"UMIDADE RELATIVA DO AR, HORARIA(%)",1095,1089,6,99.4520547945206,365,365,12,2018-01-01T12:00:00Z,2019-01-01T00:00:00Z,48,55,76,97,99
dados_82900_H_2017-01-01_2020-08-31.csv,82900,RECIFE (CURADO),CONVENCIONAL,-8.05916666,-34.95916666,11.3,Horaria,2018,velocidade_vento_ms,"VENTO, VELOCIDADE HORARIA(m/s)",1095,1089,6,99.4520547945206,365,365,12,2018-01-01T12:00:00Z,2019-01-01T00:00:00Z,0,0,1.7,4.2,5
dados_82900_H_2017-01-01_2020-08-31.csv,82900,RECIFE (CURADO),CONVENCIONAL,-8.05916666,-34.95916666,11.3,Horaria,2019,direcao_vento_graus,"VENTO, DIRECAO HORARIA(codigo)",1095,1091,4,99.634703196347,365,365,12,2019-01-01T12:00:00Z,2020-01-01T00:00:00Z,0,0,14,32.3999999999996,36
dados_82900_H_2017-01-01_2020-08-31.csv,82900,RECIFE (CURADO),CONVENCIONAL,-8.05916666,-34.95916666,11.3,Horaria,2019,pressao_estacao_hpa,"PRESSAO ATMOSFERICA AO NIVEL DA ESTACAO, HORARIA(mB)",1095,1093,2,99.8173515981735,365,365,12,2019-01-01T12:00:00Z,2020-01-01T00:00:00Z,1006.1,1008.3,1013.2,1019.2,1020.2
dados_82900_H_2017-01-01_2020-08-31.csv,82900,RECIFE (CURADO),CONVENCIONAL,-8.05916666,-34.95916666,11.3,Horaria,2019,temperatura_ar_c,"TEMPERATURA DO AR - BULBO SECO, HORARIA(°C)",1095,1093,2,99.8173515981735,365,365,12,2019-01-01T12:00:00Z,2020-01-01T00:00:00Z,21.1,22.492,27.4,31.6,33.9
dados_82900_H_2017-01-01_2020-08-31.csv,82900,RECIFE (CURADO),CONVENCIONAL,-8.05916666,-34.95916666,11.3,Horaria,2019,umidade_relativa_pct,"UMIDADE RELATIVA DO AR, HORARIA(%)",1095,1093,2,99.8173515981735,365,365,12,2019-01-01T12:00:00Z,2020-01-01T00:00:00Z,50,54,79,98,99
dados_82900_H_2017-01-01_2020-08-31.csv,82900,RECIFE (CURADO),CONVENCIONAL,-8.05916666,-34.95916666,11.3,Horaria,2019,velocidade_vento_ms,"VENTO, VELOCIDADE HORARIA(m/s)",1095,1091,4,99.634703196347,365,365,12,2019-01-01T12:00:00Z,2020-01-01T00:00:00Z,0,0,1.7,3.50999999999999,4.3
dados_82900_H_2017-01-01_2020-08-31.csv,82900,RECIFE (CURADO),CONVENCIONAL,-8.05916666,-34.95916666,11.3,Horaria,2020,direcao_vento_graus,"VENTO, DIRECAO HORARIA(codigo)",731,686,45,93.844049247606,244,242,8,2020-01-01T12:00:00Z,2020-08-31T18:00:00Z,0,0,9,18,36
dados_82900_H_2017-01-01_2020-08-31.csv,82900,RECIFE (CURADO),CONVENCIONAL,-8.05916666,-34.95916666,11.3,Horaria,2020,pressao_estacao_hpa,"PRESSAO ATMOSFERICA AO NIVEL DA ESTACAO, HORARIA(mB)",731,686,45,93.844049247606,244,242,8,2020-01-01T12:00:00Z,2020-08-31T18:00:00Z,1007.8,1008.3,1012.8,1018.03,1020.8
dados_82900_H_2017-01-01_2020-08-31.csv,82900,RECIFE (CURADO),CONVENCIONAL,-8.05916666,-34.95916666,11.3,Horaria,2020,temperatura_ar_c,"TEMPERATURA DO AR - BULBO SECO, HORARIA(°C)",731,686,45,93.844049247606,244,242,8,2020-01-01T12:00:00Z,2020-08-31T18:00:00Z,22.4,23,27.8,32.315,33
dados_82900_H_2017-01-01_2020-08-31.csv,82900,RECIFE (CURADO),CONVENCIONAL,-8.05916666,-34.95916666,11.3,Horaria,2020,umidade_relativa_pct,"UMIDADE RELATIVA DO AR, HORARIA(%)",731,686,45,93.844049247606,244,242,8,2020-01-01T12:00:00Z,2020-08-31T18:00:00Z,49,55.85,77,97,100
dados_82900_H_2017-01-01_2020-08-31.csv,82900,RECIFE (CURADO),CONVENCIONAL,-8.05916666,-34.95916666,11.3,Horaria,2020,velocidade_vento_ms,"VENTO, VELOCIDADE HORARIA(m/s)",731,686,45,93.844049247606,244,242,8,2020-01-01T12:00:00Z,2020-08-31T18:00:00Z,0,0,1,3.3,5
dados_82983_H_2017-01-01_2025-12-31.csv,82983,PETROLINA,CONVENCIONAL,-9.3886111,-40.52333332,372.54,Horaria,2017,direcao_vento_graus,"VENTO, DIRECAO HORARIA(codigo)",1095,1033,62,94.337899543379,365,365,12,2017-01-01T12:00:00Z,2018-01-01T00:00:00Z,0,5,14,27,36
dados_82983_H_2017-01-01_2025-12-31.csv,82983,PETROLINA,CONVENCIONAL,-9.3886111,-40.52333332,372.54,Horaria,2017,pressao_estacao_hpa,"PRESSAO ATMOSFERICA AO NIVEL DA ESTACAO, HORARIA(mB)",1095,1033,62,94.337899543379,365,365,12,2017-01-01T12:00:00Z,2018-01-01T00:00:00Z,962.9,964.9,971.2,978.168,979.6
dados_82983_H_2017-01-01_2025-12-31.csv,82983,PETROLINA,CONVENCIONAL,-9.3886111,-40.52333332,372.54,Horaria,2017,temperatura_ar_c,"TEMPERATURA DO AR - BULBO SECO, HORARIA(°C)",1095,1033,62,94.337899543379,365,365,12,2017-01-01T12:00:00Z,2018-01-01T00:00:00Z,20.2,21.8,28.2,35.6,38.4
dados_82983_H_2017-01-01_2025-12-31.csv,82983,PETROLINA,CONVENCIONAL,-9.3886111,-40.52333332,372.54,Horaria,2017,umidade_relativa_pct,"UMIDADE RELATIVA DO AR, HORARIA(%)",1095,1033,62,94.337899543379,365,365,12,2017-01-01T12:00:00Z,2018-01-01T00:00:00Z,27,34,59,85.68,95
dados_82983_H_2017-01-01_2025-12-31.csv,82983,PETROLINA,CONVENCIONAL,-9.3886111,-40.52333332,372.54,Horaria,2017,velocidade_vento_ms,"VENTO, VELOCIDADE HORARIA(m/s)",1095,1033,62,94.337899543379,365,365,12,2017-01-01T12:00:00Z,2018-01-01T00:00:00Z,0,0.8,3.3,5,6
dados_82983_H_2017-01-01_2025-12-31.csv,82983,PETROLINA,CONVENCIONAL,-9.3886111,-40.52333332,372.54,Horaria,2018,direcao_vento_graus,"VENTO, DIRECAO HORARIA(codigo)",1095,1032,63,94.2465753424658,365,365,12,2018-01-01T12:00:00Z,2019-01-01T00:00:00Z,0,0,14,32,36
dados_82983_H_2017-01-01_2025-12-31.csv,82983,PETROLINA,CONVENCIONAL,-9.3886111,-40.52333332,372.54,Horaria,2018,pressao_estacao_hpa,"PRESSAO ATMOSFERICA AO NIVEL DA ESTACAO, HORARIA(mB)",1095,1032,63,94.2465753424658,365,365,12,2018-01-01T12:00:00Z,2019-01-01T00:00:00Z,961.3,964.631,971,977.9,978.7
dados_82983_H_2017-01-01_2025-12-31.csv,82983,PETROLINA,CONVENCIONAL,-9.3886111,-40.52333332,372.54,Horaria,2018,temperatura_ar_c,"TEMPERATURA DO AR - BULBO SECO, HORARIA(°C)",1095,1032,63,94.2465753424658,365,365,12,2018-01-01T12:00:00Z,2019-01-01T00:00:00Z,21.6,22.4,28,35.538,37.6
dados_82983_H_2017-01-01_2025-12-31.csv,82983,PETROLINA,CONVENCIONAL,-9.3886111,-40.52333332,372.54,Horaria,2018,umidade_relativa_pct,"UMIDADE RELATIVA DO AR, HORARIA(%)",1095,1031,64,94.1552511415525,365,365,12,2018-01-01T12:00:00Z,2019-01-01T00:00:00Z,30,33,59,90,95
dados_82983_H_2017-01-01_2025-12-31.csv,82983,PETROLINA,CONVENCIONAL,-9.3886111,-40.52333332,372.54,Horaria,2018,velocidade_vento_ms,"VENTO, VELOCIDADE HORARIA(m/s)",1095,1032,63,94.2465753424658,365,365,12,2018-01-01T12:00:00Z,2019-01-01T00:00:00Z,0,0,3.3,5,6.7
dados_82983_H_2017-01-01_2025-12-31.csv,82983,PETROLINA,CONVENCIONAL,-9.3886111,-40.52333332,372.54,Horaria,2019,direcao_vento_graus,"VENTO, DIRECAO HORARIA(codigo)",1095,1026,69,93.6986301369863,365,362,12,2019-01-01T12:00:00Z,2020-01-01T00:00:00Z,0,0,14,36,36
dados_82983_H_2017-01-01_2025-12-31.csv,82983,PETROLINA,CONVENCIONAL,-9.3886111,-40.52333332,372.54,Horaria,2019,pressao_estacao_hpa,"PRESSAO ATMOSFERICA AO NIVEL DA ESTACAO, HORARIA(mB)",1095,1026,69,93.6986301369863,365,362,12,2019-01-01T12:00:00Z,2020-01-01T00:00:00Z,962.3,964.6,970.9,978.3,979.3
dados_82983_H_2017-01-01_2025-12-31.csv,82983,PETROLINA,CONVENCIONAL,-9.3886111,-40.52333332,372.54,Horaria,2019,temperatura_ar_c,"TEMPERATURA DO AR - BULBO SECO, HORARIA(°C)",1095,1026,69,93.6986301369863,365,362,12,2019-01-01T12:00:00Z,2020-01-01T00:00:00Z,21.2,22.45,28.8,36.6,39.2
dados_82983_H_2017-01-01_2025-12-31.csv,82983,PETROLINA,CONVENCIONAL,-9.3886111,-40.52333332,372.54,Horaria,2019,umidade_relativa_pct,"UMIDADE RELATIVA DO AR, HORARIA(%)",1095,1026,69,93.6986301369863,365,362,12,2019-01-01T12:00:00Z,2020-01-01T00:00:00Z,25,30,58,90.75,95
dados_82983_H_2017-01-01_2025-12-31.csv,82983,PETROLINA,CONVENCIONAL,-9.3886111,-40.52333332,372.54,Horaria,2019,velocidade_vento_ms,"VENTO, VELOCIDADE HORARIA(m/s)",1095,1026,69,93.6986301369863,365,362,12,2019-01-01T12:00:00Z,2020-01-01T00:00:00Z,0,0,3.3,5,5.7
dados_82983_H_2017-01-01_2025-12-31.csv,82983,PETROLINA,CONVENCIONAL,-9.3886111,-40.52333332,372.54,Horaria,2020,direcao_vento_graus,"VENTO, DIRECAO HORARIA(codigo)",1098,1059,39,96.448087431694,366,362,12,2020-01-01T12:00:00Z,2021-01-01T00:00:00Z,0,0,14,36,36
dados_82983_H_2017-01-01_2025-12-31.csv,82983,PETROLINA,CONVENCIONAL,-9.3886111,-40.52333332,372.54,Horaria,2020,pressao_estacao_hpa,"PRESSAO ATMOSFERICA AO NIVEL DA ESTACAO, HORARIA(mB)",1098,1059,39,96.448087431694,366,362,12,2020-01-01T12:00:00Z,2021-01-01T00:00:00Z,963.2,965.358,971.1,977.268,981
dados_82983_H_2017-01-01_2025-12-31.csv,82983,PETROLINA,CONVENCIONAL,-9.3886111,-40.52333332,372.54,Horaria,2020,temperatura_ar_c,"TEMPERATURA DO AR - BULBO SECO, HORARIA(°C)",1098,1059,39,96.448087431694,366,362,12,2020-01-01T12:00:00Z,2021-01-01T00:00:00Z,19.4,21.6,27.6,35.6,36.7
dados_82983_H_2017-01-01_2025-12-31.csv,82983,PETROLINA,CONVENCIONAL,-9.3886111,-40.52333332,372.54,Horaria,2020,umidade_relativa_pct,"UMIDADE RELATIVA DO AR, HORARIA(%)",1098,1059,39,96.448087431694,366,362,12,2020-01-01T12:00:00Z,2021-01-01T00:00:00Z,24,32,66,93,98
dados_82983_H_2017-01-01_2025-12-31.csv,82983,PETROLINA,CONVENCIONAL,-9.3886111,-40.52333332,372.54,Horaria,2020,velocidade_vento_ms,"VENTO, VELOCIDADE HORARIA(m/s)",1098,1059,39,96.448087431694,366,362,12,2020-01-01T12:00:00Z,2021-01-01T00:00:00Z,0,0,3,5,5
dados_82983_H_2017-01-01_2025-12-31.csv,82983,PETROLINA,CONVENCIONAL,-9.3886111,-40.52333332,372.54,Horaria,2021,direcao_vento_graus,"VENTO, DIRECAO HORARIA(codigo)",1095,1049,46,95.7990867579909,365,361,12,2021-01-01T12:00:00Z,2022-01-01T00:00:00Z,0,0,14,36,36
dados_82983_H_2017-01-01_2025-12-31.csv,82983,PETROLINA,CONVENCIONAL,-9.3886111,-40.52333332,372.54,Horaria,2021,pressao_estacao_hpa,"PRESSAO ATMOSFERICA AO NIVEL DA ESTACAO, HORARIA(mB)",1095,1047,48,95.6164383561644,365,361,12,2021-01-01T12:00:00Z,2022-01-01T00:00:00Z,963.5,964.7,970.6,978.308,981
dados_82983_H_2017-01-01_2025-12-31.csv,82983,PETROLINA,CONVENCIONAL,-9.3886111,-40.52333332,372.54,Horaria,2021,temperatura_ar_c,"TEMPERATURA DO AR - BULBO SECO, HORARIA(°C)",1095,1046,49,95.5251141552512,365,361,12,2021-01-01T12:00:00Z,2022-01-01T00:00:00Z,20.8,22.09,27.8,35.6,36.8
dados_82983_H_2017-01-01_2025-12-31.csv,82983,PETROLINA,CONVENCIONAL,-9.3886111,-40.52333332,372.54,Horaria,2021,umidade_relativa_pct,"UMIDADE RELATIVA DO AR, HORARIA(%)",1095,1048,47,95.7077625570776,365,361,12,2021-01-01T12:00:00Z,2022-01-01T00:00:00Z,29,35.47,63,93,96
dados_82983_H_2017-01-01_2025-12-31.csv,82983,PETROLINA,CONVENCIONAL,-9.3886111,-40.52333332,372.54,Horaria,2021,velocidade_vento_ms,"VENTO, VELOCIDADE HORARIA(m/s)",1095,1049,46,95.7990867579909,365,361,12,2021-01-01T12:00:00Z,2022-01-01T00:00:00Z,0,0,1.7,5,7
dados_82983_H_2017-01-01_2025-12-31.csv,82983,PETROLINA,CONVENCIONAL,-9.3886111,-40.52333332,372.54,Horaria,2022,direcao_vento_graus,"VENTO, DIRECAO HORARIA(codigo)",1095,637,458,58.1735159817352,365,297,11,2022-01-01T12:00:00Z,2023-01-01T00:00:00Z,0,0,14,36,36
dados_82983_H_2017-01-01_2025-12-31.csv,82983,PETROLINA,CONVENCIONAL,-9.3886111,-40.52333332,372.54,Horaria,2022,pressao_estacao_hpa,"PRESSAO ATMOSFERICA AO NIVEL DA ESTACAO, HORARIA(mB)",1095,635,460,57.9908675799087,365,297,11,2022-01-01T12:00:00Z,2023-01-01T00:00:00Z,963.7,964.568,970.1,976.664,982.7
dados_82983_H_2017-01-01_2025-12-31.csv,82983,PETROLINA,CONVENCIONAL,-9.3886111,-40.52333332,372.54,Horaria,2022,temperatura_ar_c,"TEMPERATURA DO AR - BULBO SECO, HORARIA(°C)",1095,634,461,57.8995433789954,365,297,11,2022-01-01T12:00:00Z,2023-01-01T00:00:00Z,21.4,22.2,27.8,35.2,37
dados_82983_H_2017-01-01_2025-12-31.csv,82983,PETROLINA,CONVENCIONAL,-9.3886111,-40.52333332,372.54,Horaria,2022,umidade_relativa_pct,"UMIDADE RELATIVA DO AR, HORARIA(%)",1095,636,459,58.0821917808219,365,297,11,2022-01-01T12:00:00Z,2023-01-01T00:00:00Z,20,31,67,95.65,99
dados_82983_H_2017-01-01_2025-12-31.csv,82983,PETROLINA,CONVENCIONAL,-9.3886111,-40.52333332,372.54,Horaria,2022,velocidade_vento_ms,"VENTO, VELOCIDADE HORARIA(m/s)",1095,634,461,57.8995433789954,365,297,11,2022-01-01T12:00:00Z,2023-01-01T00:00:00Z,0,0,3,5,5.8
dados_82983_H_2017-01-01_2025-12-31.csv,82983,PETROLINA,CONVENCIONAL,-9.3886111,-40.52333332,372.54,Horaria,2023,direcao_vento_graus,"VENTO, DIRECAO HORARIA(codigo)",1095,886,209,80.9132420091324,365,355,12,2023-01-01T12:00:00Z,2024-01-01T00:00:00Z,0,0,14,27.7499999999999,36
dados_82983_H_2017-01-01_2025-12-31.csv,82983,PETROLINA,CONVENCIONAL,-9.3886111,-40.52333332,372.54,Horaria,2023,pressao_estacao_hpa,"PRESSAO ATMOSFERICA AO NIVEL DA ESTACAO, HORARIA(mB)",1095,885,210,80.8219178082192,365,355,12,2023-01-01T12:00:00Z,2024-01-01T00:00:00Z,959.4,964.484,971.4,978.5,981.6
dados_82983_H_2017-01-01_2025-12-31.csv,82983,PETROLINA,CONVENCIONAL,-9.3886111,-40.52333332,372.54,Horaria,2023,temperatura_ar_c,"TEMPERATURA DO AR - BULBO SECO, HORARIA(°C)",1095,882,213,80.5479452054795,365,355,12,2023-01-01T12:00:00Z,2024-01-01T00:00:00Z,21.8,22.8,28.4,37,39
dados_82983_H_2017-01-01_2025-12-31.csv,82983,PETROLINA,CONVENCIONAL,-9.3886111,-40.52333332,372.54,Horaria,2023,umidade_relativa_pct,"UMIDADE RELATIVA DO AR, HORARIA(%)",1095,885,210,80.8219178082192,365,355,12,2023-01-01T12:00:00Z,2024-01-01T00:00:00Z,26,29.84,59,91,95
dados_82983_H_2017-01-01_2025-12-31.csv,82983,PETROLINA,CONVENCIONAL,-9.3886111,-40.52333332,372.54,Horaria,2023,velocidade_vento_ms,"VENTO, VELOCIDADE HORARIA(m/s)",1095,879,216,80.2739726027397,365,353,12,2023-01-01T12:00:00Z,2024-01-01T00:00:00Z,0,0,3.3,5,5.8
dados_82983_H_2017-01-01_2025-12-31.csv,82983,PETROLINA,CONVENCIONAL,-9.3886111,-40.52333332,372.54,Horaria,2024,direcao_vento_graus,"VENTO, DIRECAO HORARIA(codigo)",1098,670,428,61.0200364298725,366,264,9,2024-01-01T12:00:00Z,2025-01-01T00:00:00Z,0,0,14,36,36
dados_82983_H_2017-01-01_2025-12-31.csv,82983,PETROLINA,CONVENCIONAL,-9.3886111,-40.52333332,372.54,Horaria,2024,pressao_estacao_hpa,"PRESSAO ATMOSFERICA AO NIVEL DA ESTACAO, HORARIA(mB)",1098,527,571,47.9963570127505,366,192,7,2024-01-01T12:00:00Z,2025-01-01T00:00:00Z,965.2,966.2,971,976.974,979.7
dados_82983_H_2017-01-01_2025-12-31.csv,82983,PETROLINA,CONVENCIONAL,-9.3886111,-40.52333332,372.54,Horaria,2024,temperatura_ar_c,"TEMPERATURA DO AR - BULBO SECO, HORARIA(°C)",1098,827,271,75.3187613843352,366,318,11,2024-01-01T12:00:00Z,2025-01-01T00:00:00Z,22,22.8,28.6,36.8,39.2
dados_82983_H_2017-01-01_2025-12-31.csv,82983,PETROLINA,CONVENCIONAL,-9.3886111,-40.52333332,372.54,Horaria,2024,umidade_relativa_pct,"UMIDADE RELATIVA DO AR, HORARIA(%)",1098,829,269,75.5009107468124,366,318,11,2024-01-01T12:00:00Z,2025-01-01T00:00:00Z,21,28.28,63,95,98
dados_82983_H_2017-01-01_2025-12-31.csv,82983,PETROLINA,CONVENCIONAL,-9.3886111,-40.52333332,372.54,Horaria,2024,velocidade_vento_ms,"VENTO, VELOCIDADE HORARIA(m/s)",1098,670,428,61.0200364298725,366,264,9,2024-01-01T12:00:00Z,2025-01-01T00:00:00Z,0,0,3.3,5,5.7
dados_82983_H_2017-01-01_2025-12-31.csv,82983,PETROLINA,CONVENCIONAL,-9.3886111,-40.52333332,372.54,Horaria,2025,direcao_vento_graus,"VENTO, DIRECAO HORARIA(codigo)",1094,1,1093,0.0914076782449726,365,1,1,2025-01-01T12:00:00Z,2025-12-31T18:00:00Z,0,0,0,0,0
dados_82983_H_2017-01-01_2025-12-31.csv,82983,PETROLINA,CONVENCIONAL,-9.3886111,-40.52333332,372.54,Horaria,2025,pressao_estacao_hpa,"PRESSAO ATMOSFERICA AO NIVEL DA ESTACAO, HORARIA(mB)",1094,0,1094,0,365,0,0,2025-01-01T12:00:00Z,2025-12-31T18:00:00Z,,,,,
dados_82983_H_2017-01-01_2025-12-31.csv,82983,PETROLINA,CONVENCIONAL,-9.3886111,-40.52333332,372.54,Horaria,2025,temperatura_ar_c,"TEMPERATURA DO AR - BULBO SECO, HORARIA(°C)",1094,574,520,52.4680073126143,365,294,12,2025-01-01T12:00:00Z,2025-12-31T18:00:00Z,22,23,29.1,36.8,38.8
dados_82983_H_2017-01-01_2025-12-31.csv,82983,PETROLINA,CONVENCIONAL,-9.3886111,-40.52333332,372.54,Horaria,2025,umidade_relativa_pct,"UMIDADE RELATIVA DO AR, HORARIA(%)",1094,575,519,52.5594149908592,365,294,12,2025-01-01T12:00:00Z,2025-12-31T18:00:00Z,21,26,52,93.52,98
dados_82983_H_2017-01-01_2025-12-31.csv,82983,PETROLINA,CONVENCIONAL,-9.3886111,-40.52333332,372.54,Horaria,2025,velocidade_vento_ms,"VENTO, VELOCIDADE HORARIA(m/s)",1094,1,1093,0.0914076782449726,365,1,1,2025-01-01T12:00:00Z,2025-12-31T18:00:00Z,0,0,0,0,0
