fonte_dados,cod_estacao,nome_estacao,municipios,tipo_regra,tipo_estacao,ano,criterio_primario,elegivel_pareamento_primario,n_dias_calendario,n_dias_com_valor,n_dias_cobertura_primaria,n_dias_sens_1,n_dias_sens_2,prop_cobertura_primaria,prop_sens_1,prop_sens_2,n_dias_disponibilidade_convencional,maior_lacuna_dias_sem_cobertura_primaria,p95_maior_gap_dia_min
CEMADEN,260005401A,Distrito Industrial - Timbó,ABREU E LIMA,CEMADEN,PLUVIOMETRICA_AUTOMATICA,2017,CEMADEN_MAX_GAP_60MIN,TRUE,365,217,214,214,214,0.586301369863014,0.586301369863014,0.586301369863014,0,149,60
CEMADEN,260005401A,Distrito Industrial - Timbó,ABREU E LIMA,CEMADEN,PLUVIOMETRICA_AUTOMATICA,2018,CEMADEN_MAX_GAP_60MIN,TRUE,365,249,224,233,238,0.613698630136986,0.638356164383562,0.652054794520548,0,117,80
CEMADEN,260005401A,Distrito Industrial - Timbó,ABREU E LIMA,CEMADEN,PLUVIOMETRICA_AUTOMATICA,2019,CEMADEN_MAX_GAP_60MIN,TRUE,365,351,246,259,268,0.673972602739726,0.70958904109589,0.734246575342466,0,47,1425
CEMADEN,260005401A,Distrito Industrial - Timbó,ABREU E LIMA,CEMADEN,PLUVIOMETRICA_AUTOMATICA,2020,CEMADEN_MAX_GAP_60MIN,TRUE,366,283,138,154,174,0.377049180327869,0.420765027322404,0.475409836065574,0,159,1440
CEMADEN,260005401A,Distrito Industrial - Timbó,ABREU E LIMA,CEMADEN,PLUVIOMETRICA_AUTOMATICA,2021,CEMADEN_MAX_GAP_60MIN,TRUE,365,365,321,331,336,0.879452054794521,0.906849315068493,0.920547945205479,0,9,120
CEMADEN,260005401A,Distrito Industrial - Timbó,ABREU E LIMA,CEMADEN,PLUVIOMETRICA_AUTOMATICA,2022,CEMADEN_MAX_GAP_60MIN,TRUE,365,365,308,325,327,0.843835616438356,0.89041095890411,0.895890410958904,0,5,120
CEMADEN,260005401A,Distrito Industrial - Timbó,ABREU E LIMA,CEMADEN,PLUVIOMETRICA_AUTOMATICA,2023,CEMADEN_MAX_GAP_60MIN,TRUE,365,365,339,347,352,0.928767123287671,0.950684931506849,0.964383561643836,0,2,70
CEMADEN,260005401A,Distrito Industrial - Timbó,ABREU E LIMA,CEMADEN,PLUVIOMETRICA_AUTOMATICA,2024,CEMADEN_MAX_GAP_60MIN,TRUE,366,28,27,27,27,0.0737704918032787,0.0737704918032787,0.0737704918032787,0,339,60
CEMADEN,260005402A,ABREU E LIMA - APAC,ABREU E LIMA,CEMADEN,PLUVIOMETRICA_AUTOMATICA,2017,CEMADEN_MAX_GAP_60MIN,TRUE,365,55,9,9,10,0.0246575342465753,0.0246575342465753,0.0273972602739726,0,327,1088.5
CEMADEN,260005402A,ABREU E LIMA - APAC,ABREU E LIMA,CEMADEN,PLUVIOMETRICA_AUTOMATICA,2018,CEMADEN_MAX_GAP_60MIN,TRUE,365,325,15,22,31,0.0410958904109589,0.0602739726027397,0.0849315068493151,0,176,4610
CEMADEN,260005402A,ABREU E LIMA - APAC,ABREU E LIMA,CEMADEN,PLUVIOMETRICA_AUTOMATICA,2019,CEMADEN_MAX_GAP_60MIN,TRUE,365,264,103,141,163,0.282191780821918,0.386301369863014,0.446575342465753,0,115,2376
CEMADEN,260005402A,ABREU E LIMA - APAC,ABREU E LIMA,CEMADEN,PLUVIOMETRICA_AUTOMATICA,2020,CEMADEN_MAX_GAP_60MIN,TRUE,366,348,286,307,319,0.781420765027322,0.83879781420765,0.871584699453552,0,32,126.5
CEMADEN,260005402A,ABREU E LIMA - APAC,ABREU E LIMA,CEMADEN,PLUVIOMETRICA_AUTOMATICA,2021,CEMADEN_MAX_GAP_60MIN,TRUE,365,365,234,271,303,0.641095890410959,0.742465753424658,0.83013698630137,0,17,168
CEMADEN,260005402A,ABREU E LIMA - APAC,ABREU E LIMA,CEMADEN,PLUVIOMETRICA_AUTOMATICA,2022,CEMADEN_MAX_GAP_60MIN,TRUE,365,365,234,274,305,0.641095890410959,0.750684931506849,0.835616438356164,0,28,168
CEMADEN,260005402A,ABREU E LIMA - APAC,ABREU E LIMA,CEMADEN,PLUVIOMETRICA_AUTOMATICA,2023,CEMADEN_MAX_GAP_60MIN,TRUE,365,365,246,306,333,0.673972602739726,0.838356164383562,0.912328767123288,0,16,120
CEMADEN,260005402A,ABREU E LIMA - APAC,ABREU E LIMA,CEMADEN,PLUVIOMETRICA_AUTOMATICA,2024,CEMADEN_MAX_GAP_60MIN,TRUE,366,355,276,301,317,0.754098360655738,0.822404371584699,0.866120218579235,0,16,396.000000000008
CEMADEN,260005402A,ABREU E LIMA - APAC,ABREU E LIMA,CEMADEN,PLUVIOMETRICA_AUTOMATICA,2025,CEMADEN_MAX_GAP_60MIN,TRUE,365,365,316,339,349,0.865753424657534,0.928767123287671,0.956164383561644,0,3,80
CEMADEN,260010401A,AFOGADOS DA INGAZEIRA - APAC,AFOGADOS DA INGAZEIRA,CEMADEN,PLUVIOMETRICA_AUTOMATICA,2018,CEMADEN_MAX_GAP_60MIN,TRUE,365,349,314,322,326,0.86027397260274,0.882191780821918,0.893150684931507,0,17,120
CEMADEN,260010401A,AFOGADOS DA INGAZEIRA - APAC,AFOGADOS DA INGAZEIRA,CEMADEN,PLUVIOMETRICA_AUTOMATICA,2019,CEMADEN_MAX_GAP_60MIN,TRUE,365,281,175,180,186,0.479452054794521,0.493150684931507,0.50958904109589,0,170,1450
CEMADEN,260010401A,AFOGADOS DA INGAZEIRA - APAC,AFOGADOS DA INGAZEIRA,CEMADEN,PLUVIOMETRICA_AUTOMATICA,2020,CEMADEN_MAX_GAP_60MIN,TRUE,366,178,161,163,167,0.439890710382514,0.445355191256831,0.456284153005465,0,189,110
CEMADEN,260010401A,AFOGADOS DA INGAZEIRA - APAC,AFOGADOS DA INGAZEIRA,CEMADEN,PLUVIOMETRICA_AUTOMATICA,2021,CEMADEN_MAX_GAP_60MIN,TRUE,365,265,210,212,218,0.575342465753425,0.580821917808219,0.597260273972603,0,128,3359.99999999999
CEMADEN,260010401A,AFOGADOS DA INGAZEIRA - APAC,AFOGADOS DA INGAZEIRA,CEMADEN,PLUVIOMETRICA_AUTOMATICA,2022,CEMADEN_MAX_GAP_60MIN,TRUE,365,365,320,328,331,0.876712328767123,0.898630136986301,0.906849315068493,0,4,120
CEMADEN,260010401A,AFOGADOS DA INGAZEIRA - APAC,AFOGADOS DA INGAZEIRA,CEMADEN,PLUVIOMETRICA_AUTOMATICA,2023,CEMADEN_MAX_GAP_60MIN,TRUE,365,365,343,345,353,0.93972602739726,0.945205479452055,0.967123287671233,0,3,80
CEMADEN,260010401A,AFOGADOS DA INGAZEIRA - APAC,AFOGADOS DA INGAZEIRA,CEMADEN,PLUVIOMETRICA_AUTOMATICA,2024,CEMADEN_MAX_GAP_60MIN,TRUE,366,351,300,316,323,0.819672131147541,0.863387978142077,0.882513661202186,0,14,140
CEMADEN,260010401A,AFOGADOS DA INGAZEIRA - APAC,AFOGADOS DA INGAZEIRA,CEMADEN,PLUVIOMETRICA_AUTOMATICA,2025,CEMADEN_MAX_GAP_60MIN,TRUE,365,177,92,122,137,0.252054794520548,0.334246575342466,0.375342465753425,0,129,9850
CEMADEN,260020301A,ARIZONA - APAC,AFRÂNIO,CEMADEN,PLUVIOMETRICA_AUTOMATICA,2018,CEMADEN_MAX_GAP_60MIN,TRUE,365,118,0,0,0,0,0,0,0,365,30150
CEMADEN,260020301A,ARIZONA - APAC,AFRÂNIO,CEMADEN,PLUVIOMETRICA_AUTOMATICA,2019,CEMADEN_MAX_GAP_60MIN,TRUE,365,62,0,0,0,0,0,0,0,365,16460
CEMADEN,260020301U,AFRANIO,AFRÂNIO,CEMADEN,PLUVIOMETRICA_AUTOMATICA,2017,CEMADEN_MAX_GAP_60MIN,TRUE,365,29,7,7,7,0.0191780821917808,0.0191780821917808,0.0191780821917808,0,247,40980
CEMADEN,260020301U,AFRANIO,AFRÂNIO,CEMADEN,PLUVIOMETRICA_AUTOMATICA,2018,CEMADEN_MAX_GAP_60MIN,TRUE,365,171,61,61,61,0.167123287671233,0.167123287671233,0.167123287671233,0,164,10110
CEMADEN,260020301U,AFRANIO,AFRÂNIO,CEMADEN,PLUVIOMETRICA_AUTOMATICA,2019,CEMADEN_MAX_GAP_60MIN,TRUE,365,29,27,27,27,0.073972602739726,0.073972602739726,0.073972602739726,0,206,191003.999999999
CEMADEN,260020301U,AFRANIO,AFRÂNIO,CEMADEN,PLUVIOMETRICA_AUTOMATICA,2022,CEMADEN_MAX_GAP_60MIN,TRUE,365,77,73,73,73,0.2,0.2,0.2,0,166,60
CEMADEN,260020302A,Afrânio [Centro] - APAC,AFRÂNIO,CEMADEN,PLUVIOMETRICA_AUTOMATICA,2024,CEMADEN_MAX_GAP_60MIN,TRUE,366,157,137,138,139,0.37431693989071,0.377049180327869,0.379781420765027,0,216,1740
CEMADEN,260020302A,Afrânio [Centro] - APAC,AFRÂNIO,CEMADEN,PLUVIOMETRICA_AUTOMATICA,2025,CEMADEN_MAX_GAP_60MIN,TRUE,365,364,300,305,313,0.821917808219178,0.835616438356164,0.857534246575342,0,3,229
CEMADEN,260030201A,AGRESTINA - APAC,AGRESTINA,CEMADEN,PLUVIOMETRICA_AUTOMATICA,2019,CEMADEN_MAX_GAP_60MIN,TRUE,365,209,169,174,176,0.463013698630137,0.476712328767123,0.482191780821918,0,135,2164.49999999999
CEMADEN,260030201A,AGRESTINA - APAC,AGRESTINA,CEMADEN,PLUVIOMETRICA_AUTOMATICA,2020,CEMADEN_MAX_GAP_60MIN,TRUE,366,201,173,183,184,0.472677595628415,0.5,0.502732240437159,0,142,180
CEMADEN,260030201A,AGRESTINA - APAC,AGRESTINA,CEMADEN,PLUVIOMETRICA_AUTOMATICA,2021,CEMADEN_MAX_GAP_60MIN,TRUE,365,151,118,127,130,0.323287671232877,0.347945205479452,0.356164383561644,0,215,125
CEMADEN,260030201A,AGRESTINA - APAC,AGRESTINA,CEMADEN,PLUVIOMETRICA_AUTOMATICA,2022,CEMADEN_MAX_GAP_60MIN,TRUE,365,365,289,324,334,0.791780821917808,0.887671232876712,0.915068493150685,0,4,120
CEMADEN,260030201A,AGRESTINA - APAC,AGRESTINA,CEMADEN,PLUVIOMETRICA_AUTOMATICA,2023,CEMADEN_MAX_GAP_60MIN,TRUE,365,365,318,341,346,0.871232876712329,0.934246575342466,0.947945205479452,0,4,104
CEMADEN,260030201A,AGRESTINA - APAC,AGRESTINA,CEMADEN,PLUVIOMETRICA_AUTOMATICA,2024,CEMADEN_MAX_GAP_60MIN,TRUE,366,336,263,272,280,0.718579234972678,0.743169398907104,0.765027322404372,0,31,2040
CEMADEN,260030201A,AGRESTINA - APAC,AGRESTINA,CEMADEN,PLUVIOMETRICA_AUTOMATICA,2025,CEMADEN_MAX_GAP_60MIN,TRUE,365,303,217,231,235,0.594520547945206,0.632876712328767,0.643835616438356,0,112,6097
CEMADEN,260040101A,Bairro D´Ouro,ÁGUA PRETA,CEMADEN,PLUVIOMETRICA_AUTOMATICA,2017,CEMADEN_MAX_GAP_60MIN,TRUE,365,362,332,334,338,0.90958904109589,0.915068493150685,0.926027397260274,0,6,120
CEMADEN,260040101A,Bairro D´Ouro,ÁGUA PRETA,CEMADEN,PLUVIOMETRICA_AUTOMATICA,2018,CEMADEN_MAX_GAP_60MIN,TRUE,365,355,301,315,324,0.824657534246575,0.863013698630137,0.887671232876712,0,22,183
CEMADEN,260040101A,Bairro D´Ouro,ÁGUA PRETA,CEMADEN,PLUVIOMETRICA_AUTOMATICA,2019,CEMADEN_MAX_GAP_60MIN,TRUE,365,206,98,101,114,0.268493150684932,0.276712328767123,0.312328767123288,0,182,7210
CEMADEN,260040101A,Bairro D´Ouro,ÁGUA PRETA,CEMADEN,PLUVIOMETRICA_AUTOMATICA,2020,CEMADEN_MAX_GAP_60MIN,TRUE,366,259,77,99,132,0.210382513661202,0.270491803278689,0.360655737704918,0,141,2431
CEMADEN,260040101A,Bairro D´Ouro,ÁGUA PRETA,CEMADEN,PLUVIOMETRICA_AUTOMATICA,2021,CEMADEN_MAX_GAP_60MIN,TRUE,365,362,307,315,325,0.841095890410959,0.863013698630137,0.89041095890411,0,9,120
CEMADEN,260040101A,Bairro D´Ouro,ÁGUA PRETA,CEMADEN,PLUVIOMETRICA_AUTOMATICA,2022,CEMADEN_MAX_GAP_60MIN,TRUE,365,362,259,268,281,0.70958904109589,0.734246575342466,0.76986301369863,0,26,758
CEMADEN,260040101A,Bairro D´Ouro,ÁGUA PRETA,CEMADEN,PLUVIOMETRICA_AUTOMATICA,2023,CEMADEN_MAX_GAP_60MIN,TRUE,365,356,245,247,258,0.671232876712329,0.676712328767123,0.706849315068493,0,36,1260
CEMADEN,260040101A,Bairro D´Ouro,ÁGUA PRETA,CEMADEN,PLUVIOMETRICA_AUTOMATICA,2024,CEMADEN_MAX_GAP_60MIN,TRUE,366,366,320,327,337,0.87431693989071,0.89344262295082,0.920765027322404,0,3,137.5
CEMADEN,260040101A,Bairro D´Ouro,ÁGUA PRETA,CEMADEN,PLUVIOMETRICA_AUTOMATICA,2025,CEMADEN_MAX_GAP_60MIN,TRUE,365,362,149,155,157,0.408219178082192,0.424657534246575,0.43013698630137,0,190,1240
CEMADEN,260040102A,AGUA PRETA - APAC,ÁGUA PRETA,CEMADEN,PLUVIOMETRICA_AUTOMATICA,2017,CEMADEN_MAX_GAP_60MIN,TRUE,365,42,12,12,13,0.0328767123287671,0.0328767123287671,0.0356164383561644,0,326,180
CEMADEN,260040102A,AGUA PRETA - APAC,ÁGUA PRETA,CEMADEN,PLUVIOMETRICA_AUTOMATICA,2018,CEMADEN_MAX_GAP_60MIN,TRUE,365,365,308,317,329,0.843835616438356,0.868493150684932,0.901369863013699,0,7,120
CEMADEN,260040102A,AGUA PRETA - APAC,ÁGUA PRETA,CEMADEN,PLUVIOMETRICA_AUTOMATICA,2019,CEMADEN_MAX_GAP_60MIN,TRUE,365,212,58,63,69,0.158904109589041,0.172602739726027,0.189041095890411,0,130,12078.5
CEMADEN,260040102A,AGUA PRETA - APAC,ÁGUA PRETA,CEMADEN,PLUVIOMETRICA_AUTOMATICA,2022,CEMADEN_MAX_GAP_60MIN,TRUE,365,1,0,0,0,0,0,0,0,365,
CEMADEN,260050001A,Garanhuns,ÁGUAS BELAS,CEMADEN,PLUVIOMETRICA_AUTOMATICA,2017,CEMADEN_MAX_GAP_60MIN,TRUE,365,207,116,122,129,0.317808219178082,0.334246575342466,0.353424657534247,0,61,14000
CEMADEN,260050001A,Garanhuns,ÁGUAS BELAS,CEMADEN,PLUVIOMETRICA_AUTOMATICA,2018,CEMADEN_MAX_GAP_60MIN,TRUE,365,361,139,199,231,0.380821917808219,0.545205479452055,0.632876712328767,0,35,620
CEMADEN,260050001A,Garanhuns,ÁGUAS BELAS,CEMADEN,PLUVIOMETRICA_AUTOMATICA,2019,CEMADEN_MAX_GAP_60MIN,TRUE,365,328,127,140,159,0.347945205479452,0.383561643835616,0.435616438356164,0,40,2653
CEMADEN,260050001A,Garanhuns,ÁGUAS BELAS,CEMADEN,PLUVIOMETRICA_AUTOMATICA,2021,CEMADEN_MAX_GAP_60MIN,TRUE,365,297,238,258,262,0.652054794520548,0.706849315068493,0.717808219178082,0,69,120
CEMADEN,260050001A,Garanhuns,ÁGUAS BELAS,CEMADEN,PLUVIOMETRICA_AUTOMATICA,2022,CEMADEN_MAX_GAP_60MIN,TRUE,365,206,148,152,156,0.405479452054795,0.416438356164384,0.427397260273973,0,191,1960
CEMADEN,260050001A,Garanhuns,ÁGUAS BELAS,CEMADEN,PLUVIOMETRICA_AUTOMATICA,2023,CEMADEN_MAX_GAP_60MIN,TRUE,365,44,6,8,16,0.0164383561643836,0.0219178082191781,0.0438356164383562,0,330,96017.0000000002
CEMADEN,260050001A,Garanhuns,ÁGUAS BELAS,CEMADEN,PLUVIOMETRICA_AUTOMATICA,2024,CEMADEN_MAX_GAP_60MIN,TRUE,366,362,42,117,187,0.114754098360656,0.319672131147541,0.510928961748634,0,33,479.5
CEMADEN,260050001A,Garanhuns,ÁGUAS BELAS,CEMADEN,PLUVIOMETRICA_AUTOMATICA,2025,CEMADEN_MAX_GAP_60MIN,TRUE,365,365,43,95,188,0.117808219178082,0.26027397260274,0.515068493150685,0,99,398.5
CEMADEN,260050002A,Centro,ÁGUAS BELAS,CEMADEN,PLUVIOMETRICA_AUTOMATICA,2017,CEMADEN_MAX_GAP_60MIN,TRUE,365,362,344,345,348,0.942465753424658,0.945205479452055,0.953424657534246,0,4,60
CEMADEN,260050002A,Centro,ÁGUAS BELAS,CEMADEN,PLUVIOMETRICA_AUTOMATICA,2018,CEMADEN_MAX_GAP_60MIN,TRUE,365,365,338,345,350,0.926027397260274,0.945205479452055,0.958904109589041,0,2,80
CEMADEN,260050002A,Centro,ÁGUAS BELAS,CEMADEN,PLUVIOMETRICA_AUTOMATICA,2019,CEMADEN_MAX_GAP_60MIN,TRUE,365,337,279,287,291,0.764383561643836,0.786301369863014,0.797260273972603,0,20,1420
CEMADEN,260050002A,Centro,ÁGUAS BELAS,CEMADEN,PLUVIOMETRICA_AUTOMATICA,2020,CEMADEN_MAX_GAP_60MIN,TRUE,366,347,187,220,246,0.510928961748634,0.601092896174863,0.672131147540984,0,53,1090
CEMADEN,260050002A,Centro,ÁGUAS BELAS,CEMADEN,PLUVIOMETRICA_AUTOMATICA,2021,CEMADEN_MAX_GAP_60MIN,TRUE,365,326,244,246,247,0.668493150684932,0.673972602739726,0.676712328767123,0,69,1290
CEMADEN,260050002A,Centro,ÁGUAS BELAS,CEMADEN,PLUVIOMETRICA_AUTOMATICA,2022,CEMADEN_MAX_GAP_60MIN,TRUE,365,257,166,175,190,0.454794520547945,0.479452054794521,0.520547945205479,0,116,514
CEMADEN,260050002A,Centro,ÁGUAS BELAS,CEMADEN,PLUVIOMETRICA_AUTOMATICA,2023,CEMADEN_MAX_GAP_60MIN,TRUE,365,365,344,350,352,0.942465753424658,0.958904109589041,0.964383561643836,0,2,70
CEMADEN,260050002A,Centro,ÁGUAS BELAS,CEMADEN,PLUVIOMETRICA_AUTOMATICA,2024,CEMADEN_MAX_GAP_60MIN,TRUE,366,366,343,350,357,0.937158469945355,0.956284153005464,0.975409836065574,0,2,70
CEMADEN,260050002A,Centro,ÁGUAS BELAS,CEMADEN,PLUVIOMETRICA_AUTOMATICA,2025,CEMADEN_MAX_GAP_60MIN,TRUE,365,336,310,319,323,0.849315068493151,0.873972602739726,0.884931506849315,0,31,70
CEMADEN,260060901A,Alagoinha [Garagem Municipal] - APAC,ALAGOINHA,CEMADEN,PLUVIOMETRICA_AUTOMATICA,2024,CEMADEN_MAX_GAP_60MIN,TRUE,366,275,198,211,221,0.540983606557377,0.576502732240437,0.603825136612022,0,50,753.499999999993
CEMADEN,260060901A,Alagoinha [Garagem Municipal] - APAC,ALAGOINHA,CEMADEN,PLUVIOMETRICA_AUTOMATICA,2025,CEMADEN_MAX_GAP_60MIN,TRUE,365,346,211,221,235,0.578082191780822,0.605479452054795,0.643835616438356,0,26,1310
CEMADEN,260060901U,ALAGOINHA,ALAGOINHA,CEMADEN,PLUVIOMETRICA_AUTOMATICA,2017,CEMADEN_MAX_GAP_60MIN,TRUE,365,20,11,11,11,0.0301369863013699,0.0301369863013699,0.0301369863013699,0,275,82660
CEMADEN,260060901U,ALAGOINHA,ALAGOINHA,CEMADEN,PLUVIOMETRICA_AUTOMATICA,2018,CEMADEN_MAX_GAP_60MIN,TRUE,365,224,213,215,215,0.583561643835617,0.589041095890411,0.589041095890411,0,133,60
CEMADEN,260060901U,ALAGOINHA,ALAGOINHA,CEMADEN,PLUVIOMETRICA_AUTOMATICA,2019,CEMADEN_MAX_GAP_60MIN,TRUE,365,149,141,141,141,0.386301369863014,0.386301369863014,0.386301369863014,0,215,275.999999999998
CEMADEN,260060901U,ALAGOINHA,ALAGOINHA,CEMADEN,PLUVIOMETRICA_AUTOMATICA,2022,CEMADEN_MAX_GAP_60MIN,TRUE,365,30,28,28,28,0.0767123287671233,0.0767123287671233,0.0767123287671233,0,222,60
CEMADEN,260070801A,ALIANCA - APAC,ALIANÇA,CEMADEN,PLUVIOMETRICA_AUTOMATICA,2017,CEMADEN_MAX_GAP_60MIN,TRUE,365,43,12,13,15,0.0328767123287671,0.0356164383561644,0.0410958904109589,0,331,780
CEMADEN,260070801A,ALIANCA - APAC,ALIANÇA,CEMADEN,PLUVIOMETRICA_AUTOMATICA,2018,CEMADEN_MAX_GAP_60MIN,TRUE,365,365,219,240,249,0.6,0.657534246575342,0.682191780821918,0,38,476
CEMADEN,260070801A,ALIANCA - APAC,ALIANÇA,CEMADEN,PLUVIOMETRICA_AUTOMATICA,2019,CEMADEN_MAX_GAP_60MIN,TRUE,365,353,200,212,219,0.547945205479452,0.580821917808219,0.6,0,27,870
CEMADEN,260070801A,ALIANCA - APAC,ALIANÇA,CEMADEN,PLUVIOMETRICA_AUTOMATICA,2020,CEMADEN_MAX_GAP_60MIN,TRUE,366,338,126,144,159,0.344262295081967,0.39344262295082,0.434426229508197,0,37,630
CEMADEN,260070801A,ALIANCA - APAC,ALIANÇA,CEMADEN,PLUVIOMETRICA_AUTOMATICA,2021,CEMADEN_MAX_GAP_60MIN,TRUE,365,101,65,76,79,0.178082191780822,0.208219178082192,0.216438356164384,0,168,12700
CEMADEN,260070801A,ALIANCA - APAC,ALIANÇA,CEMADEN,PLUVIOMETRICA_AUTOMATICA,2022,CEMADEN_MAX_GAP_60MIN,TRUE,365,236,87,94,95,0.238356164383562,0.257534246575342,0.26027397260274,0,203,1070
CEMADEN,260070801A,ALIANCA - APAC,ALIANÇA,CEMADEN,PLUVIOMETRICA_AUTOMATICA,2023,CEMADEN_MAX_GAP_60MIN,TRUE,365,365,274,291,298,0.750684931506849,0.797260273972603,0.816438356164383,0,7,400
CEMADEN,260070801A,ALIANCA - APAC,ALIANÇA,CEMADEN,PLUVIOMETRICA_AUTOMATICA,2024,CEMADEN_MAX_GAP_60MIN,TRUE,366,355,266,278,282,0.726775956284153,0.759562841530055,0.770491803278689,0,27,1370
CEMADEN,260070801A,ALIANCA - APAC,ALIANÇA,CEMADEN,PLUVIOMETRICA_AUTOMATICA,2025,CEMADEN_MAX_GAP_60MIN,TRUE,365,268,249,257,262,0.682191780821918,0.704109589041096,0.717808219178082,0,98,70
CEMADEN,260080701A,Prefeitura,ALTINHO,CEMADEN,PLUVIOMETRICA_AUTOMATICA,2017,CEMADEN_MAX_GAP_60MIN,TRUE,365,365,347,347,347,0.950684931506849,0.950684931506849,0.950684931506849,0,2,60
CEMADEN,260080701A,Prefeitura,ALTINHO,CEMADEN,PLUVIOMETRICA_AUTOMATICA,2018,CEMADEN_MAX_GAP_60MIN,TRUE,365,365,329,336,344,0.901369863013699,0.920547945205479,0.942465753424658,0,4,108
CEMADEN,260080701A,Prefeitura,ALTINHO,CEMADEN,PLUVIOMETRICA_AUTOMATICA,2019,CEMADEN_MAX_GAP_60MIN,TRUE,365,361,270,286,294,0.73972602739726,0.783561643835617,0.805479452054795,0,16,590
CEMADEN,260080701A,Prefeitura,ALTINHO,CEMADEN,PLUVIOMETRICA_AUTOMATICA,2020,CEMADEN_MAX_GAP_60MIN,TRUE,366,366,277,293,308,0.756830601092896,0.800546448087432,0.841530054644809,0,23,190
CEMADEN,260080701A,Prefeitura,ALTINHO,CEMADEN,PLUVIOMETRICA_AUTOMATICA,2021,CEMADEN_MAX_GAP_60MIN,TRUE,365,281,246,252,258,0.673972602739726,0.69041095890411,0.706849315068493,0,87,120
CEMADEN,260080701A,Prefeitura,ALTINHO,CEMADEN,PLUVIOMETRICA_AUTOMATICA,2022,CEMADEN_MAX_GAP_60MIN,TRUE,365,104,73,73,74,0.2,0.2,0.202739726027397,0,102,162.5
CEMADEN,260080701A,Prefeitura,ALTINHO,CEMADEN,PLUVIOMETRICA_AUTOMATICA,2023,CEMADEN_MAX_GAP_60MIN,TRUE,365,325,270,277,285,0.73972602739726,0.758904109589041,0.780821917808219,0,40,256
CEMADEN,260080701A,Prefeitura,ALTINHO,CEMADEN,PLUVIOMETRICA_AUTOMATICA,2024,CEMADEN_MAX_GAP_60MIN,TRUE,366,358,295,302,310,0.806010928961749,0.825136612021858,0.846994535519126,0,9,640
CEMADEN,260080701A,Prefeitura,ALTINHO,CEMADEN,PLUVIOMETRICA_AUTOMATICA,2025,CEMADEN_MAX_GAP_60MIN,TRUE,365,272,161,172,185,0.441095890410959,0.471232876712329,0.506849315068493,0,60,5690
CEMADEN,260080701C,ALTINHO,ALTINHO,CEMADEN,PLUVIOMETRICA_AUTOMATICA,2018,CEMADEN_MAX_GAP_60MIN,TRUE,365,117,93,93,93,0.254794520547945,0.254794520547945,0.254794520547945,0,194,6930
CEMADEN,260080701C,ALTINHO,ALTINHO,CEMADEN,PLUVIOMETRICA_AUTOMATICA,2019,CEMADEN_MAX_GAP_60MIN,TRUE,365,312,250,250,250,0.684931506849315,0.684931506849315,0.684931506849315,0,73,3168
CEMADEN,260080701C,ALTINHO,ALTINHO,CEMADEN,PLUVIOMETRICA_AUTOMATICA,2020,CEMADEN_MAX_GAP_60MIN,TRUE,366,366,248,248,248,0.677595628415301,0.677595628415301,0.677595628415301,0,61,960
CEMADEN,260080701C,ALTINHO,ALTINHO,CEMADEN,PLUVIOMETRICA_AUTOMATICA,2021,CEMADEN_MAX_GAP_60MIN,TRUE,365,75,0,0,0,0,0,0,0,365,1260
CEMADEN,260080701C,ALTINHO,ALTINHO,CEMADEN,PLUVIOMETRICA_AUTOMATICA,2022,CEMADEN_MAX_GAP_60MIN,TRUE,365,125,123,123,123,0.336986301369863,0.336986301369863,0.336986301369863,0,147,60
CEMADEN,260080702A,ALTINHO - APAC,ALTINHO,CEMADEN,PLUVIOMETRICA_AUTOMATICA,2017,CEMADEN_MAX_GAP_60MIN,TRUE,365,12,1,1,2,0.00273972602739726,0.00273972602739726,0.00547945205479452,0,354,120
CEMADEN,260080702A,ALTINHO - APAC,ALTINHO,CEMADEN,PLUVIOMETRICA_AUTOMATICA,2018,CEMADEN_MAX_GAP_60MIN,TRUE,365,365,302,311,319,0.827397260273973,0.852054794520548,0.873972602739726,0,7,120
CEMADEN,260080702A,ALTINHO - APAC,ALTINHO,CEMADEN,PLUVIOMETRICA_AUTOMATICA,2019,CEMADEN_MAX_GAP_60MIN,TRUE,365,343,280,289,292,0.767123287671233,0.791780821917808,0.8,0,17,1033.99999999999
CEMADEN,260080702A,ALTINHO - APAC,ALTINHO,CEMADEN,PLUVIOMETRICA_AUTOMATICA,2020,CEMADEN_MAX_GAP_60MIN,TRUE,366,358,307,315,321,0.83879781420765,0.860655737704918,0.877049180327869,0,23,339.499999999997
CEMADEN,260080702A,ALTINHO - APAC,ALTINHO,CEMADEN,PLUVIOMETRICA_AUTOMATICA,2021,CEMADEN_MAX_GAP_60MIN,TRUE,365,365,295,305,318,0.808219178082192,0.835616438356164,0.871232876712329,0,7,140
CEMADEN,260080702A,ALTINHO - APAC,ALTINHO,CEMADEN,PLUVIOMETRICA_AUTOMATICA,2022,CEMADEN_MAX_GAP_60MIN,TRUE,365,186,150,158,166,0.410958904109589,0.432876712328767,0.454794520547945,0,177,130
CEMADEN,260090601A,Amaraji - APAC | AMARAJI - APAC,AMARAJI,CEMADEN,PLUVIOMETRICA_AUTOMATICA,2017,CEMADEN_MAX_GAP_60MIN,TRUE,365,46,11,11,13,0.0301369863013699,0.0301369863013699,0.0356164383561644,0,321,204
CEMADEN,260090601A,Amaraji - APAC | AMARAJI - APAC,AMARAJI,CEMADEN,PLUVIOMETRICA_AUTOMATICA,2018,CEMADEN_MAX_GAP_60MIN,TRUE,365,365,290,297,308,0.794520547945206,0.813698630136986,0.843835616438356,0,10,120
CEMADEN,260090601A,Amaraji - APAC | AMARAJI - APAC,AMARAJI,CEMADEN,PLUVIOMETRICA_AUTOMATICA,2019,CEMADEN_MAX_GAP_60MIN,TRUE,365,354,277,295,304,0.758904109589041,0.808219178082192,0.832876712328767,0,12,247.999999999997
CEMADEN,260090601A,Amaraji - APAC | AMARAJI - APAC,AMARAJI,CEMADEN,PLUVIOMETRICA_AUTOMATICA,2020,CEMADEN_MAX_GAP_60MIN,TRUE,366,357,276,296,311,0.754098360655738,0.808743169398907,0.849726775956284,0,15,164
CEMADEN,260090601A,Amaraji - APAC | AMARAJI - APAC,AMARAJI,CEMADEN,PLUVIOMETRICA_AUTOMATICA,2021,CEMADEN_MAX_GAP_60MIN,TRUE,365,197,157,163,168,0.43013698630137,0.446575342465753,0.46027397260274,0,170,361.999999999999
CEMADEN,260090601A,Amaraji - APAC | AMARAJI - APAC,AMARAJI,CEMADEN,PLUVIOMETRICA_AUTOMATICA,2022,CEMADEN_MAX_GAP_60MIN,TRUE,365,365,246,265,289,0.673972602739726,0.726027397260274,0.791780821917808,0,23,210
CEMADEN,260090601A,Amaraji - APAC | AMARAJI - APAC,AMARAJI,CEMADEN,PLUVIOMETRICA_AUTOMATICA,2023,CEMADEN_MAX_GAP_60MIN,TRUE,365,365,321,342,347,0.879452054794521,0.936986301369863,0.950684931506849,0,2,90
CEMADEN,260090601A,Amaraji - APAC | AMARAJI - APAC,AMARAJI,CEMADEN,PLUVIOMETRICA_AUTOMATICA,2024,CEMADEN_MAX_GAP_60MIN,TRUE,366,334,299,313,317,0.816939890710383,0.855191256830601,0.866120218579235,0,32,86.9999999999993
CEMADEN,260090601A,Amaraji - APAC | AMARAJI - APAC,AMARAJI,CEMADEN,PLUVIOMETRICA_AUTOMATICA,2025,CEMADEN_MAX_GAP_60MIN,TRUE,365,300,222,246,247,0.608219178082192,0.673972602739726,0.676712328767123,0,47,3944
CEMADEN,260090602A,G2-260090602A | G2-Hospital Alice B. dos Anjos,AMARAJI,CEMADEN,PLUVIOMETRICA_AUTOMATICA,2025,CEMADEN_MAX_GAP_60MIN,TRUE,365,124,83,98,103,0.227397260273973,0.268493150684932,0.282191780821918,0,242,120
CEMADEN,260090603A,G2-260090603A | G2-EM. SJ da Boa Esperança,AMARAJI,CEMADEN,PLUVIOMETRICA_AUTOMATICA,2025,CEMADEN_MAX_GAP_60MIN,TRUE,365,124,77,105,105,0.210958904109589,0.287671232876712,0.287671232876712,0,242,178
CEMADEN,260090604A,G2-260090604A | G2-Escola Nova Esperança,AMARAJI,CEMADEN,PLUVIOMETRICA_AUTOMATICA,2025,CEMADEN_MAX_GAP_60MIN,TRUE,365,73,24,34,35,0.0657534246575342,0.0931506849315068,0.0958904109589041,0,242,6905
CEMADEN,260100301A,ANGELIM - APAC,ANGELIM,CEMADEN,PLUVIOMETRICA_AUTOMATICA,2017,CEMADEN_MAX_GAP_60MIN,TRUE,365,26,12,12,14,0.0328767123287671,0.0328767123287671,0.0383561643835616,0,341,168
CEMADEN,260100301A,ANGELIM - APAC,ANGELIM,CEMADEN,PLUVIOMETRICA_AUTOMATICA,2018,CEMADEN_MAX_GAP_60MIN,TRUE,365,365,306,324,334,0.838356164383562,0.887671232876712,0.915068493150685,0,9,120
CEMADEN,260100301A,ANGELIM - APAC,ANGELIM,CEMADEN,PLUVIOMETRICA_AUTOMATICA,2019,CEMADEN_MAX_GAP_60MIN,TRUE,365,294,227,239,247,0.621917808219178,0.654794520547945,0.676712328767123,0,47,1683.99999999992
CEMADEN,260100301A,ANGELIM - APAC,ANGELIM,CEMADEN,PLUVIOMETRICA_AUTOMATICA,2020,CEMADEN_MAX_GAP_60MIN,TRUE,366,183,138,152,158,0.377049180327869,0.415300546448087,0.431693989071038,0,171,315
CEMADEN,260100301A,ANGELIM - APAC,ANGELIM,CEMADEN,PLUVIOMETRICA_AUTOMATICA,2021,CEMADEN_MAX_GAP_60MIN,TRUE,365,92,51,60,64,0.13972602739726,0.164383561643836,0.175342465753425,0,221,10660
CEMADEN,260100301A,ANGELIM - APAC,ANGELIM,CEMADEN,PLUVIOMETRICA_AUTOMATICA,2022,CEMADEN_MAX_GAP_60MIN,TRUE,365,101,85,86,86,0.232876712328767,0.235616438356164,0.235616438356164,0,265,490
CEMADEN,260100301A,ANGELIM - APAC,ANGELIM,CEMADEN,PLUVIOMETRICA_AUTOMATICA,2023,CEMADEN_MAX_GAP_60MIN,TRUE,365,365,330,338,348,0.904109589041096,0.926027397260274,0.953424657534246,0,4,90
CEMADEN,260100301A,ANGELIM - APAC,ANGELIM,CEMADEN,PLUVIOMETRICA_AUTOMATICA,2024,CEMADEN_MAX_GAP_60MIN,TRUE,366,358,300,315,327,0.819672131147541,0.860655737704918,0.89344262295082,0,9,285.999999999999
CEMADEN,260100301A,ANGELIM - APAC,ANGELIM,CEMADEN,PLUVIOMETRICA_AUTOMATICA,2025,CEMADEN_MAX_GAP_60MIN,TRUE,365,217,149,153,157,0.408219178082192,0.419178082191781,0.43013698630137,0,178,4730
CEMADEN,260105201A,ARACOIABA - APAC,ARAÇOIABA,CEMADEN,PLUVIOMETRICA_AUTOMATICA,2017,CEMADEN_MAX_GAP_60MIN,TRUE,365,53,25,25,29,0.0684931506849315,0.0684931506849315,0.0794520547945206,0,314,152.5
CEMADEN,260105201A,ARACOIABA - APAC,ARAÇOIABA,CEMADEN,PLUVIOMETRICA_AUTOMATICA,2018,CEMADEN_MAX_GAP_60MIN,TRUE,365,365,296,307,316,0.810958904109589,0.841095890410959,0.865753424657534,0,9,120
CEMADEN,260105201A,ARACOIABA - APAC,ARAÇOIABA,CEMADEN,PLUVIOMETRICA_AUTOMATICA,2019,CEMADEN_MAX_GAP_60MIN,TRUE,365,324,273,287,293,0.747945205479452,0.786301369863014,0.802739726027397,0,41,406.999999999993
CEMADEN,260105201A,ARACOIABA - APAC,ARAÇOIABA,CEMADEN,PLUVIOMETRICA_AUTOMATICA,2020,CEMADEN_MAX_GAP_60MIN,TRUE,366,366,313,324,334,0.855191256830601,0.885245901639344,0.912568306010929,0,3,120
CEMADEN,260105201A,ARACOIABA - APAC,ARAÇOIABA,CEMADEN,PLUVIOMETRICA_AUTOMATICA,2021,CEMADEN_MAX_GAP_60MIN,TRUE,365,183,126,142,147,0.345205479452055,0.389041095890411,0.402739726027397,0,189,922.000000000001
CEMADEN,260105201A,ARACOIABA - APAC,ARAÇOIABA,CEMADEN,PLUVIOMETRICA_AUTOMATICA,2022,CEMADEN_MAX_GAP_60MIN,TRUE,365,305,226,241,247,0.619178082191781,0.66027397260274,0.676712328767123,0,85,4160
CEMADEN,260105201A,ARACOIABA - APAC,ARAÇOIABA,CEMADEN,PLUVIOMETRICA_AUTOMATICA,2023,CEMADEN_MAX_GAP_60MIN,TRUE,365,365,326,332,335,0.893150684931507,0.90958904109589,0.917808219178082,0,3,204
CEMADEN,260105201A,ARACOIABA - APAC,ARAÇOIABA,CEMADEN,PLUVIOMETRICA_AUTOMATICA,2024,CEMADEN_MAX_GAP_60MIN,TRUE,366,346,311,312,316,0.849726775956284,0.852459016393443,0.863387978142077,0,19,375
CEMADEN,260105201A,ARACOIABA - APAC,ARAÇOIABA,CEMADEN,PLUVIOMETRICA_AUTOMATICA,2025,CEMADEN_MAX_GAP_60MIN,TRUE,365,365,344,354,359,0.942465753424658,0.96986301369863,0.983561643835616,0,2,70
CEMADEN,260110201A,GERGILIN - APAC,ARARIPINA,CEMADEN,PLUVIOMETRICA_AUTOMATICA,2018,CEMADEN_MAX_GAP_60MIN,TRUE,365,208,149,172,178,0.408219178082192,0.471232876712329,0.487671232876712,0,158,127
CEMADEN,260110201A,GERGILIN - APAC,ARARIPINA,CEMADEN,PLUVIOMETRICA_AUTOMATICA,2019,CEMADEN_MAX_GAP_60MIN,TRUE,365,343,282,294,302,0.772602739726028,0.805479452054795,0.827397260273973,0,13,356.999999999999
CEMADEN,260110201A,GERGILIN - APAC,ARARIPINA,CEMADEN,PLUVIOMETRICA_AUTOMATICA,2020,CEMADEN_MAX_GAP_60MIN,TRUE,366,194,162,163,165,0.442622950819672,0.445355191256831,0.450819672131148,0,150,2090
CEMADEN,260110201A,GERGILIN - APAC,ARARIPINA,CEMADEN,PLUVIOMETRICA_AUTOMATICA,2021,CEMADEN_MAX_GAP_60MIN,TRUE,365,4,1,1,2,0.00273972602739726,0.00273972602739726,0.00547945205479452,0,299,1303099
CEMADEN,260110201A,GERGILIN - APAC,ARARIPINA,CEMADEN,PLUVIOMETRICA_AUTOMATICA,2024,CEMADEN_MAX_GAP_60MIN,TRUE,366,1,0,0,0,0,0,0,0,366,
CEMADEN,260110202A,Araripina - APAC,ARARIPINA,CEMADEN,PLUVIOMETRICA_AUTOMATICA,2024,CEMADEN_MAX_GAP_60MIN,TRUE,366,123,102,104,106,0.278688524590164,0.284153005464481,0.289617486338798,0,117,17148
CEMADEN,260110202A,Araripina - APAC,ARARIPINA,CEMADEN,PLUVIOMETRICA_AUTOMATICA,2025,CEMADEN_MAX_GAP_60MIN,TRUE,365,365,348,352,356,0.953424657534246,0.964383561643836,0.975342465753425,0,2,60
CEMADEN,260110203A,G2-260110203A | G2-Lagoa do Barro,ARARIPINA,CEMADEN,PLUVIOMETRICA_AUTOMATICA,2025,CEMADEN_MAX_GAP_60MIN,TRUE,365,101,71,83,83,0.194520547945205,0.227397260273973,0.227397260273973,0,265,131.999999999999
CEMADEN,260110204A,G2-260110204A | G2-Parque Três Vaqueiros,ARARIPINA,CEMADEN,PLUVIOMETRICA_AUTOMATICA,2025,CEMADEN_MAX_GAP_60MIN,TRUE,365,102,80,87,88,0.219178082191781,0.238356164383562,0.241095890410959,0,265,120
CEMADEN,260110206A,G2-260110206A | G2-Marcolândia,ARARIPINA,CEMADEN,PLUVIOMETRICA_AUTOMATICA,2025,CEMADEN_MAX_GAP_60MIN,TRUE,365,101,85,92,93,0.232876712328767,0.252054794520548,0.254794520547945,0,265,120
CEMADEN,260110207A,G2-260110207A | G2-Escola Luzanira Ramos,ARARIPINA,CEMADEN,PLUVIOMETRICA_AUTOMATICA,2025,CEMADEN_MAX_GAP_60MIN,TRUE,365,95,60,64,64,0.164383561643836,0.175342465753425,0.175342465753425,0,272,120
CEMADEN,260120101A,IPOJUCA - APAC,ARCOVERDE,CEMADEN,PLUVIOMETRICA_AUTOMATICA,2023,CEMADEN_MAX_GAP_60MIN,TRUE,365,185,172,173,176,0.471232876712329,0.473972602739726,0.482191780821918,0,181,80
CEMADEN,260120101A,IPOJUCA - APAC,ARCOVERDE,CEMADEN,PLUVIOMETRICA_AUTOMATICA,2024,CEMADEN_MAX_GAP_60MIN,TRUE,366,330,258,266,270,0.704918032786885,0.726775956284153,0.737704918032787,0,20,1411
CEMADEN,260120101A,IPOJUCA - APAC,ARCOVERDE,CEMADEN,PLUVIOMETRICA_AUTOMATICA,2025,CEMADEN_MAX_GAP_60MIN,TRUE,365,261,177,186,193,0.484931506849315,0.50958904109589,0.528767123287671,0,76,3904.49999999999
CEMADEN,260120101C,ARCOVERDE,ARCOVERDE,CEMADEN,PLUVIOMETRICA_AUTOMATICA,2017,CEMADEN_MAX_GAP_60MIN,TRUE,365,74,59,59,59,0.161643835616438,0.161643835616438,0.161643835616438,0,145,21640
CEMADEN,260120101C,ARCOVERDE,ARCOVERDE,CEMADEN,PLUVIOMETRICA_AUTOMATICA,2018,CEMADEN_MAX_GAP_60MIN,TRUE,365,351,211,211,211,0.578082191780822,0.578082191780822,0.578082191780822,0,64,1050
CEMADEN,260120101C,ARCOVERDE,ARCOVERDE,CEMADEN,PLUVIOMETRICA_AUTOMATICA,2019,CEMADEN_MAX_GAP_60MIN,TRUE,365,234,132,132,132,0.361643835616438,0.361643835616438,0.361643835616438,0,129,1260
CEMADEN,260120101C,ARCOVERDE,ARCOVERDE,CEMADEN,PLUVIOMETRICA_AUTOMATICA,2020,CEMADEN_MAX_GAP_60MIN,TRUE,366,22,1,1,1,0.00273224043715847,0.00273224043715847,0.00273224043715847,0,191,409200
CEMADEN,260120101C,ARCOVERDE,ARCOVERDE,CEMADEN,PLUVIOMETRICA_AUTOMATICA,2022,CEMADEN_MAX_GAP_60MIN,TRUE,365,8,6,6,6,0.0164383561643836,0.0164383561643836,0.0164383561643836,0,185,715592.999999999
CEMADEN,260130001A,Centro,BARRA DE GUABIRABA,CEMADEN,PLUVIOMETRICA_AUTOMATICA,2017,CEMADEN_MAX_GAP_60MIN,TRUE,365,365,346,347,351,0.947945205479452,0.950684931506849,0.961643835616438,0,2,60
CEMADEN,260130001A,Centro,BARRA DE GUABIRABA,CEMADEN,PLUVIOMETRICA_AUTOMATICA,2018,CEMADEN_MAX_GAP_60MIN,TRUE,365,365,321,332,341,0.879452054794521,0.90958904109589,0.934246575342466,0,3,120
CEMADEN,260130001A,Centro,BARRA DE GUABIRABA,CEMADEN,PLUVIOMETRICA_AUTOMATICA,2019,CEMADEN_MAX_GAP_60MIN,TRUE,365,354,276,293,306,0.756164383561644,0.802739726027397,0.838356164383562,0,15,600
CEMADEN,260130001A,Centro,BARRA DE GUABIRABA,CEMADEN,PLUVIOMETRICA_AUTOMATICA,2020,CEMADEN_MAX_GAP_60MIN,TRUE,366,366,234,265,296,0.639344262295082,0.724043715846995,0.808743169398907,0,14,397.5
CEMADEN,260130001A,Centro,BARRA DE GUABIRABA,CEMADEN,PLUVIOMETRICA_AUTOMATICA,2021,CEMADEN_MAX_GAP_60MIN,TRUE,365,365,246,255,269,0.673972602739726,0.698630136986301,0.736986301369863,0,21,120
CEMADEN,260130001A,Centro,BARRA DE GUABIRABA,CEMADEN,PLUVIOMETRICA_AUTOMATICA,2022,CEMADEN_MAX_GAP_60MIN,TRUE,365,365,275,289,298,0.753424657534247,0.791780821917808,0.816438356164383,0,7,190
CEMADEN,260130001A,Centro,BARRA DE GUABIRABA,CEMADEN,PLUVIOMETRICA_AUTOMATICA,2023,CEMADEN_MAX_GAP_60MIN,TRUE,365,365,316,322,332,0.865753424657534,0.882191780821918,0.90958904109589,0,6,120
CEMADEN,260130001A,Centro,BARRA DE GUABIRABA,CEMADEN,PLUVIOMETRICA_AUTOMATICA,2024,CEMADEN_MAX_GAP_60MIN,TRUE,366,366,266,284,295,0.726775956284153,0.775956284153005,0.806010928961749,0,5,120
CEMADEN,260130001A,Centro,BARRA DE GUABIRABA,CEMADEN,PLUVIOMETRICA_AUTOMATICA,2025,CEMADEN_MAX_GAP_60MIN,TRUE,365,305,200,213,223,0.547945205479452,0.583561643835617,0.610958904109589,0,48,1020
CEMADEN,260130002A,BARRA DE GUABIRABA - APAC,BARRA DE GUABIRABA,CEMADEN,PLUVIOMETRICA_AUTOMATICA,2019,CEMADEN_MAX_GAP_60MIN,TRUE,365,212,149,154,163,0.408219178082192,0.421917808219178,0.446575342465753,0,134,2470
CEMADEN,260130002A,BARRA DE GUABIRABA - APAC,BARRA DE GUABIRABA,CEMADEN,PLUVIOMETRICA_AUTOMATICA,2020,CEMADEN_MAX_GAP_60MIN,TRUE,366,43,0,0,0,0,0,0,0,366,25034
CEMADEN,260130002A,BARRA DE GUABIRABA - APAC,BARRA DE GUABIRABA,CEMADEN,PLUVIOMETRICA_AUTOMATICA,2023,CEMADEN_MAX_GAP_60MIN,TRUE,365,1,0,0,0,0,0,0,0,365,
CEMADEN,260130016H,Centro,BARRA DE GUABIRABA,CEMADEN,PLUVIOMETRICA_AUTOMATICA,2023,CEMADEN_MAX_GAP_60MIN,TRUE,365,237,236,236,236,0.646575342465753,0.646575342465753,0.646575342465753,0,129,60
CEMADEN,260130016H,Centro,BARRA DE GUABIRABA,CEMADEN,PLUVIOMETRICA_AUTOMATICA,2024,CEMADEN_MAX_GAP_60MIN,TRUE,366,366,366,366,366,1,1,1,0,0,60
CEMADEN,260130016H,Centro,BARRA DE GUABIRABA,CEMADEN,PLUVIOMETRICA_AUTOMATICA,2025,CEMADEN_MAX_GAP_60MIN,TRUE,365,365,363,363,363,0.994520547945205,0.994520547945205,0.994520547945205,0,1,60
CEMADEN,260140901A,Barreiros,BARREIROS,CEMADEN,PLUVIOMETRICA_AUTOMATICA,2017,CEMADEN_MAX_GAP_60MIN,TRUE,365,365,339,347,352,0.928767123287671,0.950684931506849,0.964383561643836,0,3,70
CEMADEN,260140901A,Barreiros,BARREIROS,CEMADEN,PLUVIOMETRICA_AUTOMATICA,2018,CEMADEN_MAX_GAP_60MIN,TRUE,365,365,320,338,343,0.876712328767123,0.926027397260274,0.93972602739726,0,4,118
CEMADEN,260140901A,Barreiros,BARREIROS,CEMADEN,PLUVIOMETRICA_AUTOMATICA,2019,CEMADEN_MAX_GAP_60MIN,TRUE,365,363,245,267,290,0.671232876712329,0.731506849315069,0.794520547945206,0,16,434.999999999999
CEMADEN,260140901A,Barreiros,BARREIROS,CEMADEN,PLUVIOMETRICA_AUTOMATICA,2020,CEMADEN_MAX_GAP_60MIN,TRUE,366,366,262,274,287,0.715846994535519,0.748633879781421,0.784153005464481,0,27,230
CEMADEN,260140901A,Barreiros,BARREIROS,CEMADEN,PLUVIOMETRICA_AUTOMATICA,2021,CEMADEN_MAX_GAP_60MIN,TRUE,365,344,300,303,307,0.821917808219178,0.83013698630137,0.841095890410959,0,32,333.999999999999
CEMADEN,260140901A,Barreiros,BARREIROS,CEMADEN,PLUVIOMETRICA_AUTOMATICA,2022,CEMADEN_MAX_GAP_60MIN,TRUE,365,273,218,226,236,0.597260273972603,0.619178082191781,0.646575342465753,0,96,238
CEMADEN,260140901A,Barreiros,BARREIROS,CEMADEN,PLUVIOMETRICA_AUTOMATICA,2023,CEMADEN_MAX_GAP_60MIN,TRUE,365,364,333,343,350,0.912328767123288,0.93972602739726,0.958904109589041,0,5,80
CEMADEN,260140901A,Barreiros,BARREIROS,CEMADEN,PLUVIOMETRICA_AUTOMATICA,2024,CEMADEN_MAX_GAP_60MIN,TRUE,366,311,256,268,271,0.699453551912568,0.73224043715847,0.740437158469945,0,78,1835
CEMADEN,260140901A,Barreiros,BARREIROS,CEMADEN,PLUVIOMETRICA_AUTOMATICA,2025,CEMADEN_MAX_GAP_60MIN,TRUE,365,256,188,199,204,0.515068493150685,0.545205479452055,0.558904109589041,0,130,2620
CEMADEN,260140901H,Barreiros | Rio Caruma,BARREIROS,CEMADEN,PLUVIOMETRICA_AUTOMATICA,2017,CEMADEN_MAX_GAP_60MIN,TRUE,365,227,174,206,206,0.476712328767123,0.564383561643836,0.564383561643836,0,59,127.5
CEMADEN,260140901H,Barreiros | Rio Caruma,BARREIROS,CEMADEN,PLUVIOMETRICA_AUTOMATICA,2020,CEMADEN_MAX_GAP_60MIN,TRUE,366,74,34,56,56,0.092896174863388,0.153005464480874,0.153005464480874,0,293,240
CEMADEN,260140901H,Barreiros | Rio Caruma,BARREIROS,CEMADEN,PLUVIOMETRICA_AUTOMATICA,2021,CEMADEN_MAX_GAP_60MIN,TRUE,365,294,119,262,263,0.326027397260274,0.717808219178082,0.72054794520548,0,69,120
CEMADEN,260140902A,Hospital Municipal | Rod. Armínio Cuil Hi Rme,BARREIROS,CEMADEN,PLUVIOMETRICA_AUTOMATICA,2017,CEMADEN_MAX_GAP_60MIN,TRUE,365,365,335,340,347,0.917808219178082,0.931506849315068,0.950684931506849,0,3,88.4999999999997
CEMADEN,260140902A,Hospital Municipal | Rod. Armínio Cuil Hi Rme,BARREIROS,CEMADEN,PLUVIOMETRICA_AUTOMATICA,2018,CEMADEN_MAX_GAP_60MIN,TRUE,365,365,318,330,337,0.871232876712329,0.904109589041096,0.923287671232877,0,3,120
CEMADEN,260140902A,Hospital Municipal | Rod. Armínio Cuil Hi Rme,BARREIROS,CEMADEN,PLUVIOMETRICA_AUTOMATICA,2019,CEMADEN_MAX_GAP_60MIN,TRUE,365,355,257,281,293,0.704109589041096,0.76986301369863,0.802739726027397,0,17,649
CEMADEN,260140902A,Hospital Municipal | Rod. Armínio Cuil Hi Rme,BARREIROS,CEMADEN,PLUVIOMETRICA_AUTOMATICA,2020,CEMADEN_MAX_GAP_60MIN,TRUE,366,366,166,190,225,0.453551912568306,0.519125683060109,0.614754098360656,0,34,365
CEMADEN,260140902A,Hospital Municipal | Rod. Armínio Cuil Hi Rme,BARREIROS,CEMADEN,PLUVIOMETRICA_AUTOMATICA,2021,CEMADEN_MAX_GAP_60MIN,TRUE,365,207,155,162,164,0.424657534246575,0.443835616438356,0.449315068493151,0,159,120
CEMADEN,260140902A,Hospital Municipal | Rod. Armínio Cuil Hi Rme,BARREIROS,CEMADEN,PLUVIOMETRICA_AUTOMATICA,2022,CEMADEN_MAX_GAP_60MIN,TRUE,365,262,192,196,198,0.526027397260274,0.536986301369863,0.542465753424658,0,74,1410
CEMADEN,260140902A,Hospital Municipal | Rod. Armínio Cuil Hi Rme,BARREIROS,CEMADEN,PLUVIOMETRICA_AUTOMATICA,2023,CEMADEN_MAX_GAP_60MIN,TRUE,365,365,306,317,324,0.838356164383562,0.868493150684932,0.887671232876712,0,6,120
CEMADEN,260140902A,Hospital Municipal | Rod. Armínio Cuil Hi Rme,BARREIROS,CEMADEN,PLUVIOMETRICA_AUTOMATICA,2024,CEMADEN_MAX_GAP_60MIN,TRUE,366,366,329,337,344,0.898907103825137,0.920765027322404,0.939890710382514,0,3,117.5
CEMADEN,260140902A,Hospital Municipal | Rod. Armínio Cuil Hi Rme,BARREIROS,CEMADEN,PLUVIOMETRICA_AUTOMATICA,2025,CEMADEN_MAX_GAP_60MIN,TRUE,365,310,256,271,285,0.701369863013699,0.742465753424658,0.780821917808219,0,39,120
CEMADEN,260140903A,BARREIROS - APAC,BARREIROS,CEMADEN,PLUVIOMETRICA_AUTOMATICA,2017,CEMADEN_MAX_GAP_60MIN,TRUE,365,42,17,19,21,0.0465753424657534,0.052054794520548,0.0575342465753425,0,326,180
CEMADEN,260140903A,BARREIROS - APAC,BARREIROS,CEMADEN,PLUVIOMETRICA_AUTOMATICA,2018,CEMADEN_MAX_GAP_60MIN,TRUE,365,365,304,318,330,0.832876712328767,0.871232876712329,0.904109589041096,0,7,120
CEMADEN,260140903A,BARREIROS - APAC,BARREIROS,CEMADEN,PLUVIOMETRICA_AUTOMATICA,2019,CEMADEN_MAX_GAP_60MIN,TRUE,365,318,266,274,279,0.728767123287671,0.750684931506849,0.764383561643836,0,41,1091.5
CEMADEN,260140903A,BARREIROS - APAC,BARREIROS,CEMADEN,PLUVIOMETRICA_AUTOMATICA,2021,CEMADEN_MAX_GAP_60MIN,TRUE,365,107,0,0,0,0,0,0,0,365,2491.99999999999
CEMADEN,260140903A,BARREIROS - APAC,BARREIROS,CEMADEN,PLUVIOMETRICA_AUTOMATICA,2022,CEMADEN_MAX_GAP_60MIN,TRUE,365,3,0,0,0,0,0,0,0,365,50102
CEMADEN,260140917H,Zona Rural,BARREIROS,CEMADEN,PLUVIOMETRICA_AUTOMATICA,2023,CEMADEN_MAX_GAP_60MIN,TRUE,365,236,235,235,235,0.643835616438356,0.643835616438356,0.643835616438356,0,130,60
CEMADEN,260140917H,Zona Rural,BARREIROS,CEMADEN,PLUVIOMETRICA_AUTOMATICA,2024,CEMADEN_MAX_GAP_60MIN,TRUE,366,366,366,366,366,1,1,1,0,0,60
CEMADEN,260140917H,Zona Rural,BARREIROS,CEMADEN,PLUVIOMETRICA_AUTOMATICA,2025,CEMADEN_MAX_GAP_60MIN,TRUE,365,358,353,354,354,0.967123287671233,0.96986301369863,0.96986301369863,0,9,60
CEMADEN,260150802A,Batateiras,BELÉM DE MARIA,CEMADEN,PLUVIOMETRICA_AUTOMATICA,2017,CEMADEN_MAX_GAP_60MIN,TRUE,365,298,249,256,261,0.682191780821918,0.701369863013699,0.715068493150685,0,30,1420
CEMADEN,260150802A,Batateiras,BELÉM DE MARIA,CEMADEN,PLUVIOMETRICA_AUTOMATICA,2018,CEMADEN_MAX_GAP_60MIN,TRUE,365,365,328,337,342,0.898630136986301,0.923287671232877,0.936986301369863,0,3,120
CEMADEN,260150802A,Batateiras,BELÉM DE MARIA,CEMADEN,PLUVIOMETRICA_AUTOMATICA,2019,CEMADEN_MAX_GAP_60MIN,TRUE,365,338,270,278,284,0.73972602739726,0.761643835616438,0.778082191780822,0,19,644.499999999995
CEMADEN,260150802A,Batateiras,BELÉM DE MARIA,CEMADEN,PLUVIOMETRICA_AUTOMATICA,2020,CEMADEN_MAX_GAP_60MIN,TRUE,366,233,109,131,157,0.297814207650273,0.35792349726776,0.42896174863388,0,177,2876
CEMADEN,260150802A,Batateiras,BELÉM DE MARIA,CEMADEN,PLUVIOMETRICA_AUTOMATICA,2021,CEMADEN_MAX_GAP_60MIN,TRUE,365,365,259,288,302,0.70958904109589,0.789041095890411,0.827397260273973,0,8,120
CEMADEN,260150802A,Batateiras,BELÉM DE MARIA,CEMADEN,PLUVIOMETRICA_AUTOMATICA,2022,CEMADEN_MAX_GAP_60MIN,TRUE,365,365,228,277,290,0.624657534246575,0.758904109589041,0.794520547945206,0,7,138
CEMADEN,260150802A,Batateiras,BELÉM DE MARIA,CEMADEN,PLUVIOMETRICA_AUTOMATICA,2023,CEMADEN_MAX_GAP_60MIN,TRUE,365,365,319,339,341,0.873972602739726,0.928767123287671,0.934246575342466,0,3,120
CEMADEN,260150802A,Batateiras,BELÉM DE MARIA,CEMADEN,PLUVIOMETRICA_AUTOMATICA,2024,CEMADEN_MAX_GAP_60MIN,TRUE,366,366,344,349,352,0.939890710382514,0.953551912568306,0.961748633879781,0,2,70
CEMADEN,260150802A,Batateiras,BELÉM DE MARIA,CEMADEN,PLUVIOMETRICA_AUTOMATICA,2025,CEMADEN_MAX_GAP_60MIN,TRUE,365,365,341,349,355,0.934246575342466,0.956164383561644,0.972602739726027,0,2,70
CEMADEN,260170601A,15º BPM - Belo Jardim - APAC | Belo Jardim [15 BPM] - APAC,BELO JARDIM,CEMADEN,PLUVIOMETRICA_AUTOMATICA,2023,CEMADEN_MAX_GAP_60MIN,TRUE,365,43,36,38,38,0.0986301369863014,0.104109589041096,0.104109589041096,0,221,160
CEMADEN,260170601A,15º BPM - Belo Jardim - APAC | Belo Jardim [15 BPM] - APAC,BELO JARDIM,CEMADEN,PLUVIOMETRICA_AUTOMATICA,2024,CEMADEN_MAX_GAP_60MIN,TRUE,366,341,308,311,313,0.841530054644809,0.849726775956284,0.855191256830601,0,17,220
CEMADEN,260170601A,15º BPM - Belo Jardim - APAC | Belo Jardim [15 BPM] - APAC,BELO JARDIM,CEMADEN,PLUVIOMETRICA_AUTOMATICA,2025,CEMADEN_MAX_GAP_60MIN,TRUE,365,283,231,234,237,0.632876712328767,0.641095890410959,0.649315068493151,0,60,4200
CEMADEN,260170601C,BELO JARDIM,BELO JARDIM,CEMADEN,PLUVIOMETRICA_AUTOMATICA,2018,CEMADEN_MAX_GAP_60MIN,TRUE,365,304,286,286,286,0.783561643835617,0.783561643835617,0.783561643835617,0,40,3400
CEMADEN,260170601C,BELO JARDIM,BELO JARDIM,CEMADEN,PLUVIOMETRICA_AUTOMATICA,2019,CEMADEN_MAX_GAP_60MIN,TRUE,365,339,159,159,159,0.435616438356164,0.435616438356164,0.435616438356164,0,71,2220
CEMADEN,260170601C,BELO JARDIM,BELO JARDIM,CEMADEN,PLUVIOMETRICA_AUTOMATICA,2020,CEMADEN_MAX_GAP_60MIN,TRUE,366,334,65,65,65,0.177595628415301,0.177595628415301,0.177595628415301,0,88,1161
CEMADEN,260170601C,BELO JARDIM,BELO JARDIM,CEMADEN,PLUVIOMETRICA_AUTOMATICA,2022,CEMADEN_MAX_GAP_60MIN,TRUE,365,5,0,0,0,0,0,0,0,365,873720
CEMADEN,260170601C,BELO JARDIM,BELO JARDIM,CEMADEN,PLUVIOMETRICA_AUTOMATICA,2023,CEMADEN_MAX_GAP_60MIN,TRUE,365,365,0,0,0,0,0,0,0,365,1020
CEMADEN,260170601C,BELO JARDIM,BELO JARDIM,CEMADEN,PLUVIOMETRICA_AUTOMATICA,2024,CEMADEN_MAX_GAP_60MIN,TRUE,366,230,0,0,0,0,0,0,0,366,3060
CEMADEN,260170601C,BELO JARDIM,BELO JARDIM,CEMADEN,PLUVIOMETRICA_AUTOMATICA,2025,CEMADEN_MAX_GAP_60MIN,TRUE,365,4,0,0,0,0,0,0,0,365,234507
CEMADEN,260170602A,G2-260170602A | G2-IFPE - Belo Jardim,BELO JARDIM,CEMADEN,PLUVIOMETRICA_AUTOMATICA,2025,CEMADEN_MAX_GAP_60MIN,TRUE,365,120,91,96,96,0.249315068493151,0.263013698630137,0.263013698630137,0,248,120
CEMADEN,260170603A,G2-260170603A | G2-Garagem - Prefeitura,BELO JARDIM,CEMADEN,PLUVIOMETRICA_AUTOMATICA,2025,CEMADEN_MAX_GAP_60MIN,TRUE,365,120,93,103,103,0.254794520547945,0.282191780821918,0.282191780821918,0,248,120
CEMADEN,260170604A,G2-260170604A | G2-Escola Santo Antônio,BELO JARDIM,CEMADEN,PLUVIOMETRICA_AUTOMATICA,2025,CEMADEN_MAX_GAP_60MIN,TRUE,365,120,93,99,100,0.254794520547945,0.271232876712329,0.273972602739726,0,248,120
CEMADEN,260180501A,SÃO CAETANO DO NAVIO - APAC | SÃO CAETANO DO NAVIO - APAC,BETÂNIA,CEMADEN,PLUVIOMETRICA_AUTOMATICA,2018,CEMADEN_MAX_GAP_60MIN,TRUE,365,293,161,213,252,0.441095890410959,0.583561643835617,0.69041095890411,0,75,139
CEMADEN,260180501A,SÃO CAETANO DO NAVIO - APAC | SÃO CAETANO DO NAVIO - APAC,BETÂNIA,CEMADEN,PLUVIOMETRICA_AUTOMATICA,2019,CEMADEN_MAX_GAP_60MIN,TRUE,365,234,130,170,202,0.356164383561644,0.465753424657534,0.553424657534247,0,126,220.5
CEMADEN,260180501A,SÃO CAETANO DO NAVIO - APAC | SÃO CAETANO DO NAVIO - APAC,BETÂNIA,CEMADEN,PLUVIOMETRICA_AUTOMATICA,2024,CEMADEN_MAX_GAP_60MIN,TRUE,366,175,138,146,150,0.377049180327869,0.398907103825137,0.409836065573771,0,175,540.999999999987
CEMADEN,260180501A,SÃO CAETANO DO NAVIO - APAC | SÃO CAETANO DO NAVIO - APAC,BETÂNIA,CEMADEN,PLUVIOMETRICA_AUTOMATICA,2025,CEMADEN_MAX_GAP_60MIN,TRUE,365,271,197,212,222,0.53972602739726,0.580821917808219,0.608219178082192,0,45,4010
CEMADEN,260180501U,BETANIA,BETÂNIA,CEMADEN,PLUVIOMETRICA_AUTOMATICA,2018,CEMADEN_MAX_GAP_60MIN,TRUE,365,2,0,0,0,0,0,0,0,365,
CEMADEN,260190401A,Centro,BEZERROS,CEMADEN,PLUVIOMETRICA_AUTOMATICA,2017,CEMADEN_MAX_GAP_60MIN,TRUE,365,362,341,344,348,0.934246575342466,0.942465753424658,0.953424657534246,0,4,70
CEMADEN,260190401A,Centro,BEZERROS,CEMADEN,PLUVIOMETRICA_AUTOMATICA,2018,CEMADEN_MAX_GAP_60MIN,TRUE,365,365,340,346,349,0.931506849315068,0.947945205479452,0.956164383561644,0,2,78.0000000000001
CEMADEN,260190401A,Centro,BEZERROS,CEMADEN,PLUVIOMETRICA_AUTOMATICA,2019,CEMADEN_MAX_GAP_60MIN,TRUE,365,352,287,295,302,0.786301369863014,0.808219178082192,0.827397260273973,0,15,1058.5
CEMADEN,260190401A,Centro,BEZERROS,CEMADEN,PLUVIOMETRICA_AUTOMATICA,2020,CEMADEN_MAX_GAP_60MIN,TRUE,366,366,233,263,295,0.636612021857924,0.718579234972678,0.806010928961749,0,12,440
CEMADEN,260190401A,Centro,BEZERROS,CEMADEN,PLUVIOMETRICA_AUTOMATICA,2021,CEMADEN_MAX_GAP_60MIN,TRUE,365,365,315,322,327,0.863013698630137,0.882191780821918,0.895890410958904,0,8,120
CEMADEN,260190401A,Centro,BEZERROS,CEMADEN,PLUVIOMETRICA_AUTOMATICA,2022,CEMADEN_MAX_GAP_60MIN,TRUE,365,365,304,312,324,0.832876712328767,0.854794520547945,0.887671232876712,0,5,120
CEMADEN,260190401A,Centro,BEZERROS,CEMADEN,PLUVIOMETRICA_AUTOMATICA,2023,CEMADEN_MAX_GAP_60MIN,TRUE,365,365,308,314,327,0.843835616438356,0.86027397260274,0.895890410958904,0,8,120
CEMADEN,260190401A,Centro,BEZERROS,CEMADEN,PLUVIOMETRICA_AUTOMATICA,2024,CEMADEN_MAX_GAP_60MIN,TRUE,366,353,294,307,320,0.80327868852459,0.83879781420765,0.87431693989071,0,20,120
CEMADEN,260190401A,Centro,BEZERROS,CEMADEN,PLUVIOMETRICA_AUTOMATICA,2025,CEMADEN_MAX_GAP_60MIN,TRUE,365,308,208,217,222,0.56986301369863,0.594520547945206,0.608219178082192,0,135,2601
CEMADEN,260190401C,BEZERROS,BEZERROS,CEMADEN,PLUVIOMETRICA_AUTOMATICA,2017,CEMADEN_MAX_GAP_60MIN,TRUE,365,1,0,0,0,0,0,0,0,365,
CEMADEN,260190401C,BEZERROS,BEZERROS,CEMADEN,PLUVIOMETRICA_AUTOMATICA,2018,CEMADEN_MAX_GAP_60MIN,TRUE,365,317,117,117,117,0.32054794520548,0.32054794520548,0.32054794520548,0,179,960
CEMADEN,260190401C,BEZERROS,BEZERROS,CEMADEN,PLUVIOMETRICA_AUTOMATICA,2019,CEMADEN_MAX_GAP_60MIN,TRUE,365,348,0,0,0,0,0,0,0,365,1299
CEMADEN,260190401C,BEZERROS,BEZERROS,CEMADEN,PLUVIOMETRICA_AUTOMATICA,2020,CEMADEN_MAX_GAP_60MIN,TRUE,366,343,0,0,0,0,0,0,0,366,2580
CEMADEN,260190401C,BEZERROS,BEZERROS,CEMADEN,PLUVIOMETRICA_AUTOMATICA,2021,CEMADEN_MAX_GAP_60MIN,TRUE,365,322,182,182,182,0.498630136986301,0.498630136986301,0.498630136986301,0,73,960
CEMADEN,260200101A,Bodocó [IPA] - APAC,BODOCÓ,CEMADEN,PLUVIOMETRICA_AUTOMATICA,2023,CEMADEN_MAX_GAP_60MIN,TRUE,365,149,125,128,128,0.342465753424658,0.350684931506849,0.350684931506849,0,213,120
CEMADEN,260200101A,Bodocó [IPA] - APAC,BODOCÓ,CEMADEN,PLUVIOMETRICA_AUTOMATICA,2024,CEMADEN_MAX_GAP_60MIN,TRUE,366,324,271,282,290,0.740437158469945,0.770491803278689,0.792349726775956,0,55,1340
CEMADEN,260200101A,Bodocó [IPA] - APAC,BODOCÓ,CEMADEN,PLUVIOMETRICA_AUTOMATICA,2025,CEMADEN_MAX_GAP_60MIN,TRUE,365,365,336,344,347,0.920547945205479,0.942465753424658,0.950684931506849,0,2,88.4999999999997
CEMADEN,260200101C,BODOCO,BODOCÓ,CEMADEN,PLUVIOMETRICA_AUTOMATICA,2017,CEMADEN_MAX_GAP_60MIN,TRUE,365,118,67,67,67,0.183561643835616,0.183561643835616,0.183561643835616,0,77,22020
CEMADEN,260200101C,BODOCO,BODOCÓ,CEMADEN,PLUVIOMETRICA_AUTOMATICA,2018,CEMADEN_MAX_GAP_60MIN,TRUE,365,269,192,192,192,0.526027397260274,0.526027397260274,0.526027397260274,0,37,5659.99999999999
CEMADEN,260200101C,BODOCO,BODOCÓ,CEMADEN,PLUVIOMETRICA_AUTOMATICA,2019,CEMADEN_MAX_GAP_60MIN,TRUE,365,37,15,15,15,0.0410958904109589,0.0410958904109589,0.0410958904109589,0,232,90480
CEMADEN,260210001A,Bom Conselho [9 BPM] - APAC,BOM CONSELHO,CEMADEN,PLUVIOMETRICA_AUTOMATICA,2023,CEMADEN_MAX_GAP_60MIN,TRUE,365,139,108,109,109,0.295890410958904,0.298630136986301,0.298630136986301,0,227,120
CEMADEN,260210001A,Bom Conselho [9 BPM] - APAC,BOM CONSELHO,CEMADEN,PLUVIOMETRICA_AUTOMATICA,2024,CEMADEN_MAX_GAP_60MIN,TRUE,366,304,244,248,257,0.666666666666667,0.677595628415301,0.702185792349727,0,51,1460
CEMADEN,260210001A,Bom Conselho [9 BPM] - APAC,BOM CONSELHO,CEMADEN,PLUVIOMETRICA_AUTOMATICA,2025,CEMADEN_MAX_GAP_60MIN,TRUE,365,365,324,334,339,0.887671232876712,0.915068493150685,0.928767123287671,0,3,108.5
CEMADEN,260210001C,BOM CONSELHO,BOM CONSELHO,CEMADEN,PLUVIOMETRICA_AUTOMATICA,2017,CEMADEN_MAX_GAP_60MIN,TRUE,365,158,115,115,115,0.315068493150685,0.315068493150685,0.315068493150685,0,104,14396
CEMADEN,260210001C,BOM CONSELHO,BOM CONSELHO,CEMADEN,PLUVIOMETRICA_AUTOMATICA,2018,CEMADEN_MAX_GAP_60MIN,TRUE,365,346,329,329,329,0.901369863013699,0.901369863013699,0.901369863013699,0,31,60
CEMADEN,260210001C,BOM CONSELHO,BOM CONSELHO,CEMADEN,PLUVIOMETRICA_AUTOMATICA,2019,CEMADEN_MAX_GAP_60MIN,TRUE,365,272,234,234,234,0.641095890410959,0.641095890410959,0.641095890410959,0,62,3620
CEMADEN,260210001C,BOM CONSELHO,BOM CONSELHO,CEMADEN,PLUVIOMETRICA_AUTOMATICA,2020,CEMADEN_MAX_GAP_60MIN,TRUE,366,300,248,248,248,0.677595628415301,0.677595628415301,0.677595628415301,0,78,720
CEMADEN,260210001C,BOM CONSELHO,BOM CONSELHO,CEMADEN,PLUVIOMETRICA_AUTOMATICA,2022,CEMADEN_MAX_GAP_60MIN,TRUE,365,242,88,88,89,0.241095890410959,0.241095890410959,0.243835616438356,0,124,660
CEMADEN,260210001C,BOM CONSELHO,BOM CONSELHO,CEMADEN,PLUVIOMETRICA_AUTOMATICA,2023,CEMADEN_MAX_GAP_60MIN,TRUE,365,365,179,179,179,0.49041095890411,0.49041095890411,0.49041095890411,0,109,960
CEMADEN,260210001C,BOM CONSELHO,BOM CONSELHO,CEMADEN,PLUVIOMETRICA_AUTOMATICA,2024,CEMADEN_MAX_GAP_60MIN,TRUE,366,363,0,0,0,0,0,0,0,366,1140
CEMADEN,260210001C,BOM CONSELHO,BOM CONSELHO,CEMADEN,PLUVIOMETRICA_AUTOMATICA,2025,CEMADEN_MAX_GAP_60MIN,TRUE,365,105,0,0,0,0,0,0,0,365,1140
CEMADEN,260220901A,BOM JARDIM - APAC | Centro - APAC,BOM JARDIM,CEMADEN,PLUVIOMETRICA_AUTOMATICA,2017,CEMADEN_MAX_GAP_60MIN,TRUE,365,15,8,8,10,0.0219178082191781,0.0219178082191781,0.0273972602739726,0,352,120
CEMADEN,260220901A,BOM JARDIM - APAC | Centro - APAC,BOM JARDIM,CEMADEN,PLUVIOMETRICA_AUTOMATICA,2018,CEMADEN_MAX_GAP_60MIN,TRUE,365,116,66,67,69,0.180821917808219,0.183561643835616,0.189041095890411,0,250,180
CEMADEN,260220901A,BOM JARDIM - APAC | Centro - APAC,BOM JARDIM,CEMADEN,PLUVIOMETRICA_AUTOMATICA,2019,CEMADEN_MAX_GAP_60MIN,TRUE,365,54,42,42,42,0.115068493150685,0.115068493150685,0.115068493150685,0,295,10608.5
CEMADEN,260220901A,BOM JARDIM - APAC | Centro - APAC,BOM JARDIM,CEMADEN,PLUVIOMETRICA_AUTOMATICA,2020,CEMADEN_MAX_GAP_60MIN,TRUE,366,363,298,309,317,0.814207650273224,0.844262295081967,0.866120218579235,0,10,190
CEMADEN,260220901A,BOM JARDIM - APAC | Centro - APAC,BOM JARDIM,CEMADEN,PLUVIOMETRICA_AUTOMATICA,2021,CEMADEN_MAX_GAP_60MIN,TRUE,365,211,148,156,164,0.405479452054795,0.427397260273973,0.449315068493151,0,135,385
CEMADEN,260220901A,BOM JARDIM - APAC | Centro - APAC,BOM JARDIM,CEMADEN,PLUVIOMETRICA_AUTOMATICA,2022,CEMADEN_MAX_GAP_60MIN,TRUE,365,12,2,7,9,0.00547945205479452,0.0191780821917808,0.0246575342465753,0,187,354972.5
CEMADEN,260220901A,BOM JARDIM - APAC | Centro - APAC,BOM JARDIM,CEMADEN,PLUVIOMETRICA_AUTOMATICA,2023,CEMADEN_MAX_GAP_60MIN,TRUE,365,345,299,304,308,0.819178082191781,0.832876712328767,0.843835616438356,0,20,120
CEMADEN,260220901A,BOM JARDIM - APAC | Centro - APAC,BOM JARDIM,CEMADEN,PLUVIOMETRICA_AUTOMATICA,2024,CEMADEN_MAX_GAP_60MIN,TRUE,366,366,344,352,357,0.939890710382514,0.961748633879781,0.975409836065574,0,2,70
CEMADEN,260220901A,BOM JARDIM - APAC | Centro - APAC,BOM JARDIM,CEMADEN,PLUVIOMETRICA_AUTOMATICA,2025,CEMADEN_MAX_GAP_60MIN,TRUE,365,365,315,333,340,0.863013698630137,0.912328767123288,0.931506849315068,0,6,110
CEMADEN,260220902A,G2-260220902A | G2-Bizarra,BOM JARDIM,CEMADEN,PLUVIOMETRICA_AUTOMATICA,2025,CEMADEN_MAX_GAP_60MIN,TRUE,365,111,73,80,80,0.2,0.219178082191781,0.219178082191781,0,256,120
CEMADEN,260220903A,G2-260220903A | G2-Tamboatá,BOM JARDIM,CEMADEN,PLUVIOMETRICA_AUTOMATICA,2025,CEMADEN_MAX_GAP_60MIN,TRUE,365,111,80,89,89,0.219178082191781,0.243835616438356,0.243835616438356,0,256,120
CEMADEN,260220904A,G2-260220904A | G2-Encruzilhada,BOM JARDIM,CEMADEN,PLUVIOMETRICA_AUTOMATICA,2025,CEMADEN_MAX_GAP_60MIN,TRUE,365,127,97,115,115,0.265753424657534,0.315068493150685,0.315068493150685,0,240,120
CEMADEN,260230801A,BONITO - APAC | Colégio Paulo Queiroz - Centro - APAC,BONITO,CEMADEN,PLUVIOMETRICA_AUTOMATICA,2017,CEMADEN_MAX_GAP_60MIN,TRUE,365,16,3,3,3,0.00821917808219178,0.00821917808219178,0.00821917808219178,0,351,209
CEMADEN,260230801A,BONITO - APAC | Colégio Paulo Queiroz - Centro - APAC,BONITO,CEMADEN,PLUVIOMETRICA_AUTOMATICA,2018,CEMADEN_MAX_GAP_60MIN,TRUE,365,365,236,276,293,0.646575342465753,0.756164383561644,0.802739726027397,0,17,120
CEMADEN,260230801A,BONITO - APAC | Colégio Paulo Queiroz - Centro - APAC,BONITO,CEMADEN,PLUVIOMETRICA_AUTOMATICA,2019,CEMADEN_MAX_GAP_60MIN,TRUE,365,354,245,265,286,0.671232876712329,0.726027397260274,0.783561643835617,0,13,243.5
CEMADEN,260230801A,BONITO - APAC | Colégio Paulo Queiroz - Centro - APAC,BONITO,CEMADEN,PLUVIOMETRICA_AUTOMATICA,2020,CEMADEN_MAX_GAP_60MIN,TRUE,366,212,166,181,194,0.453551912568306,0.494535519125683,0.530054644808743,0,157,120
CEMADEN,260230801A,BONITO - APAC | Colégio Paulo Queiroz - Centro - APAC,BONITO,CEMADEN,PLUVIOMETRICA_AUTOMATICA,2021,CEMADEN_MAX_GAP_60MIN,TRUE,365,151,127,132,135,0.347945205479452,0.361643835616438,0.36986301369863,0,215,250
CEMADEN,260230801A,BONITO - APAC | Colégio Paulo Queiroz - Centro - APAC,BONITO,CEMADEN,PLUVIOMETRICA_AUTOMATICA,2022,CEMADEN_MAX_GAP_60MIN,TRUE,365,363,314,321,331,0.86027397260274,0.879452054794521,0.906849315068493,0,6,249
CEMADEN,260230801A,BONITO - APAC | Colégio Paulo Queiroz - Centro - APAC,BONITO,CEMADEN,PLUVIOMETRICA_AUTOMATICA,2023,CEMADEN_MAX_GAP_60MIN,TRUE,365,356,286,296,307,0.783561643835617,0.810958904109589,0.841095890410959,0,22,652.5
CEMADEN,260230801A,BONITO - APAC | Colégio Paulo Queiroz - Centro - APAC,BONITO,CEMADEN,PLUVIOMETRICA_AUTOMATICA,2024,CEMADEN_MAX_GAP_60MIN,TRUE,366,362,315,326,333,0.860655737704918,0.890710382513661,0.909836065573771,0,9,120
CEMADEN,260230801A,BONITO - APAC | Colégio Paulo Queiroz - Centro - APAC,BONITO,CEMADEN,PLUVIOMETRICA_AUTOMATICA,2025,CEMADEN_MAX_GAP_60MIN,TRUE,365,362,328,338,348,0.898630136986301,0.926027397260274,0.953424657534246,0,6,80
CEMADEN,260230802A,BONITO 2 - APAC,BONITO,CEMADEN,PLUVIOMETRICA_AUTOMATICA,2019,CEMADEN_MAX_GAP_60MIN,TRUE,365,51,43,44,46,0.117808219178082,0.120547945205479,0.126027397260274,0,317,213.5
CEMADEN,260230802A,BONITO 2 - APAC,BONITO,CEMADEN,PLUVIOMETRICA_AUTOMATICA,2020,CEMADEN_MAX_GAP_60MIN,TRUE,366,182,141,152,155,0.385245901639344,0.415300546448087,0.423497267759563,0,193,337.499999999999
CEMADEN,260230802A,BONITO 2 - APAC,BONITO,CEMADEN,PLUVIOMETRICA_AUTOMATICA,2021,CEMADEN_MAX_GAP_60MIN,TRUE,365,147,71,81,87,0.194520547945205,0.221917808219178,0.238356164383562,0,216,560
CEMADEN,260230802A,BONITO 2 - APAC,BONITO,CEMADEN,PLUVIOMETRICA_AUTOMATICA,2022,CEMADEN_MAX_GAP_60MIN,TRUE,365,350,101,152,221,0.276712328767123,0.416438356164384,0.605479452054795,0,32,270
CEMADEN,260230802A,BONITO 2 - APAC,BONITO,CEMADEN,PLUVIOMETRICA_AUTOMATICA,2023,CEMADEN_MAX_GAP_60MIN,TRUE,365,193,60,81,105,0.164383561643836,0.221917808219178,0.287671232876712,0,205,279.999999999999
CEMADEN,260230802A,BONITO 2 - APAC,BONITO,CEMADEN,PLUVIOMETRICA_AUTOMATICA,2024,CEMADEN_MAX_GAP_60MIN,TRUE,366,260,22,62,106,0.0601092896174863,0.169398907103825,0.289617486338798,0,160,483.999999999999
CEMADEN,260230802A,BONITO 2 - APAC,BONITO,CEMADEN,PLUVIOMETRICA_AUTOMATICA,2025,CEMADEN_MAX_GAP_60MIN,TRUE,365,210,20,39,68,0.0547945205479452,0.106849315068493,0.186301369863014,0,138,1956
CEMADEN,260230803A,G2-260230803A,BONITO,CEMADEN,PLUVIOMETRICA_AUTOMATICA,2025,CEMADEN_MAX_GAP_60MIN,TRUE,365,111,77,97,97,0.210958904109589,0.265753424657534,0.265753424657534,0,254,180
CEMADEN,260230804A,G2-260230804A | G2-Colégio João XXIII - Alto do Bonito,BONITO,CEMADEN,PLUVIOMETRICA_AUTOMATICA,2025,CEMADEN_MAX_GAP_60MIN,TRUE,365,122,81,101,102,0.221917808219178,0.276712328767123,0.279452054794521,0,246,120
CEMADEN,260230805A,G2-260230805A | G2-Colégio Manoel de Q Lima,BONITO,CEMADEN,PLUVIOMETRICA_AUTOMATICA,2025,CEMADEN_MAX_GAP_60MIN,TRUE,365,112,84,99,99,0.23013698630137,0.271232876712329,0.271232876712329,0,254,120
CEMADEN,260240701C,BREJAO,BREJÃO,CEMADEN,PLUVIOMETRICA_AUTOMATICA,2017,CEMADEN_MAX_GAP_60MIN,TRUE,365,241,134,134,134,0.367123287671233,0.367123287671233,0.367123287671233,0,100,5956.49999999999
CEMADEN,260240701C,BREJAO,BREJÃO,CEMADEN,PLUVIOMETRICA_AUTOMATICA,2018,CEMADEN_MAX_GAP_60MIN,TRUE,365,357,320,320,320,0.876712328767123,0.876712328767123,0.876712328767123,0,31,660
CEMADEN,260240701C,BREJAO,BREJÃO,CEMADEN,PLUVIOMETRICA_AUTOMATICA,2019,CEMADEN_MAX_GAP_60MIN,TRUE,365,353,241,241,241,0.66027397260274,0.66027397260274,0.66027397260274,0,73,1944
CEMADEN,260240701C,BREJAO,BREJÃO,CEMADEN,PLUVIOMETRICA_AUTOMATICA,2020,CEMADEN_MAX_GAP_60MIN,TRUE,366,309,0,0,0,0,0,0,0,366,4200
CEMADEN,260240701C,BREJAO,BREJÃO,CEMADEN,PLUVIOMETRICA_AUTOMATICA,2021,CEMADEN_MAX_GAP_60MIN,TRUE,365,261,0,0,0,0,0,0,0,365,4140
CEMADEN,260240701C,BREJAO,BREJÃO,CEMADEN,PLUVIOMETRICA_AUTOMATICA,2022,CEMADEN_MAX_GAP_60MIN,TRUE,365,11,7,7,7,0.0191780821917808,0.0191780821917808,0.0191780821917808,0,234,369235
CEMADEN,260240701C,BREJAO,BREJÃO,CEMADEN,PLUVIOMETRICA_AUTOMATICA,2023,CEMADEN_MAX_GAP_60MIN,TRUE,365,272,267,267,268,0.731506849315069,0.731506849315069,0.734246575342466,0,94,60
CEMADEN,260240701C,BREJAO,BREJÃO,CEMADEN,PLUVIOMETRICA_AUTOMATICA,2024,CEMADEN_MAX_GAP_60MIN,TRUE,366,139,138,138,138,0.377049180327869,0.377049180327869,0.377049180327869,0,228,60
CEMADEN,260250601A,BREJINHO - APAC,BREJINHO,CEMADEN,PLUVIOMETRICA_AUTOMATICA,2018,CEMADEN_MAX_GAP_60MIN,TRUE,365,345,282,288,293,0.772602739726028,0.789041095890411,0.802739726027397,0,20,180
CEMADEN,260250601A,BREJINHO - APAC,BREJINHO,CEMADEN,PLUVIOMETRICA_AUTOMATICA,2019,CEMADEN_MAX_GAP_60MIN,TRUE,365,279,194,198,200,0.531506849315069,0.542465753424658,0.547945205479452,0,40,5820
CEMADEN,260250601A,BREJINHO - APAC,BREJINHO,CEMADEN,PLUVIOMETRICA_AUTOMATICA,2021,CEMADEN_MAX_GAP_60MIN,TRUE,365,96,35,36,38,0.0958904109589041,0.0986301369863014,0.104109589041096,0,270,1152.5
CEMADEN,260250601A,BREJINHO - APAC,BREJINHO,CEMADEN,PLUVIOMETRICA_AUTOMATICA,2022,CEMADEN_MAX_GAP_60MIN,TRUE,365,11,0,0,0,0,0,0,0,365,429150
CEMADEN,260250601A,BREJINHO - APAC,BREJINHO,CEMADEN,PLUVIOMETRICA_AUTOMATICA,2023,CEMADEN_MAX_GAP_60MIN,TRUE,365,125,77,116,118,0.210958904109589,0.317808219178082,0.323287671232877,0,244,112
CEMADEN,260250601A,BREJINHO - APAC,BREJINHO,CEMADEN,PLUVIOMETRICA_AUTOMATICA,2024,CEMADEN_MAX_GAP_60MIN,TRUE,366,354,323,331,335,0.882513661202186,0.904371584699454,0.915300546448087,0,9,106.999999999999
CEMADEN,260250601A,BREJINHO - APAC,BREJINHO,CEMADEN,PLUVIOMETRICA_AUTOMATICA,2025,CEMADEN_MAX_GAP_60MIN,TRUE,365,272,229,235,235,0.627397260273973,0.643835616438356,0.643835616438356,0,70,3150
CEMADEN,260260501C,BREJO DA MADRE DE DEUS,BREJO DA MADRE DE DEUS,CEMADEN,PLUVIOMETRICA_AUTOMATICA,2017,CEMADEN_MAX_GAP_60MIN,TRUE,365,154,104,104,104,0.284931506849315,0.284931506849315,0.284931506849315,0,101,14200
CEMADEN,260260501C,BREJO DA MADRE DE DEUS,BREJO DA MADRE DE DEUS,CEMADEN,PLUVIOMETRICA_AUTOMATICA,2018,CEMADEN_MAX_GAP_60MIN,TRUE,365,316,293,293,293,0.802739726027397,0.802739726027397,0.802739726027397,0,39,840
CEMADEN,260260501C,BREJO DA MADRE DE DEUS,BREJO DA MADRE DE DEUS,CEMADEN,PLUVIOMETRICA_AUTOMATICA,2019,CEMADEN_MAX_GAP_60MIN,TRUE,365,346,263,263,263,0.72054794520548,0.72054794520548,0.72054794520548,0,56,2130
CEMADEN,260260501C,BREJO DA MADRE DE DEUS,BREJO DA MADRE DE DEUS,CEMADEN,PLUVIOMETRICA_AUTOMATICA,2020,CEMADEN_MAX_GAP_60MIN,TRUE,366,363,29,29,29,0.0792349726775956,0.0792349726775956,0.0792349726775956,0,205,960
CEMADEN,260260501C,BREJO DA MADRE DE DEUS,BREJO DA MADRE DE DEUS,CEMADEN,PLUVIOMETRICA_AUTOMATICA,2021,CEMADEN_MAX_GAP_60MIN,TRUE,365,44,0,0,0,0,0,0,0,365,1182
CEMADEN,260260501C,BREJO DA MADRE DE DEUS,BREJO DA MADRE DE DEUS,CEMADEN,PLUVIOMETRICA_AUTOMATICA,2022,CEMADEN_MAX_GAP_60MIN,TRUE,365,10,0,0,0,0,0,0,0,365,536468.999999999
CEMADEN,260260501C,BREJO DA MADRE DE DEUS,BREJO DA MADRE DE DEUS,CEMADEN,PLUVIOMETRICA_AUTOMATICA,2023,CEMADEN_MAX_GAP_60MIN,TRUE,365,239,4,4,7,0.010958904109589,0.010958904109589,0.0191780821917808,0,173,2640
CEMADEN,260260501C,BREJO DA MADRE DE DEUS,BREJO DA MADRE DE DEUS,CEMADEN,PLUVIOMETRICA_AUTOMATICA,2024,CEMADEN_MAX_GAP_60MIN,TRUE,366,1,0,0,0,0,0,0,0,366,
CEMADEN,260270401A,BUENOS AIRES - APAC,BUENOS AIRES,CEMADEN,PLUVIOMETRICA_AUTOMATICA,2017,CEMADEN_MAX_GAP_60MIN,TRUE,365,40,18,18,18,0.0493150684931507,0.0493150684931507,0.0493150684931507,0,328,800
CEMADEN,260270401A,BUENOS AIRES - APAC,BUENOS AIRES,CEMADEN,PLUVIOMETRICA_AUTOMATICA,2018,CEMADEN_MAX_GAP_60MIN,TRUE,365,365,311,322,326,0.852054794520548,0.882191780821918,0.893150684931507,0,5,120
CEMADEN,260270401A,BUENOS AIRES - APAC,BUENOS AIRES,CEMADEN,PLUVIOMETRICA_AUTOMATICA,2019,CEMADEN_MAX_GAP_60MIN,TRUE,365,353,299,310,314,0.819178082191781,0.849315068493151,0.86027397260274,0,13,371.999999999999
CEMADEN,260270401A,BUENOS AIRES - APAC,BUENOS AIRES,CEMADEN,PLUVIOMETRICA_AUTOMATICA,2020,CEMADEN_MAX_GAP_60MIN,TRUE,366,356,294,307,319,0.80327868852459,0.83879781420765,0.871584699453552,0,12,120
CEMADEN,260270401A,BUENOS AIRES - APAC,BUENOS AIRES,CEMADEN,PLUVIOMETRICA_AUTOMATICA,2021,CEMADEN_MAX_GAP_60MIN,TRUE,365,365,185,205,252,0.506849315068493,0.561643835616438,0.69041095890411,0,41,180
CEMADEN,260270401A,BUENOS AIRES - APAC,BUENOS AIRES,CEMADEN,PLUVIOMETRICA_AUTOMATICA,2022,CEMADEN_MAX_GAP_60MIN,TRUE,365,365,259,279,317,0.70958904109589,0.764383561643836,0.868493150684932,0,10,148
CEMADEN,260270401A,BUENOS AIRES - APAC,BUENOS AIRES,CEMADEN,PLUVIOMETRICA_AUTOMATICA,2023,CEMADEN_MAX_GAP_60MIN,TRUE,365,365,325,339,346,0.89041095890411,0.928767123287671,0.947945205479452,0,3,98.0000000000001
CEMADEN,260270401A,BUENOS AIRES - APAC,BUENOS AIRES,CEMADEN,PLUVIOMETRICA_AUTOMATICA,2024,CEMADEN_MAX_GAP_60MIN,TRUE,366,320,292,300,303,0.797814207650273,0.819672131147541,0.827868852459016,0,41,120
CEMADEN,260270401A,BUENOS AIRES - APAC,BUENOS AIRES,CEMADEN,PLUVIOMETRICA_AUTOMATICA,2025,CEMADEN_MAX_GAP_60MIN,TRUE,365,273,242,256,263,0.663013698630137,0.701369863013699,0.72054794520548,0,93,80
CEMADEN,260280301A,BUIQUE - APAC,BUÍQUE,CEMADEN,PLUVIOMETRICA_AUTOMATICA,2017,CEMADEN_MAX_GAP_60MIN,TRUE,365,9,0,0,0,0,0,0,0,365,180
CEMADEN,260280301A,BUIQUE - APAC,BUÍQUE,CEMADEN,PLUVIOMETRICA_AUTOMATICA,2018,CEMADEN_MAX_GAP_60MIN,TRUE,365,365,301,312,317,0.824657534246575,0.854794520547945,0.868493150684932,0,12,120
CEMADEN,260280301A,BUIQUE - APAC,BUÍQUE,CEMADEN,PLUVIOMETRICA_AUTOMATICA,2019,CEMADEN_MAX_GAP_60MIN,TRUE,365,331,273,282,287,0.747945205479452,0.772602739726028,0.786301369863014,0,35,2940
CEMADEN,260280301A,BUIQUE - APAC,BUÍQUE,CEMADEN,PLUVIOMETRICA_AUTOMATICA,2020,CEMADEN_MAX_GAP_60MIN,TRUE,366,273,175,179,190,0.478142076502732,0.489071038251366,0.519125683060109,0,154,1380
CEMADEN,260280301A,BUIQUE - APAC,BUÍQUE,CEMADEN,PLUVIOMETRICA_AUTOMATICA,2021,CEMADEN_MAX_GAP_60MIN,TRUE,365,365,321,334,345,0.879452054794521,0.915068493150685,0.945205479452055,0,5,100
CEMADEN,260280301A,BUIQUE - APAC,BUÍQUE,CEMADEN,PLUVIOMETRICA_AUTOMATICA,2022,CEMADEN_MAX_GAP_60MIN,TRUE,365,363,290,302,314,0.794520547945206,0.827397260273973,0.86027397260274,0,6,158
CEMADEN,260280301A,BUIQUE - APAC,BUÍQUE,CEMADEN,PLUVIOMETRICA_AUTOMATICA,2023,CEMADEN_MAX_GAP_60MIN,TRUE,365,365,329,335,344,0.901369863013699,0.917808219178082,0.942465753424658,0,3,120
CEMADEN,260280301A,BUIQUE - APAC,BUÍQUE,CEMADEN,PLUVIOMETRICA_AUTOMATICA,2024,CEMADEN_MAX_GAP_60MIN,TRUE,366,334,243,251,266,0.663934426229508,0.685792349726776,0.726775956284153,0,21,2207.49999999998
CEMADEN,260280301A,BUIQUE - APAC,BUÍQUE,CEMADEN,PLUVIOMETRICA_AUTOMATICA,2025,CEMADEN_MAX_GAP_60MIN,TRUE,365,189,164,166,172,0.449315068493151,0.454794520547945,0.471232876712329,0,104,1309
CEMADEN,260290201G,Pirapama,CABO DE SANTO AGOSTINHO,CEMADEN,PLUVIOMETRICA_AUTOMATICA,2019,CEMADEN_MAX_GAP_60MIN,TRUE,365,84,28,32,35,0.0767123287671233,0.0876712328767123,0.0958904109589041,0,273,3096.99999999999
CEMADEN,260290201G,Pirapama,CABO DE SANTO AGOSTINHO,CEMADEN,PLUVIOMETRICA_AUTOMATICA,2020,CEMADEN_MAX_GAP_60MIN,TRUE,366,356,86,128,165,0.234972677595628,0.349726775956284,0.450819672131148,0,47,540
CEMADEN,260290201G,Pirapama,CABO DE SANTO AGOSTINHO,CEMADEN,PLUVIOMETRICA_AUTOMATICA,2021,CEMADEN_MAX_GAP_60MIN,TRUE,365,216,116,170,173,0.317808219178082,0.465753424657534,0.473972602739726,0,110,642.5
CEMADEN,260290201G,Pirapama,CABO DE SANTO AGOSTINHO,CEMADEN,PLUVIOMETRICA_AUTOMATICA,2023,CEMADEN_MAX_GAP_60MIN,TRUE,365,56,42,54,54,0.115068493150685,0.147945205479452,0.147945205479452,0,311,70
CEMADEN,260290201G,Pirapama,CABO DE SANTO AGOSTINHO,CEMADEN,PLUVIOMETRICA_AUTOMATICA,2024,CEMADEN_MAX_GAP_60MIN,TRUE,366,340,180,235,236,0.491803278688525,0.642076502732241,0.644808743169399,0,127,1410
CEMADEN,260290201G,Pirapama,CABO DE SANTO AGOSTINHO,CEMADEN,PLUVIOMETRICA_AUTOMATICA,2025,CEMADEN_MAX_GAP_60MIN,TRUE,365,237,0,1,2,0,0.00273972602739726,0.00547945205479452,0,365,4307.5
CEMADEN,260290202A,Charneca,CABO DE SANTO AGOSTINHO,CEMADEN,PLUVIOMETRICA_AUTOMATICA,2017,CEMADEN_MAX_GAP_60MIN,TRUE,365,365,253,259,262,0.693150684931507,0.70958904109589,0.717808219178082,0,84,880
CEMADEN,260290202A,Charneca,CABO DE SANTO AGOSTINHO,CEMADEN,PLUVIOMETRICA_AUTOMATICA,2018,CEMADEN_MAX_GAP_60MIN,TRUE,365,78,0,0,0,0,0,0,0,365,5350
CEMADEN,260290202A,Charneca,CABO DE SANTO AGOSTINHO,CEMADEN,PLUVIOMETRICA_AUTOMATICA,2019,CEMADEN_MAX_GAP_60MIN,TRUE,365,203,147,157,164,0.402739726027397,0.43013698630137,0.449315068493151,0,154,1070
CEMADEN,260290202A,Charneca,CABO DE SANTO AGOSTINHO,CEMADEN,PLUVIOMETRICA_AUTOMATICA,2020,CEMADEN_MAX_GAP_60MIN,TRUE,366,364,216,257,280,0.59016393442623,0.702185792349727,0.765027322404372,0,19,653.999999999999
CEMADEN,260290202A,Charneca,CABO DE SANTO AGOSTINHO,CEMADEN,PLUVIOMETRICA_AUTOMATICA,2021,CEMADEN_MAX_GAP_60MIN,TRUE,365,266,185,192,197,0.506849315068493,0.526027397260274,0.53972602739726,0,101,1150
CEMADEN,260290202A,Charneca,CABO DE SANTO AGOSTINHO,CEMADEN,PLUVIOMETRICA_AUTOMATICA,2022,CEMADEN_MAX_GAP_60MIN,TRUE,365,143,69,74,84,0.189041095890411,0.202739726027397,0.23013698630137,0,165,2678
CEMADEN,260290202A,Charneca,CABO DE SANTO AGOSTINHO,CEMADEN,PLUVIOMETRICA_AUTOMATICA,2023,CEMADEN_MAX_GAP_60MIN,TRUE,365,89,81,84,86,0.221917808219178,0.23013698630137,0.235616438356164,0,277,75.9999999999999
CEMADEN,260290202A,Charneca,CABO DE SANTO AGOSTINHO,CEMADEN,PLUVIOMETRICA_AUTOMATICA,2024,CEMADEN_MAX_GAP_60MIN,TRUE,366,284,241,249,253,0.658469945355191,0.680327868852459,0.691256830601093,0,56,445.499999999992
CEMADEN,260290202A,Charneca,CABO DE SANTO AGOSTINHO,CEMADEN,PLUVIOMETRICA_AUTOMATICA,2025,CEMADEN_MAX_GAP_60MIN,TRUE,365,365,317,341,348,0.868493150684932,0.934246575342466,0.953424657534246,0,3,80
CEMADEN,260290203A,Torrinha,CABO DE SANTO AGOSTINHO,CEMADEN,PLUVIOMETRICA_AUTOMATICA,2017,CEMADEN_MAX_GAP_60MIN,TRUE,365,365,341,345,347,0.934246575342466,0.945205479452055,0.950684931506849,0,2,78.4999999999997
CEMADEN,260290203A,Torrinha,CABO DE SANTO AGOSTINHO,CEMADEN,PLUVIOMETRICA_AUTOMATICA,2018,CEMADEN_MAX_GAP_60MIN,TRUE,365,167,148,150,153,0.405479452054795,0.410958904109589,0.419178082191781,0,209,2637
CEMADEN,260290203A,Torrinha,CABO DE SANTO AGOSTINHO,CEMADEN,PLUVIOMETRICA_AUTOMATICA,2019,CEMADEN_MAX_GAP_60MIN,TRUE,365,203,165,166,171,0.452054794520548,0.454794520547945,0.468493150684932,0,154,1030
CEMADEN,260290203A,Torrinha,CABO DE SANTO AGOSTINHO,CEMADEN,PLUVIOMETRICA_AUTOMATICA,2020,CEMADEN_MAX_GAP_60MIN,TRUE,366,366,345,354,356,0.942622950819672,0.967213114754098,0.972677595628415,0,3,70
CEMADEN,260290203A,Torrinha,CABO DE SANTO AGOSTINHO,CEMADEN,PLUVIOMETRICA_AUTOMATICA,2021,CEMADEN_MAX_GAP_60MIN,TRUE,365,365,334,347,350,0.915068493150685,0.950684931506849,0.958904109589041,0,6,70
CEMADEN,260290203A,Torrinha,CABO DE SANTO AGOSTINHO,CEMADEN,PLUVIOMETRICA_AUTOMATICA,2022,CEMADEN_MAX_GAP_60MIN,TRUE,365,294,262,269,273,0.717808219178082,0.736986301369863,0.747945205479452,0,73,120
CEMADEN,260290203A,Torrinha,CABO DE SANTO AGOSTINHO,CEMADEN,PLUVIOMETRICA_AUTOMATICA,2023,CEMADEN_MAX_GAP_60MIN,TRUE,365,134,91,94,96,0.249315068493151,0.257534246575342,0.263013698630137,0,91,8220
CEMADEN,260290203A,Torrinha,CABO DE SANTO AGOSTINHO,CEMADEN,PLUVIOMETRICA_AUTOMATICA,2024,CEMADEN_MAX_GAP_60MIN,TRUE,366,264,214,220,224,0.584699453551913,0.601092896174863,0.612021857923497,0,80,3460.5
CEMADEN,260290203A,Torrinha,CABO DE SANTO AGOSTINHO,CEMADEN,PLUVIOMETRICA_AUTOMATICA,2025,CEMADEN_MAX_GAP_60MIN,TRUE,365,365,308,343,351,0.843835616438356,0.93972602739726,0.961643835616438,0,4,80
CEMADEN,260290204A,Enseado dos Corais,CABO DE SANTO AGOSTINHO,CEMADEN,PLUVIOMETRICA_AUTOMATICA,2017,CEMADEN_MAX_GAP_60MIN,TRUE,365,365,342,346,347,0.936986301369863,0.947945205479452,0.950684931506849,0,2,70
CEMADEN,260290204A,Enseado dos Corais,CABO DE SANTO AGOSTINHO,CEMADEN,PLUVIOMETRICA_AUTOMATICA,2018,CEMADEN_MAX_GAP_60MIN,TRUE,365,365,325,333,339,0.89041095890411,0.912328767123288,0.928767123287671,0,3,120
CEMADEN,260290204A,Enseado dos Corais,CABO DE SANTO AGOSTINHO,CEMADEN,PLUVIOMETRICA_AUTOMATICA,2019,CEMADEN_MAX_GAP_60MIN,TRUE,365,354,261,278,284,0.715068493150685,0.761643835616438,0.778082191780822,0,20,1180
CEMADEN,260290204A,Enseado dos Corais,CABO DE SANTO AGOSTINHO,CEMADEN,PLUVIOMETRICA_AUTOMATICA,2020,CEMADEN_MAX_GAP_60MIN,TRUE,366,114,52,56,59,0.14207650273224,0.153005464480874,0.16120218579235,0,308,1458
CEMADEN,260290204A,Enseado dos Corais,CABO DE SANTO AGOSTINHO,CEMADEN,PLUVIOMETRICA_AUTOMATICA,2021,CEMADEN_MAX_GAP_60MIN,TRUE,365,361,289,303,312,0.791780821917808,0.83013698630137,0.854794520547945,0,10,120
CEMADEN,260290204A,Enseado dos Corais,CABO DE SANTO AGOSTINHO,CEMADEN,PLUVIOMETRICA_AUTOMATICA,2022,CEMADEN_MAX_GAP_60MIN,TRUE,365,365,324,334,342,0.887671232876712,0.915068493150685,0.936986301369863,0,5,118
CEMADEN,260290204A,Enseado dos Corais,CABO DE SANTO AGOSTINHO,CEMADEN,PLUVIOMETRICA_AUTOMATICA,2023,CEMADEN_MAX_GAP_60MIN,TRUE,365,365,330,339,343,0.904109589041096,0.928767123287671,0.93972602739726,0,3,120
CEMADEN,260290204A,Enseado dos Corais,CABO DE SANTO AGOSTINHO,CEMADEN,PLUVIOMETRICA_AUTOMATICA,2024,CEMADEN_MAX_GAP_60MIN,TRUE,366,265,247,255,259,0.674863387978142,0.69672131147541,0.707650273224044,0,102,70
CEMADEN,260290204A,Enseado dos Corais,CABO DE SANTO AGOSTINHO,CEMADEN,PLUVIOMETRICA_AUTOMATICA,2025,CEMADEN_MAX_GAP_60MIN,TRUE,365,162,137,153,156,0.375342465753425,0.419178082191781,0.427397260273973,0,104,70
CEMADEN,260290205A,Pontes dos Carvalhos,CABO DE SANTO AGOSTINHO,CEMADEN,PLUVIOMETRICA_AUTOMATICA,2017,CEMADEN_MAX_GAP_60MIN,TRUE,365,365,319,325,326,0.873972602739726,0.89041095890411,0.893150684931507,0,4,223.999999999999
CEMADEN,260290205A,Pontes dos Carvalhos,CABO DE SANTO AGOSTINHO,CEMADEN,PLUVIOMETRICA_AUTOMATICA,2018,CEMADEN_MAX_GAP_60MIN,TRUE,365,147,126,131,136,0.345205479452055,0.358904109589041,0.372602739726027,0,219,117
CEMADEN,260290205A,Pontes dos Carvalhos,CABO DE SANTO AGOSTINHO,CEMADEN,PLUVIOMETRICA_AUTOMATICA,2019,CEMADEN_MAX_GAP_60MIN,TRUE,365,202,171,172,175,0.468493150684932,0.471232876712329,0.479452054794521,0,154,914.499999999999
CEMADEN,260290205A,Pontes dos Carvalhos,CABO DE SANTO AGOSTINHO,CEMADEN,PLUVIOMETRICA_AUTOMATICA,2020,CEMADEN_MAX_GAP_60MIN,TRUE,366,366,346,353,355,0.945355191256831,0.96448087431694,0.969945355191257,0,3,70
CEMADEN,260290205A,Pontes dos Carvalhos,CABO DE SANTO AGOSTINHO,CEMADEN,PLUVIOMETRICA_AUTOMATICA,2021,CEMADEN_MAX_GAP_60MIN,TRUE,365,365,339,346,347,0.928767123287671,0.947945205479452,0.950684931506849,0,6,86.0000000000002
CEMADEN,260290205A,Pontes dos Carvalhos,CABO DE SANTO AGOSTINHO,CEMADEN,PLUVIOMETRICA_AUTOMATICA,2022,CEMADEN_MAX_GAP_60MIN,TRUE,365,347,310,320,325,0.849315068493151,0.876712328767123,0.89041095890411,0,24,148
CEMADEN,260290205A,Pontes dos Carvalhos,CABO DE SANTO AGOSTINHO,CEMADEN,PLUVIOMETRICA_AUTOMATICA,2023,CEMADEN_MAX_GAP_60MIN,TRUE,365,91,83,85,87,0.227397260273973,0.232876712328767,0.238356164383562,0,242,80
CEMADEN,260290205A,Pontes dos Carvalhos,CABO DE SANTO AGOSTINHO,CEMADEN,PLUVIOMETRICA_AUTOMATICA,2024,CEMADEN_MAX_GAP_60MIN,TRUE,366,312,0,0,0,0,0,0,0,366,4133.5
CEMADEN,260290205A,Pontes dos Carvalhos,CABO DE SANTO AGOSTINHO,CEMADEN,PLUVIOMETRICA_AUTOMATICA,2025,CEMADEN_MAX_GAP_60MIN,TRUE,365,76,0,0,0,0,0,0,0,365,3018.99999999999
CEMADEN,260290206A,CABO DE SANTO AGOSTINHO - APAC,CABO DE SANTO AGOSTINHO,CEMADEN,PLUVIOMETRICA_AUTOMATICA,2019,CEMADEN_MAX_GAP_60MIN,TRUE,365,31,7,7,9,0.0191780821917808,0.0191780821917808,0.0246575342465753,0,123,108328.5
CEMADEN,260290206A,CABO DE SANTO AGOSTINHO - APAC,CABO DE SANTO AGOSTINHO,CEMADEN,PLUVIOMETRICA_AUTOMATICA,2020,CEMADEN_MAX_GAP_60MIN,TRUE,366,2,0,0,0,0,0,0,0,366,266450
CEMADEN,260300901A,BR428-km05,CABROBÓ,CEMADEN,PLUVIOMETRICA_AUTOMATICA,2017,CEMADEN_MAX_GAP_60MIN,TRUE,365,365,337,344,344,0.923287671232877,0.942465753424658,0.942465753424658,0,3,100
CEMADEN,260300901A,BR428-km05,CABROBÓ,CEMADEN,PLUVIOMETRICA_AUTOMATICA,2018,CEMADEN_MAX_GAP_60MIN,TRUE,365,365,287,307,316,0.786301369863014,0.841095890410959,0.865753424657534,0,4,120
CEMADEN,260300901A,BR428-km05,CABROBÓ,CEMADEN,PLUVIOMETRICA_AUTOMATICA,2019,CEMADEN_MAX_GAP_60MIN,TRUE,365,328,228,235,238,0.624657534246575,0.643835616438356,0.652054794520548,0,25,2941.49999999999
CEMADEN,260300901A,BR428-km05,CABROBÓ,CEMADEN,PLUVIOMETRICA_AUTOMATICA,2020,CEMADEN_MAX_GAP_60MIN,TRUE,366,37,0,0,0,0,0,0,0,366,2690
CEMADEN,260300901A,BR428-km05,CABROBÓ,CEMADEN,PLUVIOMETRICA_AUTOMATICA,2021,CEMADEN_MAX_GAP_60MIN,TRUE,365,294,251,258,262,0.687671232876712,0.706849315068493,0.717808219178082,0,73,120
CEMADEN,260300901A,BR428-km05,CABROBÓ,CEMADEN,PLUVIOMETRICA_AUTOMATICA,2022,CEMADEN_MAX_GAP_60MIN,TRUE,365,365,300,305,310,0.821917808219178,0.835616438356164,0.849315068493151,0,6,120
CEMADEN,260300901A,BR428-km05,CABROBÓ,CEMADEN,PLUVIOMETRICA_AUTOMATICA,2023,CEMADEN_MAX_GAP_60MIN,TRUE,365,271,226,233,234,0.619178082191781,0.638356164383562,0.641095890410959,0,48,345
CEMADEN,260300901A,BR428-km05,CABROBÓ,CEMADEN,PLUVIOMETRICA_AUTOMATICA,2024,CEMADEN_MAX_GAP_60MIN,TRUE,366,326,269,282,286,0.734972677595629,0.770491803278689,0.781420765027322,0,55,2047.5
CEMADEN,260300901A,BR428-km05,CABROBÓ,CEMADEN,PLUVIOMETRICA_AUTOMATICA,2025,CEMADEN_MAX_GAP_60MIN,TRUE,365,348,319,329,333,0.873972602739726,0.901369863013699,0.912328767123288,0,18,76.9999999999999
CEMADEN,260300901C,CABROBO,CABROBÓ,CEMADEN,PLUVIOMETRICA_AUTOMATICA,2018,CEMADEN_MAX_GAP_60MIN,TRUE,365,316,297,297,297,0.813698630136986,0.813698630136986,0.813698630136986,0,47,816.000000000001
CEMADEN,260300901C,CABROBO,CABROBÓ,CEMADEN,PLUVIOMETRICA_AUTOMATICA,2019,CEMADEN_MAX_GAP_60MIN,TRUE,365,303,194,194,194,0.531506849315069,0.531506849315069,0.531506849315069,0,42,2220
CEMADEN,260300901C,CABROBO,CABROBÓ,CEMADEN,PLUVIOMETRICA_AUTOMATICA,2020,CEMADEN_MAX_GAP_60MIN,TRUE,366,154,0,0,0,0,0,0,0,366,2760
CEMADEN,260300902A,NOVO MURICI - APAC,CABROBÓ,CEMADEN,PLUVIOMETRICA_AUTOMATICA,2018,CEMADEN_MAX_GAP_60MIN,TRUE,365,299,78,84,93,0.213698630136986,0.23013698630137,0.254794520547945,0,61,1979.5
CEMADEN,260300902A,NOVO MURICI - APAC,CABROBÓ,CEMADEN,PLUVIOMETRICA_AUTOMATICA,2020,CEMADEN_MAX_GAP_60MIN,TRUE,366,13,0,1,3,0,0.00273224043715847,0.00819672131147541,0,366,737906
CEMADEN,260300902A,NOVO MURICI - APAC,CABROBÓ,CEMADEN,PLUVIOMETRICA_AUTOMATICA,2021,CEMADEN_MAX_GAP_60MIN,TRUE,365,58,26,35,36,0.0712328767123288,0.0958904109589041,0.0986301369863014,0,294,12110
CEMADEN,260300902A,NOVO MURICI - APAC,CABROBÓ,CEMADEN,PLUVIOMETRICA_AUTOMATICA,2024,CEMADEN_MAX_GAP_60MIN,TRUE,366,317,293,298,303,0.800546448087432,0.814207650273224,0.827868852459016,0,50,80
CEMADEN,260300902A,NOVO MURICI - APAC,CABROBÓ,CEMADEN,PLUVIOMETRICA_AUTOMATICA,2025,CEMADEN_MAX_GAP_60MIN,TRUE,365,271,247,252,257,0.676712328767123,0.69041095890411,0.704109589041096,0,72,85.4999999999996
CEMADEN,260310801A,Centro,CACHOEIRINHA,CEMADEN,PLUVIOMETRICA_AUTOMATICA,2017,CEMADEN_MAX_GAP_60MIN,TRUE,365,355,322,327,331,0.882191780821918,0.895890410958904,0.906849315068493,0,9,160
CEMADEN,260310801A,Centro,CACHOEIRINHA,CEMADEN,PLUVIOMETRICA_AUTOMATICA,2018,CEMADEN_MAX_GAP_60MIN,TRUE,365,365,315,327,333,0.863013698630137,0.895890410958904,0.912328767123288,0,4,120
CEMADEN,260310801A,Centro,CACHOEIRINHA,CEMADEN,PLUVIOMETRICA_AUTOMATICA,2019,CEMADEN_MAX_GAP_60MIN,TRUE,365,334,286,293,297,0.783561643835617,0.802739726027397,0.813698630136986,0,23,1180
CEMADEN,260310801A,Centro,CACHOEIRINHA,CEMADEN,PLUVIOMETRICA_AUTOMATICA,2020,CEMADEN_MAX_GAP_60MIN,TRUE,366,240,129,141,161,0.352459016393443,0.385245901639344,0.439890710382514,0,170,1420
CEMADEN,260310801A,Centro,CACHOEIRINHA,CEMADEN,PLUVIOMETRICA_AUTOMATICA,2021,CEMADEN_MAX_GAP_60MIN,TRUE,365,315,212,223,227,0.580821917808219,0.610958904109589,0.621917808219178,0,99,3140
CEMADEN,260310801A,Centro,CACHOEIRINHA,CEMADEN,PLUVIOMETRICA_AUTOMATICA,2022,CEMADEN_MAX_GAP_60MIN,TRUE,365,351,213,220,232,0.583561643835617,0.602739726027397,0.635616438356164,0,95,2060
CEMADEN,260310801A,Centro,CACHOEIRINHA,CEMADEN,PLUVIOMETRICA_AUTOMATICA,2023,CEMADEN_MAX_GAP_60MIN,TRUE,365,365,336,345,351,0.920547945205479,0.945205479452055,0.961643835616438,0,2,80
CEMADEN,260310801A,Centro,CACHOEIRINHA,CEMADEN,PLUVIOMETRICA_AUTOMATICA,2024,CEMADEN_MAX_GAP_60MIN,TRUE,366,366,343,353,354,0.937158469945355,0.96448087431694,0.967213114754098,0,2,70
CEMADEN,260310801A,Centro,CACHOEIRINHA,CEMADEN,PLUVIOMETRICA_AUTOMATICA,2025,CEMADEN_MAX_GAP_60MIN,TRUE,365,344,311,319,328,0.852054794520548,0.873972602739726,0.898630136986301,0,26,90
CEMADEN,260310802A,CACHOEIRINHA - APAC,CACHOEIRINHA,CEMADEN,PLUVIOMETRICA_AUTOMATICA,2017,CEMADEN_MAX_GAP_60MIN,TRUE,365,33,23,25,27,0.063013698630137,0.0684931506849315,0.073972602739726,0,334,133.5
CEMADEN,260310802A,CACHOEIRINHA - APAC,CACHOEIRINHA,CEMADEN,PLUVIOMETRICA_AUTOMATICA,2018,CEMADEN_MAX_GAP_60MIN,TRUE,365,365,301,316,324,0.824657534246575,0.865753424657534,0.887671232876712,0,5,120
CEMADEN,260310802A,CACHOEIRINHA - APAC,CACHOEIRINHA,CEMADEN,PLUVIOMETRICA_AUTOMATICA,2019,CEMADEN_MAX_GAP_60MIN,TRUE,365,352,314,321,324,0.86027397260274,0.879452054794521,0.887671232876712,0,13,386.999999999999
CEMADEN,260310802A,CACHOEIRINHA - APAC,CACHOEIRINHA,CEMADEN,PLUVIOMETRICA_AUTOMATICA,2020,CEMADEN_MAX_GAP_60MIN,TRUE,366,199,174,179,180,0.475409836065574,0.489071038251366,0.491803278688525,0,168,120
CEMADEN,260310802A,CACHOEIRINHA - APAC,CACHOEIRINHA,CEMADEN,PLUVIOMETRICA_AUTOMATICA,2021,CEMADEN_MAX_GAP_60MIN,TRUE,365,124,27,27,27,0.073972602739726,0.073972602739726,0.073972602739726,0,225,1178
CEMADEN,260320701A,CAETES - APAC,CAETÉS,CEMADEN,PLUVIOMETRICA_AUTOMATICA,2017,CEMADEN_MAX_GAP_60MIN,TRUE,365,26,10,11,11,0.0273972602739726,0.0301369863013699,0.0301369863013699,0,341,162
CEMADEN,260320701A,CAETES - APAC,CAETÉS,CEMADEN,PLUVIOMETRICA_AUTOMATICA,2018,CEMADEN_MAX_GAP_60MIN,TRUE,365,365,291,309,313,0.797260273972603,0.846575342465753,0.857534246575342,0,10,120
CEMADEN,260320701A,CAETES - APAC,CAETÉS,CEMADEN,PLUVIOMETRICA_AUTOMATICA,2019,CEMADEN_MAX_GAP_60MIN,TRUE,365,352,293,309,313,0.802739726027397,0.846575342465753,0.857534246575342,0,16,294.5
CEMADEN,260320701A,CAETES - APAC,CAETÉS,CEMADEN,PLUVIOMETRICA_AUTOMATICA,2020,CEMADEN_MAX_GAP_60MIN,TRUE,366,340,101,115,135,0.275956284153005,0.314207650273224,0.368852459016393,0,155,1380
CEMADEN,260320701A,CAETES - APAC,CAETÉS,CEMADEN,PLUVIOMETRICA_AUTOMATICA,2021,CEMADEN_MAX_GAP_60MIN,TRUE,365,365,43,63,117,0.117808219178082,0.172602739726027,0.32054794520548,0,72,268
CEMADEN,260320701A,CAETES - APAC,CAETÉS,CEMADEN,PLUVIOMETRICA_AUTOMATICA,2022,CEMADEN_MAX_GAP_60MIN,TRUE,365,365,228,255,298,0.624657534246575,0.698630136986301,0.816438356164383,0,19,140
CEMADEN,260320701A,CAETES - APAC,CAETÉS,CEMADEN,PLUVIOMETRICA_AUTOMATICA,2023,CEMADEN_MAX_GAP_60MIN,TRUE,365,230,189,204,210,0.517808219178082,0.558904109589041,0.575342465753425,0,141,141.999999999999
CEMADEN,260320701A,CAETES - APAC,CAETÉS,CEMADEN,PLUVIOMETRICA_AUTOMATICA,2024,CEMADEN_MAX_GAP_60MIN,TRUE,366,237,205,223,226,0.560109289617486,0.609289617486339,0.617486338797814,0,137,81.9999999999999
CEMADEN,260320701A,CAETES - APAC,CAETÉS,CEMADEN,PLUVIOMETRICA_AUTOMATICA,2025,CEMADEN_MAX_GAP_60MIN,TRUE,365,365,302,314,320,0.827397260273973,0.86027397260274,0.876712328767123,0,23,168.5
CEMADEN,260320701C,CAETES,CAETÉS,CEMADEN,PLUVIOMETRICA_AUTOMATICA,2017,CEMADEN_MAX_GAP_60MIN,TRUE,365,162,66,66,66,0.180821917808219,0.180821917808219,0.180821917808219,0,110,16160
CEMADEN,260320701C,CAETES,CAETÉS,CEMADEN,PLUVIOMETRICA_AUTOMATICA,2018,CEMADEN_MAX_GAP_60MIN,TRUE,365,310,288,288,288,0.789041095890411,0.789041095890411,0.789041095890411,0,34,3948.00000000001
CEMADEN,260320701C,CAETES,CAETÉS,CEMADEN,PLUVIOMETRICA_AUTOMATICA,2019,CEMADEN_MAX_GAP_60MIN,TRUE,365,287,155,155,155,0.424657534246575,0.424657534246575,0.424657534246575,0,127,2220
CEMADEN,260320701C,CAETES,CAETÉS,CEMADEN,PLUVIOMETRICA_AUTOMATICA,2020,CEMADEN_MAX_GAP_60MIN,TRUE,366,84,0,0,0,0,0,0,0,366,5700
CEMADEN,260320701C,CAETES,CAETÉS,CEMADEN,PLUVIOMETRICA_AUTOMATICA,2022,CEMADEN_MAX_GAP_60MIN,TRUE,365,160,108,109,112,0.295890410958904,0.298630136986301,0.306849315068493,0,97,9300
CEMADEN,260320701C,CAETES,CAETÉS,CEMADEN,PLUVIOMETRICA_AUTOMATICA,2023,CEMADEN_MAX_GAP_60MIN,TRUE,365,322,248,250,255,0.679452054794521,0.684931506849315,0.698630136986301,0,16,1500
CEMADEN,260320701C,CAETES,CAETÉS,CEMADEN,PLUVIOMETRICA_AUTOMATICA,2024,CEMADEN_MAX_GAP_60MIN,TRUE,366,342,285,285,285,0.778688524590164,0.778688524590164,0.778688524590164,0,17,2340
CEMADEN,260320701C,CAETES,CAETÉS,CEMADEN,PLUVIOMETRICA_AUTOMATICA,2025,CEMADEN_MAX_GAP_60MIN,TRUE,365,47,9,9,9,0.0246575342465753,0.0246575342465753,0.0246575342465753,0,309,9440
CEMADEN,260330601A,CALCADO - APAC,CALÇADO,CEMADEN,PLUVIOMETRICA_AUTOMATICA,2017,CEMADEN_MAX_GAP_60MIN,TRUE,365,32,22,23,24,0.0602739726027397,0.063013698630137,0.0657534246575342,0,334,120
CEMADEN,260330601A,CALCADO - APAC,CALÇADO,CEMADEN,PLUVIOMETRICA_AUTOMATICA,2018,CEMADEN_MAX_GAP_60MIN,TRUE,365,365,319,334,337,0.873972602739726,0.915068493150685,0.923287671232877,0,5,120
CEMADEN,260330601A,CALCADO - APAC,CALÇADO,CEMADEN,PLUVIOMETRICA_AUTOMATICA,2019,CEMADEN_MAX_GAP_60MIN,TRUE,365,352,251,285,317,0.687671232876712,0.780821917808219,0.868493150684932,0,36,392.499999999999
CEMADEN,260330601A,CALCADO - APAC,CALÇADO,CEMADEN,PLUVIOMETRICA_AUTOMATICA,2020,CEMADEN_MAX_GAP_60MIN,TRUE,366,228,186,196,207,0.508196721311475,0.53551912568306,0.565573770491803,0,141,136.5
CEMADEN,260330601A,CALCADO - APAC,CALÇADO,CEMADEN,PLUVIOMETRICA_AUTOMATICA,2021,CEMADEN_MAX_GAP_60MIN,TRUE,365,365,220,246,277,0.602739726027397,0.673972602739726,0.758904109589041,0,27,178
CEMADEN,260330601A,CALCADO - APAC,CALÇADO,CEMADEN,PLUVIOMETRICA_AUTOMATICA,2022,CEMADEN_MAX_GAP_60MIN,TRUE,365,362,186,210,244,0.50958904109589,0.575342465753425,0.668493150684932,0,44,1090
CEMADEN,260330601A,CALCADO - APAC,CALÇADO,CEMADEN,PLUVIOMETRICA_AUTOMATICA,2023,CEMADEN_MAX_GAP_60MIN,TRUE,365,175,110,123,131,0.301369863013699,0.336986301369863,0.358904109589041,0,212,2105.99999999999
CEMADEN,260330601A,CALCADO - APAC,CALÇADO,CEMADEN,PLUVIOMETRICA_AUTOMATICA,2024,CEMADEN_MAX_GAP_60MIN,TRUE,366,309,128,158,199,0.349726775956284,0.431693989071038,0.543715846994536,0,78,3741.99999999997
CEMADEN,260330601A,CALCADO - APAC,CALÇADO,CEMADEN,PLUVIOMETRICA_AUTOMATICA,2025,CEMADEN_MAX_GAP_60MIN,TRUE,365,267,201,211,216,0.550684931506849,0.578082191780822,0.591780821917808,0,60,5045
CEMADEN,260340501A,CALUMBI - APAC,CALUMBI,CEMADEN,PLUVIOMETRICA_AUTOMATICA,2018,CEMADEN_MAX_GAP_60MIN,TRUE,365,165,87,98,105,0.238356164383562,0.268493150684932,0.287671232876712,0,186,1180
CEMADEN,260340501A,CALUMBI - APAC,CALUMBI,CEMADEN,PLUVIOMETRICA_AUTOMATICA,2020,CEMADEN_MAX_GAP_60MIN,TRUE,366,192,50,72,85,0.136612021857924,0.19672131147541,0.23224043715847,0,228,645.999999999999
CEMADEN,260340501A,CALUMBI - APAC,CALUMBI,CEMADEN,PLUVIOMETRICA_AUTOMATICA,2021,CEMADEN_MAX_GAP_60MIN,TRUE,365,117,38,38,39,0.104109589041096,0.104109589041096,0.106849315068493,0,312,3290
CEMADEN,260340501A,CALUMBI - APAC,CALUMBI,CEMADEN,PLUVIOMETRICA_AUTOMATICA,2023,CEMADEN_MAX_GAP_60MIN,TRUE,365,1,0,0,0,0,0,0,0,365,917090
CEMADEN,260340501A,CALUMBI - APAC,CALUMBI,CEMADEN,PLUVIOMETRICA_AUTOMATICA,2024,CEMADEN_MAX_GAP_60MIN,TRUE,366,334,284,297,308,0.775956284153005,0.811475409836066,0.841530054644809,0,32,120
CEMADEN,260340501A,CALUMBI - APAC,CALUMBI,CEMADEN,PLUVIOMETRICA_AUTOMATICA,2025,CEMADEN_MAX_GAP_60MIN,TRUE,365,349,304,309,316,0.832876712328767,0.846575342465753,0.865753424657534,0,18,120
CEMADEN,260345401A,Timbi,CAMARAGIBE,CEMADEN,PLUVIOMETRICA_AUTOMATICA,2017,CEMADEN_MAX_GAP_60MIN,TRUE,365,343,313,319,328,0.857534246575342,0.873972602739726,0.898630136986301,0,21,80
CEMADEN,260345401A,Timbi,CAMARAGIBE,CEMADEN,PLUVIOMETRICA_AUTOMATICA,2018,CEMADEN_MAX_GAP_60MIN,TRUE,365,365,321,338,354,0.879452054794521,0.926027397260274,0.96986301369863,0,3,80
CEMADEN,260345401A,Timbi,CAMARAGIBE,CEMADEN,PLUVIOMETRICA_AUTOMATICA,2019,CEMADEN_MAX_GAP_60MIN,TRUE,365,333,267,272,283,0.731506849315069,0.745205479452055,0.775342465753425,0,25,509.999999999998
CEMADEN,260345401A,Timbi,CAMARAGIBE,CEMADEN,PLUVIOMETRICA_AUTOMATICA,2020,CEMADEN_MAX_GAP_60MIN,TRUE,366,210,124,151,171,0.33879781420765,0.412568306010929,0.467213114754098,0,159,470
CEMADEN,260345401A,Timbi,CAMARAGIBE,CEMADEN,PLUVIOMETRICA_AUTOMATICA,2021,CEMADEN_MAX_GAP_60MIN,TRUE,365,365,337,343,350,0.923287671232877,0.93972602739726,0.958904109589041,0,4,80
CEMADEN,260345401A,Timbi,CAMARAGIBE,CEMADEN,PLUVIOMETRICA_AUTOMATICA,2022,CEMADEN_MAX_GAP_60MIN,TRUE,365,365,324,333,348,0.887671232876712,0.912328767123288,0.953424657534246,0,3,90
CEMADEN,260345401A,Timbi,CAMARAGIBE,CEMADEN,PLUVIOMETRICA_AUTOMATICA,2023,CEMADEN_MAX_GAP_60MIN,TRUE,365,365,337,350,356,0.923287671232877,0.958904109589041,0.975342465753425,0,2,70
CEMADEN,260345401A,Timbi,CAMARAGIBE,CEMADEN,PLUVIOMETRICA_AUTOMATICA,2024,CEMADEN_MAX_GAP_60MIN,TRUE,366,362,324,334,345,0.885245901639344,0.912568306010929,0.942622950819672,0,9,90
CEMADEN,260345401A,Timbi,CAMARAGIBE,CEMADEN,PLUVIOMETRICA_AUTOMATICA,2025,CEMADEN_MAX_GAP_60MIN,TRUE,365,90,80,83,86,0.219178082191781,0.227397260273973,0.235616438356164,0,276,80
CEMADEN,260345401G,Convento Carmelo,CAMARAGIBE,CEMADEN,PLUVIOMETRICA_AUTOMATICA,2021,CEMADEN_MAX_GAP_60MIN,TRUE,365,217,131,194,204,0.358904109589041,0.531506849315069,0.558904109589041,0,149,100
CEMADEN,260345401G,Convento Carmelo,CAMARAGIBE,CEMADEN,PLUVIOMETRICA_AUTOMATICA,2022,CEMADEN_MAX_GAP_60MIN,TRUE,365,365,208,310,347,0.56986301369863,0.849315068493151,0.950684931506849,0,8,90
CEMADEN,260345401G,Convento Carmelo,CAMARAGIBE,CEMADEN,PLUVIOMETRICA_AUTOMATICA,2023,CEMADEN_MAX_GAP_60MIN,TRUE,365,365,245,342,359,0.671232876712329,0.936986301369863,0.983561643835616,0,7,80
CEMADEN,260345401G,Convento Carmelo,CAMARAGIBE,CEMADEN,PLUVIOMETRICA_AUTOMATICA,2024,CEMADEN_MAX_GAP_60MIN,TRUE,366,366,312,361,363,0.852459016393443,0.986338797814208,0.991803278688525,0,4,70
CEMADEN,260345401G,Convento Carmelo,CAMARAGIBE,CEMADEN,PLUVIOMETRICA_AUTOMATICA,2025,CEMADEN_MAX_GAP_60MIN,TRUE,365,365,259,357,359,0.70958904109589,0.978082191780822,0.983561643835616,0,6,70
CEMADEN,260345402A,Alberto Maia,CAMARAGIBE,CEMADEN,PLUVIOMETRICA_AUTOMATICA,2017,CEMADEN_MAX_GAP_60MIN,TRUE,365,364,337,341,348,0.923287671232877,0.934246575342466,0.953424657534246,0,3,80
CEMADEN,260345402A,Alberto Maia,CAMARAGIBE,CEMADEN,PLUVIOMETRICA_AUTOMATICA,2018,CEMADEN_MAX_GAP_60MIN,TRUE,365,365,332,343,353,0.90958904109589,0.93972602739726,0.967123287671233,0,3,80
CEMADEN,260345402A,Alberto Maia,CAMARAGIBE,CEMADEN,PLUVIOMETRICA_AUTOMATICA,2019,CEMADEN_MAX_GAP_60MIN,TRUE,365,353,285,294,298,0.780821917808219,0.805479452054795,0.816438356164383,0,15,729.999999999994
CEMADEN,260345402A,Alberto Maia,CAMARAGIBE,CEMADEN,PLUVIOMETRICA_AUTOMATICA,2020,CEMADEN_MAX_GAP_60MIN,TRUE,366,19,0,0,0,0,0,0,0,366,68756.9999999989
CEMADEN,260345402A,Alberto Maia,CAMARAGIBE,CEMADEN,PLUVIOMETRICA_AUTOMATICA,2021,CEMADEN_MAX_GAP_60MIN,TRUE,365,303,272,281,292,0.745205479452055,0.76986301369863,0.8,0,63,80
CEMADEN,260345402A,Alberto Maia,CAMARAGIBE,CEMADEN,PLUVIOMETRICA_AUTOMATICA,2022,CEMADEN_MAX_GAP_60MIN,TRUE,365,214,172,178,184,0.471232876712329,0.487671232876712,0.504109589041096,0,91,642.499999999999
CEMADEN,260345402A,Alberto Maia,CAMARAGIBE,CEMADEN,PLUVIOMETRICA_AUTOMATICA,2023,CEMADEN_MAX_GAP_60MIN,TRUE,365,12,1,1,1,0.00273972602739726,0.00273972602739726,0.00273972602739726,0,207,392310.5
CEMADEN,260345402A,Alberto Maia,CAMARAGIBE,CEMADEN,PLUVIOMETRICA_AUTOMATICA,2024,CEMADEN_MAX_GAP_60MIN,TRUE,366,177,0,0,0,0,0,0,0,366,2872
CEMADEN,260345402A,Alberto Maia,CAMARAGIBE,CEMADEN,PLUVIOMETRICA_AUTOMATICA,2025,CEMADEN_MAX_GAP_60MIN,TRUE,365,178,0,0,0,0,0,0,0,365,2996
CEMADEN,260345403A,Bairro dos Estados,CAMARAGIBE,CEMADEN,PLUVIOMETRICA_AUTOMATICA,2017,CEMADEN_MAX_GAP_60MIN,TRUE,365,190,167,174,174,0.457534246575342,0.476712328767123,0.476712328767123,0,177,120
CEMADEN,260345403A,Bairro dos Estados,CAMARAGIBE,CEMADEN,PLUVIOMETRICA_AUTOMATICA,2018,CEMADEN_MAX_GAP_60MIN,TRUE,365,365,332,346,352,0.90958904109589,0.947945205479452,0.964383561643836,0,2,78.0000000000001
CEMADEN,260345403A,Bairro dos Estados,CAMARAGIBE,CEMADEN,PLUVIOMETRICA_AUTOMATICA,2019,CEMADEN_MAX_GAP_60MIN,TRUE,365,357,277,291,303,0.758904109589041,0.797260273972603,0.83013698630137,0,15,610
CEMADEN,260345403A,Bairro dos Estados,CAMARAGIBE,CEMADEN,PLUVIOMETRICA_AUTOMATICA,2020,CEMADEN_MAX_GAP_60MIN,TRUE,366,152,69,74,76,0.188524590163934,0.202185792349727,0.207650273224044,0,285,1430
CEMADEN,260345403A,Bairro dos Estados,CAMARAGIBE,CEMADEN,PLUVIOMETRICA_AUTOMATICA,2021,CEMADEN_MAX_GAP_60MIN,TRUE,365,365,306,319,327,0.838356164383562,0.873972602739726,0.895890410958904,0,8,120
CEMADEN,260345403A,Bairro dos Estados,CAMARAGIBE,CEMADEN,PLUVIOMETRICA_AUTOMATICA,2022,CEMADEN_MAX_GAP_60MIN,TRUE,365,117,84,87,89,0.23013698630137,0.238356164383562,0.243835616438356,0,138,6197.99999999992
CEMADEN,260345403A,Bairro dos Estados,CAMARAGIBE,CEMADEN,PLUVIOMETRICA_AUTOMATICA,2023,CEMADEN_MAX_GAP_60MIN,TRUE,365,23,18,19,20,0.0493150684931507,0.052054794520548,0.0547945205479452,0,195,678.5
CEMADEN,260345404A,Jardim Primavera,CAMARAGIBE,CEMADEN,PLUVIOMETRICA_AUTOMATICA,2017,CEMADEN_MAX_GAP_60MIN,TRUE,365,363,336,338,343,0.920547945205479,0.926027397260274,0.93972602739726,0,5,99.4999999999999
CEMADEN,260345404A,Jardim Primavera,CAMARAGIBE,CEMADEN,PLUVIOMETRICA_AUTOMATICA,2018,CEMADEN_MAX_GAP_60MIN,TRUE,365,365,334,345,352,0.915068493150685,0.945205479452055,0.964383561643836,0,2,80
CEMADEN,260345404A,Jardim Primavera,CAMARAGIBE,CEMADEN,PLUVIOMETRICA_AUTOMATICA,2019,CEMADEN_MAX_GAP_60MIN,TRUE,365,356,274,288,297,0.750684931506849,0.789041095890411,0.813698630136986,0,16,640
CEMADEN,260345404A,Jardim Primavera,CAMARAGIBE,CEMADEN,PLUVIOMETRICA_AUTOMATICA,2020,CEMADEN_MAX_GAP_60MIN,TRUE,366,366,251,286,312,0.685792349726776,0.781420765027322,0.852459016393443,0,8,495
CEMADEN,260345404A,Jardim Primavera,CAMARAGIBE,CEMADEN,PLUVIOMETRICA_AUTOMATICA,2021,CEMADEN_MAX_GAP_60MIN,TRUE,365,365,318,330,343,0.871232876712329,0.904109589041096,0.93972602739726,0,2,120
CEMADEN,260345404A,Jardim Primavera,CAMARAGIBE,CEMADEN,PLUVIOMETRICA_AUTOMATICA,2022,CEMADEN_MAX_GAP_60MIN,TRUE,365,365,307,320,330,0.841095890410959,0.876712328767123,0.904109589041096,0,5,120
CEMADEN,260345404A,Jardim Primavera,CAMARAGIBE,CEMADEN,PLUVIOMETRICA_AUTOMATICA,2023,CEMADEN_MAX_GAP_60MIN,TRUE,365,365,327,339,351,0.895890410958904,0.928767123287671,0.961643835616438,0,5,80
CEMADEN,260345404A,Jardim Primavera,CAMARAGIBE,CEMADEN,PLUVIOMETRICA_AUTOMATICA,2024,CEMADEN_MAX_GAP_60MIN,TRUE,366,323,265,273,282,0.724043715846995,0.745901639344262,0.770491803278689,0,56,1440
CEMADEN,260345404A,Jardim Primavera,CAMARAGIBE,CEMADEN,PLUVIOMETRICA_AUTOMATICA,2025,CEMADEN_MAX_GAP_60MIN,TRUE,365,365,316,341,351,0.865753424657534,0.934246575342466,0.961643835616438,0,3,80
CEMADEN,260345405A,Vila da Fábrica,CAMARAGIBE,CEMADEN,PLUVIOMETRICA_AUTOMATICA,2017,CEMADEN_MAX_GAP_60MIN,TRUE,365,234,194,200,202,0.531506849315069,0.547945205479452,0.553424657534247,0,125,2680
CEMADEN,260345405A,Vila da Fábrica,CAMARAGIBE,CEMADEN,PLUVIOMETRICA_AUTOMATICA,2018,CEMADEN_MAX_GAP_60MIN,TRUE,365,365,329,342,348,0.901369863013699,0.936986301369863,0.953424657534246,0,2,80
CEMADEN,260345405A,Vila da Fábrica,CAMARAGIBE,CEMADEN,PLUVIOMETRICA_AUTOMATICA,2019,CEMADEN_MAX_GAP_60MIN,TRUE,365,356,271,288,297,0.742465753424658,0.789041095890411,0.813698630136986,0,15,557.5
CEMADEN,260345405A,Vila da Fábrica,CAMARAGIBE,CEMADEN,PLUVIOMETRICA_AUTOMATICA,2020,CEMADEN_MAX_GAP_60MIN,TRUE,366,366,258,284,309,0.704918032786885,0.775956284153005,0.844262295081967,0,9,365
CEMADEN,260345405A,Vila da Fábrica,CAMARAGIBE,CEMADEN,PLUVIOMETRICA_AUTOMATICA,2021,CEMADEN_MAX_GAP_60MIN,TRUE,365,365,305,327,334,0.835616438356164,0.895890410958904,0.915068493150685,0,6,120
CEMADEN,260345405A,Vila da Fábrica,CAMARAGIBE,CEMADEN,PLUVIOMETRICA_AUTOMATICA,2022,CEMADEN_MAX_GAP_60MIN,TRUE,365,364,261,278,289,0.715068493150685,0.761643835616438,0.791780821917808,0,16,120
CEMADEN,260345405A,Vila da Fábrica,CAMARAGIBE,CEMADEN,PLUVIOMETRICA_AUTOMATICA,2023,CEMADEN_MAX_GAP_60MIN,TRUE,365,365,335,349,352,0.917808219178082,0.956164383561644,0.964383561643836,0,3,70
CEMADEN,260345405A,Vila da Fábrica,CAMARAGIBE,CEMADEN,PLUVIOMETRICA_AUTOMATICA,2024,CEMADEN_MAX_GAP_60MIN,TRUE,366,333,193,203,210,0.527322404371585,0.554644808743169,0.573770491803279,0,116,1807.99999999999
CEMADEN,260345405A,Vila da Fábrica,CAMARAGIBE,CEMADEN,PLUVIOMETRICA_AUTOMATICA,2025,CEMADEN_MAX_GAP_60MIN,TRUE,365,244,0,0,0,0,0,0,0,365,3770
CEMADEN,260345406A,Aldeia,CAMARAGIBE,CEMADEN,PLUVIOMETRICA_AUTOMATICA,2017,CEMADEN_MAX_GAP_60MIN,TRUE,365,363,340,343,344,0.931506849315068,0.93972602739726,0.942465753424658,0,3,79.4999999999999
CEMADEN,260345406A,Aldeia,CAMARAGIBE,CEMADEN,PLUVIOMETRICA_AUTOMATICA,2018,CEMADEN_MAX_GAP_60MIN,TRUE,365,254,232,240,244,0.635616438356164,0.657534246575342,0.668493150684932,0,112,80
CEMADEN,260345406A,Aldeia,CAMARAGIBE,CEMADEN,PLUVIOMETRICA_AUTOMATICA,2019,CEMADEN_MAX_GAP_60MIN,TRUE,365,195,118,132,138,0.323287671232877,0.361643835616438,0.378082191780822,0,162,1059
CEMADEN,260345406A,Aldeia,CAMARAGIBE,CEMADEN,PLUVIOMETRICA_AUTOMATICA,2020,CEMADEN_MAX_GAP_60MIN,TRUE,366,366,171,189,223,0.467213114754098,0.516393442622951,0.609289617486339,0,61,377.5
CEMADEN,260345406A,Aldeia,CAMARAGIBE,CEMADEN,PLUVIOMETRICA_AUTOMATICA,2021,CEMADEN_MAX_GAP_60MIN,TRUE,365,364,225,233,251,0.616438356164384,0.638356164383562,0.687671232876712,0,28,148.5
CEMADEN,260345406A,Aldeia,CAMARAGIBE,CEMADEN,PLUVIOMETRICA_AUTOMATICA,2022,CEMADEN_MAX_GAP_60MIN,TRUE,365,365,328,339,346,0.898630136986301,0.928767123287671,0.947945205479452,0,5,98.0000000000001
CEMADEN,260345406A,Aldeia,CAMARAGIBE,CEMADEN,PLUVIOMETRICA_AUTOMATICA,2023,CEMADEN_MAX_GAP_60MIN,TRUE,365,365,313,319,323,0.857534246575342,0.873972602739726,0.884931506849315,0,7,120
CEMADEN,260345406A,Aldeia,CAMARAGIBE,CEMADEN,PLUVIOMETRICA_AUTOMATICA,2024,CEMADEN_MAX_GAP_60MIN,TRUE,366,361,198,200,200,0.540983606557377,0.546448087431694,0.546448087431694,0,163,1160
CEMADEN,260345406A,Aldeia,CAMARAGIBE,CEMADEN,PLUVIOMETRICA_AUTOMATICA,2025,CEMADEN_MAX_GAP_60MIN,TRUE,365,365,335,345,350,0.917808219178082,0.945205479452055,0.958904109589041,0,2,78.4999999999997
CEMADEN,260350401A,CAMOCIM DE SAO FELIX - APAC,CAMOCIM DE SÃO FÉLIX,CEMADEN,PLUVIOMETRICA_AUTOMATICA,2017,CEMADEN_MAX_GAP_60MIN,TRUE,365,34,18,19,19,0.0493150684931507,0.052054794520548,0.052054794520548,0,332,164
CEMADEN,260350401A,CAMOCIM DE SAO FELIX - APAC,CAMOCIM DE SÃO FÉLIX,CEMADEN,PLUVIOMETRICA_AUTOMATICA,2018,CEMADEN_MAX_GAP_60MIN,TRUE,365,365,292,310,318,0.8,0.849315068493151,0.871232876712329,0,9,120
CEMADEN,260350401A,CAMOCIM DE SAO FELIX - APAC,CAMOCIM DE SÃO FÉLIX,CEMADEN,PLUVIOMETRICA_AUTOMATICA,2019,CEMADEN_MAX_GAP_60MIN,TRUE,365,353,293,307,314,0.802739726027397,0.841095890410959,0.86027397260274,0,12,271.999999999999
CEMADEN,260350401A,CAMOCIM DE SAO FELIX - APAC,CAMOCIM DE SÃO FÉLIX,CEMADEN,PLUVIOMETRICA_AUTOMATICA,2020,CEMADEN_MAX_GAP_60MIN,TRUE,366,366,282,301,315,0.770491803278689,0.822404371584699,0.860655737704918,0,7,252.5
CEMADEN,260350401A,CAMOCIM DE SAO FELIX - APAC,CAMOCIM DE SÃO FÉLIX,CEMADEN,PLUVIOMETRICA_AUTOMATICA,2021,CEMADEN_MAX_GAP_60MIN,TRUE,365,306,83,125,171,0.227397260273973,0.342465753424658,0.468493150684932,0,72,420
CEMADEN,260350401A,CAMOCIM DE SAO FELIX - APAC,CAMOCIM DE SÃO FÉLIX,CEMADEN,PLUVIOMETRICA_AUTOMATICA,2022,CEMADEN_MAX_GAP_60MIN,TRUE,365,117,100,104,106,0.273972602739726,0.284931506849315,0.29041095890411,0,249,114
CEMADEN,260350401A,CAMOCIM DE SAO FELIX - APAC,CAMOCIM DE SÃO FÉLIX,CEMADEN,PLUVIOMETRICA_AUTOMATICA,2023,CEMADEN_MAX_GAP_60MIN,TRUE,365,365,311,328,335,0.852054794520548,0.898630136986301,0.917808219178082,0,6,120
CEMADEN,260350401A,CAMOCIM DE SAO FELIX - APAC,CAMOCIM DE SÃO FÉLIX,CEMADEN,PLUVIOMETRICA_AUTOMATICA,2024,CEMADEN_MAX_GAP_60MIN,TRUE,366,366,299,323,337,0.816939890710383,0.882513661202186,0.920765027322404,0,5,152.5
CEMADEN,260350401A,CAMOCIM DE SAO FELIX - APAC,CAMOCIM DE SÃO FÉLIX,CEMADEN,PLUVIOMETRICA_AUTOMATICA,2025,CEMADEN_MAX_GAP_60MIN,TRUE,365,365,338,348,351,0.926027397260274,0.953424657534246,0.961643835616438,0,3,70
CEMADEN,260360301A,CAMUTANGA - APAC,CAMUTANGA,CEMADEN,PLUVIOMETRICA_AUTOMATICA,2017,CEMADEN_MAX_GAP_60MIN,TRUE,365,40,8,8,9,0.0219178082191781,0.0219178082191781,0.0246575342465753,0,329,297.000000000001
CEMADEN,260360301A,CAMUTANGA - APAC,CAMUTANGA,CEMADEN,PLUVIOMETRICA_AUTOMATICA,2018,CEMADEN_MAX_GAP_60MIN,TRUE,365,365,305,317,326,0.835616438356164,0.868493150684932,0.893150684931507,0,5,120
CEMADEN,260360301A,CAMUTANGA - APAC,CAMUTANGA,CEMADEN,PLUVIOMETRICA_AUTOMATICA,2019,CEMADEN_MAX_GAP_60MIN,TRUE,365,353,305,314,316,0.835616438356164,0.86027397260274,0.865753424657534,0,12,404
CEMADEN,260360301A,CAMUTANGA - APAC,CAMUTANGA,CEMADEN,PLUVIOMETRICA_AUTOMATICA,2020,CEMADEN_MAX_GAP_60MIN,TRUE,366,229,31,32,32,0.0846994535519126,0.0874316939890711,0.0874316939890711,0,138,6331.99999999999
CEMADEN,260360301A,CAMUTANGA - APAC,CAMUTANGA,CEMADEN,PLUVIOMETRICA_AUTOMATICA,2021,CEMADEN_MAX_GAP_60MIN,TRUE,365,95,46,51,51,0.126027397260274,0.13972602739726,0.13972602739726,0,174,19380
CEMADEN,260360301A,CAMUTANGA - APAC,CAMUTANGA,CEMADEN,PLUVIOMETRICA_AUTOMATICA,2022,CEMADEN_MAX_GAP_60MIN,TRUE,365,140,99,106,107,0.271232876712329,0.29041095890411,0.293150684931507,0,95,13931.4999999989
CEMADEN,260360301A,CAMUTANGA - APAC,CAMUTANGA,CEMADEN,PLUVIOMETRICA_AUTOMATICA,2023,CEMADEN_MAX_GAP_60MIN,TRUE,365,365,334,343,344,0.915068493150685,0.93972602739726,0.942465753424658,0,2,118
CEMADEN,260360301A,CAMUTANGA - APAC,CAMUTANGA,CEMADEN,PLUVIOMETRICA_AUTOMATICA,2024,CEMADEN_MAX_GAP_60MIN,TRUE,366,348,267,277,282,0.729508196721312,0.756830601092896,0.770491803278689,0,22,2180
CEMADEN,260360301A,CAMUTANGA - APAC,CAMUTANGA,CEMADEN,PLUVIOMETRICA_AUTOMATICA,2025,CEMADEN_MAX_GAP_60MIN,TRUE,365,233,164,173,176,0.449315068493151,0.473972602739726,0.482191780821918,0,134,2321.49999999999
CEMADEN,260370201A,CANHOTINHO - APAC,CANHOTINHO,CEMADEN,PLUVIOMETRICA_AUTOMATICA,2023,CEMADEN_MAX_GAP_60MIN,TRUE,365,183,151,154,155,0.413698630136986,0.421917808219178,0.424657534246575,0,181,408
CEMADEN,260370201A,CANHOTINHO - APAC,CANHOTINHO,CEMADEN,PLUVIOMETRICA_AUTOMATICA,2024,CEMADEN_MAX_GAP_60MIN,TRUE,366,356,242,252,262,0.66120218579235,0.688524590163934,0.715846994535519,0,22,1450
CEMADEN,260370201A,CANHOTINHO - APAC,CANHOTINHO,CEMADEN,PLUVIOMETRICA_AUTOMATICA,2025,CEMADEN_MAX_GAP_60MIN,TRUE,365,281,175,182,187,0.479452054794521,0.498630136986301,0.512328767123288,0,73,5405.5
CEMADEN,260370201C,CANHOTINHO,CANHOTINHO,CEMADEN,PLUVIOMETRICA_AUTOMATICA,2018,CEMADEN_MAX_GAP_60MIN,TRUE,365,154,64,64,64,0.175342465753425,0.175342465753425,0.175342465753425,0,152,8316.00000000003
CEMADEN,260370201C,CANHOTINHO,CANHOTINHO,CEMADEN,PLUVIOMETRICA_AUTOMATICA,2020,CEMADEN_MAX_GAP_60MIN,TRUE,366,16,0,0,0,0,0,0,0,366,236981.999999999
CEMADEN,260380101A,CAPOEIRAS - APAC,CAPOEIRAS,CEMADEN,PLUVIOMETRICA_AUTOMATICA,2017,CEMADEN_MAX_GAP_60MIN,TRUE,365,26,5,6,7,0.0136986301369863,0.0164383561643836,0.0191780821917808,0,340,797.999999999999
CEMADEN,260380101A,CAPOEIRAS - APAC,CAPOEIRAS,CEMADEN,PLUVIOMETRICA_AUTOMATICA,2018,CEMADEN_MAX_GAP_60MIN,TRUE,365,365,241,252,263,0.66027397260274,0.69041095890411,0.72054794520548,0,11,704
CEMADEN,260380101A,CAPOEIRAS - APAC,CAPOEIRAS,CEMADEN,PLUVIOMETRICA_AUTOMATICA,2019,CEMADEN_MAX_GAP_60MIN,TRUE,365,336,257,269,274,0.704109589041096,0.736986301369863,0.750684931506849,0,19,540
CEMADEN,260380101A,CAPOEIRAS - APAC,CAPOEIRAS,CEMADEN,PLUVIOMETRICA_AUTOMATICA,2020,CEMADEN_MAX_GAP_60MIN,TRUE,366,270,156,163,172,0.426229508196721,0.445355191256831,0.469945355191257,0,161,1355.5
CEMADEN,260380101A,CAPOEIRAS - APAC,CAPOEIRAS,CEMADEN,PLUVIOMETRICA_AUTOMATICA,2021,CEMADEN_MAX_GAP_60MIN,TRUE,365,365,256,274,294,0.701369863013699,0.750684931506849,0.805479452054795,0,9,138
CEMADEN,260380101A,CAPOEIRAS - APAC,CAPOEIRAS,CEMADEN,PLUVIOMETRICA_AUTOMATICA,2022,CEMADEN_MAX_GAP_60MIN,TRUE,365,365,205,219,237,0.561643835616438,0.6,0.649315068493151,0,22,600
CEMADEN,260380101A,CAPOEIRAS - APAC,CAPOEIRAS,CEMADEN,PLUVIOMETRICA_AUTOMATICA,2023,CEMADEN_MAX_GAP_60MIN,TRUE,365,306,231,243,250,0.632876712328767,0.665753424657534,0.684931506849315,0,65,440
CEMADEN,260380101A,CAPOEIRAS - APAC,CAPOEIRAS,CEMADEN,PLUVIOMETRICA_AUTOMATICA,2024,CEMADEN_MAX_GAP_60MIN,TRUE,366,350,212,250,263,0.579234972677596,0.683060109289618,0.718579234972678,0,18,435.5
CEMADEN,260380101A,CAPOEIRAS - APAC,CAPOEIRAS,CEMADEN,PLUVIOMETRICA_AUTOMATICA,2025,CEMADEN_MAX_GAP_60MIN,TRUE,365,228,160,190,196,0.438356164383562,0.520547945205479,0.536986301369863,0,120,1829.99999999999
CEMADEN,260390001A,Carnaíba [Prefeitura] - APAC,CARNAÍBA,CEMADEN,PLUVIOMETRICA_AUTOMATICA,2023,CEMADEN_MAX_GAP_60MIN,TRUE,365,133,111,114,114,0.304109589041096,0.312328767123288,0.312328767123288,0,174,209.999999999998
CEMADEN,260390001A,Carnaíba [Prefeitura] - APAC,CARNAÍBA,CEMADEN,PLUVIOMETRICA_AUTOMATICA,2024,CEMADEN_MAX_GAP_60MIN,TRUE,366,362,318,327,333,0.868852459016394,0.89344262295082,0.909836065573771,0,5,326.499999999999
CEMADEN,260390001A,Carnaíba [Prefeitura] - APAC,CARNAÍBA,CEMADEN,PLUVIOMETRICA_AUTOMATICA,2025,CEMADEN_MAX_GAP_60MIN,TRUE,365,365,330,335,338,0.904109589041096,0.917808219178082,0.926027397260274,0,3,120
CEMADEN,260390001C,CARNAIBA,CARNAÍBA,CEMADEN,PLUVIOMETRICA_AUTOMATICA,2018,CEMADEN_MAX_GAP_60MIN,TRUE,365,314,28,28,28,0.0767123287671233,0.0767123287671233,0.0767123287671233,0,249,1500
CEMADEN,260390001C,CARNAIBA,CARNAÍBA,CEMADEN,PLUVIOMETRICA_AUTOMATICA,2019,CEMADEN_MAX_GAP_60MIN,TRUE,365,348,0,0,0,0,0,0,0,365,1080
CEMADEN,260390001C,CARNAIBA,CARNAÍBA,CEMADEN,PLUVIOMETRICA_AUTOMATICA,2020,CEMADEN_MAX_GAP_60MIN,TRUE,366,44,0,0,0,0,0,0,0,366,1071
CEMADEN,260390001C,CARNAIBA,CARNAÍBA,CEMADEN,PLUVIOMETRICA_AUTOMATICA,2022,CEMADEN_MAX_GAP_60MIN,TRUE,365,187,181,181,181,0.495890410958904,0.495890410958904,0.495890410958904,0,179,60
CEMADEN,260390001C,CARNAIBA,CARNAÍBA,CEMADEN,PLUVIOMETRICA_AUTOMATICA,2023,CEMADEN_MAX_GAP_60MIN,TRUE,365,271,219,219,220,0.6,0.6,0.602739726027397,0,109,3480
CEMADEN,260390001C,CARNAIBA,CARNAÍBA,CEMADEN,PLUVIOMETRICA_AUTOMATICA,2024,CEMADEN_MAX_GAP_60MIN,TRUE,366,366,263,263,263,0.718579234972678,0.718579234972678,0.718579234972678,0,80,600
CEMADEN,260390001C,CARNAIBA,CARNAÍBA,CEMADEN,PLUVIOMETRICA_AUTOMATICA,2025,CEMADEN_MAX_GAP_60MIN,TRUE,365,105,0,0,0,0,0,0,0,365,780
CEMADEN,260392601A,Carnaubeira da Penha [Fazenda Milagres] - APAC,CARNAUBEIRA DA PENHA,CEMADEN,PLUVIOMETRICA_AUTOMATICA,2024,CEMADEN_MAX_GAP_60MIN,TRUE,366,124,105,107,109,0.286885245901639,0.292349726775956,0.297814207650273,0,241,1045
CEMADEN,260392601A,Carnaubeira da Penha [Fazenda Milagres] - APAC,CARNAUBEIRA DA PENHA,CEMADEN,PLUVIOMETRICA_AUTOMATICA,2025,CEMADEN_MAX_GAP_60MIN,TRUE,365,364,260,278,296,0.712328767123288,0.761643835616438,0.810958904109589,0,13,280
CEMADEN,260392601U,CARNAUBEIRAS DA PENHA,CARNAUBEIRA DA PENHA,CEMADEN,PLUVIOMETRICA_AUTOMATICA,2021,CEMADEN_MAX_GAP_60MIN,TRUE,365,19,17,17,17,0.0465753424657534,0.0465753424657534,0.0465753424657534,0,215,83506.4999999992
CEMADEN,260392601U,CARNAUBEIRAS DA PENHA,CARNAUBEIRA DA PENHA,CEMADEN,PLUVIOMETRICA_AUTOMATICA,2022,CEMADEN_MAX_GAP_60MIN,TRUE,365,75,60,60,60,0.164383561643836,0.164383561643836,0.164383561643836,0,172,49730
CEMADEN,260392601U,CARNAUBEIRAS DA PENHA,CARNAUBEIRA DA PENHA,CEMADEN,PLUVIOMETRICA_AUTOMATICA,2023,CEMADEN_MAX_GAP_60MIN,TRUE,365,252,238,238,239,0.652054794520548,0.652054794520548,0.654794520547945,0,70,97.9999999999995
CEMADEN,260392601U,CARNAUBEIRAS DA PENHA,CARNAUBEIRA DA PENHA,CEMADEN,PLUVIOMETRICA_AUTOMATICA,2024,CEMADEN_MAX_GAP_60MIN,TRUE,366,297,284,284,284,0.775956284153005,0.775956284153005,0.775956284153005,0,60,60
CEMADEN,260392601U,CARNAUBEIRAS DA PENHA,CARNAUBEIRA DA PENHA,CEMADEN,PLUVIOMETRICA_AUTOMATICA,2025,CEMADEN_MAX_GAP_60MIN,TRUE,365,23,21,21,21,0.0575342465753425,0.0575342465753425,0.0575342465753425,0,343,60
CEMADEN,260410601A,Centro,CARUARU,CEMADEN,PLUVIOMETRICA_AUTOMATICA,2017,CEMADEN_MAX_GAP_60MIN,TRUE,365,365,329,334,343,0.901369863013699,0.915068493150685,0.93972602739726,0,7,100
CEMADEN,260410601A,Centro,CARUARU,CEMADEN,PLUVIOMETRICA_AUTOMATICA,2018,CEMADEN_MAX_GAP_60MIN,TRUE,365,365,334,343,351,0.915068493150685,0.93972602739726,0.961643835616438,0,2,80
CEMADEN,260410601A,Centro,CARUARU,CEMADEN,PLUVIOMETRICA_AUTOMATICA,2019,CEMADEN_MAX_GAP_60MIN,TRUE,365,354,278,290,297,0.761643835616438,0.794520547945206,0.813698630136986,0,15,860
CEMADEN,260410601A,Centro,CARUARU,CEMADEN,PLUVIOMETRICA_AUTOMATICA,2020,CEMADEN_MAX_GAP_60MIN,TRUE,366,366,248,284,307,0.677595628415301,0.775956284153005,0.83879781420765,0,11,427.5
CEMADEN,260410601A,Centro,CARUARU,CEMADEN,PLUVIOMETRICA_AUTOMATICA,2021,CEMADEN_MAX_GAP_60MIN,TRUE,365,365,309,318,321,0.846575342465753,0.871232876712329,0.879452054794521,0,7,120
CEMADEN,260410601A,Centro,CARUARU,CEMADEN,PLUVIOMETRICA_AUTOMATICA,2022,CEMADEN_MAX_GAP_60MIN,TRUE,365,365,309,314,320,0.846575342465753,0.86027397260274,0.876712328767123,0,6,120
CEMADEN,260410601A,Centro,CARUARU,CEMADEN,PLUVIOMETRICA_AUTOMATICA,2023,CEMADEN_MAX_GAP_60MIN,TRUE,365,365,345,354,355,0.945205479452055,0.96986301369863,0.972602739726027,0,2,70
CEMADEN,260410601A,Centro,CARUARU,CEMADEN,PLUVIOMETRICA_AUTOMATICA,2024,CEMADEN_MAX_GAP_60MIN,TRUE,366,262,199,205,211,0.543715846994536,0.560109289617486,0.576502732240437,0,95,2140
CEMADEN,260410601A,Centro,CARUARU,CEMADEN,PLUVIOMETRICA_AUTOMATICA,2025,CEMADEN_MAX_GAP_60MIN,TRUE,365,282,182,186,195,0.498630136986301,0.50958904109589,0.534246575342466,0,74,4890
CEMADEN,260410602A,Cidade Jardim,CARUARU,CEMADEN,PLUVIOMETRICA_AUTOMATICA,2017,CEMADEN_MAX_GAP_60MIN,TRUE,365,318,288,289,294,0.789041095890411,0.791780821917808,0.805479452054795,0,26,367.999999999992
CEMADEN,260410602A,Cidade Jardim,CARUARU,CEMADEN,PLUVIOMETRICA_AUTOMATICA,2018,CEMADEN_MAX_GAP_60MIN,TRUE,365,365,343,345,349,0.93972602739726,0.945205479452055,0.956164383561644,0,3,80
CEMADEN,260410602A,Cidade Jardim,CARUARU,CEMADEN,PLUVIOMETRICA_AUTOMATICA,2019,CEMADEN_MAX_GAP_60MIN,TRUE,365,354,286,293,304,0.783561643835617,0.802739726027397,0.832876712328767,0,15,970
CEMADEN,260410602A,Cidade Jardim,CARUARU,CEMADEN,PLUVIOMETRICA_AUTOMATICA,2020,CEMADEN_MAX_GAP_60MIN,TRUE,366,366,245,273,305,0.669398907103825,0.745901639344262,0.833333333333333,0,9,530
CEMADEN,260410602A,Cidade Jardim,CARUARU,CEMADEN,PLUVIOMETRICA_AUTOMATICA,2021,CEMADEN_MAX_GAP_60MIN,TRUE,365,365,323,330,336,0.884931506849315,0.904109589041096,0.920547945205479,0,5,120
CEMADEN,260410602A,Cidade Jardim,CARUARU,CEMADEN,PLUVIOMETRICA_AUTOMATICA,2022,CEMADEN_MAX_GAP_60MIN,TRUE,365,365,317,319,322,0.868493150684932,0.873972602739726,0.882191780821918,0,5,120
CEMADEN,260410602A,Cidade Jardim,CARUARU,CEMADEN,PLUVIOMETRICA_AUTOMATICA,2023,CEMADEN_MAX_GAP_60MIN,TRUE,365,365,337,343,344,0.923287671232877,0.93972602739726,0.942465753424658,0,4,120
CEMADEN,260410602A,Cidade Jardim,CARUARU,CEMADEN,PLUVIOMETRICA_AUTOMATICA,2024,CEMADEN_MAX_GAP_60MIN,TRUE,366,334,309,316,322,0.844262295081967,0.863387978142077,0.879781420765027,0,28,80
CEMADEN,260410602A,Cidade Jardim,CARUARU,CEMADEN,PLUVIOMETRICA_AUTOMATICA,2025,CEMADEN_MAX_GAP_60MIN,TRUE,365,289,198,204,210,0.542465753424658,0.558904109589041,0.575342465753425,0,50,3943.99999999996
CEMADEN,260410603A,2º Distrito,CARUARU,CEMADEN,PLUVIOMETRICA_AUTOMATICA,2017,CEMADEN_MAX_GAP_60MIN,TRUE,365,365,294,304,310,0.805479452054795,0.832876712328767,0.849315068493151,0,10,506.999999999999
CEMADEN,260410603A,2º Distrito,CARUARU,CEMADEN,PLUVIOMETRICA_AUTOMATICA,2018,CEMADEN_MAX_GAP_60MIN,TRUE,365,365,309,322,331,0.846575342465753,0.882191780821918,0.906849315068493,0,3,130
CEMADEN,260410603A,2º Distrito,CARUARU,CEMADEN,PLUVIOMETRICA_AUTOMATICA,2019,CEMADEN_MAX_GAP_60MIN,TRUE,365,307,239,246,252,0.654794520547945,0.673972602739726,0.69041095890411,0,43,2566
CEMADEN,260410603A,2º Distrito,CARUARU,CEMADEN,PLUVIOMETRICA_AUTOMATICA,2020,CEMADEN_MAX_GAP_60MIN,TRUE,366,366,248,281,302,0.677595628415301,0.76775956284153,0.825136612021858,0,13,490
CEMADEN,260410603A,2º Distrito,CARUARU,CEMADEN,PLUVIOMETRICA_AUTOMATICA,2021,CEMADEN_MAX_GAP_60MIN,TRUE,365,347,311,316,322,0.852054794520548,0.865753424657534,0.882191780821918,0,19,120
CEMADEN,260410603A,2º Distrito,CARUARU,CEMADEN,PLUVIOMETRICA_AUTOMATICA,2022,CEMADEN_MAX_GAP_60MIN,TRUE,365,57,6,6,7,0.0164383561643836,0.0164383561643836,0.0191780821917808,0,341,10747.9999999998
CEMADEN,260410603A,2º Distrito,CARUARU,CEMADEN,PLUVIOMETRICA_AUTOMATICA,2023,CEMADEN_MAX_GAP_60MIN,TRUE,365,3,0,0,0,0,0,0,0,365,549218
CEMADEN,260410603A,2º Distrito,CARUARU,CEMADEN,PLUVIOMETRICA_AUTOMATICA,2024,CEMADEN_MAX_GAP_60MIN,TRUE,366,1,0,0,0,0,0,0,0,366,
CEMADEN,260410604A,1º Distrito,CARUARU,CEMADEN,PLUVIOMETRICA_AUTOMATICA,2017,CEMADEN_MAX_GAP_60MIN,TRUE,365,187,163,171,171,0.446575342465753,0.468493150684932,0.468493150684932,0,180,135
CEMADEN,260410604A,1º Distrito,CARUARU,CEMADEN,PLUVIOMETRICA_AUTOMATICA,2018,CEMADEN_MAX_GAP_60MIN,TRUE,365,73,55,60,64,0.150684931506849,0.164383561643836,0.175342465753425,0,294,129
CEMADEN,260410605A,Gonçalves Ferreira,CARUARU,CEMADEN,PLUVIOMETRICA_AUTOMATICA,2017,CEMADEN_MAX_GAP_60MIN,TRUE,365,240,199,202,205,0.545205479452055,0.553424657534247,0.561643835616438,0,42,5991.99999999999
CEMADEN,260410605A,Gonçalves Ferreira,CARUARU,CEMADEN,PLUVIOMETRICA_AUTOMATICA,2018,CEMADEN_MAX_GAP_60MIN,TRUE,365,365,342,346,351,0.936986301369863,0.947945205479452,0.961643835616438,0,2,78.0000000000001
CEMADEN,260410605A,Gonçalves Ferreira,CARUARU,CEMADEN,PLUVIOMETRICA_AUTOMATICA,2019,CEMADEN_MAX_GAP_60MIN,TRUE,365,333,295,303,305,0.808219178082192,0.83013698630137,0.835616438356164,0,21,1030
CEMADEN,260410605A,Gonçalves Ferreira,CARUARU,CEMADEN,PLUVIOMETRICA_AUTOMATICA,2020,CEMADEN_MAX_GAP_60MIN,TRUE,366,125,67,67,67,0.183060109289618,0.183060109289618,0.183060109289618,0,295,2370
CEMADEN,260410605A,Gonçalves Ferreira,CARUARU,CEMADEN,PLUVIOMETRICA_AUTOMATICA,2021,CEMADEN_MAX_GAP_60MIN,TRUE,365,363,335,344,351,0.917808219178082,0.942465753424658,0.961643835616438,0,6,78.9999999999998
CEMADEN,260410605A,Gonçalves Ferreira,CARUARU,CEMADEN,PLUVIOMETRICA_AUTOMATICA,2022,CEMADEN_MAX_GAP_60MIN,TRUE,365,207,191,195,197,0.523287671232877,0.534246575342466,0.53972602739726,0,159,80
CEMADEN,260410605A,Gonçalves Ferreira,CARUARU,CEMADEN,PLUVIOMETRICA_AUTOMATICA,2024,CEMADEN_MAX_GAP_60MIN,TRUE,366,57,46,49,49,0.12568306010929,0.133879781420765,0.133879781420765,0,281,34377.9999999994
CEMADEN,260410605A,Gonçalves Ferreira,CARUARU,CEMADEN,PLUVIOMETRICA_AUTOMATICA,2025,CEMADEN_MAX_GAP_60MIN,TRUE,365,205,82,125,136,0.224657534246575,0.342465753424658,0.372602739726027,0,76,4895
CEMADEN,260410606A,Terra Vermelha,CARUARU,CEMADEN,PLUVIOMETRICA_AUTOMATICA,2017,CEMADEN_MAX_GAP_60MIN,TRUE,365,270,215,217,220,0.589041095890411,0.594520547945206,0.602739726027397,0,40,7910
CEMADEN,260410606A,Terra Vermelha,CARUARU,CEMADEN,PLUVIOMETRICA_AUTOMATICA,2018,CEMADEN_MAX_GAP_60MIN,TRUE,365,365,299,307,318,0.819178082191781,0.841095890410959,0.871232876712329,0,12,174
CEMADEN,260410606A,Terra Vermelha,CARUARU,CEMADEN,PLUVIOMETRICA_AUTOMATICA,2019,CEMADEN_MAX_GAP_60MIN,TRUE,365,360,271,288,299,0.742465753424658,0.789041095890411,0.819178082191781,0,7,325.000000000001
CEMADEN,260410606A,Terra Vermelha,CARUARU,CEMADEN,PLUVIOMETRICA_AUTOMATICA,2020,CEMADEN_MAX_GAP_60MIN,TRUE,366,366,297,318,329,0.811475409836066,0.868852459016394,0.898907103825137,0,7,120
CEMADEN,260410606A,Terra Vermelha,CARUARU,CEMADEN,PLUVIOMETRICA_AUTOMATICA,2021,CEMADEN_MAX_GAP_60MIN,TRUE,365,320,263,275,282,0.72054794520548,0.753424657534247,0.772602739726028,0,48,120
CEMADEN,260410606A,Terra Vermelha,CARUARU,CEMADEN,PLUVIOMETRICA_AUTOMATICA,2022,CEMADEN_MAX_GAP_60MIN,TRUE,365,32,12,17,18,0.0328767123287671,0.0465753424657534,0.0493150684931507,0,250,209248.5
CEMADEN,260410606A,Terra Vermelha,CARUARU,CEMADEN,PLUVIOMETRICA_AUTOMATICA,2023,CEMADEN_MAX_GAP_60MIN,TRUE,365,126,89,91,95,0.243835616438356,0.249315068493151,0.26027397260274,0,242,285
CEMADEN,260410606A,Terra Vermelha,CARUARU,CEMADEN,PLUVIOMETRICA_AUTOMATICA,2024,CEMADEN_MAX_GAP_60MIN,TRUE,366,289,221,238,243,0.603825136612022,0.650273224043716,0.663934426229508,0,79,650
CEMADEN,260410606A,Terra Vermelha,CARUARU,CEMADEN,PLUVIOMETRICA_AUTOMATICA,2025,CEMADEN_MAX_GAP_60MIN,TRUE,365,365,293,310,319,0.802739726027397,0.849315068493151,0.873972602739726,0,7,288.5
CEMADEN,260410607A,Alto do Moura,CARUARU,CEMADEN,PLUVIOMETRICA_AUTOMATICA,2017,CEMADEN_MAX_GAP_60MIN,TRUE,365,365,349,352,353,0.956164383561644,0.964383561643836,0.967123287671233,0,2,60
CEMADEN,260410607A,Alto do Moura,CARUARU,CEMADEN,PLUVIOMETRICA_AUTOMATICA,2018,CEMADEN_MAX_GAP_60MIN,TRUE,365,365,346,350,352,0.947945205479452,0.958904109589041,0.964383561643836,0,2,68.0000000000001
CEMADEN,260410607A,Alto do Moura,CARUARU,CEMADEN,PLUVIOMETRICA_AUTOMATICA,2019,CEMADEN_MAX_GAP_60MIN,TRUE,365,361,291,300,306,0.797260273972603,0.821917808219178,0.838356164383562,0,15,580
CEMADEN,260410607A,Alto do Moura,CARUARU,CEMADEN,PLUVIOMETRICA_AUTOMATICA,2020,CEMADEN_MAX_GAP_60MIN,TRUE,366,366,259,278,302,0.707650273224044,0.759562841530055,0.825136612021858,0,8,427.5
CEMADEN,260410607A,Alto do Moura,CARUARU,CEMADEN,PLUVIOMETRICA_AUTOMATICA,2021,CEMADEN_MAX_GAP_60MIN,TRUE,365,364,335,344,346,0.917808219178082,0.942465753424658,0.947945205479452,0,3,90
CEMADEN,260410607A,Alto do Moura,CARUARU,CEMADEN,PLUVIOMETRICA_AUTOMATICA,2022,CEMADEN_MAX_GAP_60MIN,TRUE,365,365,306,312,317,0.838356164383562,0.854794520547945,0.868493150684932,0,5,120
CEMADEN,260410607A,Alto do Moura,CARUARU,CEMADEN,PLUVIOMETRICA_AUTOMATICA,2023,CEMADEN_MAX_GAP_60MIN,TRUE,365,331,308,317,318,0.843835616438356,0.868493150684932,0.871232876712329,0,36,70
CEMADEN,260410607A,Alto do Moura,CARUARU,CEMADEN,PLUVIOMETRICA_AUTOMATICA,2024,CEMADEN_MAX_GAP_60MIN,TRUE,366,240,221,225,226,0.603825136612022,0.614754098360656,0.617486338797814,0,134,120
CEMADEN,260410608A,CARUARU - APAC,CARUARU,CEMADEN,PLUVIOMETRICA_AUTOMATICA,2017,CEMADEN_MAX_GAP_60MIN,TRUE,365,36,6,6,6,0.0164383561643836,0.0164383561643836,0.0164383561643836,0,331,810
CEMADEN,260410608A,CARUARU - APAC,CARUARU,CEMADEN,PLUVIOMETRICA_AUTOMATICA,2018,CEMADEN_MAX_GAP_60MIN,TRUE,365,365,296,309,317,0.810958904109589,0.846575342465753,0.868493150684932,0,9,120
CEMADEN,260410608A,CARUARU - APAC,CARUARU,CEMADEN,PLUVIOMETRICA_AUTOMATICA,2019,CEMADEN_MAX_GAP_60MIN,TRUE,365,353,310,319,324,0.849315068493151,0.873972602739726,0.887671232876712,0,12,427.999999999996
CEMADEN,260410608A,CARUARU - APAC,CARUARU,CEMADEN,PLUVIOMETRICA_AUTOMATICA,2020,CEMADEN_MAX_GAP_60MIN,TRUE,366,248,216,225,228,0.59016393442623,0.614754098360656,0.622950819672131,0,114,120
CEMADEN,260410608A,CARUARU - APAC,CARUARU,CEMADEN,PLUVIOMETRICA_AUTOMATICA,2021,CEMADEN_MAX_GAP_60MIN,TRUE,365,155,122,132,140,0.334246575342466,0.361643835616438,0.383561643835616,0,211,156
CEMADEN,260410608A,CARUARU - APAC,CARUARU,CEMADEN,PLUVIOMETRICA_AUTOMATICA,2022,CEMADEN_MAX_GAP_60MIN,TRUE,365,95,85,87,87,0.232876712328767,0.238356164383562,0.238356164383562,0,271,107
CEMADEN,260415501A,CASINHAS - APAC,CASINHAS,CEMADEN,PLUVIOMETRICA_AUTOMATICA,2017,CEMADEN_MAX_GAP_60MIN,TRUE,365,26,12,12,14,0.0328767123287671,0.0328767123287671,0.0383561643835616,0,342,180
CEMADEN,260415501A,CASINHAS - APAC,CASINHAS,CEMADEN,PLUVIOMETRICA_AUTOMATICA,2018,CEMADEN_MAX_GAP_60MIN,TRUE,365,365,321,331,333,0.879452054794521,0.906849315068493,0.912328767123288,0,5,120
CEMADEN,260415501A,CASINHAS - APAC,CASINHAS,CEMADEN,PLUVIOMETRICA_AUTOMATICA,2019,CEMADEN_MAX_GAP_60MIN,TRUE,365,352,300,313,320,0.821917808219178,0.857534246575342,0.876712328767123,0,12,338
CEMADEN,260415501A,CASINHAS - APAC,CASINHAS,CEMADEN,PLUVIOMETRICA_AUTOMATICA,2020,CEMADEN_MAX_GAP_60MIN,TRUE,366,349,208,213,215,0.568306010928962,0.581967213114754,0.587431693989071,0,120,670
CEMADEN,260415501A,CASINHAS - APAC,CASINHAS,CEMADEN,PLUVIOMETRICA_AUTOMATICA,2021,CEMADEN_MAX_GAP_60MIN,TRUE,365,240,96,104,110,0.263013698630137,0.284931506849315,0.301369863013699,0,230,670.5
CEMADEN,260415501A,CASINHAS - APAC,CASINHAS,CEMADEN,PLUVIOMETRICA_AUTOMATICA,2022,CEMADEN_MAX_GAP_60MIN,TRUE,365,359,214,322,332,0.586301369863014,0.882191780821918,0.90958904109589,0,129,130
CEMADEN,260415501A,CASINHAS - APAC,CASINHAS,CEMADEN,PLUVIOMETRICA_AUTOMATICA,2023,CEMADEN_MAX_GAP_60MIN,TRUE,365,49,42,45,45,0.115068493150685,0.123287671232877,0.123287671232877,0,320,138285.999999999
CEMADEN,260415501A,CASINHAS - APAC,CASINHAS,CEMADEN,PLUVIOMETRICA_AUTOMATICA,2024,CEMADEN_MAX_GAP_60MIN,TRUE,366,185,133,140,146,0.363387978142077,0.382513661202186,0.398907103825137,0,163,9829.99999999995
CEMADEN,260415501A,CASINHAS - APAC,CASINHAS,CEMADEN,PLUVIOMETRICA_AUTOMATICA,2025,CEMADEN_MAX_GAP_60MIN,TRUE,365,269,178,185,191,0.487671232876712,0.506849315068493,0.523287671232877,0,95,2220
CEMADEN,260420501A,Centro,CATENDE,CEMADEN,PLUVIOMETRICA_AUTOMATICA,2017,CEMADEN_MAX_GAP_60MIN,TRUE,365,365,345,352,353,0.945205479452055,0.964383561643836,0.967123287671233,0,2,68.4999999999997
CEMADEN,260420501A,Centro,CATENDE,CEMADEN,PLUVIOMETRICA_AUTOMATICA,2018,CEMADEN_MAX_GAP_60MIN,TRUE,365,232,208,215,221,0.56986301369863,0.589041095890411,0.605479452054795,0,134,90
CEMADEN,260420502A,Canaã,CATENDE,CEMADEN,PLUVIOMETRICA_AUTOMATICA,2017,CEMADEN_MAX_GAP_60MIN,TRUE,365,292,238,246,249,0.652054794520548,0.673972602739726,0.682191780821918,0,41,2910
CEMADEN,260420502A,Canaã,CATENDE,CEMADEN,PLUVIOMETRICA_AUTOMATICA,2018,CEMADEN_MAX_GAP_60MIN,TRUE,365,365,314,325,335,0.86027397260274,0.89041095890411,0.917808219178082,0,10,120
CEMADEN,260420502A,Canaã,CATENDE,CEMADEN,PLUVIOMETRICA_AUTOMATICA,2019,CEMADEN_MAX_GAP_60MIN,TRUE,365,356,277,287,294,0.758904109589041,0.786301369863014,0.805479452054795,0,15,1170
CEMADEN,260420502A,Canaã,CATENDE,CEMADEN,PLUVIOMETRICA_AUTOMATICA,2020,CEMADEN_MAX_GAP_60MIN,TRUE,366,366,249,284,308,0.680327868852459,0.775956284153005,0.841530054644809,0,8,317.5
CEMADEN,260420502A,Canaã,CATENDE,CEMADEN,PLUVIOMETRICA_AUTOMATICA,2021,CEMADEN_MAX_GAP_60MIN,TRUE,365,365,330,344,352,0.904109589041096,0.942465753424658,0.964383561643836,0,3,80
CEMADEN,260420502A,Canaã,CATENDE,CEMADEN,PLUVIOMETRICA_AUTOMATICA,2022,CEMADEN_MAX_GAP_60MIN,TRUE,365,205,126,132,141,0.345205479452055,0.361643835616438,0.386301369863014,0,163,565.999999999999
CEMADEN,260420502A,Canaã,CATENDE,CEMADEN,PLUVIOMETRICA_AUTOMATICA,2023,CEMADEN_MAX_GAP_60MIN,TRUE,365,334,285,294,295,0.780821917808219,0.805479452054795,0.808219178082192,0,33,120
CEMADEN,260420502A,Canaã,CATENDE,CEMADEN,PLUVIOMETRICA_AUTOMATICA,2024,CEMADEN_MAX_GAP_60MIN,TRUE,366,353,294,296,296,0.80327868852459,0.808743169398907,0.808743169398907,0,57,1436
CEMADEN,260420502A,Canaã,CATENDE,CEMADEN,PLUVIOMETRICA_AUTOMATICA,2025,CEMADEN_MAX_GAP_60MIN,TRUE,365,339,315,322,328,0.863013698630137,0.882191780821918,0.898630136986301,0,28,70
CEMADEN,260420503A,Laje Grande,CATENDE,CEMADEN,PLUVIOMETRICA_AUTOMATICA,2017,CEMADEN_MAX_GAP_60MIN,TRUE,365,361,340,341,343,0.931506849315068,0.934246575342466,0.93972602739726,0,6,80.5000000000001
CEMADEN,260420503A,Laje Grande,CATENDE,CEMADEN,PLUVIOMETRICA_AUTOMATICA,2018,CEMADEN_MAX_GAP_60MIN,TRUE,365,365,330,338,343,0.904109589041096,0.926027397260274,0.93972602739726,0,3,120
CEMADEN,260420503A,Laje Grande,CATENDE,CEMADEN,PLUVIOMETRICA_AUTOMATICA,2019,CEMADEN_MAX_GAP_60MIN,TRUE,365,354,254,272,286,0.695890410958904,0.745205479452055,0.783561643835617,0,11,636.999999999999
CEMADEN,260420503A,Laje Grande,CATENDE,CEMADEN,PLUVIOMETRICA_AUTOMATICA,2020,CEMADEN_MAX_GAP_60MIN,TRUE,366,366,164,179,230,0.448087431693989,0.489071038251366,0.628415300546448,0,37,300
CEMADEN,260420503A,Laje Grande,CATENDE,CEMADEN,PLUVIOMETRICA_AUTOMATICA,2021,CEMADEN_MAX_GAP_60MIN,TRUE,365,362,294,302,310,0.805479452054795,0.827397260273973,0.849315068493151,0,8,169
CEMADEN,260420503A,Laje Grande,CATENDE,CEMADEN,PLUVIOMETRICA_AUTOMATICA,2022,CEMADEN_MAX_GAP_60MIN,TRUE,365,168,138,141,143,0.378082191780822,0.386301369863014,0.391780821917808,0,198,485.000000000001
CEMADEN,260420503A,Laje Grande,CATENDE,CEMADEN,PLUVIOMETRICA_AUTOMATICA,2023,CEMADEN_MAX_GAP_60MIN,TRUE,365,20,18,18,18,0.0493150684931507,0.0493150684931507,0.0493150684931507,0,313,73499.9999999984
CEMADEN,260420504A,CATENDE - APAC,CATENDE,CEMADEN,PLUVIOMETRICA_AUTOMATICA,2017,CEMADEN_MAX_GAP_60MIN,TRUE,365,40,24,24,28,0.0657534246575342,0.0657534246575342,0.0767123287671233,0,328,182
CEMADEN,260420504A,CATENDE - APAC,CATENDE,CEMADEN,PLUVIOMETRICA_AUTOMATICA,2018,CEMADEN_MAX_GAP_60MIN,TRUE,365,365,320,333,341,0.876712328767123,0.912328767123288,0.934246575342466,0,3,120
CEMADEN,260420504A,CATENDE - APAC,CATENDE,CEMADEN,PLUVIOMETRICA_AUTOMATICA,2019,CEMADEN_MAX_GAP_60MIN,TRUE,365,343,281,298,301,0.76986301369863,0.816438356164383,0.824657534246575,0,15,839.999999999998
CEMADEN,260420504A,CATENDE - APAC,CATENDE,CEMADEN,PLUVIOMETRICA_AUTOMATICA,2020,CEMADEN_MAX_GAP_60MIN,TRUE,366,366,313,330,339,0.855191256830601,0.901639344262295,0.926229508196721,0,3,120
CEMADEN,260420504A,CATENDE - APAC,CATENDE,CEMADEN,PLUVIOMETRICA_AUTOMATICA,2021,CEMADEN_MAX_GAP_60MIN,TRUE,365,365,309,321,335,0.846575342465753,0.879452054794521,0.917808219178082,0,6,148
CEMADEN,260420504A,CATENDE - APAC,CATENDE,CEMADEN,PLUVIOMETRICA_AUTOMATICA,2022,CEMADEN_MAX_GAP_60MIN,TRUE,365,25,12,14,16,0.0328767123287671,0.0383561643835616,0.0438356164383562,0,213,270950
CEMADEN,260430401A,Cedro [Compesa] - APAC,CEDRO,CEMADEN,PLUVIOMETRICA_AUTOMATICA,2024,CEMADEN_MAX_GAP_60MIN,TRUE,366,176,0,0,0,0,0,0,0,366,540
CEMADEN,260430401A,Cedro [Compesa] - APAC,CEDRO,CEMADEN,PLUVIOMETRICA_AUTOMATICA,2025,CEMADEN_MAX_GAP_60MIN,TRUE,365,190,0,0,0,0,0,0,0,365,8545.99999999999
CEMADEN,260430401C,CEDRO,CEDRO,CEMADEN,PLUVIOMETRICA_AUTOMATICA,2017,CEMADEN_MAX_GAP_60MIN,TRUE,365,92,2,2,2,0.00547945205479452,0.00547945205479452,0.00547945205479452,0,275,32620
CEMADEN,260430401C,CEDRO,CEDRO,CEMADEN,PLUVIOMETRICA_AUTOMATICA,2018,CEMADEN_MAX_GAP_60MIN,TRUE,365,43,0,0,0,0,0,0,0,365,1320
CEMADEN,260440301A,CHA DE ALEGRIA - APAC,CHÃ DE ALEGRIA,CEMADEN,PLUVIOMETRICA_AUTOMATICA,2017,CEMADEN_MAX_GAP_60MIN,TRUE,365,46,7,8,9,0.0191780821917808,0.0219178082191781,0.0246575342465753,0,321,164
CEMADEN,260440301A,CHA DE ALEGRIA - APAC,CHÃ DE ALEGRIA,CEMADEN,PLUVIOMETRICA_AUTOMATICA,2018,CEMADEN_MAX_GAP_60MIN,TRUE,365,365,291,309,317,0.797260273972603,0.846575342465753,0.868493150684932,0,8,120
CEMADEN,260440301A,CHA DE ALEGRIA - APAC,CHÃ DE ALEGRIA,CEMADEN,PLUVIOMETRICA_AUTOMATICA,2019,CEMADEN_MAX_GAP_60MIN,TRUE,365,349,261,279,291,0.715068493150685,0.764383561643836,0.797260273972603,0,17,450
CEMADEN,260440301A,CHA DE ALEGRIA - APAC,CHÃ DE ALEGRIA,CEMADEN,PLUVIOMETRICA_AUTOMATICA,2020,CEMADEN_MAX_GAP_60MIN,TRUE,366,366,160,185,225,0.437158469945355,0.505464480874317,0.614754098360656,0,30,327.5
CEMADEN,260440301A,CHA DE ALEGRIA - APAC,CHÃ DE ALEGRIA,CEMADEN,PLUVIOMETRICA_AUTOMATICA,2021,CEMADEN_MAX_GAP_60MIN,TRUE,365,194,157,165,168,0.43013698630137,0.452054794520548,0.46027397260274,0,158,230.5
CEMADEN,260440301A,CHA DE ALEGRIA - APAC,CHÃ DE ALEGRIA,CEMADEN,PLUVIOMETRICA_AUTOMATICA,2022,CEMADEN_MAX_GAP_60MIN,TRUE,365,340,283,291,293,0.775342465753425,0.797260273972603,0.802739726027397,0,40,197.500000000002
CEMADEN,260440301A,CHA DE ALEGRIA - APAC,CHÃ DE ALEGRIA,CEMADEN,PLUVIOMETRICA_AUTOMATICA,2023,CEMADEN_MAX_GAP_60MIN,TRUE,365,321,160,163,174,0.438356164383562,0.446575342465753,0.476712328767123,0,44,180
CEMADEN,260440301A,CHA DE ALEGRIA - APAC,CHÃ DE ALEGRIA,CEMADEN,PLUVIOMETRICA_AUTOMATICA,2024,CEMADEN_MAX_GAP_60MIN,TRUE,366,354,326,334,336,0.890710382513661,0.912568306010929,0.918032786885246,0,16,100.499999999999
CEMADEN,260440301A,CHA DE ALEGRIA - APAC,CHÃ DE ALEGRIA,CEMADEN,PLUVIOMETRICA_AUTOMATICA,2025,CEMADEN_MAX_GAP_60MIN,TRUE,365,265,235,249,254,0.643835616438356,0.682191780821918,0.695890410958904,0,101,80
CEMADEN,260450201A,Centro,CHÃ GRANDE,CEMADEN,PLUVIOMETRICA_AUTOMATICA,2017,CEMADEN_MAX_GAP_60MIN,TRUE,365,362,339,344,345,0.928767123287671,0.942465753424658,0.945205479452055,0,4,70
CEMADEN,260450201A,Centro,CHÃ GRANDE,CEMADEN,PLUVIOMETRICA_AUTOMATICA,2018,CEMADEN_MAX_GAP_60MIN,TRUE,365,365,310,322,330,0.849315068493151,0.882191780821918,0.904109589041096,0,16,158
CEMADEN,260450201A,Centro,CHÃ GRANDE,CEMADEN,PLUVIOMETRICA_AUTOMATICA,2019,CEMADEN_MAX_GAP_60MIN,TRUE,365,361,198,214,228,0.542465753424658,0.586301369863014,0.624657534246575,0,21,580
CEMADEN,260450201A,Centro,CHÃ GRANDE,CEMADEN,PLUVIOMETRICA_AUTOMATICA,2020,CEMADEN_MAX_GAP_60MIN,TRUE,366,366,234,258,293,0.639344262295082,0.704918032786885,0.800546448087432,0,17,415
CEMADEN,260450201A,Centro,CHÃ GRANDE,CEMADEN,PLUVIOMETRICA_AUTOMATICA,2021,CEMADEN_MAX_GAP_60MIN,TRUE,365,365,329,337,340,0.901369863013699,0.923287671232877,0.931506849315068,0,3,120
CEMADEN,260450201A,Centro,CHÃ GRANDE,CEMADEN,PLUVIOMETRICA_AUTOMATICA,2022,CEMADEN_MAX_GAP_60MIN,TRUE,365,365,286,305,312,0.783561643835617,0.835616438356164,0.854794520547945,0,5,120
CEMADEN,260450201A,Centro,CHÃ GRANDE,CEMADEN,PLUVIOMETRICA_AUTOMATICA,2023,CEMADEN_MAX_GAP_60MIN,TRUE,365,246,225,227,228,0.616438356164384,0.621917808219178,0.624657534246575,0,103,120
CEMADEN,260450201A,Centro,CHÃ GRANDE,CEMADEN,PLUVIOMETRICA_AUTOMATICA,2024,CEMADEN_MAX_GAP_60MIN,TRUE,366,347,278,286,305,0.759562841530055,0.781420765027322,0.833333333333333,0,14,120
CEMADEN,260450201A,Centro,CHÃ GRANDE,CEMADEN,PLUVIOMETRICA_AUTOMATICA,2025,CEMADEN_MAX_GAP_60MIN,TRUE,365,365,307,313,321,0.841095890410959,0.857534246575342,0.879452054794521,0,25,120
CEMADEN,260460101A,CONDADO - APAC,CONDADO,CEMADEN,PLUVIOMETRICA_AUTOMATICA,2017,CEMADEN_MAX_GAP_60MIN,TRUE,365,49,15,17,19,0.0410958904109589,0.0465753424657534,0.052054794520548,0,319,136.5
CEMADEN,260460101A,CONDADO - APAC,CONDADO,CEMADEN,PLUVIOMETRICA_AUTOMATICA,2018,CEMADEN_MAX_GAP_60MIN,TRUE,365,365,304,316,322,0.832876712328767,0.865753424657534,0.882191780821918,0,9,120
CEMADEN,260460101A,CONDADO - APAC,CONDADO,CEMADEN,PLUVIOMETRICA_AUTOMATICA,2019,CEMADEN_MAX_GAP_60MIN,TRUE,365,353,305,311,315,0.835616438356164,0.852054794520548,0.863013698630137,0,14,321.999999999999
CEMADEN,260460101A,CONDADO - APAC,CONDADO,CEMADEN,PLUVIOMETRICA_AUTOMATICA,2020,CEMADEN_MAX_GAP_60MIN,TRUE,366,349,307,316,324,0.83879781420765,0.863387978142077,0.885245901639344,0,21,120
CEMADEN,260460101A,CONDADO - APAC,CONDADO,CEMADEN,PLUVIOMETRICA_AUTOMATICA,2021,CEMADEN_MAX_GAP_60MIN,TRUE,365,196,148,159,169,0.405479452054795,0.435616438356164,0.463013698630137,0,160,217.5
CEMADEN,260460101A,CONDADO - APAC,CONDADO,CEMADEN,PLUVIOMETRICA_AUTOMATICA,2022,CEMADEN_MAX_GAP_60MIN,TRUE,365,365,299,307,323,0.819178082191781,0.841095890410959,0.884931506849315,0,5,120
CEMADEN,260460101A,CONDADO - APAC,CONDADO,CEMADEN,PLUVIOMETRICA_AUTOMATICA,2023,CEMADEN_MAX_GAP_60MIN,TRUE,365,365,328,343,349,0.898630136986301,0.93972602739726,0.956164383561644,0,3,80
CEMADEN,260460101A,CONDADO - APAC,CONDADO,CEMADEN,PLUVIOMETRICA_AUTOMATICA,2024,CEMADEN_MAX_GAP_60MIN,TRUE,366,352,310,322,329,0.846994535519126,0.879781420765027,0.898907103825137,0,14,120
CEMADEN,260460101A,CONDADO - APAC,CONDADO,CEMADEN,PLUVIOMETRICA_AUTOMATICA,2025,CEMADEN_MAX_GAP_60MIN,TRUE,365,203,160,166,174,0.438356164383562,0.454794520547945,0.476712328767123,0,176,3147.49999999998
CEMADEN,260470001A,Centro,CORRENTES,CEMADEN,PLUVIOMETRICA_AUTOMATICA,2017,CEMADEN_MAX_GAP_60MIN,TRUE,365,365,337,342,347,0.923287671232877,0.936986301369863,0.950684931506849,0,2,80
CEMADEN,260470001A,Centro,CORRENTES,CEMADEN,PLUVIOMETRICA_AUTOMATICA,2018,CEMADEN_MAX_GAP_60MIN,TRUE,365,365,326,332,338,0.893150684931507,0.90958904109589,0.926027397260274,0,2,120
CEMADEN,260470001A,Centro,CORRENTES,CEMADEN,PLUVIOMETRICA_AUTOMATICA,2019,CEMADEN_MAX_GAP_60MIN,TRUE,365,353,255,272,287,0.698630136986301,0.745205479452055,0.786301369863014,0,21,560
CEMADEN,260470001A,Centro,CORRENTES,CEMADEN,PLUVIOMETRICA_AUTOMATICA,2020,CEMADEN_MAX_GAP_60MIN,TRUE,366,366,151,182,222,0.412568306010929,0.497267759562842,0.60655737704918,0,29,330
CEMADEN,260470001A,Centro,CORRENTES,CEMADEN,PLUVIOMETRICA_AUTOMATICA,2021,CEMADEN_MAX_GAP_60MIN,TRUE,365,360,305,312,317,0.835616438356164,0.854794520547945,0.868493150684932,0,8,120
CEMADEN,260470001A,Centro,CORRENTES,CEMADEN,PLUVIOMETRICA_AUTOMATICA,2022,CEMADEN_MAX_GAP_60MIN,TRUE,365,365,332,339,341,0.90958904109589,0.928767123287671,0.934246575342466,0,5,120
CEMADEN,260470001A,Centro,CORRENTES,CEMADEN,PLUVIOMETRICA_AUTOMATICA,2023,CEMADEN_MAX_GAP_60MIN,TRUE,365,304,276,281,285,0.756164383561644,0.76986301369863,0.780821917808219,0,63,120
CEMADEN,260470001A,Centro,CORRENTES,CEMADEN,PLUVIOMETRICA_AUTOMATICA,2024,CEMADEN_MAX_GAP_60MIN,TRUE,366,353,316,324,327,0.863387978142077,0.885245901639344,0.89344262295082,0,19,450
CEMADEN,260470001A,Centro,CORRENTES,CEMADEN,PLUVIOMETRICA_AUTOMATICA,2025,CEMADEN_MAX_GAP_60MIN,TRUE,365,302,153,155,158,0.419178082191781,0.424657534246575,0.432876712328767,0,186,2880
CEMADEN,260470001C,CORRENTES,CORRENTES,CEMADEN,PLUVIOMETRICA_AUTOMATICA,2017,CEMADEN_MAX_GAP_60MIN,TRUE,365,148,69,69,69,0.189041095890411,0.189041095890411,0.189041095890411,0,155,15181
CEMADEN,260470001C,CORRENTES,CORRENTES,CEMADEN,PLUVIOMETRICA_AUTOMATICA,2018,CEMADEN_MAX_GAP_60MIN,TRUE,365,334,331,331,331,0.906849315068493,0.906849315068493,0.906849315068493,0,32,60
CEMADEN,260470001C,CORRENTES,CORRENTES,CEMADEN,PLUVIOMETRICA_AUTOMATICA,2019,CEMADEN_MAX_GAP_60MIN,TRUE,365,356,345,345,345,0.945205479452055,0.945205479452055,0.945205479452055,0,11,60
CEMADEN,260470001C,CORRENTES,CORRENTES,CEMADEN,PLUVIOMETRICA_AUTOMATICA,2020,CEMADEN_MAX_GAP_60MIN,TRUE,366,118,115,115,115,0.314207650273224,0.314207650273224,0.314207650273224,0,249,60
CEMADEN,260480901A,Morro do Cemitério | Nova Cortês,CORTÊS,CEMADEN,PLUVIOMETRICA_AUTOMATICA,2017,CEMADEN_MAX_GAP_60MIN,TRUE,365,365,335,340,345,0.917808219178082,0.931506849315068,0.945205479452055,0,3,98.4999999999997
CEMADEN,260480901A,Morro do Cemitério | Nova Cortês,CORTÊS,CEMADEN,PLUVIOMETRICA_AUTOMATICA,2018,CEMADEN_MAX_GAP_60MIN,TRUE,365,310,257,267,277,0.704109589041096,0.731506849315069,0.758904109589041,0,62,195.5
CEMADEN,260480901A,Morro do Cemitério | Nova Cortês,CORTÊS,CEMADEN,PLUVIOMETRICA_AUTOMATICA,2019,CEMADEN_MAX_GAP_60MIN,TRUE,365,354,277,301,312,0.758904109589041,0.824657534246575,0.854794520547945,0,11,658.999999999995
CEMADEN,260480901A,Morro do Cemitério | Nova Cortês,CORTÊS,CEMADEN,PLUVIOMETRICA_AUTOMATICA,2020,CEMADEN_MAX_GAP_60MIN,TRUE,366,366,321,340,350,0.877049180327869,0.92896174863388,0.956284153005464,0,7,87.5
CEMADEN,260480901A,Morro do Cemitério | Nova Cortês,CORTÊS,CEMADEN,PLUVIOMETRICA_AUTOMATICA,2021,CEMADEN_MAX_GAP_60MIN,TRUE,365,364,315,336,344,0.863013698630137,0.920547945205479,0.942465753424658,0,6,120
CEMADEN,260480901A,Morro do Cemitério | Nova Cortês,CORTÊS,CEMADEN,PLUVIOMETRICA_AUTOMATICA,2022,CEMADEN_MAX_GAP_60MIN,TRUE,365,365,257,279,286,0.704109589041096,0.764383561643836,0.783561643835617,0,25,530
CEMADEN,260480901A,Morro do Cemitério | Nova Cortês,CORTÊS,CEMADEN,PLUVIOMETRICA_AUTOMATICA,2023,CEMADEN_MAX_GAP_60MIN,TRUE,365,362,311,323,325,0.852054794520548,0.884931506849315,0.89041095890411,0,5,230
CEMADEN,260480901A,Morro do Cemitério | Nova Cortês,CORTÊS,CEMADEN,PLUVIOMETRICA_AUTOMATICA,2024,CEMADEN_MAX_GAP_60MIN,TRUE,366,341,225,238,257,0.614754098360656,0.650273224043716,0.702185792349727,0,32,1860
CEMADEN,260480901A,Morro do Cemitério | Nova Cortês,CORTÊS,CEMADEN,PLUVIOMETRICA_AUTOMATICA,2025,CEMADEN_MAX_GAP_60MIN,TRUE,365,345,192,203,212,0.526027397260274,0.556164383561644,0.580821917808219,0,79,1499.5
CEMADEN,260480902A,CORTES - APAC,CORTÊS,CEMADEN,PLUVIOMETRICA_AUTOMATICA,2017,CEMADEN_MAX_GAP_60MIN,TRUE,365,33,1,1,1,0.00273972602739726,0.00273972602739726,0.00273972602739726,0,333,3353.5
CEMADEN,260480902A,CORTES - APAC,CORTÊS,CEMADEN,PLUVIOMETRICA_AUTOMATICA,2018,CEMADEN_MAX_GAP_60MIN,TRUE,365,307,167,181,185,0.457534246575342,0.495890410958904,0.506849315068493,0,53,2773
CEMADEN,260480902A,CORTES - APAC,CORTÊS,CEMADEN,PLUVIOMETRICA_AUTOMATICA,2019,CEMADEN_MAX_GAP_60MIN,TRUE,365,213,152,164,171,0.416438356164384,0.449315068493151,0.468493150684932,0,142,2205.49999999999
CEMADEN,260490801A,CUMARU - APAC,CUMARU,CEMADEN,PLUVIOMETRICA_AUTOMATICA,2017,CEMADEN_MAX_GAP_60MIN,TRUE,365,16,4,4,5,0.010958904109589,0.010958904109589,0.0136986301369863,0,352,120
CEMADEN,260490801A,CUMARU - APAC,CUMARU,CEMADEN,PLUVIOMETRICA_AUTOMATICA,2018,CEMADEN_MAX_GAP_60MIN,TRUE,365,108,71,74,78,0.194520547945205,0.202739726027397,0.213698630136986,0,259,126.5
CEMADEN,260490801A,CUMARU - APAC,CUMARU,CEMADEN,PLUVIOMETRICA_AUTOMATICA,2019,CEMADEN_MAX_GAP_60MIN,TRUE,365,232,176,186,191,0.482191780821918,0.50958904109589,0.523287671232877,0,122,1248.5
CEMADEN,260490801A,CUMARU - APAC,CUMARU,CEMADEN,PLUVIOMETRICA_AUTOMATICA,2020,CEMADEN_MAX_GAP_60MIN,TRUE,366,319,206,213,219,0.562841530054645,0.581967213114754,0.598360655737705,0,120,461
CEMADEN,260490801A,CUMARU - APAC,CUMARU,CEMADEN,PLUVIOMETRICA_AUTOMATICA,2021,CEMADEN_MAX_GAP_60MIN,TRUE,365,103,82,84,85,0.224657534246575,0.23013698630137,0.232876712328767,0,221,1050
CEMADEN,260490801A,CUMARU - APAC,CUMARU,CEMADEN,PLUVIOMETRICA_AUTOMATICA,2022,CEMADEN_MAX_GAP_60MIN,TRUE,365,117,93,95,103,0.254794520547945,0.26027397260274,0.282191780821918,0,253,419.999999999999
CEMADEN,260490801A,CUMARU - APAC,CUMARU,CEMADEN,PLUVIOMETRICA_AUTOMATICA,2023,CEMADEN_MAX_GAP_60MIN,TRUE,365,365,269,290,314,0.736986301369863,0.794520547945206,0.86027397260274,0,10,120
CEMADEN,260490801A,CUMARU - APAC,CUMARU,CEMADEN,PLUVIOMETRICA_AUTOMATICA,2024,CEMADEN_MAX_GAP_60MIN,TRUE,366,366,245,280,314,0.669398907103825,0.765027322404372,0.85792349726776,0,13,130
CEMADEN,260490801A,CUMARU - APAC,CUMARU,CEMADEN,PLUVIOMETRICA_AUTOMATICA,2025,CEMADEN_MAX_GAP_60MIN,TRUE,365,365,323,336,345,0.884931506849315,0.920547945205479,0.945205479452055,0,5,98.4999999999997
CEMADEN,260510301A,CUSTODIA - APAC,CUSTÓDIA,CEMADEN,PLUVIOMETRICA_AUTOMATICA,2018,CEMADEN_MAX_GAP_60MIN,TRUE,365,351,307,314,319,0.841095890410959,0.86027397260274,0.873972602739726,0,17,120
CEMADEN,260510301A,CUSTODIA - APAC,CUSTÓDIA,CEMADEN,PLUVIOMETRICA_AUTOMATICA,2019,CEMADEN_MAX_GAP_60MIN,TRUE,365,151,57,58,58,0.156164383561644,0.158904109589041,0.158904109589041,0,300,1760
CEMADEN,260510301A,CUSTODIA - APAC,CUSTÓDIA,CEMADEN,PLUVIOMETRICA_AUTOMATICA,2020,CEMADEN_MAX_GAP_60MIN,TRUE,366,199,173,177,182,0.472677595628415,0.483606557377049,0.497267759562842,0,168,120
CEMADEN,260510301A,CUSTODIA - APAC,CUSTÓDIA,CEMADEN,PLUVIOMETRICA_AUTOMATICA,2021,CEMADEN_MAX_GAP_60MIN,TRUE,365,275,172,174,180,0.471232876712329,0.476712328767123,0.493150684931507,0,150,2491
CEMADEN,260510301A,CUSTODIA - APAC,CUSTÓDIA,CEMADEN,PLUVIOMETRICA_AUTOMATICA,2022,CEMADEN_MAX_GAP_60MIN,TRUE,365,365,314,322,327,0.86027397260274,0.882191780821918,0.895890410958904,0,5,138
CEMADEN,260510301A,CUSTODIA - APAC,CUSTÓDIA,CEMADEN,PLUVIOMETRICA_AUTOMATICA,2023,CEMADEN_MAX_GAP_60MIN,TRUE,365,365,342,349,354,0.936986301369863,0.956164383561644,0.96986301369863,0,3,70
CEMADEN,260510301A,CUSTODIA - APAC,CUSTÓDIA,CEMADEN,PLUVIOMETRICA_AUTOMATICA,2024,CEMADEN_MAX_GAP_60MIN,TRUE,366,344,307,311,315,0.83879781420765,0.849726775956284,0.860655737704918,0,17,1413.5
CEMADEN,260510301A,CUSTODIA - APAC,CUSTÓDIA,CEMADEN,PLUVIOMETRICA_AUTOMATICA,2025,CEMADEN_MAX_GAP_60MIN,TRUE,365,268,213,215,216,0.583561643835617,0.589041095890411,0.591780821917808,0,61,3614.99999999999
CEMADEN,260510301C,CUSTODIA,CUSTÓDIA,CEMADEN,PLUVIOMETRICA_AUTOMATICA,2017,CEMADEN_MAX_GAP_60MIN,TRUE,365,18,3,3,3,0.00821917808219178,0.00821917808219178,0.00821917808219178,0,211,194270
CEMADEN,260510301C,CUSTODIA,CUSTÓDIA,CEMADEN,PLUVIOMETRICA_AUTOMATICA,2018,CEMADEN_MAX_GAP_60MIN,TRUE,365,298,274,274,274,0.750684931506849,0.750684931506849,0.750684931506849,0,33,4740
CEMADEN,260510301C,CUSTODIA,CUSTÓDIA,CEMADEN,PLUVIOMETRICA_AUTOMATICA,2019,CEMADEN_MAX_GAP_60MIN,TRUE,365,138,48,48,48,0.131506849315068,0.131506849315068,0.131506849315068,0,235,2400
CEMADEN,260510301C,CUSTODIA,CUSTÓDIA,CEMADEN,PLUVIOMETRICA_AUTOMATICA,2020,CEMADEN_MAX_GAP_60MIN,TRUE,366,2,0,0,0,0,0,0,0,366,1004545
CEMADEN,260510301C,CUSTODIA,CUSTÓDIA,CEMADEN,PLUVIOMETRICA_AUTOMATICA,2022,CEMADEN_MAX_GAP_60MIN,TRUE,365,7,4,4,4,0.010958904109589,0.010958904109589,0.010958904109589,0,188,770047.5
CEMADEN,260515201A,LAGOAS - APAC,DORMENTES,CEMADEN,PLUVIOMETRICA_AUTOMATICA,2018,CEMADEN_MAX_GAP_60MIN,TRUE,365,306,260,268,274,0.712328767123288,0.734246575342466,0.750684931506849,0,60,120
CEMADEN,260515201A,LAGOAS - APAC,DORMENTES,CEMADEN,PLUVIOMETRICA_AUTOMATICA,2019,CEMADEN_MAX_GAP_60MIN,TRUE,365,345,289,295,302,0.791780821917808,0.808219178082192,0.827397260273973,0,13,454.000000000001
CEMADEN,260515201A,LAGOAS - APAC,DORMENTES,CEMADEN,PLUVIOMETRICA_AUTOMATICA,2020,CEMADEN_MAX_GAP_60MIN,TRUE,366,153,81,85,90,0.221311475409836,0.23224043715847,0.245901639344262,0,260,11066
CEMADEN,260515201A,LAGOAS - APAC,DORMENTES,CEMADEN,PLUVIOMETRICA_AUTOMATICA,2021,CEMADEN_MAX_GAP_60MIN,TRUE,365,124,95,102,105,0.26027397260274,0.279452054794521,0.287671232876712,0,242,330
CEMADEN,260515201A,LAGOAS - APAC,DORMENTES,CEMADEN,PLUVIOMETRICA_AUTOMATICA,2022,CEMADEN_MAX_GAP_60MIN,TRUE,365,362,302,307,316,0.827397260273973,0.841095890410959,0.865753424657534,0,8,385.999999999999
CEMADEN,260515201A,LAGOAS - APAC,DORMENTES,CEMADEN,PLUVIOMETRICA_AUTOMATICA,2023,CEMADEN_MAX_GAP_60MIN,TRUE,365,257,223,231,236,0.610958904109589,0.632876712328767,0.646575342465753,0,109,132
CEMADEN,260515201A,LAGOAS - APAC,DORMENTES,CEMADEN,PLUVIOMETRICA_AUTOMATICA,2024,CEMADEN_MAX_GAP_60MIN,TRUE,366,274,251,253,256,0.685792349726776,0.691256830601093,0.699453551912568,0,54,156.999999999999
CEMADEN,260515201A,LAGOAS - APAC,DORMENTES,CEMADEN,PLUVIOMETRICA_AUTOMATICA,2025,CEMADEN_MAX_GAP_60MIN,TRUE,365,365,323,330,331,0.884931506849315,0.904109589041096,0.906849315068493,0,4,130
CEMADEN,260515201C,DORMENTES,DORMENTES,CEMADEN,PLUVIOMETRICA_AUTOMATICA,2017,CEMADEN_MAX_GAP_60MIN,TRUE,365,106,64,64,64,0.175342465753425,0.175342465753425,0.175342465753425,0,78,25020
CEMADEN,260515201C,DORMENTES,DORMENTES,CEMADEN,PLUVIOMETRICA_AUTOMATICA,2018,CEMADEN_MAX_GAP_60MIN,TRUE,365,213,165,165,165,0.452054794520548,0.452054794520548,0.452054794520548,0,79,5951.99999999999
CEMADEN,260515201C,DORMENTES,DORMENTES,CEMADEN,PLUVIOMETRICA_AUTOMATICA,2019,CEMADEN_MAX_GAP_60MIN,TRUE,365,248,171,171,171,0.468493150684932,0.468493150684932,0.468493150684932,0,126,4959
CEMADEN,260515201C,DORMENTES,DORMENTES,CEMADEN,PLUVIOMETRICA_AUTOMATICA,2020,CEMADEN_MAX_GAP_60MIN,TRUE,366,342,203,203,203,0.554644808743169,0.554644808743169,0.554644808743169,0,78,2040
CEMADEN,260515201C,DORMENTES,DORMENTES,CEMADEN,PLUVIOMETRICA_AUTOMATICA,2021,CEMADEN_MAX_GAP_60MIN,TRUE,365,17,0,0,0,0,0,0,0,365,157115.999999999
CEMADEN,260515201C,DORMENTES,DORMENTES,CEMADEN,PLUVIOMETRICA_AUTOMATICA,2022,CEMADEN_MAX_GAP_60MIN,TRUE,365,165,154,154,154,0.421917808219178,0.421917808219178,0.421917808219178,0,195,120
CEMADEN,260515202A,CAATINGA GRANDE - APAC,DORMENTES,CEMADEN,PLUVIOMETRICA_AUTOMATICA,2024,CEMADEN_MAX_GAP_60MIN,TRUE,366,62,37,41,47,0.101092896174863,0.112021857923497,0.128415300546448,0,305,250
CEMADEN,260515202A,CAATINGA GRANDE - APAC,DORMENTES,CEMADEN,PLUVIOMETRICA_AUTOMATICA,2025,CEMADEN_MAX_GAP_60MIN,TRUE,365,227,141,159,175,0.386301369863014,0.435616438356164,0.479452054794521,0,136,290
CEMADEN,260520201A,Jaguaribe,ESCADA,CEMADEN,PLUVIOMETRICA_AUTOMATICA,2017,CEMADEN_MAX_GAP_60MIN,TRUE,365,365,342,346,348,0.936986301369863,0.947945205479452,0.953424657534246,0,3,70
CEMADEN,260520201A,Jaguaribe,ESCADA,CEMADEN,PLUVIOMETRICA_AUTOMATICA,2018,CEMADEN_MAX_GAP_60MIN,TRUE,365,365,319,332,344,0.873972602739726,0.90958904109589,0.942465753424658,0,5,120
CEMADEN,260520201A,Jaguaribe,ESCADA,CEMADEN,PLUVIOMETRICA_AUTOMATICA,2019,CEMADEN_MAX_GAP_60MIN,TRUE,365,356,281,293,299,0.76986301369863,0.802739726027397,0.819178082191781,0,15,635
CEMADEN,260520201A,Jaguaribe,ESCADA,CEMADEN,PLUVIOMETRICA_AUTOMATICA,2020,CEMADEN_MAX_GAP_60MIN,TRUE,366,226,121,139,163,0.330601092896175,0.379781420765027,0.445355191256831,0,167,1040
CEMADEN,260520201A,Jaguaribe,ESCADA,CEMADEN,PLUVIOMETRICA_AUTOMATICA,2021,CEMADEN_MAX_GAP_60MIN,TRUE,365,365,316,327,334,0.865753424657534,0.895890410958904,0.915068493150685,0,6,120
CEMADEN,260520201A,Jaguaribe,ESCADA,CEMADEN,PLUVIOMETRICA_AUTOMATICA,2022,CEMADEN_MAX_GAP_60MIN,TRUE,365,365,286,303,316,0.783561643835617,0.83013698630137,0.865753424657534,0,8,144
CEMADEN,260520201A,Jaguaribe,ESCADA,CEMADEN,PLUVIOMETRICA_AUTOMATICA,2023,CEMADEN_MAX_GAP_60MIN,TRUE,365,365,334,343,350,0.915068493150685,0.93972602739726,0.958904109589041,0,2,80
CEMADEN,260520201A,Jaguaribe,ESCADA,CEMADEN,PLUVIOMETRICA_AUTOMATICA,2024,CEMADEN_MAX_GAP_60MIN,TRUE,366,360,318,329,338,0.868852459016394,0.898907103825137,0.923497267759563,0,10,120
CEMADEN,260520201A,Jaguaribe,ESCADA,CEMADEN,PLUVIOMETRICA_AUTOMATICA,2025,CEMADEN_MAX_GAP_60MIN,TRUE,365,365,334,350,359,0.915068493150685,0.958904109589041,0.983561643835616,0,4,70
CEMADEN,260520202A,ESCADA - APAC,ESCADA,CEMADEN,PLUVIOMETRICA_AUTOMATICA,2018,CEMADEN_MAX_GAP_60MIN,TRUE,365,27,26,26,26,0.0712328767123288,0.0712328767123288,0.0712328767123288,0,339,60
CEMADEN,260520202A,ESCADA - APAC,ESCADA,CEMADEN,PLUVIOMETRICA_AUTOMATICA,2019,CEMADEN_MAX_GAP_60MIN,TRUE,365,333,245,261,273,0.671232876712329,0.715068493150685,0.747945205479452,0,53,1378
CEMADEN,260520202A,ESCADA - APAC,ESCADA,CEMADEN,PLUVIOMETRICA_AUTOMATICA,2020,CEMADEN_MAX_GAP_60MIN,TRUE,366,366,284,302,314,0.775956284153005,0.825136612021858,0.85792349726776,0,6,150
CEMADEN,260520202A,ESCADA - APAC,ESCADA,CEMADEN,PLUVIOMETRICA_AUTOMATICA,2021,CEMADEN_MAX_GAP_60MIN,TRUE,365,184,110,123,140,0.301369863013699,0.336986301369863,0.383561643835616,0,186,320
CEMADEN,260520202A,ESCADA - APAC,ESCADA,CEMADEN,PLUVIOMETRICA_AUTOMATICA,2022,CEMADEN_MAX_GAP_60MIN,TRUE,365,19,6,7,11,0.0164383561643836,0.0191780821917808,0.0301369863013699,0,351,14160.4999999999
CEMADEN,260520202H,Escada | Rio Ipojuca,ESCADA,CEMADEN,PLUVIOMETRICA_AUTOMATICA,2017,CEMADEN_MAX_GAP_60MIN,TRUE,365,358,288,349,349,0.789041095890411,0.956164383561644,0.956164383561644,0,11,70
CEMADEN,260520202H,Escada | Rio Ipojuca,ESCADA,CEMADEN,PLUVIOMETRICA_AUTOMATICA,2018,CEMADEN_MAX_GAP_60MIN,TRUE,365,256,102,223,228,0.279452054794521,0.610958904109589,0.624657534246575,0,80,120
CEMADEN,260520202H,Escada | Rio Ipojuca,ESCADA,CEMADEN,PLUVIOMETRICA_AUTOMATICA,2019,CEMADEN_MAX_GAP_60MIN,TRUE,365,23,0,0,1,0,0,0.00273972602739726,0,365,1203
CEMADEN,260530101A,Exu [Escola Bárbara de Alencar] - APAC,EXU,CEMADEN,PLUVIOMETRICA_AUTOMATICA,2023,CEMADEN_MAX_GAP_60MIN,TRUE,365,2,0,0,0,0,0,0,0,365,411920
CEMADEN,260530101A,Exu [Escola Bárbara de Alencar] - APAC,EXU,CEMADEN,PLUVIOMETRICA_AUTOMATICA,2024,CEMADEN_MAX_GAP_60MIN,TRUE,366,169,133,135,137,0.363387978142077,0.368852459016393,0.37431693989071,0,188,2351.99999999999
CEMADEN,260530101A,Exu [Escola Bárbara de Alencar] - APAC,EXU,CEMADEN,PLUVIOMETRICA_AUTOMATICA,2025,CEMADEN_MAX_GAP_60MIN,TRUE,365,256,164,169,174,0.449315068493151,0.463013698630137,0.476712328767123,0,134,6915.99999999999
CEMADEN,260530101C,EXU,EXU,CEMADEN,PLUVIOMETRICA_AUTOMATICA,2017,CEMADEN_MAX_GAP_60MIN,TRUE,365,129,25,25,25,0.0684931506849315,0.0684931506849315,0.0684931506849315,0,213,21893.9999999999
CEMADEN,260530101C,EXU,EXU,CEMADEN,PLUVIOMETRICA_AUTOMATICA,2018,CEMADEN_MAX_GAP_60MIN,TRUE,365,140,19,19,19,0.052054794520548,0.052054794520548,0.052054794520548,0,298,30060
CEMADEN,260530101C,EXU,EXU,CEMADEN,PLUVIOMETRICA_AUTOMATICA,2019,CEMADEN_MAX_GAP_60MIN,TRUE,365,73,0,0,0,0,0,0,0,365,39600
CEMADEN,260530101C,EXU,EXU,CEMADEN,PLUVIOMETRICA_AUTOMATICA,2020,CEMADEN_MAX_GAP_60MIN,TRUE,366,3,0,0,0,0,0,0,0,366,176340
CEMADEN,260540001A,FEIRA NOVA - APAC,FEIRA NOVA,CEMADEN,PLUVIOMETRICA_AUTOMATICA,2017,CEMADEN_MAX_GAP_60MIN,TRUE,365,27,5,5,6,0.0136986301369863,0.0136986301369863,0.0164383561643836,0,345,635
CEMADEN,260540001A,FEIRA NOVA - APAC,FEIRA NOVA,CEMADEN,PLUVIOMETRICA_AUTOMATICA,2018,CEMADEN_MAX_GAP_60MIN,TRUE,365,365,309,325,330,0.846575342465753,0.89041095890411,0.904109589041096,0,9,120
CEMADEN,260540001A,FEIRA NOVA - APAC,FEIRA NOVA,CEMADEN,PLUVIOMETRICA_AUTOMATICA,2019,CEMADEN_MAX_GAP_60MIN,TRUE,365,352,309,319,323,0.846575342465753,0.873972602739726,0.884931506849315,0,15,337.499999999998
CEMADEN,260540001A,FEIRA NOVA - APAC,FEIRA NOVA,CEMADEN,PLUVIOMETRICA_AUTOMATICA,2020,CEMADEN_MAX_GAP_60MIN,TRUE,366,359,282,294,300,0.770491803278689,0.80327868852459,0.819672131147541,0,13,160
CEMADEN,260540001A,FEIRA NOVA - APAC,FEIRA NOVA,CEMADEN,PLUVIOMETRICA_AUTOMATICA,2021,CEMADEN_MAX_GAP_60MIN,TRUE,365,160,130,137,145,0.356164383561644,0.375342465753425,0.397260273972603,0,207,131
CEMADEN,260540001A,FEIRA NOVA - APAC,FEIRA NOVA,CEMADEN,PLUVIOMETRICA_AUTOMATICA,2022,CEMADEN_MAX_GAP_60MIN,TRUE,365,365,283,297,322,0.775342465753425,0.813698630136986,0.882191780821918,0,5,120
CEMADEN,260540001A,FEIRA NOVA - APAC,FEIRA NOVA,CEMADEN,PLUVIOMETRICA_AUTOMATICA,2023,CEMADEN_MAX_GAP_60MIN,TRUE,365,360,328,336,345,0.898630136986301,0.920547945205479,0.945205479452055,0,6,90
CEMADEN,260540001A,FEIRA NOVA - APAC,FEIRA NOVA,CEMADEN,PLUVIOMETRICA_AUTOMATICA,2024,CEMADEN_MAX_GAP_60MIN,TRUE,366,312,101,104,105,0.275956284153005,0.284153005464481,0.286885245901639,0,141,2448
CEMADEN,260540001A,FEIRA NOVA - APAC,FEIRA NOVA,CEMADEN,PLUVIOMETRICA_AUTOMATICA,2025,CEMADEN_MAX_GAP_60MIN,TRUE,365,240,66,69,70,0.180821917808219,0.189041095890411,0.191780821917808,0,83,5645.99999999999
CEMADEN,260545901A,Baía do Sancho - APAC,FERNANDO DE NORONHA,CEMADEN,PLUVIOMETRICA_AUTOMATICA,2024,CEMADEN_MAX_GAP_60MIN,TRUE,366,29,0,0,0,0,0,0,0,366,73649.5
CEMADEN,260545901A,Baía do Sancho - APAC,FERNANDO DE NORONHA,CEMADEN,PLUVIOMETRICA_AUTOMATICA,2025,CEMADEN_MAX_GAP_60MIN,TRUE,365,89,0,0,0,0,0,0,0,365,36951
CEMADEN,260550901A,FERREIROS - APAC,FERREIROS,CEMADEN,PLUVIOMETRICA_AUTOMATICA,2017,CEMADEN_MAX_GAP_60MIN,TRUE,365,40,16,18,20,0.0438356164383562,0.0493150684931507,0.0547945205479452,0,326,277.000000000001
CEMADEN,260550901A,FERREIROS - APAC,FERREIROS,CEMADEN,PLUVIOMETRICA_AUTOMATICA,2018,CEMADEN_MAX_GAP_60MIN,TRUE,365,365,300,313,319,0.821917808219178,0.857534246575342,0.873972602739726,0,7,136
CEMADEN,260550901A,FERREIROS - APAC,FERREIROS,CEMADEN,PLUVIOMETRICA_AUTOMATICA,2019,CEMADEN_MAX_GAP_60MIN,TRUE,365,348,275,291,295,0.753424657534247,0.797260273972603,0.808219178082192,0,12,712.499999999999
CEMADEN,260550901A,FERREIROS - APAC,FERREIROS,CEMADEN,PLUVIOMETRICA_AUTOMATICA,2020,CEMADEN_MAX_GAP_60MIN,TRUE,366,272,203,212,218,0.554644808743169,0.579234972677596,0.595628415300546,0,120,5178.49999999999
CEMADEN,260550901A,FERREIROS - APAC,FERREIROS,CEMADEN,PLUVIOMETRICA_AUTOMATICA,2021,CEMADEN_MAX_GAP_60MIN,TRUE,365,189,139,148,149,0.380821917808219,0.405479452054795,0.408219178082192,0,174,1190
CEMADEN,260550901A,FERREIROS - APAC,FERREIROS,CEMADEN,PLUVIOMETRICA_AUTOMATICA,2022,CEMADEN_MAX_GAP_60MIN,TRUE,365,365,312,317,321,0.854794520547945,0.868493150684932,0.879452054794521,0,7,512.000000000001
CEMADEN,260550901A,FERREIROS - APAC,FERREIROS,CEMADEN,PLUVIOMETRICA_AUTOMATICA,2023,CEMADEN_MAX_GAP_60MIN,TRUE,365,365,302,311,316,0.827397260273973,0.852054794520548,0.865753424657534,0,7,220.000000000001
CEMADEN,260550901A,FERREIROS - APAC,FERREIROS,CEMADEN,PLUVIOMETRICA_AUTOMATICA,2024,CEMADEN_MAX_GAP_60MIN,TRUE,366,333,312,317,320,0.852459016393443,0.866120218579235,0.87431693989071,0,36,70
CEMADEN,260550901A,FERREIROS - APAC,FERREIROS,CEMADEN,PLUVIOMETRICA_AUTOMATICA,2025,CEMADEN_MAX_GAP_60MIN,TRUE,365,274,255,261,261,0.698630136986301,0.715068493150685,0.715068493150685,0,92,70
CEMADEN,260560801A,SÃTIO DOS NUNES - APAC,FLORES,CEMADEN,PLUVIOMETRICA_AUTOMATICA,2018,CEMADEN_MAX_GAP_60MIN,TRUE,365,351,235,272,285,0.643835616438356,0.745205479452055,0.780821917808219,0,25,340
CEMADEN,260560801A,SÃTIO DOS NUNES - APAC,FLORES,CEMADEN,PLUVIOMETRICA_AUTOMATICA,2019,CEMADEN_MAX_GAP_60MIN,TRUE,365,336,199,230,246,0.545205479452055,0.63013698630137,0.673972602739726,0,27,2340
CEMADEN,260560801A,SÃTIO DOS NUNES - APAC,FLORES,CEMADEN,PLUVIOMETRICA_AUTOMATICA,2020,CEMADEN_MAX_GAP_60MIN,TRUE,366,204,62,81,108,0.169398907103825,0.221311475409836,0.295081967213115,0,213,682.5
CEMADEN,260560801A,SÃTIO DOS NUNES - APAC,FLORES,CEMADEN,PLUVIOMETRICA_AUTOMATICA,2021,CEMADEN_MAX_GAP_60MIN,TRUE,365,359,281,287,293,0.76986301369863,0.786301369863014,0.802739726027397,0,8,161
CEMADEN,260560801A,SÃTIO DOS NUNES - APAC,FLORES,CEMADEN,PLUVIOMETRICA_AUTOMATICA,2022,CEMADEN_MAX_GAP_60MIN,TRUE,365,365,319,321,323,0.873972602739726,0.879452054794521,0.884931506849315,0,5,290.000000000001
CEMADEN,260560801A,SÃTIO DOS NUNES - APAC,FLORES,CEMADEN,PLUVIOMETRICA_AUTOMATICA,2023,CEMADEN_MAX_GAP_60MIN,TRUE,365,228,201,205,207,0.550684931506849,0.561643835616438,0.567123287671233,0,138,150
CEMADEN,260560801C,FLORES,FLORES,CEMADEN,PLUVIOMETRICA_AUTOMATICA,2018,CEMADEN_MAX_GAP_60MIN,TRUE,365,200,187,187,187,0.512328767123288,0.512328767123288,0.512328767123288,0,108,257.999999999999
CEMADEN,260560801C,FLORES,FLORES,CEMADEN,PLUVIOMETRICA_AUTOMATICA,2019,CEMADEN_MAX_GAP_60MIN,TRUE,365,112,61,61,61,0.167123287671233,0.167123287671233,0.167123287671233,0,126,12350.9999999999
CEMADEN,260560801C,FLORES,FLORES,CEMADEN,PLUVIOMETRICA_AUTOMATICA,2020,CEMADEN_MAX_GAP_60MIN,TRUE,366,34,22,22,22,0.0601092896174863,0.0601092896174863,0.0601092896174863,0,323,228240
CEMADEN,260560802A,Flores [Rádio Florescer] - APAC,FLORES,CEMADEN,PLUVIOMETRICA_AUTOMATICA,2023,CEMADEN_MAX_GAP_60MIN,TRUE,365,1,0,0,0,0,0,0,0,365,
CEMADEN,260560802A,Flores [Rádio Florescer] - APAC,FLORES,CEMADEN,PLUVIOMETRICA_AUTOMATICA,2024,CEMADEN_MAX_GAP_60MIN,TRUE,366,183,134,141,145,0.366120218579235,0.385245901639344,0.396174863387978,0,173,1416
CEMADEN,260560802A,Flores [Rádio Florescer] - APAC,FLORES,CEMADEN,PLUVIOMETRICA_AUTOMATICA,2025,CEMADEN_MAX_GAP_60MIN,TRUE,365,217,133,143,149,0.364383561643836,0.391780821917808,0.408219178082192,0,135,3020
CEMADEN,260570701A,Centro,FLORESTA,CEMADEN,PLUVIOMETRICA_AUTOMATICA,2017,CEMADEN_MAX_GAP_60MIN,TRUE,365,365,349,350,352,0.956164383561644,0.958904109589041,0.964383561643836,0,2,60
CEMADEN,260570701A,Centro,FLORESTA,CEMADEN,PLUVIOMETRICA_AUTOMATICA,2018,CEMADEN_MAX_GAP_60MIN,TRUE,365,365,335,339,341,0.917808219178082,0.928767123287671,0.934246575342466,0,3,120
CEMADEN,260570701A,Centro,FLORESTA,CEMADEN,PLUVIOMETRICA_AUTOMATICA,2019,CEMADEN_MAX_GAP_60MIN,TRUE,365,359,293,299,307,0.802739726027397,0.819178082191781,0.841095890410959,0,15,1060
CEMADEN,260570701A,Centro,FLORESTA,CEMADEN,PLUVIOMETRICA_AUTOMATICA,2020,CEMADEN_MAX_GAP_60MIN,TRUE,366,366,260,285,307,0.710382513661202,0.778688524590164,0.83879781420765,0,8,600
CEMADEN,260570701A,Centro,FLORESTA,CEMADEN,PLUVIOMETRICA_AUTOMATICA,2021,CEMADEN_MAX_GAP_60MIN,TRUE,365,365,318,325,328,0.871232876712329,0.89041095890411,0.898630136986301,0,7,120
CEMADEN,260570701A,Centro,FLORESTA,CEMADEN,PLUVIOMETRICA_AUTOMATICA,2022,CEMADEN_MAX_GAP_60MIN,TRUE,365,365,307,318,321,0.841095890410959,0.871232876712329,0.879452054794521,0,5,174
CEMADEN,260570701A,Centro,FLORESTA,CEMADEN,PLUVIOMETRICA_AUTOMATICA,2023,CEMADEN_MAX_GAP_60MIN,TRUE,365,365,341,344,349,0.934246575342466,0.942465753424658,0.956164383561644,0,2,80
CEMADEN,260570701A,Centro,FLORESTA,CEMADEN,PLUVIOMETRICA_AUTOMATICA,2024,CEMADEN_MAX_GAP_60MIN,TRUE,366,366,336,342,347,0.918032786885246,0.934426229508197,0.948087431693989,0,3,97.5
CEMADEN,260570701A,Centro,FLORESTA,CEMADEN,PLUVIOMETRICA_AUTOMATICA,2025,CEMADEN_MAX_GAP_60MIN,TRUE,365,342,302,310,317,0.827397260273973,0.849315068493151,0.868493150684932,0,29,120
CEMADEN,260570701C,FLORESTA,FLORESTA,CEMADEN,PLUVIOMETRICA_AUTOMATICA,2017,CEMADEN_MAX_GAP_60MIN,TRUE,365,111,32,32,32,0.0876712328767123,0.0876712328767123,0.0876712328767123,0,265,16419
CEMADEN,260570701C,FLORESTA,FLORESTA,CEMADEN,PLUVIOMETRICA_AUTOMATICA,2018,CEMADEN_MAX_GAP_60MIN,TRUE,365,30,0,0,0,0,0,0,0,365,1326
CEMADEN,260570701C,FLORESTA,FLORESTA,CEMADEN,PLUVIOMETRICA_AUTOMATICA,2022,CEMADEN_MAX_GAP_60MIN,TRUE,365,186,132,132,132,0.361643835616438,0.361643835616438,0.361643835616438,0,180,120
CEMADEN,260570701C,FLORESTA,FLORESTA,CEMADEN,PLUVIOMETRICA_AUTOMATICA,2023,CEMADEN_MAX_GAP_60MIN,TRUE,365,364,329,329,329,0.901369863013699,0.901369863013699,0.901369863013699,0,3,120
CEMADEN,260570701C,FLORESTA,FLORESTA,CEMADEN,PLUVIOMETRICA_AUTOMATICA,2024,CEMADEN_MAX_GAP_60MIN,TRUE,366,363,300,300,301,0.819672131147541,0.819672131147541,0.822404371584699,0,6,120
CEMADEN,260570701C,FLORESTA,FLORESTA,CEMADEN,PLUVIOMETRICA_AUTOMATICA,2025,CEMADEN_MAX_GAP_60MIN,TRUE,365,217,146,146,147,0.4,0.4,0.402739726027397,0,147,120
CEMADEN,260570702A,NAZARE DO PICO - APAC,FLORESTA,CEMADEN,PLUVIOMETRICA_AUTOMATICA,2018,CEMADEN_MAX_GAP_60MIN,TRUE,365,294,265,269,270,0.726027397260274,0.736986301369863,0.73972602739726,0,73,120
CEMADEN,260570702A,NAZARE DO PICO - APAC,FLORESTA,CEMADEN,PLUVIOMETRICA_AUTOMATICA,2019,CEMADEN_MAX_GAP_60MIN,TRUE,365,349,297,306,311,0.813698630136986,0.838356164383562,0.852054794520548,0,15,545.999999999993
CEMADEN,260570702A,NAZARE DO PICO - APAC,FLORESTA,CEMADEN,PLUVIOMETRICA_AUTOMATICA,2020,CEMADEN_MAX_GAP_60MIN,TRUE,366,203,71,82,109,0.193989071038251,0.224043715846995,0.297814207650273,0,222,620
CEMADEN,260570702A,NAZARE DO PICO - APAC,FLORESTA,CEMADEN,PLUVIOMETRICA_AUTOMATICA,2021,CEMADEN_MAX_GAP_60MIN,TRUE,365,232,138,142,145,0.378082191780822,0.389041095890411,0.397260273972603,0,194,1440
CEMADEN,260570702A,NAZARE DO PICO - APAC,FLORESTA,CEMADEN,PLUVIOMETRICA_AUTOMATICA,2024,CEMADEN_MAX_GAP_60MIN,TRUE,366,143,116,116,118,0.316939890710383,0.316939890710383,0.3224043715847,0,175,6000
CEMADEN,260570702A,NAZARE DO PICO - APAC,FLORESTA,CEMADEN,PLUVIOMETRICA_AUTOMATICA,2025,CEMADEN_MAX_GAP_60MIN,TRUE,365,363,325,331,336,0.89041095890411,0.906849315068493,0.920547945205479,0,5,139
CEMADEN,260580601A,Frei Miguelinho [EREN São José] - APAC,FREI MIGUELINHO,CEMADEN,PLUVIOMETRICA_AUTOMATICA,2023,CEMADEN_MAX_GAP_60MIN,TRUE,365,275,231,232,234,0.632876712328767,0.635616438356164,0.641095890410959,0,69,1553.5
CEMADEN,260580601A,Frei Miguelinho [EREN São José] - APAC,FREI MIGUELINHO,CEMADEN,PLUVIOMETRICA_AUTOMATICA,2024,CEMADEN_MAX_GAP_60MIN,TRUE,366,351,244,269,282,0.666666666666667,0.734972677595629,0.770491803278689,0,16,1300
CEMADEN,260580601A,Frei Miguelinho [EREN São José] - APAC,FREI MIGUELINHO,CEMADEN,PLUVIOMETRICA_AUTOMATICA,2025,CEMADEN_MAX_GAP_60MIN,TRUE,365,356,233,249,261,0.638356164383562,0.682191780821918,0.715068493150685,0,11,849
CEMADEN,260580601C,FREI MIGUELINHO,FREI MIGUELINHO,CEMADEN,PLUVIOMETRICA_AUTOMATICA,2017,CEMADEN_MAX_GAP_60MIN,TRUE,365,164,113,113,113,0.30958904109589,0.30958904109589,0.30958904109589,0,77,9290
CEMADEN,260580601C,FREI MIGUELINHO,FREI MIGUELINHO,CEMADEN,PLUVIOMETRICA_AUTOMATICA,2018,CEMADEN_MAX_GAP_60MIN,TRUE,365,335,290,290,290,0.794520547945206,0.794520547945206,0.794520547945206,0,40,2400
CEMADEN,260580601C,FREI MIGUELINHO,FREI MIGUELINHO,CEMADEN,PLUVIOMETRICA_AUTOMATICA,2019,CEMADEN_MAX_GAP_60MIN,TRUE,365,206,151,151,151,0.413698630136986,0.413698630136986,0.413698630136986,0,147,3180
CEMADEN,260580601C,FREI MIGUELINHO,FREI MIGUELINHO,CEMADEN,PLUVIOMETRICA_AUTOMATICA,2021,CEMADEN_MAX_GAP_60MIN,TRUE,365,1,0,0,0,0,0,0,0,365,1245120
CEMADEN,260580601C,FREI MIGUELINHO,FREI MIGUELINHO,CEMADEN,PLUVIOMETRICA_AUTOMATICA,2023,CEMADEN_MAX_GAP_60MIN,TRUE,365,69,50,50,50,0.136986301369863,0.136986301369863,0.136986301369863,0,273,6300
CEMADEN,260590501A,Centro,GAMELEIRA,CEMADEN,PLUVIOMETRICA_AUTOMATICA,2017,CEMADEN_MAX_GAP_60MIN,TRUE,365,362,324,329,332,0.887671232876712,0.901369863013699,0.90958904109589,0,5,120
CEMADEN,260590501A,Centro,GAMELEIRA,CEMADEN,PLUVIOMETRICA_AUTOMATICA,2018,CEMADEN_MAX_GAP_60MIN,TRUE,365,365,315,326,332,0.863013698630137,0.893150684931507,0.90958904109589,0,3,120
CEMADEN,260590501A,Centro,GAMELEIRA,CEMADEN,PLUVIOMETRICA_AUTOMATICA,2019,CEMADEN_MAX_GAP_60MIN,TRUE,365,355,258,269,286,0.706849315068493,0.736986301369863,0.783561643835617,0,16,527.000000000003
CEMADEN,260590501A,Centro,GAMELEIRA,CEMADEN,PLUVIOMETRICA_AUTOMATICA,2020,CEMADEN_MAX_GAP_60MIN,TRUE,366,366,170,204,230,0.46448087431694,0.557377049180328,0.628415300546448,0,27,330
CEMADEN,260590501A,Centro,GAMELEIRA,CEMADEN,PLUVIOMETRICA_AUTOMATICA,2021,CEMADEN_MAX_GAP_60MIN,TRUE,365,361,274,287,298,0.750684931506849,0.786301369863014,0.816438356164383,0,9,120
CEMADEN,260590501A,Centro,GAMELEIRA,CEMADEN,PLUVIOMETRICA_AUTOMATICA,2022,CEMADEN_MAX_GAP_60MIN,TRUE,365,365,319,327,330,0.873972602739726,0.895890410958904,0.904109589041096,0,5,366
CEMADEN,260590501A,Centro,GAMELEIRA,CEMADEN,PLUVIOMETRICA_AUTOMATICA,2023,CEMADEN_MAX_GAP_60MIN,TRUE,365,359,300,314,322,0.821917808219178,0.86027397260274,0.882191780821918,0,8,120
CEMADEN,260590501A,Centro,GAMELEIRA,CEMADEN,PLUVIOMETRICA_AUTOMATICA,2024,CEMADEN_MAX_GAP_60MIN,TRUE,366,248,147,160,167,0.401639344262295,0.437158469945355,0.456284153005465,0,113,8570
CEMADEN,260590501A,Centro,GAMELEIRA,CEMADEN,PLUVIOMETRICA_AUTOMATICA,2025,CEMADEN_MAX_GAP_60MIN,TRUE,365,363,240,265,276,0.657534246575342,0.726027397260274,0.756164383561644,0,8,760
CEMADEN,260590502A,GAMELEIRA - APAC,GAMELEIRA,CEMADEN,PLUVIOMETRICA_AUTOMATICA,2017,CEMADEN_MAX_GAP_60MIN,TRUE,365,40,10,12,13,0.0273972602739726,0.0328767123287671,0.0356164383561644,0,342,790
CEMADEN,260590502A,GAMELEIRA - APAC,GAMELEIRA,CEMADEN,PLUVIOMETRICA_AUTOMATICA,2018,CEMADEN_MAX_GAP_60MIN,TRUE,365,365,283,305,323,0.775342465753425,0.835616438356164,0.884931506849315,0,6,120
CEMADEN,260590502A,GAMELEIRA - APAC,GAMELEIRA,CEMADEN,PLUVIOMETRICA_AUTOMATICA,2019,CEMADEN_MAX_GAP_60MIN,TRUE,365,353,290,304,317,0.794520547945206,0.832876712328767,0.868493150684932,0,12,249.999999999997
CEMADEN,260590502A,GAMELEIRA - APAC,GAMELEIRA,CEMADEN,PLUVIOMETRICA_AUTOMATICA,2020,CEMADEN_MAX_GAP_60MIN,TRUE,366,334,283,298,311,0.773224043715847,0.814207650273224,0.849726775956284,0,35,120
CEMADEN,260590502A,GAMELEIRA - APAC,GAMELEIRA,CEMADEN,PLUVIOMETRICA_AUTOMATICA,2021,CEMADEN_MAX_GAP_60MIN,TRUE,365,190,155,166,175,0.424657534246575,0.454794520547945,0.479452054794521,0,177,115.5
CEMADEN,260590502A,GAMELEIRA - APAC,GAMELEIRA,CEMADEN,PLUVIOMETRICA_AUTOMATICA,2022,CEMADEN_MAX_GAP_60MIN,TRUE,365,19,18,18,18,0.0493150684931507,0.0493150684931507,0.0493150684931507,0,347,60
CEMADEN,260590518H,Centro,GAMELEIRA,CEMADEN,PLUVIOMETRICA_AUTOMATICA,2023,CEMADEN_MAX_GAP_60MIN,TRUE,365,236,235,235,235,0.643835616438356,0.643835616438356,0.643835616438356,0,130,60
CEMADEN,260590518H,Centro,GAMELEIRA,CEMADEN,PLUVIOMETRICA_AUTOMATICA,2024,CEMADEN_MAX_GAP_60MIN,TRUE,366,245,241,241,241,0.658469945355191,0.658469945355191,0.658469945355191,0,101,60
CEMADEN,260590518H,Centro,GAMELEIRA,CEMADEN,PLUVIOMETRICA_AUTOMATICA,2025,CEMADEN_MAX_GAP_60MIN,TRUE,365,365,357,357,357,0.978082191780822,0.978082191780822,0.978082191780822,0,1,60
CEMADEN,260600201A,Garanhuns [UFRPE] - APAC,GARANHUNS,CEMADEN,PLUVIOMETRICA_AUTOMATICA,2023,CEMADEN_MAX_GAP_60MIN,TRUE,365,42,31,32,33,0.0849315068493151,0.0876712328767123,0.0904109589041096,0,224,670
CEMADEN,260600201A,Garanhuns [UFRPE] - APAC,GARANHUNS,CEMADEN,PLUVIOMETRICA_AUTOMATICA,2024,CEMADEN_MAX_GAP_60MIN,TRUE,366,338,254,262,269,0.693989071038251,0.715846994535519,0.734972677595629,0,21,1509.49999999999
CEMADEN,260600201A,Garanhuns [UFRPE] - APAC,GARANHUNS,CEMADEN,PLUVIOMETRICA_AUTOMATICA,2025,CEMADEN_MAX_GAP_60MIN,TRUE,365,156,97,97,99,0.265753424657534,0.265753424657534,0.271232876712329,0,196,7127.99999999991
CEMADEN,260600201C,GARANHUNS,GARANHUNS,CEMADEN,PLUVIOMETRICA_AUTOMATICA,2017,CEMADEN_MAX_GAP_60MIN,TRUE,365,149,105,105,105,0.287671232876712,0.287671232876712,0.287671232876712,0,102,15392.5
CEMADEN,260600201C,GARANHUNS,GARANHUNS,CEMADEN,PLUVIOMETRICA_AUTOMATICA,2018,CEMADEN_MAX_GAP_60MIN,TRUE,365,330,299,299,299,0.819178082191781,0.819178082191781,0.819178082191781,0,33,2733
CEMADEN,260600201C,GARANHUNS,GARANHUNS,CEMADEN,PLUVIOMETRICA_AUTOMATICA,2019,CEMADEN_MAX_GAP_60MIN,TRUE,365,56,0,0,0,0,0,0,0,365,2220
CEMADEN,260600201C,GARANHUNS,GARANHUNS,CEMADEN,PLUVIOMETRICA_AUTOMATICA,2022,CEMADEN_MAX_GAP_60MIN,TRUE,365,273,262,262,262,0.717808219178082,0.717808219178082,0.717808219178082,0,88,60
CEMADEN,260600201C,GARANHUNS,GARANHUNS,CEMADEN,PLUVIOMETRICA_AUTOMATICA,2023,CEMADEN_MAX_GAP_60MIN,TRUE,365,354,344,344,344,0.942465753424658,0.942465753424658,0.942465753424658,0,5,60
CEMADEN,260600201C,GARANHUNS,GARANHUNS,CEMADEN,PLUVIOMETRICA_AUTOMATICA,2024,CEMADEN_MAX_GAP_60MIN,TRUE,366,180,125,125,125,0.341530054644809,0.341530054644809,0.341530054644809,0,124,7920
CEMADEN,260600201C,GARANHUNS,GARANHUNS,CEMADEN,PLUVIOMETRICA_AUTOMATICA,2025,CEMADEN_MAX_GAP_60MIN,TRUE,365,21,16,16,16,0.0438356164383562,0.0438356164383562,0.0438356164383562,0,218,36873.5000000003
CEMADEN,260600202A,G2-260600202A | G2-Centro de Zoonoses,GARANHUNS,CEMADEN,PLUVIOMETRICA_AUTOMATICA,2025,CEMADEN_MAX_GAP_60MIN,TRUE,365,121,98,108,109,0.268493150684932,0.295890410958904,0.298630136986301,0,245,120
CEMADEN,260600203A,G2-260600203A | G2-Secretaria de Obras,GARANHUNS,CEMADEN,PLUVIOMETRICA_AUTOMATICA,2025,CEMADEN_MAX_GAP_60MIN,TRUE,365,121,85,101,101,0.232876712328767,0.276712328767123,0.276712328767123,0,247,120
CEMADEN,260600204A,G2-260600204A | G2-COHAB III,GARANHUNS,CEMADEN,PLUVIOMETRICA_AUTOMATICA,2025,CEMADEN_MAX_GAP_60MIN,TRUE,365,120,79,95,95,0.216438356164384,0.26027397260274,0.26027397260274,0,246,143
CEMADEN,260610101A,APODI - APAC,GLÓRIA DO GOITÁ,CEMADEN,PLUVIOMETRICA_AUTOMATICA,2017,CEMADEN_MAX_GAP_60MIN,TRUE,365,13,0,0,0,0,0,0,0,365,36717.4999999999
CEMADEN,260610101A,APODI - APAC,GLÓRIA DO GOITÁ,CEMADEN,PLUVIOMETRICA_AUTOMATICA,2018,CEMADEN_MAX_GAP_60MIN,TRUE,365,286,67,78,95,0.183561643835616,0.213698630136986,0.26027397260274,0,182,697.5
CEMADEN,260610101A,APODI - APAC,GLÓRIA DO GOITÁ,CEMADEN,PLUVIOMETRICA_AUTOMATICA,2019,CEMADEN_MAX_GAP_60MIN,TRUE,365,263,120,136,160,0.328767123287671,0.372602739726027,0.438356164383562,0,130,240
CEMADEN,260610101A,APODI - APAC,GLÓRIA DO GOITÁ,CEMADEN,PLUVIOMETRICA_AUTOMATICA,2020,CEMADEN_MAX_GAP_60MIN,TRUE,366,205,43,46,51,0.117486338797814,0.12568306010929,0.139344262295082,0,224,3713.99999999998
CEMADEN,260610101A,APODI - APAC,GLÓRIA DO GOITÁ,CEMADEN,PLUVIOMETRICA_AUTOMATICA,2021,CEMADEN_MAX_GAP_60MIN,TRUE,365,186,143,148,150,0.391780821917808,0.405479452054795,0.410958904109589,0,177,1230
CEMADEN,260610101A,APODI - APAC,GLÓRIA DO GOITÁ,CEMADEN,PLUVIOMETRICA_AUTOMATICA,2022,CEMADEN_MAX_GAP_60MIN,TRUE,365,7,6,6,6,0.0164383561643836,0.0164383561643836,0.0164383561643836,0,359,60
CEMADEN,260610102A,GLORIA DO GOITA - APAC,GLÓRIA DO GOITÁ,CEMADEN,PLUVIOMETRICA_AUTOMATICA,2017,CEMADEN_MAX_GAP_60MIN,TRUE,365,47,28,28,28,0.0767123287671233,0.0767123287671233,0.0767123287671233,0,320,167.5
CEMADEN,260610102A,GLORIA DO GOITA - APAC,GLÓRIA DO GOITÁ,CEMADEN,PLUVIOMETRICA_AUTOMATICA,2018,CEMADEN_MAX_GAP_60MIN,TRUE,365,365,303,308,318,0.83013698630137,0.843835616438356,0.871232876712329,0,5,120
CEMADEN,260610102A,GLORIA DO GOITA - APAC,GLÓRIA DO GOITÁ,CEMADEN,PLUVIOMETRICA_AUTOMATICA,2019,CEMADEN_MAX_GAP_60MIN,TRUE,365,352,310,316,319,0.849315068493151,0.865753424657534,0.873972602739726,0,12,282.999999999998
CEMADEN,260610102A,GLORIA DO GOITA - APAC,GLÓRIA DO GOITÁ,CEMADEN,PLUVIOMETRICA_AUTOMATICA,2020,CEMADEN_MAX_GAP_60MIN,TRUE,366,364,316,323,325,0.863387978142077,0.882513661202186,0.887978142076503,0,6,170
CEMADEN,260610102A,GLORIA DO GOITA - APAC,GLÓRIA DO GOITÁ,CEMADEN,PLUVIOMETRICA_AUTOMATICA,2021,CEMADEN_MAX_GAP_60MIN,TRUE,365,223,171,178,187,0.468493150684932,0.487671232876712,0.512328767123288,0,151,322.999999999998
CEMADEN,260610102A,GLORIA DO GOITA - APAC,GLÓRIA DO GOITÁ,CEMADEN,PLUVIOMETRICA_AUTOMATICA,2022,CEMADEN_MAX_GAP_60MIN,TRUE,365,255,160,169,178,0.438356164383562,0.463013698630137,0.487671232876712,0,110,4060
CEMADEN,260610102A,GLORIA DO GOITA - APAC,GLÓRIA DO GOITÁ,CEMADEN,PLUVIOMETRICA_AUTOMATICA,2023,CEMADEN_MAX_GAP_60MIN,TRUE,365,363,331,342,345,0.906849315068493,0.936986301369863,0.945205479452055,0,4,80
CEMADEN,260610102A,GLORIA DO GOITA - APAC,GLÓRIA DO GOITÁ,CEMADEN,PLUVIOMETRICA_AUTOMATICA,2024,CEMADEN_MAX_GAP_60MIN,TRUE,366,357,330,335,338,0.901639344262295,0.915300546448087,0.923497267759563,0,9,102
CEMADEN,260610102A,GLORIA DO GOITA - APAC,GLÓRIA DO GOITÁ,CEMADEN,PLUVIOMETRICA_AUTOMATICA,2025,CEMADEN_MAX_GAP_60MIN,TRUE,365,234,200,205,209,0.547945205479452,0.561643835616438,0.572602739726027,0,120,1898
CEMADEN,260620001A,Estádio Municipal | Estadio Municipal Agamemon Magalhães | ETA Compesa,GOIANA,CEMADEN,PLUVIOMETRICA_AUTOMATICA,2017,CEMADEN_MAX_GAP_60MIN,TRUE,365,364,347,351,355,0.950684931506849,0.961643835616438,0.972602739726027,0,3,60
CEMADEN,260620001A,Estádio Municipal | Estadio Municipal Agamemon Magalhães | ETA Compesa,GOIANA,CEMADEN,PLUVIOMETRICA_AUTOMATICA,2018,CEMADEN_MAX_GAP_60MIN,TRUE,365,365,345,349,352,0.945205479452055,0.956164383561644,0.964383561643836,0,2,70
CEMADEN,260620001A,Estádio Municipal | Estadio Municipal Agamemon Magalhães | ETA Compesa,GOIANA,CEMADEN,PLUVIOMETRICA_AUTOMATICA,2019,CEMADEN_MAX_GAP_60MIN,TRUE,365,361,326,336,336,0.893150684931507,0.920547945205479,0.920547945205479,0,12,370
CEMADEN,260620001A,Estádio Municipal | Estadio Municipal Agamemon Magalhães | ETA Compesa,GOIANA,CEMADEN,PLUVIOMETRICA_AUTOMATICA,2020,CEMADEN_MAX_GAP_60MIN,TRUE,366,366,352,358,358,0.961748633879781,0.978142076502732,0.978142076502732,0,2,60
CEMADEN,260620001A,Estádio Municipal | Estadio Municipal Agamemon Magalhães | ETA Compesa,GOIANA,CEMADEN,PLUVIOMETRICA_AUTOMATICA,2021,CEMADEN_MAX_GAP_60MIN,TRUE,365,360,77,83,89,0.210958904109589,0.227397260273973,0.243835616438356,0,286,1390
CEMADEN,260620001A,Estádio Municipal | Estadio Municipal Agamemon Magalhães | ETA Compesa,GOIANA,CEMADEN,PLUVIOMETRICA_AUTOMATICA,2022,CEMADEN_MAX_GAP_60MIN,TRUE,365,302,201,209,220,0.550684931506849,0.572602739726027,0.602739726027397,0,104,1304
CEMADEN,260620001A,Estádio Municipal | Estadio Municipal Agamemon Magalhães | ETA Compesa,GOIANA,CEMADEN,PLUVIOMETRICA_AUTOMATICA,2023,CEMADEN_MAX_GAP_60MIN,TRUE,365,360,327,338,338,0.895890410958904,0.926027397260274,0.926027397260274,0,10,120
CEMADEN,260620001A,Estádio Municipal | Estadio Municipal Agamemon Magalhães | ETA Compesa,GOIANA,CEMADEN,PLUVIOMETRICA_AUTOMATICA,2024,CEMADEN_MAX_GAP_60MIN,TRUE,366,366,347,354,357,0.948087431693989,0.967213114754098,0.975409836065574,0,2,67.5
CEMADEN,260620001A,Estádio Municipal | Estadio Municipal Agamemon Magalhães | ETA Compesa,GOIANA,CEMADEN,PLUVIOMETRICA_AUTOMATICA,2025,CEMADEN_MAX_GAP_60MIN,TRUE,365,365,345,350,354,0.945205479452055,0.958904109589041,0.96986301369863,0,2,68.4999999999997
CEMADEN,260620002A,Centro | Prefeitura Municipal,GOIANA,CEMADEN,PLUVIOMETRICA_AUTOMATICA,2017,CEMADEN_MAX_GAP_60MIN,TRUE,365,365,336,345,349,0.920547945205479,0.945205479452055,0.956164383561644,0,2,78.4999999999997
CEMADEN,260620002A,Centro | Prefeitura Municipal,GOIANA,CEMADEN,PLUVIOMETRICA_AUTOMATICA,2018,CEMADEN_MAX_GAP_60MIN,TRUE,365,365,335,344,347,0.917808219178082,0.942465753424658,0.950684931506849,0,3,80
CEMADEN,260620002A,Centro | Prefeitura Municipal,GOIANA,CEMADEN,PLUVIOMETRICA_AUTOMATICA,2019,CEMADEN_MAX_GAP_60MIN,TRUE,365,361,299,306,310,0.819178082191781,0.838356164383562,0.849315068493151,0,15,510
CEMADEN,260620002A,Centro | Prefeitura Municipal,GOIANA,CEMADEN,PLUVIOMETRICA_AUTOMATICA,2020,CEMADEN_MAX_GAP_60MIN,TRUE,366,366,260,288,310,0.710382513661202,0.786885245901639,0.846994535519126,0,6,425
CEMADEN,260620002A,Centro | Prefeitura Municipal,GOIANA,CEMADEN,PLUVIOMETRICA_AUTOMATICA,2021,CEMADEN_MAX_GAP_60MIN,TRUE,365,365,336,344,346,0.920547945205479,0.942465753424658,0.947945205479452,0,3,106
CEMADEN,260620002A,Centro | Prefeitura Municipal,GOIANA,CEMADEN,PLUVIOMETRICA_AUTOMATICA,2022,CEMADEN_MAX_GAP_60MIN,TRUE,365,321,271,280,287,0.742465753424658,0.767123287671233,0.786301369863014,0,49,220
CEMADEN,260620002A,Centro | Prefeitura Municipal,GOIANA,CEMADEN,PLUVIOMETRICA_AUTOMATICA,2023,CEMADEN_MAX_GAP_60MIN,TRUE,365,365,335,350,350,0.917808219178082,0.958904109589041,0.958904109589041,0,3,70
CEMADEN,260620002A,Centro | Prefeitura Municipal,GOIANA,CEMADEN,PLUVIOMETRICA_AUTOMATICA,2024,CEMADEN_MAX_GAP_60MIN,TRUE,366,342,312,319,324,0.852459016393443,0.871584699453552,0.885245901639344,0,28,109
CEMADEN,260620002A,Centro | Prefeitura Municipal,GOIANA,CEMADEN,PLUVIOMETRICA_AUTOMATICA,2025,CEMADEN_MAX_GAP_60MIN,TRUE,365,18,0,0,0,0,0,0,0,365,14950
CEMADEN,260620003A,PONTA DE PEDRA - APAC,GOIANA,CEMADEN,PLUVIOMETRICA_AUTOMATICA,2017,CEMADEN_MAX_GAP_60MIN,TRUE,365,44,16,18,19,0.0438356164383562,0.0493150684931507,0.052054794520548,0,323,180
CEMADEN,260620003A,PONTA DE PEDRA - APAC,GOIANA,CEMADEN,PLUVIOMETRICA_AUTOMATICA,2018,CEMADEN_MAX_GAP_60MIN,TRUE,365,365,209,241,268,0.572602739726027,0.66027397260274,0.734246575342466,0,13,120
CEMADEN,260620003A,PONTA DE PEDRA - APAC,GOIANA,CEMADEN,PLUVIOMETRICA_AUTOMATICA,2019,CEMADEN_MAX_GAP_60MIN,TRUE,365,354,223,247,263,0.610958904109589,0.676712328767123,0.72054794520548,0,19,384.499999999998
CEMADEN,260620003A,PONTA DE PEDRA - APAC,GOIANA,CEMADEN,PLUVIOMETRICA_AUTOMATICA,2020,CEMADEN_MAX_GAP_60MIN,TRUE,366,274,240,245,247,0.655737704918033,0.669398907103825,0.674863387978142,0,76,120
CEMADEN,260620003A,PONTA DE PEDRA - APAC,GOIANA,CEMADEN,PLUVIOMETRICA_AUTOMATICA,2021,CEMADEN_MAX_GAP_60MIN,TRUE,365,187,155,169,171,0.424657534246575,0.463013698630137,0.468493150684932,0,174,120
CEMADEN,260620003A,PONTA DE PEDRA - APAC,GOIANA,CEMADEN,PLUVIOMETRICA_AUTOMATICA,2022,CEMADEN_MAX_GAP_60MIN,TRUE,365,365,315,333,335,0.863013698630137,0.912328767123288,0.917808219178082,0,5,120
CEMADEN,260620003A,PONTA DE PEDRA - APAC,GOIANA,CEMADEN,PLUVIOMETRICA_AUTOMATICA,2023,CEMADEN_MAX_GAP_60MIN,TRUE,365,365,314,328,332,0.86027397260274,0.898630136986301,0.90958904109589,0,3,120
CEMADEN,260620003A,PONTA DE PEDRA - APAC,GOIANA,CEMADEN,PLUVIOMETRICA_AUTOMATICA,2024,CEMADEN_MAX_GAP_60MIN,TRUE,366,352,327,340,340,0.89344262295082,0.92896174863388,0.92896174863388,0,16,70
CEMADEN,260620003A,PONTA DE PEDRA - APAC,GOIANA,CEMADEN,PLUVIOMETRICA_AUTOMATICA,2025,CEMADEN_MAX_GAP_60MIN,TRUE,365,269,241,254,261,0.66027397260274,0.695890410958904,0.715068493150685,0,97,76.4999999999998
CEMADEN,260620003H,Canal de Goiana | Goiana,GOIANA,CEMADEN,PLUVIOMETRICA_AUTOMATICA,2017,CEMADEN_MAX_GAP_60MIN,TRUE,365,285,248,275,276,0.679452054794521,0.753424657534247,0.756164383561644,0,79,70
CEMADEN,260620003H,Canal de Goiana | Goiana,GOIANA,CEMADEN,PLUVIOMETRICA_AUTOMATICA,2018,CEMADEN_MAX_GAP_60MIN,TRUE,365,36,0,11,11,0,0.0301369863013699,0.0301369863013699,0,365,34365
CEMADEN,260620003H,Canal de Goiana | Goiana,GOIANA,CEMADEN,PLUVIOMETRICA_AUTOMATICA,2023,CEMADEN_MAX_GAP_60MIN,TRUE,365,156,99,146,146,0.271232876712329,0.4,0.4,0,209,120
CEMADEN,260620003H,Canal de Goiana | Goiana,GOIANA,CEMADEN,PLUVIOMETRICA_AUTOMATICA,2024,CEMADEN_MAX_GAP_60MIN,TRUE,366,308,190,221,225,0.519125683060109,0.603825136612022,0.614754098360656,0,28,1333
CEMADEN,260620003H,Canal de Goiana | Goiana,GOIANA,CEMADEN,PLUVIOMETRICA_AUTOMATICA,2025,CEMADEN_MAX_GAP_60MIN,TRUE,365,124,97,102,107,0.265753424657534,0.279452054794521,0.293150684931507,0,120,35820
CEMADEN,260630901A,Granito [Hospital] - APAC,GRANITO,CEMADEN,PLUVIOMETRICA_AUTOMATICA,2023,CEMADEN_MAX_GAP_60MIN,TRUE,365,2,0,0,0,0,0,0,0,365,412120
CEMADEN,260630901A,Granito [Hospital] - APAC,GRANITO,CEMADEN,PLUVIOMETRICA_AUTOMATICA,2024,CEMADEN_MAX_GAP_60MIN,TRUE,366,174,157,160,162,0.42896174863388,0.437158469945355,0.442622950819672,0,187,120
CEMADEN,260630901A,Granito [Hospital] - APAC,GRANITO,CEMADEN,PLUVIOMETRICA_AUTOMATICA,2025,CEMADEN_MAX_GAP_60MIN,TRUE,365,275,218,225,230,0.597260273972603,0.616438356164384,0.63013698630137,0,70,6490
CEMADEN,260630901C,GRANITO,GRANITO,CEMADEN,PLUVIOMETRICA_AUTOMATICA,2017,CEMADEN_MAX_GAP_60MIN,TRUE,365,92,4,4,4,0.010958904109589,0.010958904109589,0.010958904109589,0,268,20950
CEMADEN,260630901C,GRANITO,GRANITO,CEMADEN,PLUVIOMETRICA_AUTOMATICA,2018,CEMADEN_MAX_GAP_60MIN,TRUE,365,214,126,126,126,0.345205479452055,0.345205479452055,0.345205479452055,0,44,12691.5
CEMADEN,260630901C,GRANITO,GRANITO,CEMADEN,PLUVIOMETRICA_AUTOMATICA,2019,CEMADEN_MAX_GAP_60MIN,TRUE,365,144,44,44,44,0.120547945205479,0.120547945205479,0.120547945205479,0,68,30720
CEMADEN,260630901C,GRANITO,GRANITO,CEMADEN,PLUVIOMETRICA_AUTOMATICA,2020,CEMADEN_MAX_GAP_60MIN,TRUE,366,83,1,1,1,0.00273224043715847,0.00273224043715847,0.00273224043715847,0,186,12060
CEMADEN,260630901C,GRANITO,GRANITO,CEMADEN,PLUVIOMETRICA_AUTOMATICA,2022,CEMADEN_MAX_GAP_60MIN,TRUE,365,167,160,160,160,0.438356164383562,0.438356164383562,0.438356164383562,0,195,60
CEMADEN,260630901C,GRANITO,GRANITO,CEMADEN,PLUVIOMETRICA_AUTOMATICA,2023,CEMADEN_MAX_GAP_60MIN,TRUE,365,154,37,37,38,0.101369863013699,0.101369863013699,0.104109589041096,0,273,10322.9999999999
CEMADEN,260630901C,GRANITO,GRANITO,CEMADEN,PLUVIOMETRICA_AUTOMATICA,2024,CEMADEN_MAX_GAP_60MIN,TRUE,366,280,274,274,274,0.748633879781421,0.748633879781421,0.748633879781421,0,85,60
CEMADEN,260630901C,GRANITO,GRANITO,CEMADEN,PLUVIOMETRICA_AUTOMATICA,2025,CEMADEN_MAX_GAP_60MIN,TRUE,365,117,114,114,114,0.312328767123288,0.312328767123288,0.312328767123288,0,237,60
CEMADEN,260640801A,G2-260640801A | G2-Uruçu-Mirim,GRAVATÁ,CEMADEN,PLUVIOMETRICA_AUTOMATICA,2025,CEMADEN_MAX_GAP_60MIN,TRUE,365,126,61,73,73,0.167123287671233,0.2,0.2,0,244,242.5
CEMADEN,260640801C,GRAVATA,GRAVATÁ,CEMADEN,PLUVIOMETRICA_AUTOMATICA,2017,CEMADEN_MAX_GAP_60MIN,TRUE,365,163,55,55,55,0.150684931506849,0.150684931506849,0.150684931506849,0,153,11460
CEMADEN,260640801C,GRAVATA,GRAVATÁ,CEMADEN,PLUVIOMETRICA_AUTOMATICA,2018,CEMADEN_MAX_GAP_60MIN,TRUE,365,318,263,263,263,0.72054794520548,0.72054794520548,0.72054794520548,0,52,5040
CEMADEN,260640801C,GRAVATA,GRAVATÁ,CEMADEN,PLUVIOMETRICA_AUTOMATICA,2019,CEMADEN_MAX_GAP_60MIN,TRUE,365,189,50,50,50,0.136986301369863,0.136986301369863,0.136986301369863,0,179,3558
CEMADEN,260640802A,G2-260640802A | G2-Avencas,GRAVATÁ,CEMADEN,PLUVIOMETRICA_AUTOMATICA,2025,CEMADEN_MAX_GAP_60MIN,TRUE,365,125,20,24,25,0.0547945205479452,0.0657534246575342,0.0684931506849315,0,242,180
CEMADEN,260640803A,G2-260640803A | G2-Janelas para o Rio,GRAVATÁ,CEMADEN,PLUVIOMETRICA_AUTOMATICA,2025,CEMADEN_MAX_GAP_60MIN,TRUE,365,112,93,102,102,0.254794520547945,0.279452054794521,0.279452054794521,0,254,120
CEMADEN,260650701A,IATI - APAC,IATI,CEMADEN,PLUVIOMETRICA_AUTOMATICA,2018,CEMADEN_MAX_GAP_60MIN,TRUE,365,235,205,214,215,0.561643835616438,0.586301369863014,0.589041095890411,0,132,120
CEMADEN,260650701A,IATI - APAC,IATI,CEMADEN,PLUVIOMETRICA_AUTOMATICA,2019,CEMADEN_MAX_GAP_60MIN,TRUE,365,336,250,265,269,0.684931506849315,0.726027397260274,0.736986301369863,0,18,1060
CEMADEN,260650701A,IATI - APAC,IATI,CEMADEN,PLUVIOMETRICA_AUTOMATICA,2020,CEMADEN_MAX_GAP_60MIN,TRUE,366,207,52,55,64,0.14207650273224,0.150273224043716,0.174863387978142,0,155,1418
CEMADEN,260650701A,IATI - APAC,IATI,CEMADEN,PLUVIOMETRICA_AUTOMATICA,2021,CEMADEN_MAX_GAP_60MIN,TRUE,365,247,1,6,16,0.00273972602739726,0.0164383561643836,0.0438356164383562,0,360,970
CEMADEN,260650701A,IATI - APAC,IATI,CEMADEN,PLUVIOMETRICA_AUTOMATICA,2022,CEMADEN_MAX_GAP_60MIN,TRUE,365,145,98,101,106,0.268493150684932,0.276712328767123,0.29041095890411,0,259,540
CEMADEN,260650701A,IATI - APAC,IATI,CEMADEN,PLUVIOMETRICA_AUTOMATICA,2023,CEMADEN_MAX_GAP_60MIN,TRUE,365,365,319,327,330,0.873972602739726,0.895890410958904,0.904109589041096,0,3,120
CEMADEN,260650701A,IATI - APAC,IATI,CEMADEN,PLUVIOMETRICA_AUTOMATICA,2024,CEMADEN_MAX_GAP_60MIN,TRUE,366,366,290,303,322,0.792349726775956,0.827868852459016,0.879781420765027,0,24,120
CEMADEN,260650701A,IATI - APAC,IATI,CEMADEN,PLUVIOMETRICA_AUTOMATICA,2025,CEMADEN_MAX_GAP_60MIN,TRUE,365,365,313,323,331,0.857534246575342,0.884931506849315,0.906849315068493,0,9,120
CEMADEN,260650701C,IATI,IATI,CEMADEN,PLUVIOMETRICA_AUTOMATICA,2018,CEMADEN_MAX_GAP_60MIN,TRUE,365,134,132,132,132,0.361643835616438,0.361643835616438,0.361643835616438,0,203,60
CEMADEN,260650701C,IATI,IATI,CEMADEN,PLUVIOMETRICA_AUTOMATICA,2022,CEMADEN_MAX_GAP_60MIN,TRUE,365,56,54,54,54,0.147945205479452,0.147945205479452,0.147945205479452,0,187,60
CEMADEN,260650701C,IATI,IATI,CEMADEN,PLUVIOMETRICA_AUTOMATICA,2023,CEMADEN_MAX_GAP_60MIN,TRUE,365,92,87,87,87,0.238356164383562,0.238356164383562,0.238356164383562,0,136,60
CEMADEN,260660601A,Lages,IBIMIRIM,CEMADEN,PLUVIOMETRICA_AUTOMATICA,2017,CEMADEN_MAX_GAP_60MIN,TRUE,365,363,339,345,345,0.928767123287671,0.945205479452055,0.945205479452055,0,4,70
CEMADEN,260660601A,Lages,IBIMIRIM,CEMADEN,PLUVIOMETRICA_AUTOMATICA,2018,CEMADEN_MAX_GAP_60MIN,TRUE,365,365,305,315,317,0.835616438356164,0.863013698630137,0.868493150684932,0,3,120
CEMADEN,260660601A,Lages,IBIMIRIM,CEMADEN,PLUVIOMETRICA_AUTOMATICA,2019,CEMADEN_MAX_GAP_60MIN,TRUE,365,346,249,254,257,0.682191780821918,0.695890410958904,0.704109589041096,0,38,2557.5
CEMADEN,260660601A,Lages,IBIMIRIM,CEMADEN,PLUVIOMETRICA_AUTOMATICA,2020,CEMADEN_MAX_GAP_60MIN,TRUE,366,52,0,0,0,0,0,0,0,366,2545
CEMADEN,260660601A,Lages,IBIMIRIM,CEMADEN,PLUVIOMETRICA_AUTOMATICA,2021,CEMADEN_MAX_GAP_60MIN,TRUE,365,281,258,262,266,0.706849315068493,0.717808219178082,0.728767123287671,0,86,120
CEMADEN,260660601A,Lages,IBIMIRIM,CEMADEN,PLUVIOMETRICA_AUTOMATICA,2022,CEMADEN_MAX_GAP_60MIN,TRUE,365,363,105,118,165,0.287671232876712,0.323287671232877,0.452054794520548,0,248,1158
CEMADEN,260660601A,Lages,IBIMIRIM,CEMADEN,PLUVIOMETRICA_AUTOMATICA,2023,CEMADEN_MAX_GAP_60MIN,TRUE,365,351,195,200,204,0.534246575342466,0.547945205479452,0.558904109589041,0,100,1120
CEMADEN,260660601A,Lages,IBIMIRIM,CEMADEN,PLUVIOMETRICA_AUTOMATICA,2024,CEMADEN_MAX_GAP_60MIN,TRUE,366,366,0,0,0,0,0,0,0,366,1250
CEMADEN,260660601A,Lages,IBIMIRIM,CEMADEN,PLUVIOMETRICA_AUTOMATICA,2025,CEMADEN_MAX_GAP_60MIN,TRUE,365,365,149,154,155,0.408219178082192,0.421917808219178,0.424657534246575,0,206,1008.5
CEMADEN,260660601C,IBIMIRIM,IBIMIRIM,CEMADEN,PLUVIOMETRICA_AUTOMATICA,2017,CEMADEN_MAX_GAP_60MIN,TRUE,365,162,110,110,110,0.301369863013699,0.301369863013699,0.301369863013699,0,87,18700
CEMADEN,260660601C,IBIMIRIM,IBIMIRIM,CEMADEN,PLUVIOMETRICA_AUTOMATICA,2018,CEMADEN_MAX_GAP_60MIN,TRUE,365,327,295,295,295,0.808219178082192,0.808219178082192,0.808219178082192,0,31,1616.99999999999
CEMADEN,260660601C,IBIMIRIM,IBIMIRIM,CEMADEN,PLUVIOMETRICA_AUTOMATICA,2019,CEMADEN_MAX_GAP_60MIN,TRUE,365,360,311,311,311,0.852054794520548,0.852054794520548,0.852054794520548,0,16,900
CEMADEN,260660601C,IBIMIRIM,IBIMIRIM,CEMADEN,PLUVIOMETRICA_AUTOMATICA,2020,CEMADEN_MAX_GAP_60MIN,TRUE,366,100,71,71,71,0.193989071038251,0.193989071038251,0.193989071038251,0,271,1069
CEMADEN,260660601C,IBIMIRIM,IBIMIRIM,CEMADEN,PLUVIOMETRICA_AUTOMATICA,2021,CEMADEN_MAX_GAP_60MIN,TRUE,365,26,1,1,1,0.00273972602739726,0.00273972602739726,0.00273972602739726,0,261,163752.5
CEMADEN,260660601C,IBIMIRIM,IBIMIRIM,CEMADEN,PLUVIOMETRICA_AUTOMATICA,2022,CEMADEN_MAX_GAP_60MIN,TRUE,365,11,0,0,0,0,0,0,0,365,308460
CEMADEN,260660601C,IBIMIRIM,IBIMIRIM,CEMADEN,PLUVIOMETRICA_AUTOMATICA,2023,CEMADEN_MAX_GAP_60MIN,TRUE,365,5,3,3,3,0.00821917808219178,0.00821917808219178,0.00821917808219178,0,262,446616
CEMADEN,260670501A,Ibirajuba [Chacará] - APAC,IBIRAJUBA,CEMADEN,PLUVIOMETRICA_AUTOMATICA,2023,CEMADEN_MAX_GAP_60MIN,TRUE,365,152,137,138,139,0.375342465753425,0.378082191780822,0.380821917808219,0,214,120
CEMADEN,260670501A,Ibirajuba [Chacará] - APAC,IBIRAJUBA,CEMADEN,PLUVIOMETRICA_AUTOMATICA,2024,CEMADEN_MAX_GAP_60MIN,TRUE,366,352,249,256,265,0.680327868852459,0.699453551912568,0.724043715846995,0,21,1790
CEMADEN,260670501A,Ibirajuba [Chacará] - APAC,IBIRAJUBA,CEMADEN,PLUVIOMETRICA_AUTOMATICA,2025,CEMADEN_MAX_GAP_60MIN,TRUE,365,273,180,184,191,0.493150684931507,0.504109589041096,0.523287671232877,0,74,5070
CEMADEN,260680403A,Alto do Céu,IGARASSU,CEMADEN,PLUVIOMETRICA_AUTOMATICA,2017,CEMADEN_MAX_GAP_60MIN,TRUE,365,365,344,350,351,0.942465753424658,0.958904109589041,0.961643835616438,0,3,70
CEMADEN,260680403A,Alto do Céu,IGARASSU,CEMADEN,PLUVIOMETRICA_AUTOMATICA,2018,CEMADEN_MAX_GAP_60MIN,TRUE,365,365,330,343,352,0.904109589041096,0.93972602739726,0.964383561643836,0,3,80
CEMADEN,260680403A,Alto do Céu,IGARASSU,CEMADEN,PLUVIOMETRICA_AUTOMATICA,2019,CEMADEN_MAX_GAP_60MIN,TRUE,365,346,274,284,296,0.750684931506849,0.778082191780822,0.810958904109589,0,23,632.5
CEMADEN,260680403A,Alto do Céu,IGARASSU,CEMADEN,PLUVIOMETRICA_AUTOMATICA,2020,CEMADEN_MAX_GAP_60MIN,TRUE,366,366,235,271,299,0.642076502732241,0.740437158469945,0.816939890710383,0,8,340
CEMADEN,260680403A,Alto do Céu,IGARASSU,CEMADEN,PLUVIOMETRICA_AUTOMATICA,2021,CEMADEN_MAX_GAP_60MIN,TRUE,365,365,320,338,346,0.876712328767123,0.926027397260274,0.947945205479452,0,3,98.0000000000001
CEMADEN,260680403A,Alto do Céu,IGARASSU,CEMADEN,PLUVIOMETRICA_AUTOMATICA,2022,CEMADEN_MAX_GAP_60MIN,TRUE,365,363,294,312,324,0.805479452054795,0.854794520547945,0.887671232876712,0,7,129
CEMADEN,260680403A,Alto do Céu,IGARASSU,CEMADEN,PLUVIOMETRICA_AUTOMATICA,2023,CEMADEN_MAX_GAP_60MIN,TRUE,365,172,95,98,99,0.26027397260274,0.268493150684932,0.271232876712329,0,155,7302.49999999996
CEMADEN,260680403A,Alto do Céu,IGARASSU,CEMADEN,PLUVIOMETRICA_AUTOMATICA,2024,CEMADEN_MAX_GAP_60MIN,TRUE,366,246,197,207,220,0.538251366120219,0.565573770491803,0.601092896174863,0,59,265
CEMADEN,260680403A,Alto do Céu,IGARASSU,CEMADEN,PLUVIOMETRICA_AUTOMATICA,2025,CEMADEN_MAX_GAP_60MIN,TRUE,365,365,343,354,356,0.93972602739726,0.96986301369863,0.975342465753425,0,2,70
CEMADEN,260680404A,Cruz de Rebouças,IGARASSU,CEMADEN,PLUVIOMETRICA_AUTOMATICA,2017,CEMADEN_MAX_GAP_60MIN,TRUE,365,365,346,347,351,0.947945205479452,0.950684931506849,0.961643835616438,0,3,60
CEMADEN,260680404A,Cruz de Rebouças,IGARASSU,CEMADEN,PLUVIOMETRICA_AUTOMATICA,2018,CEMADEN_MAX_GAP_60MIN,TRUE,365,264,195,207,215,0.534246575342466,0.567123287671233,0.589041095890411,0,143,1470
CEMADEN,260680404A,Cruz de Rebouças,IGARASSU,CEMADEN,PLUVIOMETRICA_AUTOMATICA,2019,CEMADEN_MAX_GAP_60MIN,TRUE,365,138,96,100,101,0.263013698630137,0.273972602739726,0.276712328767123,0,163,1400
CEMADEN,260680404A,Cruz de Rebouças,IGARASSU,CEMADEN,PLUVIOMETRICA_AUTOMATICA,2020,CEMADEN_MAX_GAP_60MIN,TRUE,366,215,122,141,169,0.333333333333333,0.385245901639344,0.461748633879781,0,156,543
CEMADEN,260680404A,Cruz de Rebouças,IGARASSU,CEMADEN,PLUVIOMETRICA_AUTOMATICA,2021,CEMADEN_MAX_GAP_60MIN,TRUE,365,360,296,306,312,0.810958904109589,0.838356164383562,0.854794520547945,0,13,120
CEMADEN,260680404A,Cruz de Rebouças,IGARASSU,CEMADEN,PLUVIOMETRICA_AUTOMATICA,2022,CEMADEN_MAX_GAP_60MIN,TRUE,365,229,110,116,118,0.301369863013699,0.317808219178082,0.323287671232877,0,124,2449.99999999999
CEMADEN,260680404A,Cruz de Rebouças,IGARASSU,CEMADEN,PLUVIOMETRICA_AUTOMATICA,2023,CEMADEN_MAX_GAP_60MIN,TRUE,365,182,162,168,174,0.443835616438356,0.46027397260274,0.476712328767123,0,184,80
CEMADEN,260680404A,Cruz de Rebouças,IGARASSU,CEMADEN,PLUVIOMETRICA_AUTOMATICA,2024,CEMADEN_MAX_GAP_60MIN,TRUE,366,366,338,352,360,0.923497267759563,0.961748633879781,0.983606557377049,0,4,70
CEMADEN,260680404A,Cruz de Rebouças,IGARASSU,CEMADEN,PLUVIOMETRICA_AUTOMATICA,2025,CEMADEN_MAX_GAP_60MIN,TRUE,365,326,269,290,297,0.736986301369863,0.794520547945206,0.813698630136986,0,60,190
CEMADEN,260680405A,Cruz de Rebouças2,IGARASSU,CEMADEN,PLUVIOMETRICA_AUTOMATICA,2017,CEMADEN_MAX_GAP_60MIN,TRUE,365,362,312,323,331,0.854794520547945,0.884931506849315,0.906849315068493,0,8,120
CEMADEN,260680405A,Cruz de Rebouças2,IGARASSU,CEMADEN,PLUVIOMETRICA_AUTOMATICA,2018,CEMADEN_MAX_GAP_60MIN,TRUE,365,365,314,331,340,0.86027397260274,0.906849315068493,0.931506849315068,0,3,120
CEMADEN,260680405A,Cruz de Rebouças2,IGARASSU,CEMADEN,PLUVIOMETRICA_AUTOMATICA,2019,CEMADEN_MAX_GAP_60MIN,TRUE,365,357,273,287,298,0.747945205479452,0.786301369863014,0.816438356164383,0,16,524
CEMADEN,260680405A,Cruz de Rebouças2,IGARASSU,CEMADEN,PLUVIOMETRICA_AUTOMATICA,2020,CEMADEN_MAX_GAP_60MIN,TRUE,366,366,241,275,302,0.658469945355191,0.751366120218579,0.825136612021858,0,12,397.5
CEMADEN,260680405A,Cruz de Rebouças2,IGARASSU,CEMADEN,PLUVIOMETRICA_AUTOMATICA,2021,CEMADEN_MAX_GAP_60MIN,TRUE,365,266,236,245,250,0.646575342465753,0.671232876712329,0.684931506849315,0,101,107.5
CEMADEN,260680405A,Cruz de Rebouças2,IGARASSU,CEMADEN,PLUVIOMETRICA_AUTOMATICA,2022,CEMADEN_MAX_GAP_60MIN,TRUE,365,142,105,111,117,0.287671232876712,0.304109589041096,0.32054794520548,0,227,402.499999999998
CEMADEN,260680405A,Cruz de Rebouças2,IGARASSU,CEMADEN,PLUVIOMETRICA_AUTOMATICA,2023,CEMADEN_MAX_GAP_60MIN,TRUE,365,365,301,321,330,0.824657534246575,0.879452054794521,0.904109589041096,0,6,120
CEMADEN,260680405A,Cruz de Rebouças2,IGARASSU,CEMADEN,PLUVIOMETRICA_AUTOMATICA,2024,CEMADEN_MAX_GAP_60MIN,TRUE,366,365,184,225,256,0.502732240437159,0.614754098360656,0.699453551912568,0,38,710.000000000001
CEMADEN,260680405A,Cruz de Rebouças2,IGARASSU,CEMADEN,PLUVIOMETRICA_AUTOMATICA,2025,CEMADEN_MAX_GAP_60MIN,TRUE,365,232,109,126,148,0.298630136986301,0.345205479452055,0.405479452054795,0,156,985
CEMADEN,260680406A,IGARASSU - APAC,IGARASSU,CEMADEN,PLUVIOMETRICA_AUTOMATICA,2017,CEMADEN_MAX_GAP_60MIN,TRUE,365,50,11,12,13,0.0301369863013699,0.0328767123287671,0.0356164383561644,0,317,557.999999999997
CEMADEN,260680406A,IGARASSU - APAC,IGARASSU,CEMADEN,PLUVIOMETRICA_AUTOMATICA,2018,CEMADEN_MAX_GAP_60MIN,TRUE,365,365,298,313,319,0.816438356164383,0.857534246575342,0.873972602739726,0,8,120
CEMADEN,260680406A,IGARASSU - APAC,IGARASSU,CEMADEN,PLUVIOMETRICA_AUTOMATICA,2019,CEMADEN_MAX_GAP_60MIN,TRUE,365,344,283,297,303,0.775342465753425,0.813698630136986,0.83013698630137,0,13,568.5
CEMADEN,260680406A,IGARASSU - APAC,IGARASSU,CEMADEN,PLUVIOMETRICA_AUTOMATICA,2020,CEMADEN_MAX_GAP_60MIN,TRUE,366,221,190,200,205,0.519125683060109,0.546448087431694,0.560109289617486,0,150,120
CEMADEN,260680406A,IGARASSU - APAC,IGARASSU,CEMADEN,PLUVIOMETRICA_AUTOMATICA,2021,CEMADEN_MAX_GAP_60MIN,TRUE,365,184,149,162,175,0.408219178082192,0.443835616438356,0.479452054794521,0,182,90
CEMADEN,260680406A,IGARASSU - APAC,IGARASSU,CEMADEN,PLUVIOMETRICA_AUTOMATICA,2022,CEMADEN_MAX_GAP_60MIN,TRUE,365,59,53,53,53,0.145205479452055,0.145205479452055,0.145205479452055,0,307,121.5
CEMADEN,260690301A,IGUARACI - APAC,IGUARACI,CEMADEN,PLUVIOMETRICA_AUTOMATICA,2018,CEMADEN_MAX_GAP_60MIN,TRUE,365,262,81,103,124,0.221917808219178,0.282191780821918,0.33972602739726,0,44,9240
CEMADEN,260690301A,IGUARACI - APAC,IGUARACI,CEMADEN,PLUVIOMETRICA_AUTOMATICA,2019,CEMADEN_MAX_GAP_60MIN,TRUE,365,87,27,39,48,0.073972602739726,0.106849315068493,0.131506849315068,0,273,3621
CEMADEN,260690301A,IGUARACI - APAC,IGUARACI,CEMADEN,PLUVIOMETRICA_AUTOMATICA,2021,CEMADEN_MAX_GAP_60MIN,TRUE,365,40,28,29,31,0.0767123287671233,0.0794520547945206,0.0849315068493151,0,267,48524.9999999973
CEMADEN,260690301A,IGUARACI - APAC,IGUARACI,CEMADEN,PLUVIOMETRICA_AUTOMATICA,2023,CEMADEN_MAX_GAP_60MIN,TRUE,365,125,84,84,87,0.23013698630137,0.23013698630137,0.238356164383562,0,242,460
CEMADEN,260690301A,IGUARACI - APAC,IGUARACI,CEMADEN,PLUVIOMETRICA_AUTOMATICA,2024,CEMADEN_MAX_GAP_60MIN,TRUE,366,330,277,280,281,0.756830601092896,0.765027322404372,0.76775956284153,0,47,1241
CEMADEN,260690301A,IGUARACI - APAC,IGUARACI,CEMADEN,PLUVIOMETRICA_AUTOMATICA,2025,CEMADEN_MAX_GAP_60MIN,TRUE,365,359,325,332,337,0.89041095890411,0.90958904109589,0.923287671232877,0,10,101.5
CEMADEN,260690301C,IGUARACI,IGUARACI,CEMADEN,PLUVIOMETRICA_AUTOMATICA,2018,CEMADEN_MAX_GAP_60MIN,TRUE,365,329,235,235,235,0.643835616438356,0.643835616438356,0.643835616438356,0,86,998.999999999999
CEMADEN,260690301C,IGUARACI,IGUARACI,CEMADEN,PLUVIOMETRICA_AUTOMATICA,2019,CEMADEN_MAX_GAP_60MIN,TRUE,365,350,0,0,0,0,0,0,0,365,1140
CEMADEN,260690301C,IGUARACI,IGUARACI,CEMADEN,PLUVIOMETRICA_AUTOMATICA,2020,CEMADEN_MAX_GAP_60MIN,TRUE,366,69,0,0,0,0,0,0,0,366,1860
CEMADEN,260690301C,IGUARACI,IGUARACI,CEMADEN,PLUVIOMETRICA_AUTOMATICA,2022,CEMADEN_MAX_GAP_60MIN,TRUE,365,180,140,140,140,0.383561643835616,0.383561643835616,0.383561643835616,0,177,1947.49999999995
CEMADEN,260690301C,IGUARACI,IGUARACI,CEMADEN,PLUVIOMETRICA_AUTOMATICA,2023,CEMADEN_MAX_GAP_60MIN,TRUE,365,275,252,252,252,0.69041095890411,0.69041095890411,0.69041095890411,0,21,120
CEMADEN,260700001A,Inajá [Estádio Municipal] - APAC,INAJÁ,CEMADEN,PLUVIOMETRICA_AUTOMATICA,2023,CEMADEN_MAX_GAP_60MIN,TRUE,365,223,163,169,174,0.446575342465753,0.463013698630137,0.476712328767123,0,93,1160
CEMADEN,260700001A,Inajá [Estádio Municipal] - APAC,INAJÁ,CEMADEN,PLUVIOMETRICA_AUTOMATICA,2024,CEMADEN_MAX_GAP_60MIN,TRUE,366,266,219,224,230,0.598360655737705,0.612021857923497,0.628415300546448,0,60,1955
CEMADEN,260700001A,Inajá [Estádio Municipal] - APAC,INAJÁ,CEMADEN,PLUVIOMETRICA_AUTOMATICA,2025,CEMADEN_MAX_GAP_60MIN,TRUE,365,362,284,292,297,0.778082191780822,0.8,0.813698630136986,0,7,340
CEMADEN,260700001C,INAJA,INAJÁ,CEMADEN,PLUVIOMETRICA_AUTOMATICA,2017,CEMADEN_MAX_GAP_60MIN,TRUE,365,130,33,33,33,0.0904109589041096,0.0904109589041096,0.0904109589041096,0,156,13390
CEMADEN,260700001C,INAJA,INAJÁ,CEMADEN,PLUVIOMETRICA_AUTOMATICA,2018,CEMADEN_MAX_GAP_60MIN,TRUE,365,10,0,0,0,0,0,0,0,365,81624
CEMADEN,260710901A,Ingazeira [Compesa] - APAC,INGAZEIRA,CEMADEN,PLUVIOMETRICA_AUTOMATICA,2023,CEMADEN_MAX_GAP_60MIN,TRUE,365,3,0,0,0,0,0,0,0,365,396730
CEMADEN,260710901A,Ingazeira [Compesa] - APAC,INGAZEIRA,CEMADEN,PLUVIOMETRICA_AUTOMATICA,2024,CEMADEN_MAX_GAP_60MIN,TRUE,366,125,123,123,123,0.336065573770492,0.336065573770492,0.336065573770492,0,242,60
CEMADEN,260710901A,Ingazeira [Compesa] - APAC,INGAZEIRA,CEMADEN,PLUVIOMETRICA_AUTOMATICA,2025,CEMADEN_MAX_GAP_60MIN,TRUE,365,365,346,351,355,0.947945205479452,0.961643835616438,0.972602739726027,0,2,60
CEMADEN,260710901U,INGAZEIRA,INGAZEIRA,CEMADEN,PLUVIOMETRICA_AUTOMATICA,2017,CEMADEN_MAX_GAP_60MIN,TRUE,365,29,17,17,17,0.0465753424657534,0.0465753424657534,0.0465753424657534,0,291,90300
CEMADEN,260710901U,INGAZEIRA,INGAZEIRA,CEMADEN,PLUVIOMETRICA_AUTOMATICA,2018,CEMADEN_MAX_GAP_60MIN,TRUE,365,259,243,245,245,0.665753424657534,0.671232876712329,0.671232876712329,0,52,120
CEMADEN,260710901U,INGAZEIRA,INGAZEIRA,CEMADEN,PLUVIOMETRICA_AUTOMATICA,2019,CEMADEN_MAX_GAP_60MIN,TRUE,365,140,129,129,129,0.353424657534247,0.353424657534247,0.353424657534247,0,214,495
CEMADEN,260720801A,Centro,IPOJUCA,CEMADEN,PLUVIOMETRICA_AUTOMATICA,2017,CEMADEN_MAX_GAP_60MIN,TRUE,365,365,345,348,352,0.945205479452055,0.953424657534246,0.964383561643836,0,4,68.4999999999997
CEMADEN,260720801A,Centro,IPOJUCA,CEMADEN,PLUVIOMETRICA_AUTOMATICA,2018,CEMADEN_MAX_GAP_60MIN,TRUE,365,365,330,338,349,0.904109589041096,0.926027397260274,0.956164383561644,0,2,80
CEMADEN,260720801A,Centro,IPOJUCA,CEMADEN,PLUVIOMETRICA_AUTOMATICA,2019,CEMADEN_MAX_GAP_60MIN,TRUE,365,244,192,208,214,0.526027397260274,0.56986301369863,0.586301369863014,0,90,1210
CEMADEN,260720801A,Centro,IPOJUCA,CEMADEN,PLUVIOMETRICA_AUTOMATICA,2020,CEMADEN_MAX_GAP_60MIN,TRUE,366,184,115,136,156,0.314207650273224,0.371584699453552,0.426229508196721,0,183,394
CEMADEN,260720801A,Centro,IPOJUCA,CEMADEN,PLUVIOMETRICA_AUTOMATICA,2021,CEMADEN_MAX_GAP_60MIN,TRUE,365,365,322,330,339,0.882191780821918,0.904109589041096,0.928767123287671,0,9,120
CEMADEN,260720801A,Centro,IPOJUCA,CEMADEN,PLUVIOMETRICA_AUTOMATICA,2022,CEMADEN_MAX_GAP_60MIN,TRUE,365,365,299,311,323,0.819178082191781,0.852054794520548,0.884931506849315,0,7,120
CEMADEN,260720801A,Centro,IPOJUCA,CEMADEN,PLUVIOMETRICA_AUTOMATICA,2023,CEMADEN_MAX_GAP_60MIN,TRUE,365,365,337,350,353,0.923287671232877,0.958904109589041,0.967123287671233,0,2,70
CEMADEN,260720801A,Centro,IPOJUCA,CEMADEN,PLUVIOMETRICA_AUTOMATICA,2024,CEMADEN_MAX_GAP_60MIN,TRUE,366,366,341,354,357,0.931693989071038,0.967213114754098,0.975409836065574,0,2,70
CEMADEN,260720801A,Centro,IPOJUCA,CEMADEN,PLUVIOMETRICA_AUTOMATICA,2025,CEMADEN_MAX_GAP_60MIN,TRUE,365,361,329,339,348,0.901369863013699,0.928767123287671,0.953424657534246,0,8,80
CEMADEN,260720801G,Campo do Avião,IPOJUCA,CEMADEN,PLUVIOMETRICA_AUTOMATICA,2019,CEMADEN_MAX_GAP_60MIN,TRUE,365,91,60,80,82,0.164383561643836,0.219178082191781,0.224657534246575,0,274,448
CEMADEN,260720801G,Campo do Avião,IPOJUCA,CEMADEN,PLUVIOMETRICA_AUTOMATICA,2020,CEMADEN_MAX_GAP_60MIN,TRUE,366,360,229,304,317,0.62568306010929,0.830601092896175,0.866120218579235,0,14,180.5
CEMADEN,260720801G,Campo do Avião,IPOJUCA,CEMADEN,PLUVIOMETRICA_AUTOMATICA,2021,CEMADEN_MAX_GAP_60MIN,TRUE,365,365,223,328,345,0.610958904109589,0.898630136986301,0.945205479452055,0,14,160.000000000001
CEMADEN,260720801G,Campo do Avião,IPOJUCA,CEMADEN,PLUVIOMETRICA_AUTOMATICA,2022,CEMADEN_MAX_GAP_60MIN,TRUE,365,357,207,299,309,0.567123287671233,0.819178082191781,0.846575342465753,0,18,625.999999999996
CEMADEN,260720801G,Campo do Avião,IPOJUCA,CEMADEN,PLUVIOMETRICA_AUTOMATICA,2023,CEMADEN_MAX_GAP_60MIN,TRUE,365,183,112,122,123,0.306849315068493,0.334246575342466,0.336986301369863,0,139,1420
CEMADEN,260720801G,Campo do Avião,IPOJUCA,CEMADEN,PLUVIOMETRICA_AUTOMATICA,2024,CEMADEN_MAX_GAP_60MIN,TRUE,366,287,256,275,277,0.699453551912568,0.751366120218579,0.756830601092896,0,85,70
CEMADEN,260720801G,Campo do Avião,IPOJUCA,CEMADEN,PLUVIOMETRICA_AUTOMATICA,2025,CEMADEN_MAX_GAP_60MIN,TRUE,365,365,268,359,360,0.734246575342466,0.983561643835616,0.986301369863014,0,8,70
CEMADEN,260720802A,Camela,IPOJUCA,CEMADEN,PLUVIOMETRICA_AUTOMATICA,2017,CEMADEN_MAX_GAP_60MIN,TRUE,365,365,322,328,336,0.882191780821918,0.898630136986301,0.920547945205479,0,5,110
CEMADEN,260720802A,Camela,IPOJUCA,CEMADEN,PLUVIOMETRICA_AUTOMATICA,2018,CEMADEN_MAX_GAP_60MIN,TRUE,365,314,267,282,289,0.731506849315069,0.772602739726028,0.791780821917808,0,52,120
CEMADEN,260720802A,Camela,IPOJUCA,CEMADEN,PLUVIOMETRICA_AUTOMATICA,2019,CEMADEN_MAX_GAP_60MIN,TRUE,365,95,68,71,73,0.186301369863014,0.194520547945205,0.2,0,151,2250
CEMADEN,260720802A,Camela,IPOJUCA,CEMADEN,PLUVIOMETRICA_AUTOMATICA,2020,CEMADEN_MAX_GAP_60MIN,TRUE,366,184,61,68,88,0.166666666666667,0.185792349726776,0.240437158469945,0,198,380
CEMADEN,260720802A,Camela,IPOJUCA,CEMADEN,PLUVIOMETRICA_AUTOMATICA,2021,CEMADEN_MAX_GAP_60MIN,TRUE,365,359,296,304,305,0.810958904109589,0.832876712328767,0.835616438356164,0,8,120
CEMADEN,260720802A,Camela,IPOJUCA,CEMADEN,PLUVIOMETRICA_AUTOMATICA,2022,CEMADEN_MAX_GAP_60MIN,TRUE,365,164,145,148,150,0.397260273972603,0.405479452054795,0.410958904109589,0,211,261.000000000001
CEMADEN,260720803A,Porto de Galinhas,IPOJUCA,CEMADEN,PLUVIOMETRICA_AUTOMATICA,2017,CEMADEN_MAX_GAP_60MIN,TRUE,365,365,343,346,347,0.93972602739726,0.947945205479452,0.950684931506849,0,2,70
CEMADEN,260720803A,Porto de Galinhas,IPOJUCA,CEMADEN,PLUVIOMETRICA_AUTOMATICA,2018,CEMADEN_MAX_GAP_60MIN,TRUE,365,365,331,338,342,0.906849315068493,0.926027397260274,0.936986301369863,0,3,120
CEMADEN,260720803A,Porto de Galinhas,IPOJUCA,CEMADEN,PLUVIOMETRICA_AUTOMATICA,2019,CEMADEN_MAX_GAP_60MIN,TRUE,365,354,264,278,286,0.723287671232877,0.761643835616438,0.783561643835617,0,16,726.999999999999
CEMADEN,260720803A,Porto de Galinhas,IPOJUCA,CEMADEN,PLUVIOMETRICA_AUTOMATICA,2020,CEMADEN_MAX_GAP_60MIN,TRUE,366,24,4,8,11,0.0109289617486339,0.0218579234972678,0.0300546448087432,0,352,188
CEMADEN,260720804A,Rurópolis,IPOJUCA,CEMADEN,PLUVIOMETRICA_AUTOMATICA,2017,CEMADEN_MAX_GAP_60MIN,TRUE,365,361,330,333,335,0.904109589041096,0.912328767123288,0.917808219178082,0,8,120
CEMADEN,260720804A,Rurópolis,IPOJUCA,CEMADEN,PLUVIOMETRICA_AUTOMATICA,2018,CEMADEN_MAX_GAP_60MIN,TRUE,365,365,337,349,355,0.923287671232877,0.956164383561644,0.972602739726027,0,2,70
CEMADEN,260720804A,Rurópolis,IPOJUCA,CEMADEN,PLUVIOMETRICA_AUTOMATICA,2019,CEMADEN_MAX_GAP_60MIN,TRUE,365,354,275,294,303,0.753424657534247,0.805479452054795,0.83013698630137,0,16,671.999999999996
CEMADEN,260720804A,Rurópolis,IPOJUCA,CEMADEN,PLUVIOMETRICA_AUTOMATICA,2020,CEMADEN_MAX_GAP_60MIN,TRUE,366,88,65,72,78,0.177595628415301,0.19672131147541,0.213114754098361,0,282,560
CEMADEN,260720804A,Rurópolis,IPOJUCA,CEMADEN,PLUVIOMETRICA_AUTOMATICA,2021,CEMADEN_MAX_GAP_60MIN,TRUE,365,365,312,326,328,0.854794520547945,0.893150684931507,0.898630136986301,0,13,120
CEMADEN,260720804A,Rurópolis,IPOJUCA,CEMADEN,PLUVIOMETRICA_AUTOMATICA,2022,CEMADEN_MAX_GAP_60MIN,TRUE,365,269,139,141,143,0.380821917808219,0.386301369863014,0.391780821917808,0,202,5600
CEMADEN,260720804A,Rurópolis,IPOJUCA,CEMADEN,PLUVIOMETRICA_AUTOMATICA,2023,CEMADEN_MAX_GAP_60MIN,TRUE,365,257,0,0,0,0,0,0,0,365,4370
CEMADEN,260720804A,Rurópolis,IPOJUCA,CEMADEN,PLUVIOMETRICA_AUTOMATICA,2024,CEMADEN_MAX_GAP_60MIN,TRUE,366,330,122,123,124,0.333333333333333,0.336065573770492,0.33879781420765,0,236,2930
CEMADEN,260720804A,Rurópolis,IPOJUCA,CEMADEN,PLUVIOMETRICA_AUTOMATICA,2025,CEMADEN_MAX_GAP_60MIN,TRUE,365,365,334,346,354,0.915068493150685,0.947945205479452,0.96986301369863,0,3,70
CEMADEN,260720805A,NÃCLEO MARANHÃO - APAC | NÙCLEO MARANHÃO - APAC,IPOJUCA,CEMADEN,PLUVIOMETRICA_AUTOMATICA,2017,CEMADEN_MAX_GAP_60MIN,TRUE,365,53,0,0,0,0,0,0,0,365,920
CEMADEN,260720805A,NÃCLEO MARANHÃO - APAC | NÙCLEO MARANHÃO - APAC,IPOJUCA,CEMADEN,PLUVIOMETRICA_AUTOMATICA,2018,CEMADEN_MAX_GAP_60MIN,TRUE,365,300,46,58,72,0.126027397260274,0.158904109589041,0.197260273972603,0,87,1480
CEMADEN,260720805A,NÃCLEO MARANHÃO - APAC | NÙCLEO MARANHÃO - APAC,IPOJUCA,CEMADEN,PLUVIOMETRICA_AUTOMATICA,2019,CEMADEN_MAX_GAP_60MIN,TRUE,365,90,20,25,30,0.0547945205479452,0.0684931506849315,0.0821917808219178,0,252,3995.99999999999
CEMADEN,260720805A,NÃCLEO MARANHÃO - APAC | NÙCLEO MARANHÃO - APAC,IPOJUCA,CEMADEN,PLUVIOMETRICA_AUTOMATICA,2020,CEMADEN_MAX_GAP_60MIN,TRUE,366,30,0,0,0,0,0,0,0,366,164542.999999999
CEMADEN,260720805A,NÃCLEO MARANHÃO - APAC | NÙCLEO MARANHÃO - APAC,IPOJUCA,CEMADEN,PLUVIOMETRICA_AUTOMATICA,2021,CEMADEN_MAX_GAP_60MIN,TRUE,365,171,73,81,84,0.2,0.221917808219178,0.23013698630137,0,194,910
CEMADEN,260720805A,NÃCLEO MARANHÃO - APAC | NÙCLEO MARANHÃO - APAC,IPOJUCA,CEMADEN,PLUVIOMETRICA_AUTOMATICA,2022,CEMADEN_MAX_GAP_60MIN,TRUE,365,327,46,49,50,0.126027397260274,0.134246575342466,0.136986301369863,0,283,4200
CEMADEN,260720805A,NÃCLEO MARANHÃO - APAC | NÙCLEO MARANHÃO - APAC,IPOJUCA,CEMADEN,PLUVIOMETRICA_AUTOMATICA,2023,CEMADEN_MAX_GAP_60MIN,TRUE,365,352,279,290,297,0.764383561643836,0.794520547945206,0.813698630136986,0,15,259
CEMADEN,260720805A,NÃCLEO MARANHÃO - APAC | NÙCLEO MARANHÃO - APAC,IPOJUCA,CEMADEN,PLUVIOMETRICA_AUTOMATICA,2024,CEMADEN_MAX_GAP_60MIN,TRUE,366,359,275,287,292,0.751366120218579,0.784153005464481,0.797814207650273,0,15,956.999999999998
CEMADEN,260720805A,NÃCLEO MARANHÃO - APAC | NÙCLEO MARANHÃO - APAC,IPOJUCA,CEMADEN,PLUVIOMETRICA_AUTOMATICA,2025,CEMADEN_MAX_GAP_60MIN,TRUE,365,352,269,276,278,0.736986301369863,0.756164383561644,0.761643835616438,0,37,1540
CEMADEN,260730701A,Centro,IPUBI,CEMADEN,PLUVIOMETRICA_AUTOMATICA,2017,CEMADEN_MAX_GAP_60MIN,TRUE,365,189,160,161,164,0.438356164383562,0.441095890410959,0.449315068493151,0,177,159
CEMADEN,260730701A,Centro,IPUBI,CEMADEN,PLUVIOMETRICA_AUTOMATICA,2018,CEMADEN_MAX_GAP_60MIN,TRUE,365,365,239,252,264,0.654794520547945,0.69041095890411,0.723287671232877,0,30,612.000000000001
CEMADEN,260730701A,Centro,IPUBI,CEMADEN,PLUVIOMETRICA_AUTOMATICA,2019,CEMADEN_MAX_GAP_60MIN,TRUE,365,342,223,234,246,0.610958904109589,0.641095890410959,0.673972602739726,0,20,2776.5
CEMADEN,260730701A,Centro,IPUBI,CEMADEN,PLUVIOMETRICA_AUTOMATICA,2020,CEMADEN_MAX_GAP_60MIN,TRUE,366,232,34,65,103,0.092896174863388,0.177595628415301,0.281420765027322,0,310,1380
CEMADEN,260730701A,Centro,IPUBI,CEMADEN,PLUVIOMETRICA_AUTOMATICA,2021,CEMADEN_MAX_GAP_60MIN,TRUE,365,358,272,286,291,0.745205479452055,0.783561643835617,0.797260273972603,0,10,180
CEMADEN,260730701A,Centro,IPUBI,CEMADEN,PLUVIOMETRICA_AUTOMATICA,2022,CEMADEN_MAX_GAP_60MIN,TRUE,365,365,317,328,330,0.868493150684932,0.898630136986301,0.904109589041096,0,12,416.000000000001
CEMADEN,260730701A,Centro,IPUBI,CEMADEN,PLUVIOMETRICA_AUTOMATICA,2023,CEMADEN_MAX_GAP_60MIN,TRUE,365,262,107,110,110,0.293150684931507,0.301369863013699,0.301369863013699,0,106,3610
CEMADEN,260730701A,Centro,IPUBI,CEMADEN,PLUVIOMETRICA_AUTOMATICA,2024,CEMADEN_MAX_GAP_60MIN,TRUE,366,164,8,8,8,0.0218579234972678,0.0218579234972678,0.0218579234972678,0,194,3820
CEMADEN,260730701A,Centro,IPUBI,CEMADEN,PLUVIOMETRICA_AUTOMATICA,2025,CEMADEN_MAX_GAP_60MIN,TRUE,365,1,0,0,0,0,0,0,0,365,
CEMADEN,260730702A,Serrolândia,IPUBI,CEMADEN,PLUVIOMETRICA_AUTOMATICA,2017,CEMADEN_MAX_GAP_60MIN,TRUE,365,365,320,334,342,0.876712328767123,0.915068493150685,0.936986301369863,0,3,120
CEMADEN,260730702A,Serrolândia,IPUBI,CEMADEN,PLUVIOMETRICA_AUTOMATICA,2018,CEMADEN_MAX_GAP_60MIN,TRUE,365,365,243,276,290,0.665753424657534,0.756164383561644,0.794520547945206,0,8,190
CEMADEN,260730702A,Serrolândia,IPUBI,CEMADEN,PLUVIOMETRICA_AUTOMATICA,2019,CEMADEN_MAX_GAP_60MIN,TRUE,365,195,123,135,144,0.336986301369863,0.36986301369863,0.394520547945205,0,158,3163
CEMADEN,260730702A,Serrolândia,IPUBI,CEMADEN,PLUVIOMETRICA_AUTOMATICA,2020,CEMADEN_MAX_GAP_60MIN,TRUE,366,23,4,6,11,0.0109289617486339,0.0163934426229508,0.0300546448087432,0,348,360
CEMADEN,260730702A,Serrolândia,IPUBI,CEMADEN,PLUVIOMETRICA_AUTOMATICA,2021,CEMADEN_MAX_GAP_60MIN,TRUE,365,288,214,219,221,0.586301369863014,0.6,0.605479452054795,0,71,391.999999999998
CEMADEN,260730702A,Serrolândia,IPUBI,CEMADEN,PLUVIOMETRICA_AUTOMATICA,2022,CEMADEN_MAX_GAP_60MIN,TRUE,365,365,315,322,331,0.863013698630137,0.882191780821918,0.906849315068493,0,5,226
CEMADEN,260730702A,Serrolândia,IPUBI,CEMADEN,PLUVIOMETRICA_AUTOMATICA,2023,CEMADEN_MAX_GAP_60MIN,TRUE,365,364,286,291,294,0.783561643835617,0.797260273972603,0.805479452054795,0,9,502.499999999998
CEMADEN,260730702A,Serrolândia,IPUBI,CEMADEN,PLUVIOMETRICA_AUTOMATICA,2024,CEMADEN_MAX_GAP_60MIN,TRUE,366,365,310,316,322,0.846994535519126,0.863387978142077,0.879781420765027,0,7,218
CEMADEN,260730702A,Serrolândia,IPUBI,CEMADEN,PLUVIOMETRICA_AUTOMATICA,2025,CEMADEN_MAX_GAP_60MIN,TRUE,365,365,326,336,340,0.893150684931507,0.920547945205479,0.931506849315068,0,3,120
CEMADEN,260730703A,IPUBI - APAC,IPUBI,CEMADEN,PLUVIOMETRICA_AUTOMATICA,2018,CEMADEN_MAX_GAP_60MIN,TRUE,365,343,284,297,303,0.778082191780822,0.813698630136986,0.83013698630137,0,25,179.5
CEMADEN,260730703A,IPUBI - APAC,IPUBI,CEMADEN,PLUVIOMETRICA_AUTOMATICA,2019,CEMADEN_MAX_GAP_60MIN,TRUE,365,342,280,288,293,0.767123287671233,0.789041095890411,0.802739726027397,0,12,1550.49999999999
CEMADEN,260730703A,IPUBI - APAC,IPUBI,CEMADEN,PLUVIOMETRICA_AUTOMATICA,2020,CEMADEN_MAX_GAP_60MIN,TRUE,366,177,150,158,159,0.409836065573771,0.431693989071038,0.434426229508197,0,190,140
CEMADEN,260730703A,IPUBI - APAC,IPUBI,CEMADEN,PLUVIOMETRICA_AUTOMATICA,2021,CEMADEN_MAX_GAP_60MIN,TRUE,365,195,130,137,143,0.356164383561644,0.375342465753425,0.391780821917808,0,216,12572.9999999999
CEMADEN,260730703A,IPUBI - APAC,IPUBI,CEMADEN,PLUVIOMETRICA_AUTOMATICA,2022,CEMADEN_MAX_GAP_60MIN,TRUE,365,121,0,0,0,0,0,0,0,365,33350
CEMADEN,260730703A,IPUBI - APAC,IPUBI,CEMADEN,PLUVIOMETRICA_AUTOMATICA,2023,CEMADEN_MAX_GAP_60MIN,TRUE,365,107,0,0,0,0,0,0,0,365,10340
CEMADEN,260730703A,IPUBI - APAC,IPUBI,CEMADEN,PLUVIOMETRICA_AUTOMATICA,2025,CEMADEN_MAX_GAP_60MIN,TRUE,365,298,172,207,223,0.471232876712329,0.567123287671233,0.610958904109589,0,52,190
CEMADEN,260740601A,ITACURUBA - APAC,ITACURUBA,CEMADEN,PLUVIOMETRICA_AUTOMATICA,2018,CEMADEN_MAX_GAP_60MIN,TRUE,365,199,161,162,163,0.441095890410959,0.443835616438356,0.446575342465753,0,83,7531.49999999998
CEMADEN,260740601A,ITACURUBA - APAC,ITACURUBA,CEMADEN,PLUVIOMETRICA_AUTOMATICA,2019,CEMADEN_MAX_GAP_60MIN,TRUE,365,120,98,98,99,0.268493150684932,0.268493150684932,0.271232876712329,0,239,2850
CEMADEN,260740601A,ITACURUBA - APAC,ITACURUBA,CEMADEN,PLUVIOMETRICA_AUTOMATICA,2020,CEMADEN_MAX_GAP_60MIN,TRUE,366,85,50,60,62,0.136612021857924,0.163934426229508,0.169398907103825,0,176,4560
CEMADEN,260740601A,ITACURUBA - APAC,ITACURUBA,CEMADEN,PLUVIOMETRICA_AUTOMATICA,2021,CEMADEN_MAX_GAP_60MIN,TRUE,365,71,56,61,61,0.153424657534247,0.167123287671233,0.167123287671233,0,295,480
CEMADEN,260740601A,ITACURUBA - APAC,ITACURUBA,CEMADEN,PLUVIOMETRICA_AUTOMATICA,2022,CEMADEN_MAX_GAP_60MIN,TRUE,365,333,259,261,262,0.70958904109589,0.715068493150685,0.717808219178082,0,72,2810
CEMADEN,260740601A,ITACURUBA - APAC,ITACURUBA,CEMADEN,PLUVIOMETRICA_AUTOMATICA,2023,CEMADEN_MAX_GAP_60MIN,TRUE,365,208,90,92,92,0.246575342465753,0.252054794520548,0.252054794520548,0,271,3799.99999999997
CEMADEN,260740601A,ITACURUBA - APAC,ITACURUBA,CEMADEN,PLUVIOMETRICA_AUTOMATICA,2024,CEMADEN_MAX_GAP_60MIN,TRUE,366,343,315,319,321,0.860655737704918,0.871584699453552,0.877049180327869,0,21,120
CEMADEN,260740601A,ITACURUBA - APAC,ITACURUBA,CEMADEN,PLUVIOMETRICA_AUTOMATICA,2025,CEMADEN_MAX_GAP_60MIN,TRUE,365,365,342,348,352,0.936986301369863,0.953424657534246,0.964383561643836,0,2,70
CEMADEN,260740601C,ITACURUBA,ITACURUBA,CEMADEN,PLUVIOMETRICA_AUTOMATICA,2018,CEMADEN_MAX_GAP_60MIN,TRUE,365,334,318,318,318,0.871232876712329,0.871232876712329,0.871232876712329,0,32,60
CEMADEN,260740601C,ITACURUBA,ITACURUBA,CEMADEN,PLUVIOMETRICA_AUTOMATICA,2019,CEMADEN_MAX_GAP_60MIN,TRUE,365,345,309,309,309,0.846575342465753,0.846575342465753,0.846575342465753,0,18,2818.00000000001
CEMADEN,260740601C,ITACURUBA,ITACURUBA,CEMADEN,PLUVIOMETRICA_AUTOMATICA,2020,CEMADEN_MAX_GAP_60MIN,TRUE,366,366,310,310,310,0.846994535519126,0.846994535519126,0.846994535519126,0,33,720
CEMADEN,260740601C,ITACURUBA,ITACURUBA,CEMADEN,PLUVIOMETRICA_AUTOMATICA,2021,CEMADEN_MAX_GAP_60MIN,TRUE,365,356,262,262,262,0.717808219178082,0.717808219178082,0.717808219178082,0,47,780
CEMADEN,260740601C,ITACURUBA,ITACURUBA,CEMADEN,PLUVIOMETRICA_AUTOMATICA,2022,CEMADEN_MAX_GAP_60MIN,TRUE,365,118,116,116,116,0.317808219178082,0.317808219178082,0.317808219178082,0,209,60
CEMADEN,260740601C,ITACURUBA,ITACURUBA,CEMADEN,PLUVIOMETRICA_AUTOMATICA,2023,CEMADEN_MAX_GAP_60MIN,TRUE,365,41,31,31,31,0.0849315068493151,0.0849315068493151,0.0849315068493151,0,334,62580
CEMADEN,260740601C,ITACURUBA,ITACURUBA,CEMADEN,PLUVIOMETRICA_AUTOMATICA,2024,CEMADEN_MAX_GAP_60MIN,TRUE,366,350,343,343,343,0.937158469945355,0.937158469945355,0.937158469945355,0,15,60
CEMADEN,260740601C,ITACURUBA,ITACURUBA,CEMADEN,PLUVIOMETRICA_AUTOMATICA,2025,CEMADEN_MAX_GAP_60MIN,TRUE,365,360,337,337,337,0.923287671232877,0.923287671232877,0.923287671232877,0,3,120
CEMADEN,260750501A,ITAIBA - APAC,ITAÍBA,CEMADEN,PLUVIOMETRICA_AUTOMATICA,2017,CEMADEN_MAX_GAP_60MIN,TRUE,365,9,0,0,0,0,0,0,0,365,240
CEMADEN,260750501A,ITAIBA - APAC,ITAÍBA,CEMADEN,PLUVIOMETRICA_AUTOMATICA,2018,CEMADEN_MAX_GAP_60MIN,TRUE,365,148,91,93,97,0.249315068493151,0.254794520547945,0.265753424657534,0,218,180
CEMADEN,260750501A,ITAIBA - APAC,ITAÍBA,CEMADEN,PLUVIOMETRICA_AUTOMATICA,2022,CEMADEN_MAX_GAP_60MIN,TRUE,365,122,96,104,106,0.263013698630137,0.284931506849315,0.29041095890411,0,188,1027.99999999999
CEMADEN,260750501A,ITAIBA - APAC,ITAÍBA,CEMADEN,PLUVIOMETRICA_AUTOMATICA,2023,CEMADEN_MAX_GAP_60MIN,TRUE,365,365,332,337,338,0.90958904109589,0.923287671232877,0.926027397260274,0,3,120
CEMADEN,260750501A,ITAIBA - APAC,ITAÍBA,CEMADEN,PLUVIOMETRICA_AUTOMATICA,2024,CEMADEN_MAX_GAP_60MIN,TRUE,366,293,235,240,242,0.642076502732241,0.655737704918033,0.66120218579235,0,69,1530
CEMADEN,260750501A,ITAIBA - APAC,ITAÍBA,CEMADEN,PLUVIOMETRICA_AUTOMATICA,2025,CEMADEN_MAX_GAP_60MIN,TRUE,365,361,286,293,301,0.783561643835617,0.802739726027397,0.824657534246575,0,6,440
CEMADEN,260750501U,ITAIBA,ITAÍBA,CEMADEN,PLUVIOMETRICA_AUTOMATICA,2018,CEMADEN_MAX_GAP_60MIN,TRUE,365,231,223,225,225,0.610958904109589,0.616438356164384,0.616438356164384,0,136,60
CEMADEN,260750501U,ITAIBA,ITAÍBA,CEMADEN,PLUVIOMETRICA_AUTOMATICA,2019,CEMADEN_MAX_GAP_60MIN,TRUE,365,354,341,341,341,0.934246575342466,0.934246575342466,0.934246575342466,0,12,60
CEMADEN,260750501U,ITAIBA,ITAÍBA,CEMADEN,PLUVIOMETRICA_AUTOMATICA,2020,CEMADEN_MAX_GAP_60MIN,TRUE,366,366,361,361,361,0.986338797814208,0.986338797814208,0.986338797814208,0,1,60
CEMADEN,260750501U,ITAIBA,ITAÍBA,CEMADEN,PLUVIOMETRICA_AUTOMATICA,2021,CEMADEN_MAX_GAP_60MIN,TRUE,365,212,205,205,205,0.561643835616438,0.561643835616438,0.561643835616438,0,121,60
CEMADEN,260750501U,ITAIBA,ITAÍBA,CEMADEN,PLUVIOMETRICA_AUTOMATICA,2022,CEMADEN_MAX_GAP_60MIN,TRUE,365,226,212,212,212,0.580821917808219,0.580821917808219,0.580821917808219,0,117,210
CEMADEN,260750501U,ITAIBA,ITAÍBA,CEMADEN,PLUVIOMETRICA_AUTOMATICA,2023,CEMADEN_MAX_GAP_60MIN,TRUE,365,179,116,116,116,0.317808219178082,0.317808219178082,0.317808219178082,0,245,1560
CEMADEN,260760401A,ILHA DE ITAMARACA - APAC,ILHA DE ITAMARACÁ,CEMADEN,PLUVIOMETRICA_AUTOMATICA,2017,CEMADEN_MAX_GAP_60MIN,TRUE,365,71,30,31,31,0.0821917808219178,0.0849315068493151,0.0849315068493151,0,305,2420.99999999999
CEMADEN,260760401A,ILHA DE ITAMARACA - APAC,ILHA DE ITAMARACÁ,CEMADEN,PLUVIOMETRICA_AUTOMATICA,2018,CEMADEN_MAX_GAP_60MIN,TRUE,365,365,304,319,328,0.832876712328767,0.873972602739726,0.898630136986301,0,8,120
CEMADEN,260760401A,ILHA DE ITAMARACA - APAC,ILHA DE ITAMARACÁ,CEMADEN,PLUVIOMETRICA_AUTOMATICA,2019,CEMADEN_MAX_GAP_60MIN,TRUE,365,355,288,307,319,0.789041095890411,0.841095890410959,0.873972602739726,0,13,399.000000000002
CEMADEN,260760401A,ILHA DE ITAMARACA - APAC,ILHA DE ITAMARACÁ,CEMADEN,PLUVIOMETRICA_AUTOMATICA,2020,CEMADEN_MAX_GAP_60MIN,TRUE,366,345,275,293,314,0.751366120218579,0.800546448087432,0.85792349726776,0,23,120
CEMADEN,260760401A,ILHA DE ITAMARACA - APAC,ILHA DE ITAMARACÁ,CEMADEN,PLUVIOMETRICA_AUTOMATICA,2021,CEMADEN_MAX_GAP_60MIN,TRUE,365,212,137,165,168,0.375342465753425,0.452054794520548,0.46027397260274,0,174,1500.5
CEMADEN,260760401A,ILHA DE ITAMARACA - APAC,ILHA DE ITAMARACÁ,CEMADEN,PLUVIOMETRICA_AUTOMATICA,2022,CEMADEN_MAX_GAP_60MIN,TRUE,365,364,71,113,137,0.194520547945205,0.30958904109589,0.375342465753425,0,183,1030
CEMADEN,260760401A,ILHA DE ITAMARACA - APAC,ILHA DE ITAMARACÁ,CEMADEN,PLUVIOMETRICA_AUTOMATICA,2023,CEMADEN_MAX_GAP_60MIN,TRUE,365,270,142,170,184,0.389041095890411,0.465753424657534,0.504109589041096,0,79,2461.49999999998
CEMADEN,260760401A,ILHA DE ITAMARACA - APAC,ILHA DE ITAMARACÁ,CEMADEN,PLUVIOMETRICA_AUTOMATICA,2024,CEMADEN_MAX_GAP_60MIN,TRUE,366,345,262,272,280,0.715846994535519,0.743169398907104,0.765027322404372,0,25,1390
CEMADEN,260760401A,ILHA DE ITAMARACA - APAC,ILHA DE ITAMARACÁ,CEMADEN,PLUVIOMETRICA_AUTOMATICA,2025,CEMADEN_MAX_GAP_60MIN,TRUE,365,361,331,340,344,0.906849315068493,0.931506849315068,0.942465753424658,0,6,80
CEMADEN,260765301A,ITAMBE - APAC,ITAMBÉ,CEMADEN,PLUVIOMETRICA_AUTOMATICA,2017,CEMADEN_MAX_GAP_60MIN,TRUE,365,49,38,38,38,0.104109589041096,0.104109589041096,0.104109589041096,0,318,120
CEMADEN,260765301A,ITAMBE - APAC,ITAMBÉ,CEMADEN,PLUVIOMETRICA_AUTOMATICA,2018,CEMADEN_MAX_GAP_60MIN,TRUE,365,365,320,334,338,0.876712328767123,0.915068493150685,0.926027397260274,0,3,120
CEMADEN,260765301A,ITAMBE - APAC,ITAMBÉ,CEMADEN,PLUVIOMETRICA_AUTOMATICA,2019,CEMADEN_MAX_GAP_60MIN,TRUE,365,353,286,296,305,0.783561643835617,0.810958904109589,0.835616438356164,0,26,418
CEMADEN,260765301A,ITAMBE - APAC,ITAMBÉ,CEMADEN,PLUVIOMETRICA_AUTOMATICA,2020,CEMADEN_MAX_GAP_60MIN,TRUE,366,297,255,261,270,0.69672131147541,0.713114754098361,0.737704918032787,0,71,132
CEMADEN,260765301A,ITAMBE - APAC,ITAMBÉ,CEMADEN,PLUVIOMETRICA_AUTOMATICA,2021,CEMADEN_MAX_GAP_60MIN,TRUE,365,129,103,109,113,0.282191780821918,0.298630136986301,0.30958904109589,0,164,14970
CEMADEN,260765301A,ITAMBE - APAC,ITAMBÉ,CEMADEN,PLUVIOMETRICA_AUTOMATICA,2022,CEMADEN_MAX_GAP_60MIN,TRUE,365,285,228,236,244,0.624657534246575,0.646575342465753,0.668493150684932,0,84,1460
CEMADEN,260765301A,ITAMBE - APAC,ITAMBÉ,CEMADEN,PLUVIOMETRICA_AUTOMATICA,2023,CEMADEN_MAX_GAP_60MIN,TRUE,365,365,327,335,339,0.895890410958904,0.917808219178082,0.928767123287671,0,3,120
CEMADEN,260765301A,ITAMBE - APAC,ITAMBÉ,CEMADEN,PLUVIOMETRICA_AUTOMATICA,2024,CEMADEN_MAX_GAP_60MIN,TRUE,366,346,271,276,283,0.740437158469945,0.754098360655738,0.773224043715847,0,22,1270
CEMADEN,260765301A,ITAMBE - APAC,ITAMBÉ,CEMADEN,PLUVIOMETRICA_AUTOMATICA,2025,CEMADEN_MAX_GAP_60MIN,TRUE,365,275,254,261,266,0.695890410958904,0.715068493150685,0.728767123287671,0,91,70
CEMADEN,260765302A,CARICÃ - APAC | CARICÉ - APAC,ITAMBÉ,CEMADEN,PLUVIOMETRICA_AUTOMATICA,2017,CEMADEN_MAX_GAP_60MIN,TRUE,365,49,10,11,11,0.0273972602739726,0.0301369863013699,0.0301369863013699,0,321,582.999999999999
CEMADEN,260765302A,CARICÃ - APAC | CARICÉ - APAC,ITAMBÉ,CEMADEN,PLUVIOMETRICA_AUTOMATICA,2018,CEMADEN_MAX_GAP_60MIN,TRUE,365,365,270,300,309,0.73972602739726,0.821917808219178,0.846575342465753,0,13,120
CEMADEN,260765302A,CARICÃ - APAC | CARICÉ - APAC,ITAMBÉ,CEMADEN,PLUVIOMETRICA_AUTOMATICA,2019,CEMADEN_MAX_GAP_60MIN,TRUE,365,347,223,271,296,0.610958904109589,0.742465753424658,0.810958904109589,0,14,505.999999999999
CEMADEN,260765302A,CARICÃ - APAC | CARICÉ - APAC,ITAMBÉ,CEMADEN,PLUVIOMETRICA_AUTOMATICA,2020,CEMADEN_MAX_GAP_60MIN,TRUE,366,366,188,230,270,0.513661202185792,0.628415300546448,0.737704918032787,0,92,170
CEMADEN,260765302A,CARICÃ - APAC | CARICÉ - APAC,ITAMBÉ,CEMADEN,PLUVIOMETRICA_AUTOMATICA,2021,CEMADEN_MAX_GAP_60MIN,TRUE,365,200,147,152,165,0.402739726027397,0.416438356164384,0.452054794520548,0,188,346.999999999998
CEMADEN,260765302A,CARICÃ - APAC | CARICÉ - APAC,ITAMBÉ,CEMADEN,PLUVIOMETRICA_AUTOMATICA,2022,CEMADEN_MAX_GAP_60MIN,TRUE,365,333,285,291,295,0.780821917808219,0.797260273972603,0.808219178082192,0,36,128
CEMADEN,260765302A,CARICÃ - APAC | CARICÉ - APAC,ITAMBÉ,CEMADEN,PLUVIOMETRICA_AUTOMATICA,2023,CEMADEN_MAX_GAP_60MIN,TRUE,365,264,151,153,153,0.413698630136986,0.419178082191781,0.419178082191781,0,201,2982
CEMADEN,260765302A,CARICÃ - APAC | CARICÉ - APAC,ITAMBÉ,CEMADEN,PLUVIOMETRICA_AUTOMATICA,2024,CEMADEN_MAX_GAP_60MIN,TRUE,366,85,48,49,49,0.131147540983607,0.133879781420765,0.133879781420765,0,187,38970.9999999998
CEMADEN,260770301A,ITAPETIM - APAC,ITAPETIM,CEMADEN,PLUVIOMETRICA_AUTOMATICA,2018,CEMADEN_MAX_GAP_60MIN,TRUE,365,349,320,328,330,0.876712328767123,0.898630136986301,0.904109589041096,0,17,92.9999999999995
CEMADEN,260770301A,ITAPETIM - APAC,ITAPETIM,CEMADEN,PLUVIOMETRICA_AUTOMATICA,2019,CEMADEN_MAX_GAP_60MIN,TRUE,365,348,301,305,307,0.824657534246575,0.835616438356164,0.841095890410959,0,12,710
CEMADEN,260770301A,ITAPETIM - APAC,ITAPETIM,CEMADEN,PLUVIOMETRICA_AUTOMATICA,2020,CEMADEN_MAX_GAP_60MIN,TRUE,366,140,129,133,134,0.352459016393443,0.363387978142077,0.366120218579235,0,228,70.4999999999998
CEMADEN,260770301A,ITAPETIM - APAC,ITAPETIM,CEMADEN,PLUVIOMETRICA_AUTOMATICA,2021,CEMADEN_MAX_GAP_60MIN,TRUE,365,82,72,74,76,0.197260273972603,0.202739726027397,0.208219178082192,0,270,119.5
CEMADEN,260770301A,ITAPETIM - APAC,ITAPETIM,CEMADEN,PLUVIOMETRICA_AUTOMATICA,2022,CEMADEN_MAX_GAP_60MIN,TRUE,365,365,290,308,328,0.794520547945206,0.843835616438356,0.898630136986301,0,5,130
CEMADEN,260770301A,ITAPETIM - APAC,ITAPETIM,CEMADEN,PLUVIOMETRICA_AUTOMATICA,2023,CEMADEN_MAX_GAP_60MIN,TRUE,365,365,329,339,346,0.901369863013699,0.928767123287671,0.947945205479452,0,3,98.0000000000001
CEMADEN,260770301A,ITAPETIM - APAC,ITAPETIM,CEMADEN,PLUVIOMETRICA_AUTOMATICA,2024,CEMADEN_MAX_GAP_60MIN,TRUE,366,358,317,328,337,0.866120218579235,0.896174863387978,0.920765027322404,0,15,120
CEMADEN,260770301A,ITAPETIM - APAC,ITAPETIM,CEMADEN,PLUVIOMETRICA_AUTOMATICA,2025,CEMADEN_MAX_GAP_60MIN,TRUE,365,365,287,305,316,0.786301369863014,0.835616438356164,0.865753424657534,0,12,316.999999999999
CEMADEN,260775201A,BOTAFOGO - APAC,ITAPISSUMA,CEMADEN,PLUVIOMETRICA_AUTOMATICA,2017,CEMADEN_MAX_GAP_60MIN,TRUE,365,71,4,4,4,0.010958904109589,0.010958904109589,0.010958904109589,0,315,1827.5
CEMADEN,260775201A,BOTAFOGO - APAC,ITAPISSUMA,CEMADEN,PLUVIOMETRICA_AUTOMATICA,2018,CEMADEN_MAX_GAP_60MIN,TRUE,365,365,253,277,284,0.693150684931507,0.758904109589041,0.778082191780822,0,12,180
CEMADEN,260775201A,BOTAFOGO - APAC,ITAPISSUMA,CEMADEN,PLUVIOMETRICA_AUTOMATICA,2019,CEMADEN_MAX_GAP_60MIN,TRUE,365,355,224,254,266,0.613698630136986,0.695890410958904,0.728767123287671,0,13,590
CEMADEN,260775201A,BOTAFOGO - APAC,ITAPISSUMA,CEMADEN,PLUVIOMETRICA_AUTOMATICA,2020,CEMADEN_MAX_GAP_60MIN,TRUE,366,307,100,118,143,0.273224043715847,0.3224043715847,0.390710382513661,0,72,407
CEMADEN,260775201A,BOTAFOGO - APAC,ITAPISSUMA,CEMADEN,PLUVIOMETRICA_AUTOMATICA,2021,CEMADEN_MAX_GAP_60MIN,TRUE,365,213,33,57,83,0.0904109589041096,0.156164383561644,0.227397260273973,0,178,2150
CEMADEN,260775201A,BOTAFOGO - APAC,ITAPISSUMA,CEMADEN,PLUVIOMETRICA_AUTOMATICA,2022,CEMADEN_MAX_GAP_60MIN,TRUE,365,229,29,42,54,0.0794520547945206,0.115068493150685,0.147945205479452,0,139,467.999999999999
CEMADEN,260775201A,BOTAFOGO - APAC,ITAPISSUMA,CEMADEN,PLUVIOMETRICA_AUTOMATICA,2023,CEMADEN_MAX_GAP_60MIN,TRUE,365,181,108,116,121,0.295890410958904,0.317808219178082,0.331506849315069,0,185,1120
CEMADEN,260775201A,BOTAFOGO - APAC,ITAPISSUMA,CEMADEN,PLUVIOMETRICA_AUTOMATICA,2024,CEMADEN_MAX_GAP_60MIN,TRUE,366,363,230,247,259,0.628415300546448,0.674863387978142,0.707650273224044,0,14,1008
CEMADEN,260775201A,BOTAFOGO - APAC,ITAPISSUMA,CEMADEN,PLUVIOMETRICA_AUTOMATICA,2025,CEMADEN_MAX_GAP_60MIN,TRUE,365,261,198,208,212,0.542465753424658,0.56986301369863,0.580821917808219,0,89,1471
CEMADEN,260780201A,ITAQUITINGA - APAC,ITAQUITINGA,CEMADEN,PLUVIOMETRICA_AUTOMATICA,2017,CEMADEN_MAX_GAP_60MIN,TRUE,365,48,16,16,18,0.0438356164383562,0.0438356164383562,0.0493150684931507,0,335,238
CEMADEN,260780201A,ITAQUITINGA - APAC,ITAQUITINGA,CEMADEN,PLUVIOMETRICA_AUTOMATICA,2018,CEMADEN_MAX_GAP_60MIN,TRUE,365,365,309,321,329,0.846575342465753,0.879452054794521,0.901369863013699,0,7,120
CEMADEN,260780201A,ITAQUITINGA - APAC,ITAQUITINGA,CEMADEN,PLUVIOMETRICA_AUTOMATICA,2019,CEMADEN_MAX_GAP_60MIN,TRUE,365,349,273,279,286,0.747945205479452,0.764383561643836,0.783561643835617,0,16,860
CEMADEN,260780201A,ITAQUITINGA - APAC,ITAQUITINGA,CEMADEN,PLUVIOMETRICA_AUTOMATICA,2020,CEMADEN_MAX_GAP_60MIN,TRUE,366,366,324,336,345,0.885245901639344,0.918032786885246,0.942622950819672,0,4,115
CEMADEN,260780201A,ITAQUITINGA - APAC,ITAQUITINGA,CEMADEN,PLUVIOMETRICA_AUTOMATICA,2021,CEMADEN_MAX_GAP_60MIN,TRUE,365,228,185,192,195,0.506849315068493,0.526027397260274,0.534246575342466,0,139,290
CEMADEN,260780201A,ITAQUITINGA - APAC,ITAQUITINGA,CEMADEN,PLUVIOMETRICA_AUTOMATICA,2022,CEMADEN_MAX_GAP_60MIN,TRUE,365,314,255,263,265,0.698630136986301,0.72054794520548,0.726027397260274,0,27,1790
CEMADEN,260780201A,ITAQUITINGA - APAC,ITAQUITINGA,CEMADEN,PLUVIOMETRICA_AUTOMATICA,2023,CEMADEN_MAX_GAP_60MIN,TRUE,365,347,302,306,308,0.827397260273973,0.838356164383562,0.843835616438356,0,22,120
CEMADEN,260780201A,ITAQUITINGA - APAC,ITAQUITINGA,CEMADEN,PLUVIOMETRICA_AUTOMATICA,2024,CEMADEN_MAX_GAP_60MIN,TRUE,366,322,296,298,300,0.808743169398907,0.814207650273224,0.819672131147541,0,60,120
CEMADEN,260780201A,ITAQUITINGA - APAC,ITAQUITINGA,CEMADEN,PLUVIOMETRICA_AUTOMATICA,2025,CEMADEN_MAX_GAP_60MIN,TRUE,365,223,170,173,178,0.465753424657534,0.473972602739726,0.487671232876712,0,94,1230
CEMADEN,260790101A,Muribeca,JABOATÃO DOS GUARARAPES,CEMADEN,PLUVIOMETRICA_AUTOMATICA,2017,CEMADEN_MAX_GAP_60MIN,TRUE,365,116,66,66,66,0.180821917808219,0.180821917808219,0.180821917808219,0,143,7160
CEMADEN,260790101A,Muribeca,JABOATÃO DOS GUARARAPES,CEMADEN,PLUVIOMETRICA_AUTOMATICA,2018,CEMADEN_MAX_GAP_60MIN,TRUE,365,250,224,233,238,0.613698630136986,0.638356164383562,0.652054794520548,0,116,80
CEMADEN,260790101A,Muribeca,JABOATÃO DOS GUARARAPES,CEMADEN,PLUVIOMETRICA_AUTOMATICA,2019,CEMADEN_MAX_GAP_60MIN,TRUE,365,314,244,253,262,0.668493150684932,0.693150684931507,0.717808219178082,0,36,996.999999999999
CEMADEN,260790101A,Muribeca,JABOATÃO DOS GUARARAPES,CEMADEN,PLUVIOMETRICA_AUTOMATICA,2020,CEMADEN_MAX_GAP_60MIN,TRUE,366,211,191,201,204,0.521857923497268,0.549180327868853,0.557377049180328,0,156,70
CEMADEN,260790101A,Muribeca,JABOATÃO DOS GUARARAPES,CEMADEN,PLUVIOMETRICA_AUTOMATICA,2021,CEMADEN_MAX_GAP_60MIN,TRUE,365,365,338,346,348,0.926027397260274,0.947945205479452,0.953424657534246,0,6,78.0000000000001
CEMADEN,260790101A,Muribeca,JABOATÃO DOS GUARARAPES,CEMADEN,PLUVIOMETRICA_AUTOMATICA,2022,CEMADEN_MAX_GAP_60MIN,TRUE,365,182,162,167,170,0.443835616438356,0.457534246575342,0.465753424657534,0,186,120
CEMADEN,260790101A,Muribeca,JABOATÃO DOS GUARARAPES,CEMADEN,PLUVIOMETRICA_AUTOMATICA,2023,CEMADEN_MAX_GAP_60MIN,TRUE,365,332,246,256,261,0.673972602739726,0.701369863013699,0.715068493150685,0,34,343.5
CEMADEN,260790101A,Muribeca,JABOATÃO DOS GUARARAPES,CEMADEN,PLUVIOMETRICA_AUTOMATICA,2024,CEMADEN_MAX_GAP_60MIN,TRUE,366,316,253,260,266,0.691256830601093,0.710382513661202,0.726775956284153,0,33,792.5
CEMADEN,260790101A,Muribeca,JABOATÃO DOS GUARARAPES,CEMADEN,PLUVIOMETRICA_AUTOMATICA,2025,CEMADEN_MAX_GAP_60MIN,TRUE,365,365,334,351,356,0.915068493150685,0.961643835616438,0.975342465753425,0,2,70
CEMADEN,260790101G,Socorro,JABOATÃO DOS GUARARAPES,CEMADEN,PLUVIOMETRICA_AUTOMATICA,2019,CEMADEN_MAX_GAP_60MIN,TRUE,365,19,10,11,11,0.0273972602739726,0.0301369863013699,0.0301369863013699,0,273,21404.4999999998
CEMADEN,260790101G,Socorro,JABOATÃO DOS GUARARAPES,CEMADEN,PLUVIOMETRICA_AUTOMATICA,2020,CEMADEN_MAX_GAP_60MIN,TRUE,366,300,164,249,286,0.448087431693989,0.680327868852459,0.781420765027322,0,46,90
CEMADEN,260790101G,Socorro,JABOATÃO DOS GUARARAPES,CEMADEN,PLUVIOMETRICA_AUTOMATICA,2021,CEMADEN_MAX_GAP_60MIN,TRUE,365,307,192,274,282,0.526027397260274,0.750684931506849,0.772602739726028,0,62,230
CEMADEN,260790101G,Socorro,JABOATÃO DOS GUARARAPES,CEMADEN,PLUVIOMETRICA_AUTOMATICA,2022,CEMADEN_MAX_GAP_60MIN,TRUE,365,365,240,326,340,0.657534246575342,0.893150684931507,0.931506849315068,0,7,130
CEMADEN,260790101G,Socorro,JABOATÃO DOS GUARARAPES,CEMADEN,PLUVIOMETRICA_AUTOMATICA,2023,CEMADEN_MAX_GAP_60MIN,TRUE,365,334,194,282,287,0.531506849315069,0.772602739726028,0.786301369863014,0,32,300
CEMADEN,260790102A,Cavaleiro 2 | Cavaleiro2,JABOATÃO DOS GUARARAPES,CEMADEN,PLUVIOMETRICA_AUTOMATICA,2017,CEMADEN_MAX_GAP_60MIN,TRUE,365,365,349,351,353,0.956164383561644,0.961643835616438,0.967123287671233,0,2,60
CEMADEN,260790102A,Cavaleiro 2 | Cavaleiro2,JABOATÃO DOS GUARARAPES,CEMADEN,PLUVIOMETRICA_AUTOMATICA,2018,CEMADEN_MAX_GAP_60MIN,TRUE,365,365,331,346,350,0.906849315068493,0.947945205479452,0.958904109589041,0,2,78.0000000000001
CEMADEN,260790102A,Cavaleiro 2 | Cavaleiro2,JABOATÃO DOS GUARARAPES,CEMADEN,PLUVIOMETRICA_AUTOMATICA,2019,CEMADEN_MAX_GAP_60MIN,TRUE,365,356,307,312,318,0.841095890410959,0.854794520547945,0.871232876712329,0,12,457.5
CEMADEN,260790102A,Cavaleiro 2 | Cavaleiro2,JABOATÃO DOS GUARARAPES,CEMADEN,PLUVIOMETRICA_AUTOMATICA,2020,CEMADEN_MAX_GAP_60MIN,TRUE,366,276,247,250,250,0.674863387978142,0.683060109289618,0.683060109289618,0,83,557.5
CEMADEN,260790102A,Cavaleiro 2 | Cavaleiro2,JABOATÃO DOS GUARARAPES,CEMADEN,PLUVIOMETRICA_AUTOMATICA,2021,CEMADEN_MAX_GAP_60MIN,TRUE,365,285,159,163,169,0.435616438356164,0.446575342465753,0.463013698630137,0,56,7170
CEMADEN,260790102A,Cavaleiro 2 | Cavaleiro2,JABOATÃO DOS GUARARAPES,CEMADEN,PLUVIOMETRICA_AUTOMATICA,2022,CEMADEN_MAX_GAP_60MIN,TRUE,365,303,242,251,261,0.663013698630137,0.687671232876712,0.715068493150685,0,70,339
CEMADEN,260790102A,Cavaleiro 2 | Cavaleiro2,JABOATÃO DOS GUARARAPES,CEMADEN,PLUVIOMETRICA_AUTOMATICA,2023,CEMADEN_MAX_GAP_60MIN,TRUE,365,362,335,342,347,0.917808219178082,0.936986301369863,0.950684931506849,0,7,80
CEMADEN,260790102A,Cavaleiro 2 | Cavaleiro2,JABOATÃO DOS GUARARAPES,CEMADEN,PLUVIOMETRICA_AUTOMATICA,2024,CEMADEN_MAX_GAP_60MIN,TRUE,366,179,138,140,143,0.377049180327869,0.382513661202186,0.390710382513661,0,173,3150
CEMADEN,260790102G,Alto Vento,JABOATÃO DOS GUARARAPES,CEMADEN,PLUVIOMETRICA_AUTOMATICA,2019,CEMADEN_MAX_GAP_60MIN,TRUE,365,93,43,50,53,0.117808219178082,0.136986301369863,0.145205479452055,0,273,566
CEMADEN,260790102G,Alto Vento,JABOATÃO DOS GUARARAPES,CEMADEN,PLUVIOMETRICA_AUTOMATICA,2020,CEMADEN_MAX_GAP_60MIN,TRUE,366,366,142,210,244,0.387978142076503,0.573770491803279,0.666666666666667,0,30,377.5
CEMADEN,260790102G,Alto Vento,JABOATÃO DOS GUARARAPES,CEMADEN,PLUVIOMETRICA_AUTOMATICA,2021,CEMADEN_MAX_GAP_60MIN,TRUE,365,365,255,353,356,0.698630136986301,0.967123287671233,0.975342465753425,0,11,70
CEMADEN,260790102G,Alto Vento,JABOATÃO DOS GUARARAPES,CEMADEN,PLUVIOMETRICA_AUTOMATICA,2022,CEMADEN_MAX_GAP_60MIN,TRUE,365,365,235,342,347,0.643835616438356,0.936986301369863,0.950684931506849,0,7,90
CEMADEN,260790102G,Alto Vento,JABOATÃO DOS GUARARAPES,CEMADEN,PLUVIOMETRICA_AUTOMATICA,2023,CEMADEN_MAX_GAP_60MIN,TRUE,365,363,277,345,354,0.758904109589041,0.945205479452055,0.96986301369863,0,5,70
CEMADEN,260790102G,Alto Vento,JABOATÃO DOS GUARARAPES,CEMADEN,PLUVIOMETRICA_AUTOMATICA,2024,CEMADEN_MAX_GAP_60MIN,TRUE,366,250,159,232,243,0.434426229508197,0.633879781420765,0.663934426229508,0,117,80
CEMADEN,260790103A,Cavaleiro,JABOATÃO DOS GUARARAPES,CEMADEN,PLUVIOMETRICA_AUTOMATICA,2017,CEMADEN_MAX_GAP_60MIN,TRUE,365,365,348,351,355,0.953424657534246,0.961643835616438,0.972602739726027,0,2,60
CEMADEN,260790103A,Cavaleiro,JABOATÃO DOS GUARARAPES,CEMADEN,PLUVIOMETRICA_AUTOMATICA,2018,CEMADEN_MAX_GAP_60MIN,TRUE,365,178,156,158,163,0.427397260273973,0.432876712328767,0.446575342465753,0,112,1830.50000000005
CEMADEN,260790103A,Cavaleiro,JABOATÃO DOS GUARARAPES,CEMADEN,PLUVIOMETRICA_AUTOMATICA,2019,CEMADEN_MAX_GAP_60MIN,TRUE,365,208,158,164,170,0.432876712328767,0.449315068493151,0.465753424657534,0,155,615.499999999998
CEMADEN,260790103A,Cavaleiro,JABOATÃO DOS GUARARAPES,CEMADEN,PLUVIOMETRICA_AUTOMATICA,2020,CEMADEN_MAX_GAP_60MIN,TRUE,366,366,243,277,302,0.663934426229508,0.756830601092896,0.825136612021858,0,8,442.5
CEMADEN,260790103A,Cavaleiro,JABOATÃO DOS GUARARAPES,CEMADEN,PLUVIOMETRICA_AUTOMATICA,2021,CEMADEN_MAX_GAP_60MIN,TRUE,365,343,217,261,282,0.594520547945206,0.715068493150685,0.772602739726028,0,29,840
CEMADEN,260790103A,Cavaleiro,JABOATÃO DOS GUARARAPES,CEMADEN,PLUVIOMETRICA_AUTOMATICA,2022,CEMADEN_MAX_GAP_60MIN,TRUE,365,364,252,260,265,0.69041095890411,0.712328767123288,0.726027397260274,0,78,1350
CEMADEN,260790103A,Cavaleiro,JABOATÃO DOS GUARARAPES,CEMADEN,PLUVIOMETRICA_AUTOMATICA,2023,CEMADEN_MAX_GAP_60MIN,TRUE,365,317,104,105,105,0.284931506849315,0.287671232876712,0.287671232876712,0,251,3732
CEMADEN,260790103A,Cavaleiro,JABOATÃO DOS GUARARAPES,CEMADEN,PLUVIOMETRICA_AUTOMATICA,2024,CEMADEN_MAX_GAP_60MIN,TRUE,366,94,0,0,0,0,0,0,0,366,12500
CEMADEN,260790103G,Curado II,JABOATÃO DOS GUARARAPES,CEMADEN,PLUVIOMETRICA_AUTOMATICA,2019,CEMADEN_MAX_GAP_60MIN,TRUE,365,93,38,49,58,0.104109589041096,0.134246575342466,0.158904109589041,0,274,828
CEMADEN,260790103G,Curado II,JABOATÃO DOS GUARARAPES,CEMADEN,PLUVIOMETRICA_AUTOMATICA,2020,CEMADEN_MAX_GAP_60MIN,TRUE,366,366,144,217,254,0.39344262295082,0.592896174863388,0.693989071038251,0,29,420
CEMADEN,260790103G,Curado II,JABOATÃO DOS GUARARAPES,CEMADEN,PLUVIOMETRICA_AUTOMATICA,2021,CEMADEN_MAX_GAP_60MIN,TRUE,365,361,244,343,352,0.668493150684932,0.93972602739726,0.964383561643836,0,8,70
CEMADEN,260790103G,Curado II,JABOATÃO DOS GUARARAPES,CEMADEN,PLUVIOMETRICA_AUTOMATICA,2022,CEMADEN_MAX_GAP_60MIN,TRUE,365,278,192,227,239,0.526027397260274,0.621917808219178,0.654794520547945,0,28,734.499999999999
CEMADEN,260790103G,Curado II,JABOATÃO DOS GUARARAPES,CEMADEN,PLUVIOMETRICA_AUTOMATICA,2023,CEMADEN_MAX_GAP_60MIN,TRUE,365,352,232,325,337,0.635616438356164,0.89041095890411,0.923287671232877,0,8,90
CEMADEN,260790103G,Curado II,JABOATÃO DOS GUARARAPES,CEMADEN,PLUVIOMETRICA_AUTOMATICA,2024,CEMADEN_MAX_GAP_60MIN,TRUE,366,81,63,76,76,0.172131147540984,0.207650273224044,0.207650273224044,0,286,71.4999999999999
CEMADEN,260790104A,Prazeres,JABOATÃO DOS GUARARAPES,CEMADEN,PLUVIOMETRICA_AUTOMATICA,2017,CEMADEN_MAX_GAP_60MIN,TRUE,365,365,344,345,345,0.942465753424658,0.945205479452055,0.945205479452055,0,2,95.499999999999
CEMADEN,260790104A,Prazeres,JABOATÃO DOS GUARARAPES,CEMADEN,PLUVIOMETRICA_AUTOMATICA,2018,CEMADEN_MAX_GAP_60MIN,TRUE,365,365,335,341,346,0.917808219178082,0.934246575342466,0.947945205479452,0,2,96.0000000000002
CEMADEN,260790104A,Prazeres,JABOATÃO DOS GUARARAPES,CEMADEN,PLUVIOMETRICA_AUTOMATICA,2019,CEMADEN_MAX_GAP_60MIN,TRUE,365,339,297,304,308,0.813698630136986,0.832876712328767,0.843835616438356,0,16,755.999999999998
CEMADEN,260790104A,Prazeres,JABOATÃO DOS GUARARAPES,CEMADEN,PLUVIOMETRICA_AUTOMATICA,2020,CEMADEN_MAX_GAP_60MIN,TRUE,366,211,196,200,205,0.53551912568306,0.546448087431694,0.560109289617486,0,156,75
CEMADEN,260790104A,Prazeres,JABOATÃO DOS GUARARAPES,CEMADEN,PLUVIOMETRICA_AUTOMATICA,2021,CEMADEN_MAX_GAP_60MIN,TRUE,365,365,323,333,348,0.884931506849315,0.912328767123288,0.953424657534246,0,4,80
CEMADEN,260790104A,Prazeres,JABOATÃO DOS GUARARAPES,CEMADEN,PLUVIOMETRICA_AUTOMATICA,2022,CEMADEN_MAX_GAP_60MIN,TRUE,365,365,298,310,321,0.816438356164383,0.849315068493151,0.879452054794521,0,22,120
CEMADEN,260790104A,Prazeres,JABOATÃO DOS GUARARAPES,CEMADEN,PLUVIOMETRICA_AUTOMATICA,2023,CEMADEN_MAX_GAP_60MIN,TRUE,365,365,275,293,309,0.753424657534247,0.802739726027397,0.846575342465753,0,50,120
CEMADEN,260790104A,Prazeres,JABOATÃO DOS GUARARAPES,CEMADEN,PLUVIOMETRICA_AUTOMATICA,2024,CEMADEN_MAX_GAP_60MIN,TRUE,366,236,116,125,143,0.316939890710383,0.341530054644809,0.390710382513661,0,147,1852.5
CEMADEN,260790104A,Prazeres,JABOATÃO DOS GUARARAPES,CEMADEN,PLUVIOMETRICA_AUTOMATICA,2025,CEMADEN_MAX_GAP_60MIN,TRUE,365,99,0,0,0,0,0,0,0,365,9149.49999999985
CEMADEN,260790104G,Alto do Reservatório,JABOATÃO DOS GUARARAPES,CEMADEN,PLUVIOMETRICA_AUTOMATICA,2019,CEMADEN_MAX_GAP_60MIN,TRUE,365,26,13,15,16,0.0356164383561644,0.0410958904109589,0.0438356164383562,0,274,20580
CEMADEN,260790104G,Alto do Reservatório,JABOATÃO DOS GUARARAPES,CEMADEN,PLUVIOMETRICA_AUTOMATICA,2020,CEMADEN_MAX_GAP_60MIN,TRUE,366,145,47,64,71,0.128415300546448,0.174863387978142,0.193989071038251,0,227,458
CEMADEN,260790104G,Alto do Reservatório,JABOATÃO DOS GUARARAPES,CEMADEN,PLUVIOMETRICA_AUTOMATICA,2021,CEMADEN_MAX_GAP_60MIN,TRUE,365,236,168,232,233,0.46027397260274,0.635616438356164,0.638356164383562,0,130,70
CEMADEN,260790104G,Alto do Reservatório,JABOATÃO DOS GUARARAPES,CEMADEN,PLUVIOMETRICA_AUTOMATICA,2023,CEMADEN_MAX_GAP_60MIN,TRUE,365,39,28,36,37,0.0767123287671233,0.0986301369863014,0.101369863013699,0,328,204.000000000002
CEMADEN,260790104G,Alto do Reservatório,JABOATÃO DOS GUARARAPES,CEMADEN,PLUVIOMETRICA_AUTOMATICA,2024,CEMADEN_MAX_GAP_60MIN,TRUE,366,364,282,348,352,0.770491803278689,0.950819672131147,0.961748633879781,0,9,70
CEMADEN,260790104G,Alto do Reservatório,JABOATÃO DOS GUARARAPES,CEMADEN,PLUVIOMETRICA_AUTOMATICA,2025,CEMADEN_MAX_GAP_60MIN,TRUE,365,299,1,2,6,0.00273972602739726,0.00547945205479452,0.0164383561643836,0,352,4190
CEMADEN,260790105G,Manassu,JABOATÃO DOS GUARARAPES,CEMADEN,PLUVIOMETRICA_AUTOMATICA,2020,CEMADEN_MAX_GAP_60MIN,TRUE,366,256,121,162,180,0.330601092896175,0.442622950819672,0.491803278688525,0,114,373
CEMADEN,260790105G,Manassu,JABOATÃO DOS GUARARAPES,CEMADEN,PLUVIOMETRICA_AUTOMATICA,2021,CEMADEN_MAX_GAP_60MIN,TRUE,365,59,45,56,57,0.123287671232877,0.153424657534247,0.156164383561644,0,308,70
CEMADEN,260790106A,Piedade,JABOATÃO DOS GUARARAPES,CEMADEN,PLUVIOMETRICA_AUTOMATICA,2017,CEMADEN_MAX_GAP_60MIN,TRUE,365,271,224,228,236,0.613698630136986,0.624657534246575,0.646575342465753,0,118,140
CEMADEN,260790106A,Piedade,JABOATÃO DOS GUARARAPES,CEMADEN,PLUVIOMETRICA_AUTOMATICA,2018,CEMADEN_MAX_GAP_60MIN,TRUE,365,89,72,75,77,0.197260273972603,0.205479452054795,0.210958904109589,0,170,4109.99999999999
CEMADEN,260790106A,Piedade,JABOATÃO DOS GUARARAPES,CEMADEN,PLUVIOMETRICA_AUTOMATICA,2019,CEMADEN_MAX_GAP_60MIN,TRUE,365,341,270,279,289,0.73972602739726,0.764383561643836,0.791780821917808,0,15,780
CEMADEN,260790106A,Piedade,JABOATÃO DOS GUARARAPES,CEMADEN,PLUVIOMETRICA_AUTOMATICA,2020,CEMADEN_MAX_GAP_60MIN,TRUE,366,224,134,160,184,0.366120218579235,0.437158469945355,0.502732240437159,0,148,430
CEMADEN,260790106A,Piedade,JABOATÃO DOS GUARARAPES,CEMADEN,PLUVIOMETRICA_AUTOMATICA,2021,CEMADEN_MAX_GAP_60MIN,TRUE,365,365,310,327,335,0.849315068493151,0.895890410958904,0.917808219178082,0,7,120
CEMADEN,260790106A,Piedade,JABOATÃO DOS GUARARAPES,CEMADEN,PLUVIOMETRICA_AUTOMATICA,2022,CEMADEN_MAX_GAP_60MIN,TRUE,365,365,315,322,327,0.863013698630137,0.882191780821918,0.895890410958904,0,5,120
CEMADEN,260790106A,Piedade,JABOATÃO DOS GUARARAPES,CEMADEN,PLUVIOMETRICA_AUTOMATICA,2023,CEMADEN_MAX_GAP_60MIN,TRUE,365,361,314,325,333,0.86027397260274,0.89041095890411,0.912328767123288,0,25,900
CEMADEN,260790106A,Piedade,JABOATÃO DOS GUARARAPES,CEMADEN,PLUVIOMETRICA_AUTOMATICA,2024,CEMADEN_MAX_GAP_60MIN,TRUE,366,366,345,352,359,0.942622950819672,0.961748633879781,0.980874316939891,0,2,70
CEMADEN,260790106A,Piedade,JABOATÃO DOS GUARARAPES,CEMADEN,PLUVIOMETRICA_AUTOMATICA,2025,CEMADEN_MAX_GAP_60MIN,TRUE,365,365,337,352,356,0.923287671232877,0.964383561643836,0.975342465753425,0,2,70
CEMADEN,260790106G,COMPESA - Dois Carneiros,JABOATÃO DOS GUARARAPES,CEMADEN,PLUVIOMETRICA_AUTOMATICA,2023,CEMADEN_MAX_GAP_60MIN,TRUE,365,60,48,59,59,0.131506849315068,0.161643835616438,0.161643835616438,0,306,70
CEMADEN,260790106G,COMPESA - Dois Carneiros,JABOATÃO DOS GUARARAPES,CEMADEN,PLUVIOMETRICA_AUTOMATICA,2024,CEMADEN_MAX_GAP_60MIN,TRUE,366,207,138,197,201,0.377049180327869,0.538251366120219,0.549180327868853,0,161,70
CEMADEN,260790107A,Centro,JABOATÃO DOS GUARARAPES,CEMADEN,PLUVIOMETRICA_AUTOMATICA,2017,CEMADEN_MAX_GAP_60MIN,TRUE,365,365,345,348,348,0.945205479452055,0.953424657534246,0.953424657534246,0,2,68.4999999999997
CEMADEN,260790107A,Centro,JABOATÃO DOS GUARARAPES,CEMADEN,PLUVIOMETRICA_AUTOMATICA,2018,CEMADEN_MAX_GAP_60MIN,TRUE,365,365,327,343,349,0.895890410958904,0.93972602739726,0.956164383561644,0,3,90
CEMADEN,260790107A,Centro,JABOATÃO DOS GUARARAPES,CEMADEN,PLUVIOMETRICA_AUTOMATICA,2019,CEMADEN_MAX_GAP_60MIN,TRUE,365,357,304,308,314,0.832876712328767,0.843835616438356,0.86027397260274,0,15,680
CEMADEN,260790107A,Centro,JABOATÃO DOS GUARARAPES,CEMADEN,PLUVIOMETRICA_AUTOMATICA,2020,CEMADEN_MAX_GAP_60MIN,TRUE,366,366,340,347,352,0.92896174863388,0.948087431693989,0.961748633879781,0,3,77.5
CEMADEN,260790107A,Centro,JABOATÃO DOS GUARARAPES,CEMADEN,PLUVIOMETRICA_AUTOMATICA,2021,CEMADEN_MAX_GAP_60MIN,TRUE,365,124,103,107,111,0.282191780821918,0.293150684931507,0.304109589041096,0,245,1359.5
CEMADEN,260790107A,Centro,JABOATÃO DOS GUARARAPES,CEMADEN,PLUVIOMETRICA_AUTOMATICA,2022,CEMADEN_MAX_GAP_60MIN,TRUE,365,79,68,71,71,0.186301369863014,0.194520547945205,0.194520547945205,0,219,181.999999999996
CEMADEN,260790107A,Centro,JABOATÃO DOS GUARARAPES,CEMADEN,PLUVIOMETRICA_AUTOMATICA,2023,CEMADEN_MAX_GAP_60MIN,TRUE,365,327,300,306,311,0.821917808219178,0.838356164383562,0.852054794520548,0,44,80
CEMADEN,260790107A,Centro,JABOATÃO DOS GUARARAPES,CEMADEN,PLUVIOMETRICA_AUTOMATICA,2024,CEMADEN_MAX_GAP_60MIN,TRUE,366,335,256,259,262,0.699453551912568,0.707650273224044,0.715846994535519,0,31,2533
CEMADEN,260790107A,Centro,JABOATÃO DOS GUARARAPES,CEMADEN,PLUVIOMETRICA_AUTOMATICA,2025,CEMADEN_MAX_GAP_60MIN,TRUE,365,52,0,0,3,0,0,0.00821917808219178,0,365,4095
CEMADEN,260790108A,Curado 4 | CuradoII,JABOATÃO DOS GUARARAPES,CEMADEN,PLUVIOMETRICA_AUTOMATICA,2017,CEMADEN_MAX_GAP_60MIN,TRUE,365,365,351,353,354,0.961643835616438,0.967123287671233,0.96986301369863,0,2,60
CEMADEN,260790108A,Curado 4 | CuradoII,JABOATÃO DOS GUARARAPES,CEMADEN,PLUVIOMETRICA_AUTOMATICA,2018,CEMADEN_MAX_GAP_60MIN,TRUE,365,365,333,345,352,0.912328767123288,0.945205479452055,0.964383561643836,0,2,80
CEMADEN,260790108A,Curado 4 | CuradoII,JABOATÃO DOS GUARARAPES,CEMADEN,PLUVIOMETRICA_AUTOMATICA,2019,CEMADEN_MAX_GAP_60MIN,TRUE,365,351,276,290,296,0.756164383561644,0.794520547945206,0.810958904109589,0,15,1060
CEMADEN,260790108A,Curado 4 | CuradoII,JABOATÃO DOS GUARARAPES,CEMADEN,PLUVIOMETRICA_AUTOMATICA,2020,CEMADEN_MAX_GAP_60MIN,TRUE,366,210,107,129,147,0.292349726775956,0.352459016393443,0.401639344262295,0,197,2670.5
CEMADEN,260790108A,Curado 4 | CuradoII,JABOATÃO DOS GUARARAPES,CEMADEN,PLUVIOMETRICA_AUTOMATICA,2021,CEMADEN_MAX_GAP_60MIN,TRUE,365,365,330,346,351,0.904109589041096,0.947945205479452,0.961643835616438,0,2,78.0000000000001
CEMADEN,260790108A,Curado 4 | CuradoII,JABOATÃO DOS GUARARAPES,CEMADEN,PLUVIOMETRICA_AUTOMATICA,2022,CEMADEN_MAX_GAP_60MIN,TRUE,365,365,304,318,330,0.832876712328767,0.871232876712329,0.904109589041096,0,5,120
CEMADEN,260790108A,Curado 4 | CuradoII,JABOATÃO DOS GUARARAPES,CEMADEN,PLUVIOMETRICA_AUTOMATICA,2023,CEMADEN_MAX_GAP_60MIN,TRUE,365,365,340,350,356,0.931506849315068,0.958904109589041,0.975342465753425,0,2,70
CEMADEN,260790108A,Curado 4 | CuradoII,JABOATÃO DOS GUARARAPES,CEMADEN,PLUVIOMETRICA_AUTOMATICA,2024,CEMADEN_MAX_GAP_60MIN,TRUE,366,121,52,53,53,0.14207650273224,0.144808743169399,0.144808743169399,0,311,3580.5
CEMADEN,260790109A,Barra de Jangada,JABOATÃO DOS GUARARAPES,CEMADEN,PLUVIOMETRICA_AUTOMATICA,2017,CEMADEN_MAX_GAP_60MIN,TRUE,365,365,343,350,351,0.93972602739726,0.958904109589041,0.961643835616438,0,2,70
CEMADEN,260790109A,Barra de Jangada,JABOATÃO DOS GUARARAPES,CEMADEN,PLUVIOMETRICA_AUTOMATICA,2018,CEMADEN_MAX_GAP_60MIN,TRUE,365,365,334,349,353,0.915068493150685,0.956164383561644,0.967123287671233,0,2,70
CEMADEN,260790109A,Barra de Jangada,JABOATÃO DOS GUARARAPES,CEMADEN,PLUVIOMETRICA_AUTOMATICA,2019,CEMADEN_MAX_GAP_60MIN,TRUE,365,354,283,296,302,0.775342465753425,0.810958904109589,0.827397260273973,0,15,480
CEMADEN,260790109A,Barra de Jangada,JABOATÃO DOS GUARARAPES,CEMADEN,PLUVIOMETRICA_AUTOMATICA,2020,CEMADEN_MAX_GAP_60MIN,TRUE,366,211,140,160,176,0.382513661202186,0.437158469945355,0.480874316939891,0,161,495
CEMADEN,260790109A,Barra de Jangada,JABOATÃO DOS GUARARAPES,CEMADEN,PLUVIOMETRICA_AUTOMATICA,2021,CEMADEN_MAX_GAP_60MIN,TRUE,365,230,199,211,214,0.545205479452055,0.578082191780822,0.586301369863014,0,136,120
CEMADEN,260790109A,Barra de Jangada,JABOATÃO DOS GUARARAPES,CEMADEN,PLUVIOMETRICA_AUTOMATICA,2022,CEMADEN_MAX_GAP_60MIN,TRUE,365,292,230,238,248,0.63013698630137,0.652054794520548,0.679452054794521,0,74,124.5
CEMADEN,260790109A,Barra de Jangada,JABOATÃO DOS GUARARAPES,CEMADEN,PLUVIOMETRICA_AUTOMATICA,2023,CEMADEN_MAX_GAP_60MIN,TRUE,365,306,258,272,279,0.706849315068493,0.745205479452055,0.764383561643836,0,76,1232.5
CEMADEN,260790109A,Barra de Jangada,JABOATÃO DOS GUARARAPES,CEMADEN,PLUVIOMETRICA_AUTOMATICA,2024,CEMADEN_MAX_GAP_60MIN,TRUE,366,1,0,0,0,0,0,0,0,366,
CEMADEN,260790110A,Cajueiro Seco,JABOATÃO DOS GUARARAPES,CEMADEN,PLUVIOMETRICA_AUTOMATICA,2017,CEMADEN_MAX_GAP_60MIN,TRUE,365,365,336,339,343,0.920547945205479,0.928767123287671,0.93972602739726,0,6,120
CEMADEN,260790110A,Cajueiro Seco,JABOATÃO DOS GUARARAPES,CEMADEN,PLUVIOMETRICA_AUTOMATICA,2018,CEMADEN_MAX_GAP_60MIN,TRUE,365,245,76,82,92,0.208219178082192,0.224657534246575,0.252054794520548,0,252,8120
CEMADEN,260790110A,Cajueiro Seco,JABOATÃO DOS GUARARAPES,CEMADEN,PLUVIOMETRICA_AUTOMATICA,2019,CEMADEN_MAX_GAP_60MIN,TRUE,365,299,140,144,156,0.383561643835616,0.394520547945205,0.427397260273973,0,154,5500
CEMADEN,260790110A,Cajueiro Seco,JABOATÃO DOS GUARARAPES,CEMADEN,PLUVIOMETRICA_AUTOMATICA,2020,CEMADEN_MAX_GAP_60MIN,TRUE,366,99,43,48,53,0.117486338797814,0.131147540983607,0.144808743169399,0,285,619
CEMADEN,260790115H,Santana,JABOATÃO DOS GUARARAPES,CEMADEN,PLUVIOMETRICA_AUTOMATICA,2023,CEMADEN_MAX_GAP_60MIN,TRUE,365,232,228,228,228,0.624657534246575,0.624657534246575,0.624657534246575,0,130,60
CEMADEN,260790115H,Santana,JABOATÃO DOS GUARARAPES,CEMADEN,PLUVIOMETRICA_AUTOMATICA,2024,CEMADEN_MAX_GAP_60MIN,TRUE,366,366,365,365,365,0.997267759562842,0.997267759562842,0.997267759562842,0,1,60
CEMADEN,260790115H,Santana,JABOATÃO DOS GUARARAPES,CEMADEN,PLUVIOMETRICA_AUTOMATICA,2025,CEMADEN_MAX_GAP_60MIN,TRUE,365,365,364,364,364,0.997260273972603,0.997260273972603,0.997260273972603,0,1,60
CEMADEN,260790119H,Engenho Velho,JABOATÃO DOS GUARARAPES,CEMADEN,PLUVIOMETRICA_AUTOMATICA,2023,CEMADEN_MAX_GAP_60MIN,TRUE,365,237,236,236,236,0.646575342465753,0.646575342465753,0.646575342465753,0,129,60
CEMADEN,260790119H,Engenho Velho,JABOATÃO DOS GUARARAPES,CEMADEN,PLUVIOMETRICA_AUTOMATICA,2024,CEMADEN_MAX_GAP_60MIN,TRUE,366,350,347,347,347,0.948087431693989,0.948087431693989,0.948087431693989,0,18,60
CEMADEN,260790119H,Engenho Velho,JABOATÃO DOS GUARARAPES,CEMADEN,PLUVIOMETRICA_AUTOMATICA,2025,CEMADEN_MAX_GAP_60MIN,TRUE,365,365,357,357,358,0.978082191780822,0.978082191780822,0.980821917808219,0,2,60
CEMADEN,260795001A,jaqueira01,JAQUEIRA,CEMADEN,PLUVIOMETRICA_AUTOMATICA,2017,CEMADEN_MAX_GAP_60MIN,TRUE,365,362,339,342,345,0.928767123287671,0.936986301369863,0.945205479452055,0,4,80
CEMADEN,260795001A,jaqueira01,JAQUEIRA,CEMADEN,PLUVIOMETRICA_AUTOMATICA,2018,CEMADEN_MAX_GAP_60MIN,TRUE,365,365,320,339,346,0.876712328767123,0.928767123287671,0.947945205479452,0,3,114
CEMADEN,260795001A,jaqueira01,JAQUEIRA,CEMADEN,PLUVIOMETRICA_AUTOMATICA,2019,CEMADEN_MAX_GAP_60MIN,TRUE,365,353,271,290,297,0.742465753424658,0.794520547945206,0.813698630136986,0,15,581.999999999999
CEMADEN,260795001A,jaqueira01,JAQUEIRA,CEMADEN,PLUVIOMETRICA_AUTOMATICA,2020,CEMADEN_MAX_GAP_60MIN,TRUE,366,366,249,275,302,0.680327868852459,0.751366120218579,0.825136612021858,0,9,435
CEMADEN,260795001A,jaqueira01,JAQUEIRA,CEMADEN,PLUVIOMETRICA_AUTOMATICA,2021,CEMADEN_MAX_GAP_60MIN,TRUE,365,365,311,323,327,0.852054794520548,0.884931506849315,0.895890410958904,0,11,120
CEMADEN,260795001A,jaqueira01,JAQUEIRA,CEMADEN,PLUVIOMETRICA_AUTOMATICA,2022,CEMADEN_MAX_GAP_60MIN,TRUE,365,365,293,306,321,0.802739726027397,0.838356164383562,0.879452054794521,0,6,120
CEMADEN,260795001A,jaqueira01,JAQUEIRA,CEMADEN,PLUVIOMETRICA_AUTOMATICA,2023,CEMADEN_MAX_GAP_60MIN,TRUE,365,365,313,339,352,0.857534246575342,0.928767123287671,0.964383561643836,0,2,80
CEMADEN,260795001A,jaqueira01,JAQUEIRA,CEMADEN,PLUVIOMETRICA_AUTOMATICA,2024,CEMADEN_MAX_GAP_60MIN,TRUE,366,366,335,346,355,0.915300546448087,0.945355191256831,0.969945355191257,0,2,80
CEMADEN,260795001A,jaqueira01,JAQUEIRA,CEMADEN,PLUVIOMETRICA_AUTOMATICA,2025,CEMADEN_MAX_GAP_60MIN,TRUE,365,359,257,274,289,0.704109589041096,0.750684931506849,0.791780821917808,0,30,600
CEMADEN,260795002A,JAQUEIRA - APAC,JAQUEIRA,CEMADEN,PLUVIOMETRICA_AUTOMATICA,2017,CEMADEN_MAX_GAP_60MIN,TRUE,365,40,26,27,27,0.0712328767123288,0.073972602739726,0.073972602739726,0,328,145
CEMADEN,260795002A,JAQUEIRA - APAC,JAQUEIRA,CEMADEN,PLUVIOMETRICA_AUTOMATICA,2018,CEMADEN_MAX_GAP_60MIN,TRUE,365,365,309,329,337,0.846575342465753,0.901369863013699,0.923287671232877,0,5,120
CEMADEN,260795002A,JAQUEIRA - APAC,JAQUEIRA,CEMADEN,PLUVIOMETRICA_AUTOMATICA,2019,CEMADEN_MAX_GAP_60MIN,TRUE,365,355,304,318,323,0.832876712328767,0.871232876712329,0.884931506849315,0,12,432
CEMADEN,260795002A,JAQUEIRA - APAC,JAQUEIRA,CEMADEN,PLUVIOMETRICA_AUTOMATICA,2020,CEMADEN_MAX_GAP_60MIN,TRUE,366,212,189,195,197,0.516393442622951,0.532786885245902,0.538251366120219,0,155,114.5
CEMADEN,260795002A,JAQUEIRA - APAC,JAQUEIRA,CEMADEN,PLUVIOMETRICA_AUTOMATICA,2021,CEMADEN_MAX_GAP_60MIN,TRUE,365,165,121,130,141,0.331506849315069,0.356164383561644,0.386301369863014,0,204,190
CEMADEN,260795002A,JAQUEIRA - APAC,JAQUEIRA,CEMADEN,PLUVIOMETRICA_AUTOMATICA,2022,CEMADEN_MAX_GAP_60MIN,TRUE,365,17,12,13,15,0.0328767123287671,0.0356164383561644,0.0410958904109589,0,352,95
CEMADEN,260795004H,Jaqueira | Rio Una,JAQUEIRA,CEMADEN,PLUVIOMETRICA_AUTOMATICA,2017,CEMADEN_MAX_GAP_60MIN,TRUE,365,343,275,326,326,0.753424657534247,0.893150684931507,0.893150684931507,0,24,70
CEMADEN,260795004H,Jaqueira | Rio Una,JAQUEIRA,CEMADEN,PLUVIOMETRICA_AUTOMATICA,2018,CEMADEN_MAX_GAP_60MIN,TRUE,365,251,104,182,187,0.284931506849315,0.498630136986301,0.512328767123288,0,95,190
CEMADEN,260795004H,Jaqueira | Rio Una,JAQUEIRA,CEMADEN,PLUVIOMETRICA_AUTOMATICA,2019,CEMADEN_MAX_GAP_60MIN,TRUE,365,349,214,334,334,0.586301369863014,0.915068493150685,0.915068493150685,0,12,70
CEMADEN,260795004H,Jaqueira | Rio Una,JAQUEIRA,CEMADEN,PLUVIOMETRICA_AUTOMATICA,2020,CEMADEN_MAX_GAP_60MIN,TRUE,366,366,175,242,242,0.478142076502732,0.66120218579235,0.66120218579235,0,117,800
CEMADEN,260795004H,Jaqueira | Rio Una,JAQUEIRA,CEMADEN,PLUVIOMETRICA_AUTOMATICA,2021,CEMADEN_MAX_GAP_60MIN,TRUE,365,365,210,362,362,0.575342465753425,0.991780821917808,0.991780821917808,0,12,70
CEMADEN,260795004H,Jaqueira | Rio Una,JAQUEIRA,CEMADEN,PLUVIOMETRICA_AUTOMATICA,2022,CEMADEN_MAX_GAP_60MIN,TRUE,365,178,103,164,164,0.282191780821918,0.449315068493151,0.449315068493151,0,165,988.000000000008
CEMADEN,260795004H,Jaqueira | Rio Una,JAQUEIRA,CEMADEN,PLUVIOMETRICA_AUTOMATICA,2023,CEMADEN_MAX_GAP_60MIN,TRUE,365,65,0,0,0,0,0,0,0,365,1420
CEMADEN,260795004H,Jaqueira | Rio Una,JAQUEIRA,CEMADEN,PLUVIOMETRICA_AUTOMATICA,2024,CEMADEN_MAX_GAP_60MIN,TRUE,366,68,0,0,0,0,0,0,0,366,12570
CEMADEN,260795004H,Jaqueira | Rio Una,JAQUEIRA,CEMADEN,PLUVIOMETRICA_AUTOMATICA,2025,CEMADEN_MAX_GAP_60MIN,TRUE,365,65,2,3,4,0.00547945205479452,0.00821917808219178,0.010958904109589,0,315,7980
CEMADEN,260800801A,Jataúba [Centro] - APAC,JATAÚBA,CEMADEN,PLUVIOMETRICA_AUTOMATICA,2023,CEMADEN_MAX_GAP_60MIN,TRUE,365,161,141,141,143,0.386301369863014,0.386301369863014,0.391780821917808,0,205,201.999999999999
CEMADEN,260800801A,Jataúba [Centro] - APAC,JATAÚBA,CEMADEN,PLUVIOMETRICA_AUTOMATICA,2024,CEMADEN_MAX_GAP_60MIN,TRUE,366,335,308,314,318,0.841530054644809,0.85792349726776,0.868852459016394,0,33,92.0000000000005
CEMADEN,260800801A,Jataúba [Centro] - APAC,JATAÚBA,CEMADEN,PLUVIOMETRICA_AUTOMATICA,2025,CEMADEN_MAX_GAP_60MIN,TRUE,365,365,339,349,350,0.928767123287671,0.956164383561644,0.958904109589041,0,3,70
CEMADEN,260800801C,JATAUBA,JATAÚBA,CEMADEN,PLUVIOMETRICA_AUTOMATICA,2017,CEMADEN_MAX_GAP_60MIN,TRUE,365,200,18,18,18,0.0493150684931507,0.0493150684931507,0.0493150684931507,0,161,11610
CEMADEN,260800801C,JATAUBA,JATAÚBA,CEMADEN,PLUVIOMETRICA_AUTOMATICA,2018,CEMADEN_MAX_GAP_60MIN,TRUE,365,352,304,304,304,0.832876712328767,0.832876712328767,0.832876712328767,0,39,860
CEMADEN,260800801C,JATAUBA,JATAÚBA,CEMADEN,PLUVIOMETRICA_AUTOMATICA,2019,CEMADEN_MAX_GAP_60MIN,TRUE,365,346,281,281,281,0.76986301369863,0.76986301369863,0.76986301369863,0,35,2280
CEMADEN,260800801C,JATAUBA,JATAÚBA,CEMADEN,PLUVIOMETRICA_AUTOMATICA,2020,CEMADEN_MAX_GAP_60MIN,TRUE,366,165,39,39,39,0.10655737704918,0.10655737704918,0.10655737704918,0,274,1260
CEMADEN,260800801C,JATAUBA,JATAÚBA,CEMADEN,PLUVIOMETRICA_AUTOMATICA,2023,CEMADEN_MAX_GAP_60MIN,TRUE,365,119,117,117,117,0.32054794520548,0.32054794520548,0.32054794520548,0,241,60
CEMADEN,260800801C,JATAUBA,JATAÚBA,CEMADEN,PLUVIOMETRICA_AUTOMATICA,2025,CEMADEN_MAX_GAP_60MIN,TRUE,365,134,132,132,132,0.361643835616438,0.361643835616438,0.361643835616438,0,202,60
CEMADEN,260805701A,Jatobá [Eunápio Gomes Varjão] - APAC,JATOBÁ,CEMADEN,PLUVIOMETRICA_AUTOMATICA,2023,CEMADEN_MAX_GAP_60MIN,TRUE,365,304,262,265,269,0.717808219178082,0.726027397260274,0.736986301369863,0,62,120
CEMADEN,260805701A,Jatobá [Eunápio Gomes Varjão] - APAC,JATOBÁ,CEMADEN,PLUVIOMETRICA_AUTOMATICA,2024,CEMADEN_MAX_GAP_60MIN,TRUE,366,342,226,237,245,0.617486338797814,0.647540983606557,0.669398907103825,0,16,1448
CEMADEN,260805701A,Jatobá [Eunápio Gomes Varjão] - APAC,JATOBÁ,CEMADEN,PLUVIOMETRICA_AUTOMATICA,2025,CEMADEN_MAX_GAP_60MIN,TRUE,365,258,165,173,181,0.452054794520548,0.473972602739726,0.495890410958904,0,77,3499.99999999997
CEMADEN,260805701C,JATOBA,JATOBÁ,CEMADEN,PLUVIOMETRICA_AUTOMATICA,2017,CEMADEN_MAX_GAP_60MIN,TRUE,365,196,106,106,106,0.29041095890411,0.29041095890411,0.29041095890411,0,104,11592
CEMADEN,260805701C,JATOBA,JATOBÁ,CEMADEN,PLUVIOMETRICA_AUTOMATICA,2018,CEMADEN_MAX_GAP_60MIN,TRUE,365,296,237,237,237,0.649315068493151,0.649315068493151,0.649315068493151,0,103,4320
CEMADEN,260805701C,JATOBA,JATOBÁ,CEMADEN,PLUVIOMETRICA_AUTOMATICA,2019,CEMADEN_MAX_GAP_60MIN,TRUE,365,136,74,74,74,0.202739726027397,0.202739726027397,0.202739726027397,0,124,15297.5
CEMADEN,260805701C,JATOBA,JATOBÁ,CEMADEN,PLUVIOMETRICA_AUTOMATICA,2020,CEMADEN_MAX_GAP_60MIN,TRUE,366,10,1,1,1,0.00273224043715847,0.00273224043715847,0.00273224043715847,0,285,717624.499999999
CEMADEN,260805701C,JATOBA,JATOBÁ,CEMADEN,PLUVIOMETRICA_AUTOMATICA,2022,CEMADEN_MAX_GAP_60MIN,TRUE,365,150,125,125,125,0.342465753424658,0.342465753424658,0.342465753424658,0,181,157.499999999999
CEMADEN,260805701C,JATOBA,JATOBÁ,CEMADEN,PLUVIOMETRICA_AUTOMATICA,2023,CEMADEN_MAX_GAP_60MIN,TRUE,365,92,43,43,44,0.117808219178082,0.117808219178082,0.120547945205479,0,228,18950
CEMADEN,260805701C,JATOBA,JATOBÁ,CEMADEN,PLUVIOMETRICA_AUTOMATICA,2025,CEMADEN_MAX_GAP_60MIN,TRUE,365,1,0,0,0,0,0,0,0,365,
CEMADEN,260810701A,JOAO ALFREDO - APAC | Secretaria de Saúde | Secretaria de Saúde _APAC,JOÃO ALFREDO,CEMADEN,PLUVIOMETRICA_AUTOMATICA,2017,CEMADEN_MAX_GAP_60MIN,TRUE,365,27,5,9,11,0.0136986301369863,0.0246575342465753,0.0301369863013699,0,342,280
CEMADEN,260810701A,JOAO ALFREDO - APAC | Secretaria de Saúde | Secretaria de Saúde _APAC,JOÃO ALFREDO,CEMADEN,PLUVIOMETRICA_AUTOMATICA,2018,CEMADEN_MAX_GAP_60MIN,TRUE,365,247,110,134,149,0.301369863013699,0.367123287671233,0.408219178082192,0,152,4231
CEMADEN,260810701A,JOAO ALFREDO - APAC | Secretaria de Saúde | Secretaria de Saúde _APAC,JOÃO ALFREDO,CEMADEN,PLUVIOMETRICA_AUTOMATICA,2019,CEMADEN_MAX_GAP_60MIN,TRUE,365,72,64,64,65,0.175342465753425,0.175342465753425,0.178082191780822,0,288,239.000000000001
CEMADEN,260810701A,JOAO ALFREDO - APAC | Secretaria de Saúde | Secretaria de Saúde _APAC,JOÃO ALFREDO,CEMADEN,PLUVIOMETRICA_AUTOMATICA,2020,CEMADEN_MAX_GAP_60MIN,TRUE,366,156,98,109,113,0.26775956284153,0.297814207650273,0.308743169398907,0,212,655
CEMADEN,260810701A,JOAO ALFREDO - APAC | Secretaria de Saúde | Secretaria de Saúde _APAC,JOÃO ALFREDO,CEMADEN,PLUVIOMETRICA_AUTOMATICA,2021,CEMADEN_MAX_GAP_60MIN,TRUE,365,41,10,20,30,0.0273972602739726,0.0547945205479452,0.0821917808219178,0,230,1130
CEMADEN,260810701A,JOAO ALFREDO - APAC | Secretaria de Saúde | Secretaria de Saúde _APAC,JOÃO ALFREDO,CEMADEN,PLUVIOMETRICA_AUTOMATICA,2022,CEMADEN_MAX_GAP_60MIN,TRUE,365,124,108,108,110,0.295890410958904,0.295890410958904,0.301369863013699,0,243,412.999999999999
CEMADEN,260810701A,JOAO ALFREDO - APAC | Secretaria de Saúde | Secretaria de Saúde _APAC,JOÃO ALFREDO,CEMADEN,PLUVIOMETRICA_AUTOMATICA,2023,CEMADEN_MAX_GAP_60MIN,TRUE,365,338,293,295,297,0.802739726027397,0.808219178082192,0.813698630136986,0,29,120
CEMADEN,260810701A,JOAO ALFREDO - APAC | Secretaria de Saúde | Secretaria de Saúde _APAC,JOÃO ALFREDO,CEMADEN,PLUVIOMETRICA_AUTOMATICA,2024,CEMADEN_MAX_GAP_60MIN,TRUE,366,355,325,331,335,0.887978142076503,0.904371584699454,0.915300546448087,0,13,103
CEMADEN,260810701A,JOAO ALFREDO - APAC | Secretaria de Saúde | Secretaria de Saúde _APAC,JOÃO ALFREDO,CEMADEN,PLUVIOMETRICA_AUTOMATICA,2025,CEMADEN_MAX_GAP_60MIN,TRUE,365,365,337,341,346,0.923287671232877,0.934246575342466,0.947945205479452,0,4,90
CEMADEN,260820601A,Centro,JOAQUIM NABUCO,CEMADEN,PLUVIOMETRICA_AUTOMATICA,2017,CEMADEN_MAX_GAP_60MIN,TRUE,365,139,137,137,137,0.375342465753425,0.375342465753425,0.375342465753425,0,227,60
CEMADEN,260820602A,ERE - Eduardo Campos - APAC | JOAQUIM NABUCO - APAC,JOAQUIM NABUCO,CEMADEN,PLUVIOMETRICA_AUTOMATICA,2017,CEMADEN_MAX_GAP_60MIN,TRUE,365,6,2,2,2,0.00547945205479452,0.00547945205479452,0.00547945205479452,0,360,120
CEMADEN,260820602A,ERE - Eduardo Campos - APAC | JOAQUIM NABUCO - APAC,JOAQUIM NABUCO,CEMADEN,PLUVIOMETRICA_AUTOMATICA,2018,CEMADEN_MAX_GAP_60MIN,TRUE,365,177,123,128,132,0.336986301369863,0.350684931506849,0.361643835616438,0,190,124
CEMADEN,260820602A,ERE - Eduardo Campos - APAC | JOAQUIM NABUCO - APAC,JOAQUIM NABUCO,CEMADEN,PLUVIOMETRICA_AUTOMATICA,2019,CEMADEN_MAX_GAP_60MIN,TRUE,365,186,126,132,137,0.345205479452055,0.361643835616438,0.375342465753425,0,171,1437.5
CEMADEN,260820602A,ERE - Eduardo Campos - APAC | JOAQUIM NABUCO - APAC,JOAQUIM NABUCO,CEMADEN,PLUVIOMETRICA_AUTOMATICA,2020,CEMADEN_MAX_GAP_60MIN,TRUE,366,366,316,331,339,0.863387978142077,0.904371584699454,0.926229508196721,0,2,120
CEMADEN,260820602A,ERE - Eduardo Campos - APAC | JOAQUIM NABUCO - APAC,JOAQUIM NABUCO,CEMADEN,PLUVIOMETRICA_AUTOMATICA,2021,CEMADEN_MAX_GAP_60MIN,TRUE,365,211,175,192,200,0.479452054794521,0.526027397260274,0.547945205479452,0,157,95
CEMADEN,260820602A,ERE - Eduardo Campos - APAC | JOAQUIM NABUCO - APAC,JOAQUIM NABUCO,CEMADEN,PLUVIOMETRICA_AUTOMATICA,2022,CEMADEN_MAX_GAP_60MIN,TRUE,365,304,240,250,264,0.657534246575342,0.684931506849315,0.723287671232877,0,73,480.499999999996
CEMADEN,260820602A,ERE - Eduardo Campos - APAC | JOAQUIM NABUCO - APAC,JOAQUIM NABUCO,CEMADEN,PLUVIOMETRICA_AUTOMATICA,2023,CEMADEN_MAX_GAP_60MIN,TRUE,365,363,273,282,288,0.747945205479452,0.772602739726028,0.789041095890411,0,64,1110
CEMADEN,260820602A,ERE - Eduardo Campos - APAC | JOAQUIM NABUCO - APAC,JOAQUIM NABUCO,CEMADEN,PLUVIOMETRICA_AUTOMATICA,2024,CEMADEN_MAX_GAP_60MIN,TRUE,366,359,267,306,319,0.729508196721312,0.836065573770492,0.871584699453552,0,14,903.999999999999
CEMADEN,260820602A,ERE - Eduardo Campos - APAC | JOAQUIM NABUCO - APAC,JOAQUIM NABUCO,CEMADEN,PLUVIOMETRICA_AUTOMATICA,2025,CEMADEN_MAX_GAP_60MIN,TRUE,365,346,259,273,286,0.70958904109589,0.747945205479452,0.783561643835617,0,22,1960
CEMADEN,260820603A,G2-260820603A | G2-Escola Camila Fraga,JOAQUIM NABUCO,CEMADEN,PLUVIOMETRICA_AUTOMATICA,2025,CEMADEN_MAX_GAP_60MIN,TRUE,365,125,71,100,101,0.194520547945205,0.273972602739726,0.276712328767123,0,247,138
CEMADEN,260825501A,JUCATI - APAC,JUCATI,CEMADEN,PLUVIOMETRICA_AUTOMATICA,2019,CEMADEN_MAX_GAP_60MIN,TRUE,365,6,0,0,0,0,0,0,0,365,1200364
CEMADEN,260825501A,JUCATI - APAC,JUCATI,CEMADEN,PLUVIOMETRICA_AUTOMATICA,2022,CEMADEN_MAX_GAP_60MIN,TRUE,365,90,0,0,0,0,0,0,0,365,5329.99999999998
CEMADEN,260825501A,JUCATI - APAC,JUCATI,CEMADEN,PLUVIOMETRICA_AUTOMATICA,2023,CEMADEN_MAX_GAP_60MIN,TRUE,365,331,1,1,1,0.00273972602739726,0.00273972602739726,0.00273972602739726,0,344,2580
CEMADEN,260825501A,JUCATI - APAC,JUCATI,CEMADEN,PLUVIOMETRICA_AUTOMATICA,2024,CEMADEN_MAX_GAP_60MIN,TRUE,366,352,0,0,0,0,0,0,0,366,540
CEMADEN,260825501A,JUCATI - APAC,JUCATI,CEMADEN,PLUVIOMETRICA_AUTOMATICA,2025,CEMADEN_MAX_GAP_60MIN,TRUE,365,341,0,0,0,0,0,0,0,365,510
CEMADEN,260830501A,JUPI - APAC,JUPI,CEMADEN,PLUVIOMETRICA_AUTOMATICA,2017,CEMADEN_MAX_GAP_60MIN,TRUE,365,18,6,7,8,0.0164383561643836,0.0191780821917808,0.0219178082191781,0,354,664
CEMADEN,260830501A,JUPI - APAC,JUPI,CEMADEN,PLUVIOMETRICA_AUTOMATICA,2018,CEMADEN_MAX_GAP_60MIN,TRUE,365,364,210,229,258,0.575342465753425,0.627397260273973,0.706849315068493,0,9,582.499999999998
CEMADEN,260830501A,JUPI - APAC,JUPI,CEMADEN,PLUVIOMETRICA_AUTOMATICA,2019,CEMADEN_MAX_GAP_60MIN,TRUE,365,353,201,216,231,0.550684931506849,0.591780821917808,0.632876712328767,0,15,1200
CEMADEN,260830501A,JUPI - APAC,JUPI,CEMADEN,PLUVIOMETRICA_AUTOMATICA,2020,CEMADEN_MAX_GAP_60MIN,TRUE,366,162,34,52,67,0.092896174863388,0.14207650273224,0.183060109289618,0,205,1290
CEMADEN,260830501A,JUPI - APAC,JUPI,CEMADEN,PLUVIOMETRICA_AUTOMATICA,2021,CEMADEN_MAX_GAP_60MIN,TRUE,365,142,107,110,117,0.293150684931507,0.301369863013699,0.32054794520548,0,229,170
CEMADEN,260830501A,JUPI - APAC,JUPI,CEMADEN,PLUVIOMETRICA_AUTOMATICA,2022,CEMADEN_MAX_GAP_60MIN,TRUE,365,297,234,247,262,0.641095890410959,0.676712328767123,0.717808219178082,0,72,172
CEMADEN,260830501A,JUPI - APAC,JUPI,CEMADEN,PLUVIOMETRICA_AUTOMATICA,2023,CEMADEN_MAX_GAP_60MIN,TRUE,365,365,304,319,330,0.832876712328767,0.873972602739726,0.904109589041096,0,5,120
CEMADEN,260830501A,JUPI - APAC,JUPI,CEMADEN,PLUVIOMETRICA_AUTOMATICA,2024,CEMADEN_MAX_GAP_60MIN,TRUE,366,364,124,154,187,0.33879781420765,0.420765027322404,0.510928961748634,0,71,805.499999999999
CEMADEN,260830501A,JUPI - APAC,JUPI,CEMADEN,PLUVIOMETRICA_AUTOMATICA,2025,CEMADEN_MAX_GAP_60MIN,TRUE,365,347,291,299,308,0.797260273972603,0.819178082191781,0.843835616438356,0,21,477.5
CEMADEN,260840401A,Centro,JUREMA,CEMADEN,PLUVIOMETRICA_AUTOMATICA,2017,CEMADEN_MAX_GAP_60MIN,TRUE,365,364,347,351,353,0.950684931506849,0.961643835616438,0.967123287671233,0,3,60
CEMADEN,260840401A,Centro,JUREMA,CEMADEN,PLUVIOMETRICA_AUTOMATICA,2018,CEMADEN_MAX_GAP_60MIN,TRUE,365,365,331,339,342,0.906849315068493,0.928767123287671,0.936986301369863,0,3,120
CEMADEN,260840401A,Centro,JUREMA,CEMADEN,PLUVIOMETRICA_AUTOMATICA,2019,CEMADEN_MAX_GAP_60MIN,TRUE,365,361,317,322,323,0.868493150684932,0.882191780821918,0.884931506849315,0,12,410
CEMADEN,260840401A,Centro,JUREMA,CEMADEN,PLUVIOMETRICA_AUTOMATICA,2020,CEMADEN_MAX_GAP_60MIN,TRUE,366,366,341,350,352,0.931693989071038,0.956284153005464,0.961748633879781,0,3,70
CEMADEN,260840401A,Centro,JUREMA,CEMADEN,PLUVIOMETRICA_AUTOMATICA,2021,CEMADEN_MAX_GAP_60MIN,TRUE,365,364,332,343,346,0.90958904109589,0.93972602739726,0.947945205479452,0,6,90
CEMADEN,260840401A,Centro,JUREMA,CEMADEN,PLUVIOMETRICA_AUTOMATICA,2022,CEMADEN_MAX_GAP_60MIN,TRUE,365,211,184,190,193,0.504109589041096,0.520547945205479,0.528767123287671,0,156,360
CEMADEN,260840401A,Centro,JUREMA,CEMADEN,PLUVIOMETRICA_AUTOMATICA,2023,CEMADEN_MAX_GAP_60MIN,TRUE,365,137,107,108,109,0.293150684931507,0.295890410958904,0.298630136986301,0,230,120
CEMADEN,260840401A,Centro,JUREMA,CEMADEN,PLUVIOMETRICA_AUTOMATICA,2024,CEMADEN_MAX_GAP_60MIN,TRUE,366,366,335,351,360,0.915300546448087,0.959016393442623,0.983606557377049,0,2,70
CEMADEN,260840401A,Centro,JUREMA,CEMADEN,PLUVIOMETRICA_AUTOMATICA,2025,CEMADEN_MAX_GAP_60MIN,TRUE,365,352,261,266,267,0.715068493150685,0.728767123287671,0.731506849315069,0,81,1335
CEMADEN,260840401C,JUREMA,JUREMA,CEMADEN,PLUVIOMETRICA_AUTOMATICA,2017,CEMADEN_MAX_GAP_60MIN,TRUE,365,195,136,136,136,0.372602739726027,0.372602739726027,0.372602739726027,0,68,16680.5
CEMADEN,260840401C,JUREMA,JUREMA,CEMADEN,PLUVIOMETRICA_AUTOMATICA,2018,CEMADEN_MAX_GAP_60MIN,TRUE,365,304,271,271,271,0.742465753424658,0.742465753424658,0.742465753424658,0,48,5903.99999999995
CEMADEN,260840401C,JUREMA,JUREMA,CEMADEN,PLUVIOMETRICA_AUTOMATICA,2019,CEMADEN_MAX_GAP_60MIN,TRUE,365,306,119,119,119,0.326027397260274,0.326027397260274,0.326027397260274,0,112,3540
CEMADEN,260840401C,JUREMA,JUREMA,CEMADEN,PLUVIOMETRICA_AUTOMATICA,2020,CEMADEN_MAX_GAP_60MIN,TRUE,366,149,1,1,1,0.00273224043715847,0.00273224043715847,0.00273224043715847,0,246,8340
CEMADEN,260840401C,JUREMA,JUREMA,CEMADEN,PLUVIOMETRICA_AUTOMATICA,2022,CEMADEN_MAX_GAP_60MIN,TRUE,365,244,239,239,239,0.654794520547945,0.654794520547945,0.654794520547945,0,104,60
CEMADEN,260840401C,JUREMA,JUREMA,CEMADEN,PLUVIOMETRICA_AUTOMATICA,2023,CEMADEN_MAX_GAP_60MIN,TRUE,365,195,186,186,186,0.50958904109589,0.50958904109589,0.50958904109589,0,107,60
CEMADEN,260845301A,LAGOA DO CARRO - APAC,LAGOA DO CARRO,CEMADEN,PLUVIOMETRICA_AUTOMATICA,2017,CEMADEN_MAX_GAP_60MIN,TRUE,365,43,11,12,12,0.0301369863013699,0.0328767123287671,0.0328767123287671,0,326,778.499999999997
CEMADEN,260845301A,LAGOA DO CARRO - APAC,LAGOA DO CARRO,CEMADEN,PLUVIOMETRICA_AUTOMATICA,2018,CEMADEN_MAX_GAP_60MIN,TRUE,365,365,300,314,318,0.821917808219178,0.86027397260274,0.871232876712329,0,6,120
CEMADEN,260845301A,LAGOA DO CARRO - APAC,LAGOA DO CARRO,CEMADEN,PLUVIOMETRICA_AUTOMATICA,2019,CEMADEN_MAX_GAP_60MIN,TRUE,365,352,297,307,317,0.813698630136986,0.841095890410959,0.868493150684932,0,12,413.999999999999
CEMADEN,260845301A,LAGOA DO CARRO - APAC,LAGOA DO CARRO,CEMADEN,PLUVIOMETRICA_AUTOMATICA,2020,CEMADEN_MAX_GAP_60MIN,TRUE,366,337,219,221,229,0.598360655737705,0.603825136612022,0.62568306010929,0,120,282
CEMADEN,260845301A,LAGOA DO CARRO - APAC,LAGOA DO CARRO,CEMADEN,PLUVIOMETRICA_AUTOMATICA,2021,CEMADEN_MAX_GAP_60MIN,TRUE,365,192,159,165,167,0.435616438356164,0.452054794520548,0.457534246575342,0,173,298.499999999996
CEMADEN,260845301A,LAGOA DO CARRO - APAC,LAGOA DO CARRO,CEMADEN,PLUVIOMETRICA_AUTOMATICA,2022,CEMADEN_MAX_GAP_60MIN,TRUE,365,365,325,332,336,0.89041095890411,0.90958904109589,0.920547945205479,0,5,120
CEMADEN,260845301A,LAGOA DO CARRO - APAC,LAGOA DO CARRO,CEMADEN,PLUVIOMETRICA_AUTOMATICA,2023,CEMADEN_MAX_GAP_60MIN,TRUE,365,365,320,325,326,0.876712328767123,0.89041095890411,0.893150684931507,0,4,120
CEMADEN,260845301A,LAGOA DO CARRO - APAC,LAGOA DO CARRO,CEMADEN,PLUVIOMETRICA_AUTOMATICA,2024,CEMADEN_MAX_GAP_60MIN,TRUE,366,366,325,335,343,0.887978142076503,0.915300546448087,0.937158469945355,0,7,110
CEMADEN,260845301A,LAGOA DO CARRO - APAC,LAGOA DO CARRO,CEMADEN,PLUVIOMETRICA_AUTOMATICA,2025,CEMADEN_MAX_GAP_60MIN,TRUE,365,266,212,221,230,0.580821917808219,0.605479452054795,0.63013698630137,0,100,120
CEMADEN,260850301A,LAGOA DO ITAENGA - APAC,LAGOA DE ITAENGA,CEMADEN,PLUVIOMETRICA_AUTOMATICA,2017,CEMADEN_MAX_GAP_60MIN,TRUE,365,43,7,9,11,0.0191780821917808,0.0246575342465753,0.0301369863013699,0,333,778.499999999997
CEMADEN,260850301A,LAGOA DO ITAENGA - APAC,LAGOA DE ITAENGA,CEMADEN,PLUVIOMETRICA_AUTOMATICA,2018,CEMADEN_MAX_GAP_60MIN,TRUE,365,365,277,305,317,0.758904109589041,0.835616438356164,0.868493150684932,0,14,120
CEMADEN,260850301A,LAGOA DO ITAENGA - APAC,LAGOA DE ITAENGA,CEMADEN,PLUVIOMETRICA_AUTOMATICA,2019,CEMADEN_MAX_GAP_60MIN,TRUE,365,352,284,297,303,0.778082191780822,0.813698630136986,0.83013698630137,0,12,1100.5
CEMADEN,260850301A,LAGOA DO ITAENGA - APAC,LAGOA DE ITAENGA,CEMADEN,PLUVIOMETRICA_AUTOMATICA,2020,CEMADEN_MAX_GAP_60MIN,TRUE,366,353,189,198,211,0.516393442622951,0.540983606557377,0.576502732240437,0,114,760
CEMADEN,260850301A,LAGOA DO ITAENGA - APAC,LAGOA DE ITAENGA,CEMADEN,PLUVIOMETRICA_AUTOMATICA,2021,CEMADEN_MAX_GAP_60MIN,TRUE,365,197,85,120,143,0.232876712328767,0.328767123287671,0.391780821917808,0,189,204
CEMADEN,260850301A,LAGOA DO ITAENGA - APAC,LAGOA DE ITAENGA,CEMADEN,PLUVIOMETRICA_AUTOMATICA,2022,CEMADEN_MAX_GAP_60MIN,TRUE,365,365,275,301,324,0.753424657534247,0.824657534246575,0.887671232876712,0,3,128
CEMADEN,260850301A,LAGOA DO ITAENGA - APAC,LAGOA DE ITAENGA,CEMADEN,PLUVIOMETRICA_AUTOMATICA,2023,CEMADEN_MAX_GAP_60MIN,TRUE,365,365,301,326,344,0.824657534246575,0.893150684931507,0.942465753424658,0,5,120
CEMADEN,260850301A,LAGOA DO ITAENGA - APAC,LAGOA DE ITAENGA,CEMADEN,PLUVIOMETRICA_AUTOMATICA,2024,CEMADEN_MAX_GAP_60MIN,TRUE,366,347,302,308,315,0.825136612021858,0.841530054644809,0.860655737704918,0,16,1490
CEMADEN,260850301A,LAGOA DO ITAENGA - APAC,LAGOA DE ITAENGA,CEMADEN,PLUVIOMETRICA_AUTOMATICA,2025,CEMADEN_MAX_GAP_60MIN,TRUE,365,231,199,204,208,0.545205479452055,0.558904109589041,0.56986301369863,0,120,1767.99999999997
CEMADEN,260860201A,LAGOA DO OURO - APAC,LAGOA DO OURO,CEMADEN,PLUVIOMETRICA_AUTOMATICA,2017,CEMADEN_MAX_GAP_60MIN,TRUE,365,18,6,6,6,0.0164383561643836,0.0164383561643836,0.0164383561643836,0,351,132
CEMADEN,260860201A,LAGOA DO OURO - APAC,LAGOA DO OURO,CEMADEN,PLUVIOMETRICA_AUTOMATICA,2018,CEMADEN_MAX_GAP_60MIN,TRUE,365,365,310,321,328,0.849315068493151,0.879452054794521,0.898630136986301,0,3,120
CEMADEN,260860201A,LAGOA DO OURO - APAC,LAGOA DO OURO,CEMADEN,PLUVIOMETRICA_AUTOMATICA,2019,CEMADEN_MAX_GAP_60MIN,TRUE,365,353,285,298,305,0.780821917808219,0.816438356164383,0.835616438356164,0,13,429.999999999999
CEMADEN,260860201A,LAGOA DO OURO - APAC,LAGOA DO OURO,CEMADEN,PLUVIOMETRICA_AUTOMATICA,2020,CEMADEN_MAX_GAP_60MIN,TRUE,366,286,72,78,86,0.19672131147541,0.213114754098361,0.234972677595628,0,163,2370
CEMADEN,260860201A,LAGOA DO OURO - APAC,LAGOA DO OURO,CEMADEN,PLUVIOMETRICA_AUTOMATICA,2021,CEMADEN_MAX_GAP_60MIN,TRUE,365,365,19,37,81,0.052054794520548,0.101369863013699,0.221917808219178,0,91,300
CEMADEN,260860201A,LAGOA DO OURO - APAC,LAGOA DO OURO,CEMADEN,PLUVIOMETRICA_AUTOMATICA,2022,CEMADEN_MAX_GAP_60MIN,TRUE,365,365,199,225,281,0.545205479452055,0.616438356164384,0.76986301369863,0,50,220
CEMADEN,260860201A,LAGOA DO OURO - APAC,LAGOA DO OURO,CEMADEN,PLUVIOMETRICA_AUTOMATICA,2023,CEMADEN_MAX_GAP_60MIN,TRUE,365,335,260,272,283,0.712328767123288,0.745205479452055,0.775342465753425,0,63,1741.00000000001
CEMADEN,260860201A,LAGOA DO OURO - APAC,LAGOA DO OURO,CEMADEN,PLUVIOMETRICA_AUTOMATICA,2024,CEMADEN_MAX_GAP_60MIN,TRUE,366,330,223,238,251,0.609289617486339,0.650273224043716,0.685792349726776,0,36,1059
CEMADEN,260860201A,LAGOA DO OURO - APAC,LAGOA DO OURO,CEMADEN,PLUVIOMETRICA_AUTOMATICA,2025,CEMADEN_MAX_GAP_60MIN,TRUE,365,365,309,329,346,0.846575342465753,0.901369863013699,0.947945205479452,0,3,90
CEMADEN,260870101A,Escola Eduardo Vasconcelos - APAC | LAGOA DOS GATOS - APAC,LAGOA DOS GATOS,CEMADEN,PLUVIOMETRICA_AUTOMATICA,2017,CEMADEN_MAX_GAP_60MIN,TRUE,365,32,13,15,15,0.0356164383561644,0.0410958904109589,0.0410958904109589,0,334,480
CEMADEN,260870101A,Escola Eduardo Vasconcelos - APAC | LAGOA DOS GATOS - APAC,LAGOA DOS GATOS,CEMADEN,PLUVIOMETRICA_AUTOMATICA,2018,CEMADEN_MAX_GAP_60MIN,TRUE,365,362,290,305,310,0.794520547945206,0.835616438356164,0.849315068493151,0,14,120
CEMADEN,260870101A,Escola Eduardo Vasconcelos - APAC | LAGOA DOS GATOS - APAC,LAGOA DOS GATOS,CEMADEN,PLUVIOMETRICA_AUTOMATICA,2019,CEMADEN_MAX_GAP_60MIN,TRUE,365,292,207,213,224,0.567123287671233,0.583561643835617,0.613698630136986,0,48,2680
CEMADEN,260870101A,Escola Eduardo Vasconcelos - APAC | LAGOA DOS GATOS - APAC,LAGOA DOS GATOS,CEMADEN,PLUVIOMETRICA_AUTOMATICA,2020,CEMADEN_MAX_GAP_60MIN,TRUE,366,366,159,185,227,0.434426229508197,0.505464480874317,0.620218579234973,0,18,317.5
CEMADEN,260870101A,Escola Eduardo Vasconcelos - APAC | LAGOA DOS GATOS - APAC,LAGOA DOS GATOS,CEMADEN,PLUVIOMETRICA_AUTOMATICA,2021,CEMADEN_MAX_GAP_60MIN,TRUE,365,361,175,182,186,0.479452054794521,0.498630136986301,0.50958904109589,0,141,1420
CEMADEN,260870101A,Escola Eduardo Vasconcelos - APAC | LAGOA DOS GATOS - APAC,LAGOA DOS GATOS,CEMADEN,PLUVIOMETRICA_AUTOMATICA,2022,CEMADEN_MAX_GAP_60MIN,TRUE,365,345,87,94,96,0.238356164383562,0.257534246575342,0.263013698630137,0,186,1430
CEMADEN,260870101A,Escola Eduardo Vasconcelos - APAC | LAGOA DOS GATOS - APAC,LAGOA DOS GATOS,CEMADEN,PLUVIOMETRICA_AUTOMATICA,2023,CEMADEN_MAX_GAP_60MIN,TRUE,365,365,325,334,338,0.89041095890411,0.915068493150685,0.926027397260274,0,5,120
CEMADEN,260870101A,Escola Eduardo Vasconcelos - APAC | LAGOA DOS GATOS - APAC,LAGOA DOS GATOS,CEMADEN,PLUVIOMETRICA_AUTOMATICA,2024,CEMADEN_MAX_GAP_60MIN,TRUE,366,366,338,350,358,0.923497267759563,0.956284153005464,0.978142076502732,0,2,70
CEMADEN,260870101A,Escola Eduardo Vasconcelos - APAC | LAGOA DOS GATOS - APAC,LAGOA DOS GATOS,CEMADEN,PLUVIOMETRICA_AUTOMATICA,2025,CEMADEN_MAX_GAP_60MIN,TRUE,365,365,329,341,348,0.901369863013699,0.934246575342466,0.953424657534246,0,2,80
CEMADEN,260870102A,G2-260870102A,LAGOA DOS GATOS,CEMADEN,PLUVIOMETRICA_AUTOMATICA,2025,CEMADEN_MAX_GAP_60MIN,TRUE,365,98,54,66,66,0.147945205479452,0.180821917808219,0.180821917808219,0,258,300
CEMADEN,260870103A,G2-260870103A | G2-Escola João Correia,LAGOA DOS GATOS,CEMADEN,PLUVIOMETRICA_AUTOMATICA,2025,CEMADEN_MAX_GAP_60MIN,TRUE,365,111,90,97,97,0.246575342465753,0.265753424657534,0.265753424657534,0,255,126
CEMADEN,260875001A,Jutaí,LAGOA GRANDE,CEMADEN,PLUVIOMETRICA_AUTOMATICA,2017,CEMADEN_MAX_GAP_60MIN,TRUE,365,158,132,133,134,0.361643835616438,0.364383561643836,0.367123287671233,0,177,142
CEMADEN,260875001A,Jutaí,LAGOA GRANDE,CEMADEN,PLUVIOMETRICA_AUTOMATICA,2018,CEMADEN_MAX_GAP_60MIN,TRUE,365,365,320,325,329,0.876712328767123,0.89041095890411,0.901369863013699,0,4,138
CEMADEN,260875001A,Jutaí,LAGOA GRANDE,CEMADEN,PLUVIOMETRICA_AUTOMATICA,2019,CEMADEN_MAX_GAP_60MIN,TRUE,365,346,252,263,267,0.69041095890411,0.72054794520548,0.731506849315069,0,17,880
CEMADEN,260875001A,Jutaí,LAGOA GRANDE,CEMADEN,PLUVIOMETRICA_AUTOMATICA,2020,CEMADEN_MAX_GAP_60MIN,TRUE,366,207,78,81,85,0.213114754098361,0.221311475409836,0.23224043715847,0,136,6189.99999999996
CEMADEN,260875001A,Jutaí,LAGOA GRANDE,CEMADEN,PLUVIOMETRICA_AUTOMATICA,2021,CEMADEN_MAX_GAP_60MIN,TRUE,365,289,209,214,218,0.572602739726027,0.586301369863014,0.597260273972603,0,71,523.999999999999
CEMADEN,260875001A,Jutaí,LAGOA GRANDE,CEMADEN,PLUVIOMETRICA_AUTOMATICA,2022,CEMADEN_MAX_GAP_60MIN,TRUE,365,365,310,312,320,0.849315068493151,0.854794520547945,0.876712328767123,0,7,468
CEMADEN,260875001A,Jutaí,LAGOA GRANDE,CEMADEN,PLUVIOMETRICA_AUTOMATICA,2023,CEMADEN_MAX_GAP_60MIN,TRUE,365,365,317,322,323,0.868493150684932,0.882191780821918,0.884931506849315,0,3,120
CEMADEN,260875001A,Jutaí,LAGOA GRANDE,CEMADEN,PLUVIOMETRICA_AUTOMATICA,2024,CEMADEN_MAX_GAP_60MIN,TRUE,366,362,333,337,340,0.909836065573771,0.920765027322404,0.92896174863388,0,6,119.5
CEMADEN,260875001A,Jutaí,LAGOA GRANDE,CEMADEN,PLUVIOMETRICA_AUTOMATICA,2025,CEMADEN_MAX_GAP_60MIN,TRUE,365,365,292,297,305,0.8,0.813698630136986,0.835616438356164,0,4,288.5
CEMADEN,260875001U,LAGOA GRANDE,LAGOA GRANDE,CEMADEN,PLUVIOMETRICA_AUTOMATICA,2018,CEMADEN_MAX_GAP_60MIN,TRUE,365,74,54,54,54,0.147945205479452,0.147945205479452,0.147945205479452,0,163,34691.9999999999
CEMADEN,260875001U,LAGOA GRANDE,LAGOA GRANDE,CEMADEN,PLUVIOMETRICA_AUTOMATICA,2019,CEMADEN_MAX_GAP_60MIN,TRUE,365,74,62,62,63,0.16986301369863,0.16986301369863,0.172602739726027,0,264,16860
CEMADEN,260875001U,LAGOA GRANDE,LAGOA GRANDE,CEMADEN,PLUVIOMETRICA_AUTOMATICA,2023,CEMADEN_MAX_GAP_60MIN,TRUE,365,76,60,60,60,0.164383561643836,0.164383561643836,0.164383561643836,0,154,75440
CEMADEN,260875001U,LAGOA GRANDE,LAGOA GRANDE,CEMADEN,PLUVIOMETRICA_AUTOMATICA,2024,CEMADEN_MAX_GAP_60MIN,TRUE,366,291,264,264,264,0.721311475409836,0.721311475409836,0.721311475409836,0,22,4405
CEMADEN,260875001U,LAGOA GRANDE,LAGOA GRANDE,CEMADEN,PLUVIOMETRICA_AUTOMATICA,2025,CEMADEN_MAX_GAP_60MIN,TRUE,365,344,335,335,335,0.917808219178082,0.917808219178082,0.917808219178082,0,22,60
CEMADEN,260875002A,Lagoa Grande [Antena Oi] - APAC,LAGOA GRANDE,CEMADEN,PLUVIOMETRICA_AUTOMATICA,2024,CEMADEN_MAX_GAP_60MIN,TRUE,366,272,0,0,0,0,0,0,0,366,1275
CEMADEN,260875002A,Lagoa Grande [Antena Oi] - APAC,LAGOA GRANDE,CEMADEN,PLUVIOMETRICA_AUTOMATICA,2025,CEMADEN_MAX_GAP_60MIN,TRUE,365,303,2,2,2,0.00547945205479452,0.00547945205479452,0.00547945205479452,0,282,885.999999999999
CEMADEN,260880001A,Centro,LAJEDO,CEMADEN,PLUVIOMETRICA_AUTOMATICA,2017,CEMADEN_MAX_GAP_60MIN,TRUE,365,364,326,331,338,0.893150684931507,0.906849315068493,0.926027397260274,0,5,120
CEMADEN,260880001A,Centro,LAJEDO,CEMADEN,PLUVIOMETRICA_AUTOMATICA,2018,CEMADEN_MAX_GAP_60MIN,TRUE,365,365,327,334,340,0.895890410958904,0.915068493150685,0.931506849315068,0,3,148
CEMADEN,260880001A,Centro,LAJEDO,CEMADEN,PLUVIOMETRICA_AUTOMATICA,2019,CEMADEN_MAX_GAP_60MIN,TRUE,365,361,294,305,310,0.805479452054795,0.835616438356164,0.849315068493151,0,15,520
CEMADEN,260880001A,Centro,LAJEDO,CEMADEN,PLUVIOMETRICA_AUTOMATICA,2020,CEMADEN_MAX_GAP_60MIN,TRUE,366,366,259,283,303,0.707650273224044,0.773224043715847,0.827868852459016,0,10,420
CEMADEN,260880001A,Centro,LAJEDO,CEMADEN,PLUVIOMETRICA_AUTOMATICA,2021,CEMADEN_MAX_GAP_60MIN,TRUE,365,365,324,328,328,0.887671232876712,0.898630136986301,0.898630136986301,0,7,120
CEMADEN,260880001A,Centro,LAJEDO,CEMADEN,PLUVIOMETRICA_AUTOMATICA,2022,CEMADEN_MAX_GAP_60MIN,TRUE,365,365,315,321,327,0.863013698630137,0.879452054794521,0.895890410958904,0,5,120
CEMADEN,260880001A,Centro,LAJEDO,CEMADEN,PLUVIOMETRICA_AUTOMATICA,2023,CEMADEN_MAX_GAP_60MIN,TRUE,365,346,325,328,332,0.89041095890411,0.898630136986301,0.90958904109589,0,22,77.5
CEMADEN,260880001A,Centro,LAJEDO,CEMADEN,PLUVIOMETRICA_AUTOMATICA,2024,CEMADEN_MAX_GAP_60MIN,TRUE,366,352,292,300,302,0.797814207650273,0.819672131147541,0.825136612021858,0,37,1434.5
CEMADEN,260880001A,Centro,LAJEDO,CEMADEN,PLUVIOMETRICA_AUTOMATICA,2025,CEMADEN_MAX_GAP_60MIN,TRUE,365,281,98,106,109,0.268493150684932,0.29041095890411,0.298630136986301,0,155,4736.5
CEMADEN,260880001C,LAJEDO,LAJEDO,CEMADEN,PLUVIOMETRICA_AUTOMATICA,2017,CEMADEN_MAX_GAP_60MIN,TRUE,365,110,11,11,11,0.0301369863013699,0.0301369863013699,0.0301369863013699,0,180,19730
CEMADEN,260880001C,LAJEDO,LAJEDO,CEMADEN,PLUVIOMETRICA_AUTOMATICA,2018,CEMADEN_MAX_GAP_60MIN,TRUE,365,299,280,280,280,0.767123287671233,0.767123287671233,0.767123287671233,0,49,1260
CEMADEN,260880001C,LAJEDO,LAJEDO,CEMADEN,PLUVIOMETRICA_AUTOMATICA,2019,CEMADEN_MAX_GAP_60MIN,TRUE,365,326,259,259,259,0.70958904109589,0.70958904109589,0.70958904109589,0,54,3585
CEMADEN,260880001C,LAJEDO,LAJEDO,CEMADEN,PLUVIOMETRICA_AUTOMATICA,2020,CEMADEN_MAX_GAP_60MIN,TRUE,366,260,42,42,42,0.114754098360656,0.114754098360656,0.114754098360656,0,275,2532
CEMADEN,260880001C,LAJEDO,LAJEDO,CEMADEN,PLUVIOMETRICA_AUTOMATICA,2021,CEMADEN_MAX_GAP_60MIN,TRUE,365,289,8,8,8,0.0219178082191781,0.0219178082191781,0.0219178082191781,0,135,5280
CEMADEN,260880001C,LAJEDO,LAJEDO,CEMADEN,PLUVIOMETRICA_AUTOMATICA,2022,CEMADEN_MAX_GAP_60MIN,TRUE,365,201,0,0,0,0,0,0,0,365,4500
CEMADEN,260880001C,LAJEDO,LAJEDO,CEMADEN,PLUVIOMETRICA_AUTOMATICA,2023,CEMADEN_MAX_GAP_60MIN,TRUE,365,105,0,0,0,0,0,0,0,365,5340
CEMADEN,260880001C,LAJEDO,LAJEDO,CEMADEN,PLUVIOMETRICA_AUTOMATICA,2024,CEMADEN_MAX_GAP_60MIN,TRUE,366,23,0,0,0,0,0,0,0,366,41190
CEMADEN,260890901A,LIMOEIRO - APAC,LIMOEIRO,CEMADEN,PLUVIOMETRICA_AUTOMATICA,2017,CEMADEN_MAX_GAP_60MIN,TRUE,365,20,2,3,3,0.00547945205479452,0.00821917808219178,0.00821917808219178,0,342,13010
CEMADEN,260890901A,LIMOEIRO - APAC,LIMOEIRO,CEMADEN,PLUVIOMETRICA_AUTOMATICA,2018,CEMADEN_MAX_GAP_60MIN,TRUE,365,365,289,300,311,0.791780821917808,0.821917808219178,0.852054794520548,0,14,120
CEMADEN,260890901A,LIMOEIRO - APAC,LIMOEIRO,CEMADEN,PLUVIOMETRICA_AUTOMATICA,2019,CEMADEN_MAX_GAP_60MIN,TRUE,365,349,277,287,297,0.758904109589041,0.786301369863014,0.813698630136986,0,12,289.999999999995
CEMADEN,260890901A,LIMOEIRO - APAC,LIMOEIRO,CEMADEN,PLUVIOMETRICA_AUTOMATICA,2020,CEMADEN_MAX_GAP_60MIN,TRUE,366,286,247,255,258,0.674863387978142,0.69672131147541,0.704918032786885,0,65,120
CEMADEN,260890901A,LIMOEIRO - APAC,LIMOEIRO,CEMADEN,PLUVIOMETRICA_AUTOMATICA,2021,CEMADEN_MAX_GAP_60MIN,TRUE,365,147,115,121,133,0.315068493150685,0.331506849315069,0.364383561643836,0,219,120
CEMADEN,260890901A,LIMOEIRO - APAC,LIMOEIRO,CEMADEN,PLUVIOMETRICA_AUTOMATICA,2022,CEMADEN_MAX_GAP_60MIN,TRUE,365,347,283,300,314,0.775342465753425,0.821917808219178,0.86027397260274,0,21,130
CEMADEN,260890901A,LIMOEIRO - APAC,LIMOEIRO,CEMADEN,PLUVIOMETRICA_AUTOMATICA,2023,CEMADEN_MAX_GAP_60MIN,TRUE,365,283,245,251,253,0.671232876712329,0.687671232876712,0.693150684931507,0,108,2773
CEMADEN,260890901A,LIMOEIRO - APAC,LIMOEIRO,CEMADEN,PLUVIOMETRICA_AUTOMATICA,2024,CEMADEN_MAX_GAP_60MIN,TRUE,366,366,350,355,360,0.956284153005464,0.969945355191257,0.983606557377049,0,2,60
CEMADEN,260890901A,LIMOEIRO - APAC,LIMOEIRO,CEMADEN,PLUVIOMETRICA_AUTOMATICA,2025,CEMADEN_MAX_GAP_60MIN,TRUE,365,365,341,347,351,0.934246575342466,0.950684931506849,0.961643835616438,0,2,70
CEMADEN,260900601A,MACAPARANA - APAC,MACAPARANA,CEMADEN,PLUVIOMETRICA_AUTOMATICA,2017,CEMADEN_MAX_GAP_60MIN,TRUE,365,41,19,20,20,0.052054794520548,0.0547945205479452,0.0547945205479452,0,329,161
CEMADEN,260900601A,MACAPARANA - APAC,MACAPARANA,CEMADEN,PLUVIOMETRICA_AUTOMATICA,2018,CEMADEN_MAX_GAP_60MIN,TRUE,365,365,319,334,340,0.873972602739726,0.915068493150685,0.931506849315068,0,4,120
CEMADEN,260900601A,MACAPARANA - APAC,MACAPARANA,CEMADEN,PLUVIOMETRICA_AUTOMATICA,2019,CEMADEN_MAX_GAP_60MIN,TRUE,365,351,309,318,324,0.846575342465753,0.871232876712329,0.887671232876712,0,13,315
CEMADEN,260900601A,MACAPARANA - APAC,MACAPARANA,CEMADEN,PLUVIOMETRICA_AUTOMATICA,2020,CEMADEN_MAX_GAP_60MIN,TRUE,366,182,6,6,6,0.0163934426229508,0.0163934426229508,0.0163934426229508,0,359,2610
CEMADEN,260900601A,MACAPARANA - APAC,MACAPARANA,CEMADEN,PLUVIOMETRICA_AUTOMATICA,2021,CEMADEN_MAX_GAP_60MIN,TRUE,365,175,139,148,153,0.380821917808219,0.405479452054795,0.419178082191781,0,164,160
CEMADEN,260900601A,MACAPARANA - APAC,MACAPARANA,CEMADEN,PLUVIOMETRICA_AUTOMATICA,2022,CEMADEN_MAX_GAP_60MIN,TRUE,365,65,41,45,49,0.112328767123288,0.123287671232877,0.134246575342466,0,134,108560
CEMADEN,260900601A,MACAPARANA - APAC,MACAPARANA,CEMADEN,PLUVIOMETRICA_AUTOMATICA,2023,CEMADEN_MAX_GAP_60MIN,TRUE,365,365,260,282,322,0.712328767123288,0.772602739726028,0.882191780821918,0,5,198
CEMADEN,260900601A,MACAPARANA - APAC,MACAPARANA,CEMADEN,PLUVIOMETRICA_AUTOMATICA,2024,CEMADEN_MAX_GAP_60MIN,TRUE,366,358,265,284,329,0.724043715846995,0.775956284153005,0.898907103825137,0,9,127.499999999999
CEMADEN,260900601A,MACAPARANA - APAC,MACAPARANA,CEMADEN,PLUVIOMETRICA_AUTOMATICA,2025,CEMADEN_MAX_GAP_60MIN,TRUE,365,219,152,165,192,0.416438356164384,0.452054794520548,0.526027397260274,0,120,1210.99999999999
CEMADEN,260910501A,MACHADOS - APAC,MACHADOS,CEMADEN,PLUVIOMETRICA_AUTOMATICA,2017,CEMADEN_MAX_GAP_60MIN,TRUE,365,29,6,11,12,0.0164383561643836,0.0301369863013699,0.0328767123287671,0,346,149.5
CEMADEN,260910501A,MACHADOS - APAC,MACHADOS,CEMADEN,PLUVIOMETRICA_AUTOMATICA,2018,CEMADEN_MAX_GAP_60MIN,TRUE,365,365,251,284,295,0.687671232876712,0.778082191780822,0.808219178082192,0,7,120
CEMADEN,260910501A,MACHADOS - APAC,MACHADOS,CEMADEN,PLUVIOMETRICA_AUTOMATICA,2019,CEMADEN_MAX_GAP_60MIN,TRUE,365,350,240,262,274,0.657534246575342,0.717808219178082,0.750684931506849,0,13,800
CEMADEN,260910501A,MACHADOS - APAC,MACHADOS,CEMADEN,PLUVIOMETRICA_AUTOMATICA,2020,CEMADEN_MAX_GAP_60MIN,TRUE,366,366,206,242,259,0.562841530054645,0.66120218579235,0.707650273224044,0,7,180
CEMADEN,260910501A,MACHADOS - APAC,MACHADOS,CEMADEN,PLUVIOMETRICA_AUTOMATICA,2021,CEMADEN_MAX_GAP_60MIN,TRUE,365,365,196,208,228,0.536986301369863,0.56986301369863,0.624657534246575,0,8,180
CEMADEN,260910501A,MACHADOS - APAC,MACHADOS,CEMADEN,PLUVIOMETRICA_AUTOMATICA,2022,CEMADEN_MAX_GAP_60MIN,TRUE,365,365,238,271,287,0.652054794520548,0.742465753424658,0.786301369863014,0,6,128
CEMADEN,260910501A,MACHADOS - APAC,MACHADOS,CEMADEN,PLUVIOMETRICA_AUTOMATICA,2023,CEMADEN_MAX_GAP_60MIN,TRUE,365,365,257,305,326,0.704109589041096,0.835616438356164,0.893150684931507,0,5,130
CEMADEN,260910501A,MACHADOS - APAC,MACHADOS,CEMADEN,PLUVIOMETRICA_AUTOMATICA,2024,CEMADEN_MAX_GAP_60MIN,TRUE,366,313,269,276,279,0.734972677595629,0.754098360655738,0.762295081967213,0,36,214
CEMADEN,260910501A,MACHADOS - APAC,MACHADOS,CEMADEN,PLUVIOMETRICA_AUTOMATICA,2025,CEMADEN_MAX_GAP_60MIN,TRUE,365,324,277,282,284,0.758904109589041,0.772602739726028,0.778082191780822,0,38,1910
CEMADEN,260915401A,Manari [Maria Alzira] - APAC,MANARI,CEMADEN,PLUVIOMETRICA_AUTOMATICA,2024,CEMADEN_MAX_GAP_60MIN,TRUE,366,193,167,173,178,0.456284153005465,0.472677595628415,0.486338797814208,0,170,244.999999999999
CEMADEN,260915401A,Manari [Maria Alzira] - APAC,MANARI,CEMADEN,PLUVIOMETRICA_AUTOMATICA,2025,CEMADEN_MAX_GAP_60MIN,TRUE,365,365,322,342,345,0.882191780821918,0.936986301369863,0.945205479452055,0,2,96.9999999999993
CEMADEN,260915401C,MANARI,MANARI,CEMADEN,PLUVIOMETRICA_AUTOMATICA,2017,CEMADEN_MAX_GAP_60MIN,TRUE,365,124,44,44,44,0.120547945205479,0.120547945205479,0.120547945205479,0,157,11520
CEMADEN,260915401C,MANARI,MANARI,CEMADEN,PLUVIOMETRICA_AUTOMATICA,2018,CEMADEN_MAX_GAP_60MIN,TRUE,365,331,311,311,311,0.852054794520548,0.852054794520548,0.852054794520548,0,30,660
CEMADEN,260915401C,MANARI,MANARI,CEMADEN,PLUVIOMETRICA_AUTOMATICA,2019,CEMADEN_MAX_GAP_60MIN,TRUE,365,90,45,45,45,0.123287671232877,0.123287671232877,0.123287671232877,0,282,23384.9999999999
CEMADEN,260915401C,MANARI,MANARI,CEMADEN,PLUVIOMETRICA_AUTOMATICA,2020,CEMADEN_MAX_GAP_60MIN,TRUE,366,6,0,0,0,0,0,0,0,366,60540
CEMADEN,260920401A,Centro,MARAIAL,CEMADEN,PLUVIOMETRICA_AUTOMATICA,2017,CEMADEN_MAX_GAP_60MIN,TRUE,365,365,341,345,352,0.934246575342466,0.945205479452055,0.964383561643836,0,2,78.4999999999997
CEMADEN,260920401A,Centro,MARAIAL,CEMADEN,PLUVIOMETRICA_AUTOMATICA,2018,CEMADEN_MAX_GAP_60MIN,TRUE,365,365,315,337,346,0.863013698630137,0.923287671232877,0.947945205479452,0,3,96.0000000000002
CEMADEN,260920401A,Centro,MARAIAL,CEMADEN,PLUVIOMETRICA_AUTOMATICA,2019,CEMADEN_MAX_GAP_60MIN,TRUE,365,205,161,169,174,0.441095890410959,0.463013698630137,0.476712328767123,0,171,708
CEMADEN,260920401A,Centro,MARAIAL,CEMADEN,PLUVIOMETRICA_AUTOMATICA,2020,CEMADEN_MAX_GAP_60MIN,TRUE,366,190,145,153,160,0.396174863387978,0.418032786885246,0.437158469945355,0,177,361
CEMADEN,260920401A,Centro,MARAIAL,CEMADEN,PLUVIOMETRICA_AUTOMATICA,2021,CEMADEN_MAX_GAP_60MIN,TRUE,365,364,278,294,311,0.761643835616438,0.805479452054795,0.852054794520548,0,5,166.999999999999
CEMADEN,260920401A,Centro,MARAIAL,CEMADEN,PLUVIOMETRICA_AUTOMATICA,2022,CEMADEN_MAX_GAP_60MIN,TRUE,365,306,182,188,196,0.498630136986301,0.515068493150685,0.536986301369863,0,110,847.5
CEMADEN,260920401A,Centro,MARAIAL,CEMADEN,PLUVIOMETRICA_AUTOMATICA,2023,CEMADEN_MAX_GAP_60MIN,TRUE,365,357,116,118,125,0.317808219178082,0.323287671232877,0.342465753424658,0,181,1302
CEMADEN,260920401A,Centro,MARAIAL,CEMADEN,PLUVIOMETRICA_AUTOMATICA,2024,CEMADEN_MAX_GAP_60MIN,TRUE,366,295,179,190,195,0.489071038251366,0.519125683060109,0.532786885245902,0,66,1718
CEMADEN,260920401A,Centro,MARAIAL,CEMADEN,PLUVIOMETRICA_AUTOMATICA,2025,CEMADEN_MAX_GAP_60MIN,TRUE,365,364,305,317,319,0.835616438356164,0.868493150684932,0.873972602739726,0,7,260
CEMADEN,260920402A,Sertãozinho de Cima,MARAIAL,CEMADEN,PLUVIOMETRICA_AUTOMATICA,2017,CEMADEN_MAX_GAP_60MIN,TRUE,365,365,344,347,351,0.942465753424658,0.950684931506849,0.961643835616438,0,4,70
CEMADEN,260920402A,Sertãozinho de Cima,MARAIAL,CEMADEN,PLUVIOMETRICA_AUTOMATICA,2018,CEMADEN_MAX_GAP_60MIN,TRUE,365,365,319,333,339,0.873972602739726,0.912328767123288,0.928767123287671,0,8,120
CEMADEN,260920402A,Sertãozinho de Cima,MARAIAL,CEMADEN,PLUVIOMETRICA_AUTOMATICA,2019,CEMADEN_MAX_GAP_60MIN,TRUE,365,362,256,272,286,0.701369863013699,0.745205479452055,0.783561643835617,0,20,740
CEMADEN,260920402A,Sertãozinho de Cima,MARAIAL,CEMADEN,PLUVIOMETRICA_AUTOMATICA,2020,CEMADEN_MAX_GAP_60MIN,TRUE,366,365,171,195,229,0.467213114754098,0.532786885245902,0.62568306010929,0,21,398
CEMADEN,260920402A,Sertãozinho de Cima,MARAIAL,CEMADEN,PLUVIOMETRICA_AUTOMATICA,2021,CEMADEN_MAX_GAP_60MIN,TRUE,365,363,301,309,317,0.824657534246575,0.846575342465753,0.868493150684932,0,9,120
CEMADEN,260920402A,Sertãozinho de Cima,MARAIAL,CEMADEN,PLUVIOMETRICA_AUTOMATICA,2022,CEMADEN_MAX_GAP_60MIN,TRUE,365,155,139,141,143,0.380821917808219,0.386301369863014,0.391780821917808,0,211,126
CEMADEN,260920402A,Sertãozinho de Cima,MARAIAL,CEMADEN,PLUVIOMETRICA_AUTOMATICA,2025,CEMADEN_MAX_GAP_60MIN,TRUE,365,2,0,0,0,0,0,0,0,365,1581470
CEMADEN,260920403A,MARAIAL - APAC,MARAIAL,CEMADEN,PLUVIOMETRICA_AUTOMATICA,2019,CEMADEN_MAX_GAP_60MIN,TRUE,365,2,0,0,0,0,0,0,0,365,427600
CEMADEN,260920403A,MARAIAL - APAC,MARAIAL,CEMADEN,PLUVIOMETRICA_AUTOMATICA,2020,CEMADEN_MAX_GAP_60MIN,TRUE,366,3,0,0,0,0,0,0,0,366,406282
CEMADEN,260930301A,Mirandiba [Creche] - APAC,MIRANDIBA,CEMADEN,PLUVIOMETRICA_AUTOMATICA,2024,CEMADEN_MAX_GAP_60MIN,TRUE,366,122,90,95,95,0.245901639344262,0.259562841530055,0.259562841530055,0,241,1390
CEMADEN,260930301A,Mirandiba [Creche] - APAC,MIRANDIBA,CEMADEN,PLUVIOMETRICA_AUTOMATICA,2025,CEMADEN_MAX_GAP_60MIN,TRUE,365,355,272,278,290,0.745205479452055,0.761643835616438,0.794520547945206,0,9,1540
CEMADEN,260930301C,MIRANDIBA,MIRANDIBA,CEMADEN,PLUVIOMETRICA_AUTOMATICA,2017,CEMADEN_MAX_GAP_60MIN,TRUE,365,123,13,13,13,0.0356164383561644,0.0356164383561644,0.0356164383561644,0,190,19967.4999999999
CEMADEN,260930301C,MIRANDIBA,MIRANDIBA,CEMADEN,PLUVIOMETRICA_AUTOMATICA,2018,CEMADEN_MAX_GAP_60MIN,TRUE,365,324,301,301,301,0.824657534246575,0.824657534246575,0.824657534246575,0,33,1020
CEMADEN,260930301C,MIRANDIBA,MIRANDIBA,CEMADEN,PLUVIOMETRICA_AUTOMATICA,2019,CEMADEN_MAX_GAP_60MIN,TRUE,365,227,202,202,202,0.553424657534247,0.553424657534247,0.553424657534247,0,126,3510
CEMADEN,260930301C,MIRANDIBA,MIRANDIBA,CEMADEN,PLUVIOMETRICA_AUTOMATICA,2020,CEMADEN_MAX_GAP_60MIN,TRUE,366,110,92,92,92,0.251366120218579,0.251366120218579,0.251366120218579,0,103,24480
CEMADEN,260930301C,MIRANDIBA,MIRANDIBA,CEMADEN,PLUVIOMETRICA_AUTOMATICA,2022,CEMADEN_MAX_GAP_60MIN,TRUE,365,182,171,171,171,0.468493150684932,0.468493150684932,0.468493150684932,0,179,120
CEMADEN,260930301C,MIRANDIBA,MIRANDIBA,CEMADEN,PLUVIOMETRICA_AUTOMATICA,2023,CEMADEN_MAX_GAP_60MIN,TRUE,365,323,283,283,283,0.775342465753425,0.775342465753425,0.775342465753425,0,22,1500
CEMADEN,260930301C,MIRANDIBA,MIRANDIBA,CEMADEN,PLUVIOMETRICA_AUTOMATICA,2024,CEMADEN_MAX_GAP_60MIN,TRUE,366,328,143,143,143,0.390710382513661,0.390710382513661,0.390710382513661,0,122,3240
CEMADEN,260930301C,MIRANDIBA,MIRANDIBA,CEMADEN,PLUVIOMETRICA_AUTOMATICA,2025,CEMADEN_MAX_GAP_60MIN,TRUE,365,320,277,277,277,0.758904109589041,0.758904109589041,0.758904109589041,0,45,960
CEMADEN,260940201A,Bonança,MORENO,CEMADEN,PLUVIOMETRICA_AUTOMATICA,2017,CEMADEN_MAX_GAP_60MIN,TRUE,365,365,340,346,349,0.931506849315068,0.947945205479452,0.956164383561644,0,2,70
CEMADEN,260940201A,Bonança,MORENO,CEMADEN,PLUVIOMETRICA_AUTOMATICA,2018,CEMADEN_MAX_GAP_60MIN,TRUE,365,365,336,346,348,0.920547945205479,0.947945205479452,0.953424657534246,0,2,78.0000000000001
CEMADEN,260940201A,Bonança,MORENO,CEMADEN,PLUVIOMETRICA_AUTOMATICA,2019,CEMADEN_MAX_GAP_60MIN,TRUE,365,336,275,285,287,0.753424657534247,0.780821917808219,0.786301369863014,0,19,680
CEMADEN,260940201A,Bonança,MORENO,CEMADEN,PLUVIOMETRICA_AUTOMATICA,2020,CEMADEN_MAX_GAP_60MIN,TRUE,366,198,174,176,181,0.475409836065574,0.480874316939891,0.494535519125683,0,168,498.999999999999
CEMADEN,260940201A,Bonança,MORENO,CEMADEN,PLUVIOMETRICA_AUTOMATICA,2021,CEMADEN_MAX_GAP_60MIN,TRUE,365,361,321,328,334,0.879452054794521,0.898630136986301,0.915068493150685,0,7,250
CEMADEN,260940201A,Bonança,MORENO,CEMADEN,PLUVIOMETRICA_AUTOMATICA,2022,CEMADEN_MAX_GAP_60MIN,TRUE,365,249,212,220,227,0.580821917808219,0.602739726027397,0.621917808219178,0,93,272
CEMADEN,260940201A,Bonança,MORENO,CEMADEN,PLUVIOMETRICA_AUTOMATICA,2023,CEMADEN_MAX_GAP_60MIN,TRUE,365,112,81,88,90,0.221917808219178,0.241095890410959,0.246575342465753,0,181,3981.99999999996
CEMADEN,260940201A,Bonança,MORENO,CEMADEN,PLUVIOMETRICA_AUTOMATICA,2024,CEMADEN_MAX_GAP_60MIN,TRUE,366,366,337,353,356,0.920765027322404,0.96448087431694,0.972677595628415,0,3,70
CEMADEN,260940201A,Bonança,MORENO,CEMADEN,PLUVIOMETRICA_AUTOMATICA,2025,CEMADEN_MAX_GAP_60MIN,TRUE,365,365,340,354,360,0.931506849315068,0.96986301369863,0.986301369863014,0,2,70
CEMADEN,260940202A,Centro,MORENO,CEMADEN,PLUVIOMETRICA_AUTOMATICA,2017,CEMADEN_MAX_GAP_60MIN,TRUE,365,315,289,290,290,0.791780821917808,0.794520547945206,0.794520547945206,0,51,120
CEMADEN,260940202A,Centro,MORENO,CEMADEN,PLUVIOMETRICA_AUTOMATICA,2018,CEMADEN_MAX_GAP_60MIN,TRUE,365,365,337,341,344,0.923287671232877,0.934246575342466,0.942465753424658,0,2,118
CEMADEN,260940202A,Centro,MORENO,CEMADEN,PLUVIOMETRICA_AUTOMATICA,2019,CEMADEN_MAX_GAP_60MIN,TRUE,365,356,304,314,318,0.832876712328767,0.86027397260274,0.871232876712329,0,12,650
CEMADEN,260940202A,Centro,MORENO,CEMADEN,PLUVIOMETRICA_AUTOMATICA,2020,CEMADEN_MAX_GAP_60MIN,TRUE,366,366,338,345,354,0.923497267759563,0.942622950819672,0.967213114754098,0,3,80
CEMADEN,260940202A,Centro,MORENO,CEMADEN,PLUVIOMETRICA_AUTOMATICA,2021,CEMADEN_MAX_GAP_60MIN,TRUE,365,364,338,346,348,0.926027397260274,0.947945205479452,0.953424657534246,0,6,70
CEMADEN,260940202A,Centro,MORENO,CEMADEN,PLUVIOMETRICA_AUTOMATICA,2022,CEMADEN_MAX_GAP_60MIN,TRUE,365,365,322,332,338,0.882191780821918,0.90958904109589,0.926027397260274,0,4,120
CEMADEN,260940202A,Centro,MORENO,CEMADEN,PLUVIOMETRICA_AUTOMATICA,2023,CEMADEN_MAX_GAP_60MIN,TRUE,365,363,340,351,353,0.931506849315068,0.961643835616438,0.967123287671233,0,5,70
CEMADEN,260940202A,Centro,MORENO,CEMADEN,PLUVIOMETRICA_AUTOMATICA,2024,CEMADEN_MAX_GAP_60MIN,TRUE,366,343,285,295,300,0.778688524590164,0.806010928961749,0.819672131147541,0,24,1399
CEMADEN,260940202A,Centro,MORENO,CEMADEN,PLUVIOMETRICA_AUTOMATICA,2025,CEMADEN_MAX_GAP_60MIN,TRUE,365,365,302,318,325,0.827397260273973,0.871232876712329,0.89041095890411,0,6,186.999999999999
CEMADEN,260950101A,Engenho Coqueiro,NAZARÉ DA MATA,CEMADEN,PLUVIOMETRICA_AUTOMATICA,2017,CEMADEN_MAX_GAP_60MIN,TRUE,365,363,343,344,346,0.93972602739726,0.942465753424658,0.947945205479452,0,3,69.4999999999999
CEMADEN,260950101A,Engenho Coqueiro,NAZARÉ DA MATA,CEMADEN,PLUVIOMETRICA_AUTOMATICA,2018,CEMADEN_MAX_GAP_60MIN,TRUE,365,365,334,347,352,0.915068493150685,0.950684931506849,0.964383561643836,0,3,70
CEMADEN,260950101A,Engenho Coqueiro,NAZARÉ DA MATA,CEMADEN,PLUVIOMETRICA_AUTOMATICA,2019,CEMADEN_MAX_GAP_60MIN,TRUE,365,354,290,299,305,0.794520547945206,0.819178082191781,0.835616438356164,0,17,730
CEMADEN,260950101A,Engenho Coqueiro,NAZARÉ DA MATA,CEMADEN,PLUVIOMETRICA_AUTOMATICA,2020,CEMADEN_MAX_GAP_60MIN,TRUE,366,366,242,272,303,0.66120218579235,0.743169398907104,0.827868852459016,0,8,492.5
CEMADEN,260950101A,Engenho Coqueiro,NAZARÉ DA MATA,CEMADEN,PLUVIOMETRICA_AUTOMATICA,2021,CEMADEN_MAX_GAP_60MIN,TRUE,365,332,173,202,218,0.473972602739726,0.553424657534247,0.597260273972603,0,84,2100
CEMADEN,260950101A,Engenho Coqueiro,NAZARÉ DA MATA,CEMADEN,PLUVIOMETRICA_AUTOMATICA,2022,CEMADEN_MAX_GAP_60MIN,TRUE,365,253,57,59,61,0.156164383561644,0.161643835616438,0.167123287671233,0,184,4203.99999999998
CEMADEN,260950101A,Engenho Coqueiro,NAZARÉ DA MATA,CEMADEN,PLUVIOMETRICA_AUTOMATICA,2023,CEMADEN_MAX_GAP_60MIN,TRUE,365,259,10,10,10,0.0273972602739726,0.0273972602739726,0.0273972602739726,0,236,3633.99999999998
CEMADEN,260950102A,Centro,NAZARÉ DA MATA,CEMADEN,PLUVIOMETRICA_AUTOMATICA,2017,CEMADEN_MAX_GAP_60MIN,TRUE,365,365,343,346,349,0.93972602739726,0.947945205479452,0.956164383561644,0,3,70
CEMADEN,260950102A,Centro,NAZARÉ DA MATA,CEMADEN,PLUVIOMETRICA_AUTOMATICA,2018,CEMADEN_MAX_GAP_60MIN,TRUE,365,365,341,346,350,0.934246575342466,0.947945205479452,0.958904109589041,0,2,78.0000000000001
CEMADEN,260950102A,Centro,NAZARÉ DA MATA,CEMADEN,PLUVIOMETRICA_AUTOMATICA,2019,CEMADEN_MAX_GAP_60MIN,TRUE,365,353,275,290,299,0.753424657534247,0.794520547945206,0.819178082191781,0,15,715.999999999998
CEMADEN,260950102A,Centro,NAZARÉ DA MATA,CEMADEN,PLUVIOMETRICA_AUTOMATICA,2020,CEMADEN_MAX_GAP_60MIN,TRUE,366,366,241,272,300,0.658469945355191,0.743169398907104,0.819672131147541,0,8,510
CEMADEN,260950102A,Centro,NAZARÉ DA MATA,CEMADEN,PLUVIOMETRICA_AUTOMATICA,2021,CEMADEN_MAX_GAP_60MIN,TRUE,365,168,152,153,156,0.416438356164384,0.419178082191781,0.427397260273973,0,199,120
CEMADEN,260950102A,Centro,NAZARÉ DA MATA,CEMADEN,PLUVIOMETRICA_AUTOMATICA,2022,CEMADEN_MAX_GAP_60MIN,TRUE,365,159,130,132,135,0.356164383561644,0.361643835616438,0.36986301369863,0,208,206.999999999998
CEMADEN,260950102A,Centro,NAZARÉ DA MATA,CEMADEN,PLUVIOMETRICA_AUTOMATICA,2023,CEMADEN_MAX_GAP_60MIN,TRUE,365,365,325,328,334,0.89041095890411,0.898630136986301,0.915068493150685,0,6,120
CEMADEN,260950102A,Centro,NAZARÉ DA MATA,CEMADEN,PLUVIOMETRICA_AUTOMATICA,2024,CEMADEN_MAX_GAP_60MIN,TRUE,366,366,353,358,360,0.96448087431694,0.978142076502732,0.983606557377049,0,2,60
CEMADEN,260950102A,Centro,NAZARÉ DA MATA,CEMADEN,PLUVIOMETRICA_AUTOMATICA,2025,CEMADEN_MAX_GAP_60MIN,TRUE,365,365,327,337,347,0.895890410958904,0.923287671232877,0.950684931506849,0,10,90
CEMADEN,260950103A,Fazenda Sertãozinho,NAZARÉ DA MATA,CEMADEN,PLUVIOMETRICA_AUTOMATICA,2017,CEMADEN_MAX_GAP_60MIN,TRUE,365,352,324,327,330,0.887671232876712,0.895890410958904,0.904109589041096,0,12,120
CEMADEN,260950103A,Fazenda Sertãozinho,NAZARÉ DA MATA,CEMADEN,PLUVIOMETRICA_AUTOMATICA,2018,CEMADEN_MAX_GAP_60MIN,TRUE,365,365,341,344,350,0.934246575342466,0.942465753424658,0.958904109589041,0,2,80
CEMADEN,260950103A,Fazenda Sertãozinho,NAZARÉ DA MATA,CEMADEN,PLUVIOMETRICA_AUTOMATICA,2019,CEMADEN_MAX_GAP_60MIN,TRUE,365,353,272,286,295,0.745205479452055,0.783561643835617,0.808219178082192,0,15,694
CEMADEN,260950103A,Fazenda Sertãozinho,NAZARÉ DA MATA,CEMADEN,PLUVIOMETRICA_AUTOMATICA,2020,CEMADEN_MAX_GAP_60MIN,TRUE,366,366,257,290,311,0.702185792349727,0.792349726775956,0.849726775956284,0,8,540
CEMADEN,260950103A,Fazenda Sertãozinho,NAZARÉ DA MATA,CEMADEN,PLUVIOMETRICA_AUTOMATICA,2021,CEMADEN_MAX_GAP_60MIN,TRUE,365,353,306,313,321,0.838356164383562,0.857534246575342,0.879452054794521,0,14,120
CEMADEN,260950103A,Fazenda Sertãozinho,NAZARÉ DA MATA,CEMADEN,PLUVIOMETRICA_AUTOMATICA,2022,CEMADEN_MAX_GAP_60MIN,TRUE,365,365,310,318,323,0.849315068493151,0.871232876712329,0.884931506849315,0,5,120
CEMADEN,260950103A,Fazenda Sertãozinho,NAZARÉ DA MATA,CEMADEN,PLUVIOMETRICA_AUTOMATICA,2023,CEMADEN_MAX_GAP_60MIN,TRUE,365,365,338,347,356,0.926027397260274,0.950684931506849,0.975342465753425,0,3,70
CEMADEN,260950103A,Fazenda Sertãozinho,NAZARÉ DA MATA,CEMADEN,PLUVIOMETRICA_AUTOMATICA,2024,CEMADEN_MAX_GAP_60MIN,TRUE,366,68,62,63,63,0.169398907103825,0.172131147540984,0.172131147540984,0,299,120
CEMADEN,260950103A,Fazenda Sertãozinho,NAZARÉ DA MATA,CEMADEN,PLUVIOMETRICA_AUTOMATICA,2025,CEMADEN_MAX_GAP_60MIN,TRUE,365,2,0,0,0,0,0,0,0,365,482420
CEMADEN,260950104A,NAZARE DA MATA - APAC,NAZARÉ DA MATA,CEMADEN,PLUVIOMETRICA_AUTOMATICA,2017,CEMADEN_MAX_GAP_60MIN,TRUE,365,43,13,14,15,0.0356164383561644,0.0383561643835616,0.0410958904109589,0,327,730.499999999999
CEMADEN,260950104A,NAZARE DA MATA - APAC,NAZARÉ DA MATA,CEMADEN,PLUVIOMETRICA_AUTOMATICA,2018,CEMADEN_MAX_GAP_60MIN,TRUE,365,365,297,313,318,0.813698630136986,0.857534246575342,0.871232876712329,0,6,120
CEMADEN,260950104A,NAZARE DA MATA - APAC,NAZARÉ DA MATA,CEMADEN,PLUVIOMETRICA_AUTOMATICA,2019,CEMADEN_MAX_GAP_60MIN,TRUE,365,352,302,307,309,0.827397260273973,0.841095890410959,0.846575342465753,0,12,866.999999999999
CEMADEN,260950104A,NAZARE DA MATA - APAC,NAZARÉ DA MATA,CEMADEN,PLUVIOMETRICA_AUTOMATICA,2020,CEMADEN_MAX_GAP_60MIN,TRUE,366,352,314,320,327,0.85792349726776,0.87431693989071,0.89344262295082,0,16,120
CEMADEN,260950104A,NAZARE DA MATA - APAC,NAZARÉ DA MATA,CEMADEN,PLUVIOMETRICA_AUTOMATICA,2021,CEMADEN_MAX_GAP_60MIN,TRUE,365,198,61,65,67,0.167123287671233,0.178082191780822,0.183561643835616,0,203,1034.5
CEMADEN,260950104A,NAZARE DA MATA - APAC,NAZARÉ DA MATA,CEMADEN,PLUVIOMETRICA_AUTOMATICA,2022,CEMADEN_MAX_GAP_60MIN,TRUE,365,213,143,145,158,0.391780821917808,0.397260273972603,0.432876712328767,0,109,544.999999999999
CEMADEN,260960001A,Águas Compridas,OLINDA,CEMADEN,PLUVIOMETRICA_AUTOMATICA,2017,CEMADEN_MAX_GAP_60MIN,TRUE,365,365,349,353,354,0.956164383561644,0.967123287671233,0.96986301369863,0,2,60
CEMADEN,260960001A,Águas Compridas,OLINDA,CEMADEN,PLUVIOMETRICA_AUTOMATICA,2018,CEMADEN_MAX_GAP_60MIN,TRUE,365,332,300,310,316,0.821917808219178,0.849315068493151,0.865753424657534,0,35,80
CEMADEN,260960001A,Águas Compridas,OLINDA,CEMADEN,PLUVIOMETRICA_AUTOMATICA,2019,CEMADEN_MAX_GAP_60MIN,TRUE,365,104,37,42,45,0.101369863013699,0.115068493150685,0.123287671232877,0,166,29889
CEMADEN,260960001A,Águas Compridas,OLINDA,CEMADEN,PLUVIOMETRICA_AUTOMATICA,2020,CEMADEN_MAX_GAP_60MIN,TRUE,366,105,51,52,54,0.139344262295082,0.14207650273224,0.147540983606557,0,157,8500
CEMADEN,260960001A,Águas Compridas,OLINDA,CEMADEN,PLUVIOMETRICA_AUTOMATICA,2021,CEMADEN_MAX_GAP_60MIN,TRUE,365,306,243,253,265,0.665753424657534,0.693150684931507,0.726027397260274,0,58,120
CEMADEN,260960001A,Águas Compridas,OLINDA,CEMADEN,PLUVIOMETRICA_AUTOMATICA,2022,CEMADEN_MAX_GAP_60MIN,TRUE,365,365,325,336,349,0.89041095890411,0.920547945205479,0.956164383561644,0,3,80
CEMADEN,260960001A,Águas Compridas,OLINDA,CEMADEN,PLUVIOMETRICA_AUTOMATICA,2023,CEMADEN_MAX_GAP_60MIN,TRUE,365,363,342,349,354,0.936986301369863,0.956164383561644,0.96986301369863,0,5,70
CEMADEN,260960001A,Águas Compridas,OLINDA,CEMADEN,PLUVIOMETRICA_AUTOMATICA,2024,CEMADEN_MAX_GAP_60MIN,TRUE,366,103,80,82,82,0.218579234972678,0.224043715846995,0.224043715846995,0,143,10980
CEMADEN,260960001G,Caixa D'Água,OLINDA,CEMADEN,PLUVIOMETRICA_AUTOMATICA,2019,CEMADEN_MAX_GAP_60MIN,TRUE,365,93,46,51,56,0.126027397260274,0.13972602739726,0.153424657534247,0,273,555
CEMADEN,260960001G,Caixa D'Água,OLINDA,CEMADEN,PLUVIOMETRICA_AUTOMATICA,2020,CEMADEN_MAX_GAP_60MIN,TRUE,366,356,133,188,223,0.363387978142077,0.513661202185792,0.609289617486339,0,27,612.5
CEMADEN,260960001G,Caixa D'Água,OLINDA,CEMADEN,PLUVIOMETRICA_AUTOMATICA,2021,CEMADEN_MAX_GAP_60MIN,TRUE,365,362,261,340,353,0.715068493150685,0.931506849315068,0.967123287671233,0,6,80
CEMADEN,260960001G,Caixa D'Água,OLINDA,CEMADEN,PLUVIOMETRICA_AUTOMATICA,2022,CEMADEN_MAX_GAP_60MIN,TRUE,365,365,242,344,350,0.663013698630137,0.942465753424658,0.958904109589041,0,7,80
CEMADEN,260960001G,Caixa D'Água,OLINDA,CEMADEN,PLUVIOMETRICA_AUTOMATICA,2023,CEMADEN_MAX_GAP_60MIN,TRUE,365,364,273,352,355,0.747945205479452,0.964383561643836,0.972602739726027,0,7,70
CEMADEN,260960001G,Caixa D'Água,OLINDA,CEMADEN,PLUVIOMETRICA_AUTOMATICA,2024,CEMADEN_MAX_GAP_60MIN,TRUE,366,324,128,185,198,0.349726775956284,0.505464480874317,0.540983606557377,0,101,2360
CEMADEN,260960001G,Caixa D'Água,OLINDA,CEMADEN,PLUVIOMETRICA_AUTOMATICA,2025,CEMADEN_MAX_GAP_60MIN,TRUE,365,33,0,0,0,0,0,0,0,365,68485.9999999999
CEMADEN,260960002A,Aguazinha,OLINDA,CEMADEN,PLUVIOMETRICA_AUTOMATICA,2017,CEMADEN_MAX_GAP_60MIN,TRUE,365,357,329,335,339,0.901369863013699,0.917808219178082,0.928767123287671,0,8,82.5
CEMADEN,260960002A,Aguazinha,OLINDA,CEMADEN,PLUVIOMETRICA_AUTOMATICA,2018,CEMADEN_MAX_GAP_60MIN,TRUE,365,365,338,347,352,0.926027397260274,0.950684931506849,0.964383561643836,0,2,70
CEMADEN,260960002A,Aguazinha,OLINDA,CEMADEN,PLUVIOMETRICA_AUTOMATICA,2019,CEMADEN_MAX_GAP_60MIN,TRUE,365,354,284,296,305,0.778082191780822,0.810958904109589,0.835616438356164,0,15,658.999999999995
CEMADEN,260960002A,Aguazinha,OLINDA,CEMADEN,PLUVIOMETRICA_AUTOMATICA,2020,CEMADEN_MAX_GAP_60MIN,TRUE,366,220,135,151,163,0.368852459016393,0.412568306010929,0.445355191256831,0,99,1465
CEMADEN,260960002A,Aguazinha,OLINDA,CEMADEN,PLUVIOMETRICA_AUTOMATICA,2021,CEMADEN_MAX_GAP_60MIN,TRUE,365,306,273,292,296,0.747945205479452,0.8,0.810958904109589,0,60,70
CEMADEN,260960002A,Aguazinha,OLINDA,CEMADEN,PLUVIOMETRICA_AUTOMATICA,2022,CEMADEN_MAX_GAP_60MIN,TRUE,365,213,119,127,141,0.326027397260274,0.347945205479452,0.386301369863014,0,119,13352
CEMADEN,260960002A,Aguazinha,OLINDA,CEMADEN,PLUVIOMETRICA_AUTOMATICA,2023,CEMADEN_MAX_GAP_60MIN,TRUE,365,173,155,157,160,0.424657534246575,0.43013698630137,0.438356164383562,0,195,114
CEMADEN,260960002A,Aguazinha,OLINDA,CEMADEN,PLUVIOMETRICA_AUTOMATICA,2024,CEMADEN_MAX_GAP_60MIN,TRUE,366,245,169,175,180,0.461748633879781,0.478142076502732,0.491803278688525,0,93,1480
CEMADEN,260960002A,Aguazinha,OLINDA,CEMADEN,PLUVIOMETRICA_AUTOMATICA,2025,CEMADEN_MAX_GAP_60MIN,TRUE,365,2,0,0,0,0,0,0,0,365,25830
CEMADEN,260960003A,Bonsucesso,OLINDA,CEMADEN,PLUVIOMETRICA_AUTOMATICA,2017,CEMADEN_MAX_GAP_60MIN,TRUE,365,363,347,350,351,0.950684931506849,0.958904109589041,0.961643835616438,0,5,60
CEMADEN,260960003A,Bonsucesso,OLINDA,CEMADEN,PLUVIOMETRICA_AUTOMATICA,2018,CEMADEN_MAX_GAP_60MIN,TRUE,365,365,343,348,352,0.93972602739726,0.953424657534246,0.964383561643836,0,3,70
CEMADEN,260960003A,Bonsucesso,OLINDA,CEMADEN,PLUVIOMETRICA_AUTOMATICA,2019,CEMADEN_MAX_GAP_60MIN,TRUE,365,345,307,311,313,0.841095890410959,0.852054794520548,0.857534246575342,0,13,650
CEMADEN,260960003A,Bonsucesso,OLINDA,CEMADEN,PLUVIOMETRICA_AUTOMATICA,2020,CEMADEN_MAX_GAP_60MIN,TRUE,366,225,203,204,206,0.554644808743169,0.557377049180328,0.562841530054645,0,154,1406
CEMADEN,260960003A,Bonsucesso,OLINDA,CEMADEN,PLUVIOMETRICA_AUTOMATICA,2021,CEMADEN_MAX_GAP_60MIN,TRUE,365,364,285,296,316,0.780821917808219,0.810958904109589,0.865753424657534,0,15,120
CEMADEN,260960003A,Bonsucesso,OLINDA,CEMADEN,PLUVIOMETRICA_AUTOMATICA,2022,CEMADEN_MAX_GAP_60MIN,TRUE,365,336,274,279,288,0.750684931506849,0.764383561643836,0.789041095890411,0,13,1140
CEMADEN,260960003A,Bonsucesso,OLINDA,CEMADEN,PLUVIOMETRICA_AUTOMATICA,2023,CEMADEN_MAX_GAP_60MIN,TRUE,365,244,61,63,73,0.167123287671233,0.172602739726027,0.2,0,85,9800.49999999999
CEMADEN,260960003A,Bonsucesso,OLINDA,CEMADEN,PLUVIOMETRICA_AUTOMATICA,2024,CEMADEN_MAX_GAP_60MIN,TRUE,366,102,64,66,66,0.174863387978142,0.180327868852459,0.180327868852459,0,163,3540
CEMADEN,260960004A,Jardim Fragoso,OLINDA,CEMADEN,PLUVIOMETRICA_AUTOMATICA,2017,CEMADEN_MAX_GAP_60MIN,TRUE,365,365,342,346,349,0.936986301369863,0.947945205479452,0.956164383561644,0,4,70
CEMADEN,260960004A,Jardim Fragoso,OLINDA,CEMADEN,PLUVIOMETRICA_AUTOMATICA,2018,CEMADEN_MAX_GAP_60MIN,TRUE,365,365,332,337,345,0.90958904109589,0.923287671232877,0.945205479452055,0,2,110
CEMADEN,260960004A,Jardim Fragoso,OLINDA,CEMADEN,PLUVIOMETRICA_AUTOMATICA,2019,CEMADEN_MAX_GAP_60MIN,TRUE,365,354,316,322,324,0.865753424657534,0.882191780821918,0.887671232876712,0,15,530
CEMADEN,260960004A,Jardim Fragoso,OLINDA,CEMADEN,PLUVIOMETRICA_AUTOMATICA,2020,CEMADEN_MAX_GAP_60MIN,TRUE,366,366,348,353,356,0.950819672131147,0.96448087431694,0.972677595628415,0,3,60
CEMADEN,260960004A,Jardim Fragoso,OLINDA,CEMADEN,PLUVIOMETRICA_AUTOMATICA,2021,CEMADEN_MAX_GAP_60MIN,TRUE,365,358,326,337,344,0.893150684931507,0.923287671232877,0.942465753424658,0,7,80
CEMADEN,260960004A,Jardim Fragoso,OLINDA,CEMADEN,PLUVIOMETRICA_AUTOMATICA,2022,CEMADEN_MAX_GAP_60MIN,TRUE,365,287,201,205,212,0.550684931506849,0.561643835616438,0.580821917808219,0,101,1000
CEMADEN,260960004A,Jardim Fragoso,OLINDA,CEMADEN,PLUVIOMETRICA_AUTOMATICA,2023,CEMADEN_MAX_GAP_60MIN,TRUE,365,324,286,293,294,0.783561643835617,0.802739726027397,0.805479452054795,0,41,120
CEMADEN,260960004A,Jardim Fragoso,OLINDA,CEMADEN,PLUVIOMETRICA_AUTOMATICA,2024,CEMADEN_MAX_GAP_60MIN,TRUE,366,232,113,115,115,0.308743169398907,0.314207650273224,0.314207650273224,0,219,7627.99999999999
CEMADEN,260960004A,Jardim Fragoso,OLINDA,CEMADEN,PLUVIOMETRICA_AUTOMATICA,2025,CEMADEN_MAX_GAP_60MIN,TRUE,365,360,334,342,342,0.915068493150685,0.936986301369863,0.936986301369863,0,6,70
CEMADEN,260960005A,Tabajara,OLINDA,CEMADEN,PLUVIOMETRICA_AUTOMATICA,2017,CEMADEN_MAX_GAP_60MIN,TRUE,365,364,344,348,349,0.942465753424658,0.953424657534246,0.956164383561644,0,3,68.9999999999998
CEMADEN,260960005A,Tabajara,OLINDA,CEMADEN,PLUVIOMETRICA_AUTOMATICA,2018,CEMADEN_MAX_GAP_60MIN,TRUE,365,365,336,344,348,0.920547945205479,0.942465753424658,0.953424657534246,0,2,80
CEMADEN,260960005A,Tabajara,OLINDA,CEMADEN,PLUVIOMETRICA_AUTOMATICA,2019,CEMADEN_MAX_GAP_60MIN,TRUE,365,353,305,311,316,0.835616438356164,0.852054794520548,0.865753424657534,0,12,973.999999999999
CEMADEN,260960005A,Tabajara,OLINDA,CEMADEN,PLUVIOMETRICA_AUTOMATICA,2020,CEMADEN_MAX_GAP_60MIN,TRUE,366,173,113,115,119,0.308743169398907,0.314207650273224,0.325136612021858,0,154,1918
CEMADEN,260960005A,Tabajara,OLINDA,CEMADEN,PLUVIOMETRICA_AUTOMATICA,2021,CEMADEN_MAX_GAP_60MIN,TRUE,365,310,278,285,293,0.761643835616438,0.780821917808219,0.802739726027397,0,56,105.5
CEMADEN,260960005A,Tabajara,OLINDA,CEMADEN,PLUVIOMETRICA_AUTOMATICA,2022,CEMADEN_MAX_GAP_60MIN,TRUE,365,365,327,334,343,0.895890410958904,0.915068493150685,0.93972602739726,0,3,108
CEMADEN,260960005A,Tabajara,OLINDA,CEMADEN,PLUVIOMETRICA_AUTOMATICA,2023,CEMADEN_MAX_GAP_60MIN,TRUE,365,365,328,340,348,0.898630136986301,0.931506849315068,0.953424657534246,0,3,80
CEMADEN,260960005A,Tabajara,OLINDA,CEMADEN,PLUVIOMETRICA_AUTOMATICA,2024,CEMADEN_MAX_GAP_60MIN,TRUE,366,366,332,343,346,0.907103825136612,0.937158469945355,0.945355191256831,0,4,120
CEMADEN,260960005A,Tabajara,OLINDA,CEMADEN,PLUVIOMETRICA_AUTOMATICA,2025,CEMADEN_MAX_GAP_60MIN,TRUE,365,105,87,87,87,0.238356164383562,0.238356164383562,0.238356164383562,0,261,120
CEMADEN,260970901A,Orobó [Secretária de Agricultura] - APAC,OROBÓ,CEMADEN,PLUVIOMETRICA_AUTOMATICA,2023,CEMADEN_MAX_GAP_60MIN,TRUE,365,166,151,153,153,0.413698630136986,0.419178082191781,0.419178082191781,0,200,120
CEMADEN,260970901A,Orobó [Secretária de Agricultura] - APAC,OROBÓ,CEMADEN,PLUVIOMETRICA_AUTOMATICA,2024,CEMADEN_MAX_GAP_60MIN,TRUE,366,345,259,267,272,0.707650273224044,0.729508196721312,0.743169398907104,0,22,1720
CEMADEN,260970901A,Orobó [Secretária de Agricultura] - APAC,OROBÓ,CEMADEN,PLUVIOMETRICA_AUTOMATICA,2025,CEMADEN_MAX_GAP_60MIN,TRUE,365,203,137,143,148,0.375342465753425,0.391780821917808,0.405479452054795,0,113,2950
CEMADEN,260970901C,OROBO,OROBÓ,CEMADEN,PLUVIOMETRICA_AUTOMATICA,2017,CEMADEN_MAX_GAP_60MIN,TRUE,365,185,124,124,124,0.33972602739726,0.33972602739726,0.33972602739726,0,77,12060
CEMADEN,260970901C,OROBO,OROBÓ,CEMADEN,PLUVIOMETRICA_AUTOMATICA,2018,CEMADEN_MAX_GAP_60MIN,TRUE,365,318,299,299,299,0.819178082191781,0.819178082191781,0.819178082191781,0,47,437.999999999997
CEMADEN,260970901C,OROBO,OROBÓ,CEMADEN,PLUVIOMETRICA_AUTOMATICA,2019,CEMADEN_MAX_GAP_60MIN,TRUE,365,353,260,260,260,0.712328767123288,0.712328767123288,0.712328767123288,0,43,1475.99999999999
CEMADEN,260970901C,OROBO,OROBÓ,CEMADEN,PLUVIOMETRICA_AUTOMATICA,2020,CEMADEN_MAX_GAP_60MIN,TRUE,366,366,232,232,232,0.633879781420765,0.633879781420765,0.633879781420765,0,68,780
CEMADEN,260970901C,OROBO,OROBÓ,CEMADEN,PLUVIOMETRICA_AUTOMATICA,2021,CEMADEN_MAX_GAP_60MIN,TRUE,365,359,12,12,12,0.0328767123287671,0.0328767123287671,0.0328767123287671,0,351,1140
CEMADEN,260970901C,OROBO,OROBÓ,CEMADEN,PLUVIOMETRICA_AUTOMATICA,2022,CEMADEN_MAX_GAP_60MIN,TRUE,365,365,359,359,360,0.983561643835616,0.983561643835616,0.986301369863014,0,2,60
CEMADEN,260970901C,OROBO,OROBÓ,CEMADEN,PLUVIOMETRICA_AUTOMATICA,2023,CEMADEN_MAX_GAP_60MIN,TRUE,365,363,360,360,360,0.986301369863014,0.986301369863014,0.986301369863014,0,3,60
CEMADEN,260970901C,OROBO,OROBÓ,CEMADEN,PLUVIOMETRICA_AUTOMATICA,2024,CEMADEN_MAX_GAP_60MIN,TRUE,366,338,320,320,320,0.87431693989071,0.87431693989071,0.87431693989071,0,15,120
CEMADEN,260970901C,OROBO,OROBÓ,CEMADEN,PLUVIOMETRICA_AUTOMATICA,2025,CEMADEN_MAX_GAP_60MIN,TRUE,365,361,305,306,307,0.835616438356164,0.838356164383562,0.841095890410959,0,7,120
CEMADEN,260980801A,Centro,OROCÓ,CEMADEN,PLUVIOMETRICA_AUTOMATICA,2017,CEMADEN_MAX_GAP_60MIN,TRUE,365,188,148,155,170,0.405479452054795,0.424657534246575,0.465753424657534,0,178,120
CEMADEN,260980801A,Centro,OROCÓ,CEMADEN,PLUVIOMETRICA_AUTOMATICA,2018,CEMADEN_MAX_GAP_60MIN,TRUE,365,359,282,294,310,0.772602739726028,0.805479452054795,0.849315068493151,0,19,120
CEMADEN,260980801A,Centro,OROCÓ,CEMADEN,PLUVIOMETRICA_AUTOMATICA,2019,CEMADEN_MAX_GAP_60MIN,TRUE,365,337,199,206,219,0.545205479452055,0.564383561643836,0.6,0,22,3130
CEMADEN,260980801A,Centro,OROCÓ,CEMADEN,PLUVIOMETRICA_AUTOMATICA,2020,CEMADEN_MAX_GAP_60MIN,TRUE,366,201,111,141,157,0.30327868852459,0.385245901639344,0.42896174863388,0,174,680
CEMADEN,260980801A,Centro,OROCÓ,CEMADEN,PLUVIOMETRICA_AUTOMATICA,2021,CEMADEN_MAX_GAP_60MIN,TRUE,365,365,307,325,338,0.841095890410959,0.89041095890411,0.926027397260274,0,3,120
CEMADEN,260980801A,Centro,OROCÓ,CEMADEN,PLUVIOMETRICA_AUTOMATICA,2022,CEMADEN_MAX_GAP_60MIN,TRUE,365,365,265,273,282,0.726027397260274,0.747945205479452,0.772602739726028,0,12,238
CEMADEN,260980801A,Centro,OROCÓ,CEMADEN,PLUVIOMETRICA_AUTOMATICA,2023,CEMADEN_MAX_GAP_60MIN,TRUE,365,362,336,341,345,0.920547945205479,0.934246575342466,0.945205479452055,0,10,80
CEMADEN,260980801A,Centro,OROCÓ,CEMADEN,PLUVIOMETRICA_AUTOMATICA,2024,CEMADEN_MAX_GAP_60MIN,TRUE,366,345,294,298,302,0.80327868852459,0.814207650273224,0.825136612021858,0,55,1542
CEMADEN,260980801A,Centro,OROCÓ,CEMADEN,PLUVIOMETRICA_AUTOMATICA,2025,CEMADEN_MAX_GAP_60MIN,TRUE,365,295,245,253,257,0.671232876712329,0.693150684931507,0.704109589041096,0,50,570.999999999998
CEMADEN,260980801C,OROCÓ,OROCÓ,CEMADEN,PLUVIOMETRICA_AUTOMATICA,2017,CEMADEN_MAX_GAP_60MIN,TRUE,365,106,68,68,68,0.186301369863014,0.186301369863014,0.186301369863014,0,89,24514
CEMADEN,260980801C,OROCÓ,OROCÓ,CEMADEN,PLUVIOMETRICA_AUTOMATICA,2018,CEMADEN_MAX_GAP_60MIN,TRUE,365,283,0,0,0,0,0,0,0,365,2315.99999999999
CEMADEN,260980801C,OROCÓ,OROCÓ,CEMADEN,PLUVIOMETRICA_AUTOMATICA,2019,CEMADEN_MAX_GAP_60MIN,TRUE,365,276,0,0,0,0,0,0,0,365,1995
CEMADEN,260980801C,OROCÓ,OROCÓ,CEMADEN,PLUVIOMETRICA_AUTOMATICA,2020,CEMADEN_MAX_GAP_60MIN,TRUE,366,80,0,0,0,0,0,0,0,366,2100
CEMADEN,260990701A,Ouricuri [IPA] - APAC,OURICURI,CEMADEN,PLUVIOMETRICA_AUTOMATICA,2024,CEMADEN_MAX_GAP_60MIN,TRUE,366,119,94,98,100,0.256830601092896,0.26775956284153,0.273224043715847,0,244,1464.49999999999
CEMADEN,260990701A,Ouricuri [IPA] - APAC,OURICURI,CEMADEN,PLUVIOMETRICA_AUTOMATICA,2025,CEMADEN_MAX_GAP_60MIN,TRUE,365,269,178,188,195,0.487671232876712,0.515068493150685,0.534246575342466,0,74,6787.99999999994
CEMADEN,260990701C,OURICURI,OURICURI,CEMADEN,PLUVIOMETRICA_AUTOMATICA,2017,CEMADEN_MAX_GAP_60MIN,TRUE,365,92,3,3,3,0.00821917808219178,0.00821917808219178,0.00821917808219178,0,213,29095
CEMADEN,260990701C,OURICURI,OURICURI,CEMADEN,PLUVIOMETRICA_AUTOMATICA,2018,CEMADEN_MAX_GAP_60MIN,TRUE,365,340,321,321,321,0.879452054794521,0.879452054794521,0.879452054794521,0,34,615.000000000003
CEMADEN,260990701C,OURICURI,OURICURI,CEMADEN,PLUVIOMETRICA_AUTOMATICA,2019,CEMADEN_MAX_GAP_60MIN,TRUE,365,212,71,71,71,0.194520547945205,0.194520547945205,0.194520547945205,0,83,10509
CEMADEN,260990701C,OURICURI,OURICURI,CEMADEN,PLUVIOMETRICA_AUTOMATICA,2020,CEMADEN_MAX_GAP_60MIN,TRUE,366,17,0,0,0,0,0,0,0,366,287327.999999999
CEMADEN,260990701C,OURICURI,OURICURI,CEMADEN,PLUVIOMETRICA_AUTOMATICA,2022,CEMADEN_MAX_GAP_60MIN,TRUE,365,195,187,187,187,0.512328767123288,0.512328767123288,0.512328767123288,0,171,60
CEMADEN,260990701C,OURICURI,OURICURI,CEMADEN,PLUVIOMETRICA_AUTOMATICA,2023,CEMADEN_MAX_GAP_60MIN,TRUE,365,365,356,356,356,0.975342465753425,0.975342465753425,0.975342465753425,0,2,60
CEMADEN,260990701C,OURICURI,OURICURI,CEMADEN,PLUVIOMETRICA_AUTOMATICA,2024,CEMADEN_MAX_GAP_60MIN,TRUE,366,337,282,282,282,0.770491803278689,0.770491803278689,0.770491803278689,0,28,120
CEMADEN,260990701C,OURICURI,OURICURI,CEMADEN,PLUVIOMETRICA_AUTOMATICA,2025,CEMADEN_MAX_GAP_60MIN,TRUE,365,364,326,326,326,0.893150684931507,0.893150684931507,0.893150684931507,0,5,120
CEMADEN,261000402A,Japaranduba,PALMARES,CEMADEN,PLUVIOMETRICA_AUTOMATICA,2017,CEMADEN_MAX_GAP_60MIN,TRUE,365,345,316,317,317,0.865753424657534,0.868493150684932,0.868493150684932,0,20,120
CEMADEN,261000402A,Japaranduba,PALMARES,CEMADEN,PLUVIOMETRICA_AUTOMATICA,2018,CEMADEN_MAX_GAP_60MIN,TRUE,365,333,297,303,310,0.813698630136986,0.83013698630137,0.849315068493151,0,34,120
CEMADEN,261000402A,Japaranduba,PALMARES,CEMADEN,PLUVIOMETRICA_AUTOMATICA,2019,CEMADEN_MAX_GAP_60MIN,TRUE,365,355,279,291,300,0.764383561643836,0.797260273972603,0.821917808219178,0,17,635.000000000001
CEMADEN,261000402A,Japaranduba,PALMARES,CEMADEN,PLUVIOMETRICA_AUTOMATICA,2020,CEMADEN_MAX_GAP_60MIN,TRUE,366,366,251,282,314,0.685792349726776,0.770491803278689,0.85792349726776,0,12,402.5
CEMADEN,261000402A,Japaranduba,PALMARES,CEMADEN,PLUVIOMETRICA_AUTOMATICA,2021,CEMADEN_MAX_GAP_60MIN,TRUE,365,359,307,311,316,0.841095890410959,0.852054794520548,0.865753424657534,0,11,120
CEMADEN,261000402A,Japaranduba,PALMARES,CEMADEN,PLUVIOMETRICA_AUTOMATICA,2022,CEMADEN_MAX_GAP_60MIN,TRUE,365,333,229,241,243,0.627397260273973,0.66027397260274,0.665753424657534,0,82,1863.99999999999
CEMADEN,261000402A,Japaranduba,PALMARES,CEMADEN,PLUVIOMETRICA_AUTOMATICA,2023,CEMADEN_MAX_GAP_60MIN,TRUE,365,204,175,179,181,0.479452054794521,0.49041095890411,0.495890410958904,0,132,200
CEMADEN,261000402A,Japaranduba,PALMARES,CEMADEN,PLUVIOMETRICA_AUTOMATICA,2024,CEMADEN_MAX_GAP_60MIN,TRUE,366,260,181,188,191,0.494535519125683,0.513661202185792,0.521857923497268,0,63,6720
CEMADEN,261000402A,Japaranduba,PALMARES,CEMADEN,PLUVIOMETRICA_AUTOMATICA,2025,CEMADEN_MAX_GAP_60MIN,TRUE,365,287,160,172,176,0.438356164383562,0.471232876712329,0.482191780821918,0,136,4740
CEMADEN,261000403A,SANTO ANTÃNIO DOS PALMARES - APAC | SANTO ANTÔNIO DOS PALMARES - APAC,PALMARES,CEMADEN,PLUVIOMETRICA_AUTOMATICA,2019,CEMADEN_MAX_GAP_60MIN,TRUE,365,67,26,29,35,0.0712328767123288,0.0794520547945206,0.0958904109589041,0,276,8795
CEMADEN,261000403A,SANTO ANTÃNIO DOS PALMARES - APAC | SANTO ANTÔNIO DOS PALMARES - APAC,PALMARES,CEMADEN,PLUVIOMETRICA_AUTOMATICA,2020,CEMADEN_MAX_GAP_60MIN,TRUE,366,366,165,192,226,0.450819672131148,0.524590163934426,0.617486338797814,0,31,352.5
CEMADEN,261000403A,SANTO ANTÃNIO DOS PALMARES - APAC | SANTO ANTÔNIO DOS PALMARES - APAC,PALMARES,CEMADEN,PLUVIOMETRICA_AUTOMATICA,2021,CEMADEN_MAX_GAP_60MIN,TRUE,365,338,145,149,156,0.397260273972603,0.408219178082192,0.427397260273973,0,169,1410
CEMADEN,261000403A,SANTO ANTÃNIO DOS PALMARES - APAC | SANTO ANTÔNIO DOS PALMARES - APAC,PALMARES,CEMADEN,PLUVIOMETRICA_AUTOMATICA,2022,CEMADEN_MAX_GAP_60MIN,TRUE,365,27,8,10,10,0.0219178082191781,0.0273972602739726,0.0273972602739726,0,239,111014
CEMADEN,261000403A,SANTO ANTÃNIO DOS PALMARES - APAC | SANTO ANTÔNIO DOS PALMARES - APAC,PALMARES,CEMADEN,PLUVIOMETRICA_AUTOMATICA,2023,CEMADEN_MAX_GAP_60MIN,TRUE,365,328,267,272,275,0.731506849315069,0.745205479452055,0.753424657534247,0,32,289.499999999999
CEMADEN,261000403A,SANTO ANTÃNIO DOS PALMARES - APAC | SANTO ANTÔNIO DOS PALMARES - APAC,PALMARES,CEMADEN,PLUVIOMETRICA_AUTOMATICA,2024,CEMADEN_MAX_GAP_60MIN,TRUE,366,341,283,287,294,0.773224043715847,0.784153005464481,0.80327868852459,0,24,440
CEMADEN,261000403A,SANTO ANTÃNIO DOS PALMARES - APAC | SANTO ANTÔNIO DOS PALMARES - APAC,PALMARES,CEMADEN,PLUVIOMETRICA_AUTOMATICA,2025,CEMADEN_MAX_GAP_60MIN,TRUE,365,365,312,320,326,0.854794520547945,0.876712328767123,0.893150684931507,0,6,188.5
CEMADEN,261000404A,SERRO AZUL - APAC,PALMARES,CEMADEN,PLUVIOMETRICA_AUTOMATICA,2018,CEMADEN_MAX_GAP_60MIN,TRUE,365,2,0,0,0,0,0,0,0,365,829080
CEMADEN,261000404A,SERRO AZUL - APAC,PALMARES,CEMADEN,PLUVIOMETRICA_AUTOMATICA,2019,CEMADEN_MAX_GAP_60MIN,TRUE,365,2,0,0,0,0,0,0,0,365,829080
CEMADEN,261010301A,PALMEIRINA - APAC,PALMEIRINA,CEMADEN,PLUVIOMETRICA_AUTOMATICA,2017,CEMADEN_MAX_GAP_60MIN,TRUE,365,13,10,11,11,0.0273972602739726,0.0301369863013699,0.0301369863013699,0,353,92.5
CEMADEN,261010301A,PALMEIRINA - APAC,PALMEIRINA,CEMADEN,PLUVIOMETRICA_AUTOMATICA,2018,CEMADEN_MAX_GAP_60MIN,TRUE,365,330,218,232,235,0.597260273972603,0.635616438356164,0.643835616438356,0,28,4087.50000000001
CEMADEN,261010301A,PALMEIRINA - APAC,PALMEIRINA,CEMADEN,PLUVIOMETRICA_AUTOMATICA,2019,CEMADEN_MAX_GAP_60MIN,TRUE,365,348,267,271,274,0.731506849315069,0.742465753424658,0.750684931506849,0,16,1356
CEMADEN,261010301A,PALMEIRINA - APAC,PALMEIRINA,CEMADEN,PLUVIOMETRICA_AUTOMATICA,2020,CEMADEN_MAX_GAP_60MIN,TRUE,366,234,91,109,134,0.248633879781421,0.297814207650273,0.366120218579235,0,139,423.5
CEMADEN,261010301A,PALMEIRINA - APAC,PALMEIRINA,CEMADEN,PLUVIOMETRICA_AUTOMATICA,2021,CEMADEN_MAX_GAP_60MIN,TRUE,365,359,162,165,174,0.443835616438356,0.452054794520548,0.476712328767123,0,145,1420
CEMADEN,261010301A,PALMEIRINA - APAC,PALMEIRINA,CEMADEN,PLUVIOMETRICA_AUTOMATICA,2022,CEMADEN_MAX_GAP_60MIN,TRUE,365,271,87,89,93,0.238356164383562,0.243835616438356,0.254794520547945,0,264,1430
CEMADEN,261010301A,PALMEIRINA - APAC,PALMEIRINA,CEMADEN,PLUVIOMETRICA_AUTOMATICA,2023,CEMADEN_MAX_GAP_60MIN,TRUE,365,343,289,297,302,0.791780821917808,0.813698630136986,0.827397260273973,0,24,160
CEMADEN,261010301A,PALMEIRINA - APAC,PALMEIRINA,CEMADEN,PLUVIOMETRICA_AUTOMATICA,2024,CEMADEN_MAX_GAP_60MIN,TRUE,366,366,296,312,328,0.808743169398907,0.852459016393443,0.896174863387978,0,6,140
CEMADEN,261010301A,PALMEIRINA - APAC,PALMEIRINA,CEMADEN,PLUVIOMETRICA_AUTOMATICA,2025,CEMADEN_MAX_GAP_60MIN,TRUE,365,365,297,311,318,0.813698630136986,0.852054794520548,0.871232876712329,0,4,218.5
CEMADEN,261010301U,PALMEIRINA,PALMEIRINA,CEMADEN,PLUVIOMETRICA_AUTOMATICA,2017,CEMADEN_MAX_GAP_60MIN,TRUE,365,11,7,7,7,0.0191780821917808,0.0191780821917808,0.0191780821917808,0,191,165310
CEMADEN,261010301U,PALMEIRINA,PALMEIRINA,CEMADEN,PLUVIOMETRICA_AUTOMATICA,2018,CEMADEN_MAX_GAP_60MIN,TRUE,365,84,74,74,74,0.202739726027397,0.202739726027397,0.202739726027397,0,120,101244
CEMADEN,261010301U,PALMEIRINA,PALMEIRINA,CEMADEN,PLUVIOMETRICA_AUTOMATICA,2019,CEMADEN_MAX_GAP_60MIN,TRUE,365,102,100,100,100,0.273972602739726,0.273972602739726,0.273972602739726,0,264,60
CEMADEN,261010301U,PALMEIRINA,PALMEIRINA,CEMADEN,PLUVIOMETRICA_AUTOMATICA,2022,CEMADEN_MAX_GAP_60MIN,TRUE,365,20,18,18,18,0.0493150684931507,0.0493150684931507,0.0493150684931507,0,185,166487.999999996
CEMADEN,261020201A,PANELAS - APAC,PANELAS,CEMADEN,PLUVIOMETRICA_AUTOMATICA,2017,CEMADEN_MAX_GAP_60MIN,TRUE,365,33,8,8,8,0.0219178082191781,0.0219178082191781,0.0219178082191781,0,335,760
CEMADEN,261020201A,PANELAS - APAC,PANELAS,CEMADEN,PLUVIOMETRICA_AUTOMATICA,2018,CEMADEN_MAX_GAP_60MIN,TRUE,365,365,314,320,324,0.86027397260274,0.876712328767123,0.887671232876712,0,5,120
CEMADEN,261020201A,PANELAS - APAC,PANELAS,CEMADEN,PLUVIOMETRICA_AUTOMATICA,2019,CEMADEN_MAX_GAP_60MIN,TRUE,365,333,284,290,299,0.778082191780822,0.794520547945206,0.819178082191781,0,22,411.999999999997
CEMADEN,261020201A,PANELAS - APAC,PANELAS,CEMADEN,PLUVIOMETRICA_AUTOMATICA,2020,CEMADEN_MAX_GAP_60MIN,TRUE,366,162,144,148,150,0.39344262295082,0.404371584699454,0.409836065573771,0,205,120
CEMADEN,261020201A,PANELAS - APAC,PANELAS,CEMADEN,PLUVIOMETRICA_AUTOMATICA,2021,CEMADEN_MAX_GAP_60MIN,TRUE,365,141,84,85,87,0.23013698630137,0.232876712328767,0.238356164383562,0,225,1100
CEMADEN,261020201A,PANELAS - APAC,PANELAS,CEMADEN,PLUVIOMETRICA_AUTOMATICA,2022,CEMADEN_MAX_GAP_60MIN,TRUE,365,262,90,92,93,0.246575342465753,0.252054794520548,0.254794520547945,0,217,1140
CEMADEN,261020201A,PANELAS - APAC,PANELAS,CEMADEN,PLUVIOMETRICA_AUTOMATICA,2023,CEMADEN_MAX_GAP_60MIN,TRUE,365,365,320,331,337,0.876712328767123,0.906849315068493,0.923287671232877,0,3,120
CEMADEN,261020201A,PANELAS - APAC,PANELAS,CEMADEN,PLUVIOMETRICA_AUTOMATICA,2024,CEMADEN_MAX_GAP_60MIN,TRUE,366,192,169,172,177,0.461748633879781,0.469945355191257,0.483606557377049,0,171,491.999999999998
CEMADEN,261020201A,PANELAS - APAC,PANELAS,CEMADEN,PLUVIOMETRICA_AUTOMATICA,2025,CEMADEN_MAX_GAP_60MIN,TRUE,365,365,333,344,354,0.912328767123288,0.942465753424658,0.96986301369863,0,2,80
CEMADEN,261030101A,PARANATAMA - APAC,PARANATAMA,CEMADEN,PLUVIOMETRICA_AUTOMATICA,2017,CEMADEN_MAX_GAP_60MIN,TRUE,365,20,1,1,2,0.00273972602739726,0.00273972602739726,0.00547945205479452,0,357,575.999999999993
CEMADEN,261030101A,PARANATAMA - APAC,PARANATAMA,CEMADEN,PLUVIOMETRICA_AUTOMATICA,2018,CEMADEN_MAX_GAP_60MIN,TRUE,365,365,136,175,219,0.372602739726027,0.479452054794521,0.6,0,48,320
CEMADEN,261030101A,PARANATAMA - APAC,PARANATAMA,CEMADEN,PLUVIOMETRICA_AUTOMATICA,2019,CEMADEN_MAX_GAP_60MIN,TRUE,365,362,166,220,256,0.454794520547945,0.602739726027397,0.701369863013699,0,40,766.499999999997
CEMADEN,261030101A,PARANATAMA - APAC,PARANATAMA,CEMADEN,PLUVIOMETRICA_AUTOMATICA,2020,CEMADEN_MAX_GAP_60MIN,TRUE,366,366,77,126,159,0.210382513661202,0.344262295081967,0.434426229508197,0,155,417.5
CEMADEN,261030101A,PARANATAMA - APAC,PARANATAMA,CEMADEN,PLUVIOMETRICA_AUTOMATICA,2021,CEMADEN_MAX_GAP_60MIN,TRUE,365,365,1,8,55,0.00273972602739726,0.0219178082191781,0.150684931506849,0,190,248
CEMADEN,261030101A,PARANATAMA - APAC,PARANATAMA,CEMADEN,PLUVIOMETRICA_AUTOMATICA,2022,CEMADEN_MAX_GAP_60MIN,TRUE,365,140,97,100,103,0.265753424657534,0.273972602739726,0.282191780821918,0,259,241.499999999996
CEMADEN,261030101A,PARANATAMA - APAC,PARANATAMA,CEMADEN,PLUVIOMETRICA_AUTOMATICA,2023,CEMADEN_MAX_GAP_60MIN,TRUE,365,365,323,333,338,0.884931506849315,0.912328767123288,0.926027397260274,0,2,120
CEMADEN,261030101A,PARANATAMA - APAC,PARANATAMA,CEMADEN,PLUVIOMETRICA_AUTOMATICA,2024,CEMADEN_MAX_GAP_60MIN,TRUE,366,290,243,254,268,0.663934426229508,0.693989071038251,0.73224043715847,0,48,254.000000000001
CEMADEN,261030101A,PARANATAMA - APAC,PARANATAMA,CEMADEN,PLUVIOMETRICA_AUTOMATICA,2025,CEMADEN_MAX_GAP_60MIN,TRUE,365,345,124,244,264,0.33972602739726,0.668493150684932,0.723287671232877,0,54,1770
CEMADEN,261040001A,QUIXABA - APAC,PARNAMIRIM,CEMADEN,PLUVIOMETRICA_AUTOMATICA,2018,CEMADEN_MAX_GAP_60MIN,TRUE,365,342,273,287,292,0.747945205479452,0.786301369863014,0.8,0,24,160
CEMADEN,261040001A,QUIXABA - APAC,PARNAMIRIM,CEMADEN,PLUVIOMETRICA_AUTOMATICA,2019,CEMADEN_MAX_GAP_60MIN,TRUE,365,329,246,256,261,0.673972602739726,0.701369863013699,0.715068493150685,0,46,2131.99999999998
CEMADEN,261040001A,QUIXABA - APAC,PARNAMIRIM,CEMADEN,PLUVIOMETRICA_AUTOMATICA,2020,CEMADEN_MAX_GAP_60MIN,TRUE,366,14,1,1,1,0.00273224043715847,0.00273224043715847,0.00273224043715847,0,361,301866
CEMADEN,261040001A,QUIXABA - APAC,PARNAMIRIM,CEMADEN,PLUVIOMETRICA_AUTOMATICA,2021,CEMADEN_MAX_GAP_60MIN,TRUE,365,67,54,57,59,0.147945205479452,0.156164383561644,0.161643835616438,0,301,514.999999999998
CEMADEN,261040001A,QUIXABA - APAC,PARNAMIRIM,CEMADEN,PLUVIOMETRICA_AUTOMATICA,2022,CEMADEN_MAX_GAP_60MIN,TRUE,365,363,294,300,312,0.805479452054795,0.821917808219178,0.854794520547945,0,6,260
CEMADEN,261040001A,QUIXABA - APAC,PARNAMIRIM,CEMADEN,PLUVIOMETRICA_AUTOMATICA,2023,CEMADEN_MAX_GAP_60MIN,TRUE,365,365,313,316,319,0.857534246575342,0.865753424657534,0.873972602739726,0,3,390
CEMADEN,261040001A,QUIXABA - APAC,PARNAMIRIM,CEMADEN,PLUVIOMETRICA_AUTOMATICA,2024,CEMADEN_MAX_GAP_60MIN,TRUE,366,304,252,253,254,0.688524590163934,0.691256830601093,0.693989071038251,0,55,2840
CEMADEN,261040001A,QUIXABA - APAC,PARNAMIRIM,CEMADEN,PLUVIOMETRICA_AUTOMATICA,2025,CEMADEN_MAX_GAP_60MIN,TRUE,365,258,149,159,169,0.408219178082192,0.435616438356164,0.463013698630137,0,107,810
CEMADEN,261040001C,PARNAMIRIM,PARNAMIRIM,CEMADEN,PLUVIOMETRICA_AUTOMATICA,2017,CEMADEN_MAX_GAP_60MIN,TRUE,365,201,138,138,138,0.378082191780822,0.378082191780822,0.378082191780822,0,101,10735.5
CEMADEN,261040001C,PARNAMIRIM,PARNAMIRIM,CEMADEN,PLUVIOMETRICA_AUTOMATICA,2018,CEMADEN_MAX_GAP_60MIN,TRUE,365,284,159,159,159,0.435616438356164,0.435616438356164,0.435616438356164,0,101,650.999999999998
CEMADEN,261040001C,PARNAMIRIM,PARNAMIRIM,CEMADEN,PLUVIOMETRICA_AUTOMATICA,2019,CEMADEN_MAX_GAP_60MIN,TRUE,365,309,0,0,0,0,0,0,0,365,971.999999999996
CEMADEN,261040001C,PARNAMIRIM,PARNAMIRIM,CEMADEN,PLUVIOMETRICA_AUTOMATICA,2020,CEMADEN_MAX_GAP_60MIN,TRUE,366,188,0,0,0,0,0,0,0,366,720
CEMADEN,261040002A,MATIAS - APAC,PARNAMIRIM,CEMADEN,PLUVIOMETRICA_AUTOMATICA,2018,CEMADEN_MAX_GAP_60MIN,TRUE,365,343,261,269,275,0.715068493150685,0.736986301369863,0.753424657534247,0,27,209
CEMADEN,261040002A,MATIAS - APAC,PARNAMIRIM,CEMADEN,PLUVIOMETRICA_AUTOMATICA,2019,CEMADEN_MAX_GAP_60MIN,TRUE,365,346,288,295,303,0.789041095890411,0.808219178082192,0.83013698630137,0,13,720
CEMADEN,261040002A,MATIAS - APAC,PARNAMIRIM,CEMADEN,PLUVIOMETRICA_AUTOMATICA,2020,CEMADEN_MAX_GAP_60MIN,TRUE,366,363,308,321,329,0.841530054644809,0.877049180327869,0.898907103825137,0,5,139
CEMADEN,261040002A,MATIAS - APAC,PARNAMIRIM,CEMADEN,PLUVIOMETRICA_AUTOMATICA,2021,CEMADEN_MAX_GAP_60MIN,TRUE,365,27,19,19,20,0.052054794520548,0.052054794520548,0.0547945205479452,0,225,321780
CEMADEN,261040002A,MATIAS - APAC,PARNAMIRIM,CEMADEN,PLUVIOMETRICA_AUTOMATICA,2023,CEMADEN_MAX_GAP_60MIN,TRUE,365,144,91,91,93,0.249315068493151,0.249315068493151,0.254794520547945,0,222,495.999999999999
CEMADEN,261040002A,MATIAS - APAC,PARNAMIRIM,CEMADEN,PLUVIOMETRICA_AUTOMATICA,2024,CEMADEN_MAX_GAP_60MIN,TRUE,366,287,243,248,254,0.663934426229508,0.677595628415301,0.693989071038251,0,47,3022.99999999998
CEMADEN,261040002A,MATIAS - APAC,PARNAMIRIM,CEMADEN,PLUVIOMETRICA_AUTOMATICA,2025,CEMADEN_MAX_GAP_60MIN,TRUE,365,337,232,234,237,0.635616438356164,0.641095890410959,0.649315068493151,0,115,1602.5
CEMADEN,261050901A,PASSIRA  - APAC,PASSIRA,CEMADEN,PLUVIOMETRICA_AUTOMATICA,2017,CEMADEN_MAX_GAP_60MIN,TRUE,365,16,10,10,11,0.0273972602739726,0.0273972602739726,0.0301369863013699,0,351,120
CEMADEN,261050901A,PASSIRA  - APAC,PASSIRA,CEMADEN,PLUVIOMETRICA_AUTOMATICA,2018,CEMADEN_MAX_GAP_60MIN,TRUE,365,365,322,334,340,0.882191780821918,0.915068493150685,0.931506849315068,0,5,120
CEMADEN,261050901A,PASSIRA  - APAC,PASSIRA,CEMADEN,PLUVIOMETRICA_AUTOMATICA,2019,CEMADEN_MAX_GAP_60MIN,TRUE,365,352,297,310,312,0.813698630136986,0.849315068493151,0.854794520547945,0,13,259.499999999999
CEMADEN,261050901A,PASSIRA  - APAC,PASSIRA,CEMADEN,PLUVIOMETRICA_AUTOMATICA,2020,CEMADEN_MAX_GAP_60MIN,TRUE,366,254,187,188,190,0.510928961748634,0.513661202185792,0.519125683060109,0,163,4207.5
CEMADEN,261050901A,PASSIRA  - APAC,PASSIRA,CEMADEN,PLUVIOMETRICA_AUTOMATICA,2021,CEMADEN_MAX_GAP_60MIN,TRUE,365,149,111,119,125,0.304109589041096,0.326027397260274,0.342465753424658,0,217,186
CEMADEN,261050901A,PASSIRA  - APAC,PASSIRA,CEMADEN,PLUVIOMETRICA_AUTOMATICA,2022,CEMADEN_MAX_GAP_60MIN,TRUE,365,365,316,328,338,0.865753424657534,0.898630136986301,0.926027397260274,0,3,120
CEMADEN,261050901A,PASSIRA  - APAC,PASSIRA,CEMADEN,PLUVIOMETRICA_AUTOMATICA,2023,CEMADEN_MAX_GAP_60MIN,TRUE,365,365,328,341,348,0.898630136986301,0.934246575342466,0.953424657534246,0,3,80
CEMADEN,261050901A,PASSIRA  - APAC,PASSIRA,CEMADEN,PLUVIOMETRICA_AUTOMATICA,2024,CEMADEN_MAX_GAP_60MIN,TRUE,366,337,282,289,293,0.770491803278689,0.789617486338798,0.800546448087432,0,31,1312
CEMADEN,261050901A,PASSIRA  - APAC,PASSIRA,CEMADEN,PLUVIOMETRICA_AUTOMATICA,2025,CEMADEN_MAX_GAP_60MIN,TRUE,365,247,133,145,160,0.364383561643836,0.397260273972603,0.438356164383562,0,130,2640
CEMADEN,261060801A,GUADALAJARA - APAC,PAUDALHO,CEMADEN,PLUVIOMETRICA_AUTOMATICA,2017,CEMADEN_MAX_GAP_60MIN,TRUE,365,21,5,5,5,0.0136986301369863,0.0136986301369863,0.0136986301369863,0,323,25150
CEMADEN,261060801A,GUADALAJARA - APAC,PAUDALHO,CEMADEN,PLUVIOMETRICA_AUTOMATICA,2018,CEMADEN_MAX_GAP_60MIN,TRUE,365,273,211,220,221,0.578082191780822,0.602739726027397,0.605479452054795,0,111,4000
CEMADEN,261060801A,GUADALAJARA - APAC,PAUDALHO,CEMADEN,PLUVIOMETRICA_AUTOMATICA,2019,CEMADEN_MAX_GAP_60MIN,TRUE,365,354,294,309,315,0.805479452054795,0.846575342465753,0.863013698630137,0,12,357.999999999997
CEMADEN,261060801A,GUADALAJARA - APAC,PAUDALHO,CEMADEN,PLUVIOMETRICA_AUTOMATICA,2020,CEMADEN_MAX_GAP_60MIN,TRUE,366,362,317,331,335,0.866120218579235,0.904371584699454,0.915300546448087,0,7,120
CEMADEN,261060801A,GUADALAJARA - APAC,PAUDALHO,CEMADEN,PLUVIOMETRICA_AUTOMATICA,2021,CEMADEN_MAX_GAP_60MIN,TRUE,365,116,70,83,85,0.191780821917808,0.227397260273973,0.232876712328767,0,163,27177.9999999999
CEMADEN,261060802A,PAUDALHO - APAC,PAUDALHO,CEMADEN,PLUVIOMETRICA_AUTOMATICA,2017,CEMADEN_MAX_GAP_60MIN,TRUE,365,17,8,8,11,0.0219178082191781,0.0219178082191781,0.0301369863013699,0,353,120
CEMADEN,261060802A,PAUDALHO - APAC,PAUDALHO,CEMADEN,PLUVIOMETRICA_AUTOMATICA,2018,CEMADEN_MAX_GAP_60MIN,TRUE,365,365,305,322,331,0.835616438356164,0.882191780821918,0.906849315068493,0,6,120
CEMADEN,261060802A,PAUDALHO - APAC,PAUDALHO,CEMADEN,PLUVIOMETRICA_AUTOMATICA,2019,CEMADEN_MAX_GAP_60MIN,TRUE,365,345,284,300,306,0.778082191780822,0.821917808219178,0.838356164383562,0,12,480.000000000001
CEMADEN,261060802A,PAUDALHO - APAC,PAUDALHO,CEMADEN,PLUVIOMETRICA_AUTOMATICA,2020,CEMADEN_MAX_GAP_60MIN,TRUE,366,345,209,228,239,0.57103825136612,0.622950819672131,0.653005464480874,0,74,220
CEMADEN,261060802A,PAUDALHO - APAC,PAUDALHO,CEMADEN,PLUVIOMETRICA_AUTOMATICA,2021,CEMADEN_MAX_GAP_60MIN,TRUE,365,194,19,29,39,0.052054794520548,0.0794520547945206,0.106849315068493,0,291,1237
CEMADEN,261060802A,PAUDALHO - APAC,PAUDALHO,CEMADEN,PLUVIOMETRICA_AUTOMATICA,2022,CEMADEN_MAX_GAP_60MIN,TRUE,365,208,126,131,135,0.345205479452055,0.358904109589041,0.36986301369863,0,149,750
CEMADEN,261060802A,PAUDALHO - APAC,PAUDALHO,CEMADEN,PLUVIOMETRICA_AUTOMATICA,2023,CEMADEN_MAX_GAP_60MIN,TRUE,365,365,318,341,346,0.871232876712329,0.934246575342466,0.947945205479452,0,7,98.0000000000001
CEMADEN,261060802A,PAUDALHO - APAC,PAUDALHO,CEMADEN,PLUVIOMETRICA_AUTOMATICA,2024,CEMADEN_MAX_GAP_60MIN,TRUE,366,336,291,297,300,0.795081967213115,0.811475409836066,0.819672131147541,0,21,762.5
CEMADEN,261060802A,PAUDALHO - APAC,PAUDALHO,CEMADEN,PLUVIOMETRICA_AUTOMATICA,2025,CEMADEN_MAX_GAP_60MIN,TRUE,365,265,242,251,255,0.663013698630137,0.687671232876712,0.698630136986301,0,101,70
CEMADEN,261070702A,Vila Torres Galvão,PAULISTA,CEMADEN,PLUVIOMETRICA_AUTOMATICA,2017,CEMADEN_MAX_GAP_60MIN,TRUE,365,365,339,344,346,0.928767123287671,0.942465753424658,0.947945205479452,0,5,88.4999999999997
CEMADEN,261070702A,Vila Torres Galvão,PAULISTA,CEMADEN,PLUVIOMETRICA_AUTOMATICA,2018,CEMADEN_MAX_GAP_60MIN,TRUE,365,365,97,101,107,0.265753424657534,0.276712328767123,0.293150684931507,0,252,220
CEMADEN,261070702A,Vila Torres Galvão,PAULISTA,CEMADEN,PLUVIOMETRICA_AUTOMATICA,2019,CEMADEN_MAX_GAP_60MIN,TRUE,365,344,20,37,38,0.0547945205479452,0.101369863013699,0.104109589041096,0,317,352.499999999998
CEMADEN,261070702A,Vila Torres Galvão,PAULISTA,CEMADEN,PLUVIOMETRICA_AUTOMATICA,2020,CEMADEN_MAX_GAP_60MIN,TRUE,366,366,10,170,298,0.0273224043715847,0.46448087431694,0.814207650273224,0,147,317.5
CEMADEN,261070702A,Vila Torres Galvão,PAULISTA,CEMADEN,PLUVIOMETRICA_AUTOMATICA,2021,CEMADEN_MAX_GAP_60MIN,TRUE,365,365,220,326,332,0.602739726027397,0.893150684931507,0.90958904109589,0,14,120
CEMADEN,261070702A,Vila Torres Galvão,PAULISTA,CEMADEN,PLUVIOMETRICA_AUTOMATICA,2022,CEMADEN_MAX_GAP_60MIN,TRUE,365,363,246,252,273,0.673972602739726,0.69041095890411,0.747945205479452,0,26,550
CEMADEN,261070702A,Vila Torres Galvão,PAULISTA,CEMADEN,PLUVIOMETRICA_AUTOMATICA,2023,CEMADEN_MAX_GAP_60MIN,TRUE,365,342,242,251,254,0.663013698630137,0.687671232876712,0.695890410958904,0,79,2713.5
CEMADEN,261070702A,Vila Torres Galvão,PAULISTA,CEMADEN,PLUVIOMETRICA_AUTOMATICA,2024,CEMADEN_MAX_GAP_60MIN,TRUE,366,366,327,333,343,0.89344262295082,0.909836065573771,0.937158469945355,0,15,110
CEMADEN,261070702A,Vila Torres Galvão,PAULISTA,CEMADEN,PLUVIOMETRICA_AUTOMATICA,2025,CEMADEN_MAX_GAP_60MIN,TRUE,365,364,334,345,346,0.915068493150685,0.945205479452055,0.947945205479452,0,4,70
CEMADEN,261070703A,Maria Farinha,PAULISTA,CEMADEN,PLUVIOMETRICA_AUTOMATICA,2017,CEMADEN_MAX_GAP_60MIN,TRUE,365,358,338,346,346,0.926027397260274,0.947945205479452,0.947945205479452,0,8,70
CEMADEN,261070703A,Maria Farinha,PAULISTA,CEMADEN,PLUVIOMETRICA_AUTOMATICA,2018,CEMADEN_MAX_GAP_60MIN,TRUE,365,252,223,239,239,0.610958904109589,0.654794520547945,0.654794520547945,0,114,83.4999999999997
CEMADEN,261070703A,Maria Farinha,PAULISTA,CEMADEN,PLUVIOMETRICA_AUTOMATICA,2019,CEMADEN_MAX_GAP_60MIN,TRUE,365,354,283,295,304,0.775342465753425,0.808219178082192,0.832876712328767,0,15,596.999999999999
CEMADEN,261070703A,Maria Farinha,PAULISTA,CEMADEN,PLUVIOMETRICA_AUTOMATICA,2020,CEMADEN_MAX_GAP_60MIN,TRUE,366,216,198,205,207,0.540983606557377,0.560109289617486,0.565573770491803,0,154,72.5
CEMADEN,261070703A,Maria Farinha,PAULISTA,CEMADEN,PLUVIOMETRICA_AUTOMATICA,2021,CEMADEN_MAX_GAP_60MIN,TRUE,365,363,335,343,350,0.917808219178082,0.93972602739726,0.958904109589041,0,6,80
CEMADEN,261070703A,Maria Farinha,PAULISTA,CEMADEN,PLUVIOMETRICA_AUTOMATICA,2022,CEMADEN_MAX_GAP_60MIN,TRUE,365,137,50,55,55,0.136986301369863,0.150684931506849,0.150684931506849,0,296,4260
CEMADEN,261070703A,Maria Farinha,PAULISTA,CEMADEN,PLUVIOMETRICA_AUTOMATICA,2023,CEMADEN_MAX_GAP_60MIN,TRUE,365,9,0,0,0,0,0,0,0,365,392110
CEMADEN,261070703A,Maria Farinha,PAULISTA,CEMADEN,PLUVIOMETRICA_AUTOMATICA,2024,CEMADEN_MAX_GAP_60MIN,TRUE,366,74,55,57,59,0.150273224043716,0.155737704918033,0.16120218579235,0,156,59085.5
CEMADEN,261070703A,Maria Farinha,PAULISTA,CEMADEN,PLUVIOMETRICA_AUTOMATICA,2025,CEMADEN_MAX_GAP_60MIN,TRUE,365,97,44,46,46,0.120547945205479,0.126027397260274,0.126027397260274,0,69,47740
CEMADEN,261070704A,Janga,PAULISTA,CEMADEN,PLUVIOMETRICA_AUTOMATICA,2017,CEMADEN_MAX_GAP_60MIN,TRUE,365,365,349,350,354,0.956164383561644,0.958904109589041,0.96986301369863,0,2,60
CEMADEN,261070704A,Janga,PAULISTA,CEMADEN,PLUVIOMETRICA_AUTOMATICA,2018,CEMADEN_MAX_GAP_60MIN,TRUE,365,365,340,351,354,0.931506849315068,0.961643835616438,0.96986301369863,0,2,70
CEMADEN,261070704A,Janga,PAULISTA,CEMADEN,PLUVIOMETRICA_AUTOMATICA,2019,CEMADEN_MAX_GAP_60MIN,TRUE,365,349,272,283,286,0.745205479452055,0.775342465753425,0.783561643835617,0,25,1416
CEMADEN,261070704A,Janga,PAULISTA,CEMADEN,PLUVIOMETRICA_AUTOMATICA,2020,CEMADEN_MAX_GAP_60MIN,TRUE,366,246,192,197,198,0.524590163934426,0.538251366120219,0.540983606557377,0,162,1490
CEMADEN,261070704A,Janga,PAULISTA,CEMADEN,PLUVIOMETRICA_AUTOMATICA,2021,CEMADEN_MAX_GAP_60MIN,TRUE,365,363,345,352,355,0.945205479452055,0.964383561643836,0.972602739726027,0,6,60
CEMADEN,261070704A,Janga,PAULISTA,CEMADEN,PLUVIOMETRICA_AUTOMATICA,2022,CEMADEN_MAX_GAP_60MIN,TRUE,365,365,290,304,314,0.794520547945206,0.832876712328767,0.86027397260274,0,23,120
CEMADEN,261070704A,Janga,PAULISTA,CEMADEN,PLUVIOMETRICA_AUTOMATICA,2023,CEMADEN_MAX_GAP_60MIN,TRUE,365,248,221,228,230,0.605479452054795,0.624657534246575,0.63013698630137,0,124,412.999999999991
CEMADEN,261070704A,Janga,PAULISTA,CEMADEN,PLUVIOMETRICA_AUTOMATICA,2024,CEMADEN_MAX_GAP_60MIN,TRUE,366,187,0,0,0,0,0,0,0,366,1214
CEMADEN,261070704A,Janga,PAULISTA,CEMADEN,PLUVIOMETRICA_AUTOMATICA,2025,CEMADEN_MAX_GAP_60MIN,TRUE,365,349,0,0,0,0,0,0,0,365,1270
CEMADEN,261070705A,Janga2,PAULISTA,CEMADEN,PLUVIOMETRICA_AUTOMATICA,2017,CEMADEN_MAX_GAP_60MIN,TRUE,365,365,349,350,353,0.956164383561644,0.958904109589041,0.967123287671233,0,2,60
CEMADEN,261070705A,Janga2,PAULISTA,CEMADEN,PLUVIOMETRICA_AUTOMATICA,2018,CEMADEN_MAX_GAP_60MIN,TRUE,365,365,340,349,353,0.931506849315068,0.956164383561644,0.967123287671233,0,2,70
CEMADEN,261070705A,Janga2,PAULISTA,CEMADEN,PLUVIOMETRICA_AUTOMATICA,2019,CEMADEN_MAX_GAP_60MIN,TRUE,365,355,286,296,305,0.783561643835617,0.810958904109589,0.835616438356164,0,15,710
CEMADEN,261070705A,Janga2,PAULISTA,CEMADEN,PLUVIOMETRICA_AUTOMATICA,2020,CEMADEN_MAX_GAP_60MIN,TRUE,366,250,116,140,169,0.316939890710383,0.382513661202186,0.461748633879781,0,141,1452
CEMADEN,261070705A,Janga2,PAULISTA,CEMADEN,PLUVIOMETRICA_AUTOMATICA,2021,CEMADEN_MAX_GAP_60MIN,TRUE,365,365,335,339,342,0.917808219178082,0.928767123287671,0.936986301369863,0,2,120
CEMADEN,261070705A,Janga2,PAULISTA,CEMADEN,PLUVIOMETRICA_AUTOMATICA,2022,CEMADEN_MAX_GAP_60MIN,TRUE,365,365,275,283,299,0.753424657534247,0.775342465753425,0.819178082191781,0,20,228.000000000001
CEMADEN,261070705A,Janga2,PAULISTA,CEMADEN,PLUVIOMETRICA_AUTOMATICA,2023,CEMADEN_MAX_GAP_60MIN,TRUE,365,365,335,344,349,0.917808219178082,0.942465753424658,0.956164383561644,0,2,80
CEMADEN,261070705A,Janga2,PAULISTA,CEMADEN,PLUVIOMETRICA_AUTOMATICA,2024,CEMADEN_MAX_GAP_60MIN,TRUE,366,350,314,329,336,0.85792349726776,0.898907103825137,0.918032786885246,0,12,80
CEMADEN,261070705A,Janga2,PAULISTA,CEMADEN,PLUVIOMETRICA_AUTOMATICA,2025,CEMADEN_MAX_GAP_60MIN,TRUE,365,321,310,314,314,0.849315068493151,0.86027397260274,0.86027397260274,0,46,60
CEMADEN,261070706A,Centro,PAULISTA,CEMADEN,PLUVIOMETRICA_AUTOMATICA,2017,CEMADEN_MAX_GAP_60MIN,TRUE,365,365,347,349,353,0.950684931506849,0.956164383561644,0.967123287671233,0,2,60
CEMADEN,261070706A,Centro,PAULISTA,CEMADEN,PLUVIOMETRICA_AUTOMATICA,2018,CEMADEN_MAX_GAP_60MIN,TRUE,365,365,350,353,354,0.958904109589041,0.967123287671233,0.96986301369863,0,2,60
CEMADEN,261070706A,Centro,PAULISTA,CEMADEN,PLUVIOMETRICA_AUTOMATICA,2019,CEMADEN_MAX_GAP_60MIN,TRUE,365,161,145,146,147,0.397260273972603,0.4,0.402739726027397,0,205,121
CEMADEN,261070707A,PAULISTA - APAC,PAULISTA,CEMADEN,PLUVIOMETRICA_AUTOMATICA,2017,CEMADEN_MAX_GAP_60MIN,TRUE,365,55,13,13,15,0.0356164383561644,0.0356164383561644,0.0410958904109589,0,315,1082.49999999999
CEMADEN,261070707A,PAULISTA - APAC,PAULISTA,CEMADEN,PLUVIOMETRICA_AUTOMATICA,2018,CEMADEN_MAX_GAP_60MIN,TRUE,365,147,89,98,103,0.243835616438356,0.268493150684932,0.282191780821918,0,219,127
CEMADEN,261070707A,PAULISTA - APAC,PAULISTA,CEMADEN,PLUVIOMETRICA_AUTOMATICA,2019,CEMADEN_MAX_GAP_60MIN,TRUE,365,160,104,112,120,0.284931506849315,0.306849315068493,0.328767123287671,0,186,2307.49999999999
CEMADEN,261070707A,PAULISTA - APAC,PAULISTA,CEMADEN,PLUVIOMETRICA_AUTOMATICA,2020,CEMADEN_MAX_GAP_60MIN,TRUE,366,366,205,223,238,0.560109289617486,0.609289617486339,0.650273224043716,0,112,230
CEMADEN,261070707A,PAULISTA - APAC,PAULISTA,CEMADEN,PLUVIOMETRICA_AUTOMATICA,2021,CEMADEN_MAX_GAP_60MIN,TRUE,365,91,0,0,3,0,0,0.00821917808219178,0,365,1643.5
CEMADEN,261080601A,PEDRA - APAC,PEDRA,CEMADEN,PLUVIOMETRICA_AUTOMATICA,2017,CEMADEN_MAX_GAP_60MIN,TRUE,365,21,16,16,18,0.0438356164383562,0.0438356164383562,0.0493150684931507,0,345,101
CEMADEN,261080601A,PEDRA - APAC,PEDRA,CEMADEN,PLUVIOMETRICA_AUTOMATICA,2018,CEMADEN_MAX_GAP_60MIN,TRUE,365,365,320,325,330,0.876712328767123,0.89041095890411,0.904109589041096,0,9,120
CEMADEN,261080601A,PEDRA - APAC,PEDRA,CEMADEN,PLUVIOMETRICA_AUTOMATICA,2019,CEMADEN_MAX_GAP_60MIN,TRUE,365,351,299,306,309,0.819178082191781,0.838356164383562,0.846575342465753,0,12,460
CEMADEN,261080601A,PEDRA - APAC,PEDRA,CEMADEN,PLUVIOMETRICA_AUTOMATICA,2020,CEMADEN_MAX_GAP_60MIN,TRUE,366,344,297,302,306,0.811475409836066,0.825136612021858,0.836065573770492,0,18,288.5
CEMADEN,261080601A,PEDRA - APAC,PEDRA,CEMADEN,PLUVIOMETRICA_AUTOMATICA,2021,CEMADEN_MAX_GAP_60MIN,TRUE,365,180,148,151,155,0.405479452054795,0.413698630136986,0.424657534246575,0,131,1040
CEMADEN,261080601A,PEDRA - APAC,PEDRA,CEMADEN,PLUVIOMETRICA_AUTOMATICA,2022,CEMADEN_MAX_GAP_60MIN,TRUE,365,121,17,17,17,0.0465753424657534,0.0465753424657534,0.0465753424657534,0,279,5130
CEMADEN,261080601A,PEDRA - APAC,PEDRA,CEMADEN,PLUVIOMETRICA_AUTOMATICA,2023,CEMADEN_MAX_GAP_60MIN,TRUE,365,321,247,258,269,0.676712328767123,0.706849315068493,0.736986301369863,0,45,280
CEMADEN,261080601A,PEDRA - APAC,PEDRA,CEMADEN,PLUVIOMETRICA_AUTOMATICA,2024,CEMADEN_MAX_GAP_60MIN,TRUE,366,309,127,146,168,0.346994535519126,0.398907103825137,0.459016393442623,0,88,4317.99999999999
CEMADEN,261080601A,PEDRA - APAC,PEDRA,CEMADEN,PLUVIOMETRICA_AUTOMATICA,2025,CEMADEN_MAX_GAP_60MIN,TRUE,365,192,111,117,121,0.304109589041096,0.32054794520548,0.331506849315069,0,130,9065
CEMADEN,261080601C,PEDRA,PEDRA,CEMADEN,PLUVIOMETRICA_AUTOMATICA,2017,CEMADEN_MAX_GAP_60MIN,TRUE,365,219,124,124,124,0.33972602739726,0.33972602739726,0.33972602739726,0,87,9134.49999999998
CEMADEN,261080601C,PEDRA,PEDRA,CEMADEN,PLUVIOMETRICA_AUTOMATICA,2018,CEMADEN_MAX_GAP_60MIN,TRUE,365,348,300,300,300,0.821917808219178,0.821917808219178,0.821917808219178,0,35,900
CEMADEN,261080601C,PEDRA,PEDRA,CEMADEN,PLUVIOMETRICA_AUTOMATICA,2019,CEMADEN_MAX_GAP_60MIN,TRUE,365,348,260,260,260,0.712328767123288,0.712328767123288,0.712328767123288,0,60,2178
CEMADEN,261080601C,PEDRA,PEDRA,CEMADEN,PLUVIOMETRICA_AUTOMATICA,2020,CEMADEN_MAX_GAP_60MIN,TRUE,366,252,3,3,3,0.00819672131147541,0.00819672131147541,0.00819672131147541,0,259,2520
CEMADEN,261080601C,PEDRA,PEDRA,CEMADEN,PLUVIOMETRICA_AUTOMATICA,2022,CEMADEN_MAX_GAP_60MIN,TRUE,365,237,234,234,235,0.641095890410959,0.641095890410959,0.643835616438356,0,116,60
CEMADEN,261090501A,IFPE - APAC | SALOBRO - APAC,PESQUEIRA,CEMADEN,PLUVIOMETRICA_AUTOMATICA,2023,CEMADEN_MAX_GAP_60MIN,TRUE,365,184,148,150,153,0.405479452054795,0.410958904109589,0.419178082191781,0,181,120
CEMADEN,261090501A,IFPE - APAC | SALOBRO - APAC,PESQUEIRA,CEMADEN,PLUVIOMETRICA_AUTOMATICA,2024,CEMADEN_MAX_GAP_60MIN,TRUE,366,348,261,276,290,0.713114754098361,0.754098360655738,0.792349726775956,0,18,1226.5
CEMADEN,261090501A,IFPE - APAC | SALOBRO - APAC,PESQUEIRA,CEMADEN,PLUVIOMETRICA_AUTOMATICA,2025,CEMADEN_MAX_GAP_60MIN,TRUE,365,362,329,338,342,0.901369863013699,0.926027397260274,0.936986301369863,0,6,100
CEMADEN,261090501C,PESQUEIRA,PESQUEIRA,CEMADEN,PLUVIOMETRICA_AUTOMATICA,2017,CEMADEN_MAX_GAP_60MIN,TRUE,365,111,13,13,13,0.0356164383561644,0.0356164383561644,0.0356164383561644,0,159,18168
CEMADEN,261090501C,PESQUEIRA,PESQUEIRA,CEMADEN,PLUVIOMETRICA_AUTOMATICA,2018,CEMADEN_MAX_GAP_60MIN,TRUE,365,319,300,300,300,0.821917808219178,0.821917808219178,0.821917808219178,0,38,1020
CEMADEN,261090501C,PESQUEIRA,PESQUEIRA,CEMADEN,PLUVIOMETRICA_AUTOMATICA,2019,CEMADEN_MAX_GAP_60MIN,TRUE,365,344,274,274,274,0.750684931506849,0.750684931506849,0.750684931506849,0,49,2760
CEMADEN,261090501C,PESQUEIRA,PESQUEIRA,CEMADEN,PLUVIOMETRICA_AUTOMATICA,2020,CEMADEN_MAX_GAP_60MIN,TRUE,366,174,60,60,60,0.163934426229508,0.163934426229508,0.163934426229508,0,178,6061
CEMADEN,261090501C,PESQUEIRA,PESQUEIRA,CEMADEN,PLUVIOMETRICA_AUTOMATICA,2022,CEMADEN_MAX_GAP_60MIN,TRUE,365,238,183,184,185,0.501369863013699,0.504109589041096,0.506849315068493,0,108,120
CEMADEN,261090501C,PESQUEIRA,PESQUEIRA,CEMADEN,PLUVIOMETRICA_AUTOMATICA,2023,CEMADEN_MAX_GAP_60MIN,TRUE,365,338,262,262,263,0.717808219178082,0.717808219178082,0.72054794520548,0,11,120
CEMADEN,261090501C,PESQUEIRA,PESQUEIRA,CEMADEN,PLUVIOMETRICA_AUTOMATICA,2024,CEMADEN_MAX_GAP_60MIN,TRUE,366,288,227,227,227,0.620218579234973,0.620218579234973,0.620218579234973,0,35,7696.49999999994
CEMADEN,261090501C,PESQUEIRA,PESQUEIRA,CEMADEN,PLUVIOMETRICA_AUTOMATICA,2025,CEMADEN_MAX_GAP_60MIN,TRUE,365,347,312,312,312,0.854794520547945,0.854794520547945,0.854794520547945,0,10,795
CEMADEN,261090502A,G2-261090502A | G2-Distrito de Mimoso,PESQUEIRA,CEMADEN,PLUVIOMETRICA_AUTOMATICA,2025,CEMADEN_MAX_GAP_60MIN,TRUE,365,112,97,103,103,0.265753424657534,0.282191780821918,0.282191780821918,0,254,120
CEMADEN,261090503A,G2-261090503A | G2-Prefeitura,PESQUEIRA,CEMADEN,PLUVIOMETRICA_AUTOMATICA,2025,CEMADEN_MAX_GAP_60MIN,TRUE,365,115,83,89,92,0.227397260273973,0.243835616438356,0.252054794520548,0,250,143.999999999999
CEMADEN,261090504A,G2-261090504A | G2-Escola Paulo Melo,PESQUEIRA,CEMADEN,PLUVIOMETRICA_AUTOMATICA,2025,CEMADEN_MAX_GAP_60MIN,TRUE,365,81,55,67,68,0.150684931506849,0.183561643835616,0.186301369863014,0,248,120
CEMADEN,261100201A,Petrolândia [Prefeitura] - APAC,PETROLÂNDIA,CEMADEN,PLUVIOMETRICA_AUTOMATICA,2023,CEMADEN_MAX_GAP_60MIN,TRUE,365,299,251,253,255,0.687671232876712,0.693150684931507,0.698630136986301,0,62,211.5
CEMADEN,261100201A,Petrolândia [Prefeitura] - APAC,PETROLÂNDIA,CEMADEN,PLUVIOMETRICA_AUTOMATICA,2024,CEMADEN_MAX_GAP_60MIN,TRUE,366,333,263,267,272,0.718579234972678,0.729508196721312,0.743169398907104,0,20,2640
CEMADEN,261100201A,Petrolândia [Prefeitura] - APAC,PETROLÂNDIA,CEMADEN,PLUVIOMETRICA_AUTOMATICA,2025,CEMADEN_MAX_GAP_60MIN,TRUE,365,362,304,314,318,0.832876712328767,0.86027397260274,0.871232876712329,0,7,200
CEMADEN,261100201U,PETROLANDIA,PETROLÂNDIA,CEMADEN,PLUVIOMETRICA_AUTOMATICA,2017,CEMADEN_MAX_GAP_60MIN,TRUE,365,42,14,15,15,0.0383561643835616,0.0410958904109589,0.0410958904109589,0,188,27850
CEMADEN,261100201U,PETROLANDIA,PETROLÂNDIA,CEMADEN,PLUVIOMETRICA_AUTOMATICA,2018,CEMADEN_MAX_GAP_60MIN,TRUE,365,17,11,11,11,0.0301369863013699,0.0301369863013699,0.0301369863013699,0,352,63465
CEMADEN,261110101A,Jose e Maria,PETROLINA,CEMADEN,PLUVIOMETRICA_AUTOMATICA,2017,CEMADEN_MAX_GAP_60MIN,TRUE,365,365,349,349,351,0.956164383561644,0.956164383561644,0.961643835616438,0,2,60
CEMADEN,261110101A,Jose e Maria,PETROLINA,CEMADEN,PLUVIOMETRICA_AUTOMATICA,2018,CEMADEN_MAX_GAP_60MIN,TRUE,365,365,346,351,354,0.947945205479452,0.961643835616438,0.96986301369863,0,2,68.0000000000001
CEMADEN,261110101A,Jose e Maria,PETROLINA,CEMADEN,PLUVIOMETRICA_AUTOMATICA,2019,CEMADEN_MAX_GAP_60MIN,TRUE,365,351,307,313,317,0.841095890410959,0.857534246575342,0.868493150684932,0,15,335
CEMADEN,261110101A,Jose e Maria,PETROLINA,CEMADEN,PLUVIOMETRICA_AUTOMATICA,2020,CEMADEN_MAX_GAP_60MIN,TRUE,366,337,204,222,239,0.557377049180328,0.60655737704918,0.653005464480874,0,86,1592
CEMADEN,261110101A,Jose e Maria,PETROLINA,CEMADEN,PLUVIOMETRICA_AUTOMATICA,2021,CEMADEN_MAX_GAP_60MIN,TRUE,365,365,327,329,329,0.895890410958904,0.901369863013699,0.901369863013699,0,11,120
CEMADEN,261110101A,Jose e Maria,PETROLINA,CEMADEN,PLUVIOMETRICA_AUTOMATICA,2022,CEMADEN_MAX_GAP_60MIN,TRUE,365,365,322,325,329,0.882191780821918,0.89041095890411,0.901369863013699,0,5,120
CEMADEN,261110101A,Jose e Maria,PETROLINA,CEMADEN,PLUVIOMETRICA_AUTOMATICA,2023,CEMADEN_MAX_GAP_60MIN,TRUE,365,358,309,315,316,0.846575342465753,0.863013698630137,0.865753424657534,0,36,883.499999999998
CEMADEN,261110101A,Jose e Maria,PETROLINA,CEMADEN,PLUVIOMETRICA_AUTOMATICA,2024,CEMADEN_MAX_GAP_60MIN,TRUE,366,198,132,133,134,0.360655737704918,0.363387978142077,0.366120218579235,0,227,1460
CEMADEN,261110101A,Jose e Maria,PETROLINA,CEMADEN,PLUVIOMETRICA_AUTOMATICA,2025,CEMADEN_MAX_GAP_60MIN,TRUE,365,263,240,242,246,0.657534246575342,0.663013698630137,0.673972602739726,0,103,120
CEMADEN,261110101C,PETROLINA,PETROLINA,CEMADEN,PLUVIOMETRICA_AUTOMATICA,2017,CEMADEN_MAX_GAP_60MIN,TRUE,365,168,124,124,124,0.33972602739726,0.33972602739726,0.33972602739726,0,128,17566
CEMADEN,261110101C,PETROLINA,PETROLINA,CEMADEN,PLUVIOMETRICA_AUTOMATICA,2018,CEMADEN_MAX_GAP_60MIN,TRUE,365,365,258,258,258,0.706849315068493,0.706849315068493,0.706849315068493,0,105,720
CEMADEN,261110101C,PETROLINA,PETROLINA,CEMADEN,PLUVIOMETRICA_AUTOMATICA,2019,CEMADEN_MAX_GAP_60MIN,TRUE,365,351,331,331,331,0.906849315068493,0.906849315068493,0.906849315068493,0,11,1620
CEMADEN,261110101C,PETROLINA,PETROLINA,CEMADEN,PLUVIOMETRICA_AUTOMATICA,2020,CEMADEN_MAX_GAP_60MIN,TRUE,366,345,336,336,336,0.918032786885246,0.918032786885246,0.918032786885246,0,20,60
CEMADEN,261110101C,PETROLINA,PETROLINA,CEMADEN,PLUVIOMETRICA_AUTOMATICA,2021,CEMADEN_MAX_GAP_60MIN,TRUE,365,119,113,113,113,0.30958904109589,0.30958904109589,0.30958904109589,0,133,7229.99999999959
CEMADEN,261110101C,PETROLINA,PETROLINA,CEMADEN,PLUVIOMETRICA_AUTOMATICA,2022,CEMADEN_MAX_GAP_60MIN,TRUE,365,237,235,236,236,0.643835616438356,0.646575342465753,0.646575342465753,0,129,60
CEMADEN,261110101C,PETROLINA,PETROLINA,CEMADEN,PLUVIOMETRICA_AUTOMATICA,2023,CEMADEN_MAX_GAP_60MIN,TRUE,365,365,363,363,363,0.994520547945205,0.994520547945205,0.994520547945205,0,2,60
CEMADEN,261110101C,PETROLINA,PETROLINA,CEMADEN,PLUVIOMETRICA_AUTOMATICA,2024,CEMADEN_MAX_GAP_60MIN,TRUE,366,349,328,328,328,0.896174863387978,0.896174863387978,0.896174863387978,0,15,120
CEMADEN,261110101C,PETROLINA,PETROLINA,CEMADEN,PLUVIOMETRICA_AUTOMATICA,2025,CEMADEN_MAX_GAP_60MIN,TRUE,365,365,353,353,353,0.967123287671233,0.967123287671233,0.967123287671233,0,5,60
CEMADEN,261110102A,Gercino Coelho,PETROLINA,CEMADEN,PLUVIOMETRICA_AUTOMATICA,2017,CEMADEN_MAX_GAP_60MIN,TRUE,365,365,350,351,352,0.958904109589041,0.961643835616438,0.964383561643836,0,2,60
CEMADEN,261110102A,Gercino Coelho,PETROLINA,CEMADEN,PLUVIOMETRICA_AUTOMATICA,2018,CEMADEN_MAX_GAP_60MIN,TRUE,365,365,347,349,349,0.950684931506849,0.956164383561644,0.956164383561644,0,2,60
CEMADEN,261110102A,Gercino Coelho,PETROLINA,CEMADEN,PLUVIOMETRICA_AUTOMATICA,2019,CEMADEN_MAX_GAP_60MIN,TRUE,365,351,308,314,316,0.843835616438356,0.86027397260274,0.865753424657534,0,15,280
CEMADEN,261110102A,Gercino Coelho,PETROLINA,CEMADEN,PLUVIOMETRICA_AUTOMATICA,2020,CEMADEN_MAX_GAP_60MIN,TRUE,366,176,137,140,143,0.37431693989071,0.382513661202186,0.390710382513661,0,193,642.5
CEMADEN,261110102A,Gercino Coelho,PETROLINA,CEMADEN,PLUVIOMETRICA_AUTOMATICA,2021,CEMADEN_MAX_GAP_60MIN,TRUE,365,293,270,276,281,0.73972602739726,0.756164383561644,0.76986301369863,0,70,80
CEMADEN,261110102A,Gercino Coelho,PETROLINA,CEMADEN,PLUVIOMETRICA_AUTOMATICA,2022,CEMADEN_MAX_GAP_60MIN,TRUE,365,335,273,276,282,0.747945205479452,0.756164383561644,0.772602739726028,0,69,3700
CEMADEN,261110102A,Gercino Coelho,PETROLINA,CEMADEN,PLUVIOMETRICA_AUTOMATICA,2023,CEMADEN_MAX_GAP_60MIN,TRUE,365,362,348,350,353,0.953424657534246,0.958904109589041,0.967123287671233,0,5,60
CEMADEN,261110102A,Gercino Coelho,PETROLINA,CEMADEN,PLUVIOMETRICA_AUTOMATICA,2024,CEMADEN_MAX_GAP_60MIN,TRUE,366,321,270,274,278,0.737704918032787,0.748633879781421,0.759562841530055,0,36,1020
CEMADEN,261110102A,Gercino Coelho,PETROLINA,CEMADEN,PLUVIOMETRICA_AUTOMATICA,2025,CEMADEN_MAX_GAP_60MIN,TRUE,365,365,337,338,343,0.923287671232877,0.926027397260274,0.93972602739726,0,3,118.5
CEMADEN,261110102C,PETROLINA 2,PETROLINA,CEMADEN,PLUVIOMETRICA_AUTOMATICA,2018,CEMADEN_MAX_GAP_60MIN,TRUE,365,327,125,125,125,0.342465753424658,0.342465753424658,0.342465753424658,0,199,1020
CEMADEN,261110102C,PETROLINA 2,PETROLINA,CEMADEN,PLUVIOMETRICA_AUTOMATICA,2019,CEMADEN_MAX_GAP_60MIN,TRUE,365,344,0,0,0,0,0,0,0,365,1191
CEMADEN,261110102C,PETROLINA 2,PETROLINA,CEMADEN,PLUVIOMETRICA_AUTOMATICA,2020,CEMADEN_MAX_GAP_60MIN,TRUE,366,329,0,0,0,0,0,0,0,366,3383.99999999997
CEMADEN,261110102C,PETROLINA 2,PETROLINA,CEMADEN,PLUVIOMETRICA_AUTOMATICA,2021,CEMADEN_MAX_GAP_60MIN,TRUE,365,23,0,0,0,0,0,0,0,365,1137
CEMADEN,261110103A,Samu,PETROLINA,CEMADEN,PLUVIOMETRICA_AUTOMATICA,2017,CEMADEN_MAX_GAP_60MIN,TRUE,365,365,350,351,353,0.958904109589041,0.961643835616438,0.967123287671233,0,2,60
CEMADEN,261110103A,Samu,PETROLINA,CEMADEN,PLUVIOMETRICA_AUTOMATICA,2018,CEMADEN_MAX_GAP_60MIN,TRUE,365,365,349,351,352,0.956164383561644,0.961643835616438,0.964383561643836,0,2,60
CEMADEN,261110103A,Samu,PETROLINA,CEMADEN,PLUVIOMETRICA_AUTOMATICA,2019,CEMADEN_MAX_GAP_60MIN,TRUE,365,351,311,314,314,0.852054794520548,0.86027397260274,0.86027397260274,0,15,285
CEMADEN,261110103A,Samu,PETROLINA,CEMADEN,PLUVIOMETRICA_AUTOMATICA,2020,CEMADEN_MAX_GAP_60MIN,TRUE,366,348,231,254,271,0.631147540983607,0.693989071038251,0.740437158469945,0,52,1073
CEMADEN,261110103A,Samu,PETROLINA,CEMADEN,PLUVIOMETRICA_AUTOMATICA,2021,CEMADEN_MAX_GAP_60MIN,TRUE,365,365,327,329,330,0.895890410958904,0.901369863013699,0.904109589041096,0,9,120
CEMADEN,261110103A,Samu,PETROLINA,CEMADEN,PLUVIOMETRICA_AUTOMATICA,2022,CEMADEN_MAX_GAP_60MIN,TRUE,365,365,313,315,316,0.857534246575342,0.863013698630137,0.865753424657534,0,6,120
CEMADEN,261110103A,Samu,PETROLINA,CEMADEN,PLUVIOMETRICA_AUTOMATICA,2023,CEMADEN_MAX_GAP_60MIN,TRUE,365,225,191,195,195,0.523287671232877,0.534246575342466,0.534246575342466,0,166,1820
CEMADEN,261110103A,Samu,PETROLINA,CEMADEN,PLUVIOMETRICA_AUTOMATICA,2024,CEMADEN_MAX_GAP_60MIN,TRUE,366,140,136,136,138,0.371584699453552,0.371584699453552,0.377049180327869,0,227,60
CEMADEN,261110103A,Samu,PETROLINA,CEMADEN,PLUVIOMETRICA_AUTOMATICA,2025,CEMADEN_MAX_GAP_60MIN,TRUE,365,365,346,349,356,0.947945205479452,0.956164383561644,0.975342465753425,0,2,60
CEMADEN,261110103C,PETROLINA 3,PETROLINA,CEMADEN,PLUVIOMETRICA_AUTOMATICA,2017,CEMADEN_MAX_GAP_60MIN,TRUE,365,98,68,68,68,0.186301369863014,0.186301369863014,0.186301369863014,0,77,30413.9999999999
CEMADEN,261110103C,PETROLINA 3,PETROLINA,CEMADEN,PLUVIOMETRICA_AUTOMATICA,2018,CEMADEN_MAX_GAP_60MIN,TRUE,365,346,326,326,326,0.893150684931507,0.893150684931507,0.893150684931507,0,31,300
CEMADEN,261110103C,PETROLINA 3,PETROLINA,CEMADEN,PLUVIOMETRICA_AUTOMATICA,2019,CEMADEN_MAX_GAP_60MIN,TRUE,365,358,320,320,320,0.876712328767123,0.876712328767123,0.876712328767123,0,11,1151.99999999999
CEMADEN,261110103C,PETROLINA 3,PETROLINA,CEMADEN,PLUVIOMETRICA_AUTOMATICA,2020,CEMADEN_MAX_GAP_60MIN,TRUE,366,339,252,252,252,0.688524590163934,0.688524590163934,0.688524590163934,0,53,1380
CEMADEN,261110103C,PETROLINA 3,PETROLINA,CEMADEN,PLUVIOMETRICA_AUTOMATICA,2021,CEMADEN_MAX_GAP_60MIN,TRUE,365,290,0,0,0,0,0,0,0,365,4233
CEMADEN,261110103C,PETROLINA 3,PETROLINA,CEMADEN,PLUVIOMETRICA_AUTOMATICA,2022,CEMADEN_MAX_GAP_60MIN,TRUE,365,101,85,85,85,0.232876712328767,0.232876712328767,0.232876712328767,0,165,5040
CEMADEN,261110103C,PETROLINA 3,PETROLINA,CEMADEN,PLUVIOMETRICA_AUTOMATICA,2023,CEMADEN_MAX_GAP_60MIN,TRUE,365,179,156,156,156,0.427397260273973,0.427397260273973,0.427397260273973,0,113,3318
CEMADEN,261110103C,PETROLINA 3,PETROLINA,CEMADEN,PLUVIOMETRICA_AUTOMATICA,2024,CEMADEN_MAX_GAP_60MIN,TRUE,366,119,95,95,95,0.259562841530055,0.259562841530055,0.259562841530055,0,226,5090
CEMADEN,261110103C,PETROLINA 3,PETROLINA,CEMADEN,PLUVIOMETRICA_AUTOMATICA,2025,CEMADEN_MAX_GAP_60MIN,TRUE,365,210,134,134,134,0.367123287671233,0.367123287671233,0.367123287671233,0,74,3156
CEMADEN,261110104A,Jardim Sao Paulo,PETROLINA,CEMADEN,PLUVIOMETRICA_AUTOMATICA,2017,CEMADEN_MAX_GAP_60MIN,TRUE,365,365,349,351,355,0.956164383561644,0.961643835616438,0.972602739726027,0,2,60
CEMADEN,261110104A,Jardim Sao Paulo,PETROLINA,CEMADEN,PLUVIOMETRICA_AUTOMATICA,2018,CEMADEN_MAX_GAP_60MIN,TRUE,365,365,344,348,350,0.942465753424658,0.953424657534246,0.958904109589041,0,3,70
CEMADEN,261110104A,Jardim Sao Paulo,PETROLINA,CEMADEN,PLUVIOMETRICA_AUTOMATICA,2019,CEMADEN_MAX_GAP_60MIN,TRUE,365,351,301,302,305,0.824657534246575,0.827397260273973,0.835616438356164,0,15,305
CEMADEN,261110104A,Jardim Sao Paulo,PETROLINA,CEMADEN,PLUVIOMETRICA_AUTOMATICA,2020,CEMADEN_MAX_GAP_60MIN,TRUE,366,266,157,174,190,0.42896174863388,0.475409836065574,0.519125683060109,0,141,4257.5
CEMADEN,261110104A,Jardim Sao Paulo,PETROLINA,CEMADEN,PLUVIOMETRICA_AUTOMATICA,2021,CEMADEN_MAX_GAP_60MIN,TRUE,365,365,320,327,328,0.876712328767123,0.895890410958904,0.898630136986301,0,10,120
CEMADEN,261110104A,Jardim Sao Paulo,PETROLINA,CEMADEN,PLUVIOMETRICA_AUTOMATICA,2022,CEMADEN_MAX_GAP_60MIN,TRUE,365,365,319,323,325,0.873972602739726,0.884931506849315,0.89041095890411,0,5,120
CEMADEN,261110104A,Jardim Sao Paulo,PETROLINA,CEMADEN,PLUVIOMETRICA_AUTOMATICA,2023,CEMADEN_MAX_GAP_60MIN,TRUE,365,365,351,353,358,0.961643835616438,0.967123287671233,0.980821917808219,0,2,60
CEMADEN,261110104A,Jardim Sao Paulo,PETROLINA,CEMADEN,PLUVIOMETRICA_AUTOMATICA,2024,CEMADEN_MAX_GAP_60MIN,TRUE,366,314,257,264,269,0.702185792349727,0.721311475409836,0.734972677595629,0,24,913.999999999992
CEMADEN,261110104A,Jardim Sao Paulo,PETROLINA,CEMADEN,PLUVIOMETRICA_AUTOMATICA,2025,CEMADEN_MAX_GAP_60MIN,TRUE,365,217,144,159,166,0.394520547945205,0.435616438356164,0.454794520547945,0,123,2990
CEMADEN,261110105A,RAJADA - APAC,PETROLINA,CEMADEN,PLUVIOMETRICA_AUTOMATICA,2018,CEMADEN_MAX_GAP_60MIN,TRUE,365,305,246,262,269,0.673972602739726,0.717808219178082,0.736986301369863,0,60,145.499999999999
CEMADEN,261110105A,RAJADA - APAC,PETROLINA,CEMADEN,PLUVIOMETRICA_AUTOMATICA,2019,CEMADEN_MAX_GAP_60MIN,TRUE,365,343,289,302,308,0.791780821917808,0.827397260273973,0.843835616438356,0,12,254.999999999999
CEMADEN,261110105A,RAJADA - APAC,PETROLINA,CEMADEN,PLUVIOMETRICA_AUTOMATICA,2020,CEMADEN_MAX_GAP_60MIN,TRUE,366,359,206,212,221,0.562841530054645,0.579234972677596,0.603825136612022,0,120,282.999999999999
CEMADEN,261110105A,RAJADA - APAC,PETROLINA,CEMADEN,PLUVIOMETRICA_AUTOMATICA,2021,CEMADEN_MAX_GAP_60MIN,TRUE,365,50,14,14,16,0.0383561643835616,0.0383561643835616,0.0438356164383562,0,238,191555.999999999
CEMADEN,261110105A,RAJADA - APAC,PETROLINA,CEMADEN,PLUVIOMETRICA_AUTOMATICA,2023,CEMADEN_MAX_GAP_60MIN,TRUE,365,2,0,0,0,0,0,0,0,365,631496.5
CEMADEN,261110105A,RAJADA - APAC,PETROLINA,CEMADEN,PLUVIOMETRICA_AUTOMATICA,2024,CEMADEN_MAX_GAP_60MIN,TRUE,366,316,304,309,310,0.830601092896175,0.844262295081967,0.846994535519126,0,51,60
CEMADEN,261110105A,RAJADA - APAC,PETROLINA,CEMADEN,PLUVIOMETRICA_AUTOMATICA,2025,CEMADEN_MAX_GAP_60MIN,TRUE,365,294,275,282,282,0.753424657534247,0.772602739726028,0.772602739726028,0,72,70
CEMADEN,261110106A,URUÃS - APAC,PETROLINA,CEMADEN,PLUVIOMETRICA_AUTOMATICA,2018,CEMADEN_MAX_GAP_60MIN,TRUE,365,196,172,179,183,0.471232876712329,0.49041095890411,0.501369863013699,0,170,120
CEMADEN,261110106A,URUÃS - APAC,PETROLINA,CEMADEN,PLUVIOMETRICA_AUTOMATICA,2019,CEMADEN_MAX_GAP_60MIN,TRUE,365,322,247,273,290,0.676712328767123,0.747945205479452,0.794520547945206,0,22,160
CEMADEN,261110106A,URUÃS - APAC,PETROLINA,CEMADEN,PLUVIOMETRICA_AUTOMATICA,2020,CEMADEN_MAX_GAP_60MIN,TRUE,366,87,0,0,0,0,0,0,0,366,3813.00000000001
CEMADEN,261110106A,URUÃS - APAC,PETROLINA,CEMADEN,PLUVIOMETRICA_AUTOMATICA,2021,CEMADEN_MAX_GAP_60MIN,TRUE,365,2,0,0,0,0,0,0,0,365,1276385.5
CEMADEN,261110106A,URUÃS - APAC,PETROLINA,CEMADEN,PLUVIOMETRICA_AUTOMATICA,2024,CEMADEN_MAX_GAP_60MIN,TRUE,366,277,249,254,257,0.680327868852459,0.693989071038251,0.702185792349727,0,52,120
CEMADEN,261110106A,URUÃS - APAC,PETROLINA,CEMADEN,PLUVIOMETRICA_AUTOMATICA,2025,CEMADEN_MAX_GAP_60MIN,TRUE,365,353,306,312,314,0.838356164383562,0.854794520547945,0.86027397260274,0,23,189
CEMADEN,261120001A,Centro,POÇÃO,CEMADEN,PLUVIOMETRICA_AUTOMATICA,2017,CEMADEN_MAX_GAP_60MIN,TRUE,365,365,345,348,351,0.945205479452055,0.953424657534246,0.961643835616438,0,2,68.4999999999997
CEMADEN,261120001A,Centro,POÇÃO,CEMADEN,PLUVIOMETRICA_AUTOMATICA,2018,CEMADEN_MAX_GAP_60MIN,TRUE,365,365,314,326,333,0.86027397260274,0.893150684931507,0.912328767123288,0,4,120
CEMADEN,261120001A,Centro,POÇÃO,CEMADEN,PLUVIOMETRICA_AUTOMATICA,2019,CEMADEN_MAX_GAP_60MIN,TRUE,365,360,295,304,311,0.808219178082192,0.832876712328767,0.852054794520548,0,15,495.500000000001
CEMADEN,261120001A,Centro,POÇÃO,CEMADEN,PLUVIOMETRICA_AUTOMATICA,2020,CEMADEN_MAX_GAP_60MIN,TRUE,366,366,257,281,301,0.702185792349727,0.76775956284153,0.822404371584699,0,10,437.5
CEMADEN,261120001A,Centro,POÇÃO,CEMADEN,PLUVIOMETRICA_AUTOMATICA,2021,CEMADEN_MAX_GAP_60MIN,TRUE,365,365,320,324,325,0.876712328767123,0.887671232876712,0.89041095890411,0,8,120
CEMADEN,261120001A,Centro,POÇÃO,CEMADEN,PLUVIOMETRICA_AUTOMATICA,2022,CEMADEN_MAX_GAP_60MIN,TRUE,365,365,315,319,325,0.863013698630137,0.873972602739726,0.89041095890411,0,5,120
CEMADEN,261120001A,Centro,POÇÃO,CEMADEN,PLUVIOMETRICA_AUTOMATICA,2023,CEMADEN_MAX_GAP_60MIN,TRUE,365,364,333,340,342,0.912328767123288,0.931506849315068,0.936986301369863,0,4,118.5
CEMADEN,261120001A,Centro,POÇÃO,CEMADEN,PLUVIOMETRICA_AUTOMATICA,2024,CEMADEN_MAX_GAP_60MIN,TRUE,366,366,340,346,354,0.92896174863388,0.945355191256831,0.967213114754098,0,3,80
CEMADEN,261120001A,Centro,POÇÃO,CEMADEN,PLUVIOMETRICA_AUTOMATICA,2025,CEMADEN_MAX_GAP_60MIN,TRUE,365,365,330,338,355,0.904109589041096,0.926027397260274,0.972602739726027,0,3,80
CEMADEN,261120002A,POCAO - APAC,POÇÃO,CEMADEN,PLUVIOMETRICA_AUTOMATICA,2017,CEMADEN_MAX_GAP_60MIN,TRUE,365,9,0,1,1,0,0.00273972602739726,0.00273972602739726,0,365,162.5
CEMADEN,261120002A,POCAO - APAC,POÇÃO,CEMADEN,PLUVIOMETRICA_AUTOMATICA,2018,CEMADEN_MAX_GAP_60MIN,TRUE,365,56,3,11,14,0.00821917808219178,0.0301369863013699,0.0383561643835616,0,315,245
CEMADEN,261120002A,POCAO - APAC,POÇÃO,CEMADEN,PLUVIOMETRICA_AUTOMATICA,2019,CEMADEN_MAX_GAP_60MIN,TRUE,365,1,0,0,0,0,0,0,0,365,647870
CEMADEN,261120002A,POCAO - APAC,POÇÃO,CEMADEN,PLUVIOMETRICA_AUTOMATICA,2020,CEMADEN_MAX_GAP_60MIN,TRUE,366,6,0,0,0,0,0,0,0,366,1096122.5
CEMADEN,261120002A,POCAO - APAC,POÇÃO,CEMADEN,PLUVIOMETRICA_AUTOMATICA,2022,CEMADEN_MAX_GAP_60MIN,TRUE,365,1,0,0,0,0,0,0,0,365,1256620
CEMADEN,261120002A,POCAO - APAC,POÇÃO,CEMADEN,PLUVIOMETRICA_AUTOMATICA,2023,CEMADEN_MAX_GAP_60MIN,TRUE,365,1,0,0,0,0,0,0,0,365,
CEMADEN,261130901A,Vila São José,POMBOS,CEMADEN,PLUVIOMETRICA_AUTOMATICA,2017,CEMADEN_MAX_GAP_60MIN,TRUE,365,351,324,326,327,0.887671232876712,0.893150684931507,0.895890410958904,0,16,120
CEMADEN,261130901A,Vila São José,POMBOS,CEMADEN,PLUVIOMETRICA_AUTOMATICA,2018,CEMADEN_MAX_GAP_60MIN,TRUE,365,365,341,346,347,0.934246575342466,0.947945205479452,0.950684931506849,0,2,86.0000000000002
CEMADEN,261130901A,Vila São José,POMBOS,CEMADEN,PLUVIOMETRICA_AUTOMATICA,2019,CEMADEN_MAX_GAP_60MIN,TRUE,365,361,260,271,286,0.712328767123288,0.742465753424658,0.783561643835617,0,15,490
CEMADEN,261130901A,Vila São José,POMBOS,CEMADEN,PLUVIOMETRICA_AUTOMATICA,2020,CEMADEN_MAX_GAP_60MIN,TRUE,366,186,79,85,94,0.215846994535519,0.23224043715847,0.256830601092896,0,225,620
CEMADEN,261130901A,Vila São José,POMBOS,CEMADEN,PLUVIOMETRICA_AUTOMATICA,2021,CEMADEN_MAX_GAP_60MIN,TRUE,365,290,243,250,254,0.665753424657534,0.684931506849315,0.695890410958904,0,72,120
CEMADEN,261130901A,Vila São José,POMBOS,CEMADEN,PLUVIOMETRICA_AUTOMATICA,2022,CEMADEN_MAX_GAP_60MIN,TRUE,365,339,305,316,320,0.835616438356164,0.865753424657534,0.876712328767123,0,28,120
CEMADEN,261130901A,Vila São José,POMBOS,CEMADEN,PLUVIOMETRICA_AUTOMATICA,2023,CEMADEN_MAX_GAP_60MIN,TRUE,365,365,327,336,338,0.895890410958904,0.920547945205479,0.926027397260274,0,4,120
CEMADEN,261130901A,Vila São José,POMBOS,CEMADEN,PLUVIOMETRICA_AUTOMATICA,2024,CEMADEN_MAX_GAP_60MIN,TRUE,366,339,233,242,244,0.636612021857924,0.66120218579235,0.666666666666667,0,110,1453
CEMADEN,261130901A,Vila São José,POMBOS,CEMADEN,PLUVIOMETRICA_AUTOMATICA,2025,CEMADEN_MAX_GAP_60MIN,TRUE,365,360,327,333,338,0.895890410958904,0.912328767123288,0.926027397260274,0,8,111
CEMADEN,261130902A,POMBOS - APAC,POMBOS,CEMADEN,PLUVIOMETRICA_AUTOMATICA,2017,CEMADEN_MAX_GAP_60MIN,TRUE,365,38,0,0,3,0,0,0.00821917808219178,0,365,1246
CEMADEN,261130902A,POMBOS - APAC,POMBOS,CEMADEN,PLUVIOMETRICA_AUTOMATICA,2018,CEMADEN_MAX_GAP_60MIN,TRUE,365,364,58,93,151,0.158904109589041,0.254794520547945,0.413698630136986,0,113,835.499999999999
CEMADEN,261130902A,POMBOS - APAC,POMBOS,CEMADEN,PLUVIOMETRICA_AUTOMATICA,2019,CEMADEN_MAX_GAP_60MIN,TRUE,365,345,116,212,276,0.317808219178082,0.580821917808219,0.756164383561644,0,22,860
CEMADEN,261130902A,POMBOS - APAC,POMBOS,CEMADEN,PLUVIOMETRICA_AUTOMATICA,2020,CEMADEN_MAX_GAP_60MIN,TRUE,366,332,201,234,266,0.549180327868853,0.639344262295082,0.726775956284153,0,36,404.5
CEMADEN,261130902A,POMBOS - APAC,POMBOS,CEMADEN,PLUVIOMETRICA_AUTOMATICA,2021,CEMADEN_MAX_GAP_60MIN,TRUE,365,43,9,11,12,0.0246575342465753,0.0301369863013699,0.0328767123287671,0,353,6790
CEMADEN,261140801A,Centro | Residencial Primavera,PRIMAVERA,CEMADEN,PLUVIOMETRICA_AUTOMATICA,2017,CEMADEN_MAX_GAP_60MIN,TRUE,365,365,341,346,351,0.934246575342466,0.947945205479452,0.961643835616438,0,2,70
CEMADEN,261140801A,Centro | Residencial Primavera,PRIMAVERA,CEMADEN,PLUVIOMETRICA_AUTOMATICA,2018,CEMADEN_MAX_GAP_60MIN,TRUE,365,365,323,333,339,0.884931506849315,0.912328767123288,0.928767123287671,0,3,120
CEMADEN,261140801A,Centro | Residencial Primavera,PRIMAVERA,CEMADEN,PLUVIOMETRICA_AUTOMATICA,2019,CEMADEN_MAX_GAP_60MIN,TRUE,365,353,242,258,272,0.663013698630137,0.706849315068493,0.745205479452055,0,25,1044
CEMADEN,261140801A,Centro | Residencial Primavera,PRIMAVERA,CEMADEN,PLUVIOMETRICA_AUTOMATICA,2020,CEMADEN_MAX_GAP_60MIN,TRUE,366,366,163,184,219,0.445355191256831,0.502732240437159,0.598360655737705,0,35,360
CEMADEN,261140801A,Centro | Residencial Primavera,PRIMAVERA,CEMADEN,PLUVIOMETRICA_AUTOMATICA,2021,CEMADEN_MAX_GAP_60MIN,TRUE,365,362,279,282,285,0.764383561643836,0.772602739726028,0.780821917808219,0,8,420
CEMADEN,261140801A,Centro | Residencial Primavera,PRIMAVERA,CEMADEN,PLUVIOMETRICA_AUTOMATICA,2022,CEMADEN_MAX_GAP_60MIN,TRUE,365,182,149,151,155,0.408219178082192,0.413698630136986,0.424657534246575,0,185,470
CEMADEN,261140801A,Centro | Residencial Primavera,PRIMAVERA,CEMADEN,PLUVIOMETRICA_AUTOMATICA,2023,CEMADEN_MAX_GAP_60MIN,TRUE,365,323,153,161,165,0.419178082191781,0.441095890410959,0.452054794520548,0,100,1845
CEMADEN,261140801A,Centro | Residencial Primavera,PRIMAVERA,CEMADEN,PLUVIOMETRICA_AUTOMATICA,2024,CEMADEN_MAX_GAP_60MIN,TRUE,366,335,192,211,224,0.524590163934426,0.576502732240437,0.612021857923497,0,49,2950
CEMADEN,261140801A,Centro | Residencial Primavera,PRIMAVERA,CEMADEN,PLUVIOMETRICA_AUTOMATICA,2025,CEMADEN_MAX_GAP_60MIN,TRUE,365,312,0,0,1,0,0,0.00273972602739726,0,365,4285
CEMADEN,261140802A,PRIMAVERA - APAC,PRIMAVERA,CEMADEN,PLUVIOMETRICA_AUTOMATICA,2017,CEMADEN_MAX_GAP_60MIN,TRUE,365,37,14,15,18,0.0383561643835616,0.0410958904109589,0.0493150684931507,0,329,355
CEMADEN,261140802A,PRIMAVERA - APAC,PRIMAVERA,CEMADEN,PLUVIOMETRICA_AUTOMATICA,2018,CEMADEN_MAX_GAP_60MIN,TRUE,365,365,285,311,319,0.780821917808219,0.852054794520548,0.873972602739726,0,11,140
CEMADEN,261140802A,PRIMAVERA - APAC,PRIMAVERA,CEMADEN,PLUVIOMETRICA_AUTOMATICA,2019,CEMADEN_MAX_GAP_60MIN,TRUE,365,266,213,224,227,0.583561643835617,0.613698630136986,0.621917808219178,0,106,1540
CEMADEN,261140802A,PRIMAVERA - APAC,PRIMAVERA,CEMADEN,PLUVIOMETRICA_AUTOMATICA,2020,CEMADEN_MAX_GAP_60MIN,TRUE,366,355,274,290,302,0.748633879781421,0.792349726775956,0.825136612021858,0,34,1223
CEMADEN,261140802A,PRIMAVERA - APAC,PRIMAVERA,CEMADEN,PLUVIOMETRICA_AUTOMATICA,2021,CEMADEN_MAX_GAP_60MIN,TRUE,365,46,21,22,22,0.0575342465753425,0.0602739726027397,0.0602739726027397,0,198,27790
CEMADEN,261150701A,Centro,QUIPAPÁ,CEMADEN,PLUVIOMETRICA_AUTOMATICA,2017,CEMADEN_MAX_GAP_60MIN,TRUE,365,362,336,340,344,0.920547945205479,0.931506849315068,0.942465753424658,0,4,80
CEMADEN,261150701A,Centro,QUIPAPÁ,CEMADEN,PLUVIOMETRICA_AUTOMATICA,2018,CEMADEN_MAX_GAP_60MIN,TRUE,365,365,337,346,353,0.923287671232877,0.947945205479452,0.967123287671233,0,2,78.0000000000001
CEMADEN,261150701A,Centro,QUIPAPÁ,CEMADEN,PLUVIOMETRICA_AUTOMATICA,2019,CEMADEN_MAX_GAP_60MIN,TRUE,365,354,286,293,306,0.783561643835617,0.802739726027397,0.838356164383562,0,15,650
CEMADEN,261150701A,Centro,QUIPAPÁ,CEMADEN,PLUVIOMETRICA_AUTOMATICA,2020,CEMADEN_MAX_GAP_60MIN,TRUE,366,366,253,290,308,0.691256830601093,0.792349726775956,0.841530054644809,0,8,442.5
CEMADEN,261150701A,Centro,QUIPAPÁ,CEMADEN,PLUVIOMETRICA_AUTOMATICA,2021,CEMADEN_MAX_GAP_60MIN,TRUE,365,365,330,344,351,0.904109589041096,0.942465753424658,0.961643835616438,0,3,88.0000000000001
CEMADEN,261150701A,Centro,QUIPAPÁ,CEMADEN,PLUVIOMETRICA_AUTOMATICA,2022,CEMADEN_MAX_GAP_60MIN,TRUE,365,365,300,315,321,0.821917808219178,0.863013698630137,0.879452054794521,0,7,120
CEMADEN,261150701A,Centro,QUIPAPÁ,CEMADEN,PLUVIOMETRICA_AUTOMATICA,2023,CEMADEN_MAX_GAP_60MIN,TRUE,365,365,341,346,350,0.934246575342466,0.947945205479452,0.958904109589041,0,2,78.0000000000001
CEMADEN,261150701A,Centro,QUIPAPÁ,CEMADEN,PLUVIOMETRICA_AUTOMATICA,2024,CEMADEN_MAX_GAP_60MIN,TRUE,366,366,344,355,359,0.939890710382514,0.969945355191257,0.980874316939891,0,3,70
CEMADEN,261150701A,Centro,QUIPAPÁ,CEMADEN,PLUVIOMETRICA_AUTOMATICA,2025,CEMADEN_MAX_GAP_60MIN,TRUE,365,342,222,226,233,0.608219178082192,0.619178082191781,0.638356164383562,0,103,720
CEMADEN,261150702A,Vila Nova,QUIPAPÁ,CEMADEN,PLUVIOMETRICA_AUTOMATICA,2017,CEMADEN_MAX_GAP_60MIN,TRUE,365,365,330,335,337,0.904109589041096,0.917808219178082,0.923287671232877,0,3,180
CEMADEN,261150702A,Vila Nova,QUIPAPÁ,CEMADEN,PLUVIOMETRICA_AUTOMATICA,2018,CEMADEN_MAX_GAP_60MIN,TRUE,365,365,316,337,345,0.865753424657534,0.923287671232877,0.945205479452055,0,3,108
CEMADEN,261150702A,Vila Nova,QUIPAPÁ,CEMADEN,PLUVIOMETRICA_AUTOMATICA,2019,CEMADEN_MAX_GAP_60MIN,TRUE,365,251,150,164,182,0.410958904109589,0.449315068493151,0.498630136986301,0,89,2500
CEMADEN,261150702A,Vila Nova,QUIPAPÁ,CEMADEN,PLUVIOMETRICA_AUTOMATICA,2020,CEMADEN_MAX_GAP_60MIN,TRUE,366,366,155,181,229,0.423497267759563,0.494535519125683,0.62568306010929,0,39,385
CEMADEN,261150702A,Vila Nova,QUIPAPÁ,CEMADEN,PLUVIOMETRICA_AUTOMATICA,2021,CEMADEN_MAX_GAP_60MIN,TRUE,365,360,257,268,284,0.704109589041096,0.734246575342466,0.778082191780822,0,11,120
CEMADEN,261150702A,Vila Nova,QUIPAPÁ,CEMADEN,PLUVIOMETRICA_AUTOMATICA,2022,CEMADEN_MAX_GAP_60MIN,TRUE,365,361,240,252,275,0.657534246575342,0.69041095890411,0.753424657534247,0,30,250
CEMADEN,261150702A,Vila Nova,QUIPAPÁ,CEMADEN,PLUVIOMETRICA_AUTOMATICA,2023,CEMADEN_MAX_GAP_60MIN,TRUE,365,347,231,235,245,0.632876712328767,0.643835616438356,0.671232876712329,0,66,1519
CEMADEN,261150702A,Vila Nova,QUIPAPÁ,CEMADEN,PLUVIOMETRICA_AUTOMATICA,2024,CEMADEN_MAX_GAP_60MIN,TRUE,366,366,319,327,333,0.871584699453552,0.89344262295082,0.909836065573771,0,5,177.5
CEMADEN,261150702A,Vila Nova,QUIPAPÁ,CEMADEN,PLUVIOMETRICA_AUTOMATICA,2025,CEMADEN_MAX_GAP_60MIN,TRUE,365,336,172,175,179,0.471232876712329,0.479452054794521,0.49041095890411,0,159,2520
CEMADEN,261150703A,Cruzeiro do Congo,QUIPAPÁ,CEMADEN,PLUVIOMETRICA_AUTOMATICA,2017,CEMADEN_MAX_GAP_60MIN,TRUE,365,362,329,336,338,0.901369863013699,0.920547945205479,0.926027397260274,0,5,120
CEMADEN,261150703A,Cruzeiro do Congo,QUIPAPÁ,CEMADEN,PLUVIOMETRICA_AUTOMATICA,2018,CEMADEN_MAX_GAP_60MIN,TRUE,365,216,174,185,187,0.476712328767123,0.506849315068493,0.512328767123288,0,148,290
CEMADEN,261150704A,QUIPAPA - APAC,QUIPAPÁ,CEMADEN,PLUVIOMETRICA_AUTOMATICA,2019,CEMADEN_MAX_GAP_60MIN,TRUE,365,214,171,176,185,0.468493150684932,0.482191780821918,0.506849315068493,0,141,1590
CEMADEN,261150704A,QUIPAPA - APAC,QUIPAPÁ,CEMADEN,PLUVIOMETRICA_AUTOMATICA,2020,CEMADEN_MAX_GAP_60MIN,TRUE,366,353,226,241,263,0.617486338797814,0.658469945355191,0.718579234972678,0,24,190
CEMADEN,261150704A,QUIPAPA - APAC,QUIPAPÁ,CEMADEN,PLUVIOMETRICA_AUTOMATICA,2021,CEMADEN_MAX_GAP_60MIN,TRUE,365,168,58,67,83,0.158904109589041,0.183561643835616,0.227397260273973,0,210,430
CEMADEN,261150704A,QUIPAPA - APAC,QUIPAPÁ,CEMADEN,PLUVIOMETRICA_AUTOMATICA,2022,CEMADEN_MAX_GAP_60MIN,TRUE,365,50,26,33,35,0.0712328767123288,0.0904109589041096,0.0958904109589041,0,317,210
CEMADEN,261153301A,QUIXABA - APAC,QUIXABA,CEMADEN,PLUVIOMETRICA_AUTOMATICA,2018,CEMADEN_MAX_GAP_60MIN,TRUE,365,349,316,326,329,0.865753424657534,0.893150684931507,0.901369863013699,0,17,106.5
CEMADEN,261153301A,QUIXABA - APAC,QUIXABA,CEMADEN,PLUVIOMETRICA_AUTOMATICA,2019,CEMADEN_MAX_GAP_60MIN,TRUE,365,322,272,276,277,0.745205479452055,0.756164383561644,0.758904109589041,0,34,2818.5
CEMADEN,261153301A,QUIXABA - APAC,QUIXABA,CEMADEN,PLUVIOMETRICA_AUTOMATICA,2020,CEMADEN_MAX_GAP_60MIN,TRUE,366,2,0,0,0,0,0,0,0,366,1820402.5
CEMADEN,261153301A,QUIXABA - APAC,QUIXABA,CEMADEN,PLUVIOMETRICA_AUTOMATICA,2023,CEMADEN_MAX_GAP_60MIN,TRUE,365,123,86,87,91,0.235616438356164,0.238356164383562,0.249315068493151,0,243,489
CEMADEN,261153301A,QUIXABA - APAC,QUIXABA,CEMADEN,PLUVIOMETRICA_AUTOMATICA,2024,CEMADEN_MAX_GAP_60MIN,TRUE,366,262,228,237,244,0.622950819672131,0.647540983606557,0.666666666666667,0,106,120
CEMADEN,261153301A,QUIXABA - APAC,QUIXABA,CEMADEN,PLUVIOMETRICA_AUTOMATICA,2025,CEMADEN_MAX_GAP_60MIN,TRUE,365,365,332,343,351,0.90958904109589,0.93972602739726,0.961643835616438,0,3,80
CEMADEN,261160601A,Varzea,RECIFE,CEMADEN,PLUVIOMETRICA_AUTOMATICA,2017,CEMADEN_MAX_GAP_60MIN,TRUE,365,365,344,352,355,0.942465753424658,0.964383561643836,0.972602739726027,0,3,70
CEMADEN,261160601A,Varzea,RECIFE,CEMADEN,PLUVIOMETRICA_AUTOMATICA,2018,CEMADEN_MAX_GAP_60MIN,TRUE,365,285,254,265,271,0.695890410958904,0.726027397260274,0.742465753424658,0,81,80
CEMADEN,261160601A,Varzea,RECIFE,CEMADEN,PLUVIOMETRICA_AUTOMATICA,2019,CEMADEN_MAX_GAP_60MIN,TRUE,365,186,156,157,159,0.427397260273973,0.43013698630137,0.435616438356164,0,159,990
CEMADEN,261160601A,Varzea,RECIFE,CEMADEN,PLUVIOMETRICA_AUTOMATICA,2020,CEMADEN_MAX_GAP_60MIN,TRUE,366,366,345,352,355,0.942622950819672,0.961748633879781,0.969945355191257,0,3,70
CEMADEN,261160601A,Varzea,RECIFE,CEMADEN,PLUVIOMETRICA_AUTOMATICA,2021,CEMADEN_MAX_GAP_60MIN,TRUE,365,355,312,321,329,0.854794520547945,0.879452054794521,0.901369863013699,0,8,120
CEMADEN,261160601A,Varzea,RECIFE,CEMADEN,PLUVIOMETRICA_AUTOMATICA,2022,CEMADEN_MAX_GAP_60MIN,TRUE,365,330,208,216,221,0.56986301369863,0.591780821917808,0.605479452054795,0,55,4012.5
CEMADEN,261160601A,Varzea,RECIFE,CEMADEN,PLUVIOMETRICA_AUTOMATICA,2023,CEMADEN_MAX_GAP_60MIN,TRUE,365,165,53,57,58,0.145205479452055,0.156164383561644,0.158904109589041,0,192,5864
CEMADEN,261160601A,Varzea,RECIFE,CEMADEN,PLUVIOMETRICA_AUTOMATICA,2024,CEMADEN_MAX_GAP_60MIN,TRUE,366,139,0,0,0,0,0,0,0,366,9160
CEMADEN,261160601A,Varzea,RECIFE,CEMADEN,PLUVIOMETRICA_AUTOMATICA,2025,CEMADEN_MAX_GAP_60MIN,TRUE,365,53,0,0,0,0,0,0,0,365,18622.4999999999
CEMADEN,261160603A,Dois Irmãos | Estação Experimental UFRPE,RECIFE,CEMADEN,PLUVIOMETRICA_AUTOMATICA,2017,CEMADEN_MAX_GAP_60MIN,TRUE,365,365,345,351,352,0.945205479452055,0.961643835616438,0.964383561643836,0,2,68.4999999999997
CEMADEN,261160603A,Dois Irmãos | Estação Experimental UFRPE,RECIFE,CEMADEN,PLUVIOMETRICA_AUTOMATICA,2018,CEMADEN_MAX_GAP_60MIN,TRUE,365,365,328,343,353,0.898630136986301,0.93972602739726,0.967123287671233,0,3,80
CEMADEN,261160603A,Dois Irmãos | Estação Experimental UFRPE,RECIFE,CEMADEN,PLUVIOMETRICA_AUTOMATICA,2019,CEMADEN_MAX_GAP_60MIN,TRUE,365,128,110,117,118,0.301369863013699,0.32054794520548,0.323287671232877,0,137,210.999999999999
CEMADEN,261160603A,Dois Irmãos | Estação Experimental UFRPE,RECIFE,CEMADEN,PLUVIOMETRICA_AUTOMATICA,2020,CEMADEN_MAX_GAP_60MIN,TRUE,366,334,305,308,309,0.833333333333333,0.841530054644809,0.844262295081967,0,50,885.499999999975
CEMADEN,261160603A,Dois Irmãos | Estação Experimental UFRPE,RECIFE,CEMADEN,PLUVIOMETRICA_AUTOMATICA,2021,CEMADEN_MAX_GAP_60MIN,TRUE,365,365,335,346,352,0.917808219178082,0.947945205479452,0.964383561643836,0,6,78.0000000000001
CEMADEN,261160603A,Dois Irmãos | Estação Experimental UFRPE,RECIFE,CEMADEN,PLUVIOMETRICA_AUTOMATICA,2022,CEMADEN_MAX_GAP_60MIN,TRUE,365,365,308,333,346,0.843835616438356,0.912328767123288,0.947945205479452,0,10,98.0000000000001
CEMADEN,261160603A,Dois Irmãos | Estação Experimental UFRPE,RECIFE,CEMADEN,PLUVIOMETRICA_AUTOMATICA,2023,CEMADEN_MAX_GAP_60MIN,TRUE,365,363,337,348,352,0.923287671232877,0.953424657534246,0.964383561643836,0,5,70
CEMADEN,261160603A,Dois Irmãos | Estação Experimental UFRPE,RECIFE,CEMADEN,PLUVIOMETRICA_AUTOMATICA,2024,CEMADEN_MAX_GAP_60MIN,TRUE,366,269,223,229,229,0.609289617486339,0.62568306010929,0.62568306010929,0,133,2660
CEMADEN,261160603A,Dois Irmãos | Estação Experimental UFRPE,RECIFE,CEMADEN,PLUVIOMETRICA_AUTOMATICA,2025,CEMADEN_MAX_GAP_60MIN,TRUE,365,70,61,63,63,0.167123287671233,0.172602739726027,0.172602739726027,0,301,1176
CEMADEN,261160603G,Brega e Chique,RECIFE,CEMADEN,PLUVIOMETRICA_AUTOMATICA,2019,CEMADEN_MAX_GAP_60MIN,TRUE,365,43,31,32,32,0.0849315068493151,0.0876712328767123,0.0876712328767123,0,273,23954
CEMADEN,261160603G,Brega e Chique,RECIFE,CEMADEN,PLUVIOMETRICA_AUTOMATICA,2020,CEMADEN_MAX_GAP_60MIN,TRUE,366,360,124,175,208,0.33879781420765,0.478142076502732,0.568306010928962,0,35,420.5
CEMADEN,261160603G,Brega e Chique,RECIFE,CEMADEN,PLUVIOMETRICA_AUTOMATICA,2021,CEMADEN_MAX_GAP_60MIN,TRUE,365,363,227,322,330,0.621917808219178,0.882191780821918,0.904109589041096,0,15,140
CEMADEN,261160603G,Brega e Chique,RECIFE,CEMADEN,PLUVIOMETRICA_AUTOMATICA,2022,CEMADEN_MAX_GAP_60MIN,TRUE,365,365,233,331,337,0.638356164383562,0.906849315068493,0.923287671232877,0,10,168
CEMADEN,261160603G,Brega e Chique,RECIFE,CEMADEN,PLUVIOMETRICA_AUTOMATICA,2023,CEMADEN_MAX_GAP_60MIN,TRUE,365,365,246,357,361,0.673972602739726,0.978082191780822,0.989041095890411,0,8,70
CEMADEN,261160603G,Brega e Chique,RECIFE,CEMADEN,PLUVIOMETRICA_AUTOMATICA,2024,CEMADEN_MAX_GAP_60MIN,TRUE,366,366,324,362,364,0.885245901639344,0.989071038251366,0.994535519125683,0,4,70
CEMADEN,261160603G,Brega e Chique,RECIFE,CEMADEN,PLUVIOMETRICA_AUTOMATICA,2025,CEMADEN_MAX_GAP_60MIN,TRUE,365,365,310,338,342,0.849315068493151,0.926027397260274,0.936986301369863,0,4,148.5
CEMADEN,261160604A,Alto Bela Vista | USF Alto Bela Vista-Ibura,RECIFE,CEMADEN,PLUVIOMETRICA_AUTOMATICA,2017,CEMADEN_MAX_GAP_60MIN,TRUE,365,365,348,353,353,0.953424657534246,0.967123287671233,0.967123287671233,0,2,60
CEMADEN,261160604A,Alto Bela Vista | USF Alto Bela Vista-Ibura,RECIFE,CEMADEN,PLUVIOMETRICA_AUTOMATICA,2018,CEMADEN_MAX_GAP_60MIN,TRUE,365,365,323,343,350,0.884931506849315,0.93972602739726,0.958904109589041,0,2,80
CEMADEN,261160604A,Alto Bela Vista | USF Alto Bela Vista-Ibura,RECIFE,CEMADEN,PLUVIOMETRICA_AUTOMATICA,2019,CEMADEN_MAX_GAP_60MIN,TRUE,365,356,313,318,322,0.857534246575342,0.871232876712329,0.882191780821918,0,12,472.5
CEMADEN,261160604A,Alto Bela Vista | USF Alto Bela Vista-Ibura,RECIFE,CEMADEN,PLUVIOMETRICA_AUTOMATICA,2020,CEMADEN_MAX_GAP_60MIN,TRUE,366,366,351,357,358,0.959016393442623,0.975409836065574,0.978142076502732,0,3,60
CEMADEN,261160604A,Alto Bela Vista | USF Alto Bela Vista-Ibura,RECIFE,CEMADEN,PLUVIOMETRICA_AUTOMATICA,2021,CEMADEN_MAX_GAP_60MIN,TRUE,365,364,340,349,353,0.931506849315068,0.956164383561644,0.967123287671233,0,6,70
CEMADEN,261160604A,Alto Bela Vista | USF Alto Bela Vista-Ibura,RECIFE,CEMADEN,PLUVIOMETRICA_AUTOMATICA,2022,CEMADEN_MAX_GAP_60MIN,TRUE,365,305,259,269,277,0.70958904109589,0.736986301369863,0.758904109589041,0,68,254.000000000001
CEMADEN,261160604A,Alto Bela Vista | USF Alto Bela Vista-Ibura,RECIFE,CEMADEN,PLUVIOMETRICA_AUTOMATICA,2023,CEMADEN_MAX_GAP_60MIN,TRUE,365,74,51,51,51,0.13972602739726,0.13972602739726,0.13972602739726,0,164,19785.9999999997
CEMADEN,261160604G,Barreira,RECIFE,CEMADEN,PLUVIOMETRICA_AUTOMATICA,2019,CEMADEN_MAX_GAP_60MIN,TRUE,365,93,36,49,60,0.0986301369863014,0.134246575342466,0.164383561643836,0,273,614.5
CEMADEN,261160604G,Barreira,RECIFE,CEMADEN,PLUVIOMETRICA_AUTOMATICA,2020,CEMADEN_MAX_GAP_60MIN,TRUE,366,353,140,199,233,0.382513661202186,0.543715846994536,0.636612021857924,0,28,483.999999999999
CEMADEN,261160604G,Barreira,RECIFE,CEMADEN,PLUVIOMETRICA_AUTOMATICA,2021,CEMADEN_MAX_GAP_60MIN,TRUE,365,127,39,77,105,0.106849315068493,0.210958904109589,0.287671232876712,0,162,19915.9999999999
CEMADEN,261160604G,Barreira,RECIFE,CEMADEN,PLUVIOMETRICA_AUTOMATICA,2023,CEMADEN_MAX_GAP_60MIN,TRUE,365,10,6,6,6,0.0164383561643836,0.0164383561643836,0.0164383561643836,0,339,690985.999999999
CEMADEN,261160604G,Barreira,RECIFE,CEMADEN,PLUVIOMETRICA_AUTOMATICA,2024,CEMADEN_MAX_GAP_60MIN,TRUE,366,362,273,342,349,0.745901639344262,0.934426229508197,0.953551912568306,0,11,80
CEMADEN,261160604G,Barreira,RECIFE,CEMADEN,PLUVIOMETRICA_AUTOMATICA,2025,CEMADEN_MAX_GAP_60MIN,TRUE,365,363,237,332,339,0.649315068493151,0.90958904109589,0.928767123287671,0,8,139.5
CEMADEN,261160605A,Nova Descoberta | UPA de Nova Descoberta,RECIFE,CEMADEN,PLUVIOMETRICA_AUTOMATICA,2017,CEMADEN_MAX_GAP_60MIN,TRUE,365,365,347,349,351,0.950684931506849,0.956164383561644,0.961643835616438,0,3,60
CEMADEN,261160605A,Nova Descoberta | UPA de Nova Descoberta,RECIFE,CEMADEN,PLUVIOMETRICA_AUTOMATICA,2018,CEMADEN_MAX_GAP_60MIN,TRUE,365,365,342,346,348,0.936986301369863,0.947945205479452,0.953424657534246,0,3,78.0000000000001
CEMADEN,261160605A,Nova Descoberta | UPA de Nova Descoberta,RECIFE,CEMADEN,PLUVIOMETRICA_AUTOMATICA,2019,CEMADEN_MAX_GAP_60MIN,TRUE,365,355,310,319,323,0.849315068493151,0.873972602739726,0.884931506849315,0,12,480
CEMADEN,261160605A,Nova Descoberta | UPA de Nova Descoberta,RECIFE,CEMADEN,PLUVIOMETRICA_AUTOMATICA,2020,CEMADEN_MAX_GAP_60MIN,TRUE,366,365,298,305,318,0.814207650273224,0.833333333333333,0.868852459016394,0,17,120
CEMADEN,261160605A,Nova Descoberta | UPA de Nova Descoberta,RECIFE,CEMADEN,PLUVIOMETRICA_AUTOMATICA,2021,CEMADEN_MAX_GAP_60MIN,TRUE,365,365,324,335,341,0.887671232876712,0.917808219178082,0.934246575342466,0,6,120
CEMADEN,261160605A,Nova Descoberta | UPA de Nova Descoberta,RECIFE,CEMADEN,PLUVIOMETRICA_AUTOMATICA,2022,CEMADEN_MAX_GAP_60MIN,TRUE,365,349,148,162,177,0.405479452054795,0.443835616438356,0.484931506849315,0,115,2005.99999999998
CEMADEN,261160605A,Nova Descoberta | UPA de Nova Descoberta,RECIFE,CEMADEN,PLUVIOMETRICA_AUTOMATICA,2023,CEMADEN_MAX_GAP_60MIN,TRUE,365,360,240,244,245,0.657534246575342,0.668493150684932,0.671232876712329,0,102,1394
CEMADEN,261160605A,Nova Descoberta | UPA de Nova Descoberta,RECIFE,CEMADEN,PLUVIOMETRICA_AUTOMATICA,2024,CEMADEN_MAX_GAP_60MIN,TRUE,366,337,297,306,308,0.811475409836066,0.836065573770492,0.841530054644809,0,24,1050
CEMADEN,261160605A,Nova Descoberta | UPA de Nova Descoberta,RECIFE,CEMADEN,PLUVIOMETRICA_AUTOMATICA,2025,CEMADEN_MAX_GAP_60MIN,TRUE,365,365,331,344,357,0.906849315068493,0.942465753424658,0.978082191780822,0,2,80
CEMADEN,261160605G,UR3 - Ibura,RECIFE,CEMADEN,PLUVIOMETRICA_AUTOMATICA,2019,CEMADEN_MAX_GAP_60MIN,TRUE,365,93,78,85,85,0.213698630136986,0.232876712328767,0.232876712328767,0,273,456.500000000001
CEMADEN,261160605G,UR3 - Ibura,RECIFE,CEMADEN,PLUVIOMETRICA_AUTOMATICA,2020,CEMADEN_MAX_GAP_60MIN,TRUE,366,327,255,322,322,0.69672131147541,0.879781420765027,0.879781420765027,0,40,70
CEMADEN,261160605G,UR3 - Ibura,RECIFE,CEMADEN,PLUVIOMETRICA_AUTOMATICA,2021,CEMADEN_MAX_GAP_60MIN,TRUE,365,302,208,287,289,0.56986301369863,0.786301369863014,0.791780821917808,0,64,70
CEMADEN,261160605G,UR3 - Ibura,RECIFE,CEMADEN,PLUVIOMETRICA_AUTOMATICA,2022,CEMADEN_MAX_GAP_60MIN,TRUE,365,365,238,337,343,0.652054794520548,0.923287671232877,0.93972602739726,0,8,118
CEMADEN,261160605G,UR3 - Ibura,RECIFE,CEMADEN,PLUVIOMETRICA_AUTOMATICA,2023,CEMADEN_MAX_GAP_60MIN,TRUE,365,303,215,292,293,0.589041095890411,0.8,0.802739726027397,0,63,70
CEMADEN,261160606A,Dois Unidos,RECIFE,CEMADEN,PLUVIOMETRICA_AUTOMATICA,2017,CEMADEN_MAX_GAP_60MIN,TRUE,365,365,343,347,351,0.93972602739726,0.950684931506849,0.961643835616438,0,2,70
CEMADEN,261160606A,Dois Unidos,RECIFE,CEMADEN,PLUVIOMETRICA_AUTOMATICA,2018,CEMADEN_MAX_GAP_60MIN,TRUE,365,365,336,348,351,0.920547945205479,0.953424657534246,0.961643835616438,0,3,70
CEMADEN,261160606A,Dois Unidos,RECIFE,CEMADEN,PLUVIOMETRICA_AUTOMATICA,2019,CEMADEN_MAX_GAP_60MIN,TRUE,365,356,315,319,324,0.863013698630137,0.873972602739726,0.887671232876712,0,12,587.5
CEMADEN,261160606A,Dois Unidos,RECIFE,CEMADEN,PLUVIOMETRICA_AUTOMATICA,2020,CEMADEN_MAX_GAP_60MIN,TRUE,366,366,349,355,357,0.953551912568306,0.969945355191257,0.975409836065574,0,2,60
CEMADEN,261160606A,Dois Unidos,RECIFE,CEMADEN,PLUVIOMETRICA_AUTOMATICA,2021,CEMADEN_MAX_GAP_60MIN,TRUE,365,365,341,350,353,0.934246575342466,0.958904109589041,0.967123287671233,0,6,70
CEMADEN,261160606A,Dois Unidos,RECIFE,CEMADEN,PLUVIOMETRICA_AUTOMATICA,2022,CEMADEN_MAX_GAP_60MIN,TRUE,365,365,324,338,344,0.887671232876712,0.926027397260274,0.942465753424658,0,3,110
CEMADEN,261160606A,Dois Unidos,RECIFE,CEMADEN,PLUVIOMETRICA_AUTOMATICA,2023,CEMADEN_MAX_GAP_60MIN,TRUE,365,352,247,252,259,0.676712328767123,0.69041095890411,0.70958904109589,0,45,1471.5
CEMADEN,261160606A,Dois Unidos,RECIFE,CEMADEN,PLUVIOMETRICA_AUTOMATICA,2024,CEMADEN_MAX_GAP_60MIN,TRUE,366,243,91,105,111,0.248633879781421,0.286885245901639,0.30327868852459,0,148,6540
CEMADEN,261160606A,Dois Unidos,RECIFE,CEMADEN,PLUVIOMETRICA_AUTOMATICA,2025,CEMADEN_MAX_GAP_60MIN,TRUE,365,8,0,0,0,0,0,0,0,365,14839
CEMADEN,261160606G,Lagoa Encantada - COHAB,RECIFE,CEMADEN,PLUVIOMETRICA_AUTOMATICA,2019,CEMADEN_MAX_GAP_60MIN,TRUE,365,93,37,48,55,0.101369863013699,0.131506849315068,0.150684931506849,0,273,610
CEMADEN,261160606G,Lagoa Encantada - COHAB,RECIFE,CEMADEN,PLUVIOMETRICA_AUTOMATICA,2020,CEMADEN_MAX_GAP_60MIN,TRUE,366,358,152,206,238,0.415300546448087,0.562841530054645,0.650273224043716,0,31,397.499999999999
CEMADEN,261160606G,Lagoa Encantada - COHAB,RECIFE,CEMADEN,PLUVIOMETRICA_AUTOMATICA,2021,CEMADEN_MAX_GAP_60MIN,TRUE,365,365,254,351,355,0.695890410958904,0.961643835616438,0.972602739726027,0,6,70
CEMADEN,261160606G,Lagoa Encantada - COHAB,RECIFE,CEMADEN,PLUVIOMETRICA_AUTOMATICA,2022,CEMADEN_MAX_GAP_60MIN,TRUE,365,120,84,112,112,0.23013698630137,0.306849315068493,0.306849315068493,0,220,565
CEMADEN,261160606G,Lagoa Encantada - COHAB,RECIFE,CEMADEN,PLUVIOMETRICA_AUTOMATICA,2023,CEMADEN_MAX_GAP_60MIN,TRUE,365,175,113,151,153,0.30958904109589,0.413698630136986,0.419178082191781,0,88,11940
CEMADEN,261160606G,Lagoa Encantada - COHAB,RECIFE,CEMADEN,PLUVIOMETRICA_AUTOMATICA,2024,CEMADEN_MAX_GAP_60MIN,TRUE,366,366,274,344,351,0.748633879781421,0.939890710382514,0.959016393442623,0,9,87.5
CEMADEN,261160606G,Lagoa Encantada - COHAB,RECIFE,CEMADEN,PLUVIOMETRICA_AUTOMATICA,2025,CEMADEN_MAX_GAP_60MIN,TRUE,365,365,246,334,355,0.673972602739726,0.915068493150685,0.972602739726027,0,8,90
CEMADEN,261160607A,Alto do Céu,RECIFE,CEMADEN,PLUVIOMETRICA_AUTOMATICA,2017,CEMADEN_MAX_GAP_60MIN,TRUE,365,365,346,350,351,0.947945205479452,0.958904109589041,0.961643835616438,0,3,60
CEMADEN,261160607A,Alto do Céu,RECIFE,CEMADEN,PLUVIOMETRICA_AUTOMATICA,2018,CEMADEN_MAX_GAP_60MIN,TRUE,365,256,234,243,246,0.641095890410959,0.665753424657534,0.673972602739726,0,110,72.5
CEMADEN,261160607A,Alto do Céu,RECIFE,CEMADEN,PLUVIOMETRICA_AUTOMATICA,2019,CEMADEN_MAX_GAP_60MIN,TRUE,365,200,159,164,166,0.435616438356164,0.449315068493151,0.454794520547945,0,157,1137
CEMADEN,261160607A,Alto do Céu,RECIFE,CEMADEN,PLUVIOMETRICA_AUTOMATICA,2020,CEMADEN_MAX_GAP_60MIN,TRUE,366,212,199,201,203,0.543715846994536,0.549180327868853,0.554644808743169,0,155,74.4999999999999
CEMADEN,261160607A,Alto do Céu,RECIFE,CEMADEN,PLUVIOMETRICA_AUTOMATICA,2021,CEMADEN_MAX_GAP_60MIN,TRUE,365,349,293,298,318,0.802739726027397,0.816438356164383,0.871232876712329,0,23,1234
CEMADEN,261160607A,Alto do Céu,RECIFE,CEMADEN,PLUVIOMETRICA_AUTOMATICA,2022,CEMADEN_MAX_GAP_60MIN,TRUE,365,208,93,100,123,0.254794520547945,0.273972602739726,0.336986301369863,0,139,2900
CEMADEN,261160607A,Alto do Céu,RECIFE,CEMADEN,PLUVIOMETRICA_AUTOMATICA,2023,CEMADEN_MAX_GAP_60MIN,TRUE,365,154,0,0,1,0,0,0.00273972602739726,0,365,3546
CEMADEN,261160607A,Alto do Céu,RECIFE,CEMADEN,PLUVIOMETRICA_AUTOMATICA,2024,CEMADEN_MAX_GAP_60MIN,TRUE,366,217,0,0,0,0,0,0,0,366,3761.99999999999
CEMADEN,261160607A,Alto do Céu,RECIFE,CEMADEN,PLUVIOMETRICA_AUTOMATICA,2025,CEMADEN_MAX_GAP_60MIN,TRUE,365,139,0,0,0,0,0,0,0,365,2870.5
CEMADEN,261160607G,UR2 - COHAB,RECIFE,CEMADEN,PLUVIOMETRICA_AUTOMATICA,2019,CEMADEN_MAX_GAP_60MIN,TRUE,365,93,41,50,53,0.112328767123288,0.136986301369863,0.145205479452055,0,273,614.5
CEMADEN,261160607G,UR2 - COHAB,RECIFE,CEMADEN,PLUVIOMETRICA_AUTOMATICA,2020,CEMADEN_MAX_GAP_60MIN,TRUE,366,260,73,105,131,0.199453551912568,0.286885245901639,0.35792349726776,0,110,452.999999999999
CEMADEN,261160607G,UR2 - COHAB,RECIFE,CEMADEN,PLUVIOMETRICA_AUTOMATICA,2021,CEMADEN_MAX_GAP_60MIN,TRUE,365,2,0,0,0,0,0,0,0,365,257900
CEMADEN,261160608A,Corrego Jenipapo,RECIFE,CEMADEN,PLUVIOMETRICA_AUTOMATICA,2017,CEMADEN_MAX_GAP_60MIN,TRUE,365,365,349,351,353,0.956164383561644,0.961643835616438,0.967123287671233,0,3,60
CEMADEN,261160608A,Corrego Jenipapo,RECIFE,CEMADEN,PLUVIOMETRICA_AUTOMATICA,2018,CEMADEN_MAX_GAP_60MIN,TRUE,365,365,331,341,347,0.906849315068493,0.934246575342466,0.950684931506849,0,4,80
CEMADEN,261160608A,Corrego Jenipapo,RECIFE,CEMADEN,PLUVIOMETRICA_AUTOMATICA,2019,CEMADEN_MAX_GAP_60MIN,TRUE,365,287,144,152,162,0.394520547945205,0.416438356164384,0.443835616438356,0,64,4353
CEMADEN,261160608A,Corrego Jenipapo,RECIFE,CEMADEN,PLUVIOMETRICA_AUTOMATICA,2020,CEMADEN_MAX_GAP_60MIN,TRUE,366,351,254,257,265,0.693989071038251,0.702185792349727,0.724043715846995,0,12,2385
CEMADEN,261160608A,Corrego Jenipapo,RECIFE,CEMADEN,PLUVIOMETRICA_AUTOMATICA,2021,CEMADEN_MAX_GAP_60MIN,TRUE,365,290,262,267,270,0.717808219178082,0.731506849315069,0.73972602739726,0,77,280
CEMADEN,261160608A,Corrego Jenipapo,RECIFE,CEMADEN,PLUVIOMETRICA_AUTOMATICA,2022,CEMADEN_MAX_GAP_60MIN,TRUE,365,352,290,297,304,0.794520547945206,0.813698630136986,0.832876712328767,0,30,1123.5
CEMADEN,261160608A,Corrego Jenipapo,RECIFE,CEMADEN,PLUVIOMETRICA_AUTOMATICA,2023,CEMADEN_MAX_GAP_60MIN,TRUE,365,19,15,16,16,0.0410958904109589,0.0438356164383562,0.0438356164383562,0,197,298510
CEMADEN,261160608A,Corrego Jenipapo,RECIFE,CEMADEN,PLUVIOMETRICA_AUTOMATICA,2024,CEMADEN_MAX_GAP_60MIN,TRUE,366,1,0,0,0,0,0,0,0,366,
CEMADEN,261160608G,Manassu,RECIFE,CEMADEN,PLUVIOMETRICA_AUTOMATICA,2019,CEMADEN_MAX_GAP_60MIN,TRUE,365,92,34,40,46,0.0931506849315068,0.10958904109589,0.126027397260274,0,277,610
CEMADEN,261160609A,Imbiribeira | UPA da Imbiribeira,RECIFE,CEMADEN,PLUVIOMETRICA_AUTOMATICA,2017,CEMADEN_MAX_GAP_60MIN,TRUE,365,335,299,303,304,0.819178082191781,0.83013698630137,0.832876712328767,0,34,150
CEMADEN,261160609A,Imbiribeira | UPA da Imbiribeira,RECIFE,CEMADEN,PLUVIOMETRICA_AUTOMATICA,2018,CEMADEN_MAX_GAP_60MIN,TRUE,365,253,209,223,229,0.572602739726027,0.610958904109589,0.627397260273973,0,117,225.999999999999
CEMADEN,261160609A,Imbiribeira | UPA da Imbiribeira,RECIFE,CEMADEN,PLUVIOMETRICA_AUTOMATICA,2019,CEMADEN_MAX_GAP_60MIN,TRUE,365,323,257,273,277,0.704109589041096,0.747945205479452,0.758904109589041,0,33,819.999999999996
CEMADEN,261160609A,Imbiribeira | UPA da Imbiribeira,RECIFE,CEMADEN,PLUVIOMETRICA_AUTOMATICA,2020,CEMADEN_MAX_GAP_60MIN,TRUE,366,366,322,339,344,0.879781420765027,0.926229508196721,0.939890710382514,0,3,117.5
CEMADEN,261160609A,Imbiribeira | UPA da Imbiribeira,RECIFE,CEMADEN,PLUVIOMETRICA_AUTOMATICA,2021,CEMADEN_MAX_GAP_60MIN,TRUE,365,363,265,276,293,0.726027397260274,0.756164383561644,0.802739726027397,0,8,619
CEMADEN,261160609A,Imbiribeira | UPA da Imbiribeira,RECIFE,CEMADEN,PLUVIOMETRICA_AUTOMATICA,2022,CEMADEN_MAX_GAP_60MIN,TRUE,365,228,145,157,174,0.397260273972603,0.43013698630137,0.476712328767123,0,114,1040
CEMADEN,261160609A,Imbiribeira | UPA da Imbiribeira,RECIFE,CEMADEN,PLUVIOMETRICA_AUTOMATICA,2023,CEMADEN_MAX_GAP_60MIN,TRUE,365,329,292,299,304,0.8,0.819178082191781,0.832876712328767,0,38,240
CEMADEN,261160609A,Imbiribeira | UPA da Imbiribeira,RECIFE,CEMADEN,PLUVIOMETRICA_AUTOMATICA,2024,CEMADEN_MAX_GAP_60MIN,TRUE,366,233,192,196,205,0.524590163934426,0.53551912568306,0.560109289617486,0,138,343.999999999999
CEMADEN,261160609A,Imbiribeira | UPA da Imbiribeira,RECIFE,CEMADEN,PLUVIOMETRICA_AUTOMATICA,2025,CEMADEN_MAX_GAP_60MIN,TRUE,365,365,258,309,326,0.706849315068493,0.846575342465753,0.893150684931507,0,4,148.5
CEMADEN,261160609G,UR12 - COHAB,RECIFE,CEMADEN,PLUVIOMETRICA_AUTOMATICA,2019,CEMADEN_MAX_GAP_60MIN,TRUE,365,93,29,40,52,0.0794520547945206,0.10958904109589,0.142465753424658,0,273,632.5
CEMADEN,261160609G,UR12 - COHAB,RECIFE,CEMADEN,PLUVIOMETRICA_AUTOMATICA,2020,CEMADEN_MAX_GAP_60MIN,TRUE,366,366,90,131,187,0.245901639344262,0.35792349726776,0.510928961748634,0,47,537.5
CEMADEN,261160609G,UR12 - COHAB,RECIFE,CEMADEN,PLUVIOMETRICA_AUTOMATICA,2021,CEMADEN_MAX_GAP_60MIN,TRUE,365,359,268,327,332,0.734246575342466,0.895890410958904,0.90958904109589,0,15,151
CEMADEN,261160609G,UR12 - COHAB,RECIFE,CEMADEN,PLUVIOMETRICA_AUTOMATICA,2022,CEMADEN_MAX_GAP_60MIN,TRUE,365,358,324,329,333,0.887671232876712,0.901369863013699,0.912328767123288,0,9,151.5
CEMADEN,261160609G,UR12 - COHAB,RECIFE,CEMADEN,PLUVIOMETRICA_AUTOMATICA,2023,CEMADEN_MAX_GAP_60MIN,TRUE,365,303,274,296,298,0.750684931506849,0.810958904109589,0.816438356164383,0,64,70
CEMADEN,261160610A,Alto Mandu,RECIFE,CEMADEN,PLUVIOMETRICA_AUTOMATICA,2017,CEMADEN_MAX_GAP_60MIN,TRUE,365,172,150,155,157,0.410958904109589,0.424657534246575,0.43013698630137,0,194,120
CEMADEN,261160610A,Alto Mandu,RECIFE,CEMADEN,PLUVIOMETRICA_AUTOMATICA,2018,CEMADEN_MAX_GAP_60MIN,TRUE,365,365,333,343,348,0.912328767123288,0.93972602739726,0.953424657534246,0,3,80
CEMADEN,261160610A,Alto Mandu,RECIFE,CEMADEN,PLUVIOMETRICA_AUTOMATICA,2019,CEMADEN_MAX_GAP_60MIN,TRUE,365,350,258,263,273,0.706849315068493,0.72054794520548,0.747945205479452,0,26,1125.5
CEMADEN,261160610A,Alto Mandu,RECIFE,CEMADEN,PLUVIOMETRICA_AUTOMATICA,2020,CEMADEN_MAX_GAP_60MIN,TRUE,366,273,76,88,110,0.207650273224044,0.240437158469945,0.300546448087432,0,156,1398
CEMADEN,261160610A,Alto Mandu,RECIFE,CEMADEN,PLUVIOMETRICA_AUTOMATICA,2021,CEMADEN_MAX_GAP_60MIN,TRUE,365,361,284,295,302,0.778082191780822,0.808219178082192,0.827397260273973,0,8,120
CEMADEN,261160610A,Alto Mandu,RECIFE,CEMADEN,PLUVIOMETRICA_AUTOMATICA,2022,CEMADEN_MAX_GAP_60MIN,TRUE,365,365,332,341,350,0.90958904109589,0.934246575342466,0.958904109589041,0,5,80
CEMADEN,261160610A,Alto Mandu,RECIFE,CEMADEN,PLUVIOMETRICA_AUTOMATICA,2023,CEMADEN_MAX_GAP_60MIN,TRUE,365,365,327,335,340,0.895890410958904,0.917808219178082,0.931506849315068,0,4,120
CEMADEN,261160610A,Alto Mandu,RECIFE,CEMADEN,PLUVIOMETRICA_AUTOMATICA,2024,CEMADEN_MAX_GAP_60MIN,TRUE,366,281,229,244,255,0.62568306010929,0.666666666666667,0.69672131147541,0,86,110
CEMADEN,261160610A,Alto Mandu,RECIFE,CEMADEN,PLUVIOMETRICA_AUTOMATICA,2025,CEMADEN_MAX_GAP_60MIN,TRUE,365,13,0,0,0,0,0,0,0,365,235812
CEMADEN,261160610G,Nova Descoberta,RECIFE,CEMADEN,PLUVIOMETRICA_AUTOMATICA,2019,CEMADEN_MAX_GAP_60MIN,TRUE,365,93,44,52,60,0.120547945205479,0.142465753424658,0.164383561643836,0,273,610
CEMADEN,261160610G,Nova Descoberta,RECIFE,CEMADEN,PLUVIOMETRICA_AUTOMATICA,2020,CEMADEN_MAX_GAP_60MIN,TRUE,366,355,159,210,239,0.434426229508197,0.573770491803279,0.653005464480874,0,19,443.000000000001
CEMADEN,261160610G,Nova Descoberta,RECIFE,CEMADEN,PLUVIOMETRICA_AUTOMATICA,2021,CEMADEN_MAX_GAP_60MIN,TRUE,365,38,25,32,32,0.0684931506849315,0.0876712328767123,0.0876712328767123,0,307,11993.9999999999
CEMADEN,261160611G,UR12 - COHAB II,RECIFE,CEMADEN,PLUVIOMETRICA_AUTOMATICA,2021,CEMADEN_MAX_GAP_60MIN,TRUE,365,292,186,275,285,0.50958904109589,0.753424657534247,0.780821917808219,0,75,80
CEMADEN,261160611G,UR12 - COHAB II,RECIFE,CEMADEN,PLUVIOMETRICA_AUTOMATICA,2022,CEMADEN_MAX_GAP_60MIN,TRUE,365,338,194,303,319,0.531506849315069,0.83013698630137,0.873972602739726,0,28,100
CEMADEN,261160611G,UR12 - COHAB II,RECIFE,CEMADEN,PLUVIOMETRICA_AUTOMATICA,2023,CEMADEN_MAX_GAP_60MIN,TRUE,365,58,43,50,53,0.117808219178082,0.136986301369863,0.145205479452055,0,308,121.5
CEMADEN,261160611G,UR12 - COHAB II,RECIFE,CEMADEN,PLUVIOMETRICA_AUTOMATICA,2024,CEMADEN_MAX_GAP_60MIN,TRUE,366,223,157,218,220,0.42896174863388,0.595628415300546,0.601092896174863,0,144,70
CEMADEN,261160612A,Guabiraba,RECIFE,CEMADEN,PLUVIOMETRICA_AUTOMATICA,2017,CEMADEN_MAX_GAP_60MIN,TRUE,365,224,221,221,222,0.605479452054795,0.605479452054795,0.608219178082192,0,142,60
CEMADEN,261160612A,Guabiraba,RECIFE,CEMADEN,PLUVIOMETRICA_AUTOMATICA,2018,CEMADEN_MAX_GAP_60MIN,TRUE,365,11,8,9,9,0.0219178082191781,0.0246575342465753,0.0246575342465753,0,240,1713965
CEMADEN,261160612A,Guabiraba,RECIFE,CEMADEN,PLUVIOMETRICA_AUTOMATICA,2024,CEMADEN_MAX_GAP_60MIN,TRUE,366,290,222,237,245,0.60655737704918,0.647540983606557,0.669398907103825,0,65,292.000000000001
CEMADEN,261160612A,Guabiraba,RECIFE,CEMADEN,PLUVIOMETRICA_AUTOMATICA,2025,CEMADEN_MAX_GAP_60MIN,TRUE,365,352,272,282,298,0.745205479452055,0.772602739726028,0.816438356164383,0,24,120
CEMADEN,261160613A,Morro da Conceição,RECIFE,CEMADEN,PLUVIOMETRICA_AUTOMATICA,2017,CEMADEN_MAX_GAP_60MIN,TRUE,365,172,152,159,160,0.416438356164384,0.435616438356164,0.438356164383562,0,194,120
CEMADEN,261160613A,Morro da Conceição,RECIFE,CEMADEN,PLUVIOMETRICA_AUTOMATICA,2018,CEMADEN_MAX_GAP_60MIN,TRUE,365,365,335,347,353,0.917808219178082,0.950684931506849,0.967123287671233,0,3,70
CEMADEN,261160613A,Morro da Conceição,RECIFE,CEMADEN,PLUVIOMETRICA_AUTOMATICA,2019,CEMADEN_MAX_GAP_60MIN,TRUE,365,354,289,300,306,0.791780821917808,0.821917808219178,0.838356164383562,0,16,531.999999999996
CEMADEN,261160613A,Morro da Conceição,RECIFE,CEMADEN,PLUVIOMETRICA_AUTOMATICA,2020,CEMADEN_MAX_GAP_60MIN,TRUE,366,366,313,328,336,0.855191256830601,0.896174863387978,0.918032786885246,0,4,160
CEMADEN,261160613A,Morro da Conceição,RECIFE,CEMADEN,PLUVIOMETRICA_AUTOMATICA,2021,CEMADEN_MAX_GAP_60MIN,TRUE,365,365,343,349,352,0.93972602739726,0.956164383561644,0.964383561643836,0,6,70
CEMADEN,261160613A,Morro da Conceição,RECIFE,CEMADEN,PLUVIOMETRICA_AUTOMATICA,2022,CEMADEN_MAX_GAP_60MIN,TRUE,365,337,257,265,267,0.704109589041096,0.726027397260274,0.731506849315069,0,89,2892
CEMADEN,261160613A,Morro da Conceição,RECIFE,CEMADEN,PLUVIOMETRICA_AUTOMATICA,2023,CEMADEN_MAX_GAP_60MIN,TRUE,365,288,162,164,164,0.443835616438356,0.449315068493151,0.449315068493151,0,199,5766.5
CEMADEN,261160613A,Morro da Conceição,RECIFE,CEMADEN,PLUVIOMETRICA_AUTOMATICA,2024,CEMADEN_MAX_GAP_60MIN,TRUE,366,240,44,44,44,0.120218579234973,0.120218579234973,0.120218579234973,0,207,4301
CEMADEN,261160613A,Morro da Conceição,RECIFE,CEMADEN,PLUVIOMETRICA_AUTOMATICA,2025,CEMADEN_MAX_GAP_60MIN,TRUE,365,180,0,0,0,0,0,0,0,365,4350
CEMADEN,261160613G,COMPESA - Alto da Esperança,RECIFE,CEMADEN,PLUVIOMETRICA_AUTOMATICA,2023,CEMADEN_MAX_GAP_60MIN,TRUE,365,55,45,53,53,0.123287671232877,0.145205479452055,0.145205479452055,0,312,70
CEMADEN,261160613G,COMPESA - Alto da Esperança,RECIFE,CEMADEN,PLUVIOMETRICA_AUTOMATICA,2024,CEMADEN_MAX_GAP_60MIN,TRUE,366,366,267,363,364,0.729508196721312,0.991803278688525,0.994535519125683,0,5,70
CEMADEN,261160613G,COMPESA - Alto da Esperança,RECIFE,CEMADEN,PLUVIOMETRICA_AUTOMATICA,2025,CEMADEN_MAX_GAP_60MIN,TRUE,365,156,124,153,154,0.33972602739726,0.419178082191781,0.421917808219178,0,210,70
CEMADEN,261160614A,Campina do Barreto,RECIFE,CEMADEN,PLUVIOMETRICA_AUTOMATICA,2017,CEMADEN_MAX_GAP_60MIN,TRUE,365,365,350,351,353,0.958904109589041,0.961643835616438,0.967123287671233,0,2,60
CEMADEN,261160614A,Campina do Barreto,RECIFE,CEMADEN,PLUVIOMETRICA_AUTOMATICA,2018,CEMADEN_MAX_GAP_60MIN,TRUE,365,365,341,353,356,0.934246575342466,0.967123287671233,0.975342465753425,0,2,70
CEMADEN,261160614A,Campina do Barreto,RECIFE,CEMADEN,PLUVIOMETRICA_AUTOMATICA,2019,CEMADEN_MAX_GAP_60MIN,TRUE,365,355,283,299,305,0.775342465753425,0.819178082191781,0.835616438356164,0,15,660
CEMADEN,261160614A,Campina do Barreto,RECIFE,CEMADEN,PLUVIOMETRICA_AUTOMATICA,2020,CEMADEN_MAX_GAP_60MIN,TRUE,366,253,134,153,172,0.366120218579235,0.418032786885246,0.469945355191257,0,113,1250
CEMADEN,261160614A,Campina do Barreto,RECIFE,CEMADEN,PLUVIOMETRICA_AUTOMATICA,2021,CEMADEN_MAX_GAP_60MIN,TRUE,365,365,304,314,320,0.832876712328767,0.86027397260274,0.876712328767123,0,12,120
CEMADEN,261160614A,Campina do Barreto,RECIFE,CEMADEN,PLUVIOMETRICA_AUTOMATICA,2022,CEMADEN_MAX_GAP_60MIN,TRUE,365,365,297,311,324,0.813698630136986,0.852054794520548,0.887671232876712,0,5,120
CEMADEN,261160614A,Campina do Barreto,RECIFE,CEMADEN,PLUVIOMETRICA_AUTOMATICA,2023,CEMADEN_MAX_GAP_60MIN,TRUE,365,317,255,264,269,0.698630136986301,0.723287671232877,0.736986301369863,0,83,1342
CEMADEN,261160614A,Campina do Barreto,RECIFE,CEMADEN,PLUVIOMETRICA_AUTOMATICA,2024,CEMADEN_MAX_GAP_60MIN,TRUE,366,364,161,163,163,0.439890710382514,0.445355191256831,0.445355191256831,0,199,1268.5
CEMADEN,261160614A,Campina do Barreto,RECIFE,CEMADEN,PLUVIOMETRICA_AUTOMATICA,2025,CEMADEN_MAX_GAP_60MIN,TRUE,365,343,300,312,323,0.821917808219178,0.854794520547945,0.884931506849315,0,14,109.5
CEMADEN,261160615A,Ibura,RECIFE,CEMADEN,PLUVIOMETRICA_AUTOMATICA,2017,CEMADEN_MAX_GAP_60MIN,TRUE,365,365,349,350,352,0.956164383561644,0.958904109589041,0.964383561643836,0,2,60
CEMADEN,261160615A,Ibura,RECIFE,CEMADEN,PLUVIOMETRICA_AUTOMATICA,2018,CEMADEN_MAX_GAP_60MIN,TRUE,365,365,333,342,349,0.912328767123288,0.936986301369863,0.956164383561644,0,3,80
CEMADEN,261160615A,Ibura,RECIFE,CEMADEN,PLUVIOMETRICA_AUTOMATICA,2019,CEMADEN_MAX_GAP_60MIN,TRUE,365,356,286,300,305,0.783561643835617,0.821917808219178,0.835616438356164,0,15,595
CEMADEN,261160615A,Ibura,RECIFE,CEMADEN,PLUVIOMETRICA_AUTOMATICA,2020,CEMADEN_MAX_GAP_60MIN,TRUE,366,366,247,279,307,0.674863387978142,0.762295081967213,0.83879781420765,0,9,417.5
CEMADEN,261160615A,Ibura,RECIFE,CEMADEN,PLUVIOMETRICA_AUTOMATICA,2021,CEMADEN_MAX_GAP_60MIN,TRUE,365,365,314,327,331,0.86027397260274,0.895890410958904,0.906849315068493,0,10,120
CEMADEN,261160615A,Ibura,RECIFE,CEMADEN,PLUVIOMETRICA_AUTOMATICA,2022,CEMADEN_MAX_GAP_60MIN,TRUE,365,365,288,303,315,0.789041095890411,0.83013698630137,0.863013698630137,0,6,366.000000000001
CEMADEN,261160615A,Ibura,RECIFE,CEMADEN,PLUVIOMETRICA_AUTOMATICA,2023,CEMADEN_MAX_GAP_60MIN,TRUE,365,319,229,235,240,0.627397260273973,0.643835616438356,0.657534246575342,0,115,1332
CEMADEN,261160615G,COMPESA - Alto da Brasileira,RECIFE,CEMADEN,PLUVIOMETRICA_AUTOMATICA,2023,CEMADEN_MAX_GAP_60MIN,TRUE,365,61,50,60,60,0.136986301369863,0.164383561643836,0.164383561643836,0,306,70
CEMADEN,261160615G,COMPESA - Alto da Brasileira,RECIFE,CEMADEN,PLUVIOMETRICA_AUTOMATICA,2024,CEMADEN_MAX_GAP_60MIN,TRUE,366,269,198,265,266,0.540983606557377,0.724043715846995,0.726775956284153,0,98,70
CEMADEN,261160616A,Várzea,RECIFE,CEMADEN,PLUVIOMETRICA_AUTOMATICA,2017,CEMADEN_MAX_GAP_60MIN,TRUE,365,356,309,309,312,0.846575342465753,0.846575342465753,0.854794520547945,0,45,951.000000000001
CEMADEN,261160616A,Várzea,RECIFE,CEMADEN,PLUVIOMETRICA_AUTOMATICA,2018,CEMADEN_MAX_GAP_60MIN,TRUE,365,146,0,1,1,0,0.00273972602739726,0.00273972602739726,0,365,2160
CEMADEN,261160616G,COMPAZ - Alto Sta. Terezinha | REC5,RECIFE,CEMADEN,PLUVIOMETRICA_AUTOMATICA,2023,CEMADEN_MAX_GAP_60MIN,TRUE,365,62,52,60,61,0.142465753424658,0.164383561643836,0.167123287671233,0,304,70
CEMADEN,261160616G,COMPAZ - Alto Sta. Terezinha | REC5,RECIFE,CEMADEN,PLUVIOMETRICA_AUTOMATICA,2024,CEMADEN_MAX_GAP_60MIN,TRUE,366,366,283,363,364,0.773224043715847,0.991803278688525,0.994535519125683,0,4,70
CEMADEN,261160616G,COMPAZ - Alto Sta. Terezinha | REC5,RECIFE,CEMADEN,PLUVIOMETRICA_AUTOMATICA,2025,CEMADEN_MAX_GAP_60MIN,TRUE,365,365,274,356,359,0.750684931506849,0.975342465753425,0.983561643835616,0,4,70
CEMADEN,261160617A,Pina,RECIFE,CEMADEN,PLUVIOMETRICA_AUTOMATICA,2017,CEMADEN_MAX_GAP_60MIN,TRUE,365,365,343,350,353,0.93972602739726,0.958904109589041,0.967123287671233,0,2,70
CEMADEN,261160617A,Pina,RECIFE,CEMADEN,PLUVIOMETRICA_AUTOMATICA,2018,CEMADEN_MAX_GAP_60MIN,TRUE,365,365,330,341,349,0.904109589041096,0.934246575342466,0.956164383561644,0,3,80
CEMADEN,261160617A,Pina,RECIFE,CEMADEN,PLUVIOMETRICA_AUTOMATICA,2019,CEMADEN_MAX_GAP_60MIN,TRUE,365,356,289,303,309,0.791780821917808,0.83013698630137,0.846575342465753,0,15,650
CEMADEN,261160617A,Pina,RECIFE,CEMADEN,PLUVIOMETRICA_AUTOMATICA,2020,CEMADEN_MAX_GAP_60MIN,TRUE,366,366,246,285,309,0.672131147540984,0.778688524590164,0.844262295081967,0,8,412.5
CEMADEN,261160617A,Pina,RECIFE,CEMADEN,PLUVIOMETRICA_AUTOMATICA,2021,CEMADEN_MAX_GAP_60MIN,TRUE,365,365,310,322,332,0.849315068493151,0.882191780821918,0.90958904109589,0,5,120
CEMADEN,261160617A,Pina,RECIFE,CEMADEN,PLUVIOMETRICA_AUTOMATICA,2022,CEMADEN_MAX_GAP_60MIN,TRUE,365,365,294,309,314,0.805479452054795,0.846575342465753,0.86027397260274,0,6,120
CEMADEN,261160617A,Pina,RECIFE,CEMADEN,PLUVIOMETRICA_AUTOMATICA,2023,CEMADEN_MAX_GAP_60MIN,TRUE,365,365,339,349,354,0.928767123287671,0.956164383561644,0.96986301369863,0,3,70
CEMADEN,261160617A,Pina,RECIFE,CEMADEN,PLUVIOMETRICA_AUTOMATICA,2024,CEMADEN_MAX_GAP_60MIN,TRUE,366,359,261,268,271,0.713114754098361,0.73224043715847,0.740437158469945,0,90,1490
CEMADEN,261160617A,Pina,RECIFE,CEMADEN,PLUVIOMETRICA_AUTOMATICA,2025,CEMADEN_MAX_GAP_60MIN,TRUE,365,365,337,344,350,0.923287671232877,0.942465753424658,0.958904109589041,0,2,80
CEMADEN,261160618A,Torreão,RECIFE,CEMADEN,PLUVIOMETRICA_AUTOMATICA,2017,CEMADEN_MAX_GAP_60MIN,TRUE,365,365,346,348,353,0.947945205479452,0.953424657534246,0.967123287671233,0,2,60
CEMADEN,261160618A,Torreão,RECIFE,CEMADEN,PLUVIOMETRICA_AUTOMATICA,2018,CEMADEN_MAX_GAP_60MIN,TRUE,365,365,340,347,351,0.931506849315068,0.950684931506849,0.961643835616438,0,2,70
CEMADEN,261160618A,Torreão,RECIFE,CEMADEN,PLUVIOMETRICA_AUTOMATICA,2019,CEMADEN_MAX_GAP_60MIN,TRUE,365,354,276,288,294,0.756164383561644,0.789041095890411,0.805479452054795,0,15,687.999999999997
CEMADEN,261160618A,Torreão,RECIFE,CEMADEN,PLUVIOMETRICA_AUTOMATICA,2020,CEMADEN_MAX_GAP_60MIN,TRUE,366,366,228,260,295,0.622950819672131,0.710382513661202,0.806010928961749,0,11,387.5
CEMADEN,261160618A,Torreão,RECIFE,CEMADEN,PLUVIOMETRICA_AUTOMATICA,2021,CEMADEN_MAX_GAP_60MIN,TRUE,365,266,182,190,192,0.498630136986301,0.520547945205479,0.526027397260274,0,166,3580
CEMADEN,261160618A,Torreão,RECIFE,CEMADEN,PLUVIOMETRICA_AUTOMATICA,2022,CEMADEN_MAX_GAP_60MIN,TRUE,365,293,249,252,255,0.682191780821918,0.69041095890411,0.698630136986301,0,73,124
CEMADEN,261160618A,Torreão,RECIFE,CEMADEN,PLUVIOMETRICA_AUTOMATICA,2023,CEMADEN_MAX_GAP_60MIN,TRUE,365,365,337,346,351,0.923287671232877,0.947945205479452,0.961643835616438,0,2,78.0000000000001
CEMADEN,261160618A,Torreão,RECIFE,CEMADEN,PLUVIOMETRICA_AUTOMATICA,2024,CEMADEN_MAX_GAP_60MIN,TRUE,366,366,355,358,361,0.969945355191257,0.978142076502732,0.986338797814208,0,3,60
CEMADEN,261160618A,Torreão,RECIFE,CEMADEN,PLUVIOMETRICA_AUTOMATICA,2025,CEMADEN_MAX_GAP_60MIN,TRUE,365,365,338,349,354,0.926027397260274,0.956164383561644,0.96986301369863,0,2,70
CEMADEN,261160619A,San Martin,RECIFE,CEMADEN,PLUVIOMETRICA_AUTOMATICA,2017,CEMADEN_MAX_GAP_60MIN,TRUE,365,365,350,353,357,0.958904109589041,0.967123287671233,0.978082191780822,0,2,60
CEMADEN,261160619A,San Martin,RECIFE,CEMADEN,PLUVIOMETRICA_AUTOMATICA,2018,CEMADEN_MAX_GAP_60MIN,TRUE,365,365,326,346,351,0.893150684931507,0.947945205479452,0.961643835616438,0,3,78.0000000000001
CEMADEN,261160619A,San Martin,RECIFE,CEMADEN,PLUVIOMETRICA_AUTOMATICA,2019,CEMADEN_MAX_GAP_60MIN,TRUE,365,292,242,250,254,0.663013698630137,0.684931506849315,0.695890410958904,0,71,745.999999999999
CEMADEN,261160619A,San Martin,RECIFE,CEMADEN,PLUVIOMETRICA_AUTOMATICA,2020,CEMADEN_MAX_GAP_60MIN,TRUE,366,56,39,42,44,0.10655737704918,0.114754098360656,0.120218579234973,0,162,31660
CEMADEN,261160619A,San Martin,RECIFE,CEMADEN,PLUVIOMETRICA_AUTOMATICA,2021,CEMADEN_MAX_GAP_60MIN,TRUE,365,298,247,253,262,0.676712328767123,0.693150684931507,0.717808219178082,0,61,928.499999999991
CEMADEN,261160619A,San Martin,RECIFE,CEMADEN,PLUVIOMETRICA_AUTOMATICA,2022,CEMADEN_MAX_GAP_60MIN,TRUE,365,80,66,67,67,0.180821917808219,0.183561643835616,0.183561643835616,0,297,2320
CEMADEN,261160619A,San Martin,RECIFE,CEMADEN,PLUVIOMETRICA_AUTOMATICA,2023,CEMADEN_MAX_GAP_60MIN,TRUE,365,165,155,156,160,0.424657534246575,0.427397260273973,0.438356164383562,0,201,77.9999999999998
CEMADEN,261160619A,San Martin,RECIFE,CEMADEN,PLUVIOMETRICA_AUTOMATICA,2024,CEMADEN_MAX_GAP_60MIN,TRUE,366,229,184,190,190,0.502732240437159,0.519125683060109,0.519125683060109,0,114,2862.49999999999
CEMADEN,261160620A,Porto,RECIFE,CEMADEN,PLUVIOMETRICA_AUTOMATICA,2017,CEMADEN_MAX_GAP_60MIN,TRUE,365,365,348,348,348,0.953424657534246,0.953424657534246,0.953424657534246,0,3,60
CEMADEN,261160620A,Porto,RECIFE,CEMADEN,PLUVIOMETRICA_AUTOMATICA,2018,CEMADEN_MAX_GAP_60MIN,TRUE,365,365,333,341,342,0.912328767123288,0.934246575342466,0.936986301369863,0,4,120
CEMADEN,261160620A,Porto,RECIFE,CEMADEN,PLUVIOMETRICA_AUTOMATICA,2019,CEMADEN_MAX_GAP_60MIN,TRUE,365,359,297,304,311,0.813698630136986,0.832876712328767,0.852054794520548,0,15,543.999999999999
CEMADEN,261160620A,Porto,RECIFE,CEMADEN,PLUVIOMETRICA_AUTOMATICA,2020,CEMADEN_MAX_GAP_60MIN,TRUE,366,366,252,289,307,0.688524590163934,0.789617486338798,0.83879781420765,0,7,420
CEMADEN,261160620A,Porto,RECIFE,CEMADEN,PLUVIOMETRICA_AUTOMATICA,2021,CEMADEN_MAX_GAP_60MIN,TRUE,365,365,336,344,347,0.920547945205479,0.942465753424658,0.950684931506849,0,3,90
CEMADEN,261160620A,Porto,RECIFE,CEMADEN,PLUVIOMETRICA_AUTOMATICA,2022,CEMADEN_MAX_GAP_60MIN,TRUE,365,365,314,326,328,0.86027397260274,0.893150684931507,0.898630136986301,0,5,120
CEMADEN,261160620A,Porto,RECIFE,CEMADEN,PLUVIOMETRICA_AUTOMATICA,2023,CEMADEN_MAX_GAP_60MIN,TRUE,365,365,340,350,353,0.931506849315068,0.958904109589041,0.967123287671233,0,2,70
CEMADEN,261160620A,Porto,RECIFE,CEMADEN,PLUVIOMETRICA_AUTOMATICA,2024,CEMADEN_MAX_GAP_60MIN,TRUE,366,276,101,104,105,0.275956284153005,0.284153005464481,0.286885245901639,0,260,700
CEMADEN,261160620A,Porto,RECIFE,CEMADEN,PLUVIOMETRICA_AUTOMATICA,2025,CEMADEN_MAX_GAP_60MIN,TRUE,365,356,0,0,0,0,0,0,0,365,1837
CEMADEN,261160621A,Areias,RECIFE,CEMADEN,PLUVIOMETRICA_AUTOMATICA,2017,CEMADEN_MAX_GAP_60MIN,TRUE,365,365,346,348,350,0.947945205479452,0.953424657534246,0.958904109589041,0,2,60
CEMADEN,261160621A,Areias,RECIFE,CEMADEN,PLUVIOMETRICA_AUTOMATICA,2018,CEMADEN_MAX_GAP_60MIN,TRUE,365,365,327,336,338,0.895890410958904,0.920547945205479,0.926027397260274,0,3,120
CEMADEN,261160621A,Areias,RECIFE,CEMADEN,PLUVIOMETRICA_AUTOMATICA,2019,CEMADEN_MAX_GAP_60MIN,TRUE,365,363,319,331,332,0.873972602739726,0.906849315068493,0.90958904109589,0,12,438
CEMADEN,261160621A,Areias,RECIFE,CEMADEN,PLUVIOMETRICA_AUTOMATICA,2020,CEMADEN_MAX_GAP_60MIN,TRUE,366,366,342,353,354,0.934426229508197,0.96448087431694,0.967213114754098,0,2,70
CEMADEN,261160621A,Areias,RECIFE,CEMADEN,PLUVIOMETRICA_AUTOMATICA,2021,CEMADEN_MAX_GAP_60MIN,TRUE,365,365,333,344,346,0.912328767123288,0.942465753424658,0.947945205479452,0,6,104
CEMADEN,261160621A,Areias,RECIFE,CEMADEN,PLUVIOMETRICA_AUTOMATICA,2022,CEMADEN_MAX_GAP_60MIN,TRUE,365,365,321,336,342,0.879452054794521,0.920547945205479,0.936986301369863,0,3,120
CEMADEN,261160621A,Areias,RECIFE,CEMADEN,PLUVIOMETRICA_AUTOMATICA,2023,CEMADEN_MAX_GAP_60MIN,TRUE,365,364,339,355,356,0.928767123287671,0.972602739726027,0.975342465753425,0,4,70
CEMADEN,261160621A,Areias,RECIFE,CEMADEN,PLUVIOMETRICA_AUTOMATICA,2024,CEMADEN_MAX_GAP_60MIN,TRUE,366,339,250,259,269,0.683060109289618,0.707650273224044,0.734972677595629,0,34,2449.5
CEMADEN,261160622A,Boa Vista,RECIFE,CEMADEN,PLUVIOMETRICA_AUTOMATICA,2017,CEMADEN_MAX_GAP_60MIN,TRUE,365,365,350,352,352,0.958904109589041,0.964383561643836,0.964383561643836,0,2,60
CEMADEN,261160622A,Boa Vista,RECIFE,CEMADEN,PLUVIOMETRICA_AUTOMATICA,2018,CEMADEN_MAX_GAP_60MIN,TRUE,365,365,336,348,349,0.920547945205479,0.953424657534246,0.956164383561644,0,3,70
CEMADEN,261160622A,Boa Vista,RECIFE,CEMADEN,PLUVIOMETRICA_AUTOMATICA,2019,CEMADEN_MAX_GAP_60MIN,TRUE,365,362,324,331,331,0.887671232876712,0.906849315068493,0.906849315068493,0,12,410
CEMADEN,261160622A,Boa Vista,RECIFE,CEMADEN,PLUVIOMETRICA_AUTOMATICA,2020,CEMADEN_MAX_GAP_60MIN,TRUE,366,359,335,347,348,0.915300546448087,0.948087431693989,0.950819672131147,0,8,70
CEMADEN,261160622A,Boa Vista,RECIFE,CEMADEN,PLUVIOMETRICA_AUTOMATICA,2021,CEMADEN_MAX_GAP_60MIN,TRUE,365,1,0,0,0,0,0,0,0,365,
CEMADEN,261160623A,RECIFE - APAC,RECIFE,CEMADEN,PLUVIOMETRICA_AUTOMATICA,2017,CEMADEN_MAX_GAP_60MIN,TRUE,365,76,24,24,30,0.0657534246575342,0.0657534246575342,0.0821917808219178,0,316,4339
CEMADEN,261160623A,RECIFE - APAC,RECIFE,CEMADEN,PLUVIOMETRICA_AUTOMATICA,2018,CEMADEN_MAX_GAP_60MIN,TRUE,365,365,302,318,320,0.827397260273973,0.871232876712329,0.876712328767123,0,6,120
CEMADEN,261160623A,RECIFE - APAC,RECIFE,CEMADEN,PLUVIOMETRICA_AUTOMATICA,2019,CEMADEN_MAX_GAP_60MIN,TRUE,365,353,291,308,313,0.797260273972603,0.843835616438356,0.857534246575342,0,12,439.999999999999
CEMADEN,261160623A,RECIFE - APAC,RECIFE,CEMADEN,PLUVIOMETRICA_AUTOMATICA,2020,CEMADEN_MAX_GAP_60MIN,TRUE,366,353,180,207,239,0.491803278688525,0.565573770491803,0.653005464480874,0,21,364
CEMADEN,261160623A,RECIFE - APAC,RECIFE,CEMADEN,PLUVIOMETRICA_AUTOMATICA,2021,CEMADEN_MAX_GAP_60MIN,TRUE,365,360,182,189,191,0.498630136986301,0.517808219178082,0.523287671232877,0,141,1400
CEMADEN,261160623A,RECIFE - APAC,RECIFE,CEMADEN,PLUVIOMETRICA_AUTOMATICA,2022,CEMADEN_MAX_GAP_60MIN,TRUE,365,365,319,337,344,0.873972602739726,0.923287671232877,0.942465753424658,0,6,100
CEMADEN,261160623A,RECIFE - APAC,RECIFE,CEMADEN,PLUVIOMETRICA_AUTOMATICA,2023,CEMADEN_MAX_GAP_60MIN,TRUE,365,365,322,330,335,0.882191780821918,0.904109589041096,0.917808219178082,0,4,120
CEMADEN,261160623A,RECIFE - APAC,RECIFE,CEMADEN,PLUVIOMETRICA_AUTOMATICA,2024,CEMADEN_MAX_GAP_60MIN,TRUE,366,366,347,355,358,0.948087431693989,0.969945355191257,0.978142076502732,0,3,67.5
CEMADEN,261160623A,RECIFE - APAC,RECIFE,CEMADEN,PLUVIOMETRICA_AUTOMATICA,2025,CEMADEN_MAX_GAP_60MIN,TRUE,365,316,273,279,284,0.747945205479452,0.764383561643836,0.778082191780822,0,25,150
CEMADEN,261170501A,RIACHO DAS ALMAS - APAC,RIACHO DAS ALMAS,CEMADEN,PLUVIOMETRICA_AUTOMATICA,2018,CEMADEN_MAX_GAP_60MIN,TRUE,365,204,167,172,173,0.457534246575342,0.471232876712329,0.473972602739726,0,145,4010
CEMADEN,261170501A,RIACHO DAS ALMAS - APAC,RIACHO DAS ALMAS,CEMADEN,PLUVIOMETRICA_AUTOMATICA,2019,CEMADEN_MAX_GAP_60MIN,TRUE,365,118,66,71,82,0.180821917808219,0.194520547945205,0.224657534246575,0,244,4525.49999999992
CEMADEN,261170501A,RIACHO DAS ALMAS - APAC,RIACHO DAS ALMAS,CEMADEN,PLUVIOMETRICA_AUTOMATICA,2020,CEMADEN_MAX_GAP_60MIN,TRUE,366,362,152,182,213,0.415300546448087,0.497267759562842,0.581967213114754,0,34,446.999999999999
CEMADEN,261170501A,RIACHO DAS ALMAS - APAC,RIACHO DAS ALMAS,CEMADEN,PLUVIOMETRICA_AUTOMATICA,2021,CEMADEN_MAX_GAP_60MIN,TRUE,365,178,50,71,85,0.136986301369863,0.194520547945205,0.232876712328767,0,224,630
CEMADEN,261170501A,RIACHO DAS ALMAS - APAC,RIACHO DAS ALMAS,CEMADEN,PLUVIOMETRICA_AUTOMATICA,2022,CEMADEN_MAX_GAP_60MIN,TRUE,365,365,64,93,122,0.175342465753425,0.254794520547945,0.334246575342466,0,131,690
CEMADEN,261170501A,RIACHO DAS ALMAS - APAC,RIACHO DAS ALMAS,CEMADEN,PLUVIOMETRICA_AUTOMATICA,2023,CEMADEN_MAX_GAP_60MIN,TRUE,365,365,68,107,145,0.186301369863014,0.293150684931507,0.397260273972603,0,46,520
CEMADEN,261170501A,RIACHO DAS ALMAS - APAC,RIACHO DAS ALMAS,CEMADEN,PLUVIOMETRICA_AUTOMATICA,2024,CEMADEN_MAX_GAP_60MIN,TRUE,366,366,118,140,168,0.3224043715847,0.382513661202186,0.459016393442623,0,79,560
CEMADEN,261170501A,RIACHO DAS ALMAS - APAC,RIACHO DAS ALMAS,CEMADEN,PLUVIOMETRICA_AUTOMATICA,2025,CEMADEN_MAX_GAP_60MIN,TRUE,365,365,83,99,128,0.227397260273973,0.271232876712329,0.350684931506849,0,150,600
CEMADEN,261180401A,Bandeirante,RIBEIRÃO,CEMADEN,PLUVIOMETRICA_AUTOMATICA,2017,CEMADEN_MAX_GAP_60MIN,TRUE,365,362,328,331,332,0.898630136986301,0.906849315068493,0.90958904109589,0,5,120
CEMADEN,261180401A,Bandeirante,RIBEIRÃO,CEMADEN,PLUVIOMETRICA_AUTOMATICA,2018,CEMADEN_MAX_GAP_60MIN,TRUE,365,365,316,326,334,0.865753424657534,0.893150684931507,0.915068493150685,0,3,120
CEMADEN,261180401A,Bandeirante,RIBEIRÃO,CEMADEN,PLUVIOMETRICA_AUTOMATICA,2019,CEMADEN_MAX_GAP_60MIN,TRUE,365,356,226,238,259,0.619178082191781,0.652054794520548,0.70958904109589,0,16,717.5
CEMADEN,261180401A,Bandeirante,RIBEIRÃO,CEMADEN,PLUVIOMETRICA_AUTOMATICA,2020,CEMADEN_MAX_GAP_60MIN,TRUE,366,366,158,186,218,0.431693989071038,0.508196721311475,0.595628415300546,0,28,377.5
CEMADEN,261180401A,Bandeirante,RIBEIRÃO,CEMADEN,PLUVIOMETRICA_AUTOMATICA,2021,CEMADEN_MAX_GAP_60MIN,TRUE,365,361,288,307,315,0.789041095890411,0.841095890410959,0.863013698630137,0,8,120
CEMADEN,261180401A,Bandeirante,RIBEIRÃO,CEMADEN,PLUVIOMETRICA_AUTOMATICA,2022,CEMADEN_MAX_GAP_60MIN,TRUE,365,353,294,302,308,0.805479452054795,0.827397260273973,0.843835616438356,0,33,1078
CEMADEN,261180401A,Bandeirante,RIBEIRÃO,CEMADEN,PLUVIOMETRICA_AUTOMATICA,2023,CEMADEN_MAX_GAP_60MIN,TRUE,365,295,262,264,270,0.717808219178082,0.723287671232877,0.73972602739726,0,71,120
CEMADEN,261180401A,Bandeirante,RIBEIRÃO,CEMADEN,PLUVIOMETRICA_AUTOMATICA,2024,CEMADEN_MAX_GAP_60MIN,TRUE,366,366,321,329,335,0.877049180327869,0.898907103825137,0.915300546448087,0,19,427.5
CEMADEN,261180401A,Bandeirante,RIBEIRÃO,CEMADEN,PLUVIOMETRICA_AUTOMATICA,2025,CEMADEN_MAX_GAP_60MIN,TRUE,365,365,320,336,343,0.876712328767123,0.920547945205479,0.93972602739726,0,6,118.5
CEMADEN,261180402A,ARIPIBU - APAC,RIBEIRÃO,CEMADEN,PLUVIOMETRICA_AUTOMATICA,2017,CEMADEN_MAX_GAP_60MIN,TRUE,365,47,0,0,0,0,0,0,0,365,905
CEMADEN,261180402A,ARIPIBU - APAC,RIBEIRÃO,CEMADEN,PLUVIOMETRICA_AUTOMATICA,2018,CEMADEN_MAX_GAP_60MIN,TRUE,365,365,214,238,246,0.586301369863014,0.652054794520548,0.673972602739726,0,42,318
CEMADEN,261180402A,ARIPIBU - APAC,RIBEIRÃO,CEMADEN,PLUVIOMETRICA_AUTOMATICA,2019,CEMADEN_MAX_GAP_60MIN,TRUE,365,354,210,257,290,0.575342465753425,0.704109589041096,0.794520547945206,0,23,713.5
CEMADEN,261180402A,ARIPIBU - APAC,RIBEIRÃO,CEMADEN,PLUVIOMETRICA_AUTOMATICA,2020,CEMADEN_MAX_GAP_60MIN,TRUE,366,329,124,165,182,0.33879781420765,0.450819672131148,0.497267759562842,0,120,530
CEMADEN,261180402A,ARIPIBU - APAC,RIBEIRÃO,CEMADEN,PLUVIOMETRICA_AUTOMATICA,2021,CEMADEN_MAX_GAP_60MIN,TRUE,365,153,0,0,11,0,0,0.0301369863013699,0,365,396.000000000001
CEMADEN,261180402A,ARIPIBU - APAC,RIBEIRÃO,CEMADEN,PLUVIOMETRICA_AUTOMATICA,2023,CEMADEN_MAX_GAP_60MIN,TRUE,365,347,310,317,317,0.849315068493151,0.868493150684932,0.868493150684932,0,19,120
CEMADEN,261180402A,ARIPIBU - APAC,RIBEIRÃO,CEMADEN,PLUVIOMETRICA_AUTOMATICA,2024,CEMADEN_MAX_GAP_60MIN,TRUE,366,364,336,348,349,0.918032786885246,0.950819672131147,0.953551912568306,0,4,70
CEMADEN,261180402A,ARIPIBU - APAC,RIBEIRÃO,CEMADEN,PLUVIOMETRICA_AUTOMATICA,2025,CEMADEN_MAX_GAP_60MIN,TRUE,365,193,146,154,158,0.4,0.421917808219178,0.432876712328767,0,133,16420.9999999999
CEMADEN,261190301A,Centro,RIO FORMOSO,CEMADEN,PLUVIOMETRICA_AUTOMATICA,2017,CEMADEN_MAX_GAP_60MIN,TRUE,365,363,330,333,336,0.904109589041096,0.912328767123288,0.920547945205479,0,5,120
CEMADEN,261190301A,Centro,RIO FORMOSO,CEMADEN,PLUVIOMETRICA_AUTOMATICA,2018,CEMADEN_MAX_GAP_60MIN,TRUE,365,363,326,334,337,0.893150684931507,0.915068493150685,0.923287671232877,0,4,139
CEMADEN,261190301A,Centro,RIO FORMOSO,CEMADEN,PLUVIOMETRICA_AUTOMATICA,2019,CEMADEN_MAX_GAP_60MIN,TRUE,365,355,312,316,322,0.854794520547945,0.865753424657534,0.882191780821918,0,12,640
CEMADEN,261190301A,Centro,RIO FORMOSO,CEMADEN,PLUVIOMETRICA_AUTOMATICA,2020,CEMADEN_MAX_GAP_60MIN,TRUE,366,366,319,331,335,0.871584699453552,0.904371584699454,0.915300546448087,0,21,267.5
CEMADEN,261190301A,Centro,RIO FORMOSO,CEMADEN,PLUVIOMETRICA_AUTOMATICA,2021,CEMADEN_MAX_GAP_60MIN,TRUE,365,365,289,303,312,0.791780821917808,0.83013698630137,0.854794520547945,0,8,338
CEMADEN,261190301A,Centro,RIO FORMOSO,CEMADEN,PLUVIOMETRICA_AUTOMATICA,2022,CEMADEN_MAX_GAP_60MIN,TRUE,365,234,181,199,205,0.495890410958904,0.545205479452055,0.561643835616438,0,132,181.999999999999
CEMADEN,261190302A,Cocaú,RIO FORMOSO,CEMADEN,PLUVIOMETRICA_AUTOMATICA,2017,CEMADEN_MAX_GAP_60MIN,TRUE,365,200,147,149,154,0.402739726027397,0.408219178082192,0.421917808219178,0,123,5700
CEMADEN,261190302A,Cocaú,RIO FORMOSO,CEMADEN,PLUVIOMETRICA_AUTOMATICA,2018,CEMADEN_MAX_GAP_60MIN,TRUE,365,365,306,313,322,0.838356164383562,0.857534246575342,0.882191780821918,0,4,244
CEMADEN,261190302A,Cocaú,RIO FORMOSO,CEMADEN,PLUVIOMETRICA_AUTOMATICA,2019,CEMADEN_MAX_GAP_60MIN,TRUE,365,354,267,275,287,0.731506849315069,0.753424657534247,0.786301369863014,0,16,580
CEMADEN,261190302A,Cocaú,RIO FORMOSO,CEMADEN,PLUVIOMETRICA_AUTOMATICA,2020,CEMADEN_MAX_GAP_60MIN,TRUE,366,115,41,48,59,0.112021857923497,0.131147540983607,0.16120218579235,0,289,1440
CEMADEN,261190302A,Cocaú,RIO FORMOSO,CEMADEN,PLUVIOMETRICA_AUTOMATICA,2021,CEMADEN_MAX_GAP_60MIN,TRUE,365,363,271,284,301,0.742465753424658,0.778082191780822,0.824657534246575,0,10,179
CEMADEN,261190302A,Cocaú,RIO FORMOSO,CEMADEN,PLUVIOMETRICA_AUTOMATICA,2022,CEMADEN_MAX_GAP_60MIN,TRUE,365,365,294,306,312,0.805479452054795,0.838356164383562,0.854794520547945,0,5,450
CEMADEN,261190302A,Cocaú,RIO FORMOSO,CEMADEN,PLUVIOMETRICA_AUTOMATICA,2023,CEMADEN_MAX_GAP_60MIN,TRUE,365,365,298,304,310,0.816438356164383,0.832876712328767,0.849315068493151,0,5,216
CEMADEN,261190302A,Cocaú,RIO FORMOSO,CEMADEN,PLUVIOMETRICA_AUTOMATICA,2024,CEMADEN_MAX_GAP_60MIN,TRUE,366,208,175,181,187,0.478142076502732,0.494535519125683,0.510928961748634,0,159,254
CEMADEN,261190303A,RIO FORMOSO - APAC,RIO FORMOSO,CEMADEN,PLUVIOMETRICA_AUTOMATICA,2017,CEMADEN_MAX_GAP_60MIN,TRUE,365,38,0,0,0,0,0,0,0,365,2682
CEMADEN,261190303A,RIO FORMOSO - APAC,RIO FORMOSO,CEMADEN,PLUVIOMETRICA_AUTOMATICA,2018,CEMADEN_MAX_GAP_60MIN,TRUE,365,359,226,242,254,0.619178082191781,0.663013698630137,0.695890410958904,0,56,1113
CEMADEN,261190303A,RIO FORMOSO - APAC,RIO FORMOSO,CEMADEN,PLUVIOMETRICA_AUTOMATICA,2019,CEMADEN_MAX_GAP_60MIN,TRUE,365,355,288,309,316,0.789041095890411,0.846575342465753,0.865753424657534,0,12,386
CEMADEN,261190303A,RIO FORMOSO - APAC,RIO FORMOSO,CEMADEN,PLUVIOMETRICA_AUTOMATICA,2020,CEMADEN_MAX_GAP_60MIN,TRUE,366,201,179,182,184,0.489071038251366,0.497267759562842,0.502732240437159,0,166,120
CEMADEN,261190303A,RIO FORMOSO - APAC,RIO FORMOSO,CEMADEN,PLUVIOMETRICA_AUTOMATICA,2021,CEMADEN_MAX_GAP_60MIN,TRUE,365,162,80,87,89,0.219178082191781,0.238356164383562,0.243835616438356,0,204,1120
CEMADEN,261190303A,RIO FORMOSO - APAC,RIO FORMOSO,CEMADEN,PLUVIOMETRICA_AUTOMATICA,2022,CEMADEN_MAX_GAP_60MIN,TRUE,365,156,114,120,122,0.312328767123288,0.328767123287671,0.334246575342466,0,234,1080
CEMADEN,261190303A,RIO FORMOSO - APAC,RIO FORMOSO,CEMADEN,PLUVIOMETRICA_AUTOMATICA,2023,CEMADEN_MAX_GAP_60MIN,TRUE,365,365,308,313,319,0.843835616438356,0.857534246575342,0.873972602739726,0,20,120
CEMADEN,261190303A,RIO FORMOSO - APAC,RIO FORMOSO,CEMADEN,PLUVIOMETRICA_AUTOMATICA,2024,CEMADEN_MAX_GAP_60MIN,TRUE,366,364,332,341,346,0.907103825136612,0.931693989071038,0.945355191256831,0,9,80
CEMADEN,261190303A,RIO FORMOSO - APAC,RIO FORMOSO,CEMADEN,PLUVIOMETRICA_AUTOMATICA,2025,CEMADEN_MAX_GAP_60MIN,TRUE,365,337,231,244,253,0.632876712328767,0.668493150684932,0.693150684931507,0,30,2460
CEMADEN,261200001A,Prefeitura,SAIRÉ,CEMADEN,PLUVIOMETRICA_AUTOMATICA,2017,CEMADEN_MAX_GAP_60MIN,TRUE,365,365,330,335,340,0.904109589041096,0.917808219178082,0.931506849315068,0,5,110
CEMADEN,261200001A,Prefeitura,SAIRÉ,CEMADEN,PLUVIOMETRICA_AUTOMATICA,2018,CEMADEN_MAX_GAP_60MIN,TRUE,365,350,289,303,309,0.791780821917808,0.83013698630137,0.846575342465753,0,10,305.5
CEMADEN,261200001A,Prefeitura,SAIRÉ,CEMADEN,PLUVIOMETRICA_AUTOMATICA,2019,CEMADEN_MAX_GAP_60MIN,TRUE,365,264,182,188,191,0.498630136986301,0.515068493150685,0.523287671232877,0,81,6332
CEMADEN,261200001A,Prefeitura,SAIRÉ,CEMADEN,PLUVIOMETRICA_AUTOMATICA,2020,CEMADEN_MAX_GAP_60MIN,TRUE,366,309,220,228,230,0.601092896174863,0.622950819672131,0.628415300546448,0,32,4020
CEMADEN,261200001A,Prefeitura,SAIRÉ,CEMADEN,PLUVIOMETRICA_AUTOMATICA,2021,CEMADEN_MAX_GAP_60MIN,TRUE,365,297,163,173,175,0.446575342465753,0.473972602739726,0.479452054794521,0,71,5988
CEMADEN,261200001A,Prefeitura,SAIRÉ,CEMADEN,PLUVIOMETRICA_AUTOMATICA,2022,CEMADEN_MAX_GAP_60MIN,TRUE,365,109,70,77,83,0.191780821917808,0.210958904109589,0.227397260273973,0,247,2574
CEMADEN,261200001A,Prefeitura,SAIRÉ,CEMADEN,PLUVIOMETRICA_AUTOMATICA,2024,CEMADEN_MAX_GAP_60MIN,TRUE,366,254,229,229,232,0.62568306010929,0.62568306010929,0.633879781420765,0,108,533.999999999999
CEMADEN,261200001A,Prefeitura,SAIRÉ,CEMADEN,PLUVIOMETRICA_AUTOMATICA,2025,CEMADEN_MAX_GAP_60MIN,TRUE,365,288,214,214,216,0.586301369863014,0.586301369863014,0.591780821917808,0,45,5118.99999999999
CEMADEN,261200001C,SAIRE,SAIRÉ,CEMADEN,PLUVIOMETRICA_AUTOMATICA,2017,CEMADEN_MAX_GAP_60MIN,TRUE,365,30,10,10,10,0.0273972602739726,0.0273972602739726,0.0273972602739726,0,265,190494
CEMADEN,261200001C,SAIRE,SAIRÉ,CEMADEN,PLUVIOMETRICA_AUTOMATICA,2018,CEMADEN_MAX_GAP_60MIN,TRUE,365,8,6,6,6,0.0164383561643836,0.0164383561643836,0.0164383561643836,0,307,131226
CEMADEN,261210901A,Salgadinho [Meu Refúgio] - APAC,SALGADINHO,CEMADEN,PLUVIOMETRICA_AUTOMATICA,2023,CEMADEN_MAX_GAP_60MIN,TRUE,365,159,141,143,144,0.386301369863014,0.391780821917808,0.394520547945205,0,207,120
CEMADEN,261210901A,Salgadinho [Meu Refúgio] - APAC,SALGADINHO,CEMADEN,PLUVIOMETRICA_AUTOMATICA,2024,CEMADEN_MAX_GAP_60MIN,TRUE,366,354,321,334,340,0.877049180327869,0.912568306010929,0.92896174863388,0,9,80
CEMADEN,261210901A,Salgadinho [Meu Refúgio] - APAC,SALGADINHO,CEMADEN,PLUVIOMETRICA_AUTOMATICA,2025,CEMADEN_MAX_GAP_60MIN,TRUE,365,319,254,268,272,0.695890410958904,0.734246575342466,0.745205479452055,0,50,3290
CEMADEN,261210901C,SALGADINHO,SALGADINHO,CEMADEN,PLUVIOMETRICA_AUTOMATICA,2017,CEMADEN_MAX_GAP_60MIN,TRUE,365,187,128,128,128,0.350684931506849,0.350684931506849,0.350684931506849,0,77,10270
CEMADEN,261210901C,SALGADINHO,SALGADINHO,CEMADEN,PLUVIOMETRICA_AUTOMATICA,2018,CEMADEN_MAX_GAP_60MIN,TRUE,365,327,256,256,256,0.701369863013699,0.701369863013699,0.701369863013699,0,61,780
CEMADEN,261210901C,SALGADINHO,SALGADINHO,CEMADEN,PLUVIOMETRICA_AUTOMATICA,2019,CEMADEN_MAX_GAP_60MIN,TRUE,365,328,107,108,108,0.293150684931507,0.295890410958904,0.295890410958904,0,93,1020
CEMADEN,261210901C,SALGADINHO,SALGADINHO,CEMADEN,PLUVIOMETRICA_AUTOMATICA,2020,CEMADEN_MAX_GAP_60MIN,TRUE,366,365,165,165,166,0.450819672131148,0.450819672131148,0.453551912568306,0,124,780
CEMADEN,261210901C,SALGADINHO,SALGADINHO,CEMADEN,PLUVIOMETRICA_AUTOMATICA,2021,CEMADEN_MAX_GAP_60MIN,TRUE,365,38,0,0,0,0,0,0,0,365,900
CEMADEN,261210901C,SALGADINHO,SALGADINHO,CEMADEN,PLUVIOMETRICA_AUTOMATICA,2022,CEMADEN_MAX_GAP_60MIN,TRUE,365,40,34,34,34,0.0931506849315068,0.0931506849315068,0.0931506849315068,0,313,7826.99999999999
CEMADEN,261210901C,SALGADINHO,SALGADINHO,CEMADEN,PLUVIOMETRICA_AUTOMATICA,2023,CEMADEN_MAX_GAP_60MIN,TRUE,365,254,130,130,130,0.356164383561644,0.356164383561644,0.356164383561644,0,115,5870
CEMADEN,261210901C,SALGADINHO,SALGADINHO,CEMADEN,PLUVIOMETRICA_AUTOMATICA,2024,CEMADEN_MAX_GAP_60MIN,TRUE,366,344,327,327,327,0.89344262295082,0.89344262295082,0.89344262295082,0,7,60
CEMADEN,261210901C,SALGADINHO,SALGADINHO,CEMADEN,PLUVIOMETRICA_AUTOMATICA,2025,CEMADEN_MAX_GAP_60MIN,TRUE,365,140,127,127,127,0.347945205479452,0.347945205479452,0.347945205479452,0,215,3378
CEMADEN,261220801A,Salgueiro [IPA] - APAC,SALGUEIRO,CEMADEN,PLUVIOMETRICA_AUTOMATICA,2023,CEMADEN_MAX_GAP_60MIN,TRUE,365,116,78,79,80,0.213698630136986,0.216438356164384,0.219178082191781,0,206,2306.99999999999
CEMADEN,261220801A,Salgueiro [IPA] - APAC,SALGUEIRO,CEMADEN,PLUVIOMETRICA_AUTOMATICA,2024,CEMADEN_MAX_GAP_60MIN,TRUE,366,115,96,96,96,0.262295081967213,0.262295081967213,0.262295081967213,0,190,2805.99999999998
CEMADEN,261220801A,Salgueiro [IPA] - APAC,SALGUEIRO,CEMADEN,PLUVIOMETRICA_AUTOMATICA,2025,CEMADEN_MAX_GAP_60MIN,TRUE,365,85,72,74,75,0.197260273972603,0.202739726027397,0.205479452054795,0,104,19781.4999999999
CEMADEN,261220801C,SALGUEIRO,SALGUEIRO,CEMADEN,PLUVIOMETRICA_AUTOMATICA,2017,CEMADEN_MAX_GAP_60MIN,TRUE,365,67,8,8,8,0.0219178082191781,0.0219178082191781,0.0219178082191781,0,158,50600
CEMADEN,261220801C,SALGUEIRO,SALGUEIRO,CEMADEN,PLUVIOMETRICA_AUTOMATICA,2018,CEMADEN_MAX_GAP_60MIN,TRUE,365,281,202,202,203,0.553424657534247,0.553424657534247,0.556164383561644,0,59,3960
CEMADEN,261220801C,SALGUEIRO,SALGUEIRO,CEMADEN,PLUVIOMETRICA_AUTOMATICA,2019,CEMADEN_MAX_GAP_60MIN,TRUE,365,5,0,0,0,0,0,0,0,365,38410
CEMADEN,261230701A,SALOA - APAC,SALOÁ,CEMADEN,PLUVIOMETRICA_AUTOMATICA,2017,CEMADEN_MAX_GAP_60MIN,TRUE,365,20,0,0,0,0,0,0,0,365,569.999999999993
CEMADEN,261230701A,SALOA - APAC,SALOÁ,CEMADEN,PLUVIOMETRICA_AUTOMATICA,2018,CEMADEN_MAX_GAP_60MIN,TRUE,365,365,157,213,258,0.43013698630137,0.583561643835617,0.706849315068493,0,28,188
CEMADEN,261230701A,SALOA - APAC,SALOÁ,CEMADEN,PLUVIOMETRICA_AUTOMATICA,2019,CEMADEN_MAX_GAP_60MIN,TRUE,365,332,105,133,170,0.287671232876712,0.364383561643836,0.465753424657534,0,91,3400
CEMADEN,261230701A,SALOA - APAC,SALOÁ,CEMADEN,PLUVIOMETRICA_AUTOMATICA,2020,CEMADEN_MAX_GAP_60MIN,TRUE,366,137,10,18,31,0.0273224043715847,0.0491803278688525,0.0846994535519126,0,156,881.999999999999
CEMADEN,261230701A,SALOA - APAC,SALOÁ,CEMADEN,PLUVIOMETRICA_AUTOMATICA,2021,CEMADEN_MAX_GAP_60MIN,TRUE,365,138,121,124,126,0.331506849315069,0.33972602739726,0.345205479452055,0,223,181.5
CEMADEN,261230701A,SALOA - APAC,SALOÁ,CEMADEN,PLUVIOMETRICA_AUTOMATICA,2022,CEMADEN_MAX_GAP_60MIN,TRUE,365,365,337,342,344,0.923287671232877,0.936986301369863,0.942465753424658,0,5,120
CEMADEN,261230701A,SALOA - APAC,SALOÁ,CEMADEN,PLUVIOMETRICA_AUTOMATICA,2023,CEMADEN_MAX_GAP_60MIN,TRUE,365,365,323,327,330,0.884931506849315,0.895890410958904,0.904109589041096,0,7,120
CEMADEN,261230701A,SALOA - APAC,SALOÁ,CEMADEN,PLUVIOMETRICA_AUTOMATICA,2024,CEMADEN_MAX_GAP_60MIN,TRUE,366,366,349,355,359,0.953551912568306,0.969945355191257,0.980874316939891,0,2,60
CEMADEN,261230701A,SALOA - APAC,SALOÁ,CEMADEN,PLUVIOMETRICA_AUTOMATICA,2025,CEMADEN_MAX_GAP_60MIN,TRUE,365,294,142,144,150,0.389041095890411,0.394520547945205,0.410958904109589,0,131,4210
CEMADEN,261240601A,Centro | COMPESA,SANHARÓ,CEMADEN,PLUVIOMETRICA_AUTOMATICA,2017,CEMADEN_MAX_GAP_60MIN,TRUE,365,365,336,348,348,0.920547945205479,0.953424657534246,0.953424657534246,0,3,70
CEMADEN,261240601A,Centro | COMPESA,SANHARÓ,CEMADEN,PLUVIOMETRICA_AUTOMATICA,2018,CEMADEN_MAX_GAP_60MIN,TRUE,365,365,344,348,351,0.942465753424658,0.953424657534246,0.961643835616438,0,2,70
CEMADEN,261240601A,Centro | COMPESA,SANHARÓ,CEMADEN,PLUVIOMETRICA_AUTOMATICA,2019,CEMADEN_MAX_GAP_60MIN,TRUE,365,361,305,315,319,0.835616438356164,0.863013698630137,0.873972602739726,0,15,610
CEMADEN,261240601A,Centro | COMPESA,SANHARÓ,CEMADEN,PLUVIOMETRICA_AUTOMATICA,2020,CEMADEN_MAX_GAP_60MIN,TRUE,366,366,265,289,313,0.724043715846995,0.789617486338798,0.855191256830601,0,6,430
CEMADEN,261240601A,Centro | COMPESA,SANHARÓ,CEMADEN,PLUVIOMETRICA_AUTOMATICA,2021,CEMADEN_MAX_GAP_60MIN,TRUE,365,365,317,322,323,0.868493150684932,0.882191780821918,0.884931506849315,0,8,120
CEMADEN,261240601A,Centro | COMPESA,SANHARÓ,CEMADEN,PLUVIOMETRICA_AUTOMATICA,2022,CEMADEN_MAX_GAP_60MIN,TRUE,365,365,302,312,316,0.827397260273973,0.854794520547945,0.865753424657534,0,5,120
CEMADEN,261240601A,Centro | COMPESA,SANHARÓ,CEMADEN,PLUVIOMETRICA_AUTOMATICA,2023,CEMADEN_MAX_GAP_60MIN,TRUE,365,365,345,351,352,0.945205479452055,0.961643835616438,0.964383561643836,0,2,70
CEMADEN,261240601A,Centro | COMPESA,SANHARÓ,CEMADEN,PLUVIOMETRICA_AUTOMATICA,2024,CEMADEN_MAX_GAP_60MIN,TRUE,366,366,344,351,353,0.939890710382514,0.959016393442623,0.96448087431694,0,2,70
CEMADEN,261240601A,Centro | COMPESA,SANHARÓ,CEMADEN,PLUVIOMETRICA_AUTOMATICA,2025,CEMADEN_MAX_GAP_60MIN,TRUE,365,323,272,280,284,0.745205479452055,0.767123287671233,0.778082191780822,0,71,410
CEMADEN,261240601C,SANHARÓ,SANHARÓ,CEMADEN,PLUVIOMETRICA_AUTOMATICA,2017,CEMADEN_MAX_GAP_60MIN,TRUE,365,204,161,161,161,0.441095890410959,0.441095890410959,0.441095890410959,0,93,13249
CEMADEN,261240601C,SANHARÓ,SANHARÓ,CEMADEN,PLUVIOMETRICA_AUTOMATICA,2018,CEMADEN_MAX_GAP_60MIN,TRUE,365,359,338,338,338,0.926027397260274,0.926027397260274,0.926027397260274,0,7,241
CEMADEN,261240601C,SANHARÓ,SANHARÓ,CEMADEN,PLUVIOMETRICA_AUTOMATICA,2019,CEMADEN_MAX_GAP_60MIN,TRUE,365,327,276,276,276,0.756164383561644,0.756164383561644,0.756164383561644,0,41,2340
CEMADEN,261240601C,SANHARÓ,SANHARÓ,CEMADEN,PLUVIOMETRICA_AUTOMATICA,2020,CEMADEN_MAX_GAP_60MIN,TRUE,366,153,118,118,118,0.3224043715847,0.3224043715847,0.3224043715847,0,212,804
CEMADEN,261240601C,SANHARÓ,SANHARÓ,CEMADEN,PLUVIOMETRICA_AUTOMATICA,2023,CEMADEN_MAX_GAP_60MIN,TRUE,365,56,54,54,54,0.147945205479452,0.147945205479452,0.147945205479452,0,240,60
CEMADEN,261240601C,SANHARÓ,SANHARÓ,CEMADEN,PLUVIOMETRICA_AUTOMATICA,2024,CEMADEN_MAX_GAP_60MIN,TRUE,366,48,46,46,46,0.12568306010929,0.12568306010929,0.12568306010929,0,191,60
CEMADEN,261240602A,SANHARO - APAC,SANHARÓ,CEMADEN,PLUVIOMETRICA_AUTOMATICA,2017,CEMADEN_MAX_GAP_60MIN,TRUE,365,33,1,1,2,0.00273972602739726,0.00273972602739726,0.00547945205479452,0,352,463.5
CEMADEN,261240602A,SANHARO - APAC,SANHARÓ,CEMADEN,PLUVIOMETRICA_AUTOMATICA,2018,CEMADEN_MAX_GAP_60MIN,TRUE,365,365,310,316,320,0.849315068493151,0.865753424657534,0.876712328767123,0,14,120
CEMADEN,261240602A,SANHARO - APAC,SANHARÓ,CEMADEN,PLUVIOMETRICA_AUTOMATICA,2019,CEMADEN_MAX_GAP_60MIN,TRUE,365,313,242,252,262,0.663013698630137,0.69041095890411,0.717808219178082,0,43,1255
CEMADEN,261245501C,SANTA CRUZ,SANTA CRUZ,CEMADEN,PLUVIOMETRICA_AUTOMATICA,2018,CEMADEN_MAX_GAP_60MIN,TRUE,365,4,2,2,2,0.00547945205479452,0.00547945205479452,0.00547945205479452,0,257,517434
CEMADEN,261245501C,SANTA CRUZ,SANTA CRUZ,CEMADEN,PLUVIOMETRICA_AUTOMATICA,2019,CEMADEN_MAX_GAP_60MIN,TRUE,365,16,14,14,14,0.0383561643835616,0.0383561643835616,0.0383561643835616,0,208,829157.5
CEMADEN,261245501C,SANTA CRUZ,SANTA CRUZ,CEMADEN,PLUVIOMETRICA_AUTOMATICA,2022,CEMADEN_MAX_GAP_60MIN,TRUE,365,41,38,38,38,0.104109589041096,0.104109589041096,0.104109589041096,0,168,63.4999999999998
CEMADEN,261247101A,JATIUCA - APAC,SANTA CRUZ DA BAIXA VERDE,CEMADEN,PLUVIOMETRICA_AUTOMATICA,2018,CEMADEN_MAX_GAP_60MIN,TRUE,365,348,267,285,293,0.731506849315069,0.780821917808219,0.802739726027397,0,30,130
CEMADEN,261247101A,JATIUCA - APAC,SANTA CRUZ DA BAIXA VERDE,CEMADEN,PLUVIOMETRICA_AUTOMATICA,2019,CEMADEN_MAX_GAP_60MIN,TRUE,365,338,274,292,304,0.750684931506849,0.8,0.832876712328767,0,13,1810
CEMADEN,261247101A,JATIUCA - APAC,SANTA CRUZ DA BAIXA VERDE,CEMADEN,PLUVIOMETRICA_AUTOMATICA,2020,CEMADEN_MAX_GAP_60MIN,TRUE,366,60,0,0,0,0,0,0,0,366,23630.9999999989
CEMADEN,261247101A,JATIUCA - APAC,SANTA CRUZ DA BAIXA VERDE,CEMADEN,PLUVIOMETRICA_AUTOMATICA,2021,CEMADEN_MAX_GAP_60MIN,TRUE,365,80,57,69,72,0.156164383561644,0.189041095890411,0.197260273972603,0,287,124.5
CEMADEN,261247101A,JATIUCA - APAC,SANTA CRUZ DA BAIXA VERDE,CEMADEN,PLUVIOMETRICA_AUTOMATICA,2022,CEMADEN_MAX_GAP_60MIN,TRUE,365,79,38,50,56,0.104109589041096,0.136986301369863,0.153424657534247,0,255,11390
CEMADEN,261247101A,JATIUCA - APAC,SANTA CRUZ DA BAIXA VERDE,CEMADEN,PLUVIOMETRICA_AUTOMATICA,2023,CEMADEN_MAX_GAP_60MIN,TRUE,365,319,269,273,275,0.736986301369863,0.747945205479452,0.753424657534247,0,46,250
CEMADEN,261247101A,JATIUCA - APAC,SANTA CRUZ DA BAIXA VERDE,CEMADEN,PLUVIOMETRICA_AUTOMATICA,2024,CEMADEN_MAX_GAP_60MIN,TRUE,366,366,314,323,330,0.85792349726776,0.882513661202186,0.901639344262295,0,9,140
CEMADEN,261247101A,JATIUCA - APAC,SANTA CRUZ DA BAIXA VERDE,CEMADEN,PLUVIOMETRICA_AUTOMATICA,2025,CEMADEN_MAX_GAP_60MIN,TRUE,365,342,293,297,302,0.802739726027397,0.813698630136986,0.827397260273973,0,26,200
CEMADEN,261250501A,SANTA CRUZ DO CAPIBARIBE - APAC,SANTA CRUZ DO CAPIBARIBE,CEMADEN,PLUVIOMETRICA_AUTOMATICA,2017,CEMADEN_MAX_GAP_60MIN,TRUE,365,26,5,6,6,0.0136986301369863,0.0164383561643836,0.0164383561643836,0,342,160
CEMADEN,261250501A,SANTA CRUZ DO CAPIBARIBE - APAC,SANTA CRUZ DO CAPIBARIBE,CEMADEN,PLUVIOMETRICA_AUTOMATICA,2018,CEMADEN_MAX_GAP_60MIN,TRUE,365,365,297,308,313,0.813698630136986,0.843835616438356,0.857534246575342,0,14,130
CEMADEN,261250501A,SANTA CRUZ DO CAPIBARIBE - APAC,SANTA CRUZ DO CAPIBARIBE,CEMADEN,PLUVIOMETRICA_AUTOMATICA,2019,CEMADEN_MAX_GAP_60MIN,TRUE,365,343,291,300,302,0.797260273972603,0.821917808219178,0.827397260273973,0,13,714.999999999999
CEMADEN,261250501A,SANTA CRUZ DO CAPIBARIBE - APAC,SANTA CRUZ DO CAPIBARIBE,CEMADEN,PLUVIOMETRICA_AUTOMATICA,2020,CEMADEN_MAX_GAP_60MIN,TRUE,366,366,281,290,303,0.76775956284153,0.792349726775956,0.827868852459016,0,16,177.5
CEMADEN,261250501A,SANTA CRUZ DO CAPIBARIBE - APAC,SANTA CRUZ DO CAPIBARIBE,CEMADEN,PLUVIOMETRICA_AUTOMATICA,2021,CEMADEN_MAX_GAP_60MIN,TRUE,365,353,63,90,119,0.172602739726027,0.246575342465753,0.326027397260274,0,210,1534
CEMADEN,261250501A,SANTA CRUZ DO CAPIBARIBE - APAC,SANTA CRUZ DO CAPIBARIBE,CEMADEN,PLUVIOMETRICA_AUTOMATICA,2022,CEMADEN_MAX_GAP_60MIN,TRUE,365,365,304,316,321,0.832876712328767,0.865753424657534,0.879452054794521,0,6,140
CEMADEN,261250501A,SANTA CRUZ DO CAPIBARIBE - APAC,SANTA CRUZ DO CAPIBARIBE,CEMADEN,PLUVIOMETRICA_AUTOMATICA,2023,CEMADEN_MAX_GAP_60MIN,TRUE,365,343,282,290,299,0.772602739726028,0.794520547945206,0.819178082191781,0,47,1352.99999999999
CEMADEN,261250501A,SANTA CRUZ DO CAPIBARIBE - APAC,SANTA CRUZ DO CAPIBARIBE,CEMADEN,PLUVIOMETRICA_AUTOMATICA,2024,CEMADEN_MAX_GAP_60MIN,TRUE,366,321,191,204,212,0.521857923497268,0.557377049180328,0.579234972677596,0,93,2510
CEMADEN,261250501A,SANTA CRUZ DO CAPIBARIBE - APAC,SANTA CRUZ DO CAPIBARIBE,CEMADEN,PLUVIOMETRICA_AUTOMATICA,2025,CEMADEN_MAX_GAP_60MIN,TRUE,365,281,214,223,226,0.586301369863014,0.610958904109589,0.619178082191781,0,73,4090
CEMADEN,261250501U,SANTA CRUZ DO CAPIBARIBE,SANTA CRUZ DO CAPIBARIBE,CEMADEN,PLUVIOMETRICA_AUTOMATICA,2017,CEMADEN_MAX_GAP_60MIN,TRUE,365,14,6,6,6,0.0164383561643836,0.0164383561643836,0.0164383561643836,0,184,100488
CEMADEN,261250501U,SANTA CRUZ DO CAPIBARIBE,SANTA CRUZ DO CAPIBARIBE,CEMADEN,PLUVIOMETRICA_AUTOMATICA,2018,CEMADEN_MAX_GAP_60MIN,TRUE,365,267,249,250,250,0.682191780821918,0.684931506849315,0.684931506849315,0,34,2033.99999999998
CEMADEN,261250501U,SANTA CRUZ DO CAPIBARIBE,SANTA CRUZ DO CAPIBARIBE,CEMADEN,PLUVIOMETRICA_AUTOMATICA,2019,CEMADEN_MAX_GAP_60MIN,TRUE,365,154,146,146,146,0.4,0.4,0.4,0,206,479.999999999993
CEMADEN,261250501U,SANTA CRUZ DO CAPIBARIBE,SANTA CRUZ DO CAPIBARIBE,CEMADEN,PLUVIOMETRICA_AUTOMATICA,2021,CEMADEN_MAX_GAP_60MIN,TRUE,365,2,0,0,0,0,0,0,0,365,1152657
CEMADEN,261250501U,SANTA CRUZ DO CAPIBARIBE,SANTA CRUZ DO CAPIBARIBE,CEMADEN,PLUVIOMETRICA_AUTOMATICA,2022,CEMADEN_MAX_GAP_60MIN,TRUE,365,31,29,29,29,0.0794520547945206,0.0794520547945206,0.0794520547945206,0,312,50400
CEMADEN,261250501U,SANTA CRUZ DO CAPIBARIBE,SANTA CRUZ DO CAPIBARIBE,CEMADEN,PLUVIOMETRICA_AUTOMATICA,2023,CEMADEN_MAX_GAP_60MIN,TRUE,365,319,313,313,314,0.857534246575342,0.857534246575342,0.86027397260274,0,47,60
CEMADEN,261250501U,SANTA CRUZ DO CAPIBARIBE,SANTA CRUZ DO CAPIBARIBE,CEMADEN,PLUVIOMETRICA_AUTOMATICA,2024,CEMADEN_MAX_GAP_60MIN,TRUE,366,366,365,365,365,0.997267759562842,0.997267759562842,0.997267759562842,0,1,60
CEMADEN,261250501U,SANTA CRUZ DO CAPIBARIBE,SANTA CRUZ DO CAPIBARIBE,CEMADEN,PLUVIOMETRICA_AUTOMATICA,2025,CEMADEN_MAX_GAP_60MIN,TRUE,365,306,299,299,299,0.819178082191781,0.819178082191781,0.819178082191781,0,61,60
CEMADEN,261255401A,Santa Filomena [EREN] - APAC,SANTA FILOMENA,CEMADEN,PLUVIOMETRICA_AUTOMATICA,2023,CEMADEN_MAX_GAP_60MIN,TRUE,365,1,0,0,0,0,0,0,0,365,
CEMADEN,261255401A,Santa Filomena [EREN] - APAC,SANTA FILOMENA,CEMADEN,PLUVIOMETRICA_AUTOMATICA,2024,CEMADEN_MAX_GAP_60MIN,TRUE,366,166,148,149,149,0.404371584699454,0.407103825136612,0.407103825136612,0,184,615
CEMADEN,261255401A,Santa Filomena [EREN] - APAC,SANTA FILOMENA,CEMADEN,PLUVIOMETRICA_AUTOMATICA,2025,CEMADEN_MAX_GAP_60MIN,TRUE,365,365,332,338,345,0.90958904109589,0.926027397260274,0.945205479452055,0,4,98.4999999999997
CEMADEN,261255401C,SANTA FILOMENA,SANTA FILOMENA,CEMADEN,PLUVIOMETRICA_AUTOMATICA,2022,CEMADEN_MAX_GAP_60MIN,TRUE,365,132,111,111,111,0.304109589041096,0.304109589041096,0.304109589041096,0,166,120
CEMADEN,261255401C,SANTA FILOMENA,SANTA FILOMENA,CEMADEN,PLUVIOMETRICA_AUTOMATICA,2023,CEMADEN_MAX_GAP_60MIN,TRUE,365,138,128,128,128,0.350684931506849,0.350684931506849,0.350684931506849,0,139,120
CEMADEN,261255401C,SANTA FILOMENA,SANTA FILOMENA,CEMADEN,PLUVIOMETRICA_AUTOMATICA,2024,CEMADEN_MAX_GAP_60MIN,TRUE,366,110,93,93,93,0.254098360655738,0.254098360655738,0.254098360655738,0,228,120
CEMADEN,261260401C,SANTA MARIA DA BOA VISTA,SANTA MARIA DA BOA VISTA,CEMADEN,PLUVIOMETRICA_AUTOMATICA,2022,CEMADEN_MAX_GAP_60MIN,TRUE,365,119,111,111,111,0.304109589041096,0.304109589041096,0.304109589041096,0,208,120
CEMADEN,261260401C,SANTA MARIA DA BOA VISTA,SANTA MARIA DA BOA VISTA,CEMADEN,PLUVIOMETRICA_AUTOMATICA,2023,CEMADEN_MAX_GAP_60MIN,TRUE,365,93,92,92,92,0.252054794520548,0.252054794520548,0.252054794520548,0,273,60
CEMADEN,261260401C,SANTA MARIA DA BOA VISTA,SANTA MARIA DA BOA VISTA,CEMADEN,PLUVIOMETRICA_AUTOMATICA,2024,CEMADEN_MAX_GAP_60MIN,TRUE,366,366,364,364,364,0.994535519125683,0.994535519125683,0.994535519125683,0,1,60
CEMADEN,261260401C,SANTA MARIA DA BOA VISTA,SANTA MARIA DA BOA VISTA,CEMADEN,PLUVIOMETRICA_AUTOMATICA,2025,CEMADEN_MAX_GAP_60MIN,TRUE,365,365,363,363,363,0.994520547945205,0.994520547945205,0.994520547945205,0,1,60
CEMADEN,261270301A,SANTA MARIA DO CAMBUCA - APAC,SANTA MARIA DO CAMBUCÁ,CEMADEN,PLUVIOMETRICA_AUTOMATICA,2017,CEMADEN_MAX_GAP_60MIN,TRUE,365,1,0,0,0,0,0,0,0,365,
CEMADEN,261270301A,SANTA MARIA DO CAMBUCA - APAC,SANTA MARIA DO CAMBUCÁ,CEMADEN,PLUVIOMETRICA_AUTOMATICA,2018,CEMADEN_MAX_GAP_60MIN,TRUE,365,36,0,0,0,0,0,0,0,365,76085
CEMADEN,261270301A,SANTA MARIA DO CAMBUCA - APAC,SANTA MARIA DO CAMBUCÁ,CEMADEN,PLUVIOMETRICA_AUTOMATICA,2019,CEMADEN_MAX_GAP_60MIN,TRUE,365,228,4,9,31,0.010958904109589,0.0246575342465753,0.0849315068493151,0,299,1760
CEMADEN,261270301A,SANTA MARIA DO CAMBUCA - APAC,SANTA MARIA DO CAMBUCÁ,CEMADEN,PLUVIOMETRICA_AUTOMATICA,2020,CEMADEN_MAX_GAP_60MIN,TRUE,366,361,0,18,48,0,0.0491803278688525,0.131147540983607,0,366,1130
CEMADEN,261270301A,SANTA MARIA DO CAMBUCA - APAC,SANTA MARIA DO CAMBUCÁ,CEMADEN,PLUVIOMETRICA_AUTOMATICA,2021,CEMADEN_MAX_GAP_60MIN,TRUE,365,217,42,65,93,0.115068493150685,0.178082191780822,0.254794520547945,0,110,3949.99999999995
CEMADEN,261270301A,SANTA MARIA DO CAMBUCA - APAC,SANTA MARIA DO CAMBUCÁ,CEMADEN,PLUVIOMETRICA_AUTOMATICA,2022,CEMADEN_MAX_GAP_60MIN,TRUE,365,122,112,113,113,0.306849315068493,0.30958904109589,0.30958904109589,0,244,109.5
CEMADEN,261270301A,SANTA MARIA DO CAMBUCA - APAC,SANTA MARIA DO CAMBUCÁ,CEMADEN,PLUVIOMETRICA_AUTOMATICA,2023,CEMADEN_MAX_GAP_60MIN,TRUE,365,365,319,326,326,0.873972602739726,0.893150684931507,0.893150684931507,0,9,120
CEMADEN,261270301A,SANTA MARIA DO CAMBUCA - APAC,SANTA MARIA DO CAMBUCÁ,CEMADEN,PLUVIOMETRICA_AUTOMATICA,2024,CEMADEN_MAX_GAP_60MIN,TRUE,366,366,357,360,362,0.975409836065574,0.983606557377049,0.989071038251366,0,2,60
CEMADEN,261270301A,SANTA MARIA DO CAMBUCA - APAC,SANTA MARIA DO CAMBUCÁ,CEMADEN,PLUVIOMETRICA_AUTOMATICA,2025,CEMADEN_MAX_GAP_60MIN,TRUE,365,365,348,354,355,0.953424657534246,0.96986301369863,0.972602739726027,0,2,60
CEMADEN,261280201A,Santa Terezinha [Posto de Saúde] - APAC,SANTA TEREZINHA,CEMADEN,PLUVIOMETRICA_AUTOMATICA,2024,CEMADEN_MAX_GAP_60MIN,TRUE,366,125,123,123,123,0.336065573770492,0.336065573770492,0.336065573770492,0,242,60
CEMADEN,261280201A,Santa Terezinha [Posto de Saúde] - APAC,SANTA TEREZINHA,CEMADEN,PLUVIOMETRICA_AUTOMATICA,2025,CEMADEN_MAX_GAP_60MIN,TRUE,365,365,346,353,354,0.947945205479452,0.967123287671233,0.96986301369863,0,2,60
CEMADEN,261280201C,SANTA TEREZINHA,SANTA TEREZINHA,CEMADEN,PLUVIOMETRICA_AUTOMATICA,2018,CEMADEN_MAX_GAP_60MIN,TRUE,365,220,4,4,4,0.010958904109589,0.010958904109589,0.010958904109589,0,203,3558
CEMADEN,261280201C,SANTA TEREZINHA,SANTA TEREZINHA,CEMADEN,PLUVIOMETRICA_AUTOMATICA,2022,CEMADEN_MAX_GAP_60MIN,TRUE,365,1,0,0,0,0,0,0,0,365,1891580
CEMADEN,261280201C,SANTA TEREZINHA,SANTA TEREZINHA,CEMADEN,PLUVIOMETRICA_AUTOMATICA,2023,CEMADEN_MAX_GAP_60MIN,TRUE,365,2,0,0,0,0,0,0,0,365,474810
CEMADEN,261290101A,Centro,SÃO BENEDITO DO SUL,CEMADEN,PLUVIOMETRICA_AUTOMATICA,2017,CEMADEN_MAX_GAP_60MIN,TRUE,365,365,343,347,353,0.93972602739726,0.950684931506849,0.967123287671233,0,2,70
CEMADEN,261290101A,Centro,SÃO BENEDITO DO SUL,CEMADEN,PLUVIOMETRICA_AUTOMATICA,2018,CEMADEN_MAX_GAP_60MIN,TRUE,365,365,290,307,321,0.794520547945206,0.841095890410959,0.879452054794521,0,15,120
CEMADEN,261290101A,Centro,SÃO BENEDITO DO SUL,CEMADEN,PLUVIOMETRICA_AUTOMATICA,2019,CEMADEN_MAX_GAP_60MIN,TRUE,365,354,263,274,285,0.72054794520548,0.750684931506849,0.780821917808219,0,15,706.999999999999
CEMADEN,261290101A,Centro,SÃO BENEDITO DO SUL,CEMADEN,PLUVIOMETRICA_AUTOMATICA,2020,CEMADEN_MAX_GAP_60MIN,TRUE,366,366,185,219,252,0.505464480874317,0.598360655737705,0.688524590163934,0,13,567.5
CEMADEN,261290101A,Centro,SÃO BENEDITO DO SUL,CEMADEN,PLUVIOMETRICA_AUTOMATICA,2021,CEMADEN_MAX_GAP_60MIN,TRUE,365,365,284,300,311,0.778082191780822,0.821917808219178,0.852054794520548,0,7,120
CEMADEN,261290101A,Centro,SÃO BENEDITO DO SUL,CEMADEN,PLUVIOMETRICA_AUTOMATICA,2022,CEMADEN_MAX_GAP_60MIN,TRUE,365,365,282,294,307,0.772602739726028,0.805479452054795,0.841095890410959,0,6,180
CEMADEN,261290101A,Centro,SÃO BENEDITO DO SUL,CEMADEN,PLUVIOMETRICA_AUTOMATICA,2023,CEMADEN_MAX_GAP_60MIN,TRUE,365,365,330,342,352,0.904109589041096,0.936986301369863,0.964383561643836,0,3,80
CEMADEN,261290101A,Centro,SÃO BENEDITO DO SUL,CEMADEN,PLUVIOMETRICA_AUTOMATICA,2024,CEMADEN_MAX_GAP_60MIN,TRUE,366,366,339,352,360,0.926229508196721,0.961748633879781,0.983606557377049,0,2,70
CEMADEN,261290101A,Centro,SÃO BENEDITO DO SUL,CEMADEN,PLUVIOMETRICA_AUTOMATICA,2025,CEMADEN_MAX_GAP_60MIN,TRUE,365,355,316,336,341,0.865753424657534,0.920547945205479,0.934246575342466,0,11,73.4999999999997
CEMADEN,261290102A,SAO BENEDITO DO SUL - APAC,SÃO BENEDITO DO SUL,CEMADEN,PLUVIOMETRICA_AUTOMATICA,2017,CEMADEN_MAX_GAP_60MIN,TRUE,365,37,4,4,5,0.010958904109589,0.010958904109589,0.0136986301369863,0,333,332.5
CEMADEN,261290102A,SAO BENEDITO DO SUL - APAC,SÃO BENEDITO DO SUL,CEMADEN,PLUVIOMETRICA_AUTOMATICA,2018,CEMADEN_MAX_GAP_60MIN,TRUE,365,365,229,246,256,0.627397260273973,0.673972602739726,0.701369863013699,0,16,568.000000000001
CEMADEN,261290102A,SAO BENEDITO DO SUL - APAC,SÃO BENEDITO DO SUL,CEMADEN,PLUVIOMETRICA_AUTOMATICA,2019,CEMADEN_MAX_GAP_60MIN,TRUE,365,342,242,264,270,0.663013698630137,0.723287671232877,0.73972602739726,0,13,1670
CEMADEN,261290102A,SAO BENEDITO DO SUL - APAC,SÃO BENEDITO DO SUL,CEMADEN,PLUVIOMETRICA_AUTOMATICA,2020,CEMADEN_MAX_GAP_60MIN,TRUE,366,241,142,149,158,0.387978142076503,0.407103825136612,0.431693989071038,0,121,2910
CEMADEN,261290102A,SAO BENEDITO DO SUL - APAC,SÃO BENEDITO DO SUL,CEMADEN,PLUVIOMETRICA_AUTOMATICA,2021,CEMADEN_MAX_GAP_60MIN,TRUE,365,168,12,12,15,0.0328767123287671,0.0328767123287671,0.0410958904109589,0,353,976.5
CEMADEN,261290102A,SAO BENEDITO DO SUL - APAC,SÃO BENEDITO DO SUL,CEMADEN,PLUVIOMETRICA_AUTOMATICA,2022,CEMADEN_MAX_GAP_60MIN,TRUE,365,17,15,16,16,0.0410958904109589,0.0438356164383562,0.0438356164383562,0,349,62.5
CEMADEN,261300801C,SAO BENTO DO UNA,SÃO BENTO DO UNA,CEMADEN,PLUVIOMETRICA_AUTOMATICA,2017,CEMADEN_MAX_GAP_60MIN,TRUE,365,161,125,125,125,0.342465753424658,0.342465753424658,0.342465753424658,0,103,15520
CEMADEN,261300801C,SAO BENTO DO UNA,SÃO BENTO DO UNA,CEMADEN,PLUVIOMETRICA_AUTOMATICA,2018,CEMADEN_MAX_GAP_60MIN,TRUE,365,328,318,318,318,0.871232876712329,0.871232876712329,0.871232876712329,0,47,60
CEMADEN,261300801C,SAO BENTO DO UNA,SÃO BENTO DO UNA,CEMADEN,PLUVIOMETRICA_AUTOMATICA,2019,CEMADEN_MAX_GAP_60MIN,TRUE,365,230,181,181,181,0.495890410958904,0.495890410958904,0.495890410958904,0,82,5150.99999999999
CEMADEN,261300801C,SAO BENTO DO UNA,SÃO BENTO DO UNA,CEMADEN,PLUVIOMETRICA_AUTOMATICA,2020,CEMADEN_MAX_GAP_60MIN,TRUE,366,318,272,272,272,0.743169398907104,0.743169398907104,0.743169398907104,0,63,1440
CEMADEN,261300801C,SAO BENTO DO UNA,SÃO BENTO DO UNA,CEMADEN,PLUVIOMETRICA_AUTOMATICA,2021,CEMADEN_MAX_GAP_60MIN,TRUE,365,361,317,317,317,0.868493150684932,0.868493150684932,0.868493150684932,0,20,480
CEMADEN,261300801C,SAO BENTO DO UNA,SÃO BENTO DO UNA,CEMADEN,PLUVIOMETRICA_AUTOMATICA,2022,CEMADEN_MAX_GAP_60MIN,TRUE,365,365,262,262,262,0.717808219178082,0.717808219178082,0.717808219178082,0,90,648.000000000001
CEMADEN,261300801C,SAO BENTO DO UNA,SÃO BENTO DO UNA,CEMADEN,PLUVIOMETRICA_AUTOMATICA,2023,CEMADEN_MAX_GAP_60MIN,TRUE,365,361,351,352,352,0.961643835616438,0.964383561643836,0.964383561643836,0,4,60
CEMADEN,261300801C,SAO BENTO DO UNA,SÃO BENTO DO UNA,CEMADEN,PLUVIOMETRICA_AUTOMATICA,2024,CEMADEN_MAX_GAP_60MIN,TRUE,366,317,71,71,71,0.193989071038251,0.193989071038251,0.193989071038251,0,287,2640
CEMADEN,261300801C,SAO BENTO DO UNA,SÃO BENTO DO UNA,CEMADEN,PLUVIOMETRICA_AUTOMATICA,2025,CEMADEN_MAX_GAP_60MIN,TRUE,365,160,58,58,58,0.158904109589041,0.158904109589041,0.158904109589041,0,212,1500
CEMADEN,261310701A,SAO CAITANO - APAC,SÃO CAITANO,CEMADEN,PLUVIOMETRICA_AUTOMATICA,2017,CEMADEN_MAX_GAP_60MIN,TRUE,365,33,16,16,16,0.0438356164383562,0.0438356164383562,0.0438356164383562,0,334,240
CEMADEN,261310701A,SAO CAITANO - APAC,SÃO CAITANO,CEMADEN,PLUVIOMETRICA_AUTOMATICA,2018,CEMADEN_MAX_GAP_60MIN,TRUE,365,365,294,303,312,0.805479452054795,0.83013698630137,0.854794520547945,0,8,120
CEMADEN,261310701A,SAO CAITANO - APAC,SÃO CAITANO,CEMADEN,PLUVIOMETRICA_AUTOMATICA,2019,CEMADEN_MAX_GAP_60MIN,TRUE,365,352,305,318,321,0.835616438356164,0.871232876712329,0.879452054794521,0,12,288.499999999999
CEMADEN,261310701A,SAO CAITANO - APAC,SÃO CAITANO,CEMADEN,PLUVIOMETRICA_AUTOMATICA,2020,CEMADEN_MAX_GAP_60MIN,TRUE,366,352,315,322,324,0.860655737704918,0.879781420765027,0.885245901639344,0,23,139
CEMADEN,261310701A,SAO CAITANO - APAC,SÃO CAITANO,CEMADEN,PLUVIOMETRICA_AUTOMATICA,2021,CEMADEN_MAX_GAP_60MIN,TRUE,365,195,152,156,168,0.416438356164384,0.427397260273973,0.46027397260274,0,172,179
CEMADEN,261310701A,SAO CAITANO - APAC,SÃO CAITANO,CEMADEN,PLUVIOMETRICA_AUTOMATICA,2022,CEMADEN_MAX_GAP_60MIN,TRUE,365,365,313,321,332,0.857534246575342,0.879452054794521,0.90958904109589,0,5,120
CEMADEN,261310701A,SAO CAITANO - APAC,SÃO CAITANO,CEMADEN,PLUVIOMETRICA_AUTOMATICA,2023,CEMADEN_MAX_GAP_60MIN,TRUE,365,365,325,333,345,0.89041095890411,0.912328767123288,0.945205479452055,0,2,108
CEMADEN,261310701A,SAO CAITANO - APAC,SÃO CAITANO,CEMADEN,PLUVIOMETRICA_AUTOMATICA,2024,CEMADEN_MAX_GAP_60MIN,TRUE,366,344,285,299,310,0.778688524590164,0.816939890710383,0.846994535519126,0,17,1384.99999999999
CEMADEN,261310701A,SAO CAITANO - APAC,SÃO CAITANO,CEMADEN,PLUVIOMETRICA_AUTOMATICA,2025,CEMADEN_MAX_GAP_60MIN,TRUE,365,211,192,197,200,0.526027397260274,0.53972602739726,0.547945205479452,0,154,80
CEMADEN,261310702A,G2-261310702A | G2-Escola Mun. - Maniçoba,SÃO CAITANO,CEMADEN,PLUVIOMETRICA_AUTOMATICA,2025,CEMADEN_MAX_GAP_60MIN,TRUE,365,121,59,66,66,0.161643835616438,0.180821917808219,0.180821917808219,0,248,205
CEMADEN,261310703A,G2-261310703A | G2-Creche Mary Cavalcante,SÃO CAITANO,CEMADEN,PLUVIOMETRICA_AUTOMATICA,2025,CEMADEN_MAX_GAP_60MIN,TRUE,365,121,91,100,100,0.249315068493151,0.273972602739726,0.273972602739726,0,246,120
CEMADEN,261320601A,SAO JOAO - APAC,SÃO JOÃO,CEMADEN,PLUVIOMETRICA_AUTOMATICA,2017,CEMADEN_MAX_GAP_60MIN,TRUE,365,27,2,5,5,0.00547945205479452,0.0136986301369863,0.0136986301369863,0,347,637.5
CEMADEN,261320601A,SAO JOAO - APAC,SÃO JOÃO,CEMADEN,PLUVIOMETRICA_AUTOMATICA,2018,CEMADEN_MAX_GAP_60MIN,TRUE,365,365,295,314,319,0.808219178082192,0.86027397260274,0.873972602739726,0,8,120
CEMADEN,261320601A,SAO JOAO - APAC,SÃO JOÃO,CEMADEN,PLUVIOMETRICA_AUTOMATICA,2019,CEMADEN_MAX_GAP_60MIN,TRUE,365,352,299,313,317,0.819178082191781,0.857534246575342,0.868493150684932,0,13,194.5
CEMADEN,261320601A,SAO JOAO - APAC,SÃO JOÃO,CEMADEN,PLUVIOMETRICA_AUTOMATICA,2020,CEMADEN_MAX_GAP_60MIN,TRUE,366,224,203,211,211,0.554644808743169,0.576502732240437,0.576502732240437,0,143,100
CEMADEN,261320601A,SAO JOAO - APAC,SÃO JOÃO,CEMADEN,PLUVIOMETRICA_AUTOMATICA,2021,CEMADEN_MAX_GAP_60MIN,TRUE,365,145,79,85,91,0.216438356164384,0.232876712328767,0.249315068493151,0,221,1110
CEMADEN,261320601A,SAO JOAO - APAC,SÃO JOÃO,CEMADEN,PLUVIOMETRICA_AUTOMATICA,2022,CEMADEN_MAX_GAP_60MIN,TRUE,365,104,37,38,38,0.101369863013699,0.104109589041096,0.104109589041096,0,244,6226.49999999998
CEMADEN,261320601A,SAO JOAO - APAC,SÃO JOÃO,CEMADEN,PLUVIOMETRICA_AUTOMATICA,2023,CEMADEN_MAX_GAP_60MIN,TRUE,365,322,293,297,299,0.802739726027397,0.813698630136986,0.819178082191781,0,44,120
CEMADEN,261320601A,SAO JOAO - APAC,SÃO JOÃO,CEMADEN,PLUVIOMETRICA_AUTOMATICA,2024,CEMADEN_MAX_GAP_60MIN,TRUE,366,366,338,342,344,0.923497267759563,0.934426229508197,0.939890710382514,0,3,120
CEMADEN,261320601A,SAO JOAO - APAC,SÃO JOÃO,CEMADEN,PLUVIOMETRICA_AUTOMATICA,2025,CEMADEN_MAX_GAP_60MIN,TRUE,365,365,329,336,341,0.901369863013699,0.920547945205479,0.934246575342466,0,4,120
CEMADEN,261330501A,Barra do Riachão,SÃO JOAQUIM DO MONTE,CEMADEN,PLUVIOMETRICA_AUTOMATICA,2017,CEMADEN_MAX_GAP_60MIN,TRUE,365,362,332,337,338,0.90958904109589,0.923287671232877,0.926027397260274,0,4,120
CEMADEN,261330501A,Barra do Riachão,SÃO JOAQUIM DO MONTE,CEMADEN,PLUVIOMETRICA_AUTOMATICA,2018,CEMADEN_MAX_GAP_60MIN,TRUE,365,365,325,331,338,0.89041095890411,0.906849315068493,0.926027397260274,0,4,120
CEMADEN,261330501A,Barra do Riachão,SÃO JOAQUIM DO MONTE,CEMADEN,PLUVIOMETRICA_AUTOMATICA,2019,CEMADEN_MAX_GAP_60MIN,TRUE,365,349,264,274,281,0.723287671232877,0.750684931506849,0.76986301369863,0,23,1366
CEMADEN,261330501A,Barra do Riachão,SÃO JOAQUIM DO MONTE,CEMADEN,PLUVIOMETRICA_AUTOMATICA,2020,CEMADEN_MAX_GAP_60MIN,TRUE,366,115,25,30,44,0.0683060109289618,0.0819672131147541,0.120218579234973,0,304,2648
CEMADEN,261330501A,Barra do Riachão,SÃO JOAQUIM DO MONTE,CEMADEN,PLUVIOMETRICA_AUTOMATICA,2021,CEMADEN_MAX_GAP_60MIN,TRUE,365,362,225,258,311,0.616438356164384,0.706849315068493,0.852054794520548,0,32,120
CEMADEN,261330501A,Barra do Riachão,SÃO JOAQUIM DO MONTE,CEMADEN,PLUVIOMETRICA_AUTOMATICA,2022,CEMADEN_MAX_GAP_60MIN,TRUE,365,209,167,186,194,0.457534246575342,0.50958904109589,0.531506849315069,0,157,158
CEMADEN,261330501A,Barra do Riachão,SÃO JOAQUIM DO MONTE,CEMADEN,PLUVIOMETRICA_AUTOMATICA,2023,CEMADEN_MAX_GAP_60MIN,TRUE,365,60,43,43,43,0.117808219178082,0.117808219178082,0.117808219178082,0,307,1350.49999999999
CEMADEN,261330501A,Barra do Riachão,SÃO JOAQUIM DO MONTE,CEMADEN,PLUVIOMETRICA_AUTOMATICA,2024,CEMADEN_MAX_GAP_60MIN,TRUE,366,122,83,87,87,0.226775956284153,0.237704918032787,0.237704918032787,0,268,3030
CEMADEN,261330501U,SAO JOAQUIM DO MONTE,SÃO JOAQUIM DO MONTE,CEMADEN,PLUVIOMETRICA_AUTOMATICA,2017,CEMADEN_MAX_GAP_60MIN,TRUE,365,69,51,51,51,0.13972602739726,0.13972602739726,0.13972602739726,0,179,15470
CEMADEN,261330501U,SAO JOAQUIM DO MONTE,SÃO JOAQUIM DO MONTE,CEMADEN,PLUVIOMETRICA_AUTOMATICA,2018,CEMADEN_MAX_GAP_60MIN,TRUE,365,109,95,95,95,0.26027397260274,0.26027397260274,0.26027397260274,0,139,30360
CEMADEN,261330501U,SAO JOAQUIM DO MONTE,SÃO JOAQUIM DO MONTE,CEMADEN,PLUVIOMETRICA_AUTOMATICA,2019,CEMADEN_MAX_GAP_60MIN,TRUE,365,144,132,132,132,0.361643835616438,0.361643835616438,0.361643835616438,0,96,2420
CEMADEN,261330501U,SAO JOAQUIM DO MONTE,SÃO JOAQUIM DO MONTE,CEMADEN,PLUVIOMETRICA_AUTOMATICA,2020,CEMADEN_MAX_GAP_60MIN,TRUE,366,113,106,106,106,0.289617486338798,0.289617486338798,0.289617486338798,0,104,76440
CEMADEN,261330501U,SAO JOAQUIM DO MONTE,SÃO JOAQUIM DO MONTE,CEMADEN,PLUVIOMETRICA_AUTOMATICA,2021,CEMADEN_MAX_GAP_60MIN,TRUE,365,197,193,193,193,0.528767123287671,0.528767123287671,0.528767123287671,0,153,60
CEMADEN,261330501U,SAO JOAQUIM DO MONTE,SÃO JOAQUIM DO MONTE,CEMADEN,PLUVIOMETRICA_AUTOMATICA,2022,CEMADEN_MAX_GAP_60MIN,TRUE,365,197,188,188,188,0.515068493150685,0.515068493150685,0.515068493150685,0,96,60
CEMADEN,261330501U,SAO JOAQUIM DO MONTE,SÃO JOAQUIM DO MONTE,CEMADEN,PLUVIOMETRICA_AUTOMATICA,2023,CEMADEN_MAX_GAP_60MIN,TRUE,365,262,254,254,254,0.695890410958904,0.695890410958904,0.695890410958904,0,65,60
CEMADEN,261330501U,SAO JOAQUIM DO MONTE,SÃO JOAQUIM DO MONTE,CEMADEN,PLUVIOMETRICA_AUTOMATICA,2024,CEMADEN_MAX_GAP_60MIN,TRUE,366,223,213,213,213,0.581967213114754,0.581967213114754,0.581967213114754,0,67,60
CEMADEN,261330501U,SAO JOAQUIM DO MONTE,SÃO JOAQUIM DO MONTE,CEMADEN,PLUVIOMETRICA_AUTOMATICA,2025,CEMADEN_MAX_GAP_60MIN,TRUE,365,212,176,176,177,0.482191780821918,0.482191780821918,0.484931506849315,0,63,8200
CEMADEN,261330502A,SAO JOAQUIM DO MONTE - APAC,SÃO JOAQUIM DO MONTE,CEMADEN,PLUVIOMETRICA_AUTOMATICA,2017,CEMADEN_MAX_GAP_60MIN,TRUE,365,35,12,12,12,0.0328767123287671,0.0328767123287671,0.0328767123287671,0,332,600
CEMADEN,261330502A,SAO JOAQUIM DO MONTE - APAC,SÃO JOAQUIM DO MONTE,CEMADEN,PLUVIOMETRICA_AUTOMATICA,2018,CEMADEN_MAX_GAP_60MIN,TRUE,365,365,296,313,320,0.810958904109589,0.857534246575342,0.876712328767123,0,14,120
CEMADEN,261330502A,SAO JOAQUIM DO MONTE - APAC,SÃO JOAQUIM DO MONTE,CEMADEN,PLUVIOMETRICA_AUTOMATICA,2019,CEMADEN_MAX_GAP_60MIN,TRUE,365,354,291,301,313,0.797260273972603,0.824657534246575,0.857534246575342,0,12,283.999999999999
CEMADEN,261330502A,SAO JOAQUIM DO MONTE - APAC,SÃO JOAQUIM DO MONTE,CEMADEN,PLUVIOMETRICA_AUTOMATICA,2020,CEMADEN_MAX_GAP_60MIN,TRUE,366,328,219,227,235,0.598360655737705,0.620218579234973,0.642076502732241,0,120,216.5
CEMADEN,261330502A,SAO JOAQUIM DO MONTE - APAC,SÃO JOAQUIM DO MONTE,CEMADEN,PLUVIOMETRICA_AUTOMATICA,2021,CEMADEN_MAX_GAP_60MIN,TRUE,365,7,5,5,5,0.0136986301369863,0.0136986301369863,0.0136986301369863,0,216,511973
CEMADEN,261330502A,SAO JOAQUIM DO MONTE - APAC,SÃO JOAQUIM DO MONTE,CEMADEN,PLUVIOMETRICA_AUTOMATICA,2022,CEMADEN_MAX_GAP_60MIN,TRUE,365,110,98,98,98,0.268493150684932,0.268493150684932,0.268493150684932,0,256,135.5
CEMADEN,261330502A,SAO JOAQUIM DO MONTE - APAC,SÃO JOAQUIM DO MONTE,CEMADEN,PLUVIOMETRICA_AUTOMATICA,2023,CEMADEN_MAX_GAP_60MIN,TRUE,365,333,297,307,307,0.813698630136986,0.841095890410959,0.841095890410959,0,41,120
CEMADEN,261330502A,SAO JOAQUIM DO MONTE - APAC,SÃO JOAQUIM DO MONTE,CEMADEN,PLUVIOMETRICA_AUTOMATICA,2024,CEMADEN_MAX_GAP_60MIN,TRUE,366,319,242,252,263,0.66120218579235,0.688524590163934,0.718579234972678,0,41,1412
CEMADEN,261330502A,SAO JOAQUIM DO MONTE - APAC,SÃO JOAQUIM DO MONTE,CEMADEN,PLUVIOMETRICA_AUTOMATICA,2025,CEMADEN_MAX_GAP_60MIN,TRUE,365,290,221,226,228,0.605479452054795,0.619178082191781,0.624657534246575,0,77,2235.99999999999
CEMADEN,261340401A,SAO JOSE DA COROA GRANDE - APAC,SÃO JOSÉ DA COROA GRANDE,CEMADEN,PLUVIOMETRICA_AUTOMATICA,2017,CEMADEN_MAX_GAP_60MIN,TRUE,365,13,2,2,2,0.00547945205479452,0.00547945205479452,0.00547945205479452,0,353,240
CEMADEN,261340401A,SAO JOSE DA COROA GRANDE - APAC,SÃO JOSÉ DA COROA GRANDE,CEMADEN,PLUVIOMETRICA_AUTOMATICA,2018,CEMADEN_MAX_GAP_60MIN,TRUE,365,365,295,308,314,0.808219178082192,0.843835616438356,0.86027397260274,0,9,120
CEMADEN,261340401A,SAO JOSE DA COROA GRANDE - APAC,SÃO JOSÉ DA COROA GRANDE,CEMADEN,PLUVIOMETRICA_AUTOMATICA,2019,CEMADEN_MAX_GAP_60MIN,TRUE,365,355,298,309,313,0.816438356164383,0.846575342465753,0.857534246575342,0,13,540
CEMADEN,261340401A,SAO JOSE DA COROA GRANDE - APAC,SÃO JOSÉ DA COROA GRANDE,CEMADEN,PLUVIOMETRICA_AUTOMATICA,2020,CEMADEN_MAX_GAP_60MIN,TRUE,366,353,268,285,304,0.73224043715847,0.778688524590164,0.830601092896175,0,23,138
CEMADEN,261340401A,SAO JOSE DA COROA GRANDE - APAC,SÃO JOSÉ DA COROA GRANDE,CEMADEN,PLUVIOMETRICA_AUTOMATICA,2021,CEMADEN_MAX_GAP_60MIN,TRUE,365,137,89,96,102,0.243835616438356,0.263013698630137,0.279452054794521,0,201,11120
CEMADEN,261340401A,SAO JOSE DA COROA GRANDE - APAC,SÃO JOSÉ DA COROA GRANDE,CEMADEN,PLUVIOMETRICA_AUTOMATICA,2022,CEMADEN_MAX_GAP_60MIN,TRUE,365,274,133,142,152,0.364383561643836,0.389041095890411,0.416438356164384,0,88,1620
CEMADEN,261340401A,SAO JOSE DA COROA GRANDE - APAC,SÃO JOSÉ DA COROA GRANDE,CEMADEN,PLUVIOMETRICA_AUTOMATICA,2023,CEMADEN_MAX_GAP_60MIN,TRUE,365,338,284,288,290,0.778082191780822,0.789041095890411,0.794520547945206,0,33,353.499999999998
CEMADEN,261340401A,SAO JOSE DA COROA GRANDE - APAC,SÃO JOSÉ DA COROA GRANDE,CEMADEN,PLUVIOMETRICA_AUTOMATICA,2024,CEMADEN_MAX_GAP_60MIN,TRUE,366,364,283,290,301,0.773224043715847,0.792349726775956,0.822404371584699,0,13,1130
CEMADEN,261340401A,SAO JOSE DA COROA GRANDE - APAC,SÃO JOSÉ DA COROA GRANDE,CEMADEN,PLUVIOMETRICA_AUTOMATICA,2025,CEMADEN_MAX_GAP_60MIN,TRUE,365,365,149,160,172,0.408219178082192,0.438356164383562,0.471232876712329,0,126,438.5
CEMADEN,261350301A,SAO JOSE DO BELMONTE  - APAC,SÃO JOSÉ DO BELMONTE,CEMADEN,PLUVIOMETRICA_AUTOMATICA,2018,CEMADEN_MAX_GAP_60MIN,TRUE,365,344,221,258,285,0.605479452054795,0.706849315068493,0.780821917808219,0,27,120
CEMADEN,261350301A,SAO JOSE DO BELMONTE  - APAC,SÃO JOSÉ DO BELMONTE,CEMADEN,PLUVIOMETRICA_AUTOMATICA,2019,CEMADEN_MAX_GAP_60MIN,TRUE,365,348,310,311,313,0.849315068493151,0.852054794520548,0.857534246575342,0,12,373
CEMADEN,261350301A,SAO JOSE DO BELMONTE  - APAC,SÃO JOSÉ DO BELMONTE,CEMADEN,PLUVIOMETRICA_AUTOMATICA,2020,CEMADEN_MAX_GAP_60MIN,TRUE,366,41,12,16,20,0.0327868852459016,0.0437158469945355,0.0546448087431694,0,327,930
CEMADEN,261350301A,SAO JOSE DO BELMONTE  - APAC,SÃO JOSÉ DO BELMONTE,CEMADEN,PLUVIOMETRICA_AUTOMATICA,2021,CEMADEN_MAX_GAP_60MIN,TRUE,365,4,1,1,1,0.00273972602739726,0.00273972602739726,0.00273972602739726,0,288,972893
CEMADEN,261350301A,SAO JOSE DO BELMONTE  - APAC,SÃO JOSÉ DO BELMONTE,CEMADEN,PLUVIOMETRICA_AUTOMATICA,2023,CEMADEN_MAX_GAP_60MIN,TRUE,365,114,84,85,87,0.23013698630137,0.232876712328767,0.238356164383562,0,248,120
CEMADEN,261350301A,SAO JOSE DO BELMONTE  - APAC,SÃO JOSÉ DO BELMONTE,CEMADEN,PLUVIOMETRICA_AUTOMATICA,2024,CEMADEN_MAX_GAP_60MIN,TRUE,366,331,275,282,287,0.751366120218579,0.770491803278689,0.784153005464481,0,55,1655
CEMADEN,261350301A,SAO JOSE DO BELMONTE  - APAC,SÃO JOSÉ DO BELMONTE,CEMADEN,PLUVIOMETRICA_AUTOMATICA,2025,CEMADEN_MAX_GAP_60MIN,TRUE,365,303,277,280,288,0.758904109589041,0.767123287671233,0.789041095890411,0,63,80
CEMADEN,261350301C,SAO JOSE DO BELMONTE,SÃO JOSÉ DO BELMONTE,CEMADEN,PLUVIOMETRICA_AUTOMATICA,2017,CEMADEN_MAX_GAP_60MIN,TRUE,365,17,4,4,4,0.010958904109589,0.010958904109589,0.010958904109589,0,297,15970
CEMADEN,261350302A,BOM NOME - APAC,SÃO JOSÉ DO BELMONTE,CEMADEN,PLUVIOMETRICA_AUTOMATICA,2018,CEMADEN_MAX_GAP_60MIN,TRUE,365,342,289,292,295,0.791780821917808,0.8,0.808219178082192,0,18,150
CEMADEN,261350302A,BOM NOME - APAC,SÃO JOSÉ DO BELMONTE,CEMADEN,PLUVIOMETRICA_AUTOMATICA,2019,CEMADEN_MAX_GAP_60MIN,TRUE,365,349,301,304,306,0.824657534246575,0.832876712328767,0.838356164383562,0,12,955.999999999989
CEMADEN,261350302A,BOM NOME - APAC,SÃO JOSÉ DO BELMONTE,CEMADEN,PLUVIOMETRICA_AUTOMATICA,2020,CEMADEN_MAX_GAP_60MIN,TRUE,366,322,219,224,225,0.598360655737705,0.612021857923497,0.614754098360656,0,120,270
CEMADEN,261350302A,BOM NOME - APAC,SÃO JOSÉ DO BELMONTE,CEMADEN,PLUVIOMETRICA_AUTOMATICA,2021,CEMADEN_MAX_GAP_60MIN,TRUE,365,7,0,1,1,0,0.00273972602739726,0.00273972602739726,0,365,629357
CEMADEN,261350302A,BOM NOME - APAC,SÃO JOSÉ DO BELMONTE,CEMADEN,PLUVIOMETRICA_AUTOMATICA,2023,CEMADEN_MAX_GAP_60MIN,TRUE,365,316,254,259,261,0.695890410958904,0.70958904109589,0.715068493150685,0,47,550
CEMADEN,261350302A,BOM NOME - APAC,SÃO JOSÉ DO BELMONTE,CEMADEN,PLUVIOMETRICA_AUTOMATICA,2024,CEMADEN_MAX_GAP_60MIN,TRUE,366,366,322,334,339,0.879781420765027,0.912568306010929,0.926229508196721,0,8,140
CEMADEN,261350302A,BOM NOME - APAC,SÃO JOSÉ DO BELMONTE,CEMADEN,PLUVIOMETRICA_AUTOMATICA,2025,CEMADEN_MAX_GAP_60MIN,TRUE,365,357,317,325,330,0.868493150684932,0.89041095890411,0.904109589041096,0,12,120
CEMADEN,261360201C,SAO JOSE DO EGITO,SÃO JOSÉ DO EGITO,CEMADEN,PLUVIOMETRICA_AUTOMATICA,2017,CEMADEN_MAX_GAP_60MIN,TRUE,365,131,74,74,74,0.202739726027397,0.202739726027397,0.202739726027397,0,77,14240
CEMADEN,261360201C,SAO JOSE DO EGITO,SÃO JOSÉ DO EGITO,CEMADEN,PLUVIOMETRICA_AUTOMATICA,2018,CEMADEN_MAX_GAP_60MIN,TRUE,365,332,0,0,0,0,0,0,0,365,1260
CEMADEN,261360201C,SAO JOSE DO EGITO,SÃO JOSÉ DO EGITO,CEMADEN,PLUVIOMETRICA_AUTOMATICA,2019,CEMADEN_MAX_GAP_60MIN,TRUE,365,326,0,0,0,0,0,0,0,365,4065
CEMADEN,261360201C,SAO JOSE DO EGITO,SÃO JOSÉ DO EGITO,CEMADEN,PLUVIOMETRICA_AUTOMATICA,2020,CEMADEN_MAX_GAP_60MIN,TRUE,366,305,0,0,0,0,0,0,0,366,2880
CEMADEN,261360201C,SAO JOSE DO EGITO,SÃO JOSÉ DO EGITO,CEMADEN,PLUVIOMETRICA_AUTOMATICA,2021,CEMADEN_MAX_GAP_60MIN,TRUE,365,273,0,0,0,0,0,0,0,365,6000
CEMADEN,261360201C,SAO JOSE DO EGITO,SÃO JOSÉ DO EGITO,CEMADEN,PLUVIOMETRICA_AUTOMATICA,2022,CEMADEN_MAX_GAP_60MIN,TRUE,365,293,0,0,0,0,0,0,0,365,4980
CEMADEN,261360201C,SAO JOSE DO EGITO,SÃO JOSÉ DO EGITO,CEMADEN,PLUVIOMETRICA_AUTOMATICA,2023,CEMADEN_MAX_GAP_60MIN,TRUE,365,22,0,0,0,0,0,0,0,365,130420
CEMADEN,261370101A,Chã da Tábua,SÃO LOURENÇO DA MATA,CEMADEN,PLUVIOMETRICA_AUTOMATICA,2017,CEMADEN_MAX_GAP_60MIN,TRUE,365,363,344,344,347,0.942465753424658,0.942465753424658,0.950684931506849,0,3,60
CEMADEN,261370101A,Chã da Tábua,SÃO LOURENÇO DA MATA,CEMADEN,PLUVIOMETRICA_AUTOMATICA,2018,CEMADEN_MAX_GAP_60MIN,TRUE,365,365,346,349,351,0.947945205479452,0.956164383561644,0.961643835616438,0,2,68.0000000000001
CEMADEN,261370101A,Chã da Tábua,SÃO LOURENÇO DA MATA,CEMADEN,PLUVIOMETRICA_AUTOMATICA,2019,CEMADEN_MAX_GAP_60MIN,TRUE,365,354,291,303,307,0.797260273972603,0.83013698630137,0.841095890410959,0,15,517.999999999997
CEMADEN,261370101A,Chã da Tábua,SÃO LOURENÇO DA MATA,CEMADEN,PLUVIOMETRICA_AUTOMATICA,2020,CEMADEN_MAX_GAP_60MIN,TRUE,366,366,246,278,310,0.672131147540984,0.759562841530055,0.846994535519126,0,8,522.5
CEMADEN,261370101A,Chã da Tábua,SÃO LOURENÇO DA MATA,CEMADEN,PLUVIOMETRICA_AUTOMATICA,2021,CEMADEN_MAX_GAP_60MIN,TRUE,365,365,323,336,341,0.884931506849315,0.920547945205479,0.934246575342466,0,3,120
CEMADEN,261370101A,Chã da Tábua,SÃO LOURENÇO DA MATA,CEMADEN,PLUVIOMETRICA_AUTOMATICA,2022,CEMADEN_MAX_GAP_60MIN,TRUE,365,301,249,262,267,0.682191780821918,0.717808219178082,0.731506849315069,0,75,600
CEMADEN,261370101A,Chã da Tábua,SÃO LOURENÇO DA MATA,CEMADEN,PLUVIOMETRICA_AUTOMATICA,2023,CEMADEN_MAX_GAP_60MIN,TRUE,365,365,342,355,359,0.936986301369863,0.972602739726027,0.983561643835616,0,2,70
CEMADEN,261370101A,Chã da Tábua,SÃO LOURENÇO DA MATA,CEMADEN,PLUVIOMETRICA_AUTOMATICA,2024,CEMADEN_MAX_GAP_60MIN,TRUE,366,366,288,300,318,0.786885245901639,0.819672131147541,0.868852459016394,0,21,120
CEMADEN,261370101A,Chã da Tábua,SÃO LOURENÇO DA MATA,CEMADEN,PLUVIOMETRICA_AUTOMATICA,2025,CEMADEN_MAX_GAP_60MIN,TRUE,365,352,292,310,324,0.8,0.849315068493151,0.887671232876712,0,23,805
CEMADEN,261370102A,Nossa Senhora da Luz,SÃO LOURENÇO DA MATA,CEMADEN,PLUVIOMETRICA_AUTOMATICA,2017,CEMADEN_MAX_GAP_60MIN,TRUE,365,365,347,352,355,0.950684931506849,0.964383561643836,0.972602739726027,0,2,60
CEMADEN,261370102A,Nossa Senhora da Luz,SÃO LOURENÇO DA MATA,CEMADEN,PLUVIOMETRICA_AUTOMATICA,2018,CEMADEN_MAX_GAP_60MIN,TRUE,365,365,326,339,346,0.893150684931507,0.928767123287671,0.947945205479452,0,3,98.0000000000001
CEMADEN,261370102A,Nossa Senhora da Luz,SÃO LOURENÇO DA MATA,CEMADEN,PLUVIOMETRICA_AUTOMATICA,2019,CEMADEN_MAX_GAP_60MIN,TRUE,365,356,265,287,300,0.726027397260274,0.786301369863014,0.821917808219178,0,15,635
CEMADEN,261370102A,Nossa Senhora da Luz,SÃO LOURENÇO DA MATA,CEMADEN,PLUVIOMETRICA_AUTOMATICA,2020,CEMADEN_MAX_GAP_60MIN,TRUE,366,366,231,254,292,0.631147540983607,0.693989071038251,0.797814207650273,0,6,505
CEMADEN,261370102A,Nossa Senhora da Luz,SÃO LOURENÇO DA MATA,CEMADEN,PLUVIOMETRICA_AUTOMATICA,2021,CEMADEN_MAX_GAP_60MIN,TRUE,365,365,298,308,316,0.816438356164383,0.843835616438356,0.865753424657534,0,12,180
CEMADEN,261370102A,Nossa Senhora da Luz,SÃO LOURENÇO DA MATA,CEMADEN,PLUVIOMETRICA_AUTOMATICA,2022,CEMADEN_MAX_GAP_60MIN,TRUE,365,307,243,252,261,0.665753424657534,0.69041095890411,0.715068493150685,0,34,625
CEMADEN,261370102A,Nossa Senhora da Luz,SÃO LOURENÇO DA MATA,CEMADEN,PLUVIOMETRICA_AUTOMATICA,2024,CEMADEN_MAX_GAP_60MIN,TRUE,366,202,182,186,191,0.497267759562842,0.508196721311475,0.521857923497268,0,170,99.4999999999999
CEMADEN,261370102A,Nossa Senhora da Luz,SÃO LOURENÇO DA MATA,CEMADEN,PLUVIOMETRICA_AUTOMATICA,2025,CEMADEN_MAX_GAP_60MIN,TRUE,365,127,118,119,122,0.323287671232877,0.326027397260274,0.334246575342466,0,239,77.5
CEMADEN,261370103A,Tiúma,SÃO LOURENÇO DA MATA,CEMADEN,PLUVIOMETRICA_AUTOMATICA,2017,CEMADEN_MAX_GAP_60MIN,TRUE,365,363,340,344,347,0.931506849315068,0.942465753424658,0.950684931506849,0,3,70
CEMADEN,261370103A,Tiúma,SÃO LOURENÇO DA MATA,CEMADEN,PLUVIOMETRICA_AUTOMATICA,2018,CEMADEN_MAX_GAP_60MIN,TRUE,365,365,332,343,347,0.90958904109589,0.93972602739726,0.950684931506849,0,2,80
CEMADEN,261370103A,Tiúma,SÃO LOURENÇO DA MATA,CEMADEN,PLUVIOMETRICA_AUTOMATICA,2019,CEMADEN_MAX_GAP_60MIN,TRUE,365,355,277,291,299,0.758904109589041,0.797260273972603,0.819178082191781,0,15,532.000000000001
CEMADEN,261370103A,Tiúma,SÃO LOURENÇO DA MATA,CEMADEN,PLUVIOMETRICA_AUTOMATICA,2020,CEMADEN_MAX_GAP_60MIN,TRUE,366,366,243,279,308,0.663934426229508,0.762295081967213,0.841530054644809,0,8,480
CEMADEN,261370103A,Tiúma,SÃO LOURENÇO DA MATA,CEMADEN,PLUVIOMETRICA_AUTOMATICA,2021,CEMADEN_MAX_GAP_60MIN,TRUE,365,365,314,329,339,0.86027397260274,0.901369863013699,0.928767123287671,0,7,120
CEMADEN,261370103A,Tiúma,SÃO LOURENÇO DA MATA,CEMADEN,PLUVIOMETRICA_AUTOMATICA,2022,CEMADEN_MAX_GAP_60MIN,TRUE,365,365,281,307,316,0.76986301369863,0.841095890410959,0.865753424657534,0,6,136
CEMADEN,261370103A,Tiúma,SÃO LOURENÇO DA MATA,CEMADEN,PLUVIOMETRICA_AUTOMATICA,2023,CEMADEN_MAX_GAP_60MIN,TRUE,365,365,333,343,354,0.912328767123288,0.93972602739726,0.96986301369863,0,4,80
CEMADEN,261370103A,Tiúma,SÃO LOURENÇO DA MATA,CEMADEN,PLUVIOMETRICA_AUTOMATICA,2024,CEMADEN_MAX_GAP_60MIN,TRUE,366,366,338,352,359,0.923497267759563,0.961748633879781,0.980874316939891,0,2,70
CEMADEN,261370103A,Tiúma,SÃO LOURENÇO DA MATA,CEMADEN,PLUVIOMETRICA_AUTOMATICA,2025,CEMADEN_MAX_GAP_60MIN,TRUE,365,290,155,166,185,0.424657534246575,0.454794520547945,0.506849315068493,0,78,606
CEMADEN,261370104A,Rua dos Milagres,SÃO LOURENÇO DA MATA,CEMADEN,PLUVIOMETRICA_AUTOMATICA,2017,CEMADEN_MAX_GAP_60MIN,TRUE,365,133,129,129,129,0.353424657534247,0.353424657534247,0.353424657534247,0,147,60
CEMADEN,261370104A,Rua dos Milagres,SÃO LOURENÇO DA MATA,CEMADEN,PLUVIOMETRICA_AUTOMATICA,2018,CEMADEN_MAX_GAP_60MIN,TRUE,365,155,0,0,0,0,0,0,0,365,7580
CEMADEN,261370104A,Rua dos Milagres,SÃO LOURENÇO DA MATA,CEMADEN,PLUVIOMETRICA_AUTOMATICA,2019,CEMADEN_MAX_GAP_60MIN,TRUE,365,217,137,145,154,0.375342465753425,0.397260273972603,0.421917808219178,0,165,3393.99999999999
CEMADEN,261370104A,Rua dos Milagres,SÃO LOURENÇO DA MATA,CEMADEN,PLUVIOMETRICA_AUTOMATICA,2020,CEMADEN_MAX_GAP_60MIN,TRUE,366,366,181,210,235,0.494535519125683,0.573770491803279,0.642076502732241,0,15,370
CEMADEN,261370104A,Rua dos Milagres,SÃO LOURENÇO DA MATA,CEMADEN,PLUVIOMETRICA_AUTOMATICA,2021,CEMADEN_MAX_GAP_60MIN,TRUE,365,361,296,303,310,0.810958904109589,0.83013698630137,0.849315068493151,0,8,120
CEMADEN,261370104A,Rua dos Milagres,SÃO LOURENÇO DA MATA,CEMADEN,PLUVIOMETRICA_AUTOMATICA,2022,CEMADEN_MAX_GAP_60MIN,TRUE,365,365,342,345,348,0.936986301369863,0.945205479452055,0.953424657534246,0,5,80
CEMADEN,261370104A,Rua dos Milagres,SÃO LOURENÇO DA MATA,CEMADEN,PLUVIOMETRICA_AUTOMATICA,2023,CEMADEN_MAX_GAP_60MIN,TRUE,365,365,323,330,331,0.884931506849315,0.904109589041096,0.906849315068493,0,4,120
CEMADEN,261370104A,Rua dos Milagres,SÃO LOURENÇO DA MATA,CEMADEN,PLUVIOMETRICA_AUTOMATICA,2024,CEMADEN_MAX_GAP_60MIN,TRUE,366,366,353,359,360,0.96448087431694,0.980874316939891,0.983606557377049,0,2,60
CEMADEN,261370104A,Rua dos Milagres,SÃO LOURENÇO DA MATA,CEMADEN,PLUVIOMETRICA_AUTOMATICA,2025,CEMADEN_MAX_GAP_60MIN,TRUE,365,365,329,336,340,0.901369863013699,0.920547945205479,0.931506849315068,0,4,120
CEMADEN,261370105A,SAO LOURENCO DA MATA - APAC,SÃO LOURENÇO DA MATA,CEMADEN,PLUVIOMETRICA_AUTOMATICA,2017,CEMADEN_MAX_GAP_60MIN,TRUE,365,49,14,14,17,0.0383561643835616,0.0383561643835616,0.0465753424657534,0,318,146
CEMADEN,261370105A,SAO LOURENCO DA MATA - APAC,SÃO LOURENÇO DA MATA,CEMADEN,PLUVIOMETRICA_AUTOMATICA,2018,CEMADEN_MAX_GAP_60MIN,TRUE,365,145,94,102,109,0.257534246575342,0.279452054794521,0.298630136986301,0,174,1885.99999999997
CEMADEN,261370105A,SAO LOURENCO DA MATA - APAC,SÃO LOURENÇO DA MATA,CEMADEN,PLUVIOMETRICA_AUTOMATICA,2019,CEMADEN_MAX_GAP_60MIN,TRUE,365,213,169,177,184,0.463013698630137,0.484931506849315,0.504109589041096,0,140,1032
CEMADEN,261370105A,SAO LOURENCO DA MATA - APAC,SÃO LOURENÇO DA MATA,CEMADEN,PLUVIOMETRICA_AUTOMATICA,2020,CEMADEN_MAX_GAP_60MIN,TRUE,366,155,116,118,122,0.316939890710383,0.3224043715847,0.333333333333333,0,198,1487
CEMADEN,261370105A,SAO LOURENCO DA MATA - APAC,SÃO LOURENÇO DA MATA,CEMADEN,PLUVIOMETRICA_AUTOMATICA,2021,CEMADEN_MAX_GAP_60MIN,TRUE,365,219,174,188,200,0.476712328767123,0.515068493150685,0.547945205479452,0,149,121
CEMADEN,261370105A,SAO LOURENCO DA MATA - APAC,SÃO LOURENÇO DA MATA,CEMADEN,PLUVIOMETRICA_AUTOMATICA,2022,CEMADEN_MAX_GAP_60MIN,TRUE,365,34,25,28,29,0.0684931506849315,0.0767123287671233,0.0794520547945206,0,333,154
CEMADEN,261380001A,SAO VICENTE FERRER - APAC,SÃO VICENTE FERRER,CEMADEN,PLUVIOMETRICA_AUTOMATICA,2017,CEMADEN_MAX_GAP_60MIN,TRUE,365,28,5,5,6,0.0136986301369863,0.0136986301369863,0.0164383561643836,0,341,180
CEMADEN,261380001A,SAO VICENTE FERRER - APAC,SÃO VICENTE FERRER,CEMADEN,PLUVIOMETRICA_AUTOMATICA,2018,CEMADEN_MAX_GAP_60MIN,TRUE,365,365,304,318,323,0.832876712328767,0.871232876712329,0.884931506849315,0,8,120
CEMADEN,261380001A,SAO VICENTE FERRER - APAC,SÃO VICENTE FERRER,CEMADEN,PLUVIOMETRICA_AUTOMATICA,2019,CEMADEN_MAX_GAP_60MIN,TRUE,365,339,286,294,298,0.783561643835617,0.805479452054795,0.816438356164383,0,23,1615.99999999998
CEMADEN,261380001A,SAO VICENTE FERRER - APAC,SÃO VICENTE FERRER,CEMADEN,PLUVIOMETRICA_AUTOMATICA,2020,CEMADEN_MAX_GAP_60MIN,TRUE,366,300,202,209,216,0.551912568306011,0.57103825136612,0.59016393442623,0,139,1373.5
CEMADEN,261380001A,SAO VICENTE FERRER - APAC,SÃO VICENTE FERRER,CEMADEN,PLUVIOMETRICA_AUTOMATICA,2021,CEMADEN_MAX_GAP_60MIN,TRUE,365,365,307,322,333,0.841095890410959,0.882191780821918,0.912328767123288,0,3,120
CEMADEN,261380001A,SAO VICENTE FERRER - APAC,SÃO VICENTE FERRER,CEMADEN,PLUVIOMETRICA_AUTOMATICA,2022,CEMADEN_MAX_GAP_60MIN,TRUE,365,365,289,298,317,0.791780821917808,0.816438356164383,0.868493150684932,0,9,130
CEMADEN,261380001A,SAO VICENTE FERRER - APAC,SÃO VICENTE FERRER,CEMADEN,PLUVIOMETRICA_AUTOMATICA,2023,CEMADEN_MAX_GAP_60MIN,TRUE,365,365,333,346,353,0.912328767123288,0.947945205479452,0.967123287671233,0,2,78.0000000000001
CEMADEN,261380001A,SAO VICENTE FERRER - APAC,SÃO VICENTE FERRER,CEMADEN,PLUVIOMETRICA_AUTOMATICA,2024,CEMADEN_MAX_GAP_60MIN,TRUE,366,347,303,316,322,0.827868852459016,0.863387978142077,0.879781420765027,0,14,120
CEMADEN,261380001A,SAO VICENTE FERRER - APAC,SÃO VICENTE FERRER,CEMADEN,PLUVIOMETRICA_AUTOMATICA,2025,CEMADEN_MAX_GAP_60MIN,TRUE,365,305,193,203,209,0.528767123287671,0.556164383561644,0.572602739726027,0,150,3170
CEMADEN,261380002A,G2-261380002A,SÃO VICENTE FERRER,CEMADEN,PLUVIOMETRICA_AUTOMATICA,2025,CEMADEN_MAX_GAP_60MIN,TRUE,365,127,82,95,96,0.224657534246575,0.26027397260274,0.263013698630137,0,250,120
CEMADEN,261390901A,Serra Talhada [DNOCS] - APAC,SERRA TALHADA,CEMADEN,PLUVIOMETRICA_AUTOMATICA,2024,CEMADEN_MAX_GAP_60MIN,TRUE,366,181,133,140,143,0.363387978142077,0.382513661202186,0.390710382513661,0,176,1410
CEMADEN,261390901A,Serra Talhada [DNOCS] - APAC,SERRA TALHADA,CEMADEN,PLUVIOMETRICA_AUTOMATICA,2025,CEMADEN_MAX_GAP_60MIN,TRUE,365,176,158,162,165,0.432876712328767,0.443835616438356,0.452054794520548,0,104,120
CEMADEN,261390901C,SERRA TALHADA,SERRA TALHADA,CEMADEN,PLUVIOMETRICA_AUTOMATICA,2017,CEMADEN_MAX_GAP_60MIN,TRUE,365,11,2,2,2,0.00547945205479452,0.00547945205479452,0.00547945205479452,0,297,209010
CEMADEN,261390901C,SERRA TALHADA,SERRA TALHADA,CEMADEN,PLUVIOMETRICA_AUTOMATICA,2018,CEMADEN_MAX_GAP_60MIN,TRUE,365,316,301,301,301,0.824657534246575,0.824657534246575,0.824657534246575,0,36,60
CEMADEN,261390901C,SERRA TALHADA,SERRA TALHADA,CEMADEN,PLUVIOMETRICA_AUTOMATICA,2019,CEMADEN_MAX_GAP_60MIN,TRUE,365,343,279,279,279,0.764383561643836,0.764383561643836,0.764383561643836,0,43,2879.99999999998
CEMADEN,261390901C,SERRA TALHADA,SERRA TALHADA,CEMADEN,PLUVIOMETRICA_AUTOMATICA,2020,CEMADEN_MAX_GAP_60MIN,TRUE,366,366,248,248,248,0.677595628415301,0.677595628415301,0.677595628415301,0,70,960
CEMADEN,261390901C,SERRA TALHADA,SERRA TALHADA,CEMADEN,PLUVIOMETRICA_AUTOMATICA,2021,CEMADEN_MAX_GAP_60MIN,TRUE,365,175,0,0,0,0,0,0,0,365,6894
CEMADEN,261390901C,SERRA TALHADA,SERRA TALHADA,CEMADEN,PLUVIOMETRICA_AUTOMATICA,2022,CEMADEN_MAX_GAP_60MIN,TRUE,365,181,173,173,173,0.473972602739726,0.473972602739726,0.473972602739726,0,172,60
CEMADEN,261390901C,SERRA TALHADA,SERRA TALHADA,CEMADEN,PLUVIOMETRICA_AUTOMATICA,2023,CEMADEN_MAX_GAP_60MIN,TRUE,365,343,325,326,326,0.89041095890411,0.893150684931507,0.893150684931507,0,7,68.9999999999998
CEMADEN,261390901C,SERRA TALHADA,SERRA TALHADA,CEMADEN,PLUVIOMETRICA_AUTOMATICA,2024,CEMADEN_MAX_GAP_60MIN,TRUE,366,343,284,284,284,0.775956284153005,0.775956284153005,0.775956284153005,0,44,1074
CEMADEN,261390901C,SERRA TALHADA,SERRA TALHADA,CEMADEN,PLUVIOMETRICA_AUTOMATICA,2025,CEMADEN_MAX_GAP_60MIN,TRUE,365,87,84,84,84,0.23013698630137,0.23013698630137,0.23013698630137,0,217,60
CEMADEN,261390902A,G2-261390902A | G2-Ginásio AESET,SERRA TALHADA,CEMADEN,PLUVIOMETRICA_AUTOMATICA,2025,CEMADEN_MAX_GAP_60MIN,TRUE,365,105,19,20,20,0.052054794520548,0.0547945205479452,0.0547945205479452,0,332,180
CEMADEN,261390903A,G2-261390903A | G2-Varzinha,SERRA TALHADA,CEMADEN,PLUVIOMETRICA_AUTOMATICA,2025,CEMADEN_MAX_GAP_60MIN,TRUE,365,105,80,87,87,0.219178082191781,0.238356164383562,0.238356164383562,0,262,120
CEMADEN,261390904A,G2-261390904A | G2-Policlínica do IPSEP,SERRA TALHADA,CEMADEN,PLUVIOMETRICA_AUTOMATICA,2025,CEMADEN_MAX_GAP_60MIN,TRUE,365,104,59,62,62,0.161643835616438,0.16986301369863,0.16986301369863,0,262,120
CEMADEN,261400601A,IPUEIRA - APAC,SERRITA,CEMADEN,PLUVIOMETRICA_AUTOMATICA,2018,CEMADEN_MAX_GAP_60MIN,TRUE,365,92,0,0,0,0,0,0,0,365,19430
CEMADEN,261400601A,IPUEIRA - APAC,SERRITA,CEMADEN,PLUVIOMETRICA_AUTOMATICA,2019,CEMADEN_MAX_GAP_60MIN,TRUE,365,42,0,0,0,0,0,0,0,365,17305
CEMADEN,261400601A,IPUEIRA - APAC,SERRITA,CEMADEN,PLUVIOMETRICA_AUTOMATICA,2023,CEMADEN_MAX_GAP_60MIN,TRUE,365,117,98,100,101,0.268493150684932,0.273972602739726,0.276712328767123,0,249,205.999999999998
CEMADEN,261400601A,IPUEIRA - APAC,SERRITA,CEMADEN,PLUVIOMETRICA_AUTOMATICA,2024,CEMADEN_MAX_GAP_60MIN,TRUE,366,336,219,226,237,0.598360655737705,0.617486338797814,0.647540983606557,0,21,1697.5
CEMADEN,261400601A,IPUEIRA - APAC,SERRITA,CEMADEN,PLUVIOMETRICA_AUTOMATICA,2025,CEMADEN_MAX_GAP_60MIN,TRUE,365,268,144,153,163,0.394520547945205,0.419178082191781,0.446575342465753,0,74,5190
CEMADEN,261400601U,SERRITA,SERRITA,CEMADEN,PLUVIOMETRICA_AUTOMATICA,2017,CEMADEN_MAX_GAP_60MIN,TRUE,365,183,145,147,147,0.397260273972603,0.402739726027397,0.402739726027397,0,151,16218.5
CEMADEN,261400601U,SERRITA,SERRITA,CEMADEN,PLUVIOMETRICA_AUTOMATICA,2018,CEMADEN_MAX_GAP_60MIN,TRUE,365,136,68,68,69,0.186301369863014,0.186301369863014,0.189041095890411,0,149,1260
CEMADEN,261400601U,SERRITA,SERRITA,CEMADEN,PLUVIOMETRICA_AUTOMATICA,2019,CEMADEN_MAX_GAP_60MIN,TRUE,365,94,92,92,92,0.252054794520548,0.252054794520548,0.252054794520548,0,170,60
CEMADEN,261400601U,SERRITA,SERRITA,CEMADEN,PLUVIOMETRICA_AUTOMATICA,2023,CEMADEN_MAX_GAP_60MIN,TRUE,365,146,104,104,104,0.284931506849315,0.284931506849315,0.284931506849315,0,142,9059.99999999984
CEMADEN,261410501A,MODERNA - APAC,SERTÂNIA,CEMADEN,PLUVIOMETRICA_AUTOMATICA,2018,CEMADEN_MAX_GAP_60MIN,TRUE,365,350,113,160,214,0.30958904109589,0.438356164383562,0.586301369863014,0,58,160
CEMADEN,261410501A,MODERNA - APAC,SERTÂNIA,CEMADEN,PLUVIOMETRICA_AUTOMATICA,2019,CEMADEN_MAX_GAP_60MIN,TRUE,365,320,22,52,107,0.0602739726027397,0.142465753424658,0.293150684931507,0,162,1490
CEMADEN,261410501A,MODERNA - APAC,SERTÂNIA,CEMADEN,PLUVIOMETRICA_AUTOMATICA,2020,CEMADEN_MAX_GAP_60MIN,TRUE,366,226,6,49,99,0.0163934426229508,0.133879781420765,0.270491803278689,0,238,2627.5
CEMADEN,261410501A,MODERNA - APAC,SERTÂNIA,CEMADEN,PLUVIOMETRICA_AUTOMATICA,2021,CEMADEN_MAX_GAP_60MIN,TRUE,365,140,28,58,74,0.0767123287671233,0.158904109589041,0.202739726027397,0,268,161
CEMADEN,261410501A,MODERNA - APAC,SERTÂNIA,CEMADEN,PLUVIOMETRICA_AUTOMATICA,2022,CEMADEN_MAX_GAP_60MIN,TRUE,365,363,158,238,257,0.432876712328767,0.652054794520548,0.704109589041096,0,12,189
CEMADEN,261410501A,MODERNA - APAC,SERTÂNIA,CEMADEN,PLUVIOMETRICA_AUTOMATICA,2023,CEMADEN_MAX_GAP_60MIN,TRUE,365,365,341,349,353,0.934246575342466,0.956164383561644,0.967123287671233,0,2,70
CEMADEN,261410501A,MODERNA - APAC,SERTÂNIA,CEMADEN,PLUVIOMETRICA_AUTOMATICA,2024,CEMADEN_MAX_GAP_60MIN,TRUE,366,342,302,308,310,0.825136612021858,0.841530054644809,0.846994535519126,0,20,549.5
CEMADEN,261410501A,MODERNA - APAC,SERTÂNIA,CEMADEN,PLUVIOMETRICA_AUTOMATICA,2025,CEMADEN_MAX_GAP_60MIN,TRUE,365,365,331,343,345,0.906849315068493,0.93972602739726,0.945205479452055,0,2,96.9999999999993
CEMADEN,261410501C,SERTANIA,SERTÂNIA,CEMADEN,PLUVIOMETRICA_AUTOMATICA,2017,CEMADEN_MAX_GAP_60MIN,TRUE,365,185,94,94,94,0.257534246575342,0.257534246575342,0.257534246575342,0,59,15640
CEMADEN,261410501C,SERTANIA,SERTÂNIA,CEMADEN,PLUVIOMETRICA_AUTOMATICA,2018,CEMADEN_MAX_GAP_60MIN,TRUE,365,344,284,284,284,0.778082191780822,0.778082191780822,0.778082191780822,0,32,2280
CEMADEN,261410501C,SERTANIA,SERTÂNIA,CEMADEN,PLUVIOMETRICA_AUTOMATICA,2019,CEMADEN_MAX_GAP_60MIN,TRUE,365,334,179,179,179,0.49041095890411,0.49041095890411,0.49041095890411,0,87,1440
CEMADEN,261410501C,SERTANIA,SERTÂNIA,CEMADEN,PLUVIOMETRICA_AUTOMATICA,2020,CEMADEN_MAX_GAP_60MIN,TRUE,366,224,0,0,0,0,0,0,0,366,4380
CEMADEN,261410501C,SERTANIA,SERTÂNIA,CEMADEN,PLUVIOMETRICA_AUTOMATICA,2021,CEMADEN_MAX_GAP_60MIN,TRUE,365,355,0,0,0,0,0,0,0,365,1380
CEMADEN,261410501C,SERTANIA,SERTÂNIA,CEMADEN,PLUVIOMETRICA_AUTOMATICA,2022,CEMADEN_MAX_GAP_60MIN,TRUE,365,328,245,245,245,0.671232876712329,0.671232876712329,0.671232876712329,0,109,3695.99999999997
CEMADEN,261410501C,SERTANIA,SERTÂNIA,CEMADEN,PLUVIOMETRICA_AUTOMATICA,2023,CEMADEN_MAX_GAP_60MIN,TRUE,365,355,328,328,328,0.898630136986301,0.898630136986301,0.898630136986301,0,5,120
CEMADEN,261410501C,SERTANIA,SERTÂNIA,CEMADEN,PLUVIOMETRICA_AUTOMATICA,2024,CEMADEN_MAX_GAP_60MIN,TRUE,366,14,11,11,11,0.0300546448087432,0.0300546448087432,0.0300546448087432,0,351,332829
CEMADEN,261410501C,SERTANIA,SERTÂNIA,CEMADEN,PLUVIOMETRICA_AUTOMATICA,2025,CEMADEN_MAX_GAP_60MIN,TRUE,365,20,7,7,7,0.0191780821917808,0.0191780821917808,0.0191780821917808,0,305,97367.999999998
CEMADEN,261410502A,G2-261410502A | G2-CSU - Sertânia,SERTÂNIA,CEMADEN,PLUVIOMETRICA_AUTOMATICA,2025,CEMADEN_MAX_GAP_60MIN,TRUE,365,114,86,95,96,0.235616438356164,0.26027397260274,0.263013698630137,0,253,120
CEMADEN,261410502C,SERTANIA 2,SERTÂNIA,CEMADEN,PLUVIOMETRICA_AUTOMATICA,2017,CEMADEN_MAX_GAP_60MIN,TRUE,365,17,0,0,0,0,0,0,0,365,206700
CEMADEN,261410502C,SERTANIA 2,SERTÂNIA,CEMADEN,PLUVIOMETRICA_AUTOMATICA,2018,CEMADEN_MAX_GAP_60MIN,TRUE,365,332,0,0,0,0,0,0,0,365,1260
CEMADEN,261410502C,SERTANIA 2,SERTÂNIA,CEMADEN,PLUVIOMETRICA_AUTOMATICA,2019,CEMADEN_MAX_GAP_60MIN,TRUE,365,96,0,0,0,0,0,0,0,365,1260
CEMADEN,261410502C,SERTANIA 2,SERTÂNIA,CEMADEN,PLUVIOMETRICA_AUTOMATICA,2021,CEMADEN_MAX_GAP_60MIN,TRUE,365,66,0,0,0,0,0,0,0,365,12120
CEMADEN,261410502C,SERTANIA 2,SERTÂNIA,CEMADEN,PLUVIOMETRICA_AUTOMATICA,2022,CEMADEN_MAX_GAP_60MIN,TRUE,365,330,0,0,0,0,0,0,0,365,3390.00000000001
CEMADEN,261410502C,SERTANIA 2,SERTÂNIA,CEMADEN,PLUVIOMETRICA_AUTOMATICA,2023,CEMADEN_MAX_GAP_60MIN,TRUE,365,101,0,0,0,0,0,0,0,365,10980
CEMADEN,261410502C,SERTANIA 2,SERTÂNIA,CEMADEN,PLUVIOMETRICA_AUTOMATICA,2024,CEMADEN_MAX_GAP_60MIN,TRUE,366,11,0,0,0,0,0,0,0,366,5040
CEMADEN,261410503A,G2-261410503A | G2-Parque de Exposição,SERTÂNIA,CEMADEN,PLUVIOMETRICA_AUTOMATICA,2025,CEMADEN_MAX_GAP_60MIN,TRUE,365,114,89,98,98,0.243835616438356,0.268493150684932,0.268493150684932,0,253,120
CEMADEN,261410504A,G2-261410504A | G2-PRF - Cruzeiro do Nordeste,SERTÂNIA,CEMADEN,PLUVIOMETRICA_AUTOMATICA,2025,CEMADEN_MAX_GAP_60MIN,TRUE,365,113,80,87,87,0.219178082191781,0.238356164383562,0.238356164383562,0,253,120
CEMADEN,261420401A,Centro,SIRINHAÉM,CEMADEN,PLUVIOMETRICA_AUTOMATICA,2017,CEMADEN_MAX_GAP_60MIN,TRUE,365,365,345,351,354,0.945205479452055,0.961643835616438,0.96986301369863,0,2,68.4999999999997
CEMADEN,261420401A,Centro,SIRINHAÉM,CEMADEN,PLUVIOMETRICA_AUTOMATICA,2018,CEMADEN_MAX_GAP_60MIN,TRUE,365,365,319,330,339,0.873972602739726,0.904109589041096,0.928767123287671,0,3,120
CEMADEN,261420401A,Centro,SIRINHAÉM,CEMADEN,PLUVIOMETRICA_AUTOMATICA,2019,CEMADEN_MAX_GAP_60MIN,TRUE,365,355,258,275,290,0.706849315068493,0.753424657534247,0.794520547945206,0,15,696
CEMADEN,261420401A,Centro,SIRINHAÉM,CEMADEN,PLUVIOMETRICA_AUTOMATICA,2020,CEMADEN_MAX_GAP_60MIN,TRUE,366,366,171,192,230,0.467213114754098,0.524590163934426,0.628415300546448,0,20,347.5
CEMADEN,261420401A,Centro,SIRINHAÉM,CEMADEN,PLUVIOMETRICA_AUTOMATICA,2021,CEMADEN_MAX_GAP_60MIN,TRUE,365,362,282,304,311,0.772602739726028,0.832876712328767,0.852054794520548,0,8,120
CEMADEN,261420401A,Centro,SIRINHAÉM,CEMADEN,PLUVIOMETRICA_AUTOMATICA,2022,CEMADEN_MAX_GAP_60MIN,TRUE,365,364,322,335,340,0.882191780821918,0.917808219178082,0.931506849315068,0,6,130
CEMADEN,261420401A,Centro,SIRINHAÉM,CEMADEN,PLUVIOMETRICA_AUTOMATICA,2023,CEMADEN_MAX_GAP_60MIN,TRUE,365,239,159,162,162,0.435616438356164,0.443835616438356,0.443835616438356,0,111,2880
CEMADEN,261420401A,Centro,SIRINHAÉM,CEMADEN,PLUVIOMETRICA_AUTOMATICA,2024,CEMADEN_MAX_GAP_60MIN,TRUE,366,317,121,121,121,0.330601092896175,0.330601092896175,0.330601092896175,0,102,2490
CEMADEN,261420401A,Centro,SIRINHAÉM,CEMADEN,PLUVIOMETRICA_AUTOMATICA,2025,CEMADEN_MAX_GAP_60MIN,TRUE,365,342,96,100,104,0.263013698630137,0.273972602739726,0.284931506849315,0,134,2400
CEMADEN,261420402A,SIRINHAEM - APAC,SIRINHAÉM,CEMADEN,PLUVIOMETRICA_AUTOMATICA,2017,CEMADEN_MAX_GAP_60MIN,TRUE,365,38,3,3,3,0.00821917808219178,0.00821917808219178,0.00821917808219178,0,328,279.999999999998
CEMADEN,261420402A,SIRINHAEM - APAC,SIRINHAÉM,CEMADEN,PLUVIOMETRICA_AUTOMATICA,2018,CEMADEN_MAX_GAP_60MIN,TRUE,365,365,259,272,288,0.70958904109589,0.745205479452055,0.789041095890411,0,16,120
CEMADEN,261420402A,SIRINHAEM - APAC,SIRINHAÉM,CEMADEN,PLUVIOMETRICA_AUTOMATICA,2019,CEMADEN_MAX_GAP_60MIN,TRUE,365,347,289,299,305,0.791780821917808,0.819178082191781,0.835616438356164,0,12,923.999999999996
CEMADEN,261420402A,SIRINHAEM - APAC,SIRINHAÉM,CEMADEN,PLUVIOMETRICA_AUTOMATICA,2020,CEMADEN_MAX_GAP_60MIN,TRUE,366,238,149,163,176,0.407103825136612,0.445355191256831,0.480874316939891,0,141,1222
CEMADEN,261420402A,SIRINHAEM - APAC,SIRINHAÉM,CEMADEN,PLUVIOMETRICA_AUTOMATICA,2021,CEMADEN_MAX_GAP_60MIN,TRUE,365,183,147,157,164,0.402739726027397,0.43013698630137,0.449315068493151,0,184,129
CEMADEN,261420402A,SIRINHAEM - APAC,SIRINHAÉM,CEMADEN,PLUVIOMETRICA_AUTOMATICA,2022,CEMADEN_MAX_GAP_60MIN,TRUE,365,99,51,54,57,0.13972602739726,0.147945205479452,0.156164383561644,0,170,33887
CEMADEN,261420402A,SIRINHAEM - APAC,SIRINHAÉM,CEMADEN,PLUVIOMETRICA_AUTOMATICA,2023,CEMADEN_MAX_GAP_60MIN,TRUE,365,13,1,1,1,0.00273972602739726,0.00273972602739726,0.00273972602739726,0,220,249240
CEMADEN,261420402A,SIRINHAEM - APAC,SIRINHAÉM,CEMADEN,PLUVIOMETRICA_AUTOMATICA,2024,CEMADEN_MAX_GAP_60MIN,TRUE,366,10,1,1,1,0.00273224043715847,0.00273224043715847,0.00273224043715847,0,292,225218
CEMADEN,261430301A,MOREILANDIA - APAC,MOREILÂNDIA,CEMADEN,PLUVIOMETRICA_AUTOMATICA,2018,CEMADEN_MAX_GAP_60MIN,TRUE,365,341,289,298,300,0.791780821917808,0.816438356164383,0.821917808219178,0,31,120
CEMADEN,261430301A,MOREILANDIA - APAC,MOREILÂNDIA,CEMADEN,PLUVIOMETRICA_AUTOMATICA,2019,CEMADEN_MAX_GAP_60MIN,TRUE,365,344,288,292,299,0.789041095890411,0.8,0.819178082191781,0,12,353.999999999999
CEMADEN,261430301A,MOREILANDIA - APAC,MOREILÂNDIA,CEMADEN,PLUVIOMETRICA_AUTOMATICA,2021,CEMADEN_MAX_GAP_60MIN,TRUE,365,104,53,56,58,0.145205479452055,0.153424657534247,0.158904109589041,0,299,19960
CEMADEN,261430301A,MOREILANDIA - APAC,MOREILÂNDIA,CEMADEN,PLUVIOMETRICA_AUTOMATICA,2022,CEMADEN_MAX_GAP_60MIN,TRUE,365,365,279,294,304,0.764383561643836,0.805479452054795,0.832876712328767,0,8,238
CEMADEN,261430301A,MOREILANDIA - APAC,MOREILÂNDIA,CEMADEN,PLUVIOMETRICA_AUTOMATICA,2023,CEMADEN_MAX_GAP_60MIN,TRUE,365,365,327,336,347,0.895890410958904,0.920547945205479,0.950684931506849,0,2,88.0000000000001
CEMADEN,261430301A,MOREILANDIA - APAC,MOREILÂNDIA,CEMADEN,PLUVIOMETRICA_AUTOMATICA,2024,CEMADEN_MAX_GAP_60MIN,TRUE,366,349,302,314,322,0.825136612021858,0.85792349726776,0.879781420765027,0,14,186
CEMADEN,261430301A,MOREILANDIA - APAC,MOREILÂNDIA,CEMADEN,PLUVIOMETRICA_AUTOMATICA,2025,CEMADEN_MAX_GAP_60MIN,TRUE,365,146,125,130,134,0.342465753424658,0.356164383561644,0.367123287671233,0,212,203.999999999999
CEMADEN,261440201A,SOLIDAO - APAC,SOLIDÃO,CEMADEN,PLUVIOMETRICA_AUTOMATICA,2023,CEMADEN_MAX_GAP_60MIN,TRUE,365,127,95,97,97,0.26027397260274,0.265753424657534,0.265753424657534,0,196,472.5
CEMADEN,261440201A,SOLIDAO - APAC,SOLIDÃO,CEMADEN,PLUVIOMETRICA_AUTOMATICA,2024,CEMADEN_MAX_GAP_60MIN,TRUE,366,361,321,325,330,0.877049180327869,0.887978142076503,0.901639344262295,0,5,490
CEMADEN,261440201A,SOLIDAO - APAC,SOLIDÃO,CEMADEN,PLUVIOMETRICA_AUTOMATICA,2025,CEMADEN_MAX_GAP_60MIN,TRUE,365,365,343,348,349,0.93972602739726,0.953424657534246,0.956164383561644,0,2,70
CEMADEN,261450101A,Surubim [Bombeiros] - APAC,SURUBIM,CEMADEN,PLUVIOMETRICA_AUTOMATICA,2023,CEMADEN_MAX_GAP_60MIN,TRUE,365,297,258,261,263,0.706849315068493,0.715068493150685,0.72054794520548,0,69,120
CEMADEN,261450101A,Surubim [Bombeiros] - APAC,SURUBIM,CEMADEN,PLUVIOMETRICA_AUTOMATICA,2024,CEMADEN_MAX_GAP_60MIN,TRUE,366,366,354,358,358,0.967213114754098,0.978142076502732,0.978142076502732,0,2,60
CEMADEN,261450101A,Surubim [Bombeiros] - APAC,SURUBIM,CEMADEN,PLUVIOMETRICA_AUTOMATICA,2025,CEMADEN_MAX_GAP_60MIN,TRUE,365,365,347,350,351,0.950684931506849,0.958904109589041,0.961643835616438,0,2,60
CEMADEN,261460001A,Tabira [Compesa] - APAC,TABIRA,CEMADEN,PLUVIOMETRICA_AUTOMATICA,2024,CEMADEN_MAX_GAP_60MIN,TRUE,366,182,127,135,143,0.346994535519126,0.368852459016393,0.390710382513661,0,173,1100
CEMADEN,261460001A,Tabira [Compesa] - APAC,TABIRA,CEMADEN,PLUVIOMETRICA_AUTOMATICA,2025,CEMADEN_MAX_GAP_60MIN,TRUE,365,240,164,171,172,0.449315068493151,0.468493150684932,0.471232876712329,0,134,5680
CEMADEN,261460001C,TABIRA,TABIRA,CEMADEN,PLUVIOMETRICA_AUTOMATICA,2017,CEMADEN_MAX_GAP_60MIN,TRUE,365,70,0,0,0,0,0,0,0,365,35255.9999999999
CEMADEN,261460001C,TABIRA,TABIRA,CEMADEN,PLUVIOMETRICA_AUTOMATICA,2018,CEMADEN_MAX_GAP_60MIN,TRUE,365,23,2,2,2,0.00547945205479452,0.00547945205479452,0.00547945205479452,0,326,40806
CEMADEN,261460001C,TABIRA,TABIRA,CEMADEN,PLUVIOMETRICA_AUTOMATICA,2022,CEMADEN_MAX_GAP_60MIN,TRUE,365,8,6,6,6,0.0164383561643836,0.0164383561643836,0.0164383561643836,0,181,1611894
CEMADEN,261470901A,Centro,TACAIMBÓ,CEMADEN,PLUVIOMETRICA_AUTOMATICA,2017,CEMADEN_MAX_GAP_60MIN,TRUE,365,365,343,351,351,0.93972602739726,0.961643835616438,0.961643835616438,0,2,70
CEMADEN,261470901A,Centro,TACAIMBÓ,CEMADEN,PLUVIOMETRICA_AUTOMATICA,2018,CEMADEN_MAX_GAP_60MIN,TRUE,365,365,334,340,343,0.915068493150685,0.931506849315068,0.93972602739726,0,2,116
CEMADEN,261470901A,Centro,TACAIMBÓ,CEMADEN,PLUVIOMETRICA_AUTOMATICA,2019,CEMADEN_MAX_GAP_60MIN,TRUE,365,362,305,310,316,0.835616438356164,0.849315068493151,0.865753424657534,0,15,704.999999999999
CEMADEN,261470901A,Centro,TACAIMBÓ,CEMADEN,PLUVIOMETRICA_AUTOMATICA,2020,CEMADEN_MAX_GAP_60MIN,TRUE,366,366,267,291,314,0.729508196721312,0.795081967213115,0.85792349726776,0,8,430
CEMADEN,261470901A,Centro,TACAIMBÓ,CEMADEN,PLUVIOMETRICA_AUTOMATICA,2021,CEMADEN_MAX_GAP_60MIN,TRUE,365,87,75,75,76,0.205479452054795,0.205479452054795,0.208219178082192,0,281,120
CEMADEN,261470902A,TACAIMBO - APAC,TACAIMBÓ,CEMADEN,PLUVIOMETRICA_AUTOMATICA,2017,CEMADEN_MAX_GAP_60MIN,TRUE,365,34,4,4,5,0.010958904109589,0.010958904109589,0.0136986301369863,0,338,780
CEMADEN,261470902A,TACAIMBO - APAC,TACAIMBÓ,CEMADEN,PLUVIOMETRICA_AUTOMATICA,2018,CEMADEN_MAX_GAP_60MIN,TRUE,365,361,241,247,253,0.66027397260274,0.676712328767123,0.693150684931507,0,15,1260
CEMADEN,261470902A,TACAIMBO - APAC,TACAIMBÓ,CEMADEN,PLUVIOMETRICA_AUTOMATICA,2019,CEMADEN_MAX_GAP_60MIN,TRUE,365,344,97,110,133,0.265753424657534,0.301369863013699,0.364383561643836,0,140,1150.5
CEMADEN,261470902A,TACAIMBO - APAC,TACAIMBÓ,CEMADEN,PLUVIOMETRICA_AUTOMATICA,2020,CEMADEN_MAX_GAP_60MIN,TRUE,366,223,77,85,90,0.210382513661202,0.23224043715847,0.245901639344262,0,120,2290
CEMADEN,261470902A,TACAIMBO - APAC,TACAIMBÓ,CEMADEN,PLUVIOMETRICA_AUTOMATICA,2021,CEMADEN_MAX_GAP_60MIN,TRUE,365,172,5,11,22,0.0136986301369863,0.0301369863013699,0.0602739726027397,0,228,859.499999999999
CEMADEN,261470902A,TACAIMBO - APAC,TACAIMBÓ,CEMADEN,PLUVIOMETRICA_AUTOMATICA,2022,CEMADEN_MAX_GAP_60MIN,TRUE,365,363,196,206,224,0.536986301369863,0.564383561643836,0.613698630136986,0,62,650
CEMADEN,261470902A,TACAIMBO - APAC,TACAIMBÓ,CEMADEN,PLUVIOMETRICA_AUTOMATICA,2023,CEMADEN_MAX_GAP_60MIN,TRUE,365,365,302,313,323,0.827397260273973,0.857534246575342,0.884931506849315,0,3,120
CEMADEN,261470902A,TACAIMBO - APAC,TACAIMBÓ,CEMADEN,PLUVIOMETRICA_AUTOMATICA,2024,CEMADEN_MAX_GAP_60MIN,TRUE,366,283,196,205,215,0.53551912568306,0.560109289617486,0.587431693989071,0,105,2960
CEMADEN,261470902A,TACAIMBO - APAC,TACAIMBÓ,CEMADEN,PLUVIOMETRICA_AUTOMATICA,2025,CEMADEN_MAX_GAP_60MIN,TRUE,365,365,340,349,349,0.931506849315068,0.956164383561644,0.956164383561644,0,3,70
CEMADEN,261470903A,G2-261470903A | G2-Escola Mun Maria Luíza,TACAIMBÓ,CEMADEN,PLUVIOMETRICA_AUTOMATICA,2025,CEMADEN_MAX_GAP_60MIN,TRUE,365,120,100,107,108,0.273972602739726,0.293150684931507,0.295890410958904,0,247,120
CEMADEN,261470904A,G2-261470904A | G2-Prefeitura,TACAIMBÓ,CEMADEN,PLUVIOMETRICA_AUTOMATICA,2025,CEMADEN_MAX_GAP_60MIN,TRUE,365,120,100,107,107,0.273972602739726,0.293150684931507,0.293150684931507,0,247,120
CEMADEN,261480801A,Tacaratu [Secretária de Desenvolvimento Social] - APAC,TACARATU,CEMADEN,PLUVIOMETRICA_AUTOMATICA,2023,CEMADEN_MAX_GAP_60MIN,TRUE,365,304,235,245,253,0.643835616438356,0.671232876712329,0.693150684931507,0,63,219
CEMADEN,261480801A,Tacaratu [Secretária de Desenvolvimento Social] - APAC,TACARATU,CEMADEN,PLUVIOMETRICA_AUTOMATICA,2024,CEMADEN_MAX_GAP_60MIN,TRUE,366,264,191,202,206,0.521857923497268,0.551912568306011,0.562841530054645,0,106,318.5
CEMADEN,261480801A,Tacaratu [Secretária de Desenvolvimento Social] - APAC,TACARATU,CEMADEN,PLUVIOMETRICA_AUTOMATICA,2025,CEMADEN_MAX_GAP_60MIN,TRUE,365,365,291,305,315,0.797260273972603,0.835616438356164,0.863013698630137,0,6,250.999999999998
CEMADEN,261480801C,TACARATU,TACARATU,CEMADEN,PLUVIOMETRICA_AUTOMATICA,2017,CEMADEN_MAX_GAP_60MIN,TRUE,365,134,34,34,34,0.0931506849315068,0.0931506849315068,0.0931506849315068,0,155,11470
CEMADEN,261480801C,TACARATU,TACARATU,CEMADEN,PLUVIOMETRICA_AUTOMATICA,2018,CEMADEN_MAX_GAP_60MIN,TRUE,365,340,324,324,324,0.887671232876712,0.887671232876712,0.887671232876712,0,26,60
CEMADEN,261480801C,TACARATU,TACARATU,CEMADEN,PLUVIOMETRICA_AUTOMATICA,2019,CEMADEN_MAX_GAP_60MIN,TRUE,365,300,240,240,240,0.657534246575342,0.657534246575342,0.657534246575342,0,85,3138
CEMADEN,261480801C,TACARATU,TACARATU,CEMADEN,PLUVIOMETRICA_AUTOMATICA,2020,CEMADEN_MAX_GAP_60MIN,TRUE,366,132,3,3,3,0.00819672131147541,0.00819672131147541,0.00819672131147541,0,312,2700
CEMADEN,261480801C,TACARATU,TACARATU,CEMADEN,PLUVIOMETRICA_AUTOMATICA,2022,CEMADEN_MAX_GAP_60MIN,TRUE,365,186,183,183,183,0.501369863013699,0.501369863013699,0.501369863013699,0,180,60
CEMADEN,261480801C,TACARATU,TACARATU,CEMADEN,PLUVIOMETRICA_AUTOMATICA,2023,CEMADEN_MAX_GAP_60MIN,TRUE,365,219,197,198,198,0.53972602739726,0.542465753424658,0.542465753424658,0,144,120
CEMADEN,261480801C,TACARATU,TACARATU,CEMADEN,PLUVIOMETRICA_AUTOMATICA,2024,CEMADEN_MAX_GAP_60MIN,TRUE,366,362,256,256,256,0.699453551912568,0.699453551912568,0.699453551912568,0,96,780
CEMADEN,261480801C,TACARATU,TACARATU,CEMADEN,PLUVIOMETRICA_AUTOMATICA,2025,CEMADEN_MAX_GAP_60MIN,TRUE,365,238,56,56,56,0.153424657534247,0.153424657534247,0.153424657534247,0,226,10656
CEMADEN,261485701A,SAUÃ - APAC | SAUÊ - APAC,TAMANDARÉ,CEMADEN,PLUVIOMETRICA_AUTOMATICA,2017,CEMADEN_MAX_GAP_60MIN,TRUE,365,42,12,12,15,0.0328767123287671,0.0328767123287671,0.0410958904109589,0,327,720
CEMADEN,261485701A,SAUÃ - APAC | SAUÊ - APAC,TAMANDARÉ,CEMADEN,PLUVIOMETRICA_AUTOMATICA,2018,CEMADEN_MAX_GAP_60MIN,TRUE,365,365,263,289,312,0.72054794520548,0.791780821917808,0.854794520547945,0,9,196
CEMADEN,261485701A,SAUÃ - APAC | SAUÊ - APAC,TAMANDARÉ,CEMADEN,PLUVIOMETRICA_AUTOMATICA,2019,CEMADEN_MAX_GAP_60MIN,TRUE,365,354,249,295,307,0.682191780821918,0.808219178082192,0.841095890410959,0,13,694.999999999997
CEMADEN,261485701A,SAUÃ - APAC | SAUÊ - APAC,TAMANDARÉ,CEMADEN,PLUVIOMETRICA_AUTOMATICA,2020,CEMADEN_MAX_GAP_60MIN,TRUE,366,364,265,291,308,0.724043715846995,0.795081967213115,0.841530054644809,0,7,335.499999999999
CEMADEN,261485701A,SAUÃ - APAC | SAUÊ - APAC,TAMANDARÉ,CEMADEN,PLUVIOMETRICA_AUTOMATICA,2021,CEMADEN_MAX_GAP_60MIN,TRUE,365,158,14,15,16,0.0383561643835616,0.0410958904109589,0.0438356164383562,0,347,3307.5
CEMADEN,261485701A,SAUÃ - APAC | SAUÊ - APAC,TAMANDARÉ,CEMADEN,PLUVIOMETRICA_AUTOMATICA,2022,CEMADEN_MAX_GAP_60MIN,TRUE,365,89,52,56,57,0.142465753424658,0.153424657534247,0.156164383561644,0,204,6150
CEMADEN,261485701A,SAUÃ - APAC | SAUÊ - APAC,TAMANDARÉ,CEMADEN,PLUVIOMETRICA_AUTOMATICA,2023,CEMADEN_MAX_GAP_60MIN,TRUE,365,358,280,285,289,0.767123287671233,0.780821917808219,0.791780821917808,0,19,511.5
CEMADEN,261485701A,SAUÃ - APAC | SAUÊ - APAC,TAMANDARÉ,CEMADEN,PLUVIOMETRICA_AUTOMATICA,2024,CEMADEN_MAX_GAP_60MIN,TRUE,366,314,259,264,269,0.707650273224044,0.721311475409836,0.734972677595629,0,54,300
CEMADEN,261485701A,SAUÃ - APAC | SAUÊ - APAC,TAMANDARÉ,CEMADEN,PLUVIOMETRICA_AUTOMATICA,2025,CEMADEN_MAX_GAP_60MIN,TRUE,365,361,292,301,303,0.8,0.824657534246575,0.83013698630137,0,20,440
CEMADEN,261485702A,TAMANDARE - APAC,TAMANDARÉ,CEMADEN,PLUVIOMETRICA_AUTOMATICA,2017,CEMADEN_MAX_GAP_60MIN,TRUE,365,41,4,5,8,0.010958904109589,0.0136986301369863,0.0219178082191781,0,328,238.499999999998
CEMADEN,261485702A,TAMANDARE - APAC,TAMANDARÉ,CEMADEN,PLUVIOMETRICA_AUTOMATICA,2018,CEMADEN_MAX_GAP_60MIN,TRUE,365,365,281,301,305,0.76986301369863,0.824657534246575,0.835616438356164,0,9,120
CEMADEN,261485702A,TAMANDARE - APAC,TAMANDARÉ,CEMADEN,PLUVIOMETRICA_AUTOMATICA,2019,CEMADEN_MAX_GAP_60MIN,TRUE,365,352,293,311,318,0.802739726027397,0.852054794520548,0.871232876712329,0,12,339
CEMADEN,261485702A,TAMANDARE - APAC,TAMANDARÉ,CEMADEN,PLUVIOMETRICA_AUTOMATICA,2020,CEMADEN_MAX_GAP_60MIN,TRUE,366,354,283,293,302,0.773224043715847,0.800546448087432,0.825136612021858,0,38,1420.5
CEMADEN,261485702A,TAMANDARE - APAC,TAMANDARÉ,CEMADEN,PLUVIOMETRICA_AUTOMATICA,2021,CEMADEN_MAX_GAP_60MIN,TRUE,365,365,304,324,340,0.832876712328767,0.887671232876712,0.931506849315068,0,4,120
CEMADEN,261485702A,TAMANDARE - APAC,TAMANDARÉ,CEMADEN,PLUVIOMETRICA_AUTOMATICA,2022,CEMADEN_MAX_GAP_60MIN,TRUE,365,365,290,303,315,0.794520547945206,0.83013698630137,0.863013698630137,0,11,168
CEMADEN,261485702A,TAMANDARE - APAC,TAMANDARÉ,CEMADEN,PLUVIOMETRICA_AUTOMATICA,2023,CEMADEN_MAX_GAP_60MIN,TRUE,365,346,280,297,302,0.767123287671233,0.813698630136986,0.827397260273973,0,53,1420
CEMADEN,261485702A,TAMANDARE - APAC,TAMANDARÉ,CEMADEN,PLUVIOMETRICA_AUTOMATICA,2024,CEMADEN_MAX_GAP_60MIN,TRUE,366,344,318,332,335,0.868852459016394,0.907103825136612,0.915300546448087,0,25,70
CEMADEN,261485702A,TAMANDARE - APAC,TAMANDARÉ,CEMADEN,PLUVIOMETRICA_AUTOMATICA,2025,CEMADEN_MAX_GAP_60MIN,TRUE,365,365,293,329,344,0.802739726027397,0.901369863013699,0.942465753424658,0,6,100
CEMADEN,261500301A,Taquaritinga do Norte [CAIC] - APAC,TAQUARITINGA DO NORTE,CEMADEN,PLUVIOMETRICA_AUTOMATICA,2023,CEMADEN_MAX_GAP_60MIN,TRUE,365,297,270,274,276,0.73972602739726,0.750684931506849,0.756164383561644,0,69,120
CEMADEN,261500301A,Taquaritinga do Norte [CAIC] - APAC,TAQUARITINGA DO NORTE,CEMADEN,PLUVIOMETRICA_AUTOMATICA,2024,CEMADEN_MAX_GAP_60MIN,TRUE,366,331,262,277,283,0.715846994535519,0.756830601092896,0.773224043715847,0,20,800
CEMADEN,261500301A,Taquaritinga do Norte [CAIC] - APAC,TAQUARITINGA DO NORTE,CEMADEN,PLUVIOMETRICA_AUTOMATICA,2025,CEMADEN_MAX_GAP_60MIN,TRUE,365,319,239,249,256,0.654794520547945,0.682191780821918,0.701369863013699,0,54,2064.49999999999
CEMADEN,261500301C,TAQUARITINGA DO NORTE,TAQUARITINGA DO NORTE,CEMADEN,PLUVIOMETRICA_AUTOMATICA,2018,CEMADEN_MAX_GAP_60MIN,TRUE,365,249,0,0,0,0,0,0,0,365,1440
CEMADEN,261500301C,TAQUARITINGA DO NORTE,TAQUARITINGA DO NORTE,CEMADEN,PLUVIOMETRICA_AUTOMATICA,2019,CEMADEN_MAX_GAP_60MIN,TRUE,365,228,0,0,0,0,0,0,0,365,7278
CEMADEN,261500301C,TAQUARITINGA DO NORTE,TAQUARITINGA DO NORTE,CEMADEN,PLUVIOMETRICA_AUTOMATICA,2020,CEMADEN_MAX_GAP_60MIN,TRUE,366,238,0,0,0,0,0,0,0,366,10080
CEMADEN,261500301C,TAQUARITINGA DO NORTE,TAQUARITINGA DO NORTE,CEMADEN,PLUVIOMETRICA_AUTOMATICA,2021,CEMADEN_MAX_GAP_60MIN,TRUE,365,254,7,7,7,0.0191780821917808,0.0191780821917808,0.0191780821917808,0,355,5880
CEMADEN,261500301C,TAQUARITINGA DO NORTE,TAQUARITINGA DO NORTE,CEMADEN,PLUVIOMETRICA_AUTOMATICA,2022,CEMADEN_MAX_GAP_60MIN,TRUE,365,206,182,183,183,0.498630136986301,0.501369863013699,0.501369863013699,0,132,120
CEMADEN,261500301C,TAQUARITINGA DO NORTE,TAQUARITINGA DO NORTE,CEMADEN,PLUVIOMETRICA_AUTOMATICA,2025,CEMADEN_MAX_GAP_60MIN,TRUE,365,144,132,132,132,0.361643835616438,0.361643835616438,0.361643835616438,0,188,120
CEMADEN,261510201A,TEREZINHA - APAC,TEREZINHA,CEMADEN,PLUVIOMETRICA_AUTOMATICA,2019,CEMADEN_MAX_GAP_60MIN,TRUE,365,95,48,55,61,0.131506849315068,0.150684931506849,0.167123287671233,0,261,3080
CEMADEN,261510201A,TEREZINHA - APAC,TEREZINHA,CEMADEN,PLUVIOMETRICA_AUTOMATICA,2020,CEMADEN_MAX_GAP_60MIN,TRUE,366,230,79,98,122,0.215846994535519,0.26775956284153,0.333333333333333,0,174,416.499999999999
CEMADEN,261510201A,TEREZINHA - APAC,TEREZINHA,CEMADEN,PLUVIOMETRICA_AUTOMATICA,2021,CEMADEN_MAX_GAP_60MIN,TRUE,365,266,122,127,132,0.334246575342466,0.347945205479452,0.361643835616438,0,216,1430
CEMADEN,261510201A,TEREZINHA - APAC,TEREZINHA,CEMADEN,PLUVIOMETRICA_AUTOMATICA,2022,CEMADEN_MAX_GAP_60MIN,TRUE,365,102,90,93,94,0.246575342465753,0.254794520547945,0.257534246575342,0,264,149.5
CEMADEN,261510201A,TEREZINHA - APAC,TEREZINHA,CEMADEN,PLUVIOMETRICA_AUTOMATICA,2023,CEMADEN_MAX_GAP_60MIN,TRUE,365,365,329,332,336,0.901369863013699,0.90958904109589,0.920547945205479,0,5,120
CEMADEN,261510201A,TEREZINHA - APAC,TEREZINHA,CEMADEN,PLUVIOMETRICA_AUTOMATICA,2024,CEMADEN_MAX_GAP_60MIN,TRUE,366,366,338,348,357,0.923497267759563,0.950819672131147,0.975409836065574,0,2,70
CEMADEN,261510201A,TEREZINHA - APAC,TEREZINHA,CEMADEN,PLUVIOMETRICA_AUTOMATICA,2025,CEMADEN_MAX_GAP_60MIN,TRUE,365,365,333,338,346,0.912328767123288,0.926027397260274,0.947945205479452,0,2,90
CEMADEN,261520101A,GUARANI - APAC,TERRA NOVA,CEMADEN,PLUVIOMETRICA_AUTOMATICA,2018,CEMADEN_MAX_GAP_60MIN,TRUE,365,35,26,26,26,0.0712328767123288,0.0712328767123288,0.0712328767123288,0,333,210
CEMADEN,261520101A,GUARANI - APAC,TERRA NOVA,CEMADEN,PLUVIOMETRICA_AUTOMATICA,2019,CEMADEN_MAX_GAP_60MIN,TRUE,365,348,269,279,293,0.736986301369863,0.764383561643836,0.802739726027397,0,16,635.499999999998
CEMADEN,261520101A,GUARANI - APAC,TERRA NOVA,CEMADEN,PLUVIOMETRICA_AUTOMATICA,2020,CEMADEN_MAX_GAP_60MIN,TRUE,366,6,2,2,3,0.00546448087431694,0.00546448087431694,0.00819672131147541,0,362,676332.5
CEMADEN,261520101A,GUARANI - APAC,TERRA NOVA,CEMADEN,PLUVIOMETRICA_AUTOMATICA,2021,CEMADEN_MAX_GAP_60MIN,TRUE,365,72,27,29,30,0.073972602739726,0.0794520547945206,0.0821917808219178,0,294,1112.5
CEMADEN,261520101A,GUARANI - APAC,TERRA NOVA,CEMADEN,PLUVIOMETRICA_AUTOMATICA,2022,CEMADEN_MAX_GAP_60MIN,TRUE,365,83,0,0,0,0,0,0,0,365,1120
CEMADEN,261520101A,GUARANI - APAC,TERRA NOVA,CEMADEN,PLUVIOMETRICA_AUTOMATICA,2023,CEMADEN_MAX_GAP_60MIN,TRUE,365,33,0,0,0,0,0,0,0,365,141552
CEMADEN,261520101A,GUARANI - APAC,TERRA NOVA,CEMADEN,PLUVIOMETRICA_AUTOMATICA,2024,CEMADEN_MAX_GAP_60MIN,TRUE,366,177,169,169,173,0.461748633879781,0.461748633879781,0.472677595628415,0,190,60
CEMADEN,261520101A,GUARANI - APAC,TERRA NOVA,CEMADEN,PLUVIOMETRICA_AUTOMATICA,2025,CEMADEN_MAX_GAP_60MIN,TRUE,365,365,336,347,351,0.920547945205479,0.950684931506849,0.961643835616438,0,4,70
CEMADEN,261520101C,TERRA NOVA,TERRA NOVA,CEMADEN,PLUVIOMETRICA_AUTOMATICA,2018,CEMADEN_MAX_GAP_60MIN,TRUE,365,268,259,259,259,0.70958904109589,0.70958904109589,0.70958904109589,0,46,60
CEMADEN,261520101C,TERRA NOVA,TERRA NOVA,CEMADEN,PLUVIOMETRICA_AUTOMATICA,2019,CEMADEN_MAX_GAP_60MIN,TRUE,365,196,0,0,0,0,0,0,0,365,3930
CEMADEN,261520101C,TERRA NOVA,TERRA NOVA,CEMADEN,PLUVIOMETRICA_AUTOMATICA,2024,CEMADEN_MAX_GAP_60MIN,TRUE,366,154,152,152,152,0.415300546448087,0.415300546448087,0.415300546448087,0,213,60
CEMADEN,261520101C,TERRA NOVA,TERRA NOVA,CEMADEN,PLUVIOMETRICA_AUTOMATICA,2025,CEMADEN_MAX_GAP_60MIN,TRUE,365,21,20,20,20,0.0547945205479452,0.0547945205479452,0.0547945205479452,0,345,60
CEMADEN,261520102A,Terra Nova [Escola Francisco Hugo] - APAC,TERRA NOVA,CEMADEN,PLUVIOMETRICA_AUTOMATICA,2023,CEMADEN_MAX_GAP_60MIN,TRUE,365,148,111,113,114,0.304109589041096,0.30958904109589,0.312328767123288,0,208,297
CEMADEN,261520102A,Terra Nova [Escola Francisco Hugo] - APAC,TERRA NOVA,CEMADEN,PLUVIOMETRICA_AUTOMATICA,2024,CEMADEN_MAX_GAP_60MIN,TRUE,366,156,97,102,106,0.265027322404372,0.278688524590164,0.289617486338798,0,119,2645
CEMADEN,261520102A,Terra Nova [Escola Francisco Hugo] - APAC,TERRA NOVA,CEMADEN,PLUVIOMETRICA_AUTOMATICA,2025,CEMADEN_MAX_GAP_60MIN,TRUE,365,340,201,219,240,0.550684931506849,0.6,0.657534246575342,0,35,424.999999999998
CEMADEN,261530001A,USINA CRUANGI - APAC,TIMBAÚBA,CEMADEN,PLUVIOMETRICA_AUTOMATICA,2017,CEMADEN_MAX_GAP_60MIN,TRUE,365,40,8,9,12,0.0219178082191781,0.0246575342465753,0.0328767123287671,0,326,258.000000000001
CEMADEN,261530001A,USINA CRUANGI - APAC,TIMBAÚBA,CEMADEN,PLUVIOMETRICA_AUTOMATICA,2018,CEMADEN_MAX_GAP_60MIN,TRUE,365,365,293,303,312,0.802739726027397,0.83013698630137,0.854794520547945,0,11,120
CEMADEN,261530001A,USINA CRUANGI - APAC,TIMBAÚBA,CEMADEN,PLUVIOMETRICA_AUTOMATICA,2019,CEMADEN_MAX_GAP_60MIN,TRUE,365,353,258,292,302,0.706849315068493,0.8,0.827397260273973,0,12,431.999999999999
CEMADEN,261530001A,USINA CRUANGI - APAC,TIMBAÚBA,CEMADEN,PLUVIOMETRICA_AUTOMATICA,2020,CEMADEN_MAX_GAP_60MIN,TRUE,366,347,194,218,254,0.530054644808743,0.595628415300546,0.693989071038251,0,52,280
CEMADEN,261530001A,USINA CRUANGI - APAC,TIMBAÚBA,CEMADEN,PLUVIOMETRICA_AUTOMATICA,2021,CEMADEN_MAX_GAP_60MIN,TRUE,365,208,146,157,167,0.4,0.43013698630137,0.457534246575342,0,169,1040
CEMADEN,261530001A,USINA CRUANGI - APAC,TIMBAÚBA,CEMADEN,PLUVIOMETRICA_AUTOMATICA,2022,CEMADEN_MAX_GAP_60MIN,TRUE,365,8,1,1,1,0.00273972602739726,0.00273972602739726,0.00273972602739726,0,362,274690
CEMADEN,261530001A,USINA CRUANGI - APAC,TIMBAÚBA,CEMADEN,PLUVIOMETRICA_AUTOMATICA,2023,CEMADEN_MAX_GAP_60MIN,TRUE,365,363,316,324,325,0.865753424657534,0.887671232876712,0.89041095890411,0,4,120
CEMADEN,261530001A,USINA CRUANGI - APAC,TIMBAÚBA,CEMADEN,PLUVIOMETRICA_AUTOMATICA,2024,CEMADEN_MAX_GAP_60MIN,TRUE,366,366,328,334,340,0.896174863387978,0.912568306010929,0.92896174863388,0,3,120
CEMADEN,261530001A,USINA CRUANGI - APAC,TIMBAÚBA,CEMADEN,PLUVIOMETRICA_AUTOMATICA,2025,CEMADEN_MAX_GAP_60MIN,TRUE,365,268,232,242,247,0.635616438356164,0.663013698630137,0.676712328767123,0,98,120
CEMADEN,261530002A,ENGENHO SALGADO - APAC,TIMBAÚBA,CEMADEN,PLUVIOMETRICA_AUTOMATICA,2017,CEMADEN_MAX_GAP_60MIN,TRUE,365,40,15,17,17,0.0410958904109589,0.0465753424657534,0.0465753424657534,0,329,131
CEMADEN,261530002A,ENGENHO SALGADO - APAC,TIMBAÚBA,CEMADEN,PLUVIOMETRICA_AUTOMATICA,2018,CEMADEN_MAX_GAP_60MIN,TRUE,365,365,284,317,331,0.778082191780822,0.868493150684932,0.906849315068493,0,17,120
CEMADEN,261530002A,ENGENHO SALGADO - APAC,TIMBAÚBA,CEMADEN,PLUVIOMETRICA_AUTOMATICA,2019,CEMADEN_MAX_GAP_60MIN,TRUE,365,350,253,269,274,0.693150684931507,0.736986301369863,0.750684931506849,0,39,1413
CEMADEN,261530002A,ENGENHO SALGADO - APAC,TIMBAÚBA,CEMADEN,PLUVIOMETRICA_AUTOMATICA,2020,CEMADEN_MAX_GAP_60MIN,TRUE,366,366,272,305,323,0.743169398907104,0.833333333333333,0.882513661202186,0,7,120
CEMADEN,261530002A,ENGENHO SALGADO - APAC,TIMBAÚBA,CEMADEN,PLUVIOMETRICA_AUTOMATICA,2021,CEMADEN_MAX_GAP_60MIN,TRUE,365,188,57,68,72,0.156164383561644,0.186301369863014,0.197260273972603,0,183,1428
CEMADEN,261530002A,ENGENHO SALGADO - APAC,TIMBAÚBA,CEMADEN,PLUVIOMETRICA_AUTOMATICA,2022,CEMADEN_MAX_GAP_60MIN,TRUE,365,102,29,29,29,0.0794520547945206,0.0794520547945206,0.0794520547945206,0,330,1100
CEMADEN,261540901A,TORITAMA - APAC,TORITAMA,CEMADEN,PLUVIOMETRICA_AUTOMATICA,2017,CEMADEN_MAX_GAP_60MIN,TRUE,365,26,3,3,4,0.00821917808219178,0.00821917808219178,0.010958904109589,0,347,188
CEMADEN,261540901A,TORITAMA - APAC,TORITAMA,CEMADEN,PLUVIOMETRICA_AUTOMATICA,2018,CEMADEN_MAX_GAP_60MIN,TRUE,365,365,287,304,313,0.786301369863014,0.832876712328767,0.857534246575342,0,10,120
CEMADEN,261540901A,TORITAMA - APAC,TORITAMA,CEMADEN,PLUVIOMETRICA_AUTOMATICA,2019,CEMADEN_MAX_GAP_60MIN,TRUE,365,342,262,276,286,0.717808219178082,0.756164383561644,0.783561643835617,0,14,998.999999999998
CEMADEN,261540901A,TORITAMA - APAC,TORITAMA,CEMADEN,PLUVIOMETRICA_AUTOMATICA,2020,CEMADEN_MAX_GAP_60MIN,TRUE,366,319,189,198,207,0.516393442622951,0.540983606557377,0.565573770491803,0,147,1231
CEMADEN,261540901A,TORITAMA - APAC,TORITAMA,CEMADEN,PLUVIOMETRICA_AUTOMATICA,2021,CEMADEN_MAX_GAP_60MIN,TRUE,365,188,151,159,166,0.413698630136986,0.435616438356164,0.454794520547945,0,179,150
CEMADEN,261540901A,TORITAMA - APAC,TORITAMA,CEMADEN,PLUVIOMETRICA_AUTOMATICA,2022,CEMADEN_MAX_GAP_60MIN,TRUE,365,365,306,324,329,0.838356164383562,0.887671232876712,0.901369863013699,0,3,120
CEMADEN,261540901A,TORITAMA - APAC,TORITAMA,CEMADEN,PLUVIOMETRICA_AUTOMATICA,2023,CEMADEN_MAX_GAP_60MIN,TRUE,365,318,161,178,198,0.441095890410959,0.487671232876712,0.542465753424658,0,68,973
CEMADEN,261540901A,TORITAMA - APAC,TORITAMA,CEMADEN,PLUVIOMETRICA_AUTOMATICA,2024,CEMADEN_MAX_GAP_60MIN,TRUE,366,346,204,213,219,0.557377049180328,0.581967213114754,0.598360655737705,0,36,1142.5
CEMADEN,261540901A,TORITAMA - APAC,TORITAMA,CEMADEN,PLUVIOMETRICA_AUTOMATICA,2025,CEMADEN_MAX_GAP_60MIN,TRUE,365,310,254,261,273,0.695890410958904,0.715068493150685,0.747945205479452,0,49,3703.99999999999
CEMADEN,261550801A,TRACUNHAEM - APAC,TRACUNHAÉM,CEMADEN,PLUVIOMETRICA_AUTOMATICA,2017,CEMADEN_MAX_GAP_60MIN,TRUE,365,43,19,19,23,0.052054794520548,0.052054794520548,0.063013698630137,0,324,545.499999999999
CEMADEN,261550801A,TRACUNHAEM - APAC,TRACUNHAÉM,CEMADEN,PLUVIOMETRICA_AUTOMATICA,2018,CEMADEN_MAX_GAP_60MIN,TRUE,365,365,297,314,317,0.813698630136986,0.86027397260274,0.868493150684932,0,10,120
CEMADEN,261550801A,TRACUNHAEM - APAC,TRACUNHAÉM,CEMADEN,PLUVIOMETRICA_AUTOMATICA,2019,CEMADEN_MAX_GAP_60MIN,TRUE,365,353,308,320,322,0.843835616438356,0.876712328767123,0.882191780821918,0,13,380
CEMADEN,261550801A,TRACUNHAEM - APAC,TRACUNHAÉM,CEMADEN,PLUVIOMETRICA_AUTOMATICA,2020,CEMADEN_MAX_GAP_60MIN,TRUE,366,278,251,261,264,0.685792349726776,0.713114754098361,0.721311475409836,0,91,84.4999999999993
CEMADEN,261550801A,TRACUNHAEM - APAC,TRACUNHAÉM,CEMADEN,PLUVIOMETRICA_AUTOMATICA,2021,CEMADEN_MAX_GAP_60MIN,TRUE,365,121,87,92,92,0.238356164383562,0.252054794520548,0.252054794520548,0,136,1110
CEMADEN,261550801A,TRACUNHAEM - APAC,TRACUNHAÉM,CEMADEN,PLUVIOMETRICA_AUTOMATICA,2022,CEMADEN_MAX_GAP_60MIN,TRUE,365,156,140,141,142,0.383561643835616,0.386301369863014,0.389041095890411,0,109,132.5
CEMADEN,261550801A,TRACUNHAEM - APAC,TRACUNHAÉM,CEMADEN,PLUVIOMETRICA_AUTOMATICA,2023,CEMADEN_MAX_GAP_60MIN,TRUE,365,365,326,333,336,0.893150684931507,0.912328767123288,0.920547945205479,0,3,120
CEMADEN,261550801A,TRACUNHAEM - APAC,TRACUNHAÉM,CEMADEN,PLUVIOMETRICA_AUTOMATICA,2024,CEMADEN_MAX_GAP_60MIN,TRUE,366,360,329,332,334,0.898907103825137,0.907103825136612,0.912568306010929,0,25,179.000000000004
CEMADEN,261550801A,TRACUNHAEM - APAC,TRACUNHAÉM,CEMADEN,PLUVIOMETRICA_AUTOMATICA,2025,CEMADEN_MAX_GAP_60MIN,TRUE,365,266,217,227,230,0.594520547945206,0.621917808219178,0.63013698630137,0,100,120
CEMADEN,261560701A,Trindade [PSF] - APAC,TRINDADE,CEMADEN,PLUVIOMETRICA_AUTOMATICA,2024,CEMADEN_MAX_GAP_60MIN,TRUE,366,118,32,42,48,0.0874316939890711,0.114754098360656,0.131147540983607,0,134,20099.9999999997
CEMADEN,261560701A,Trindade [PSF] - APAC,TRINDADE,CEMADEN,PLUVIOMETRICA_AUTOMATICA,2025,CEMADEN_MAX_GAP_60MIN,TRUE,365,199,118,125,131,0.323287671232877,0.342465753424658,0.358904109589041,0,122,2590
CEMADEN,261560701U,TRINDADE,TRINDADE,CEMADEN,PLUVIOMETRICA_AUTOMATICA,2017,CEMADEN_MAX_GAP_60MIN,TRUE,365,43,11,12,12,0.0301369863013699,0.0328767123287671,0.0328767123287671,0,151,16840
CEMADEN,261560701U,TRINDADE,TRINDADE,CEMADEN,PLUVIOMETRICA_AUTOMATICA,2018,CEMADEN_MAX_GAP_60MIN,TRUE,365,122,111,111,111,0.304109589041096,0.304109589041096,0.304109589041096,0,159,2822.99999999999
CEMADEN,261560701U,TRINDADE,TRINDADE,CEMADEN,PLUVIOMETRICA_AUTOMATICA,2019,CEMADEN_MAX_GAP_60MIN,TRUE,365,84,79,79,79,0.216438356164384,0.216438356164384,0.216438356164384,0,139,33974.9999999998
CEMADEN,261560701U,TRINDADE,TRINDADE,CEMADEN,PLUVIOMETRICA_AUTOMATICA,2021,CEMADEN_MAX_GAP_60MIN,TRUE,365,122,109,109,109,0.298630136986301,0.298630136986301,0.298630136986301,0,128,2972.99999999998
CEMADEN,261560701U,TRINDADE,TRINDADE,CEMADEN,PLUVIOMETRICA_AUTOMATICA,2022,CEMADEN_MAX_GAP_60MIN,TRUE,365,184,174,174,174,0.476712328767123,0.476712328767123,0.476712328767123,0,159,111
CEMADEN,261560701U,TRINDADE,TRINDADE,CEMADEN,PLUVIOMETRICA_AUTOMATICA,2023,CEMADEN_MAX_GAP_60MIN,TRUE,365,286,280,280,280,0.767123287671233,0.767123287671233,0.767123287671233,0,81,60
CEMADEN,261560701U,TRINDADE,TRINDADE,CEMADEN,PLUVIOMETRICA_AUTOMATICA,2024,CEMADEN_MAX_GAP_60MIN,TRUE,366,358,353,353,353,0.96448087431694,0.96448087431694,0.96448087431694,0,10,60
CEMADEN,261560701U,TRINDADE,TRINDADE,CEMADEN,PLUVIOMETRICA_AUTOMATICA,2025,CEMADEN_MAX_GAP_60MIN,TRUE,365,106,103,103,103,0.282191780821918,0.282191780821918,0.282191780821918,0,260,60
CEMADEN,261570601A,TRIUNFO - APAC,TRIUNFO,CEMADEN,PLUVIOMETRICA_AUTOMATICA,2018,CEMADEN_MAX_GAP_60MIN,TRUE,365,349,306,313,322,0.838356164383562,0.857534246575342,0.882191780821918,0,19,120
CEMADEN,261570601A,TRIUNFO - APAC,TRIUNFO,CEMADEN,PLUVIOMETRICA_AUTOMATICA,2019,CEMADEN_MAX_GAP_60MIN,TRUE,365,307,269,273,276,0.736986301369863,0.747945205479452,0.756164383561644,0,45,965.999999999997
CEMADEN,261570601A,TRIUNFO - APAC,TRIUNFO,CEMADEN,PLUVIOMETRICA_AUTOMATICA,2020,CEMADEN_MAX_GAP_60MIN,TRUE,366,58,0,0,0,0,0,0,0,366,18800
CEMADEN,261570601A,TRIUNFO - APAC,TRIUNFO,CEMADEN,PLUVIOMETRICA_AUTOMATICA,2021,CEMADEN_MAX_GAP_60MIN,TRUE,365,95,82,84,87,0.224657534246575,0.23013698630137,0.238356164383562,0,271,665.999999999999
CEMADEN,261570601A,TRIUNFO - APAC,TRIUNFO,CEMADEN,PLUVIOMETRICA_AUTOMATICA,2022,CEMADEN_MAX_GAP_60MIN,TRUE,365,90,0,0,0,0,0,0,0,365,1230
CEMADEN,261570601A,TRIUNFO - APAC,TRIUNFO,CEMADEN,PLUVIOMETRICA_AUTOMATICA,2023,CEMADEN_MAX_GAP_60MIN,TRUE,365,317,283,289,293,0.775342465753425,0.791780821917808,0.802739726027397,0,45,233.999999999998
CEMADEN,261570601A,TRIUNFO - APAC,TRIUNFO,CEMADEN,PLUVIOMETRICA_AUTOMATICA,2024,CEMADEN_MAX_GAP_60MIN,TRUE,366,347,286,292,300,0.781420765027322,0.797814207650273,0.819672131147541,0,13,1448
CEMADEN,261570601A,TRIUNFO - APAC,TRIUNFO,CEMADEN,PLUVIOMETRICA_AUTOMATICA,2025,CEMADEN_MAX_GAP_60MIN,TRUE,365,358,207,212,214,0.567123287671233,0.580821917808219,0.586301369863014,0,70,1110
CEMADEN,261580501A,TUPANATINGA - APAC,TUPANATINGA,CEMADEN,PLUVIOMETRICA_AUTOMATICA,2020,CEMADEN_MAX_GAP_60MIN,TRUE,366,95,1,5,15,0.00273224043715847,0.0136612021857924,0.040983606557377,0,209,10548.9999999999
CEMADEN,261580501A,TUPANATINGA - APAC,TUPANATINGA,CEMADEN,PLUVIOMETRICA_AUTOMATICA,2022,CEMADEN_MAX_GAP_60MIN,TRUE,365,3,1,1,1,0.00273972602739726,0.00273972602739726,0.00273972602739726,0,258,867817
CEMADEN,261580501A,TUPANATINGA - APAC,TUPANATINGA,CEMADEN,PLUVIOMETRICA_AUTOMATICA,2023,CEMADEN_MAX_GAP_60MIN,TRUE,365,74,0,0,0,0,0,0,0,365,26950
CEMADEN,261580501A,TUPANATINGA - APAC,TUPANATINGA,CEMADEN,PLUVIOMETRICA_AUTOMATICA,2024,CEMADEN_MAX_GAP_60MIN,TRUE,366,243,212,218,221,0.579234972677596,0.595628415300546,0.603825136612022,0,136,1306.99999999998
CEMADEN,261580501A,TUPANATINGA - APAC,TUPANATINGA,CEMADEN,PLUVIOMETRICA_AUTOMATICA,2025,CEMADEN_MAX_GAP_60MIN,TRUE,365,365,318,332,335,0.871232876712329,0.90958904109589,0.917808219178082,0,4,120
CEMADEN,261580501C,TUPANATINGA,TUPANATINGA,CEMADEN,PLUVIOMETRICA_AUTOMATICA,2017,CEMADEN_MAX_GAP_60MIN,TRUE,365,172,126,126,126,0.345205479452055,0.345205479452055,0.345205479452055,0,77,17280
CEMADEN,261580501C,TUPANATINGA,TUPANATINGA,CEMADEN,PLUVIOMETRICA_AUTOMATICA,2018,CEMADEN_MAX_GAP_60MIN,TRUE,365,81,1,1,1,0.00273972602739726,0.00273972602739726,0.00273972602739726,0,337,47460
CEMADEN,261580501C,TUPANATINGA,TUPANATINGA,CEMADEN,PLUVIOMETRICA_AUTOMATICA,2019,CEMADEN_MAX_GAP_60MIN,TRUE,365,7,0,0,0,0,0,0,0,365,35010
CEMADEN,261590401A,Tuparetama [Compesa] - APAC,TUPARETAMA,CEMADEN,PLUVIOMETRICA_AUTOMATICA,2023,CEMADEN_MAX_GAP_60MIN,TRUE,365,304,264,269,273,0.723287671232877,0.736986301369863,0.747945205479452,0,62,266.999999999999
CEMADEN,261590401A,Tuparetama [Compesa] - APAC,TUPARETAMA,CEMADEN,PLUVIOMETRICA_AUTOMATICA,2024,CEMADEN_MAX_GAP_60MIN,TRUE,366,338,236,243,253,0.644808743169399,0.663934426229508,0.691256830601093,0,17,1410
CEMADEN,261590401A,Tuparetama [Compesa] - APAC,TUPARETAMA,CEMADEN,PLUVIOMETRICA_AUTOMATICA,2025,CEMADEN_MAX_GAP_60MIN,TRUE,365,258,181,187,194,0.495890410958904,0.512328767123288,0.531506849315069,0,74,6020
CEMADEN,261590401C,TUPARETAMA,TUPARETAMA,CEMADEN,PLUVIOMETRICA_AUTOMATICA,2017,CEMADEN_MAX_GAP_60MIN,TRUE,365,88,69,69,69,0.189041095890411,0.189041095890411,0.189041095890411,0,104,48843.0000000001
CEMADEN,261590401C,TUPARETAMA,TUPARETAMA,CEMADEN,PLUVIOMETRICA_AUTOMATICA,2018,CEMADEN_MAX_GAP_60MIN,TRUE,365,319,294,294,294,0.805479452054795,0.805479452054795,0.805479452054795,0,38,965.999999999957
CEMADEN,261590401C,TUPARETAMA,TUPARETAMA,CEMADEN,PLUVIOMETRICA_AUTOMATICA,2019,CEMADEN_MAX_GAP_60MIN,TRUE,365,352,232,232,232,0.635616438356164,0.635616438356164,0.635616438356164,0,60,1374
CEMADEN,261590401C,TUPARETAMA,TUPARETAMA,CEMADEN,PLUVIOMETRICA_AUTOMATICA,2020,CEMADEN_MAX_GAP_60MIN,TRUE,366,347,8,8,8,0.0218579234972678,0.0218579234972678,0.0218579234972678,0,230,2682
CEMADEN,261590401C,TUPARETAMA,TUPARETAMA,CEMADEN,PLUVIOMETRICA_AUTOMATICA,2021,CEMADEN_MAX_GAP_60MIN,TRUE,365,329,0,0,0,0,0,0,0,365,2580
CEMADEN,261590401C,TUPARETAMA,TUPARETAMA,CEMADEN,PLUVIOMETRICA_AUTOMATICA,2022,CEMADEN_MAX_GAP_60MIN,TRUE,365,257,0,0,0,0,0,0,0,365,7679.99999999999
CEMADEN,261590401C,TUPARETAMA,TUPARETAMA,CEMADEN,PLUVIOMETRICA_AUTOMATICA,2023,CEMADEN_MAX_GAP_60MIN,TRUE,365,1,0,0,0,0,0,0,0,365,406080
CEMADEN,261590401C,TUPARETAMA,TUPARETAMA,CEMADEN,PLUVIOMETRICA_AUTOMATICA,2024,CEMADEN_MAX_GAP_60MIN,TRUE,366,212,127,127,127,0.346994535519126,0.346994535519126,0.346994535519126,0,136,7914
CEMADEN,261590401C,TUPARETAMA,TUPARETAMA,CEMADEN,PLUVIOMETRICA_AUTOMATICA,2025,CEMADEN_MAX_GAP_60MIN,TRUE,365,306,226,226,227,0.619178082191781,0.619178082191781,0.621917808219178,0,22,2832.00000000002
CEMADEN,261600101C,VENTUROSA,VENTUROSA,CEMADEN,PLUVIOMETRICA_AUTOMATICA,2017,CEMADEN_MAX_GAP_60MIN,TRUE,365,226,139,139,139,0.380821917808219,0.380821917808219,0.380821917808219,0,101,8657.99999999999
CEMADEN,261600101C,VENTUROSA,VENTUROSA,CEMADEN,PLUVIOMETRICA_AUTOMATICA,2018,CEMADEN_MAX_GAP_60MIN,TRUE,365,363,320,320,320,0.876712328767123,0.876712328767123,0.876712328767123,0,35,600
CEMADEN,261600101C,VENTUROSA,VENTUROSA,CEMADEN,PLUVIOMETRICA_AUTOMATICA,2019,CEMADEN_MAX_GAP_60MIN,TRUE,365,254,204,204,204,0.558904109589041,0.558904109589041,0.558904109589041,0,50,3624
CEMADEN,261600101C,VENTUROSA,VENTUROSA,CEMADEN,PLUVIOMETRICA_AUTOMATICA,2022,CEMADEN_MAX_GAP_60MIN,TRUE,365,201,182,182,182,0.498630136986301,0.498630136986301,0.498630136986301,0,116,11280
CEMADEN,261600101C,VENTUROSA,VENTUROSA,CEMADEN,PLUVIOMETRICA_AUTOMATICA,2023,CEMADEN_MAX_GAP_60MIN,TRUE,365,282,253,253,253,0.693150684931507,0.693150684931507,0.693150684931507,0,14,10320
CEMADEN,261600101C,VENTUROSA,VENTUROSA,CEMADEN,PLUVIOMETRICA_AUTOMATICA,2024,CEMADEN_MAX_GAP_60MIN,TRUE,366,48,44,44,44,0.120218579234973,0.120218579234973,0.120218579234973,0,313,8249.99999999995
CEMADEN,261610001A,VERDEJANTE - APAC,VERDEJANTE,CEMADEN,PLUVIOMETRICA_AUTOMATICA,2023,CEMADEN_MAX_GAP_60MIN,TRUE,365,125,73,74,74,0.2,0.202739726027397,0.202739726027397,0,181,9490
CEMADEN,261610001A,VERDEJANTE - APAC,VERDEJANTE,CEMADEN,PLUVIOMETRICA_AUTOMATICA,2024,CEMADEN_MAX_GAP_60MIN,TRUE,366,311,158,160,161,0.431693989071038,0.437158469945355,0.439890710382514,0,186,4340
CEMADEN,261610001A,VERDEJANTE - APAC,VERDEJANTE,CEMADEN,PLUVIOMETRICA_AUTOMATICA,2025,CEMADEN_MAX_GAP_60MIN,TRUE,365,363,335,338,343,0.917808219178082,0.926027397260274,0.93972602739726,0,6,118
CEMADEN,261618301A,Vertente do Lério [EREN] - APAC,VERTENTE DO LÉRIO,CEMADEN,PLUVIOMETRICA_AUTOMATICA,2023,CEMADEN_MAX_GAP_60MIN,TRUE,365,165,141,144,144,0.386301369863014,0.394520547945205,0.394520547945205,0,201,120
CEMADEN,261618301A,Vertente do Lério [EREN] - APAC,VERTENTE DO LÉRIO,CEMADEN,PLUVIOMETRICA_AUTOMATICA,2024,CEMADEN_MAX_GAP_60MIN,TRUE,366,339,260,267,273,0.710382513661202,0.729508196721312,0.745901639344262,0,25,1552
CEMADEN,261618301A,Vertente do Lério [EREN] - APAC,VERTENTE DO LÉRIO,CEMADEN,PLUVIOMETRICA_AUTOMATICA,2025,CEMADEN_MAX_GAP_60MIN,TRUE,365,234,166,175,178,0.454794520547945,0.479452054794521,0.487671232876712,0,134,2460
CEMADEN,261618301C,VERTENTE DO LERIO,VERTENTE DO LÉRIO,CEMADEN,PLUVIOMETRICA_AUTOMATICA,2017,CEMADEN_MAX_GAP_60MIN,TRUE,365,157,60,60,60,0.164383561643836,0.164383561643836,0.164383561643836,0,99,7880
CEMADEN,261618301C,VERTENTE DO LERIO,VERTENTE DO LÉRIO,CEMADEN,PLUVIOMETRICA_AUTOMATICA,2018,CEMADEN_MAX_GAP_60MIN,TRUE,365,344,169,169,169,0.463013698630137,0.463013698630137,0.463013698630137,0,81,1200
CEMADEN,261618301C,VERTENTE DO LERIO,VERTENTE DO LÉRIO,CEMADEN,PLUVIOMETRICA_AUTOMATICA,2019,CEMADEN_MAX_GAP_60MIN,TRUE,365,19,0,0,0,0,0,0,0,365,243077.999999996
CEMADEN,261618301C,VERTENTE DO LERIO,VERTENTE DO LÉRIO,CEMADEN,PLUVIOMETRICA_AUTOMATICA,2022,CEMADEN_MAX_GAP_60MIN,TRUE,365,28,26,26,26,0.0712328767123288,0.0712328767123288,0.0712328767123288,0,311,240950
CEMADEN,261618301C,VERTENTE DO LERIO,VERTENTE DO LÉRIO,CEMADEN,PLUVIOMETRICA_AUTOMATICA,2023,CEMADEN_MAX_GAP_60MIN,TRUE,365,90,86,86,86,0.235616438356164,0.235616438356164,0.235616438356164,0,230,60
CEMADEN,261618301C,VERTENTE DO LERIO,VERTENTE DO LÉRIO,CEMADEN,PLUVIOMETRICA_AUTOMATICA,2024,CEMADEN_MAX_GAP_60MIN,TRUE,366,238,211,211,211,0.576502732240437,0.576502732240437,0.576502732240437,0,66,120
CEMADEN,261618301C,VERTENTE DO LERIO,VERTENTE DO LÉRIO,CEMADEN,PLUVIOMETRICA_AUTOMATICA,2025,CEMADEN_MAX_GAP_60MIN,TRUE,365,109,93,94,94,0.254794520547945,0.257534246575342,0.257534246575342,0,188,260
CEMADEN,261630801A,Estádio Municipal | vicência01,VICÊNCIA,CEMADEN,PLUVIOMETRICA_AUTOMATICA,2017,CEMADEN_MAX_GAP_60MIN,TRUE,365,363,334,339,343,0.915068493150685,0.928767123287671,0.93972602739726,0,3,99.4999999999999
CEMADEN,261630801A,Estádio Municipal | vicência01,VICÊNCIA,CEMADEN,PLUVIOMETRICA_AUTOMATICA,2018,CEMADEN_MAX_GAP_60MIN,TRUE,365,365,337,347,353,0.923287671232877,0.950684931506849,0.967123287671233,0,2,70
CEMADEN,261630801A,Estádio Municipal | vicência01,VICÊNCIA,CEMADEN,PLUVIOMETRICA_AUTOMATICA,2019,CEMADEN_MAX_GAP_60MIN,TRUE,365,352,285,300,303,0.780821917808219,0.821917808219178,0.83013698630137,0,15,733.999999999999
CEMADEN,261630801A,Estádio Municipal | vicência01,VICÊNCIA,CEMADEN,PLUVIOMETRICA_AUTOMATICA,2020,CEMADEN_MAX_GAP_60MIN,TRUE,366,366,251,278,300,0.685792349726776,0.759562841530055,0.819672131147541,0,11,502.5
CEMADEN,261630801A,Estádio Municipal | vicência01,VICÊNCIA,CEMADEN,PLUVIOMETRICA_AUTOMATICA,2021,CEMADEN_MAX_GAP_60MIN,TRUE,365,365,324,334,341,0.887671232876712,0.915068493150685,0.934246575342466,0,3,120
CEMADEN,261630801A,Estádio Municipal | vicência01,VICÊNCIA,CEMADEN,PLUVIOMETRICA_AUTOMATICA,2022,CEMADEN_MAX_GAP_60MIN,TRUE,365,313,30,31,31,0.0821917808219178,0.0849315068493151,0.0849315068493151,0,312,1610
CEMADEN,261630801A,Estádio Municipal | vicência01,VICÊNCIA,CEMADEN,PLUVIOMETRICA_AUTOMATICA,2023,CEMADEN_MAX_GAP_60MIN,TRUE,365,286,7,7,7,0.0191780821917808,0.0191780821917808,0.0191780821917808,0,278,1440
CEMADEN,261630801A,Estádio Municipal | vicência01,VICÊNCIA,CEMADEN,PLUVIOMETRICA_AUTOMATICA,2024,CEMADEN_MAX_GAP_60MIN,TRUE,366,365,277,285,289,0.756830601092896,0.778688524590164,0.789617486338798,0,44,940
CEMADEN,261630801A,Estádio Municipal | vicência01,VICÊNCIA,CEMADEN,PLUVIOMETRICA_AUTOMATICA,2025,CEMADEN_MAX_GAP_60MIN,TRUE,365,300,277,284,291,0.758904109589041,0.778082191780822,0.797260273972603,0,67,70.9999999999997
CEMADEN,261630802A,VICENCIA - APAC,VICÊNCIA,CEMADEN,PLUVIOMETRICA_AUTOMATICA,2019,CEMADEN_MAX_GAP_60MIN,TRUE,365,176,82,88,94,0.224657534246575,0.241095890410959,0.257534246575342,0,149,5065
CEMADEN,261630802A,VICENCIA - APAC,VICÊNCIA,CEMADEN,PLUVIOMETRICA_AUTOMATICA,2020,CEMADEN_MAX_GAP_60MIN,TRUE,366,349,127,151,168,0.346994535519126,0.412568306010929,0.459016393442623,0,46,599.999999999998
CEMADEN,261630802A,VICENCIA - APAC,VICÊNCIA,CEMADEN,PLUVIOMETRICA_AUTOMATICA,2021,CEMADEN_MAX_GAP_60MIN,TRUE,365,193,138,146,149,0.378082191780822,0.4,0.408219178082192,0,167,1620
CEMADEN,261630802A,VICENCIA - APAC,VICÊNCIA,CEMADEN,PLUVIOMETRICA_AUTOMATICA,2022,CEMADEN_MAX_GAP_60MIN,TRUE,365,365,316,323,327,0.865753424657534,0.884931506849315,0.895890410958904,0,7,248.000000000001
CEMADEN,261630802A,VICENCIA - APAC,VICÊNCIA,CEMADEN,PLUVIOMETRICA_AUTOMATICA,2023,CEMADEN_MAX_GAP_60MIN,TRUE,365,365,319,323,326,0.873972602739726,0.884931506849315,0.893150684931507,0,5,120
CEMADEN,261630802A,VICENCIA - APAC,VICÊNCIA,CEMADEN,PLUVIOMETRICA_AUTOMATICA,2024,CEMADEN_MAX_GAP_60MIN,TRUE,366,354,301,309,312,0.822404371584699,0.844262295081967,0.852459016393443,0,10,554.999999999997
CEMADEN,261630802A,VICENCIA - APAC,VICÊNCIA,CEMADEN,PLUVIOMETRICA_AUTOMATICA,2025,CEMADEN_MAX_GAP_60MIN,TRUE,365,267,237,240,241,0.649315068493151,0.657534246575342,0.66027397260274,0,99,127.5
CEMADEN,261640702A,Bairro C,VITÓRIA DE SANTO ANTÃO,CEMADEN,PLUVIOMETRICA_AUTOMATICA,2017,CEMADEN_MAX_GAP_60MIN,TRUE,365,362,344,345,346,0.942465753424658,0.945205479452055,0.947945205479452,0,4,60
CEMADEN,261640702A,Bairro C,VITÓRIA DE SANTO ANTÃO,CEMADEN,PLUVIOMETRICA_AUTOMATICA,2018,CEMADEN_MAX_GAP_60MIN,TRUE,365,365,341,350,355,0.934246575342466,0.958904109589041,0.972602739726027,0,2,70
CEMADEN,261640702A,Bairro C,VITÓRIA DE SANTO ANTÃO,CEMADEN,PLUVIOMETRICA_AUTOMATICA,2019,CEMADEN_MAX_GAP_60MIN,TRUE,365,349,270,278,279,0.73972602739726,0.761643835616438,0.764383561643836,0,34,1430
CEMADEN,261640702A,Bairro C,VITÓRIA DE SANTO ANTÃO,CEMADEN,PLUVIOMETRICA_AUTOMATICA,2020,CEMADEN_MAX_GAP_60MIN,TRUE,366,51,0,0,0,0,0,0,0,366,9160
CEMADEN,261640702A,Bairro C,VITÓRIA DE SANTO ANTÃO,CEMADEN,PLUVIOMETRICA_AUTOMATICA,2021,CEMADEN_MAX_GAP_60MIN,TRUE,365,290,233,245,248,0.638356164383562,0.671232876712329,0.679452054794521,0,64,1201
CEMADEN,261640702A,Bairro C,VITÓRIA DE SANTO ANTÃO,CEMADEN,PLUVIOMETRICA_AUTOMATICA,2022,CEMADEN_MAX_GAP_60MIN,TRUE,365,321,213,218,233,0.583561643835617,0.597260273972603,0.638356164383562,0,67,1370
CEMADEN,261640702A,Bairro C,VITÓRIA DE SANTO ANTÃO,CEMADEN,PLUVIOMETRICA_AUTOMATICA,2023,CEMADEN_MAX_GAP_60MIN,TRUE,365,359,321,330,337,0.879452054794521,0.904109589041096,0.923287671232877,0,9,110
CEMADEN,261640702A,Bairro C,VITÓRIA DE SANTO ANTÃO,CEMADEN,PLUVIOMETRICA_AUTOMATICA,2024,CEMADEN_MAX_GAP_60MIN,TRUE,366,366,335,348,355,0.915300546448087,0.950819672131147,0.969945355191257,0,2,70
CEMADEN,261640702A,Bairro C,VITÓRIA DE SANTO ANTÃO,CEMADEN,PLUVIOMETRICA_AUTOMATICA,2025,CEMADEN_MAX_GAP_60MIN,TRUE,365,310,269,276,290,0.736986301369863,0.756164383561644,0.794520547945206,0,56,120
CEMADEN,261640703A,Cajá,VITÓRIA DE SANTO ANTÃO,CEMADEN,PLUVIOMETRICA_AUTOMATICA,2017,CEMADEN_MAX_GAP_60MIN,TRUE,365,362,338,345,345,0.926027397260274,0.945205479452055,0.945205479452055,0,4,70
CEMADEN,261640703A,Cajá,VITÓRIA DE SANTO ANTÃO,CEMADEN,PLUVIOMETRICA_AUTOMATICA,2018,CEMADEN_MAX_GAP_60MIN,TRUE,365,365,348,352,353,0.953424657534246,0.964383561643836,0.967123287671233,0,2,60
CEMADEN,261640703A,Cajá,VITÓRIA DE SANTO ANTÃO,CEMADEN,PLUVIOMETRICA_AUTOMATICA,2019,CEMADEN_MAX_GAP_60MIN,TRUE,365,354,280,292,301,0.767123287671233,0.8,0.824657534246575,0,15,651.999999999996
CEMADEN,261640703A,Cajá,VITÓRIA DE SANTO ANTÃO,CEMADEN,PLUVIOMETRICA_AUTOMATICA,2020,CEMADEN_MAX_GAP_60MIN,TRUE,366,366,253,292,312,0.691256830601093,0.797814207650273,0.852459016393443,0,13,527.5
CEMADEN,261640703A,Cajá,VITÓRIA DE SANTO ANTÃO,CEMADEN,PLUVIOMETRICA_AUTOMATICA,2021,CEMADEN_MAX_GAP_60MIN,TRUE,365,365,319,333,338,0.873972602739726,0.912328767123288,0.926027397260274,0,3,120
CEMADEN,261640703A,Cajá,VITÓRIA DE SANTO ANTÃO,CEMADEN,PLUVIOMETRICA_AUTOMATICA,2022,CEMADEN_MAX_GAP_60MIN,TRUE,365,193,145,155,160,0.397260273972603,0.424657534246575,0.438356164383562,0,175,180
CEMADEN,261640703A,Cajá,VITÓRIA DE SANTO ANTÃO,CEMADEN,PLUVIOMETRICA_AUTOMATICA,2023,CEMADEN_MAX_GAP_60MIN,TRUE,365,44,39,41,41,0.106849315068493,0.112328767123288,0.112328767123288,0,282,452.500000000001
CEMADEN,261640703A,Cajá,VITÓRIA DE SANTO ANTÃO,CEMADEN,PLUVIOMETRICA_AUTOMATICA,2024,CEMADEN_MAX_GAP_60MIN,TRUE,366,133,125,127,127,0.341530054644809,0.346994535519126,0.346994535519126,0,234,70
CEMADEN,261640703A,Cajá,VITÓRIA DE SANTO ANTÃO,CEMADEN,PLUVIOMETRICA_AUTOMATICA,2025,CEMADEN_MAX_GAP_60MIN,TRUE,365,365,339,343,348,0.928767123287671,0.93972602739726,0.953424657534246,0,4,80
CEMADEN,261640704A,Livramento,VITÓRIA DE SANTO ANTÃO,CEMADEN,PLUVIOMETRICA_AUTOMATICA,2017,CEMADEN_MAX_GAP_60MIN,TRUE,365,363,343,346,349,0.93972602739726,0.947945205479452,0.956164383561644,0,3,69.4999999999999
CEMADEN,261640704A,Livramento,VITÓRIA DE SANTO ANTÃO,CEMADEN,PLUVIOMETRICA_AUTOMATICA,2018,CEMADEN_MAX_GAP_60MIN,TRUE,365,365,340,348,354,0.931506849315068,0.953424657534246,0.96986301369863,0,3,70
CEMADEN,261640704A,Livramento,VITÓRIA DE SANTO ANTÃO,CEMADEN,PLUVIOMETRICA_AUTOMATICA,2019,CEMADEN_MAX_GAP_60MIN,TRUE,365,354,286,296,305,0.783561643835617,0.810958904109589,0.835616438356164,0,15,662.499999999995
CEMADEN,261640704A,Livramento,VITÓRIA DE SANTO ANTÃO,CEMADEN,PLUVIOMETRICA_AUTOMATICA,2020,CEMADEN_MAX_GAP_60MIN,TRUE,366,366,253,272,301,0.691256830601093,0.743169398907104,0.822404371584699,0,10,465
CEMADEN,261640704A,Livramento,VITÓRIA DE SANTO ANTÃO,CEMADEN,PLUVIOMETRICA_AUTOMATICA,2021,CEMADEN_MAX_GAP_60MIN,TRUE,365,356,320,325,333,0.876712328767123,0.89041095890411,0.912328767123288,0,10,120
CEMADEN,261640704A,Livramento,VITÓRIA DE SANTO ANTÃO,CEMADEN,PLUVIOMETRICA_AUTOMATICA,2022,CEMADEN_MAX_GAP_60MIN,TRUE,365,295,204,212,228,0.558904109589041,0.580821917808219,0.624657534246575,0,67,249.000000000003
CEMADEN,261640704A,Livramento,VITÓRIA DE SANTO ANTÃO,CEMADEN,PLUVIOMETRICA_AUTOMATICA,2023,CEMADEN_MAX_GAP_60MIN,TRUE,365,39,34,34,34,0.0931506849315068,0.0931506849315068,0.0931506849315068,0,267,331450
CEMADEN,261640704A,Livramento,VITÓRIA DE SANTO ANTÃO,CEMADEN,PLUVIOMETRICA_AUTOMATICA,2024,CEMADEN_MAX_GAP_60MIN,TRUE,366,133,126,128,129,0.344262295081967,0.349726775956284,0.352459016393443,0,234,63.9999999999999
CEMADEN,261640704A,Livramento,VITÓRIA DE SANTO ANTÃO,CEMADEN,PLUVIOMETRICA_AUTOMATICA,2025,CEMADEN_MAX_GAP_60MIN,TRUE,365,365,339,350,356,0.928767123287671,0.958904109589041,0.975342465753425,0,3,70
CEMADEN,261640705A,VITORIA DE SANTO ANTAO - APAC,VITÓRIA DE SANTO ANTÃO,CEMADEN,PLUVIOMETRICA_AUTOMATICA,2017,CEMADEN_MAX_GAP_60MIN,TRUE,365,39,0,0,1,0,0,0.00273972602739726,0,365,770
CEMADEN,261640705A,VITORIA DE SANTO ANTAO - APAC,VITÓRIA DE SANTO ANTÃO,CEMADEN,PLUVIOMETRICA_AUTOMATICA,2018,CEMADEN_MAX_GAP_60MIN,TRUE,365,365,62,75,117,0.16986301369863,0.205479452054795,0.32054794520548,0,80,586
CEMADEN,261640705A,VITORIA DE SANTO ANTAO - APAC,VITÓRIA DE SANTO ANTÃO,CEMADEN,PLUVIOMETRICA_AUTOMATICA,2019,CEMADEN_MAX_GAP_60MIN,TRUE,365,356,246,262,272,0.673972602739726,0.717808219178082,0.745205479452055,0,14,882.5
CEMADEN,261640705A,VITORIA DE SANTO ANTAO - APAC,VITÓRIA DE SANTO ANTÃO,CEMADEN,PLUVIOMETRICA_AUTOMATICA,2020,CEMADEN_MAX_GAP_60MIN,TRUE,366,343,101,123,149,0.275956284153005,0.336065573770492,0.407103825136612,0,150,1417
CEMADEN,261640705A,VITORIA DE SANTO ANTAO - APAC,VITÓRIA DE SANTO ANTÃO,CEMADEN,PLUVIOMETRICA_AUTOMATICA,2021,CEMADEN_MAX_GAP_60MIN,TRUE,365,228,108,110,123,0.295890410958904,0.301369863013699,0.336986301369863,0,179,1242
CEMADEN,261640705A,VITORIA DE SANTO ANTAO - APAC,VITÓRIA DE SANTO ANTÃO,CEMADEN,PLUVIOMETRICA_AUTOMATICA,2022,CEMADEN_MAX_GAP_60MIN,TRUE,365,44,14,14,14,0.0383561643835616,0.0383561643835616,0.0383561643835616,0,335,234
CEMADEN,261650601A,Centro,XEXÉU,CEMADEN,PLUVIOMETRICA_AUTOMATICA,2017,CEMADEN_MAX_GAP_60MIN,TRUE,365,365,336,344,349,0.920547945205479,0.942465753424658,0.956164383561644,0,4,80
CEMADEN,261650601A,Centro,XEXÉU,CEMADEN,PLUVIOMETRICA_AUTOMATICA,2018,CEMADEN_MAX_GAP_60MIN,TRUE,365,365,331,336,341,0.906849315068493,0.920547945205479,0.934246575342466,0,4,120
CEMADEN,261650601A,Centro,XEXÉU,CEMADEN,PLUVIOMETRICA_AUTOMATICA,2019,CEMADEN_MAX_GAP_60MIN,TRUE,365,262,210,213,222,0.575342465753425,0.583561643835617,0.608219178082192,0,101,503.499999999999
CEMADEN,261650601A,Centro,XEXÉU,CEMADEN,PLUVIOMETRICA_AUTOMATICA,2020,CEMADEN_MAX_GAP_60MIN,TRUE,366,189,69,79,107,0.188524590163934,0.215846994535519,0.292349726775956,0,181,446
CEMADEN,261650601A,Centro,XEXÉU,CEMADEN,PLUVIOMETRICA_AUTOMATICA,2021,CEMADEN_MAX_GAP_60MIN,TRUE,365,359,269,282,291,0.736986301369863,0.772602739726028,0.797260273972603,0,9,120
CEMADEN,261650601A,Centro,XEXÉU,CEMADEN,PLUVIOMETRICA_AUTOMATICA,2022,CEMADEN_MAX_GAP_60MIN,TRUE,365,365,312,324,330,0.854794520547945,0.887671232876712,0.904109589041096,0,5,248
CEMADEN,261650601A,Centro,XEXÉU,CEMADEN,PLUVIOMETRICA_AUTOMATICA,2023,CEMADEN_MAX_GAP_60MIN,TRUE,365,346,278,288,295,0.761643835616438,0.789041095890411,0.808219178082192,0,20,137.5
CEMADEN,261650601A,Centro,XEXÉU,CEMADEN,PLUVIOMETRICA_AUTOMATICA,2024,CEMADEN_MAX_GAP_60MIN,TRUE,366,343,267,320,331,0.729508196721312,0.87431693989071,0.904371584699454,0,24,80
CEMADEN,261650601A,Centro,XEXÉU,CEMADEN,PLUVIOMETRICA_AUTOMATICA,2025,CEMADEN_MAX_GAP_60MIN,TRUE,365,365,254,341,356,0.695890410958904,0.934246575342466,0.975342465753425,0,4,80
CEMADEN,261650602A,XEXEU - APAC,XEXÉU,CEMADEN,PLUVIOMETRICA_AUTOMATICA,2017,CEMADEN_MAX_GAP_60MIN,TRUE,365,20,12,12,13,0.0328767123287671,0.0328767123287671,0.0356164383561644,0,347,1567.99999999997
CEMADEN,261650602A,XEXEU - APAC,XEXÉU,CEMADEN,PLUVIOMETRICA_AUTOMATICA,2018,CEMADEN_MAX_GAP_60MIN,TRUE,365,365,317,331,333,0.868493150684932,0.906849315068493,0.912328767123288,0,3,120
CEMADEN,261650602A,XEXEU - APAC,XEXÉU,CEMADEN,PLUVIOMETRICA_AUTOMATICA,2019,CEMADEN_MAX_GAP_60MIN,TRUE,365,354,295,302,312,0.808219178082192,0.827397260273973,0.854794520547945,0,12,363.5
CEMADEN,261650602A,XEXEU - APAC,XEXÉU,CEMADEN,PLUVIOMETRICA_AUTOMATICA,2020,CEMADEN_MAX_GAP_60MIN,TRUE,366,260,210,220,232,0.573770491803279,0.601092896174863,0.633879781420765,0,107,170.5
CEMADEN,261650602A,XEXEU - APAC,XEXÉU,CEMADEN,PLUVIOMETRICA_AUTOMATICA,2021,CEMADEN_MAX_GAP_60MIN,TRUE,365,169,110,121,135,0.301369863013699,0.331506849315069,0.36986301369863,0,197,566
CEMADEN,261650602A,XEXEU - APAC,XEXÉU,CEMADEN,PLUVIOMETRICA_AUTOMATICA,2022,CEMADEN_MAX_GAP_60MIN,TRUE,365,18,10,11,12,0.0273972602739726,0.0301369863013699,0.0328767123287671,0,348,198
INMET,82753,OURICURI,"",INMET_CONVENCIONAL,CONVENCIONAL,2017,INMET_CONV_24H_PENDENTE_ALINHAMENTO,FALSE,365,365,0,0,0,,,,365,,
INMET,82753,OURICURI,"",INMET_CONVENCIONAL,CONVENCIONAL,2018,INMET_CONV_24H_PENDENTE_ALINHAMENTO,FALSE,365,365,0,0,0,,,,365,,
INMET,82753,OURICURI,"",INMET_CONVENCIONAL,CONVENCIONAL,2019,INMET_CONV_24H_PENDENTE_ALINHAMENTO,FALSE,365,335,0,0,0,,,,335,,
INMET,82753,OURICURI,"",INMET_CONVENCIONAL,CONVENCIONAL,2020,INMET_CONV_24H_PENDENTE_ALINHAMENTO,FALSE,366,366,0,0,0,,,,366,,
INMET,82753,OURICURI,"",INMET_CONVENCIONAL,CONVENCIONAL,2021,INMET_CONV_24H_PENDENTE_ALINHAMENTO,FALSE,365,261,0,0,0,,,,261,,
INMET,82753,OURICURI,"",INMET_CONVENCIONAL,CONVENCIONAL,2022,INMET_CONV_24H_PENDENTE_ALINHAMENTO,FALSE,365,0,0,0,0,,,,0,,
INMET,82753,OURICURI,"",INMET_CONVENCIONAL,CONVENCIONAL,2023,INMET_CONV_24H_PENDENTE_ALINHAMENTO,FALSE,365,1,0,0,0,,,,1,,
INMET,82753,OURICURI,"",INMET_CONVENCIONAL,CONVENCIONAL,2024,INMET_CONV_24H_PENDENTE_ALINHAMENTO,FALSE,366,0,0,0,0,,,,0,,
INMET,82753,OURICURI,"",INMET_CONVENCIONAL,CONVENCIONAL,2025,INMET_CONV_24H_PENDENTE_ALINHAMENTO,FALSE,365,0,0,0,0,,,,0,,
INMET,82781,NAZARE DA MATA,"",INMET_CONVENCIONAL,CONVENCIONAL,2017,INMET_CONV_24H_PENDENTE_ALINHAMENTO,FALSE,365,0,0,0,0,,,,0,,
INMET,82781,NAZARE DA MATA,"",INMET_CONVENCIONAL,CONVENCIONAL,2018,INMET_CONV_24H_PENDENTE_ALINHAMENTO,FALSE,365,0,0,0,0,,,,0,,
INMET,82781,NAZARE DA MATA,"",INMET_CONVENCIONAL,CONVENCIONAL,2019,INMET_CONV_24H_PENDENTE_ALINHAMENTO,FALSE,365,0,0,0,0,,,,0,,
INMET,82781,NAZARE DA MATA,"",INMET_CONVENCIONAL,CONVENCIONAL,2020,INMET_CONV_24H_PENDENTE_ALINHAMENTO,FALSE,366,0,0,0,0,,,,0,,
INMET,82781,NAZARE DA MATA,"",INMET_CONVENCIONAL,CONVENCIONAL,2021,INMET_CONV_24H_PENDENTE_ALINHAMENTO,FALSE,365,0,0,0,0,,,,0,,
INMET,82781,NAZARE DA MATA,"",INMET_CONVENCIONAL,CONVENCIONAL,2022,INMET_CONV_24H_PENDENTE_ALINHAMENTO,FALSE,365,0,0,0,0,,,,0,,
INMET,82781,NAZARE DA MATA,"",INMET_CONVENCIONAL,CONVENCIONAL,2023,INMET_CONV_24H_PENDENTE_ALINHAMENTO,FALSE,365,0,0,0,0,,,,0,,
INMET,82781,NAZARE DA MATA,"",INMET_CONVENCIONAL,CONVENCIONAL,2024,INMET_CONV_24H_PENDENTE_ALINHAMENTO,FALSE,366,0,0,0,0,,,,0,,
INMET,82781,NAZARE DA MATA,"",INMET_CONVENCIONAL,CONVENCIONAL,2025,INMET_CONV_24H_PENDENTE_ALINHAMENTO,FALSE,365,0,0,0,0,,,,0,,
INMET,82789,TRIUNFO,"",INMET_CONVENCIONAL,CONVENCIONAL,2017,INMET_CONV_24H_PENDENTE_ALINHAMENTO,FALSE,365,289,0,0,0,,,,289,,
INMET,82789,TRIUNFO,"",INMET_CONVENCIONAL,CONVENCIONAL,2018,INMET_CONV_24H_PENDENTE_ALINHAMENTO,FALSE,365,83,0,0,0,,,,83,,
INMET,82797,SURUBIM,"",INMET_CONVENCIONAL,CONVENCIONAL,2017,INMET_CONV_24H_PENDENTE_ALINHAMENTO,FALSE,365,365,0,0,0,,,,365,,
INMET,82797,SURUBIM,"",INMET_CONVENCIONAL,CONVENCIONAL,2018,INMET_CONV_24H_PENDENTE_ALINHAMENTO,FALSE,365,365,0,0,0,,,,365,,
INMET,82797,SURUBIM,"",INMET_CONVENCIONAL,CONVENCIONAL,2019,INMET_CONV_24H_PENDENTE_ALINHAMENTO,FALSE,365,334,0,0,0,,,,334,,
INMET,82797,SURUBIM,"",INMET_CONVENCIONAL,CONVENCIONAL,2020,INMET_CONV_24H_PENDENTE_ALINHAMENTO,FALSE,366,336,0,0,0,,,,336,,
INMET,82797,SURUBIM,"",INMET_CONVENCIONAL,CONVENCIONAL,2021,INMET_CONV_24H_PENDENTE_ALINHAMENTO,FALSE,365,19,0,0,0,,,,19,,
INMET,82797,SURUBIM,"",INMET_CONVENCIONAL,CONVENCIONAL,2022,INMET_CONV_24H_PENDENTE_ALINHAMENTO,FALSE,365,0,0,0,0,,,,0,,
INMET,82797,SURUBIM,"",INMET_CONVENCIONAL,CONVENCIONAL,2023,INMET_CONV_24H_PENDENTE_ALINHAMENTO,FALSE,365,2,0,0,0,,,,2,,
INMET,82797,SURUBIM,"",INMET_CONVENCIONAL,CONVENCIONAL,2024,INMET_CONV_24H_PENDENTE_ALINHAMENTO,FALSE,366,0,0,0,0,,,,0,,
INMET,82797,SURUBIM,"",INMET_CONVENCIONAL,CONVENCIONAL,2025,INMET_CONV_24H_PENDENTE_ALINHAMENTO,FALSE,365,61,0,0,0,,,,61,,
INMET,82799,GOIANA,"",INMET_CONVENCIONAL,CONVENCIONAL,2017,INMET_CONV_24H_PENDENTE_ALINHAMENTO,FALSE,365,0,0,0,0,,,,0,,
INMET,82799,GOIANA,"",INMET_CONVENCIONAL,CONVENCIONAL,2018,INMET_CONV_24H_PENDENTE_ALINHAMENTO,FALSE,365,0,0,0,0,,,,0,,
INMET,82799,GOIANA,"",INMET_CONVENCIONAL,CONVENCIONAL,2019,INMET_CONV_24H_PENDENTE_ALINHAMENTO,FALSE,365,0,0,0,0,,,,0,,
INMET,82799,GOIANA,"",INMET_CONVENCIONAL,CONVENCIONAL,2020,INMET_CONV_24H_PENDENTE_ALINHAMENTO,FALSE,366,0,0,0,0,,,,0,,
INMET,82799,GOIANA,"",INMET_CONVENCIONAL,CONVENCIONAL,2021,INMET_CONV_24H_PENDENTE_ALINHAMENTO,FALSE,365,0,0,0,0,,,,0,,
INMET,82799,GOIANA,"",INMET_CONVENCIONAL,CONVENCIONAL,2022,INMET_CONV_24H_PENDENTE_ALINHAMENTO,FALSE,365,0,0,0,0,,,,0,,
INMET,82799,GOIANA,"",INMET_CONVENCIONAL,CONVENCIONAL,2023,INMET_CONV_24H_PENDENTE_ALINHAMENTO,FALSE,365,0,0,0,0,,,,0,,
INMET,82799,GOIANA,"",INMET_CONVENCIONAL,CONVENCIONAL,2024,INMET_CONV_24H_PENDENTE_ALINHAMENTO,FALSE,366,0,0,0,0,,,,0,,
INMET,82799,GOIANA,"",INMET_CONVENCIONAL,CONVENCIONAL,2025,INMET_CONV_24H_PENDENTE_ALINHAMENTO,FALSE,365,0,0,0,0,,,,0,,
INMET,82886,CABROBO,"",INMET_CONVENCIONAL,CONVENCIONAL,2017,INMET_CONV_24H_PENDENTE_ALINHAMENTO,FALSE,365,362,0,0,0,,,,362,,
INMET,82886,CABROBO,"",INMET_CONVENCIONAL,CONVENCIONAL,2018,INMET_CONV_24H_PENDENTE_ALINHAMENTO,FALSE,365,345,0,0,0,,,,345,,
INMET,82886,CABROBO,"",INMET_CONVENCIONAL,CONVENCIONAL,2019,INMET_CONV_24H_PENDENTE_ALINHAMENTO,FALSE,365,345,0,0,0,,,,345,,
INMET,82886,CABROBO,"",INMET_CONVENCIONAL,CONVENCIONAL,2020,INMET_CONV_24H_PENDENTE_ALINHAMENTO,FALSE,366,314,0,0,0,,,,314,,
INMET,82886,CABROBO,"",INMET_CONVENCIONAL,CONVENCIONAL,2021,INMET_CONV_24H_PENDENTE_ALINHAMENTO,FALSE,365,314,0,0,0,,,,314,,
INMET,82886,CABROBO,"",INMET_CONVENCIONAL,CONVENCIONAL,2022,INMET_CONV_24H_PENDENTE_ALINHAMENTO,FALSE,365,297,0,0,0,,,,297,,
INMET,82886,CABROBO,"",INMET_CONVENCIONAL,CONVENCIONAL,2023,INMET_CONV_24H_PENDENTE_ALINHAMENTO,FALSE,365,153,0,0,0,,,,153,,
INMET,82886,CABROBO,"",INMET_CONVENCIONAL,CONVENCIONAL,2024,INMET_CONV_24H_PENDENTE_ALINHAMENTO,FALSE,366,0,0,0,0,,,,0,,
INMET,82886,CABROBO,"",INMET_CONVENCIONAL,CONVENCIONAL,2025,INMET_CONV_24H_PENDENTE_ALINHAMENTO,FALSE,365,0,0,0,0,,,,0,,
INMET,82890,ARCO VERDE,"",INMET_CONVENCIONAL,CONVENCIONAL,2017,INMET_CONV_24H_PENDENTE_ALINHAMENTO,FALSE,365,365,0,0,0,,,,365,,
INMET,82890,ARCO VERDE,"",INMET_CONVENCIONAL,CONVENCIONAL,2018,INMET_CONV_24H_PENDENTE_ALINHAMENTO,FALSE,365,365,0,0,0,,,,365,,
INMET,82890,ARCO VERDE,"",INMET_CONVENCIONAL,CONVENCIONAL,2019,INMET_CONV_24H_PENDENTE_ALINHAMENTO,FALSE,365,365,0,0,0,,,,365,,
INMET,82890,ARCO VERDE,"",INMET_CONVENCIONAL,CONVENCIONAL,2020,INMET_CONV_24H_PENDENTE_ALINHAMENTO,FALSE,366,324,0,0,0,,,,324,,
INMET,82890,ARCO VERDE,"",INMET_CONVENCIONAL,CONVENCIONAL,2021,INMET_CONV_24H_PENDENTE_ALINHAMENTO,FALSE,365,234,0,0,0,,,,234,,
INMET,82890,ARCO VERDE,"",INMET_CONVENCIONAL,CONVENCIONAL,2022,INMET_CONV_24H_PENDENTE_ALINHAMENTO,FALSE,365,0,0,0,0,,,,0,,
INMET,82890,ARCO VERDE,"",INMET_CONVENCIONAL,CONVENCIONAL,2023,INMET_CONV_24H_PENDENTE_ALINHAMENTO,FALSE,365,0,0,0,0,,,,0,,
INMET,82890,ARCO VERDE,"",INMET_CONVENCIONAL,CONVENCIONAL,2024,INMET_CONV_24H_PENDENTE_ALINHAMENTO,FALSE,366,0,0,0,0,,,,0,,
INMET,82890,ARCO VERDE,"",INMET_CONVENCIONAL,CONVENCIONAL,2025,INMET_CONV_24H_PENDENTE_ALINHAMENTO,FALSE,365,0,0,0,0,,,,0,,
INMET,82893,GARANHUNS,"",INMET_CONVENCIONAL,CONVENCIONAL,2017,INMET_CONV_24H_PENDENTE_ALINHAMENTO,FALSE,365,309,0,0,0,,,,309,,
INMET,82893,GARANHUNS,"",INMET_CONVENCIONAL,CONVENCIONAL,2018,INMET_CONV_24H_PENDENTE_ALINHAMENTO,FALSE,365,298,0,0,0,,,,298,,
INMET,82893,GARANHUNS,"",INMET_CONVENCIONAL,CONVENCIONAL,2019,INMET_CONV_24H_PENDENTE_ALINHAMENTO,FALSE,365,281,0,0,0,,,,281,,
INMET,82893,GARANHUNS,"",INMET_CONVENCIONAL,CONVENCIONAL,2020,INMET_CONV_24H_PENDENTE_ALINHAMENTO,FALSE,366,27,0,0,0,,,,27,,
INMET,82893,GARANHUNS,"",INMET_CONVENCIONAL,CONVENCIONAL,2021,INMET_CONV_24H_PENDENTE_ALINHAMENTO,FALSE,365,0,0,0,0,,,,0,,
INMET,82893,GARANHUNS,"",INMET_CONVENCIONAL,CONVENCIONAL,2022,INMET_CONV_24H_PENDENTE_ALINHAMENTO,FALSE,365,0,0,0,0,,,,0,,
INMET,82897,TAPACURA,"",INMET_CONVENCIONAL,CONVENCIONAL,2017,INMET_CONV_24H_PENDENTE_ALINHAMENTO,FALSE,365,0,0,0,0,,,,0,,
INMET,82897,TAPACURA,"",INMET_CONVENCIONAL,CONVENCIONAL,2018,INMET_CONV_24H_PENDENTE_ALINHAMENTO,FALSE,365,0,0,0,0,,,,0,,
INMET,82897,TAPACURA,"",INMET_CONVENCIONAL,CONVENCIONAL,2019,INMET_CONV_24H_PENDENTE_ALINHAMENTO,FALSE,365,0,0,0,0,,,,0,,
INMET,82897,TAPACURA,"",INMET_CONVENCIONAL,CONVENCIONAL,2020,INMET_CONV_24H_PENDENTE_ALINHAMENTO,FALSE,366,0,0,0,0,,,,0,,
INMET,82897,TAPACURA,"",INMET_CONVENCIONAL,CONVENCIONAL,2021,INMET_CONV_24H_PENDENTE_ALINHAMENTO,FALSE,365,0,0,0,0,,,,0,,
INMET,82897,TAPACURA,"",INMET_CONVENCIONAL,CONVENCIONAL,2022,INMET_CONV_24H_PENDENTE_ALINHAMENTO,FALSE,365,0,0,0,0,,,,0,,
INMET,82897,TAPACURA,"",INMET_CONVENCIONAL,CONVENCIONAL,2023,INMET_CONV_24H_PENDENTE_ALINHAMENTO,FALSE,365,0,0,0,0,,,,0,,
INMET,82897,TAPACURA,"",INMET_CONVENCIONAL,CONVENCIONAL,2024,INMET_CONV_24H_PENDENTE_ALINHAMENTO,FALSE,366,0,0,0,0,,,,0,,
INMET,82897,TAPACURA,"",INMET_CONVENCIONAL,CONVENCIONAL,2025,INMET_CONV_24H_PENDENTE_ALINHAMENTO,FALSE,365,0,0,0,0,,,,0,,
INMET,82898,OLINDA,"",INMET_CONVENCIONAL,CONVENCIONAL,2017,INMET_CONV_24H_PENDENTE_ALINHAMENTO,FALSE,365,0,0,0,0,,,,0,,
INMET,82898,OLINDA,"",INMET_CONVENCIONAL,CONVENCIONAL,2018,INMET_CONV_24H_PENDENTE_ALINHAMENTO,FALSE,365,0,0,0,0,,,,0,,
INMET,82898,OLINDA,"",INMET_CONVENCIONAL,CONVENCIONAL,2019,INMET_CONV_24H_PENDENTE_ALINHAMENTO,FALSE,365,0,0,0,0,,,,0,,
INMET,82898,OLINDA,"",INMET_CONVENCIONAL,CONVENCIONAL,2020,INMET_CONV_24H_PENDENTE_ALINHAMENTO,FALSE,366,0,0,0,0,,,,0,,
INMET,82898,OLINDA,"",INMET_CONVENCIONAL,CONVENCIONAL,2021,INMET_CONV_24H_PENDENTE_ALINHAMENTO,FALSE,365,0,0,0,0,,,,0,,
INMET,82898,OLINDA,"",INMET_CONVENCIONAL,CONVENCIONAL,2022,INMET_CONV_24H_PENDENTE_ALINHAMENTO,FALSE,365,0,0,0,0,,,,0,,
INMET,82898,OLINDA,"",INMET_CONVENCIONAL,CONVENCIONAL,2023,INMET_CONV_24H_PENDENTE_ALINHAMENTO,FALSE,365,0,0,0,0,,,,0,,
INMET,82898,OLINDA,"",INMET_CONVENCIONAL,CONVENCIONAL,2024,INMET_CONV_24H_PENDENTE_ALINHAMENTO,FALSE,366,0,0,0,0,,,,0,,
INMET,82898,OLINDA,"",INMET_CONVENCIONAL,CONVENCIONAL,2025,INMET_CONV_24H_PENDENTE_ALINHAMENTO,FALSE,365,0,0,0,0,,,,0,,
INMET,82900,RECIFE (CURADO),"",INMET_CONVENCIONAL,CONVENCIONAL,2017,INMET_CONV_24H_PENDENTE_ALINHAMENTO,FALSE,365,365,0,0,0,,,,365,,
INMET,82900,RECIFE (CURADO),"",INMET_CONVENCIONAL,CONVENCIONAL,2018,INMET_CONV_24H_PENDENTE_ALINHAMENTO,FALSE,365,365,0,0,0,,,,365,,
INMET,82900,RECIFE (CURADO),"",INMET_CONVENCIONAL,CONVENCIONAL,2019,INMET_CONV_24H_PENDENTE_ALINHAMENTO,FALSE,365,335,0,0,0,,,,335,,
INMET,82900,RECIFE (CURADO),"",INMET_CONVENCIONAL,CONVENCIONAL,2020,INMET_CONV_24H_PENDENTE_ALINHAMENTO,FALSE,366,242,0,0,0,,,,242,,
INMET,82983,PETROLINA,"",INMET_CONVENCIONAL,CONVENCIONAL,2017,INMET_CONV_24H_PENDENTE_ALINHAMENTO,FALSE,365,365,0,0,0,,,,365,,
INMET,82983,PETROLINA,"",INMET_CONVENCIONAL,CONVENCIONAL,2018,INMET_CONV_24H_PENDENTE_ALINHAMENTO,FALSE,365,365,0,0,0,,,,365,,
INMET,82983,PETROLINA,"",INMET_CONVENCIONAL,CONVENCIONAL,2019,INMET_CONV_24H_PENDENTE_ALINHAMENTO,FALSE,365,362,0,0,0,,,,362,,
INMET,82983,PETROLINA,"",INMET_CONVENCIONAL,CONVENCIONAL,2020,INMET_CONV_24H_PENDENTE_ALINHAMENTO,FALSE,366,362,0,0,0,,,,362,,
INMET,82983,PETROLINA,"",INMET_CONVENCIONAL,CONVENCIONAL,2021,INMET_CONV_24H_PENDENTE_ALINHAMENTO,FALSE,365,268,0,0,0,,,,268,,
INMET,82983,PETROLINA,"",INMET_CONVENCIONAL,CONVENCIONAL,2022,INMET_CONV_24H_PENDENTE_ALINHAMENTO,FALSE,365,0,0,0,0,,,,0,,
INMET,82983,PETROLINA,"",INMET_CONVENCIONAL,CONVENCIONAL,2023,INMET_CONV_24H_PENDENTE_ALINHAMENTO,FALSE,365,0,0,0,0,,,,0,,
INMET,82983,PETROLINA,"",INMET_CONVENCIONAL,CONVENCIONAL,2024,INMET_CONV_24H_PENDENTE_ALINHAMENTO,FALSE,366,0,0,0,0,,,,0,,
INMET,82983,PETROLINA,"",INMET_CONVENCIONAL,CONVENCIONAL,2025,INMET_CONV_24H_PENDENTE_ALINHAMENTO,FALSE,365,0,0,0,0,,,,0,,
INMET,A301,RECIFE,"",INMET_AUTOMATICA,AUTOMATICA,2017,INMET_AUTO_24H,TRUE,365,352,326,334,335,0.893150684931507,0.915068493150685,0.917808219178082,0,12,
INMET,A301,RECIFE,"",INMET_AUTOMATICA,AUTOMATICA,2018,INMET_AUTO_24H,TRUE,365,351,332,337,341,0.90958904109589,0.923287671232877,0.934246575342466,0,14,
INMET,A301,RECIFE,"",INMET_AUTOMATICA,AUTOMATICA,2019,INMET_AUTO_24H,TRUE,365,365,360,365,365,0.986301369863014,1,1,0,1,
INMET,A301,RECIFE,"",INMET_AUTOMATICA,AUTOMATICA,2020,INMET_AUTO_24H,TRUE,366,366,359,366,366,0.980874316939891,1,1,0,2,
INMET,A301,RECIFE,"",INMET_AUTOMATICA,AUTOMATICA,2021,INMET_AUTO_24H,TRUE,365,313,294,312,312,0.805479452054795,0.854794520547945,0.854794520547945,0,51,
INMET,A307,PETROLINA,"",INMET_AUTOMATICA,AUTOMATICA,2017,INMET_AUTO_24H,TRUE,365,365,365,365,365,1,1,1,0,0,
INMET,A307,PETROLINA,"",INMET_AUTOMATICA,AUTOMATICA,2018,INMET_AUTO_24H,TRUE,365,286,245,249,251,0.671232876712329,0.682191780821918,0.687671232876712,0,114,
INMET,A307,PETROLINA,"",INMET_AUTOMATICA,AUTOMATICA,2019,INMET_AUTO_24H,TRUE,365,365,365,365,365,1,1,1,0,0,
INMET,A307,PETROLINA,"",INMET_AUTOMATICA,AUTOMATICA,2020,INMET_AUTO_24H,TRUE,366,366,366,366,366,1,1,1,0,0,
INMET,A307,PETROLINA,"",INMET_AUTOMATICA,AUTOMATICA,2021,INMET_AUTO_24H,TRUE,365,365,365,365,365,1,1,1,0,0,
INMET,A307,PETROLINA,"",INMET_AUTOMATICA,AUTOMATICA,2022,INMET_AUTO_24H,TRUE,365,222,222,222,222,0.608219178082192,0.608219178082192,0.608219178082192,0,143,
INMET,A307,PETROLINA,"",INMET_AUTOMATICA,AUTOMATICA,2023,INMET_AUTO_24H,TRUE,365,243,239,240,241,0.654794520547945,0.657534246575342,0.66027397260274,0,124,
INMET,A307,PETROLINA,"",INMET_AUTOMATICA,AUTOMATICA,2024,INMET_AUTO_24H,TRUE,366,158,119,133,135,0.325136612021858,0.363387978142077,0.368852459016393,0,98,
INMET,A307,PETROLINA,"",INMET_AUTOMATICA,AUTOMATICA,2025,INMET_AUTO_24H,TRUE,365,0,0,0,0,0,0,0,0,365,
INMET,A309,ARCO VERDE,"",INMET_AUTOMATICA,AUTOMATICA,2017,INMET_AUTO_24H,TRUE,365,336,333,335,335,0.912328767123288,0.917808219178082,0.917808219178082,0,31,
INMET,A309,ARCO VERDE,"",INMET_AUTOMATICA,AUTOMATICA,2018,INMET_AUTO_24H,TRUE,365,276,274,275,275,0.750684931506849,0.753424657534247,0.753424657534247,0,59,
INMET,A309,ARCO VERDE,"",INMET_AUTOMATICA,AUTOMATICA,2019,INMET_AUTO_24H,TRUE,365,307,306,306,306,0.838356164383562,0.838356164383562,0.838356164383562,0,59,
INMET,A309,ARCO VERDE,"",INMET_AUTOMATICA,AUTOMATICA,2020,INMET_AUTO_24H,TRUE,366,121,119,121,121,0.325136612021858,0.330601092896175,0.330601092896175,0,246,
INMET,A309,ARCO VERDE,"",INMET_AUTOMATICA,AUTOMATICA,2021,INMET_AUTO_24H,TRUE,365,239,0,0,0,0,0,0,0,365,
INMET,A309,ARCO VERDE,"",INMET_AUTOMATICA,AUTOMATICA,2022,INMET_AUTO_24H,TRUE,365,313,131,131,131,0.358904109589041,0.358904109589041,0.358904109589041,0,234,
INMET,A309,ARCO VERDE,"",INMET_AUTOMATICA,AUTOMATICA,2023,INMET_AUTO_24H,TRUE,365,347,334,334,334,0.915068493150685,0.915068493150685,0.915068493150685,0,6,
INMET,A309,ARCO VERDE,"",INMET_AUTOMATICA,AUTOMATICA,2024,INMET_AUTO_24H,TRUE,366,351,331,337,338,0.904371584699454,0.920765027322404,0.923497267759563,0,9,
INMET,A309,ARCO VERDE,"",INMET_AUTOMATICA,AUTOMATICA,2025,INMET_AUTO_24H,TRUE,365,297,285,296,296,0.780821917808219,0.810958904109589,0.810958904109589,0,69,
INMET,A322,GARANHUNS,"",INMET_AUTOMATICA,AUTOMATICA,2017,INMET_AUTO_24H,TRUE,365,365,338,340,340,0.926027397260274,0.931506849315068,0.931506849315068,0,27,
INMET,A322,GARANHUNS,"",INMET_AUTOMATICA,AUTOMATICA,2018,INMET_AUTO_24H,TRUE,365,355,278,278,278,0.761643835616438,0.761643835616438,0.761643835616438,0,87,
INMET,A322,GARANHUNS,"",INMET_AUTOMATICA,AUTOMATICA,2019,INMET_AUTO_24H,TRUE,365,365,365,365,365,1,1,1,0,0,
INMET,A322,GARANHUNS,"",INMET_AUTOMATICA,AUTOMATICA,2020,INMET_AUTO_24H,TRUE,366,366,366,366,366,1,1,1,0,0,
INMET,A322,GARANHUNS,"",INMET_AUTOMATICA,AUTOMATICA,2021,INMET_AUTO_24H,TRUE,365,233,229,231,232,0.627397260273973,0.632876712328767,0.635616438356164,0,133,
INMET,A322,GARANHUNS,"",INMET_AUTOMATICA,AUTOMATICA,2022,INMET_AUTO_24H,TRUE,365,214,190,192,202,0.520547945205479,0.526027397260274,0.553424657534247,0,153,
INMET,A322,GARANHUNS,"",INMET_AUTOMATICA,AUTOMATICA,2023,INMET_AUTO_24H,TRUE,365,334,319,333,334,0.873972602739726,0.912328767123288,0.915068493150685,0,32,
INMET,A322,GARANHUNS,"",INMET_AUTOMATICA,AUTOMATICA,2024,INMET_AUTO_24H,TRUE,366,0,0,0,0,0,0,0,0,366,
INMET,A322,GARANHUNS,"",INMET_AUTOMATICA,AUTOMATICA,2025,INMET_AUTO_24H,TRUE,365,0,0,0,0,0,0,0,0,365,
INMET,A328,SURUBIM,"",INMET_AUTOMATICA,AUTOMATICA,2017,INMET_AUTO_24H,TRUE,365,364,359,363,364,0.983561643835616,0.994520547945205,0.997260273972603,0,5,
INMET,A328,SURUBIM,"",INMET_AUTOMATICA,AUTOMATICA,2018,INMET_AUTO_24H,TRUE,365,332,245,248,248,0.671232876712329,0.679452054794521,0.679452054794521,0,87,
INMET,A328,SURUBIM,"",INMET_AUTOMATICA,AUTOMATICA,2019,INMET_AUTO_24H,TRUE,365,185,183,184,184,0.501369863013699,0.504109589041096,0.504109589041096,0,181,
INMET,A328,SURUBIM,"",INMET_AUTOMATICA,AUTOMATICA,2020,INMET_AUTO_24H,TRUE,366,61,0,0,0,0,0,0,0,366,
INMET,A328,SURUBIM,"",INMET_AUTOMATICA,AUTOMATICA,2021,INMET_AUTO_24H,TRUE,365,365,0,0,0,0,0,0,0,365,
INMET,A328,SURUBIM,"",INMET_AUTOMATICA,AUTOMATICA,2022,INMET_AUTO_24H,TRUE,365,365,172,213,213,0.471232876712329,0.583561643835617,0.583561643835617,0,152,
INMET,A328,SURUBIM,"",INMET_AUTOMATICA,AUTOMATICA,2023,INMET_AUTO_24H,TRUE,365,365,304,313,315,0.832876712328767,0.857534246575342,0.863013698630137,0,50,
INMET,A328,SURUBIM,"",INMET_AUTOMATICA,AUTOMATICA,2024,INMET_AUTO_24H,TRUE,366,188,110,111,111,0.300546448087432,0.30327868852459,0.30327868852459,0,151,
INMET,A328,SURUBIM,"",INMET_AUTOMATICA,AUTOMATICA,2025,INMET_AUTO_24H,TRUE,365,94,88,92,93,0.241095890410959,0.252054794520548,0.254794520547945,0,272,
INMET,A329,CABROBO,"",INMET_AUTOMATICA,AUTOMATICA,2017,INMET_AUTO_24H,TRUE,365,364,362,362,362,0.991780821917808,0.991780821917808,0.991780821917808,0,3,
INMET,A329,CABROBO,"",INMET_AUTOMATICA,AUTOMATICA,2018,INMET_AUTO_24H,TRUE,365,351,323,324,324,0.884931506849315,0.887671232876712,0.887671232876712,0,42,
INMET,A329,CABROBO,"",INMET_AUTOMATICA,AUTOMATICA,2019,INMET_AUTO_24H,TRUE,365,361,285,286,286,0.780821917808219,0.783561643835617,0.783561643835617,0,79,
INMET,A329,CABROBO,"",INMET_AUTOMATICA,AUTOMATICA,2020,INMET_AUTO_24H,TRUE,366,366,365,366,366,0.997267759562842,1,1,0,1,
INMET,A329,CABROBO,"",INMET_AUTOMATICA,AUTOMATICA,2021,INMET_AUTO_24H,TRUE,365,364,325,329,329,0.89041095890411,0.901369863013699,0.901369863013699,0,37,
INMET,A329,CABROBO,"",INMET_AUTOMATICA,AUTOMATICA,2022,INMET_AUTO_24H,TRUE,365,145,127,127,127,0.347945205479452,0.347945205479452,0.347945205479452,0,238,
INMET,A329,CABROBO,"",INMET_AUTOMATICA,AUTOMATICA,2023,INMET_AUTO_24H,TRUE,365,365,364,365,365,0.997260273972603,1,1,0,1,
INMET,A329,CABROBO,"",INMET_AUTOMATICA,AUTOMATICA,2024,INMET_AUTO_24H,TRUE,366,366,366,366,366,1,1,1,0,0,
INMET,A329,CABROBO,"",INMET_AUTOMATICA,AUTOMATICA,2025,INMET_AUTO_24H,TRUE,365,90,89,90,90,0.243835616438356,0.246575342465753,0.246575342465753,0,276,
INMET,A341,CARUARU,"",INMET_AUTOMATICA,AUTOMATICA,2017,INMET_AUTO_24H,TRUE,365,183,181,182,182,0.495890410958904,0.498630136986301,0.498630136986301,0,184,
INMET,A341,CARUARU,"",INMET_AUTOMATICA,AUTOMATICA,2018,INMET_AUTO_24H,TRUE,365,235,219,222,222,0.6,0.608219178082192,0.608219178082192,0,72,
INMET,A341,CARUARU,"",INMET_AUTOMATICA,AUTOMATICA,2019,INMET_AUTO_24H,TRUE,365,305,303,304,304,0.83013698630137,0.832876712328767,0.832876712328767,0,62,
INMET,A341,CARUARU,"",INMET_AUTOMATICA,AUTOMATICA,2020,INMET_AUTO_24H,TRUE,366,366,366,366,366,1,1,1,0,0,
INMET,A341,CARUARU,"",INMET_AUTOMATICA,AUTOMATICA,2021,INMET_AUTO_24H,TRUE,365,26,24,24,25,0.0657534246575342,0.0657534246575342,0.0684931506849315,0,341,
INMET,A341,CARUARU,"",INMET_AUTOMATICA,AUTOMATICA,2022,INMET_AUTO_24H,TRUE,365,134,128,129,130,0.350684931506849,0.353424657534247,0.356164383561644,0,153,
INMET,A341,CARUARU,"",INMET_AUTOMATICA,AUTOMATICA,2023,INMET_AUTO_24H,TRUE,365,189,182,186,186,0.498630136986301,0.50958904109589,0.50958904109589,0,128,
INMET,A341,CARUARU,"",INMET_AUTOMATICA,AUTOMATICA,2024,INMET_AUTO_24H,TRUE,366,157,138,139,140,0.377049180327869,0.379781420765027,0.382513661202186,0,209,
INMET,A341,CARUARU,"",INMET_AUTOMATICA,AUTOMATICA,2025,INMET_AUTO_24H,TRUE,365,365,361,365,365,0.989041095890411,1,1,0,1,
INMET,A349,IBIMIRIM,"",INMET_AUTOMATICA,AUTOMATICA,2017,INMET_AUTO_24H,TRUE,365,361,312,313,318,0.854794520547945,0.857534246575342,0.871232876712329,0,53,
INMET,A349,IBIMIRIM,"",INMET_AUTOMATICA,AUTOMATICA,2018,INMET_AUTO_24H,TRUE,365,334,333,334,334,0.912328767123288,0.915068493150685,0.915068493150685,0,32,
INMET,A349,IBIMIRIM,"",INMET_AUTOMATICA,AUTOMATICA,2019,INMET_AUTO_24H,TRUE,365,185,140,140,140,0.383561643835616,0.383561643835616,0.383561643835616,0,225,
INMET,A349,IBIMIRIM,"",INMET_AUTOMATICA,AUTOMATICA,2020,INMET_AUTO_24H,TRUE,366,366,366,366,366,1,1,1,0,0,
INMET,A349,IBIMIRIM,"",INMET_AUTOMATICA,AUTOMATICA,2021,INMET_AUTO_24H,TRUE,365,365,363,364,364,0.994520547945205,0.997260273972603,0.997260273972603,0,2,
INMET,A349,IBIMIRIM,"",INMET_AUTOMATICA,AUTOMATICA,2022,INMET_AUTO_24H,TRUE,365,316,313,314,314,0.857534246575342,0.86027397260274,0.86027397260274,0,51,
INMET,A349,IBIMIRIM,"",INMET_AUTOMATICA,AUTOMATICA,2023,INMET_AUTO_24H,TRUE,365,365,365,365,365,1,1,1,0,0,
INMET,A349,IBIMIRIM,"",INMET_AUTOMATICA,AUTOMATICA,2024,INMET_AUTO_24H,TRUE,366,158,155,156,156,0.423497267759563,0.426229508196721,0.426229508196721,0,210,
INMET,A349,IBIMIRIM,"",INMET_AUTOMATICA,AUTOMATICA,2025,INMET_AUTO_24H,TRUE,365,365,362,365,365,0.991780821917808,1,1,0,1,
INMET,A350,SERRA TALHADA,"",INMET_AUTOMATICA,AUTOMATICA,2017,INMET_AUTO_24H,TRUE,365,365,365,365,365,1,1,1,0,0,
INMET,A350,SERRA TALHADA,"",INMET_AUTOMATICA,AUTOMATICA,2018,INMET_AUTO_24H,TRUE,365,325,322,323,323,0.882191780821918,0.884931506849315,0.884931506849315,0,42,
INMET,A350,SERRA TALHADA,"",INMET_AUTOMATICA,AUTOMATICA,2019,INMET_AUTO_24H,TRUE,365,365,365,365,365,1,1,1,0,0,
INMET,A350,SERRA TALHADA,"",INMET_AUTOMATICA,AUTOMATICA,2020,INMET_AUTO_24H,TRUE,366,366,366,366,366,1,1,1,0,0,
INMET,A350,SERRA TALHADA,"",INMET_AUTOMATICA,AUTOMATICA,2021,INMET_AUTO_24H,TRUE,365,272,176,178,178,0.482191780821918,0.487671232876712,0.487671232876712,0,179,
INMET,A350,SERRA TALHADA,"",INMET_AUTOMATICA,AUTOMATICA,2022,INMET_AUTO_24H,TRUE,365,0,0,0,0,0,0,0,0,365,
INMET,A350,SERRA TALHADA,"",INMET_AUTOMATICA,AUTOMATICA,2023,INMET_AUTO_24H,TRUE,365,306,304,305,305,0.832876712328767,0.835616438356164,0.835616438356164,0,60,
INMET,A350,SERRA TALHADA,"",INMET_AUTOMATICA,AUTOMATICA,2024,INMET_AUTO_24H,TRUE,366,257,255,255,255,0.69672131147541,0.69672131147541,0.69672131147541,0,111,
INMET,A350,SERRA TALHADA,"",INMET_AUTOMATICA,AUTOMATICA,2025,INMET_AUTO_24H,TRUE,365,147,68,72,73,0.186301369863014,0.197260273972603,0.2,0,273,
INMET,A351,FLORESTA,"",INMET_AUTOMATICA,AUTOMATICA,2017,INMET_AUTO_24H,TRUE,365,293,291,291,291,0.797260273972603,0.797260273972603,0.797260273972603,0,74,
INMET,A351,FLORESTA,"",INMET_AUTOMATICA,AUTOMATICA,2018,INMET_AUTO_24H,TRUE,365,365,365,365,365,1,1,1,0,0,
INMET,A351,FLORESTA,"",INMET_AUTOMATICA,AUTOMATICA,2019,INMET_AUTO_24H,TRUE,365,334,331,332,332,0.906849315068493,0.90958904109589,0.90958904109589,0,33,
INMET,A351,FLORESTA,"",INMET_AUTOMATICA,AUTOMATICA,2020,INMET_AUTO_24H,TRUE,366,336,334,335,335,0.912568306010929,0.915300546448087,0.915300546448087,0,32,
INMET,A351,FLORESTA,"",INMET_AUTOMATICA,AUTOMATICA,2021,INMET_AUTO_24H,TRUE,365,239,236,238,238,0.646575342465753,0.652054794520548,0.652054794520548,0,98,
INMET,A351,FLORESTA,"",INMET_AUTOMATICA,AUTOMATICA,2022,INMET_AUTO_24H,TRUE,365,128,127,127,127,0.347945205479452,0.347945205479452,0.347945205479452,0,238,
INMET,A351,FLORESTA,"",INMET_AUTOMATICA,AUTOMATICA,2023,INMET_AUTO_24H,TRUE,365,365,365,365,365,1,1,1,0,0,
INMET,A351,FLORESTA,"",INMET_AUTOMATICA,AUTOMATICA,2024,INMET_AUTO_24H,TRUE,366,365,357,361,361,0.975409836065574,0.986338797814208,0.986338797814208,0,6,
INMET,A351,FLORESTA,"",INMET_AUTOMATICA,AUTOMATICA,2025,INMET_AUTO_24H,TRUE,365,0,0,0,0,0,0,0,0,365,
INMET,A357,PALMARES,"",INMET_AUTOMATICA,AUTOMATICA,2017,INMET_AUTO_24H,TRUE,365,228,223,223,224,0.610958904109589,0.610958904109589,0.613698630136986,0,128,
INMET,A357,PALMARES,"",INMET_AUTOMATICA,AUTOMATICA,2018,INMET_AUTO_24H,TRUE,365,307,294,296,296,0.805479452054795,0.810958904109589,0.810958904109589,0,20,
INMET,A357,PALMARES,"",INMET_AUTOMATICA,AUTOMATICA,2019,INMET_AUTO_24H,TRUE,365,247,230,233,234,0.63013698630137,0.638356164383562,0.641095890410959,0,44,
INMET,A357,PALMARES,"",INMET_AUTOMATICA,AUTOMATICA,2020,INMET_AUTO_24H,TRUE,366,31,30,31,31,0.0819672131147541,0.0846994535519126,0.0846994535519126,0,336,
INMET,A357,PALMARES,"",INMET_AUTOMATICA,AUTOMATICA,2021,INMET_AUTO_24H,TRUE,365,86,78,83,83,0.213698630136986,0.227397260273973,0.227397260273973,0,154,
INMET,A357,PALMARES,"",INMET_AUTOMATICA,AUTOMATICA,2022,INMET_AUTO_24H,TRUE,365,114,112,113,113,0.306849315068493,0.30958904109589,0.30958904109589,0,160,
INMET,A357,PALMARES,"",INMET_AUTOMATICA,AUTOMATICA,2023,INMET_AUTO_24H,TRUE,365,228,227,227,227,0.621917808219178,0.621917808219178,0.621917808219178,0,138,
INMET,A357,PALMARES,"",INMET_AUTOMATICA,AUTOMATICA,2024,INMET_AUTO_24H,TRUE,366,221,219,220,220,0.598360655737705,0.601092896174863,0.601092896174863,0,147,
INMET,A357,PALMARES,"",INMET_AUTOMATICA,AUTOMATICA,2025,INMET_AUTO_24H,TRUE,365,304,303,304,304,0.83013698630137,0.832876712328767,0.832876712328767,0,62,
INMET,A366,OURICURI,"",INMET_AUTOMATICA,AUTOMATICA,2017,INMET_AUTO_24H,TRUE,365,365,276,284,293,0.756164383561644,0.778082191780822,0.802739726027397,0,42,
INMET,A366,OURICURI,"",INMET_AUTOMATICA,AUTOMATICA,2018,INMET_AUTO_24H,TRUE,365,357,265,275,289,0.726027397260274,0.753424657534247,0.791780821917808,0,52,
INMET,A366,OURICURI,"",INMET_AUTOMATICA,AUTOMATICA,2019,INMET_AUTO_24H,TRUE,365,365,210,222,236,0.575342465753425,0.608219178082192,0.646575342465753,0,65,
INMET,A366,OURICURI,"",INMET_AUTOMATICA,AUTOMATICA,2020,INMET_AUTO_24H,TRUE,366,93,77,79,80,0.210382513661202,0.215846994535519,0.218579234972678,0,213,
INMET,A366,OURICURI,"",INMET_AUTOMATICA,AUTOMATICA,2021,INMET_AUTO_24H,TRUE,365,84,0,4,14,0,0.010958904109589,0.0383561643835616,0,365,
INMET,A366,OURICURI,"",INMET_AUTOMATICA,AUTOMATICA,2022,INMET_AUTO_24H,TRUE,365,126,125,125,125,0.342465753424658,0.342465753424658,0.342465753424658,0,240,
INMET,A366,OURICURI,"",INMET_AUTOMATICA,AUTOMATICA,2023,INMET_AUTO_24H,TRUE,365,199,194,197,197,0.531506849315069,0.53972602739726,0.53972602739726,0,167,
INMET,A366,OURICURI,"",INMET_AUTOMATICA,AUTOMATICA,2024,INMET_AUTO_24H,TRUE,366,356,269,270,273,0.734972677595629,0.737704918032787,0.745901639344262,0,96,
INMET,A366,OURICURI,"",INMET_AUTOMATICA,AUTOMATICA,2025,INMET_AUTO_24H,TRUE,365,342,326,335,336,0.893150684931507,0.917808219178082,0.920547945205479,0,24,
INMET,A370,SALGUEIRO,"",INMET_AUTOMATICA,AUTOMATICA,2017,INMET_AUTO_24H,TRUE,365,108,40,77,78,0.10958904109589,0.210958904109589,0.213698630136986,0,288,
INMET,A370,SALGUEIRO,"",INMET_AUTOMATICA,AUTOMATICA,2018,INMET_AUTO_24H,TRUE,365,365,327,364,364,0.895890410958904,0.997260273972603,0.997260273972603,0,7,
INMET,A370,SALGUEIRO,"",INMET_AUTOMATICA,AUTOMATICA,2019,INMET_AUTO_24H,TRUE,365,314,289,307,308,0.791780821917808,0.841095890410959,0.843835616438356,0,54,
INMET,A370,SALGUEIRO,"",INMET_AUTOMATICA,AUTOMATICA,2020,INMET_AUTO_24H,TRUE,366,212,13,15,15,0.0355191256830601,0.040983606557377,0.040983606557377,0,352,
INMET,A370,SALGUEIRO,"",INMET_AUTOMATICA,AUTOMATICA,2021,INMET_AUTO_24H,TRUE,365,332,0,0,0,0,0,0,0,365,
INMET,A370,SALGUEIRO,"",INMET_AUTOMATICA,AUTOMATICA,2022,INMET_AUTO_24H,TRUE,365,365,38,120,121,0.104109589041096,0.328767123287671,0.331506849315069,0,245,
INMET,A370,SALGUEIRO,"",INMET_AUTOMATICA,AUTOMATICA,2023,INMET_AUTO_24H,TRUE,365,365,199,364,364,0.545205479452055,0.997260273972603,0.997260273972603,0,16,
INMET,A370,SALGUEIRO,"",INMET_AUTOMATICA,AUTOMATICA,2024,INMET_AUTO_24H,TRUE,366,366,190,363,365,0.519125683060109,0.991803278688525,0.997267759562842,0,25,
INMET,A370,SALGUEIRO,"",INMET_AUTOMATICA,AUTOMATICA,2025,INMET_AUTO_24H,TRUE,365,365,204,361,365,0.558904109589041,0.989041095890411,1,0,22,
