estacao_historica,ano_alvo,data_local,papel_precipitacao,cod_precipitacao,nome_precipitacao,distancia_precipitacao_km,precip_diaria_bruta_mm,precip_valida_60,precip_valida_70,precip_valida_90,flag_borda_2025,precip_diaria_analitica_mm
CUPE,2021,2021-01-01,principal,260720801A,Centro,2.31199229299342,0,TRUE,TRUE,TRUE,FALSE,0
CUPE,2021,2021-01-02,principal,260720801A,Centro,2.31199229299342,0,TRUE,TRUE,TRUE,FALSE,0
CUPE,2021,2021-01-03,principal,260720801A,Centro,2.31199229299342,0,TRUE,TRUE,TRUE,FALSE,0
CUPE,2021,2021-01-04,principal,260720801A,Centro,2.31199229299342,2.57,TRUE,TRUE,TRUE,FALSE,2.57
CUPE,2021,2021-01-05,principal,260720801A,Centro,2.31199229299342,0,TRUE,TRUE,TRUE,FALSE,0
CUPE,2021,2021-01-06,principal,260720801A,Centro,2.31199229299342,0,TRUE,TRUE,TRUE,FALSE,0
CUPE,2021,2021-01-07,principal,260720801A,Centro,2.31199229299342,0,TRUE,TRUE,TRUE,FALSE,0
CUPE,2021,2021-01-08,principal,260720801A,Centro,2.31199229299342,0,TRUE,TRUE,TRUE,FALSE,0
CUPE,2021,2021-01-09,principal,260720801A,Centro,2.31199229299342,0,TRUE,TRUE,TRUE,FALSE,0
CUPE,2021,2021-01-10,principal,260720801A,Centro,2.31199229299342,0,TRUE,TRUE,TRUE,FALSE,0
CUPE,2021,2021-01-11,principal,260720801A,Centro,2.31199229299342,2.36,TRUE,TRUE,TRUE,FALSE,2.36
CUPE,2021,2021-01-12,principal,260720801A,Centro,2.31199229299342,0.98,TRUE,TRUE,TRUE,FALSE,0.98
CUPE,2021,2021-01-13,principal,260720801A,Centro,2.31199229299342,2.97,FALSE,TRUE,TRUE,FALSE,
CUPE,2021,2021-01-14,principal,260720801A,Centro,2.31199229299342,0,TRUE,TRUE,TRUE,FALSE,0
CUPE,2021,2021-01-15,principal,260720801A,Centro,2.31199229299342,0,TRUE,TRUE,TRUE,FALSE,0
CUPE,2021,2021-01-16,principal,260720801A,Centro,2.31199229299342,0,TRUE,TRUE,TRUE,FALSE,0
CUPE,2021,2021-01-17,principal,260720801A,Centro,2.31199229299342,0.79,TRUE,TRUE,TRUE,FALSE,0.79
CUPE,2021,2021-01-18,principal,260720801A,Centro,2.31199229299342,3.93,TRUE,TRUE,TRUE,FALSE,3.93
CUPE,2021,2021-01-19,principal,260720801A,Centro,2.31199229299342,2.56,TRUE,TRUE,TRUE,FALSE,2.56
CUPE,2021,2021-01-20,principal,260720801A,Centro,2.31199229299342,0,TRUE,TRUE,TRUE,FALSE,0
CUPE,2021,2021-01-21,principal,260720801A,Centro,2.31199229299342,1.77,TRUE,TRUE,TRUE,FALSE,1.77
CUPE,2021,2021-01-22,principal,260720801A,Centro,2.31199229299342,2.17,TRUE,TRUE,TRUE,FALSE,2.17
CUPE,2021,2021-01-23,principal,260720801A,Centro,2.31199229299342,0.2,TRUE,TRUE,TRUE,FALSE,0.2
CUPE,2021,2021-01-24,principal,260720801A,Centro,2.31199229299342,5.33,TRUE,TRUE,TRUE,FALSE,5.33
CUPE,2021,2021-01-25,principal,260720801A,Centro,2.31199229299342,0,TRUE,TRUE,TRUE,FALSE,0
CUPE,2021,2021-01-26,principal,260720801A,Centro,2.31199229299342,4.33,TRUE,TRUE,TRUE,FALSE,4.33
CUPE,2021,2021-01-27,principal,260720801A,Centro,2.31199229299342,19.29,TRUE,TRUE,TRUE,FALSE,19.29
CUPE,2021,2021-01-28,principal,260720801A,Centro,2.31199229299342,8.49,TRUE,TRUE,TRUE,FALSE,8.49
CUPE,2021,2021-01-29,principal,260720801A,Centro,2.31199229299342,0,TRUE,TRUE,TRUE,FALSE,0
CUPE,2021,2021-01-30,principal,260720801A,Centro,2.31199229299342,0.2,TRUE,TRUE,TRUE,FALSE,0.2
CUPE,2021,2021-01-31,principal,260720801A,Centro,2.31199229299342,0,TRUE,TRUE,TRUE,FALSE,0
CUPE,2021,2021-02-01,principal,260720801A,Centro,2.31199229299342,0,TRUE,TRUE,TRUE,FALSE,0
CUPE,2021,2021-02-02,principal,260720801A,Centro,2.31199229299342,0,TRUE,TRUE,TRUE,FALSE,0
CUPE,2021,2021-02-03,principal,260720801A,Centro,2.31199229299342,0,TRUE,TRUE,TRUE,FALSE,0
CUPE,2021,2021-02-04,principal,260720801A,Centro,2.31199229299342,0,TRUE,TRUE,TRUE,FALSE,0
CUPE,2021,2021-02-05,principal,260720801A,Centro,2.31199229299342,0,TRUE,TRUE,TRUE,FALSE,0
CUPE,2021,2021-02-06,principal,260720801A,Centro,2.31199229299342,0,TRUE,TRUE,TRUE,FALSE,0
CUPE,2021,2021-02-07,principal,260720801A,Centro,2.31199229299342,0,TRUE,TRUE,TRUE,FALSE,0
CUPE,2021,2021-02-08,principal,260720801A,Centro,2.31199229299342,0,TRUE,TRUE,TRUE,FALSE,0
CUPE,2021,2021-02-09,principal,260720801A,Centro,2.31199229299342,0,TRUE,TRUE,TRUE,FALSE,0
CUPE,2021,2021-02-10,principal,260720801A,Centro,2.31199229299342,1.19,FALSE,TRUE,TRUE,FALSE,
CUPE,2021,2021-02-11,principal,260720801A,Centro,2.31199229299342,0,TRUE,TRUE,TRUE,FALSE,0
CUPE,2021,2021-02-12,principal,260720801A,Centro,2.31199229299342,1.77,TRUE,TRUE,TRUE,FALSE,1.77
CUPE,2021,2021-02-13,principal,260720801A,Centro,2.31199229299342,1.77,TRUE,TRUE,TRUE,FALSE,1.77
CUPE,2021,2021-02-14,principal,260720801A,Centro,2.31199229299342,2,TRUE,TRUE,TRUE,FALSE,2
CUPE,2021,2021-02-15,principal,260720801A,Centro,2.31199229299342,26.02,TRUE,TRUE,TRUE,FALSE,26.02
CUPE,2021,2021-02-16,principal,260720801A,Centro,2.31199229299342,0.4,TRUE,TRUE,TRUE,FALSE,0.4
CUPE,2021,2021-02-17,principal,260720801A,Centro,2.31199229299342,0,TRUE,TRUE,TRUE,FALSE,0
CUPE,2021,2021-02-18,principal,260720801A,Centro,2.31199229299342,0,TRUE,TRUE,TRUE,FALSE,0
CUPE,2021,2021-02-19,principal,260720801A,Centro,2.31199229299342,0,TRUE,TRUE,TRUE,FALSE,0
CUPE,2021,2021-02-20,principal,260720801A,Centro,2.31199229299342,0,FALSE,FALSE,FALSE,FALSE,
CUPE,2021,2021-02-21,principal,260720801A,Centro,2.31199229299342,0,TRUE,TRUE,TRUE,FALSE,0
CUPE,2021,2021-02-22,principal,260720801A,Centro,2.31199229299342,0,TRUE,TRUE,TRUE,FALSE,0
CUPE,2021,2021-02-23,principal,260720801A,Centro,2.31199229299342,0,TRUE,TRUE,TRUE,FALSE,0
CUPE,2021,2021-02-24,principal,260720801A,Centro,2.31199229299342,0,TRUE,TRUE,TRUE,FALSE,0
CUPE,2021,2021-02-25,principal,260720801A,Centro,2.31199229299342,4.52,TRUE,TRUE,TRUE,FALSE,4.52
CUPE,2021,2021-02-26,principal,260720801A,Centro,2.31199229299342,0.99,TRUE,TRUE,TRUE,FALSE,0.99
CUPE,2021,2021-02-27,principal,260720801A,Centro,2.31199229299342,0,TRUE,TRUE,TRUE,FALSE,0
CUPE,2021,2021-02-28,principal,260720801A,Centro,2.31199229299342,32.16,TRUE,TRUE,TRUE,FALSE,32.16
CUPE,2021,2021-03-01,principal,260720801A,Centro,2.31199229299342,72.43,TRUE,TRUE,TRUE,FALSE,72.43
CUPE,2021,2021-03-02,principal,260720801A,Centro,2.31199229299342,2.57,TRUE,TRUE,TRUE,FALSE,2.57
CUPE,2021,2021-03-03,principal,260720801A,Centro,2.31199229299342,2.38,TRUE,TRUE,TRUE,FALSE,2.38
CUPE,2021,2021-03-04,principal,260720801A,Centro,2.31199229299342,3.56,TRUE,TRUE,TRUE,FALSE,3.56
CUPE,2021,2021-03-05,principal,260720801A,Centro,2.31199229299342,0.2,TRUE,TRUE,TRUE,FALSE,0.2
CUPE,2021,2021-03-06,principal,260720801A,Centro,2.31199229299342,0,TRUE,TRUE,TRUE,FALSE,0
CUPE,2021,2021-03-07,principal,260720801A,Centro,2.31199229299342,0,TRUE,TRUE,TRUE,FALSE,0
CUPE,2021,2021-03-08,principal,260720801A,Centro,2.31199229299342,0,TRUE,TRUE,TRUE,FALSE,0
CUPE,2021,2021-03-09,principal,260720801A,Centro,2.31199229299342,0,TRUE,TRUE,TRUE,FALSE,0
CUPE,2021,2021-03-10,principal,260720801A,Centro,2.31199229299342,0,TRUE,TRUE,TRUE,FALSE,0
CUPE,2021,2021-03-11,principal,260720801A,Centro,2.31199229299342,0,TRUE,TRUE,TRUE,FALSE,0
CUPE,2021,2021-03-12,principal,260720801A,Centro,2.31199229299342,0.2,TRUE,TRUE,TRUE,FALSE,0.2
CUPE,2021,2021-03-13,principal,260720801A,Centro,2.31199229299342,4.73,TRUE,TRUE,TRUE,FALSE,4.73
CUPE,2021,2021-03-14,principal,260720801A,Centro,2.31199229299342,0,TRUE,TRUE,TRUE,FALSE,0
CUPE,2021,2021-03-15,principal,260720801A,Centro,2.31199229299342,0,TRUE,TRUE,TRUE,FALSE,0
CUPE,2021,2021-03-16,principal,260720801A,Centro,2.31199229299342,1.38,TRUE,TRUE,TRUE,FALSE,1.38
CUPE,2021,2021-03-17,principal,260720801A,Centro,2.31199229299342,0,TRUE,TRUE,TRUE,FALSE,0
CUPE,2021,2021-03-18,principal,260720801A,Centro,2.31199229299342,1.57,TRUE,TRUE,TRUE,FALSE,1.57
CUPE,2021,2021-03-19,principal,260720801A,Centro,2.31199229299342,4.73,TRUE,TRUE,TRUE,FALSE,4.73
CUPE,2021,2021-03-20,principal,260720801A,Centro,2.31199229299342,6.12,TRUE,TRUE,TRUE,FALSE,6.12
CUPE,2021,2021-03-21,principal,260720801A,Centro,2.31199229299342,0,TRUE,TRUE,TRUE,FALSE,0
CUPE,2021,2021-03-22,principal,260720801A,Centro,2.31199229299342,0,TRUE,TRUE,TRUE,FALSE,0
CUPE,2021,2021-03-23,principal,260720801A,Centro,2.31199229299342,0,TRUE,TRUE,TRUE,FALSE,0
CUPE,2021,2021-03-24,principal,260720801A,Centro,2.31199229299342,34.25,FALSE,FALSE,TRUE,FALSE,
CUPE,2021,2021-03-25,principal,260720801A,Centro,2.31199229299342,0.6,TRUE,TRUE,TRUE,FALSE,0.6
CUPE,2021,2021-03-26,principal,260720801A,Centro,2.31199229299342,13.6,FALSE,FALSE,TRUE,FALSE,
CUPE,2021,2021-03-27,principal,260720801A,Centro,2.31199229299342,20.93,TRUE,TRUE,TRUE,FALSE,20.93
CUPE,2021,2021-03-28,principal,260720801A,Centro,2.31199229299342,47.39,TRUE,TRUE,TRUE,FALSE,47.39
CUPE,2021,2021-03-29,principal,260720801A,Centro,2.31199229299342,5.32,TRUE,TRUE,TRUE,FALSE,5.32
CUPE,2021,2021-03-30,principal,260720801A,Centro,2.31199229299342,14.98,TRUE,TRUE,TRUE,FALSE,14.98
CUPE,2021,2021-03-31,principal,260720801A,Centro,2.31199229299342,0,TRUE,TRUE,TRUE,FALSE,0
CUPE,2021,2021-04-01,principal,260720801A,Centro,2.31199229299342,0,TRUE,TRUE,TRUE,FALSE,0
CUPE,2021,2021-04-02,principal,260720801A,Centro,2.31199229299342,1.38,TRUE,TRUE,TRUE,FALSE,1.38
CUPE,2021,2021-04-03,principal,260720801A,Centro,2.31199229299342,1.18,TRUE,TRUE,TRUE,FALSE,1.18
CUPE,2021,2021-04-04,principal,260720801A,Centro,2.31199229299342,11.84,TRUE,TRUE,TRUE,FALSE,11.84
CUPE,2021,2021-04-05,principal,260720801A,Centro,2.31199229299342,1.98,TRUE,TRUE,TRUE,FALSE,1.98
CUPE,2021,2021-04-06,principal,260720801A,Centro,2.31199229299342,0,TRUE,TRUE,TRUE,FALSE,0
CUPE,2021,2021-04-07,principal,260720801A,Centro,2.31199229299342,0,TRUE,TRUE,TRUE,FALSE,0
CUPE,2021,2021-04-08,principal,260720801A,Centro,2.31199229299342,0,TRUE,TRUE,TRUE,FALSE,0
CUPE,2021,2021-04-09,principal,260720801A,Centro,2.31199229299342,13.62,TRUE,TRUE,TRUE,FALSE,13.62
CUPE,2021,2021-04-10,principal,260720801A,Centro,2.31199229299342,90.3,TRUE,TRUE,TRUE,FALSE,90.3
CUPE,2021,2021-04-11,principal,260720801A,Centro,2.31199229299342,138.02,TRUE,TRUE,TRUE,FALSE,138.02
CUPE,2021,2021-04-12,principal,260720801A,Centro,2.31199229299342,0.2,TRUE,TRUE,TRUE,FALSE,0.2
CUPE,2021,2021-04-13,principal,260720801A,Centro,2.31199229299342,0,TRUE,TRUE,TRUE,FALSE,0
CUPE,2021,2021-04-14,principal,260720801A,Centro,2.31199229299342,32.06,TRUE,TRUE,TRUE,FALSE,32.06
CUPE,2021,2021-04-15,principal,260720801A,Centro,2.31199229299342,49.21,TRUE,TRUE,TRUE,FALSE,49.21
CUPE,2021,2021-04-16,principal,260720801A,Centro,2.31199229299342,0,TRUE,TRUE,TRUE,FALSE,0
CUPE,2021,2021-04-17,principal,260720801A,Centro,2.31199229299342,18.62,TRUE,TRUE,TRUE,FALSE,18.62
CUPE,2021,2021-04-18,principal,260720801A,Centro,2.31199229299342,17.94,TRUE,TRUE,TRUE,FALSE,17.94
CUPE,2021,2021-04-19,principal,260720801A,Centro,2.31199229299342,2.76,TRUE,TRUE,TRUE,FALSE,2.76
CUPE,2021,2021-04-20,principal,260720801A,Centro,2.31199229299342,0,TRUE,TRUE,TRUE,FALSE,0
CUPE,2021,2021-04-21,principal,260720801A,Centro,2.31199229299342,0,TRUE,TRUE,TRUE,FALSE,0
CUPE,2021,2021-04-22,principal,260720801A,Centro,2.31199229299342,0,TRUE,TRUE,TRUE,FALSE,0
CUPE,2021,2021-04-23,principal,260720801A,Centro,2.31199229299342,0,TRUE,TRUE,TRUE,FALSE,0
CUPE,2021,2021-04-24,principal,260720801A,Centro,2.31199229299342,4.95,TRUE,TRUE,TRUE,FALSE,4.95
CUPE,2021,2021-04-25,principal,260720801A,Centro,2.31199229299342,0,TRUE,TRUE,TRUE,FALSE,0
CUPE,2021,2021-04-26,principal,260720801A,Centro,2.31199229299342,0.79,TRUE,TRUE,TRUE,FALSE,0.79
CUPE,2021,2021-04-27,principal,260720801A,Centro,2.31199229299342,14.56,TRUE,TRUE,TRUE,FALSE,14.56
CUPE,2021,2021-04-28,principal,260720801A,Centro,2.31199229299342,8.3,FALSE,FALSE,TRUE,FALSE,
CUPE,2021,2021-04-29,principal,260720801A,Centro,2.31199229299342,8.87,TRUE,TRUE,TRUE,FALSE,8.87
CUPE,2021,2021-04-30,principal,260720801A,Centro,2.31199229299342,6.89,TRUE,TRUE,TRUE,FALSE,6.89
CUPE,2021,2021-05-01,principal,260720801A,Centro,2.31199229299342,13.38,TRUE,TRUE,TRUE,FALSE,13.38
CUPE,2021,2021-05-02,principal,260720801A,Centro,2.31199229299342,7.18,TRUE,TRUE,TRUE,FALSE,7.18
CUPE,2021,2021-05-03,principal,260720801A,Centro,2.31199229299342,5.34,TRUE,TRUE,TRUE,FALSE,5.34
CUPE,2021,2021-05-04,principal,260720801A,Centro,2.31199229299342,22.66,FALSE,TRUE,TRUE,FALSE,
CUPE,2021,2021-05-05,principal,260720801A,Centro,2.31199229299342,28.19,TRUE,TRUE,TRUE,FALSE,28.19
CUPE,2021,2021-05-06,principal,260720801A,Centro,2.31199229299342,0,TRUE,TRUE,TRUE,FALSE,0
CUPE,2021,2021-05-07,principal,260720801A,Centro,2.31199229299342,1.59,TRUE,TRUE,TRUE,FALSE,1.59
CUPE,2021,2021-05-08,principal,260720801A,Centro,2.31199229299342,5.91,TRUE,TRUE,TRUE,FALSE,5.91
CUPE,2021,2021-05-09,principal,260720801A,Centro,2.31199229299342,6.31,TRUE,TRUE,TRUE,FALSE,6.31
CUPE,2021,2021-05-10,principal,260720801A,Centro,2.31199229299342,13.98,TRUE,TRUE,TRUE,FALSE,13.98
CUPE,2021,2021-05-11,principal,260720801A,Centro,2.31199229299342,12.01,TRUE,TRUE,TRUE,FALSE,12.01
CUPE,2021,2021-05-12,principal,260720801A,Centro,2.31199229299342,4.54,TRUE,TRUE,TRUE,FALSE,4.54
CUPE,2021,2021-05-13,principal,260720801A,Centro,2.31199229299342,204.57,TRUE,TRUE,TRUE,FALSE,204.57
CUPE,2021,2021-05-14,principal,260720801A,Centro,2.31199229299342,38.03,FALSE,FALSE,TRUE,FALSE,
CUPE,2021,2021-05-15,principal,260720801A,Centro,2.31199229299342,3.55,TRUE,TRUE,TRUE,FALSE,3.55
CUPE,2021,2021-05-16,principal,260720801A,Centro,2.31199229299342,0,TRUE,TRUE,TRUE,FALSE,0
CUPE,2021,2021-05-17,principal,260720801A,Centro,2.31199229299342,0,TRUE,TRUE,TRUE,FALSE,0
CUPE,2021,2021-05-18,principal,260720801A,Centro,2.31199229299342,0.99,TRUE,TRUE,TRUE,FALSE,0.99
CUPE,2021,2021-05-19,principal,260720801A,Centro,2.31199229299342,0.4,TRUE,TRUE,TRUE,FALSE,0.4
CUPE,2021,2021-05-20,principal,260720801A,Centro,2.31199229299342,0,TRUE,TRUE,TRUE,FALSE,0
CUPE,2021,2021-05-21,principal,260720801A,Centro,2.31199229299342,6.51,TRUE,TRUE,TRUE,FALSE,6.51
CUPE,2021,2021-05-22,principal,260720801A,Centro,2.31199229299342,0,FALSE,FALSE,FALSE,FALSE,
CUPE,2021,2021-05-23,principal,260720801A,Centro,2.31199229299342,0,TRUE,TRUE,TRUE,FALSE,0
CUPE,2021,2021-05-24,principal,260720801A,Centro,2.31199229299342,0,TRUE,TRUE,TRUE,FALSE,0
CUPE,2021,2021-05-25,principal,260720801A,Centro,2.31199229299342,0.82,TRUE,TRUE,TRUE,FALSE,0.82
CUPE,2021,2021-05-26,principal,260720801A,Centro,2.31199229299342,2.78,TRUE,TRUE,TRUE,FALSE,2.78
CUPE,2021,2021-05-27,principal,260720801A,Centro,2.31199229299342,14.76,TRUE,TRUE,TRUE,FALSE,14.76
CUPE,2021,2021-05-28,principal,260720801A,Centro,2.31199229299342,23.22,TRUE,TRUE,TRUE,FALSE,23.22
CUPE,2021,2021-05-29,principal,260720801A,Centro,2.31199229299342,0.99,FALSE,TRUE,TRUE,FALSE,
CUPE,2021,2021-05-30,principal,260720801A,Centro,2.31199229299342,21.28,TRUE,TRUE,TRUE,FALSE,21.28
CUPE,2021,2021-05-31,principal,260720801A,Centro,2.31199229299342,7.71,FALSE,TRUE,TRUE,FALSE,
CUPE,2021,2021-06-01,principal,260720801A,Centro,2.31199229299342,0.6,TRUE,TRUE,TRUE,FALSE,0.6
CUPE,2021,2021-06-02,principal,260720801A,Centro,2.31199229299342,2.75,TRUE,TRUE,TRUE,FALSE,2.75
CUPE,2021,2021-06-03,principal,260720801A,Centro,2.31199229299342,12.79,TRUE,TRUE,TRUE,FALSE,12.79
CUPE,2021,2021-06-04,principal,260720801A,Centro,2.31199229299342,8.47,TRUE,TRUE,TRUE,FALSE,8.47
CUPE,2021,2021-06-05,principal,260720801A,Centro,2.31199229299342,4.54,TRUE,TRUE,TRUE,FALSE,4.54
CUPE,2021,2021-06-06,principal,260720801A,Centro,2.31199229299342,7.29,TRUE,TRUE,TRUE,FALSE,7.29
CUPE,2021,2021-06-07,principal,260720801A,Centro,2.31199229299342,5.9,TRUE,TRUE,TRUE,FALSE,5.9
CUPE,2021,2021-06-08,principal,260720801A,Centro,2.31199229299342,4.93,FALSE,TRUE,TRUE,FALSE,
CUPE,2021,2021-06-09,principal,260720801A,Centro,2.31199229299342,0.6,TRUE,TRUE,TRUE,FALSE,0.6
CUPE,2021,2021-06-10,principal,260720801A,Centro,2.31199229299342,4.73,TRUE,TRUE,TRUE,FALSE,4.73
CUPE,2021,2021-06-11,principal,260720801A,Centro,2.31199229299342,0.2,TRUE,TRUE,TRUE,FALSE,0.2
CUPE,2021,2021-06-12,principal,260720801A,Centro,2.31199229299342,0,TRUE,TRUE,TRUE,FALSE,0
CUPE,2021,2021-06-13,principal,260720801A,Centro,2.31199229299342,0,TRUE,TRUE,TRUE,FALSE,0
CUPE,2021,2021-06-14,principal,260720801A,Centro,2.31199229299342,0,TRUE,TRUE,TRUE,FALSE,0
CUPE,2021,2021-06-15,principal,260720801A,Centro,2.31199229299342,2.97,TRUE,TRUE,TRUE,FALSE,2.97
CUPE,2021,2021-06-16,principal,260720801A,Centro,2.31199229299342,2.17,TRUE,TRUE,TRUE,FALSE,2.17
CUPE,2021,2021-06-17,principal,260720801A,Centro,2.31199229299342,4.53,FALSE,FALSE,TRUE,FALSE,
CUPE,2021,2021-06-18,principal,260720801A,Centro,2.31199229299342,15.77,TRUE,TRUE,TRUE,FALSE,15.77
CUPE,2021,2021-06-19,principal,260720801A,Centro,2.31199229299342,15.18,TRUE,TRUE,TRUE,FALSE,15.18
CUPE,2021,2021-06-20,principal,260720801A,Centro,2.31199229299342,2.38,TRUE,TRUE,TRUE,FALSE,2.38
CUPE,2021,2021-06-21,principal,260720801A,Centro,2.31199229299342,0.4,TRUE,TRUE,TRUE,FALSE,0.4
CUPE,2021,2021-06-22,principal,260720801A,Centro,2.31199229299342,2.16,FALSE,FALSE,FALSE,FALSE,
CUPE,2021,2021-06-23,principal,260720801A,Centro,2.31199229299342,1.97,TRUE,TRUE,TRUE,FALSE,1.97
CUPE,2021,2021-06-24,principal,260720801A,Centro,2.31199229299342,29.35,TRUE,TRUE,TRUE,FALSE,29.35
CUPE,2021,2021-06-25,principal,260720801A,Centro,2.31199229299342,1.78,TRUE,TRUE,TRUE,FALSE,1.78
CUPE,2021,2021-06-26,principal,260720801A,Centro,2.31199229299342,0,TRUE,TRUE,TRUE,FALSE,0
CUPE,2021,2021-06-27,principal,260720801A,Centro,2.31199229299342,4.76,FALSE,FALSE,TRUE,FALSE,
CUPE,2021,2021-06-28,principal,260720801A,Centro,2.31199229299342,1.57,TRUE,TRUE,TRUE,FALSE,1.57
CUPE,2021,2021-06-29,principal,260720801A,Centro,2.31199229299342,1.19,TRUE,TRUE,TRUE,FALSE,1.19
CUPE,2021,2021-06-30,principal,260720801A,Centro,2.31199229299342,24.84,TRUE,TRUE,TRUE,FALSE,24.84
CUPE,2021,2021-07-01,principal,260720801A,Centro,2.31199229299342,11.44,TRUE,TRUE,TRUE,FALSE,11.44
CUPE,2021,2021-07-02,principal,260720801A,Centro,2.31199229299342,11.63,TRUE,TRUE,TRUE,FALSE,11.63
CUPE,2021,2021-07-03,principal,260720801A,Centro,2.31199229299342,2.61,TRUE,TRUE,TRUE,FALSE,2.61
CUPE,2021,2021-07-04,principal,260720801A,Centro,2.31199229299342,0.2,TRUE,TRUE,TRUE,FALSE,0.2
CUPE,2021,2021-07-05,principal,260720801A,Centro,2.31199229299342,0,TRUE,TRUE,TRUE,FALSE,0
CUPE,2021,2021-07-06,principal,260720801A,Centro,2.31199229299342,0,FALSE,FALSE,FALSE,FALSE,
CUPE,2021,2021-07-07,principal,260720801A,Centro,2.31199229299342,0,TRUE,TRUE,TRUE,FALSE,0
CUPE,2021,2021-07-08,principal,260720801A,Centro,2.31199229299342,14.83,TRUE,TRUE,TRUE,FALSE,14.83
CUPE,2021,2021-07-09,principal,260720801A,Centro,2.31199229299342,3.56,TRUE,TRUE,TRUE,FALSE,3.56
CUPE,2021,2021-07-10,principal,260720801A,Centro,2.31199229299342,10.07,TRUE,TRUE,TRUE,FALSE,10.07
CUPE,2021,2021-07-11,principal,260720801A,Centro,2.31199229299342,3.75,TRUE,TRUE,TRUE,FALSE,3.75
CUPE,2021,2021-07-12,principal,260720801A,Centro,2.31199229299342,0.78,TRUE,TRUE,TRUE,FALSE,0.78
CUPE,2021,2021-07-13,principal,260720801A,Centro,2.31199229299342,0.2,TRUE,TRUE,TRUE,FALSE,0.2
CUPE,2021,2021-07-14,principal,260720801A,Centro,2.31199229299342,6.1,TRUE,TRUE,TRUE,FALSE,6.1
CUPE,2021,2021-07-15,principal,260720801A,Centro,2.31199229299342,2.38,TRUE,TRUE,TRUE,FALSE,2.38
CUPE,2021,2021-07-16,principal,260720801A,Centro,2.31199229299342,24.2,TRUE,TRUE,TRUE,FALSE,24.2
CUPE,2021,2021-07-17,principal,260720801A,Centro,2.31199229299342,2.18,TRUE,TRUE,TRUE,FALSE,2.18
CUPE,2021,2021-07-18,principal,260720801A,Centro,2.31199229299342,0,TRUE,TRUE,TRUE,FALSE,0
CUPE,2021,2021-07-19,principal,260720801A,Centro,2.31199229299342,4.35,TRUE,TRUE,TRUE,FALSE,4.35
CUPE,2021,2021-07-20,principal,260720801A,Centro,2.31199229299342,4.54,TRUE,TRUE,TRUE,FALSE,4.54
CUPE,2021,2021-07-21,principal,260720801A,Centro,2.31199229299342,14.19,TRUE,TRUE,TRUE,FALSE,14.19
CUPE,2021,2021-07-22,principal,260720801A,Centro,2.31199229299342,0,TRUE,TRUE,TRUE,FALSE,0
CUPE,2021,2021-07-23,principal,260720801A,Centro,2.31199229299342,21.94,TRUE,TRUE,TRUE,FALSE,21.94
CUPE,2021,2021-07-24,principal,260720801A,Centro,2.31199229299342,10.66,TRUE,TRUE,TRUE,FALSE,10.66
CUPE,2021,2021-07-25,principal,260720801A,Centro,2.31199229299342,12.45,TRUE,TRUE,TRUE,FALSE,12.45
CUPE,2021,2021-07-26,principal,260720801A,Centro,2.31199229299342,7.34,TRUE,TRUE,TRUE,FALSE,7.34
CUPE,2021,2021-07-27,principal,260720801A,Centro,2.31199229299342,3.74,TRUE,TRUE,TRUE,FALSE,3.74
CUPE,2021,2021-07-28,principal,260720801A,Centro,2.31199229299342,0.2,TRUE,TRUE,TRUE,FALSE,0.2
CUPE,2021,2021-07-29,principal,260720801A,Centro,2.31199229299342,0,TRUE,TRUE,TRUE,FALSE,0
CUPE,2021,2021-07-30,principal,260720801A,Centro,2.31199229299342,0,TRUE,TRUE,TRUE,FALSE,0
CUPE,2021,2021-07-31,principal,260720801A,Centro,2.31199229299342,21.63,TRUE,TRUE,TRUE,FALSE,21.63
CUPE,2021,2021-08-01,principal,260720801A,Centro,2.31199229299342,4.98,TRUE,TRUE,TRUE,FALSE,4.98
CUPE,2021,2021-08-02,principal,260720801A,Centro,2.31199229299342,13.41,TRUE,TRUE,TRUE,FALSE,13.41
CUPE,2021,2021-08-03,principal,260720801A,Centro,2.31199229299342,31.9,TRUE,TRUE,TRUE,FALSE,31.9
CUPE,2021,2021-08-04,principal,260720801A,Centro,2.31199229299342,20.48,TRUE,TRUE,TRUE,FALSE,20.48
CUPE,2021,2021-08-05,principal,260720801A,Centro,2.31199229299342,15.76,TRUE,TRUE,TRUE,FALSE,15.76
CUPE,2021,2021-08-06,principal,260720801A,Centro,2.31199229299342,4.93,TRUE,TRUE,TRUE,FALSE,4.93
CUPE,2021,2021-08-07,principal,260720801A,Centro,2.31199229299342,2.96,TRUE,TRUE,TRUE,FALSE,2.96
CUPE,2021,2021-08-08,principal,260720801A,Centro,2.31199229299342,3.34,TRUE,TRUE,TRUE,FALSE,3.34
CUPE,2021,2021-08-09,principal,260720801A,Centro,2.31199229299342,83.92,TRUE,TRUE,TRUE,FALSE,83.92
CUPE,2021,2021-08-10,principal,260720801A,Centro,2.31199229299342,28.93,TRUE,TRUE,TRUE,FALSE,28.93
CUPE,2021,2021-08-11,principal,260720801A,Centro,2.31199229299342,33.1,TRUE,TRUE,TRUE,FALSE,33.1
CUPE,2021,2021-08-12,principal,260720801A,Centro,2.31199229299342,17.9,TRUE,TRUE,TRUE,FALSE,17.9
CUPE,2021,2021-08-13,principal,260720801A,Centro,2.31199229299342,0.2,TRUE,TRUE,TRUE,FALSE,0.2
CUPE,2021,2021-08-14,principal,260720801A,Centro,2.31199229299342,3.76,TRUE,TRUE,TRUE,FALSE,3.76
CUPE,2021,2021-08-15,principal,260720801A,Centro,2.31199229299342,4.33,TRUE,TRUE,TRUE,FALSE,4.33
CUPE,2021,2021-08-16,principal,260720801A,Centro,2.31199229299342,0,TRUE,TRUE,TRUE,FALSE,0
CUPE,2021,2021-08-17,principal,260720801A,Centro,2.31199229299342,18.11,TRUE,TRUE,TRUE,FALSE,18.11
CUPE,2021,2021-08-18,principal,260720801A,Centro,2.31199229299342,2.77,TRUE,TRUE,TRUE,FALSE,2.77
CUPE,2021,2021-08-19,principal,260720801A,Centro,2.31199229299342,10.66,FALSE,FALSE,TRUE,FALSE,
CUPE,2021,2021-08-20,principal,260720801A,Centro,2.31199229299342,11.83,TRUE,TRUE,TRUE,FALSE,11.83
CUPE,2021,2021-08-21,principal,260720801A,Centro,2.31199229299342,1.57,TRUE,TRUE,TRUE,FALSE,1.57
CUPE,2021,2021-08-22,principal,260720801A,Centro,2.31199229299342,15.2,TRUE,TRUE,TRUE,FALSE,15.2
CUPE,2021,2021-08-23,principal,260720801A,Centro,2.31199229299342,40.45,TRUE,TRUE,TRUE,FALSE,40.45
CUPE,2021,2021-08-24,principal,260720801A,Centro,2.31199229299342,9.28,TRUE,TRUE,TRUE,FALSE,9.28
CUPE,2021,2021-08-25,principal,260720801A,Centro,2.31199229299342,2.58,TRUE,TRUE,TRUE,FALSE,2.58
CUPE,2021,2021-08-26,principal,260720801A,Centro,2.31199229299342,0.4,TRUE,TRUE,TRUE,FALSE,0.4
CUPE,2021,2021-08-27,principal,260720801A,Centro,2.31199229299342,0,TRUE,TRUE,TRUE,FALSE,0
CUPE,2021,2021-08-28,principal,260720801A,Centro,2.31199229299342,1.18,TRUE,TRUE,TRUE,FALSE,1.18
CUPE,2021,2021-08-29,principal,260720801A,Centro,2.31199229299342,13.58,TRUE,TRUE,TRUE,FALSE,13.58
CUPE,2021,2021-08-30,principal,260720801A,Centro,2.31199229299342,0,TRUE,TRUE,TRUE,FALSE,0
CUPE,2021,2021-08-31,principal,260720801A,Centro,2.31199229299342,0,TRUE,TRUE,TRUE,FALSE,0
CUPE,2021,2021-09-01,principal,260720801A,Centro,2.31199229299342,0.8,TRUE,TRUE,TRUE,FALSE,0.8
CUPE,2021,2021-09-02,principal,260720801A,Centro,2.31199229299342,1.77,TRUE,TRUE,TRUE,FALSE,1.77
CUPE,2021,2021-09-03,principal,260720801A,Centro,2.31199229299342,0,TRUE,TRUE,TRUE,FALSE,0
CUPE,2021,2021-09-04,principal,260720801A,Centro,2.31199229299342,6.1,TRUE,TRUE,TRUE,FALSE,6.1
CUPE,2021,2021-09-05,principal,260720801A,Centro,2.31199229299342,2.17,TRUE,TRUE,TRUE,FALSE,2.17
CUPE,2021,2021-09-06,principal,260720801A,Centro,2.31199229299342,0,TRUE,TRUE,TRUE,FALSE,0
CUPE,2021,2021-09-07,principal,260720801A,Centro,2.31199229299342,0.59,TRUE,TRUE,TRUE,FALSE,0.59
CUPE,2021,2021-09-08,principal,260720801A,Centro,2.31199229299342,2.56,TRUE,TRUE,TRUE,FALSE,2.56
CUPE,2021,2021-09-09,principal,260720801A,Centro,2.31199229299342,1.19,TRUE,TRUE,TRUE,FALSE,1.19
CUPE,2021,2021-09-10,principal,260720801A,Centro,2.31199229299342,0,TRUE,TRUE,TRUE,FALSE,0
CUPE,2021,2021-09-11,principal,260720801A,Centro,2.31199229299342,0,TRUE,TRUE,TRUE,FALSE,0
CUPE,2021,2021-09-12,principal,260720801A,Centro,2.31199229299342,1.19,TRUE,TRUE,TRUE,FALSE,1.19
CUPE,2021,2021-09-13,principal,260720801A,Centro,2.31199229299342,0.4,TRUE,TRUE,TRUE,FALSE,0.4
CUPE,2021,2021-09-14,principal,260720801A,Centro,2.31199229299342,3.17,TRUE,TRUE,TRUE,FALSE,3.17
CUPE,2021,2021-09-15,principal,260720801A,Centro,2.31199229299342,2.17,TRUE,TRUE,TRUE,FALSE,2.17
CUPE,2021,2021-09-16,principal,260720801A,Centro,2.31199229299342,0,TRUE,TRUE,TRUE,FALSE,0
CUPE,2021,2021-09-17,principal,260720801A,Centro,2.31199229299342,3.74,TRUE,TRUE,TRUE,FALSE,3.74
CUPE,2021,2021-09-18,principal,260720801A,Centro,2.31199229299342,0,TRUE,TRUE,TRUE,FALSE,0
CUPE,2021,2021-09-19,principal,260720801A,Centro,2.31199229299342,0,TRUE,TRUE,TRUE,FALSE,0
CUPE,2021,2021-09-20,principal,260720801A,Centro,2.31199229299342,0,TRUE,TRUE,TRUE,FALSE,0
CUPE,2021,2021-09-21,principal,260720801A,Centro,2.31199229299342,0,TRUE,TRUE,TRUE,FALSE,0
CUPE,2021,2021-09-22,principal,260720801A,Centro,2.31199229299342,0,TRUE,TRUE,TRUE,FALSE,0
CUPE,2021,2021-09-23,principal,260720801A,Centro,2.31199229299342,0,TRUE,TRUE,TRUE,FALSE,0
CUPE,2021,2021-09-24,principal,260720801A,Centro,2.31199229299342,1.78,TRUE,TRUE,TRUE,FALSE,1.78
CUPE,2021,2021-09-25,principal,260720801A,Centro,2.31199229299342,4.15,TRUE,TRUE,TRUE,FALSE,4.15
CUPE,2021,2021-09-26,principal,260720801A,Centro,2.31199229299342,0,TRUE,TRUE,TRUE,FALSE,0
CUPE,2021,2021-09-27,principal,260720801A,Centro,2.31199229299342,0,TRUE,TRUE,TRUE,FALSE,0
CUPE,2021,2021-09-28,principal,260720801A,Centro,2.31199229299342,0,TRUE,TRUE,TRUE,FALSE,0
CUPE,2021,2021-09-29,principal,260720801A,Centro,2.31199229299342,12.01,TRUE,TRUE,TRUE,FALSE,12.01
CUPE,2021,2021-09-30,principal,260720801A,Centro,2.31199229299342,3.16,TRUE,TRUE,TRUE,FALSE,3.16
CUPE,2021,2021-10-01,principal,260720801A,Centro,2.31199229299342,4.53,TRUE,TRUE,TRUE,FALSE,4.53
CUPE,2021,2021-10-02,principal,260720801A,Centro,2.31199229299342,10.86,TRUE,TRUE,TRUE,FALSE,10.86
CUPE,2021,2021-10-03,principal,260720801A,Centro,2.31199229299342,0,TRUE,TRUE,TRUE,FALSE,0
CUPE,2021,2021-10-04,principal,260720801A,Centro,2.31199229299342,0,FALSE,FALSE,FALSE,FALSE,
CUPE,2021,2021-10-05,principal,260720801A,Centro,2.31199229299342,0.4,FALSE,FALSE,FALSE,FALSE,
CUPE,2021,2021-10-06,principal,260720801A,Centro,2.31199229299342,0,TRUE,TRUE,TRUE,FALSE,0
CUPE,2021,2021-10-07,principal,260720801A,Centro,2.31199229299342,0,TRUE,TRUE,TRUE,FALSE,0
CUPE,2021,2021-10-08,principal,260720801A,Centro,2.31199229299342,0,FALSE,FALSE,FALSE,FALSE,
CUPE,2021,2021-10-09,principal,260720801A,Centro,2.31199229299342,0,FALSE,FALSE,FALSE,FALSE,
CUPE,2021,2021-10-10,principal,260720801A,Centro,2.31199229299342,0,TRUE,TRUE,TRUE,FALSE,0
CUPE,2021,2021-10-11,principal,260720801A,Centro,2.31199229299342,0,TRUE,TRUE,TRUE,FALSE,0
CUPE,2021,2021-10-12,principal,260720801A,Centro,2.31199229299342,0,TRUE,TRUE,TRUE,FALSE,0
CUPE,2021,2021-10-13,principal,260720801A,Centro,2.31199229299342,0,TRUE,TRUE,TRUE,FALSE,0
CUPE,2021,2021-10-14,principal,260720801A,Centro,2.31199229299342,0.4,FALSE,FALSE,TRUE,FALSE,
CUPE,2021,2021-10-15,principal,260720801A,Centro,2.31199229299342,0.39,FALSE,FALSE,FALSE,FALSE,
CUPE,2021,2021-10-16,principal,260720801A,Centro,2.31199229299342,9.66,TRUE,TRUE,TRUE,FALSE,9.66
CUPE,2021,2021-10-17,principal,260720801A,Centro,2.31199229299342,0.39,FALSE,FALSE,FALSE,FALSE,
CUPE,2021,2021-10-18,principal,260720801A,Centro,2.31199229299342,0.2,FALSE,FALSE,FALSE,FALSE,
CUPE,2021,2021-10-19,principal,260720801A,Centro,2.31199229299342,0,FALSE,FALSE,FALSE,FALSE,
CUPE,2021,2021-10-20,principal,260720801A,Centro,2.31199229299342,0,FALSE,FALSE,FALSE,FALSE,
CUPE,2021,2021-10-21,principal,260720801A,Centro,2.31199229299342,1.97,TRUE,TRUE,TRUE,FALSE,1.97
CUPE,2021,2021-10-22,principal,260720801A,Centro,2.31199229299342,7.27,FALSE,FALSE,FALSE,FALSE,
CUPE,2021,2021-10-23,principal,260720801A,Centro,2.31199229299342,0.2,FALSE,FALSE,FALSE,FALSE,
CUPE,2021,2021-10-24,principal,260720801A,Centro,2.31199229299342,0.2,FALSE,FALSE,FALSE,FALSE,
CUPE,2021,2021-10-25,principal,260720801A,Centro,2.31199229299342,0,TRUE,TRUE,TRUE,FALSE,0
CUPE,2021,2021-10-26,principal,260720801A,Centro,2.31199229299342,2.17,FALSE,FALSE,FALSE,FALSE,
CUPE,2021,2021-10-27,principal,260720801A,Centro,2.31199229299342,2.75,FALSE,FALSE,FALSE,FALSE,
CUPE,2021,2021-10-28,principal,260720801A,Centro,2.31199229299342,3.16,FALSE,FALSE,FALSE,FALSE,
CUPE,2021,2021-10-29,principal,260720801A,Centro,2.31199229299342,3.97,FALSE,FALSE,FALSE,FALSE,
CUPE,2021,2021-10-30,principal,260720801A,Centro,2.31199229299342,0,FALSE,TRUE,TRUE,FALSE,
CUPE,2021,2021-10-31,principal,260720801A,Centro,2.31199229299342,4.32,FALSE,FALSE,FALSE,FALSE,
CUPE,2021,2021-11-01,principal,260720801A,Centro,2.31199229299342,0.99,FALSE,FALSE,FALSE,FALSE,
CUPE,2021,2021-11-02,principal,260720801A,Centro,2.31199229299342,1.8,FALSE,FALSE,FALSE,FALSE,
CUPE,2021,2021-11-03,principal,260720801A,Centro,2.31199229299342,0,FALSE,FALSE,FALSE,FALSE,
CUPE,2021,2021-11-04,principal,260720801A,Centro,2.31199229299342,0,TRUE,TRUE,TRUE,FALSE,0
CUPE,2021,2021-11-05,principal,260720801A,Centro,2.31199229299342,0,TRUE,TRUE,TRUE,FALSE,0
CUPE,2021,2021-11-06,principal,260720801A,Centro,2.31199229299342,0,TRUE,TRUE,TRUE,FALSE,0
CUPE,2021,2021-11-07,principal,260720801A,Centro,2.31199229299342,0,TRUE,TRUE,TRUE,FALSE,0
CUPE,2021,2021-11-08,principal,260720801A,Centro,2.31199229299342,0,TRUE,TRUE,TRUE,FALSE,0
CUPE,2021,2021-11-09,principal,260720801A,Centro,2.31199229299342,1.97,TRUE,TRUE,TRUE,FALSE,1.97
CUPE,2021,2021-11-10,principal,260720801A,Centro,2.31199229299342,1.38,TRUE,TRUE,TRUE,FALSE,1.38
CUPE,2021,2021-11-11,principal,260720801A,Centro,2.31199229299342,10.24,TRUE,TRUE,TRUE,FALSE,10.24
CUPE,2021,2021-11-12,principal,260720801A,Centro,2.31199229299342,2.36,TRUE,TRUE,TRUE,FALSE,2.36
CUPE,2021,2021-11-13,principal,260720801A,Centro,2.31199229299342,0.39,TRUE,TRUE,TRUE,FALSE,0.39
CUPE,2021,2021-11-14,principal,260720801A,Centro,2.31199229299342,6.09,TRUE,TRUE,TRUE,FALSE,6.09
CUPE,2021,2021-11-15,principal,260720801A,Centro,2.31199229299342,0.79,TRUE,TRUE,TRUE,FALSE,0.79
CUPE,2021,2021-11-16,principal,260720801A,Centro,2.31199229299342,0,TRUE,TRUE,TRUE,FALSE,0
CUPE,2021,2021-11-17,principal,260720801A,Centro,2.31199229299342,0,TRUE,TRUE,TRUE,FALSE,0
CUPE,2021,2021-11-18,principal,260720801A,Centro,2.31199229299342,16.75,TRUE,TRUE,TRUE,FALSE,16.75
CUPE,2021,2021-11-19,principal,260720801A,Centro,2.31199229299342,0,TRUE,TRUE,TRUE,FALSE,0
CUPE,2021,2021-11-20,principal,260720801A,Centro,2.31199229299342,0.2,TRUE,TRUE,TRUE,FALSE,0.2
CUPE,2021,2021-11-21,principal,260720801A,Centro,2.31199229299342,0.2,TRUE,TRUE,TRUE,FALSE,0.2
CUPE,2021,2021-11-22,principal,260720801A,Centro,2.31199229299342,0,TRUE,TRUE,TRUE,FALSE,0
CUPE,2021,2021-11-23,principal,260720801A,Centro,2.31199229299342,0,TRUE,TRUE,TRUE,FALSE,0
CUPE,2021,2021-11-24,principal,260720801A,Centro,2.31199229299342,0,TRUE,TRUE,TRUE,FALSE,0
CUPE,2021,2021-11-25,principal,260720801A,Centro,2.31199229299342,0,TRUE,TRUE,TRUE,FALSE,0
CUPE,2021,2021-11-26,principal,260720801A,Centro,2.31199229299342,0.99,TRUE,TRUE,TRUE,FALSE,0.99
CUPE,2021,2021-11-27,principal,260720801A,Centro,2.31199229299342,0,TRUE,TRUE,TRUE,FALSE,0
CUPE,2021,2021-11-28,principal,260720801A,Centro,2.31199229299342,0.2,FALSE,TRUE,TRUE,FALSE,
CUPE,2021,2021-11-29,principal,260720801A,Centro,2.31199229299342,0.2,TRUE,TRUE,TRUE,FALSE,0.2
CUPE,2021,2021-11-30,principal,260720801A,Centro,2.31199229299342,0,TRUE,TRUE,TRUE,FALSE,0
CUPE,2021,2021-12-01,principal,260720801A,Centro,2.31199229299342,0,TRUE,TRUE,TRUE,FALSE,0
CUPE,2021,2021-12-02,principal,260720801A,Centro,2.31199229299342,0,TRUE,TRUE,TRUE,FALSE,0
CUPE,2021,2021-12-03,principal,260720801A,Centro,2.31199229299342,0,TRUE,TRUE,TRUE,FALSE,0
CUPE,2021,2021-12-04,principal,260720801A,Centro,2.31199229299342,9.76,TRUE,TRUE,TRUE,FALSE,9.76
CUPE,2021,2021-12-05,principal,260720801A,Centro,2.31199229299342,4.96,TRUE,TRUE,TRUE,FALSE,4.96
CUPE,2021,2021-12-06,principal,260720801A,Centro,2.31199229299342,8.25,TRUE,TRUE,TRUE,FALSE,8.25
CUPE,2021,2021-12-07,principal,260720801A,Centro,2.31199229299342,0,TRUE,TRUE,TRUE,FALSE,0
CUPE,2021,2021-12-08,principal,260720801A,Centro,2.31199229299342,0,TRUE,TRUE,TRUE,FALSE,0
CUPE,2021,2021-12-09,principal,260720801A,Centro,2.31199229299342,0,TRUE,TRUE,TRUE,FALSE,0
CUPE,2021,2021-12-10,principal,260720801A,Centro,2.31199229299342,0.2,FALSE,FALSE,FALSE,FALSE,
CUPE,2021,2021-12-11,principal,260720801A,Centro,2.31199229299342,0.79,TRUE,TRUE,TRUE,FALSE,0.79
CUPE,2021,2021-12-12,principal,260720801A,Centro,2.31199229299342,1.96,TRUE,TRUE,TRUE,FALSE,1.96
CUPE,2021,2021-12-13,principal,260720801A,Centro,2.31199229299342,23.65,TRUE,TRUE,TRUE,FALSE,23.65
CUPE,2021,2021-12-14,principal,260720801A,Centro,2.31199229299342,8.06,TRUE,TRUE,TRUE,FALSE,8.06
CUPE,2021,2021-12-15,principal,260720801A,Centro,2.31199229299342,3.97,TRUE,TRUE,TRUE,FALSE,3.97
CUPE,2021,2021-12-16,principal,260720801A,Centro,2.31199229299342,8.12,TRUE,TRUE,TRUE,FALSE,8.12
CUPE,2021,2021-12-17,principal,260720801A,Centro,2.31199229299342,32.67,TRUE,TRUE,TRUE,FALSE,32.67
CUPE,2021,2021-12-18,principal,260720801A,Centro,2.31199229299342,0.59,TRUE,TRUE,TRUE,FALSE,0.59
CUPE,2021,2021-12-19,principal,260720801A,Centro,2.31199229299342,0.79,TRUE,TRUE,TRUE,FALSE,0.79
CUPE,2021,2021-12-20,principal,260720801A,Centro,2.31199229299342,0,TRUE,TRUE,TRUE,FALSE,0
CUPE,2021,2021-12-21,principal,260720801A,Centro,2.31199229299342,0.79,TRUE,TRUE,TRUE,FALSE,0.79
CUPE,2021,2021-12-22,principal,260720801A,Centro,2.31199229299342,0.2,TRUE,TRUE,TRUE,FALSE,0.2
CUPE,2021,2021-12-23,principal,260720801A,Centro,2.31199229299342,1.58,TRUE,TRUE,TRUE,FALSE,1.58
CUPE,2021,2021-12-24,principal,260720801A,Centro,2.31199229299342,0,TRUE,TRUE,TRUE,FALSE,0
CUPE,2021,2021-12-25,principal,260720801A,Centro,2.31199229299342,20.36,TRUE,TRUE,TRUE,FALSE,20.36
CUPE,2021,2021-12-26,principal,260720801A,Centro,2.31199229299342,4.18,FALSE,FALSE,TRUE,FALSE,
CUPE,2021,2021-12-27,principal,260720801A,Centro,2.31199229299342,1.78,TRUE,TRUE,TRUE,FALSE,1.78
CUPE,2021,2021-12-28,principal,260720801A,Centro,2.31199229299342,1.38,FALSE,FALSE,FALSE,FALSE,
CUPE,2021,2021-12-29,principal,260720801A,Centro,2.31199229299342,0,TRUE,TRUE,TRUE,FALSE,0
CUPE,2021,2021-12-30,principal,260720801A,Centro,2.31199229299342,0.4,TRUE,TRUE,TRUE,FALSE,0.4
CUPE,2021,2021-12-31,principal,260720801A,Centro,2.31199229299342,0.2,TRUE,TRUE,TRUE,FALSE,0.2
CUPE,2021,2021-01-01,sensibilidade,260720804A,Rurópolis,3.31306361103069,0.42,TRUE,TRUE,TRUE,FALSE,0.42
CUPE,2021,2021-01-02,sensibilidade,260720804A,Rurópolis,3.31306361103069,0,TRUE,TRUE,TRUE,FALSE,0
CUPE,2021,2021-01-03,sensibilidade,260720804A,Rurópolis,3.31306361103069,0,TRUE,TRUE,TRUE,FALSE,0
CUPE,2021,2021-01-04,sensibilidade,260720804A,Rurópolis,3.31306361103069,3.94,TRUE,TRUE,TRUE,FALSE,3.94
CUPE,2021,2021-01-05,sensibilidade,260720804A,Rurópolis,3.31306361103069,0,TRUE,TRUE,TRUE,FALSE,0
CUPE,2021,2021-01-06,sensibilidade,260720804A,Rurópolis,3.31306361103069,0,TRUE,TRUE,TRUE,FALSE,0
CUPE,2021,2021-01-07,sensibilidade,260720804A,Rurópolis,3.31306361103069,0,TRUE,TRUE,TRUE,FALSE,0
CUPE,2021,2021-01-08,sensibilidade,260720804A,Rurópolis,3.31306361103069,0,TRUE,TRUE,TRUE,FALSE,0
CUPE,2021,2021-01-09,sensibilidade,260720804A,Rurópolis,3.31306361103069,0.4,TRUE,TRUE,TRUE,FALSE,0.4
CUPE,2021,2021-01-10,sensibilidade,260720804A,Rurópolis,3.31306361103069,0,TRUE,TRUE,TRUE,FALSE,0
CUPE,2021,2021-01-11,sensibilidade,260720804A,Rurópolis,3.31306361103069,3.55,TRUE,TRUE,TRUE,FALSE,3.55
CUPE,2021,2021-01-12,sensibilidade,260720804A,Rurópolis,3.31306361103069,3.35,TRUE,TRUE,TRUE,FALSE,3.35
CUPE,2021,2021-01-13,sensibilidade,260720804A,Rurópolis,3.31306361103069,4.33,TRUE,TRUE,TRUE,FALSE,4.33
CUPE,2021,2021-01-14,sensibilidade,260720804A,Rurópolis,3.31306361103069,0.2,TRUE,TRUE,TRUE,FALSE,0.2
CUPE,2021,2021-01-15,sensibilidade,260720804A,Rurópolis,3.31306361103069,0,TRUE,TRUE,TRUE,FALSE,0
CUPE,2021,2021-01-16,sensibilidade,260720804A,Rurópolis,3.31306361103069,0,TRUE,TRUE,TRUE,FALSE,0
CUPE,2021,2021-01-17,sensibilidade,260720804A,Rurópolis,3.31306361103069,1.97,TRUE,TRUE,TRUE,FALSE,1.97
CUPE,2021,2021-01-18,sensibilidade,260720804A,Rurópolis,3.31306361103069,1.18,TRUE,TRUE,TRUE,FALSE,1.18
CUPE,2021,2021-01-19,sensibilidade,260720804A,Rurópolis,3.31306361103069,1.58,TRUE,TRUE,TRUE,FALSE,1.58
CUPE,2021,2021-01-20,sensibilidade,260720804A,Rurópolis,3.31306361103069,0,TRUE,TRUE,TRUE,FALSE,0
CUPE,2021,2021-01-21,sensibilidade,260720804A,Rurópolis,3.31306361103069,1.38,TRUE,TRUE,TRUE,FALSE,1.38
CUPE,2021,2021-01-22,sensibilidade,260720804A,Rurópolis,3.31306361103069,0.99,TRUE,TRUE,TRUE,FALSE,0.99
CUPE,2021,2021-01-23,sensibilidade,260720804A,Rurópolis,3.31306361103069,0.2,TRUE,TRUE,TRUE,FALSE,0.2
CUPE,2021,2021-01-24,sensibilidade,260720804A,Rurópolis,3.31306361103069,3.36,TRUE,TRUE,TRUE,FALSE,3.36
CUPE,2021,2021-01-25,sensibilidade,260720804A,Rurópolis,3.31306361103069,0,TRUE,TRUE,TRUE,FALSE,0
CUPE,2021,2021-01-26,sensibilidade,260720804A,Rurópolis,3.31306361103069,3.15,TRUE,TRUE,TRUE,FALSE,3.15
CUPE,2021,2021-01-27,sensibilidade,260720804A,Rurópolis,3.31306361103069,14.97,TRUE,TRUE,TRUE,FALSE,14.97
CUPE,2021,2021-01-28,sensibilidade,260720804A,Rurópolis,3.31306361103069,8.07,TRUE,TRUE,TRUE,FALSE,8.07
CUPE,2021,2021-01-29,sensibilidade,260720804A,Rurópolis,3.31306361103069,1.38,TRUE,TRUE,TRUE,FALSE,1.38
CUPE,2021,2021-01-30,sensibilidade,260720804A,Rurópolis,3.31306361103069,1.57,FALSE,TRUE,TRUE,FALSE,
CUPE,2021,2021-01-31,sensibilidade,260720804A,Rurópolis,3.31306361103069,0,TRUE,TRUE,TRUE,FALSE,0
CUPE,2021,2021-02-01,sensibilidade,260720804A,Rurópolis,3.31306361103069,0,FALSE,FALSE,FALSE,FALSE,
CUPE,2021,2021-02-02,sensibilidade,260720804A,Rurópolis,3.31306361103069,0,TRUE,TRUE,TRUE,FALSE,0
CUPE,2021,2021-02-03,sensibilidade,260720804A,Rurópolis,3.31306361103069,0,TRUE,TRUE,TRUE,FALSE,0
CUPE,2021,2021-02-04,sensibilidade,260720804A,Rurópolis,3.31306361103069,0,TRUE,TRUE,TRUE,FALSE,0
CUPE,2021,2021-02-05,sensibilidade,260720804A,Rurópolis,3.31306361103069,0,TRUE,TRUE,TRUE,FALSE,0
CUPE,2021,2021-02-06,sensibilidade,260720804A,Rurópolis,3.31306361103069,0,TRUE,TRUE,TRUE,FALSE,0
CUPE,2021,2021-02-07,sensibilidade,260720804A,Rurópolis,3.31306361103069,0,TRUE,TRUE,TRUE,FALSE,0
CUPE,2021,2021-02-08,sensibilidade,260720804A,Rurópolis,3.31306361103069,0,TRUE,TRUE,TRUE,FALSE,0
CUPE,2021,2021-02-09,sensibilidade,260720804A,Rurópolis,3.31306361103069,0,TRUE,TRUE,TRUE,FALSE,0
CUPE,2021,2021-02-10,sensibilidade,260720804A,Rurópolis,3.31306361103069,4.15,TRUE,TRUE,TRUE,FALSE,4.15
CUPE,2021,2021-02-11,sensibilidade,260720804A,Rurópolis,3.31306361103069,0,TRUE,TRUE,TRUE,FALSE,0
CUPE,2021,2021-02-12,sensibilidade,260720804A,Rurópolis,3.31306361103069,0.59,TRUE,TRUE,TRUE,FALSE,0.59
CUPE,2021,2021-02-13,sensibilidade,260720804A,Rurópolis,3.31306361103069,2.75,TRUE,TRUE,TRUE,FALSE,2.75
CUPE,2021,2021-02-14,sensibilidade,260720804A,Rurópolis,3.31306361103069,3.53,TRUE,TRUE,TRUE,FALSE,3.53
CUPE,2021,2021-02-15,sensibilidade,260720804A,Rurópolis,3.31306361103069,20.88,TRUE,TRUE,TRUE,FALSE,20.88
CUPE,2021,2021-02-16,sensibilidade,260720804A,Rurópolis,3.31306361103069,0.4,TRUE,TRUE,TRUE,FALSE,0.4
CUPE,2021,2021-02-17,sensibilidade,260720804A,Rurópolis,3.31306361103069,0,TRUE,TRUE,TRUE,FALSE,0
CUPE,2021,2021-02-18,sensibilidade,260720804A,Rurópolis,3.31306361103069,0,TRUE,TRUE,TRUE,FALSE,0
CUPE,2021,2021-02-19,sensibilidade,260720804A,Rurópolis,3.31306361103069,0,TRUE,TRUE,TRUE,FALSE,0
CUPE,2021,2021-02-20,sensibilidade,260720804A,Rurópolis,3.31306361103069,0,TRUE,TRUE,TRUE,FALSE,0
CUPE,2021,2021-02-21,sensibilidade,260720804A,Rurópolis,3.31306361103069,0,TRUE,TRUE,TRUE,FALSE,0
CUPE,2021,2021-02-22,sensibilidade,260720804A,Rurópolis,3.31306361103069,0,TRUE,TRUE,TRUE,FALSE,0
CUPE,2021,2021-02-23,sensibilidade,260720804A,Rurópolis,3.31306361103069,0,TRUE,TRUE,TRUE,FALSE,0
CUPE,2021,2021-02-24,sensibilidade,260720804A,Rurópolis,3.31306361103069,0.39,TRUE,TRUE,TRUE,FALSE,0.39
CUPE,2021,2021-02-25,sensibilidade,260720804A,Rurópolis,3.31306361103069,4.54,TRUE,TRUE,TRUE,FALSE,4.54
CUPE,2021,2021-02-26,sensibilidade,260720804A,Rurópolis,3.31306361103069,0,TRUE,TRUE,TRUE,FALSE,0
CUPE,2021,2021-02-27,sensibilidade,260720804A,Rurópolis,3.31306361103069,0,TRUE,TRUE,TRUE,FALSE,0
CUPE,2021,2021-02-28,sensibilidade,260720804A,Rurópolis,3.31306361103069,22.6,TRUE,TRUE,TRUE,FALSE,22.6
CUPE,2021,2021-03-01,sensibilidade,260720804A,Rurópolis,3.31306361103069,75.49,TRUE,TRUE,TRUE,FALSE,75.49
CUPE,2021,2021-03-02,sensibilidade,260720804A,Rurópolis,3.31306361103069,4.15,TRUE,TRUE,TRUE,FALSE,4.15
CUPE,2021,2021-03-03,sensibilidade,260720804A,Rurópolis,3.31306361103069,1.38,TRUE,TRUE,TRUE,FALSE,1.38
CUPE,2021,2021-03-04,sensibilidade,260720804A,Rurópolis,3.31306361103069,2.97,FALSE,FALSE,FALSE,FALSE,
CUPE,2021,2021-03-05,sensibilidade,260720804A,Rurópolis,3.31306361103069,1.58,TRUE,TRUE,TRUE,FALSE,1.58
CUPE,2021,2021-03-06,sensibilidade,260720804A,Rurópolis,3.31306361103069,0,TRUE,TRUE,TRUE,FALSE,0
CUPE,2021,2021-03-07,sensibilidade,260720804A,Rurópolis,3.31306361103069,0,TRUE,TRUE,TRUE,FALSE,0
CUPE,2021,2021-03-08,sensibilidade,260720804A,Rurópolis,3.31306361103069,0,TRUE,TRUE,TRUE,FALSE,0
CUPE,2021,2021-03-09,sensibilidade,260720804A,Rurópolis,3.31306361103069,0,TRUE,TRUE,TRUE,FALSE,0
CUPE,2021,2021-03-10,sensibilidade,260720804A,Rurópolis,3.31306361103069,0,TRUE,TRUE,TRUE,FALSE,0
CUPE,2021,2021-03-11,sensibilidade,260720804A,Rurópolis,3.31306361103069,0,TRUE,TRUE,TRUE,FALSE,0
CUPE,2021,2021-03-12,sensibilidade,260720804A,Rurópolis,3.31306361103069,0,TRUE,TRUE,TRUE,FALSE,0
CUPE,2021,2021-03-13,sensibilidade,260720804A,Rurópolis,3.31306361103069,1.78,TRUE,TRUE,TRUE,FALSE,1.78
CUPE,2021,2021-03-14,sensibilidade,260720804A,Rurópolis,3.31306361103069,0,FALSE,FALSE,FALSE,FALSE,
CUPE,2021,2021-03-15,sensibilidade,260720804A,Rurópolis,3.31306361103069,0,TRUE,TRUE,TRUE,FALSE,0
CUPE,2021,2021-03-16,sensibilidade,260720804A,Rurópolis,3.31306361103069,1.97,TRUE,TRUE,TRUE,FALSE,1.97
CUPE,2021,2021-03-17,sensibilidade,260720804A,Rurópolis,3.31306361103069,0,TRUE,TRUE,TRUE,FALSE,0
CUPE,2021,2021-03-18,sensibilidade,260720804A,Rurópolis,3.31306361103069,0,TRUE,TRUE,TRUE,FALSE,0
CUPE,2021,2021-03-19,sensibilidade,260720804A,Rurópolis,3.31306361103069,1.97,TRUE,TRUE,TRUE,FALSE,1.97
CUPE,2021,2021-03-20,sensibilidade,260720804A,Rurópolis,3.31306361103069,6.7,TRUE,TRUE,TRUE,FALSE,6.7
CUPE,2021,2021-03-21,sensibilidade,260720804A,Rurópolis,3.31306361103069,0,TRUE,TRUE,TRUE,FALSE,0
CUPE,2021,2021-03-22,sensibilidade,260720804A,Rurópolis,3.31306361103069,0,TRUE,TRUE,TRUE,FALSE,0
CUPE,2021,2021-03-23,sensibilidade,260720804A,Rurópolis,3.31306361103069,0,TRUE,TRUE,TRUE,FALSE,0
CUPE,2021,2021-03-24,sensibilidade,260720804A,Rurópolis,3.31306361103069,25.81,TRUE,TRUE,TRUE,FALSE,25.81
CUPE,2021,2021-03-25,sensibilidade,260720804A,Rurópolis,3.31306361103069,0.79,TRUE,TRUE,TRUE,FALSE,0.79
CUPE,2021,2021-03-26,sensibilidade,260720804A,Rurópolis,3.31306361103069,5.74,TRUE,TRUE,TRUE,FALSE,5.74
CUPE,2021,2021-03-27,sensibilidade,260720804A,Rurópolis,3.31306361103069,21.22,TRUE,TRUE,TRUE,FALSE,21.22
CUPE,2021,2021-03-28,sensibilidade,260720804A,Rurópolis,3.31306361103069,27.57,TRUE,TRUE,TRUE,FALSE,27.57
CUPE,2021,2021-03-29,sensibilidade,260720804A,Rurópolis,3.31306361103069,3.56,TRUE,TRUE,TRUE,FALSE,3.56
CUPE,2021,2021-03-30,sensibilidade,260720804A,Rurópolis,3.31306361103069,13.19,TRUE,TRUE,TRUE,FALSE,13.19
CUPE,2021,2021-03-31,sensibilidade,260720804A,Rurópolis,3.31306361103069,0,TRUE,TRUE,TRUE,FALSE,0
CUPE,2021,2021-04-01,sensibilidade,260720804A,Rurópolis,3.31306361103069,0,TRUE,TRUE,TRUE,FALSE,0
CUPE,2021,2021-04-02,sensibilidade,260720804A,Rurópolis,3.31306361103069,1.58,FALSE,FALSE,FALSE,FALSE,
CUPE,2021,2021-04-03,sensibilidade,260720804A,Rurópolis,3.31306361103069,0,TRUE,TRUE,TRUE,FALSE,0
CUPE,2021,2021-04-04,sensibilidade,260720804A,Rurópolis,3.31306361103069,9.24,TRUE,TRUE,TRUE,FALSE,9.24
CUPE,2021,2021-04-05,sensibilidade,260720804A,Rurópolis,3.31306361103069,1.57,FALSE,TRUE,TRUE,FALSE,
CUPE,2021,2021-04-06,sensibilidade,260720804A,Rurópolis,3.31306361103069,0.79,TRUE,TRUE,TRUE,FALSE,0.79
CUPE,2021,2021-04-07,sensibilidade,260720804A,Rurópolis,3.31306361103069,0.2,TRUE,TRUE,TRUE,FALSE,0.2
CUPE,2021,2021-04-08,sensibilidade,260720804A,Rurópolis,3.31306361103069,0,TRUE,TRUE,TRUE,FALSE,0
CUPE,2021,2021-04-09,sensibilidade,260720804A,Rurópolis,3.31306361103069,17.62,TRUE,TRUE,TRUE,FALSE,17.62
CUPE,2021,2021-04-10,sensibilidade,260720804A,Rurópolis,3.31306361103069,76.26,TRUE,TRUE,TRUE,FALSE,76.26
CUPE,2021,2021-04-11,sensibilidade,260720804A,Rurópolis,3.31306361103069,126.48,TRUE,TRUE,TRUE,FALSE,126.48
CUPE,2021,2021-04-12,sensibilidade,260720804A,Rurópolis,3.31306361103069,0,TRUE,TRUE,TRUE,FALSE,0
CUPE,2021,2021-04-13,sensibilidade,260720804A,Rurópolis,3.31306361103069,0,FALSE,FALSE,FALSE,FALSE,
CUPE,2021,2021-04-14,sensibilidade,260720804A,Rurópolis,3.31306361103069,15.18,FALSE,TRUE,TRUE,FALSE,
CUPE,2021,2021-04-15,sensibilidade,260720804A,Rurópolis,3.31306361103069,41.37,TRUE,TRUE,TRUE,FALSE,41.37
CUPE,2021,2021-04-16,sensibilidade,260720804A,Rurópolis,3.31306361103069,0,TRUE,TRUE,TRUE,FALSE,0
CUPE,2021,2021-04-17,sensibilidade,260720804A,Rurópolis,3.31306361103069,12.01,TRUE,TRUE,TRUE,FALSE,12.01
CUPE,2021,2021-04-18,sensibilidade,260720804A,Rurópolis,3.31306361103069,11.01,TRUE,TRUE,TRUE,FALSE,11.01
CUPE,2021,2021-04-19,sensibilidade,260720804A,Rurópolis,3.31306361103069,2.75,TRUE,TRUE,TRUE,FALSE,2.75
CUPE,2021,2021-04-20,sensibilidade,260720804A,Rurópolis,3.31306361103069,0,TRUE,TRUE,TRUE,FALSE,0
CUPE,2021,2021-04-21,sensibilidade,260720804A,Rurópolis,3.31306361103069,0,TRUE,TRUE,TRUE,FALSE,0
CUPE,2021,2021-04-22,sensibilidade,260720804A,Rurópolis,3.31306361103069,0,TRUE,TRUE,TRUE,FALSE,0
CUPE,2021,2021-04-23,sensibilidade,260720804A,Rurópolis,3.31306361103069,0,TRUE,TRUE,TRUE,FALSE,0
CUPE,2021,2021-04-24,sensibilidade,260720804A,Rurópolis,3.31306361103069,6.51,TRUE,TRUE,TRUE,FALSE,6.51
CUPE,2021,2021-04-25,sensibilidade,260720804A,Rurópolis,3.31306361103069,0,TRUE,TRUE,TRUE,FALSE,0
CUPE,2021,2021-04-26,sensibilidade,260720804A,Rurópolis,3.31306361103069,0.2,TRUE,TRUE,TRUE,FALSE,0.2
CUPE,2021,2021-04-27,sensibilidade,260720804A,Rurópolis,3.31306361103069,7.5,TRUE,TRUE,TRUE,FALSE,7.5
CUPE,2021,2021-04-28,sensibilidade,260720804A,Rurópolis,3.31306361103069,6.11,TRUE,TRUE,TRUE,FALSE,6.11
CUPE,2021,2021-04-29,sensibilidade,260720804A,Rurópolis,3.31306361103069,2.76,TRUE,TRUE,TRUE,FALSE,2.76
CUPE,2021,2021-04-30,sensibilidade,260720804A,Rurópolis,3.31306361103069,7.09,TRUE,TRUE,TRUE,FALSE,7.09
CUPE,2021,2021-05-01,sensibilidade,260720804A,Rurópolis,3.31306361103069,16.6,TRUE,TRUE,TRUE,FALSE,16.6
CUPE,2021,2021-05-02,sensibilidade,260720804A,Rurópolis,3.31306361103069,6.69,TRUE,TRUE,TRUE,FALSE,6.69
CUPE,2021,2021-05-03,sensibilidade,260720804A,Rurópolis,3.31306361103069,3.55,TRUE,TRUE,TRUE,FALSE,3.55
CUPE,2021,2021-05-04,sensibilidade,260720804A,Rurópolis,3.31306361103069,17.94,TRUE,TRUE,TRUE,FALSE,17.94
CUPE,2021,2021-05-05,sensibilidade,260720804A,Rurópolis,3.31306361103069,29.55,TRUE,TRUE,TRUE,FALSE,29.55
CUPE,2021,2021-05-06,sensibilidade,260720804A,Rurópolis,3.31306361103069,0,TRUE,TRUE,TRUE,FALSE,0
CUPE,2021,2021-05-07,sensibilidade,260720804A,Rurópolis,3.31306361103069,0.2,TRUE,TRUE,TRUE,FALSE,0.2
CUPE,2021,2021-05-08,sensibilidade,260720804A,Rurópolis,3.31306361103069,9.26,TRUE,TRUE,TRUE,FALSE,9.26
CUPE,2021,2021-05-09,sensibilidade,260720804A,Rurópolis,3.31306361103069,9.84,TRUE,TRUE,TRUE,FALSE,9.84
CUPE,2021,2021-05-10,sensibilidade,260720804A,Rurópolis,3.31306361103069,15.17,TRUE,TRUE,TRUE,FALSE,15.17
CUPE,2021,2021-05-11,sensibilidade,260720804A,Rurópolis,3.31306361103069,11.22,TRUE,TRUE,TRUE,FALSE,11.22
CUPE,2021,2021-05-12,sensibilidade,260720804A,Rurópolis,3.31306361103069,2.77,TRUE,TRUE,TRUE,FALSE,2.77
CUPE,2021,2021-05-13,sensibilidade,260720804A,Rurópolis,3.31306361103069,187.1,TRUE,TRUE,TRUE,FALSE,187.1
CUPE,2021,2021-05-14,sensibilidade,260720804A,Rurópolis,3.31306361103069,37.9,TRUE,TRUE,TRUE,FALSE,37.9
CUPE,2021,2021-05-15,sensibilidade,260720804A,Rurópolis,3.31306361103069,3.16,TRUE,TRUE,TRUE,FALSE,3.16
CUPE,2021,2021-05-16,sensibilidade,260720804A,Rurópolis,3.31306361103069,0,TRUE,TRUE,TRUE,FALSE,0
CUPE,2021,2021-05-17,sensibilidade,260720804A,Rurópolis,3.31306361103069,0,TRUE,TRUE,TRUE,FALSE,0
CUPE,2021,2021-05-18,sensibilidade,260720804A,Rurópolis,3.31306361103069,0.79,TRUE,TRUE,TRUE,FALSE,0.79
CUPE,2021,2021-05-19,sensibilidade,260720804A,Rurópolis,3.31306361103069,0.6,TRUE,TRUE,TRUE,FALSE,0.6
CUPE,2021,2021-05-20,sensibilidade,260720804A,Rurópolis,3.31306361103069,0,TRUE,TRUE,TRUE,FALSE,0
CUPE,2021,2021-05-21,sensibilidade,260720804A,Rurópolis,3.31306361103069,3.94,TRUE,TRUE,TRUE,FALSE,3.94
CUPE,2021,2021-05-22,sensibilidade,260720804A,Rurópolis,3.31306361103069,0.2,TRUE,TRUE,TRUE,FALSE,0.2
CUPE,2021,2021-05-23,sensibilidade,260720804A,Rurópolis,3.31306361103069,0,TRUE,TRUE,TRUE,FALSE,0
CUPE,2021,2021-05-24,sensibilidade,260720804A,Rurópolis,3.31306361103069,0,TRUE,TRUE,TRUE,FALSE,0
CUPE,2021,2021-05-25,sensibilidade,260720804A,Rurópolis,3.31306361103069,0.2,TRUE,TRUE,TRUE,FALSE,0.2
CUPE,2021,2021-05-26,sensibilidade,260720804A,Rurópolis,3.31306361103069,0.99,TRUE,TRUE,TRUE,FALSE,0.99
CUPE,2021,2021-05-27,sensibilidade,260720804A,Rurópolis,3.31306361103069,14.38,TRUE,TRUE,TRUE,FALSE,14.38
CUPE,2021,2021-05-28,sensibilidade,260720804A,Rurópolis,3.31306361103069,24.77,TRUE,TRUE,TRUE,FALSE,24.77
CUPE,2021,2021-05-29,sensibilidade,260720804A,Rurópolis,3.31306361103069,0.4,TRUE,TRUE,TRUE,FALSE,0.4
CUPE,2021,2021-05-30,sensibilidade,260720804A,Rurópolis,3.31306361103069,16.14,TRUE,TRUE,TRUE,FALSE,16.14
CUPE,2021,2021-05-31,sensibilidade,260720804A,Rurópolis,3.31306361103069,9.07,TRUE,TRUE,TRUE,FALSE,9.07
CUPE,2021,2021-06-01,sensibilidade,260720804A,Rurópolis,3.31306361103069,0.4,FALSE,FALSE,FALSE,FALSE,
CUPE,2021,2021-06-02,sensibilidade,260720804A,Rurópolis,3.31306361103069,3.34,TRUE,TRUE,TRUE,FALSE,3.34
CUPE,2021,2021-06-03,sensibilidade,260720804A,Rurópolis,3.31306361103069,13.39,FALSE,TRUE,TRUE,FALSE,
CUPE,2021,2021-06-04,sensibilidade,260720804A,Rurópolis,3.31306361103069,10.06,TRUE,TRUE,TRUE,FALSE,10.06
CUPE,2021,2021-06-05,sensibilidade,260720804A,Rurópolis,3.31306361103069,5.52,TRUE,TRUE,TRUE,FALSE,5.52
CUPE,2021,2021-06-06,sensibilidade,260720804A,Rurópolis,3.31306361103069,10.04,TRUE,TRUE,TRUE,FALSE,10.04
CUPE,2021,2021-06-07,sensibilidade,260720804A,Rurópolis,3.31306361103069,6.5,TRUE,TRUE,TRUE,FALSE,6.5
CUPE,2021,2021-06-08,sensibilidade,260720804A,Rurópolis,3.31306361103069,3.94,TRUE,TRUE,TRUE,FALSE,3.94
CUPE,2021,2021-06-09,sensibilidade,260720804A,Rurópolis,3.31306361103069,0.99,TRUE,TRUE,TRUE,FALSE,0.99
CUPE,2021,2021-06-10,sensibilidade,260720804A,Rurópolis,3.31306361103069,2.37,TRUE,TRUE,TRUE,FALSE,2.37
CUPE,2021,2021-06-11,sensibilidade,260720804A,Rurópolis,3.31306361103069,0,TRUE,TRUE,TRUE,FALSE,0
CUPE,2021,2021-06-12,sensibilidade,260720804A,Rurópolis,3.31306361103069,0,TRUE,TRUE,TRUE,FALSE,0
CUPE,2021,2021-06-13,sensibilidade,260720804A,Rurópolis,3.31306361103069,0,TRUE,TRUE,TRUE,FALSE,0
CUPE,2021,2021-06-14,sensibilidade,260720804A,Rurópolis,3.31306361103069,0.4,TRUE,TRUE,TRUE,FALSE,0.4
CUPE,2021,2021-06-15,sensibilidade,260720804A,Rurópolis,3.31306361103069,1.97,TRUE,TRUE,TRUE,FALSE,1.97
CUPE,2021,2021-06-16,sensibilidade,260720804A,Rurópolis,3.31306361103069,1.78,TRUE,TRUE,TRUE,FALSE,1.78
CUPE,2021,2021-06-17,sensibilidade,260720804A,Rurópolis,3.31306361103069,5.91,TRUE,TRUE,TRUE,FALSE,5.91
CUPE,2021,2021-06-18,sensibilidade,260720804A,Rurópolis,3.31306361103069,17.34,TRUE,TRUE,TRUE,FALSE,17.34
CUPE,2021,2021-06-19,sensibilidade,260720804A,Rurópolis,3.31306361103069,16.54,TRUE,TRUE,TRUE,FALSE,16.54
CUPE,2021,2021-06-20,sensibilidade,260720804A,Rurópolis,3.31306361103069,2.96,TRUE,TRUE,TRUE,FALSE,2.96
CUPE,2021,2021-06-21,sensibilidade,260720804A,Rurópolis,3.31306361103069,0.79,TRUE,TRUE,TRUE,FALSE,0.79
CUPE,2021,2021-06-22,sensibilidade,260720804A,Rurópolis,3.31306361103069,4.96,FALSE,FALSE,FALSE,FALSE,
CUPE,2021,2021-06-23,sensibilidade,260720804A,Rurópolis,3.31306361103069,2.56,TRUE,TRUE,TRUE,FALSE,2.56
CUPE,2021,2021-06-24,sensibilidade,260720804A,Rurópolis,3.31306361103069,23.05,FALSE,TRUE,TRUE,FALSE,
CUPE,2021,2021-06-25,sensibilidade,260720804A,Rurópolis,3.31306361103069,1,TRUE,TRUE,TRUE,FALSE,1
CUPE,2021,2021-06-26,sensibilidade,260720804A,Rurópolis,3.31306361103069,0,TRUE,TRUE,TRUE,FALSE,0
CUPE,2021,2021-06-27,sensibilidade,260720804A,Rurópolis,3.31306361103069,6.12,TRUE,TRUE,TRUE,FALSE,6.12
CUPE,2021,2021-06-28,sensibilidade,260720804A,Rurópolis,3.31306361103069,0.79,TRUE,TRUE,TRUE,FALSE,0.79
CUPE,2021,2021-06-29,sensibilidade,260720804A,Rurópolis,3.31306361103069,0.98,TRUE,TRUE,TRUE,FALSE,0.98
CUPE,2021,2021-06-30,sensibilidade,260720804A,Rurópolis,3.31306361103069,22.84,TRUE,TRUE,TRUE,FALSE,22.84
CUPE,2021,2021-07-01,sensibilidade,260720804A,Rurópolis,3.31306361103069,8.89,FALSE,TRUE,TRUE,FALSE,
CUPE,2021,2021-07-02,sensibilidade,260720804A,Rurópolis,3.31306361103069,7.07,TRUE,TRUE,TRUE,FALSE,7.07
CUPE,2021,2021-07-03,sensibilidade,260720804A,Rurópolis,3.31306361103069,1.99,TRUE,TRUE,TRUE,FALSE,1.99
CUPE,2021,2021-07-04,sensibilidade,260720804A,Rurópolis,3.31306361103069,0,TRUE,TRUE,TRUE,FALSE,0
CUPE,2021,2021-07-05,sensibilidade,260720804A,Rurópolis,3.31306361103069,0,TRUE,TRUE,TRUE,FALSE,0
CUPE,2021,2021-07-06,sensibilidade,260720804A,Rurópolis,3.31306361103069,0,TRUE,TRUE,TRUE,FALSE,0
CUPE,2021,2021-07-07,sensibilidade,260720804A,Rurópolis,3.31306361103069,0,TRUE,TRUE,TRUE,FALSE,0
CUPE,2021,2021-07-08,sensibilidade,260720804A,Rurópolis,3.31306361103069,0.98,TRUE,TRUE,TRUE,FALSE,0.98
CUPE,2021,2021-07-09,sensibilidade,260720804A,Rurópolis,3.31306361103069,3.15,TRUE,TRUE,TRUE,FALSE,3.15
CUPE,2021,2021-07-10,sensibilidade,260720804A,Rurópolis,3.31306361103069,11.86,TRUE,TRUE,TRUE,FALSE,11.86
CUPE,2021,2021-07-11,sensibilidade,260720804A,Rurópolis,3.31306361103069,3.35,TRUE,TRUE,TRUE,FALSE,3.35
CUPE,2021,2021-07-12,sensibilidade,260720804A,Rurópolis,3.31306361103069,1.58,TRUE,TRUE,TRUE,FALSE,1.58
CUPE,2021,2021-07-13,sensibilidade,260720804A,Rurópolis,3.31306361103069,0,TRUE,TRUE,TRUE,FALSE,0
CUPE,2021,2021-07-14,sensibilidade,260720804A,Rurópolis,3.31306361103069,6.69,FALSE,TRUE,TRUE,FALSE,
CUPE,2021,2021-07-15,sensibilidade,260720804A,Rurópolis,3.31306361103069,1.78,TRUE,TRUE,TRUE,FALSE,1.78
CUPE,2021,2021-07-16,sensibilidade,260720804A,Rurópolis,3.31306361103069,27.36,TRUE,TRUE,TRUE,FALSE,27.36
CUPE,2021,2021-07-17,sensibilidade,260720804A,Rurópolis,3.31306361103069,2.17,TRUE,TRUE,TRUE,FALSE,2.17
CUPE,2021,2021-07-18,sensibilidade,260720804A,Rurópolis,3.31306361103069,0,TRUE,TRUE,TRUE,FALSE,0
CUPE,2021,2021-07-19,sensibilidade,260720804A,Rurópolis,3.31306361103069,4.35,FALSE,TRUE,TRUE,FALSE,
CUPE,2021,2021-07-20,sensibilidade,260720804A,Rurópolis,3.31306361103069,4.33,TRUE,TRUE,TRUE,FALSE,4.33
CUPE,2021,2021-07-21,sensibilidade,260720804A,Rurópolis,3.31306361103069,17.12,TRUE,TRUE,TRUE,FALSE,17.12
CUPE,2021,2021-07-22,sensibilidade,260720804A,Rurópolis,3.31306361103069,1.38,TRUE,TRUE,TRUE,FALSE,1.38
CUPE,2021,2021-07-23,sensibilidade,260720804A,Rurópolis,3.31306361103069,11.81,TRUE,TRUE,TRUE,FALSE,11.81
CUPE,2021,2021-07-24,sensibilidade,260720804A,Rurópolis,3.31306361103069,10.08,TRUE,TRUE,TRUE,FALSE,10.08
CUPE,2021,2021-07-25,sensibilidade,260720804A,Rurópolis,3.31306361103069,12.98,FALSE,TRUE,TRUE,FALSE,
CUPE,2021,2021-07-26,sensibilidade,260720804A,Rurópolis,3.31306361103069,11.03,FALSE,FALSE,TRUE,FALSE,
CUPE,2021,2021-07-27,sensibilidade,260720804A,Rurópolis,3.31306361103069,4.34,TRUE,TRUE,TRUE,FALSE,4.34
CUPE,2021,2021-07-28,sensibilidade,260720804A,Rurópolis,3.31306361103069,0,TRUE,TRUE,TRUE,FALSE,0
CUPE,2021,2021-07-29,sensibilidade,260720804A,Rurópolis,3.31306361103069,0,TRUE,TRUE,TRUE,FALSE,0
CUPE,2021,2021-07-30,sensibilidade,260720804A,Rurópolis,3.31306361103069,0,TRUE,TRUE,TRUE,FALSE,0
CUPE,2021,2021-07-31,sensibilidade,260720804A,Rurópolis,3.31306361103069,19.3,TRUE,TRUE,TRUE,FALSE,19.3
CUPE,2021,2021-08-01,sensibilidade,260720804A,Rurópolis,3.31306361103069,4.73,TRUE,TRUE,TRUE,FALSE,4.73
CUPE,2021,2021-08-02,sensibilidade,260720804A,Rurópolis,3.31306361103069,13.8,TRUE,TRUE,TRUE,FALSE,13.8
CUPE,2021,2021-08-03,sensibilidade,260720804A,Rurópolis,3.31306361103069,32.08,TRUE,TRUE,TRUE,FALSE,32.08
CUPE,2021,2021-08-04,sensibilidade,260720804A,Rurópolis,3.31306361103069,23.45,TRUE,TRUE,TRUE,FALSE,23.45
CUPE,2021,2021-08-05,sensibilidade,260720804A,Rurópolis,3.31306361103069,18.74,TRUE,TRUE,TRUE,FALSE,18.74
CUPE,2021,2021-08-06,sensibilidade,260720804A,Rurópolis,3.31306361103069,4.55,TRUE,TRUE,TRUE,FALSE,4.55
CUPE,2021,2021-08-07,sensibilidade,260720804A,Rurópolis,3.31306361103069,3.16,TRUE,TRUE,TRUE,FALSE,3.16
CUPE,2021,2021-08-08,sensibilidade,260720804A,Rurópolis,3.31306361103069,3.53,FALSE,TRUE,TRUE,FALSE,
CUPE,2021,2021-08-09,sensibilidade,260720804A,Rurópolis,3.31306361103069,83.18,FALSE,TRUE,TRUE,FALSE,
CUPE,2021,2021-08-10,sensibilidade,260720804A,Rurópolis,3.31306361103069,27.35,TRUE,TRUE,TRUE,FALSE,27.35
CUPE,2021,2021-08-11,sensibilidade,260720804A,Rurópolis,3.31306361103069,35.26,TRUE,TRUE,TRUE,FALSE,35.26
CUPE,2021,2021-08-12,sensibilidade,260720804A,Rurópolis,3.31306361103069,13.79,TRUE,TRUE,TRUE,FALSE,13.79
CUPE,2021,2021-08-13,sensibilidade,260720804A,Rurópolis,3.31306361103069,1.19,TRUE,TRUE,TRUE,FALSE,1.19
CUPE,2021,2021-08-14,sensibilidade,260720804A,Rurópolis,3.31306361103069,7.48,TRUE,TRUE,TRUE,FALSE,7.48
CUPE,2021,2021-08-15,sensibilidade,260720804A,Rurópolis,3.31306361103069,5.33,TRUE,TRUE,TRUE,FALSE,5.33
CUPE,2021,2021-08-16,sensibilidade,260720804A,Rurópolis,3.31306361103069,0.59,TRUE,TRUE,TRUE,FALSE,0.59
CUPE,2021,2021-08-17,sensibilidade,260720804A,Rurópolis,3.31306361103069,11.81,TRUE,TRUE,TRUE,FALSE,11.81
CUPE,2021,2021-08-18,sensibilidade,260720804A,Rurópolis,3.31306361103069,1,TRUE,TRUE,TRUE,FALSE,1
CUPE,2021,2021-08-19,sensibilidade,260720804A,Rurópolis,3.31306361103069,8.27,FALSE,TRUE,TRUE,FALSE,
CUPE,2021,2021-08-20,sensibilidade,260720804A,Rurópolis,3.31306361103069,14.77,TRUE,TRUE,TRUE,FALSE,14.77
CUPE,2021,2021-08-21,sensibilidade,260720804A,Rurópolis,3.31306361103069,1.77,TRUE,TRUE,TRUE,FALSE,1.77
CUPE,2021,2021-08-22,sensibilidade,260720804A,Rurópolis,3.31306361103069,10.07,TRUE,TRUE,TRUE,FALSE,10.07
CUPE,2021,2021-08-23,sensibilidade,260720804A,Rurópolis,3.31306361103069,34.67,TRUE,TRUE,TRUE,FALSE,34.67
CUPE,2021,2021-08-24,sensibilidade,260720804A,Rurópolis,3.31306361103069,11.61,FALSE,TRUE,TRUE,FALSE,
CUPE,2021,2021-08-25,sensibilidade,260720804A,Rurópolis,3.31306361103069,2.95,TRUE,TRUE,TRUE,FALSE,2.95
CUPE,2021,2021-08-26,sensibilidade,260720804A,Rurópolis,3.31306361103069,0.2,FALSE,TRUE,TRUE,FALSE,
CUPE,2021,2021-08-27,sensibilidade,260720804A,Rurópolis,3.31306361103069,0.4,TRUE,TRUE,TRUE,FALSE,0.4
CUPE,2021,2021-08-28,sensibilidade,260720804A,Rurópolis,3.31306361103069,2.94,TRUE,TRUE,TRUE,FALSE,2.94
CUPE,2021,2021-08-29,sensibilidade,260720804A,Rurópolis,3.31306361103069,12.03,TRUE,TRUE,TRUE,FALSE,12.03
CUPE,2021,2021-08-30,sensibilidade,260720804A,Rurópolis,3.31306361103069,0,TRUE,TRUE,TRUE,FALSE,0
CUPE,2021,2021-08-31,sensibilidade,260720804A,Rurópolis,3.31306361103069,0.98,TRUE,TRUE,TRUE,FALSE,0.98
CUPE,2021,2021-09-01,sensibilidade,260720804A,Rurópolis,3.31306361103069,1,TRUE,TRUE,TRUE,FALSE,1
CUPE,2021,2021-09-02,sensibilidade,260720804A,Rurópolis,3.31306361103069,2.56,TRUE,TRUE,TRUE,FALSE,2.56
CUPE,2021,2021-09-03,sensibilidade,260720804A,Rurópolis,3.31306361103069,0,TRUE,TRUE,TRUE,FALSE,0
CUPE,2021,2021-09-04,sensibilidade,260720804A,Rurópolis,3.31306361103069,2.36,TRUE,TRUE,TRUE,FALSE,2.36
CUPE,2021,2021-09-05,sensibilidade,260720804A,Rurópolis,3.31306361103069,3.35,TRUE,TRUE,TRUE,FALSE,3.35
CUPE,2021,2021-09-06,sensibilidade,260720804A,Rurópolis,3.31306361103069,0,TRUE,TRUE,TRUE,FALSE,0
CUPE,2021,2021-09-07,sensibilidade,260720804A,Rurópolis,3.31306361103069,0,TRUE,TRUE,TRUE,FALSE,0
CUPE,2021,2021-09-08,sensibilidade,260720804A,Rurópolis,3.31306361103069,0.4,TRUE,TRUE,TRUE,FALSE,0.4
CUPE,2021,2021-09-09,sensibilidade,260720804A,Rurópolis,3.31306361103069,0.59,TRUE,TRUE,TRUE,FALSE,0.59
CUPE,2021,2021-09-10,sensibilidade,260720804A,Rurópolis,3.31306361103069,0,TRUE,TRUE,TRUE,FALSE,0
CUPE,2021,2021-09-11,sensibilidade,260720804A,Rurópolis,3.31306361103069,0,TRUE,TRUE,TRUE,FALSE,0
CUPE,2021,2021-09-12,sensibilidade,260720804A,Rurópolis,3.31306361103069,0,TRUE,TRUE,TRUE,FALSE,0
CUPE,2021,2021-09-13,sensibilidade,260720804A,Rurópolis,3.31306361103069,0,TRUE,TRUE,TRUE,FALSE,0
CUPE,2021,2021-09-14,sensibilidade,260720804A,Rurópolis,3.31306361103069,7.92,TRUE,TRUE,TRUE,FALSE,7.92
CUPE,2021,2021-09-15,sensibilidade,260720804A,Rurópolis,3.31306361103069,0.4,TRUE,TRUE,TRUE,FALSE,0.4
CUPE,2021,2021-09-16,sensibilidade,260720804A,Rurópolis,3.31306361103069,0,TRUE,TRUE,TRUE,FALSE,0
CUPE,2021,2021-09-17,sensibilidade,260720804A,Rurópolis,3.31306361103069,0.79,TRUE,TRUE,TRUE,FALSE,0.79
CUPE,2021,2021-09-18,sensibilidade,260720804A,Rurópolis,3.31306361103069,0,TRUE,TRUE,TRUE,FALSE,0
CUPE,2021,2021-09-19,sensibilidade,260720804A,Rurópolis,3.31306361103069,0,TRUE,TRUE,TRUE,FALSE,0
CUPE,2021,2021-09-20,sensibilidade,260720804A,Rurópolis,3.31306361103069,0,TRUE,TRUE,TRUE,FALSE,0
CUPE,2021,2021-09-21,sensibilidade,260720804A,Rurópolis,3.31306361103069,0,FALSE,FALSE,FALSE,FALSE,
CUPE,2021,2021-09-22,sensibilidade,260720804A,Rurópolis,3.31306361103069,0,TRUE,TRUE,TRUE,FALSE,0
CUPE,2021,2021-09-23,sensibilidade,260720804A,Rurópolis,3.31306361103069,0.98,TRUE,TRUE,TRUE,FALSE,0.98
CUPE,2021,2021-09-24,sensibilidade,260720804A,Rurópolis,3.31306361103069,1.77,TRUE,TRUE,TRUE,FALSE,1.77
CUPE,2021,2021-09-25,sensibilidade,260720804A,Rurópolis,3.31306361103069,6.5,TRUE,TRUE,TRUE,FALSE,6.5
CUPE,2021,2021-09-26,sensibilidade,260720804A,Rurópolis,3.31306361103069,0,TRUE,TRUE,TRUE,FALSE,0
CUPE,2021,2021-09-27,sensibilidade,260720804A,Rurópolis,3.31306361103069,0,TRUE,TRUE,TRUE,FALSE,0
CUPE,2021,2021-09-28,sensibilidade,260720804A,Rurópolis,3.31306361103069,0.4,TRUE,TRUE,TRUE,FALSE,0.4
CUPE,2021,2021-09-29,sensibilidade,260720804A,Rurópolis,3.31306361103069,17.13,TRUE,TRUE,TRUE,FALSE,17.13
CUPE,2021,2021-09-30,sensibilidade,260720804A,Rurópolis,3.31306361103069,1.99,FALSE,FALSE,TRUE,FALSE,
CUPE,2021,2021-10-01,sensibilidade,260720804A,Rurópolis,3.31306361103069,5.52,TRUE,TRUE,TRUE,FALSE,5.52
CUPE,2021,2021-10-02,sensibilidade,260720804A,Rurópolis,3.31306361103069,9.85,TRUE,TRUE,TRUE,FALSE,9.85
CUPE,2021,2021-10-03,sensibilidade,260720804A,Rurópolis,3.31306361103069,0.2,TRUE,TRUE,TRUE,FALSE,0.2
CUPE,2021,2021-10-04,sensibilidade,260720804A,Rurópolis,3.31306361103069,0,TRUE,TRUE,TRUE,FALSE,0
CUPE,2021,2021-10-05,sensibilidade,260720804A,Rurópolis,3.31306361103069,2.76,FALSE,FALSE,FALSE,FALSE,
CUPE,2021,2021-10-06,sensibilidade,260720804A,Rurópolis,3.31306361103069,0,FALSE,FALSE,FALSE,FALSE,
CUPE,2021,2021-10-07,sensibilidade,260720804A,Rurópolis,3.31306361103069,0.99,FALSE,FALSE,FALSE,FALSE,
CUPE,2021,2021-10-08,sensibilidade,260720804A,Rurópolis,3.31306361103069,0,FALSE,FALSE,FALSE,FALSE,
CUPE,2021,2021-10-09,sensibilidade,260720804A,Rurópolis,3.31306361103069,0,TRUE,TRUE,TRUE,FALSE,0
CUPE,2021,2021-10-10,sensibilidade,260720804A,Rurópolis,3.31306361103069,0,FALSE,FALSE,FALSE,FALSE,
CUPE,2021,2021-10-11,sensibilidade,260720804A,Rurópolis,3.31306361103069,0,TRUE,TRUE,TRUE,FALSE,0
CUPE,2021,2021-10-12,sensibilidade,260720804A,Rurópolis,3.31306361103069,0,TRUE,TRUE,TRUE,FALSE,0
CUPE,2021,2021-10-13,sensibilidade,260720804A,Rurópolis,3.31306361103069,0,FALSE,FALSE,FALSE,FALSE,
CUPE,2021,2021-10-14,sensibilidade,260720804A,Rurópolis,3.31306361103069,0.99,FALSE,FALSE,FALSE,FALSE,
CUPE,2021,2021-10-15,sensibilidade,260720804A,Rurópolis,3.31306361103069,0,FALSE,FALSE,FALSE,FALSE,
CUPE,2021,2021-10-16,sensibilidade,260720804A,Rurópolis,3.31306361103069,2.57,FALSE,FALSE,FALSE,FALSE,
CUPE,2021,2021-10-17,sensibilidade,260720804A,Rurópolis,3.31306361103069,0.2,FALSE,FALSE,FALSE,FALSE,
CUPE,2021,2021-10-18,sensibilidade,260720804A,Rurópolis,3.31306361103069,0,FALSE,FALSE,FALSE,FALSE,
CUPE,2021,2021-10-19,sensibilidade,260720804A,Rurópolis,3.31306361103069,0,FALSE,FALSE,FALSE,FALSE,
CUPE,2021,2021-10-20,sensibilidade,260720804A,Rurópolis,3.31306361103069,0,FALSE,FALSE,FALSE,FALSE,
CUPE,2021,2021-10-21,sensibilidade,260720804A,Rurópolis,3.31306361103069,0.2,FALSE,FALSE,FALSE,FALSE,
CUPE,2021,2021-10-22,sensibilidade,260720804A,Rurópolis,3.31306361103069,3.95,FALSE,FALSE,FALSE,FALSE,
CUPE,2021,2021-10-23,sensibilidade,260720804A,Rurópolis,3.31306361103069,0,FALSE,FALSE,FALSE,FALSE,
CUPE,2021,2021-10-24,sensibilidade,260720804A,Rurópolis,3.31306361103069,0,FALSE,FALSE,FALSE,FALSE,
CUPE,2021,2021-10-25,sensibilidade,260720804A,Rurópolis,3.31306361103069,0,FALSE,FALSE,FALSE,FALSE,
CUPE,2021,2021-10-26,sensibilidade,260720804A,Rurópolis,3.31306361103069,0.99,TRUE,TRUE,TRUE,FALSE,0.99
CUPE,2021,2021-10-27,sensibilidade,260720804A,Rurópolis,3.31306361103069,0.2,TRUE,TRUE,TRUE,FALSE,0.2
CUPE,2021,2021-10-28,sensibilidade,260720804A,Rurópolis,3.31306361103069,0,FALSE,FALSE,FALSE,FALSE,
CUPE,2021,2021-10-29,sensibilidade,260720804A,Rurópolis,3.31306361103069,0,FALSE,FALSE,FALSE,FALSE,
CUPE,2021,2021-10-30,sensibilidade,260720804A,Rurópolis,3.31306361103069,0,FALSE,FALSE,FALSE,FALSE,
CUPE,2021,2021-10-31,sensibilidade,260720804A,Rurópolis,3.31306361103069,1.59,FALSE,FALSE,FALSE,FALSE,
CUPE,2021,2021-11-01,sensibilidade,260720804A,Rurópolis,3.31306361103069,0,FALSE,FALSE,FALSE,FALSE,
CUPE,2021,2021-11-02,sensibilidade,260720804A,Rurópolis,3.31306361103069,0,TRUE,TRUE,TRUE,FALSE,0
CUPE,2021,2021-11-03,sensibilidade,260720804A,Rurópolis,3.31306361103069,0,FALSE,FALSE,FALSE,FALSE,
CUPE,2021,2021-11-04,sensibilidade,260720804A,Rurópolis,3.31306361103069,0,FALSE,FALSE,FALSE,FALSE,
CUPE,2021,2021-11-05,sensibilidade,260720804A,Rurópolis,3.31306361103069,0,TRUE,TRUE,TRUE,FALSE,0
CUPE,2021,2021-11-06,sensibilidade,260720804A,Rurópolis,3.31306361103069,0,TRUE,TRUE,TRUE,FALSE,0
CUPE,2021,2021-11-07,sensibilidade,260720804A,Rurópolis,3.31306361103069,0,FALSE,FALSE,FALSE,FALSE,
CUPE,2021,2021-11-08,sensibilidade,260720804A,Rurópolis,3.31306361103069,0,TRUE,TRUE,TRUE,FALSE,0
CUPE,2021,2021-11-09,sensibilidade,260720804A,Rurópolis,3.31306361103069,3.78,TRUE,TRUE,TRUE,FALSE,3.78
CUPE,2021,2021-11-10,sensibilidade,260720804A,Rurópolis,3.31306361103069,1.18,TRUE,TRUE,TRUE,FALSE,1.18
CUPE,2021,2021-11-11,sensibilidade,260720804A,Rurópolis,3.31306361103069,0.59,TRUE,TRUE,TRUE,FALSE,0.59
CUPE,2021,2021-11-12,sensibilidade,260720804A,Rurópolis,3.31306361103069,0.2,TRUE,TRUE,TRUE,FALSE,0.2
CUPE,2021,2021-11-13,sensibilidade,260720804A,Rurópolis,3.31306361103069,0,TRUE,TRUE,TRUE,FALSE,0
CUPE,2021,2021-11-14,sensibilidade,260720804A,Rurópolis,3.31306361103069,0,TRUE,TRUE,TRUE,FALSE,0
CUPE,2021,2021-11-15,sensibilidade,260720804A,Rurópolis,3.31306361103069,0,TRUE,TRUE,TRUE,FALSE,0
CUPE,2021,2021-11-16,sensibilidade,260720804A,Rurópolis,3.31306361103069,0,TRUE,TRUE,TRUE,FALSE,0
CUPE,2021,2021-11-17,sensibilidade,260720804A,Rurópolis,3.31306361103069,0,TRUE,TRUE,TRUE,FALSE,0
CUPE,2021,2021-11-18,sensibilidade,260720804A,Rurópolis,3.31306361103069,0,TRUE,TRUE,TRUE,FALSE,0
CUPE,2021,2021-11-19,sensibilidade,260720804A,Rurópolis,3.31306361103069,0,TRUE,TRUE,TRUE,FALSE,0
CUPE,2021,2021-11-20,sensibilidade,260720804A,Rurópolis,3.31306361103069,0,TRUE,TRUE,TRUE,FALSE,0
CUPE,2021,2021-11-21,sensibilidade,260720804A,Rurópolis,3.31306361103069,0,TRUE,TRUE,TRUE,FALSE,0
CUPE,2021,2021-11-22,sensibilidade,260720804A,Rurópolis,3.31306361103069,0,TRUE,TRUE,TRUE,FALSE,0
CUPE,2021,2021-11-23,sensibilidade,260720804A,Rurópolis,3.31306361103069,0,TRUE,TRUE,TRUE,FALSE,0
CUPE,2021,2021-11-24,sensibilidade,260720804A,Rurópolis,3.31306361103069,0,FALSE,FALSE,FALSE,FALSE,
CUPE,2021,2021-11-25,sensibilidade,260720804A,Rurópolis,3.31306361103069,0,TRUE,TRUE,TRUE,FALSE,0
CUPE,2021,2021-11-26,sensibilidade,260720804A,Rurópolis,3.31306361103069,2.17,TRUE,TRUE,TRUE,FALSE,2.17
CUPE,2021,2021-11-27,sensibilidade,260720804A,Rurópolis,3.31306361103069,0,TRUE,TRUE,TRUE,FALSE,0
CUPE,2021,2021-11-28,sensibilidade,260720804A,Rurópolis,3.31306361103069,0,TRUE,TRUE,TRUE,FALSE,0
CUPE,2021,2021-11-29,sensibilidade,260720804A,Rurópolis,3.31306361103069,0,TRUE,TRUE,TRUE,FALSE,0
CUPE,2021,2021-11-30,sensibilidade,260720804A,Rurópolis,3.31306361103069,0,TRUE,TRUE,TRUE,FALSE,0
CUPE,2021,2021-12-01,sensibilidade,260720804A,Rurópolis,3.31306361103069,0,FALSE,FALSE,FALSE,FALSE,
CUPE,2021,2021-12-02,sensibilidade,260720804A,Rurópolis,3.31306361103069,0,TRUE,TRUE,TRUE,FALSE,0
CUPE,2021,2021-12-03,sensibilidade,260720804A,Rurópolis,3.31306361103069,0,TRUE,TRUE,TRUE,FALSE,0
CUPE,2021,2021-12-04,sensibilidade,260720804A,Rurópolis,3.31306361103069,1.98,TRUE,TRUE,TRUE,FALSE,1.98
CUPE,2021,2021-12-05,sensibilidade,260720804A,Rurópolis,3.31306361103069,0,TRUE,TRUE,TRUE,FALSE,0
CUPE,2021,2021-12-06,sensibilidade,260720804A,Rurópolis,3.31306361103069,0,TRUE,TRUE,TRUE,FALSE,0
CUPE,2021,2021-12-07,sensibilidade,260720804A,Rurópolis,3.31306361103069,0,TRUE,TRUE,TRUE,FALSE,0
CUPE,2021,2021-12-08,sensibilidade,260720804A,Rurópolis,3.31306361103069,0,TRUE,TRUE,TRUE,FALSE,0
CUPE,2021,2021-12-09,sensibilidade,260720804A,Rurópolis,3.31306361103069,0,TRUE,TRUE,TRUE,FALSE,0
CUPE,2021,2021-12-10,sensibilidade,260720804A,Rurópolis,3.31306361103069,0,TRUE,TRUE,TRUE,FALSE,0
CUPE,2021,2021-12-11,sensibilidade,260720804A,Rurópolis,3.31306361103069,0,TRUE,TRUE,TRUE,FALSE,0
CUPE,2021,2021-12-12,sensibilidade,260720804A,Rurópolis,3.31306361103069,0,FALSE,FALSE,FALSE,FALSE,
CUPE,2021,2021-12-13,sensibilidade,260720804A,Rurópolis,3.31306361103069,0,TRUE,TRUE,TRUE,FALSE,0
CUPE,2021,2021-12-14,sensibilidade,260720804A,Rurópolis,3.31306361103069,0,TRUE,TRUE,TRUE,FALSE,0
CUPE,2021,2021-12-15,sensibilidade,260720804A,Rurópolis,3.31306361103069,0,TRUE,TRUE,TRUE,FALSE,0
CUPE,2021,2021-12-16,sensibilidade,260720804A,Rurópolis,3.31306361103069,0,TRUE,TRUE,TRUE,FALSE,0
CUPE,2021,2021-12-17,sensibilidade,260720804A,Rurópolis,3.31306361103069,0,TRUE,TRUE,TRUE,FALSE,0
CUPE,2021,2021-12-18,sensibilidade,260720804A,Rurópolis,3.31306361103069,0,TRUE,TRUE,TRUE,FALSE,0
CUPE,2021,2021-12-19,sensibilidade,260720804A,Rurópolis,3.31306361103069,0,TRUE,TRUE,TRUE,FALSE,0
CUPE,2021,2021-12-20,sensibilidade,260720804A,Rurópolis,3.31306361103069,0,TRUE,TRUE,TRUE,FALSE,0
CUPE,2021,2021-12-21,sensibilidade,260720804A,Rurópolis,3.31306361103069,0,TRUE,TRUE,TRUE,FALSE,0
CUPE,2021,2021-12-22,sensibilidade,260720804A,Rurópolis,3.31306361103069,0,TRUE,TRUE,TRUE,FALSE,0
CUPE,2021,2021-12-23,sensibilidade,260720804A,Rurópolis,3.31306361103069,0,TRUE,TRUE,TRUE,FALSE,0
CUPE,2021,2021-12-24,sensibilidade,260720804A,Rurópolis,3.31306361103069,0,TRUE,TRUE,TRUE,FALSE,0
CUPE,2021,2021-12-25,sensibilidade,260720804A,Rurópolis,3.31306361103069,0,TRUE,TRUE,TRUE,FALSE,0
CUPE,2021,2021-12-26,sensibilidade,260720804A,Rurópolis,3.31306361103069,0,TRUE,TRUE,TRUE,FALSE,0
CUPE,2021,2021-12-27,sensibilidade,260720804A,Rurópolis,3.31306361103069,0,TRUE,TRUE,TRUE,FALSE,0
CUPE,2021,2021-12-28,sensibilidade,260720804A,Rurópolis,3.31306361103069,0,TRUE,TRUE,TRUE,FALSE,0
CUPE,2021,2021-12-29,sensibilidade,260720804A,Rurópolis,3.31306361103069,0,TRUE,TRUE,TRUE,FALSE,0
CUPE,2021,2021-12-30,sensibilidade,260720804A,Rurópolis,3.31306361103069,0,TRUE,TRUE,TRUE,FALSE,0
CUPE,2021,2021-12-31,sensibilidade,260720804A,Rurópolis,3.31306361103069,0,TRUE,TRUE,TRUE,FALSE,0
Gaibu,2019,2019-01-01,principal,260290204A,Enseado dos Corais,0.116707872718135,0,TRUE,TRUE,TRUE,FALSE,0
Gaibu,2019,2019-01-02,principal,260290204A,Enseado dos Corais,0.116707872718135,0,FALSE,FALSE,FALSE,FALSE,
Gaibu,2019,2019-01-03,principal,260290204A,Enseado dos Corais,0.116707872718135,0,TRUE,TRUE,TRUE,FALSE,0
Gaibu,2019,2019-01-04,principal,260290204A,Enseado dos Corais,0.116707872718135,0,TRUE,TRUE,TRUE,FALSE,0
Gaibu,2019,2019-01-05,principal,260290204A,Enseado dos Corais,0.116707872718135,0,TRUE,TRUE,TRUE,FALSE,0
Gaibu,2019,2019-01-06,principal,260290204A,Enseado dos Corais,0.116707872718135,1.58,TRUE,TRUE,TRUE,FALSE,1.58
Gaibu,2019,2019-01-07,principal,260290204A,Enseado dos Corais,0.116707872718135,21.66,TRUE,TRUE,TRUE,FALSE,21.66
Gaibu,2019,2019-01-08,principal,260290204A,Enseado dos Corais,0.116707872718135,0.99,TRUE,TRUE,TRUE,FALSE,0.99
Gaibu,2019,2019-01-09,principal,260290204A,Enseado dos Corais,0.116707872718135,0.99,TRUE,TRUE,TRUE,FALSE,0.99
Gaibu,2019,2019-01-10,principal,260290204A,Enseado dos Corais,0.116707872718135,0.2,TRUE,TRUE,TRUE,FALSE,0.2
Gaibu,2019,2019-01-11,principal,260290204A,Enseado dos Corais,0.116707872718135,0.4,FALSE,TRUE,TRUE,FALSE,
Gaibu,2019,2019-01-12,principal,260290204A,Enseado dos Corais,0.116707872718135,22.04,TRUE,TRUE,TRUE,FALSE,22.04
Gaibu,2019,2019-01-13,principal,260290204A,Enseado dos Corais,0.116707872718135,0.59,TRUE,TRUE,TRUE,FALSE,0.59
Gaibu,2019,2019-01-14,principal,260290204A,Enseado dos Corais,0.116707872718135,0,TRUE,TRUE,TRUE,FALSE,0
Gaibu,2019,2019-01-15,principal,260290204A,Enseado dos Corais,0.116707872718135,0.98,TRUE,TRUE,TRUE,FALSE,0.98
Gaibu,2019,2019-01-16,principal,260290204A,Enseado dos Corais,0.116707872718135,0,FALSE,FALSE,FALSE,FALSE,
Gaibu,2019,2019-01-17,principal,260290204A,Enseado dos Corais,0.116707872718135,1.58,FALSE,FALSE,FALSE,FALSE,
Gaibu,2019,2019-01-18,principal,260290204A,Enseado dos Corais,0.116707872718135,0,TRUE,TRUE,TRUE,FALSE,0
Gaibu,2019,2019-01-19,principal,260290204A,Enseado dos Corais,0.116707872718135,0,TRUE,TRUE,TRUE,FALSE,0
Gaibu,2019,2019-01-20,principal,260290204A,Enseado dos Corais,0.116707872718135,0,TRUE,TRUE,TRUE,FALSE,0
Gaibu,2019,2019-01-21,principal,260290204A,Enseado dos Corais,0.116707872718135,0,TRUE,TRUE,TRUE,FALSE,0
Gaibu,2019,2019-01-22,principal,260290204A,Enseado dos Corais,0.116707872718135,11.01,TRUE,TRUE,TRUE,FALSE,11.01
Gaibu,2019,2019-01-23,principal,260290204A,Enseado dos Corais,0.116707872718135,0,TRUE,TRUE,TRUE,FALSE,0
Gaibu,2019,2019-01-24,principal,260290204A,Enseado dos Corais,0.116707872718135,0,TRUE,TRUE,TRUE,FALSE,0
Gaibu,2019,2019-01-25,principal,260290204A,Enseado dos Corais,0.116707872718135,0,TRUE,TRUE,TRUE,FALSE,0
Gaibu,2019,2019-01-26,principal,260290204A,Enseado dos Corais,0.116707872718135,0,TRUE,TRUE,TRUE,FALSE,0
Gaibu,2019,2019-01-27,principal,260290204A,Enseado dos Corais,0.116707872718135,0,TRUE,TRUE,TRUE,FALSE,0
Gaibu,2019,2019-01-28,principal,260290204A,Enseado dos Corais,0.116707872718135,32.7,TRUE,TRUE,TRUE,FALSE,32.7
Gaibu,2019,2019-01-29,principal,260290204A,Enseado dos Corais,0.116707872718135,0.2,TRUE,TRUE,TRUE,FALSE,0.2
Gaibu,2019,2019-01-30,principal,260290204A,Enseado dos Corais,0.116707872718135,1.58,TRUE,TRUE,TRUE,FALSE,1.58
Gaibu,2019,2019-01-31,principal,260290204A,Enseado dos Corais,0.116707872718135,0,TRUE,TRUE,TRUE,FALSE,0
Gaibu,2019,2019-02-01,principal,260290204A,Enseado dos Corais,0.116707872718135,2.56,TRUE,TRUE,TRUE,FALSE,2.56
Gaibu,2019,2019-02-02,principal,260290204A,Enseado dos Corais,0.116707872718135,0,TRUE,TRUE,TRUE,FALSE,0
Gaibu,2019,2019-02-03,principal,260290204A,Enseado dos Corais,0.116707872718135,22.65,TRUE,TRUE,TRUE,FALSE,22.65
Gaibu,2019,2019-02-04,principal,260290204A,Enseado dos Corais,0.116707872718135,16.15,TRUE,TRUE,TRUE,FALSE,16.15
Gaibu,2019,2019-02-05,principal,260290204A,Enseado dos Corais,0.116707872718135,13.02,FALSE,TRUE,TRUE,FALSE,
Gaibu,2019,2019-02-06,principal,260290204A,Enseado dos Corais,0.116707872718135,37.18,FALSE,TRUE,TRUE,FALSE,
Gaibu,2019,2019-02-07,principal,260290204A,Enseado dos Corais,0.116707872718135,0,FALSE,FALSE,FALSE,FALSE,
Gaibu,2019,2019-02-08,principal,260290204A,Enseado dos Corais,0.116707872718135,0,FALSE,FALSE,FALSE,FALSE,
Gaibu,2019,2019-02-09,principal,260290204A,Enseado dos Corais,0.116707872718135,0,TRUE,TRUE,TRUE,FALSE,0
Gaibu,2019,2019-02-10,principal,260290204A,Enseado dos Corais,0.116707872718135,0,TRUE,TRUE,TRUE,FALSE,0
Gaibu,2019,2019-02-11,principal,260290204A,Enseado dos Corais,0.116707872718135,0,TRUE,TRUE,TRUE,FALSE,0
Gaibu,2019,2019-02-12,principal,260290204A,Enseado dos Corais,0.116707872718135,0.79,TRUE,TRUE,TRUE,FALSE,0.79
Gaibu,2019,2019-02-13,principal,260290204A,Enseado dos Corais,0.116707872718135,7.92,TRUE,TRUE,TRUE,FALSE,7.92
Gaibu,2019,2019-02-14,principal,260290204A,Enseado dos Corais,0.116707872718135,0,TRUE,TRUE,TRUE,FALSE,0
Gaibu,2019,2019-02-15,principal,260290204A,Enseado dos Corais,0.116707872718135,1.97,TRUE,TRUE,TRUE,FALSE,1.97
Gaibu,2019,2019-02-16,principal,260290204A,Enseado dos Corais,0.116707872718135,0,FALSE,FALSE,FALSE,FALSE,
Gaibu,2019,2019-02-17,principal,260290204A,Enseado dos Corais,0.116707872718135,7.47,TRUE,TRUE,TRUE,FALSE,7.47
Gaibu,2019,2019-02-18,principal,260290204A,Enseado dos Corais,0.116707872718135,0.6,FALSE,FALSE,FALSE,FALSE,
Gaibu,2019,2019-02-19,principal,260290204A,Enseado dos Corais,0.116707872718135,0.2,TRUE,TRUE,TRUE,FALSE,0.2
Gaibu,2019,2019-02-20,principal,260290204A,Enseado dos Corais,0.116707872718135,0.4,TRUE,TRUE,TRUE,FALSE,0.4
Gaibu,2019,2019-02-21,principal,260290204A,Enseado dos Corais,0.116707872718135,0,TRUE,TRUE,TRUE,FALSE,0
Gaibu,2019,2019-02-22,principal,260290204A,Enseado dos Corais,0.116707872718135,0,TRUE,TRUE,TRUE,FALSE,0
Gaibu,2019,2019-02-23,principal,260290204A,Enseado dos Corais,0.116707872718135,0,FALSE,FALSE,FALSE,FALSE,
Gaibu,2019,2019-02-24,principal,260290204A,Enseado dos Corais,0.116707872718135,0,FALSE,FALSE,FALSE,FALSE,
Gaibu,2019,2019-02-25,principal,260290204A,Enseado dos Corais,0.116707872718135,0,TRUE,TRUE,TRUE,FALSE,0
Gaibu,2019,2019-02-26,principal,260290204A,Enseado dos Corais,0.116707872718135,0,TRUE,TRUE,TRUE,FALSE,0
Gaibu,2019,2019-02-27,principal,260290204A,Enseado dos Corais,0.116707872718135,0,TRUE,TRUE,TRUE,FALSE,0
Gaibu,2019,2019-02-28,principal,260290204A,Enseado dos Corais,0.116707872718135,0,TRUE,TRUE,TRUE,FALSE,0
Gaibu,2019,2019-03-01,principal,260290204A,Enseado dos Corais,0.116707872718135,7.88,TRUE,TRUE,TRUE,FALSE,7.88
Gaibu,2019,2019-03-02,principal,260290204A,Enseado dos Corais,0.116707872718135,5.77,TRUE,TRUE,TRUE,FALSE,5.77
Gaibu,2019,2019-03-03,principal,260290204A,Enseado dos Corais,0.116707872718135,17.96,TRUE,TRUE,TRUE,FALSE,17.96
Gaibu,2019,2019-03-04,principal,260290204A,Enseado dos Corais,0.116707872718135,0.4,TRUE,TRUE,TRUE,FALSE,0.4
Gaibu,2019,2019-03-05,principal,260290204A,Enseado dos Corais,0.116707872718135,7.93,TRUE,TRUE,TRUE,FALSE,7.93
Gaibu,2019,2019-03-06,principal,260290204A,Enseado dos Corais,0.116707872718135,1.38,FALSE,TRUE,TRUE,FALSE,
Gaibu,2019,2019-03-07,principal,260290204A,Enseado dos Corais,0.116707872718135,0,TRUE,TRUE,TRUE,FALSE,0
Gaibu,2019,2019-03-08,principal,260290204A,Enseado dos Corais,0.116707872718135,6.5,TRUE,TRUE,TRUE,FALSE,6.5
Gaibu,2019,2019-03-09,principal,260290204A,Enseado dos Corais,0.116707872718135,0,TRUE,TRUE,TRUE,FALSE,0
Gaibu,2019,2019-03-10,principal,260290204A,Enseado dos Corais,0.116707872718135,0,TRUE,TRUE,TRUE,FALSE,0
Gaibu,2019,2019-03-11,principal,260290204A,Enseado dos Corais,0.116707872718135,0,TRUE,TRUE,TRUE,FALSE,0
Gaibu,2019,2019-03-12,principal,260290204A,Enseado dos Corais,0.116707872718135,0.2,TRUE,TRUE,TRUE,FALSE,0.2
Gaibu,2019,2019-03-13,principal,260290204A,Enseado dos Corais,0.116707872718135,3.74,TRUE,TRUE,TRUE,FALSE,3.74
Gaibu,2019,2019-03-14,principal,260290204A,Enseado dos Corais,0.116707872718135,0.2,TRUE,TRUE,TRUE,FALSE,0.2
Gaibu,2019,2019-03-15,principal,260290204A,Enseado dos Corais,0.116707872718135,0,TRUE,TRUE,TRUE,FALSE,0
Gaibu,2019,2019-03-16,principal,260290204A,Enseado dos Corais,0.116707872718135,0,TRUE,TRUE,TRUE,FALSE,0
Gaibu,2019,2019-03-17,principal,260290204A,Enseado dos Corais,0.116707872718135,0.98,TRUE,TRUE,TRUE,FALSE,0.98
Gaibu,2019,2019-03-18,principal,260290204A,Enseado dos Corais,0.116707872718135,20.8,TRUE,TRUE,TRUE,FALSE,20.8
Gaibu,2019,2019-03-19,principal,260290204A,Enseado dos Corais,0.116707872718135,0,TRUE,TRUE,TRUE,FALSE,0
Gaibu,2019,2019-03-20,principal,260290204A,Enseado dos Corais,0.116707872718135,0,TRUE,TRUE,TRUE,FALSE,0
Gaibu,2019,2019-03-21,principal,260290204A,Enseado dos Corais,0.116707872718135,0,TRUE,TRUE,TRUE,FALSE,0
Gaibu,2019,2019-03-22,principal,260290204A,Enseado dos Corais,0.116707872718135,0,TRUE,TRUE,TRUE,FALSE,0
Gaibu,2019,2019-03-23,principal,260290204A,Enseado dos Corais,0.116707872718135,0,TRUE,TRUE,TRUE,FALSE,0
Gaibu,2019,2019-03-24,principal,260290204A,Enseado dos Corais,0.116707872718135,0,FALSE,FALSE,FALSE,FALSE,
Gaibu,2019,2019-03-25,principal,260290204A,Enseado dos Corais,0.116707872718135,0,TRUE,TRUE,TRUE,FALSE,0
Gaibu,2019,2019-03-26,principal,260290204A,Enseado dos Corais,0.116707872718135,14.97,TRUE,TRUE,TRUE,FALSE,14.97
Gaibu,2019,2019-03-27,principal,260290204A,Enseado dos Corais,0.116707872718135,15.01,FALSE,TRUE,TRUE,FALSE,
Gaibu,2019,2019-03-28,principal,260290204A,Enseado dos Corais,0.116707872718135,0.39,TRUE,TRUE,TRUE,FALSE,0.39
Gaibu,2019,2019-03-29,principal,260290204A,Enseado dos Corais,0.116707872718135,19.47,TRUE,TRUE,TRUE,FALSE,19.47
Gaibu,2019,2019-03-30,principal,260290204A,Enseado dos Corais,0.116707872718135,30.72,TRUE,TRUE,TRUE,FALSE,30.72
Gaibu,2019,2019-03-31,principal,260290204A,Enseado dos Corais,0.116707872718135,7.88,TRUE,TRUE,TRUE,FALSE,7.88
Gaibu,2019,2019-04-01,principal,260290204A,Enseado dos Corais,0.116707872718135,0,TRUE,TRUE,TRUE,FALSE,0
Gaibu,2019,2019-04-02,principal,260290204A,Enseado dos Corais,0.116707872718135,0,TRUE,TRUE,TRUE,FALSE,0
Gaibu,2019,2019-04-03,principal,260290204A,Enseado dos Corais,0.116707872718135,17.39,TRUE,TRUE,TRUE,FALSE,17.39
Gaibu,2019,2019-04-04,principal,260290204A,Enseado dos Corais,0.116707872718135,0.2,TRUE,TRUE,TRUE,FALSE,0.2
Gaibu,2019,2019-04-05,principal,260290204A,Enseado dos Corais,0.116707872718135,10.44,TRUE,TRUE,TRUE,FALSE,10.44
Gaibu,2019,2019-04-06,principal,260290204A,Enseado dos Corais,0.116707872718135,0,TRUE,TRUE,TRUE,FALSE,0
Gaibu,2019,2019-04-07,principal,260290204A,Enseado dos Corais,0.116707872718135,8.67,TRUE,TRUE,TRUE,FALSE,8.67
Gaibu,2019,2019-04-08,principal,260290204A,Enseado dos Corais,0.116707872718135,1.58,TRUE,TRUE,TRUE,FALSE,1.58
Gaibu,2019,2019-04-09,principal,260290204A,Enseado dos Corais,0.116707872718135,0,TRUE,TRUE,TRUE,FALSE,0
Gaibu,2019,2019-04-10,principal,260290204A,Enseado dos Corais,0.116707872718135,0,TRUE,TRUE,TRUE,FALSE,0
Gaibu,2019,2019-04-11,principal,260290204A,Enseado dos Corais,0.116707872718135,0,TRUE,TRUE,TRUE,FALSE,0
Gaibu,2019,2019-04-12,principal,260290204A,Enseado dos Corais,0.116707872718135,37.08,TRUE,TRUE,TRUE,FALSE,37.08
Gaibu,2019,2019-04-13,principal,260290204A,Enseado dos Corais,0.116707872718135,2.18,FALSE,TRUE,TRUE,FALSE,
Gaibu,2019,2019-04-14,principal,260290204A,Enseado dos Corais,0.116707872718135,0,TRUE,TRUE,TRUE,FALSE,0
Gaibu,2019,2019-04-15,principal,260290204A,Enseado dos Corais,0.116707872718135,0,TRUE,TRUE,TRUE,FALSE,0
Gaibu,2019,2019-04-16,principal,260290204A,Enseado dos Corais,0.116707872718135,0,TRUE,TRUE,TRUE,FALSE,0
Gaibu,2019,2019-04-17,principal,260290204A,Enseado dos Corais,0.116707872718135,3.75,TRUE,TRUE,TRUE,FALSE,3.75
Gaibu,2019,2019-04-18,principal,260290204A,Enseado dos Corais,0.116707872718135,0,TRUE,TRUE,TRUE,FALSE,0
Gaibu,2019,2019-04-19,principal,260290204A,Enseado dos Corais,0.116707872718135,0,TRUE,TRUE,TRUE,FALSE,0
Gaibu,2019,2019-04-20,principal,260290204A,Enseado dos Corais,0.116707872718135,47.96,TRUE,TRUE,TRUE,FALSE,47.96
Gaibu,2019,2019-04-21,principal,260290204A,Enseado dos Corais,0.116707872718135,1.58,TRUE,TRUE,TRUE,FALSE,1.58
Gaibu,2019,2019-04-22,principal,260290204A,Enseado dos Corais,0.116707872718135,0,TRUE,TRUE,TRUE,FALSE,0
Gaibu,2019,2019-04-23,principal,260290204A,Enseado dos Corais,0.116707872718135,12.84,TRUE,TRUE,TRUE,FALSE,12.84
Gaibu,2019,2019-04-24,principal,260290204A,Enseado dos Corais,0.116707872718135,9.87,TRUE,TRUE,TRUE,FALSE,9.87
Gaibu,2019,2019-04-25,principal,260290204A,Enseado dos Corais,0.116707872718135,9.86,TRUE,TRUE,TRUE,FALSE,9.86
Gaibu,2019,2019-04-26,principal,260290204A,Enseado dos Corais,0.116707872718135,0,TRUE,TRUE,TRUE,FALSE,0
Gaibu,2019,2019-04-27,principal,260290204A,Enseado dos Corais,0.116707872718135,0.2,TRUE,TRUE,TRUE,FALSE,0.2
Gaibu,2019,2019-04-28,principal,260290204A,Enseado dos Corais,0.116707872718135,0,TRUE,TRUE,TRUE,FALSE,0
Gaibu,2019,2019-04-29,principal,260290204A,Enseado dos Corais,0.116707872718135,12.6,TRUE,TRUE,TRUE,FALSE,12.6
Gaibu,2019,2019-04-30,principal,260290204A,Enseado dos Corais,0.116707872718135,22.42,TRUE,TRUE,TRUE,FALSE,22.42
Gaibu,2019,2019-05-01,principal,260290204A,Enseado dos Corais,0.116707872718135,0,TRUE,TRUE,TRUE,FALSE,0
Gaibu,2019,2019-05-02,principal,260290204A,Enseado dos Corais,0.116707872718135,0,TRUE,TRUE,TRUE,FALSE,0
Gaibu,2019,2019-05-03,principal,260290204A,Enseado dos Corais,0.116707872718135,0,TRUE,TRUE,TRUE,FALSE,0
Gaibu,2019,2019-05-04,principal,260290204A,Enseado dos Corais,0.116707872718135,0.2,TRUE,TRUE,TRUE,FALSE,0.2
Gaibu,2019,2019-05-05,principal,260290204A,Enseado dos Corais,0.116707872718135,0,TRUE,TRUE,TRUE,FALSE,0
Gaibu,2019,2019-05-06,principal,260290204A,Enseado dos Corais,0.116707872718135,0,TRUE,TRUE,TRUE,FALSE,0
Gaibu,2019,2019-05-07,principal,260290204A,Enseado dos Corais,0.116707872718135,0,TRUE,TRUE,TRUE,FALSE,0
Gaibu,2019,2019-05-08,principal,260290204A,Enseado dos Corais,0.116707872718135,12.2,TRUE,TRUE,TRUE,FALSE,12.2
Gaibu,2019,2019-05-09,principal,260290204A,Enseado dos Corais,0.116707872718135,5.72,TRUE,TRUE,TRUE,FALSE,5.72
Gaibu,2019,2019-05-10,principal,260290204A,Enseado dos Corais,0.116707872718135,5.91,TRUE,TRUE,TRUE,FALSE,5.91
Gaibu,2019,2019-05-11,principal,260290204A,Enseado dos Corais,0.116707872718135,0,FALSE,FALSE,FALSE,FALSE,
Gaibu,2019,2019-05-12,principal,260290204A,Enseado dos Corais,0.116707872718135,0.59,TRUE,TRUE,TRUE,FALSE,0.59
Gaibu,2019,2019-05-13,principal,260290204A,Enseado dos Corais,0.116707872718135,0,TRUE,TRUE,TRUE,FALSE,0
Gaibu,2019,2019-05-14,principal,260290204A,Enseado dos Corais,0.116707872718135,0,TRUE,TRUE,TRUE,FALSE,0
Gaibu,2019,2019-05-15,principal,260290204A,Enseado dos Corais,0.116707872718135,0,TRUE,TRUE,TRUE,FALSE,0
Gaibu,2019,2019-05-16,principal,260290204A,Enseado dos Corais,0.116707872718135,0,TRUE,TRUE,TRUE,FALSE,0
Gaibu,2019,2019-05-17,principal,260290204A,Enseado dos Corais,0.116707872718135,0,TRUE,TRUE,TRUE,FALSE,0
Gaibu,2019,2019-05-18,principal,260290204A,Enseado dos Corais,0.116707872718135,1.8,FALSE,FALSE,FALSE,FALSE,
Gaibu,2019,2019-05-19,principal,260290204A,Enseado dos Corais,0.116707872718135,11.25,FALSE,FALSE,FALSE,FALSE,
Gaibu,2019,2019-05-20,principal,260290204A,Enseado dos Corais,0.116707872718135,26.22,TRUE,TRUE,TRUE,FALSE,26.22
Gaibu,2019,2019-05-21,principal,260290204A,Enseado dos Corais,0.116707872718135,20.66,TRUE,TRUE,TRUE,FALSE,20.66
Gaibu,2019,2019-05-22,principal,260290204A,Enseado dos Corais,0.116707872718135,0,TRUE,TRUE,TRUE,FALSE,0
Gaibu,2019,2019-05-23,principal,260290204A,Enseado dos Corais,0.116707872718135,0.2,TRUE,TRUE,TRUE,FALSE,0.2
Gaibu,2019,2019-05-24,principal,260290204A,Enseado dos Corais,0.116707872718135,0,FALSE,FALSE,FALSE,FALSE,
Gaibu,2019,2019-05-25,principal,260290204A,Enseado dos Corais,0.116707872718135,0,TRUE,TRUE,TRUE,FALSE,0
Gaibu,2019,2019-05-26,principal,260290204A,Enseado dos Corais,0.116707872718135,2.2,TRUE,TRUE,TRUE,FALSE,2.2
Gaibu,2019,2019-05-27,principal,260290204A,Enseado dos Corais,0.116707872718135,21.2,TRUE,TRUE,TRUE,FALSE,21.2
Gaibu,2019,2019-05-28,principal,260290204A,Enseado dos Corais,0.116707872718135,4.73,TRUE,TRUE,TRUE,FALSE,4.73
Gaibu,2019,2019-05-29,principal,260290204A,Enseado dos Corais,0.116707872718135,12.86,TRUE,TRUE,TRUE,FALSE,12.86
Gaibu,2019,2019-05-30,principal,260290204A,Enseado dos Corais,0.116707872718135,0,TRUE,TRUE,TRUE,FALSE,0
Gaibu,2019,2019-05-31,principal,260290204A,Enseado dos Corais,0.116707872718135,4.93,TRUE,TRUE,TRUE,FALSE,4.93
Gaibu,2019,2019-06-01,principal,260290204A,Enseado dos Corais,0.116707872718135,0.4,TRUE,TRUE,TRUE,FALSE,0.4
Gaibu,2019,2019-06-02,principal,260290204A,Enseado dos Corais,0.116707872718135,0,TRUE,TRUE,TRUE,FALSE,0
Gaibu,2019,2019-06-03,principal,260290204A,Enseado dos Corais,0.116707872718135,1.57,TRUE,TRUE,TRUE,FALSE,1.57
Gaibu,2019,2019-06-04,principal,260290204A,Enseado dos Corais,0.116707872718135,1.58,TRUE,TRUE,TRUE,FALSE,1.58
Gaibu,2019,2019-06-05,principal,260290204A,Enseado dos Corais,0.116707872718135,0.2,TRUE,TRUE,TRUE,FALSE,0.2
Gaibu,2019,2019-06-06,principal,260290204A,Enseado dos Corais,0.116707872718135,1.19,FALSE,FALSE,TRUE,FALSE,
Gaibu,2019,2019-06-07,principal,260290204A,Enseado dos Corais,0.116707872718135,0,TRUE,TRUE,TRUE,FALSE,0
Gaibu,2019,2019-06-08,principal,260290204A,Enseado dos Corais,0.116707872718135,1.38,TRUE,TRUE,TRUE,FALSE,1.38
Gaibu,2019,2019-06-09,principal,260290204A,Enseado dos Corais,0.116707872718135,1.78,TRUE,TRUE,TRUE,FALSE,1.78
Gaibu,2019,2019-06-10,principal,260290204A,Enseado dos Corais,0.116707872718135,0.59,FALSE,TRUE,TRUE,FALSE,
Gaibu,2019,2019-06-11,principal,260290204A,Enseado dos Corais,0.116707872718135,0,TRUE,TRUE,TRUE,FALSE,0
Gaibu,2019,2019-06-12,principal,260290204A,Enseado dos Corais,0.116707872718135,10.82,TRUE,TRUE,TRUE,FALSE,10.82
Gaibu,2019,2019-06-13,principal,260290204A,Enseado dos Corais,0.116707872718135,52.03,TRUE,TRUE,TRUE,FALSE,52.03
Gaibu,2019,2019-06-14,principal,260290204A,Enseado dos Corais,0.116707872718135,0.2,TRUE,TRUE,TRUE,FALSE,0.2
Gaibu,2019,2019-06-15,principal,260290204A,Enseado dos Corais,0.116707872718135,0,TRUE,TRUE,TRUE,FALSE,0
Gaibu,2019,2019-06-16,principal,260290204A,Enseado dos Corais,0.116707872718135,71.2,FALSE,TRUE,TRUE,FALSE,
Gaibu,2019,2019-06-17,principal,260290204A,Enseado dos Corais,0.116707872718135,35.38,FALSE,TRUE,TRUE,FALSE,
Gaibu,2019,2019-06-18,principal,260290204A,Enseado dos Corais,0.116707872718135,3.07,FALSE,FALSE,TRUE,FALSE,
Gaibu,2019,2019-06-19,principal,260290204A,Enseado dos Corais,0.116707872718135,1.57,TRUE,TRUE,TRUE,FALSE,1.57
Gaibu,2019,2019-06-20,principal,260290204A,Enseado dos Corais,0.116707872718135,0.2,TRUE,TRUE,TRUE,FALSE,0.2
Gaibu,2019,2019-06-21,principal,260290204A,Enseado dos Corais,0.116707872718135,0,FALSE,FALSE,FALSE,FALSE,
Gaibu,2019,2019-06-22,principal,260290204A,Enseado dos Corais,0.116707872718135,0,TRUE,TRUE,TRUE,FALSE,0
Gaibu,2019,2019-06-23,principal,260290204A,Enseado dos Corais,0.116707872718135,1.18,TRUE,TRUE,TRUE,FALSE,1.18
Gaibu,2019,2019-06-24,principal,260290204A,Enseado dos Corais,0.116707872718135,7.48,TRUE,TRUE,TRUE,FALSE,7.48
Gaibu,2019,2019-06-25,principal,260290204A,Enseado dos Corais,0.116707872718135,2.56,TRUE,TRUE,TRUE,FALSE,2.56
Gaibu,2019,2019-06-26,principal,260290204A,Enseado dos Corais,0.116707872718135,14.37,TRUE,TRUE,TRUE,FALSE,14.37
Gaibu,2019,2019-06-27,principal,260290204A,Enseado dos Corais,0.116707872718135,4.54,TRUE,TRUE,TRUE,FALSE,4.54
Gaibu,2019,2019-06-28,principal,260290204A,Enseado dos Corais,0.116707872718135,15.01,TRUE,TRUE,TRUE,FALSE,15.01
Gaibu,2019,2019-06-29,principal,260290204A,Enseado dos Corais,0.116707872718135,11.71,TRUE,TRUE,TRUE,FALSE,11.71
Gaibu,2019,2019-06-30,principal,260290204A,Enseado dos Corais,0.116707872718135,6.71,TRUE,TRUE,TRUE,FALSE,6.71
Gaibu,2019,2019-07-01,principal,260290204A,Enseado dos Corais,0.116707872718135,1.19,TRUE,TRUE,TRUE,FALSE,1.19
Gaibu,2019,2019-07-02,principal,260290204A,Enseado dos Corais,0.116707872718135,0,TRUE,TRUE,TRUE,FALSE,0
Gaibu,2019,2019-07-03,principal,260290204A,Enseado dos Corais,0.116707872718135,30.96,TRUE,TRUE,TRUE,FALSE,30.96
Gaibu,2019,2019-07-04,principal,260290204A,Enseado dos Corais,0.116707872718135,0,TRUE,TRUE,TRUE,FALSE,0
Gaibu,2019,2019-07-05,principal,260290204A,Enseado dos Corais,0.116707872718135,0,TRUE,TRUE,TRUE,FALSE,0
Gaibu,2019,2019-07-06,principal,260290204A,Enseado dos Corais,0.116707872718135,0,TRUE,TRUE,TRUE,FALSE,0
Gaibu,2019,2019-07-07,principal,260290204A,Enseado dos Corais,0.116707872718135,0.99,FALSE,FALSE,FALSE,FALSE,
Gaibu,2019,2019-07-08,principal,260290204A,Enseado dos Corais,0.116707872718135,3.75,TRUE,TRUE,TRUE,FALSE,3.75
Gaibu,2019,2019-07-09,principal,260290204A,Enseado dos Corais,0.116707872718135,1.58,FALSE,FALSE,FALSE,FALSE,
Gaibu,2019,2019-07-10,principal,260290204A,Enseado dos Corais,0.116707872718135,5.17,FALSE,TRUE,TRUE,FALSE,
Gaibu,2019,2019-07-11,principal,260290204A,Enseado dos Corais,0.116707872718135,1,FALSE,FALSE,FALSE,FALSE,
Gaibu,2019,2019-07-12,principal,260290204A,Enseado dos Corais,0.116707872718135,0,FALSE,FALSE,FALSE,FALSE,
Gaibu,2019,2019-07-13,principal,260290204A,Enseado dos Corais,0.116707872718135,40.05,FALSE,TRUE,TRUE,FALSE,
Gaibu,2019,2019-07-14,principal,260290204A,Enseado dos Corais,0.116707872718135,26.78,TRUE,TRUE,TRUE,FALSE,26.78
Gaibu,2019,2019-07-15,principal,260290204A,Enseado dos Corais,0.116707872718135,0,FALSE,FALSE,FALSE,FALSE,
Gaibu,2019,2019-07-16,principal,260290204A,Enseado dos Corais,0.116707872718135,,FALSE,FALSE,FALSE,FALSE,
Gaibu,2019,2019-07-17,principal,260290204A,Enseado dos Corais,0.116707872718135,,FALSE,FALSE,FALSE,FALSE,
Gaibu,2019,2019-07-18,principal,260290204A,Enseado dos Corais,0.116707872718135,0.2,FALSE,FALSE,FALSE,FALSE,
Gaibu,2019,2019-07-19,principal,260290204A,Enseado dos Corais,0.116707872718135,6.89,FALSE,FALSE,FALSE,FALSE,
Gaibu,2019,2019-07-20,principal,260290204A,Enseado dos Corais,0.116707872718135,43.05,FALSE,FALSE,FALSE,FALSE,
Gaibu,2019,2019-07-21,principal,260290204A,Enseado dos Corais,0.116707872718135,10.46,FALSE,FALSE,FALSE,FALSE,
Gaibu,2019,2019-07-22,principal,260290204A,Enseado dos Corais,0.116707872718135,37.16,FALSE,FALSE,FALSE,FALSE,
Gaibu,2019,2019-07-23,principal,260290204A,Enseado dos Corais,0.116707872718135,31.68,FALSE,FALSE,FALSE,FALSE,
Gaibu,2019,2019-07-24,principal,260290204A,Enseado dos Corais,0.116707872718135,36.29,FALSE,FALSE,FALSE,FALSE,
Gaibu,2019,2019-07-25,principal,260290204A,Enseado dos Corais,0.116707872718135,7.09,FALSE,FALSE,FALSE,FALSE,
Gaibu,2019,2019-07-26,principal,260290204A,Enseado dos Corais,0.116707872718135,10.29,FALSE,FALSE,FALSE,FALSE,
Gaibu,2019,2019-07-27,principal,260290204A,Enseado dos Corais,0.116707872718135,9.08,FALSE,FALSE,FALSE,FALSE,
Gaibu,2019,2019-07-28,principal,260290204A,Enseado dos Corais,0.116707872718135,4.97,FALSE,FALSE,FALSE,FALSE,
Gaibu,2019,2019-07-29,principal,260290204A,Enseado dos Corais,0.116707872718135,2.18,FALSE,FALSE,FALSE,FALSE,
Gaibu,2019,2019-07-30,principal,260290204A,Enseado dos Corais,0.116707872718135,16.57,TRUE,TRUE,TRUE,FALSE,16.57
Gaibu,2019,2019-07-31,principal,260290204A,Enseado dos Corais,0.116707872718135,27.38,TRUE,TRUE,TRUE,FALSE,27.38
Gaibu,2019,2019-08-01,principal,260290204A,Enseado dos Corais,0.116707872718135,33.95,TRUE,TRUE,TRUE,FALSE,33.95
Gaibu,2019,2019-08-02,principal,260290204A,Enseado dos Corais,0.116707872718135,33.81,TRUE,TRUE,TRUE,FALSE,33.81
Gaibu,2019,2019-08-03,principal,260290204A,Enseado dos Corais,0.116707872718135,0.2,TRUE,TRUE,TRUE,FALSE,0.2
Gaibu,2019,2019-08-04,principal,260290204A,Enseado dos Corais,0.116707872718135,0.2,TRUE,TRUE,TRUE,FALSE,0.2
Gaibu,2019,2019-08-05,principal,260290204A,Enseado dos Corais,0.116707872718135,0.79,TRUE,TRUE,TRUE,FALSE,0.79
Gaibu,2019,2019-08-06,principal,260290204A,Enseado dos Corais,0.116707872718135,9.45,FALSE,FALSE,FALSE,FALSE,
Gaibu,2019,2019-08-07,principal,260290204A,Enseado dos Corais,0.116707872718135,1.19,TRUE,TRUE,TRUE,FALSE,1.19
Gaibu,2019,2019-08-08,principal,260290204A,Enseado dos Corais,0.116707872718135,7.29,FALSE,TRUE,TRUE,FALSE,
Gaibu,2019,2019-08-09,principal,260290204A,Enseado dos Corais,0.116707872718135,1.58,TRUE,TRUE,TRUE,FALSE,1.58
Gaibu,2019,2019-08-10,principal,260290204A,Enseado dos Corais,0.116707872718135,0,TRUE,TRUE,TRUE,FALSE,0
Gaibu,2019,2019-08-11,principal,260290204A,Enseado dos Corais,0.116707872718135,0,TRUE,TRUE,TRUE,FALSE,0
Gaibu,2019,2019-08-12,principal,260290204A,Enseado dos Corais,0.116707872718135,6.32,TRUE,TRUE,TRUE,FALSE,6.32
Gaibu,2019,2019-08-13,principal,260290204A,Enseado dos Corais,0.116707872718135,0,TRUE,TRUE,TRUE,FALSE,0
Gaibu,2019,2019-08-14,principal,260290204A,Enseado dos Corais,0.116707872718135,19.42,TRUE,TRUE,TRUE,FALSE,19.42
Gaibu,2019,2019-08-15,principal,260290204A,Enseado dos Corais,0.116707872718135,9.07,FALSE,FALSE,FALSE,FALSE,
Gaibu,2019,2019-08-16,principal,260290204A,Enseado dos Corais,0.116707872718135,1.77,TRUE,TRUE,TRUE,FALSE,1.77
Gaibu,2019,2019-08-17,principal,260290204A,Enseado dos Corais,0.116707872718135,2.56,TRUE,TRUE,TRUE,FALSE,2.56
Gaibu,2019,2019-08-18,principal,260290204A,Enseado dos Corais,0.116707872718135,1.78,TRUE,TRUE,TRUE,FALSE,1.78
Gaibu,2019,2019-08-19,principal,260290204A,Enseado dos Corais,0.116707872718135,0.2,TRUE,TRUE,TRUE,FALSE,0.2
Gaibu,2019,2019-08-20,principal,260290204A,Enseado dos Corais,0.116707872718135,0,TRUE,TRUE,TRUE,FALSE,0
Gaibu,2019,2019-08-21,principal,260290204A,Enseado dos Corais,0.116707872718135,0,TRUE,TRUE,TRUE,FALSE,0
Gaibu,2019,2019-08-22,principal,260290204A,Enseado dos Corais,0.116707872718135,9.84,FALSE,TRUE,TRUE,FALSE,
Gaibu,2019,2019-08-23,principal,260290204A,Enseado dos Corais,0.116707872718135,2.37,TRUE,TRUE,TRUE,FALSE,2.37
Gaibu,2019,2019-08-24,principal,260290204A,Enseado dos Corais,0.116707872718135,1.58,TRUE,TRUE,TRUE,FALSE,1.58
Gaibu,2019,2019-08-25,principal,260290204A,Enseado dos Corais,0.116707872718135,1.78,TRUE,TRUE,TRUE,FALSE,1.78
Gaibu,2019,2019-08-26,principal,260290204A,Enseado dos Corais,0.116707872718135,4.94,TRUE,TRUE,TRUE,FALSE,4.94
Gaibu,2019,2019-08-27,principal,260290204A,Enseado dos Corais,0.116707872718135,0.2,TRUE,TRUE,TRUE,FALSE,0.2
Gaibu,2019,2019-08-28,principal,260290204A,Enseado dos Corais,0.116707872718135,2.59,FALSE,FALSE,FALSE,FALSE,
Gaibu,2019,2019-08-29,principal,260290204A,Enseado dos Corais,0.116707872718135,0.4,FALSE,FALSE,FALSE,FALSE,
Gaibu,2019,2019-08-30,principal,260290204A,Enseado dos Corais,0.116707872718135,0.4,FALSE,FALSE,FALSE,FALSE,
Gaibu,2019,2019-08-31,principal,260290204A,Enseado dos Corais,0.116707872718135,4.92,TRUE,TRUE,TRUE,FALSE,4.92
Gaibu,2019,2019-09-01,principal,260290204A,Enseado dos Corais,0.116707872718135,10.87,TRUE,TRUE,TRUE,FALSE,10.87
Gaibu,2019,2019-09-02,principal,260290204A,Enseado dos Corais,0.116707872718135,12.98,TRUE,TRUE,TRUE,FALSE,12.98
Gaibu,2019,2019-09-03,principal,260290204A,Enseado dos Corais,0.116707872718135,0.2,TRUE,TRUE,TRUE,FALSE,0.2
Gaibu,2019,2019-09-04,principal,260290204A,Enseado dos Corais,0.116707872718135,9.51,TRUE,TRUE,TRUE,FALSE,9.51
Gaibu,2019,2019-09-05,principal,260290204A,Enseado dos Corais,0.116707872718135,5.52,TRUE,TRUE,TRUE,FALSE,5.52
Gaibu,2019,2019-09-06,principal,260290204A,Enseado dos Corais,0.116707872718135,10.62,TRUE,TRUE,TRUE,FALSE,10.62
Gaibu,2019,2019-09-07,principal,260290204A,Enseado dos Corais,0.116707872718135,3.95,TRUE,TRUE,TRUE,FALSE,3.95
Gaibu,2019,2019-09-08,principal,260290204A,Enseado dos Corais,0.116707872718135,4.13,TRUE,TRUE,TRUE,FALSE,4.13
Gaibu,2019,2019-09-09,principal,260290204A,Enseado dos Corais,0.116707872718135,2.56,TRUE,TRUE,TRUE,FALSE,2.56
Gaibu,2019,2019-09-10,principal,260290204A,Enseado dos Corais,0.116707872718135,0,TRUE,TRUE,TRUE,FALSE,0
Gaibu,2019,2019-09-11,principal,260290204A,Enseado dos Corais,0.116707872718135,0,TRUE,TRUE,TRUE,FALSE,0
Gaibu,2019,2019-09-12,principal,260290204A,Enseado dos Corais,0.116707872718135,0.2,TRUE,TRUE,TRUE,FALSE,0.2
Gaibu,2019,2019-09-13,principal,260290204A,Enseado dos Corais,0.116707872718135,0,TRUE,TRUE,TRUE,FALSE,0
Gaibu,2019,2019-09-14,principal,260290204A,Enseado dos Corais,0.116707872718135,0,TRUE,TRUE,TRUE,FALSE,0
Gaibu,2019,2019-09-15,principal,260290204A,Enseado dos Corais,0.116707872718135,0.4,TRUE,TRUE,TRUE,FALSE,0.4
Gaibu,2019,2019-09-16,principal,260290204A,Enseado dos Corais,0.116707872718135,0,TRUE,TRUE,TRUE,FALSE,0
Gaibu,2019,2019-09-17,principal,260290204A,Enseado dos Corais,0.116707872718135,5.75,TRUE,TRUE,TRUE,FALSE,5.75
Gaibu,2019,2019-09-18,principal,260290204A,Enseado dos Corais,0.116707872718135,0.62,TRUE,TRUE,TRUE,FALSE,0.62
Gaibu,2019,2019-09-19,principal,260290204A,Enseado dos Corais,0.116707872718135,0,TRUE,TRUE,TRUE,FALSE,0
Gaibu,2019,2019-09-20,principal,260290204A,Enseado dos Corais,0.116707872718135,3.19,TRUE,TRUE,TRUE,FALSE,3.19
Gaibu,2019,2019-09-21,principal,260290204A,Enseado dos Corais,0.116707872718135,0,TRUE,TRUE,TRUE,FALSE,0
Gaibu,2019,2019-09-22,principal,260290204A,Enseado dos Corais,0.116707872718135,0,TRUE,TRUE,TRUE,FALSE,0
Gaibu,2019,2019-09-23,principal,260290204A,Enseado dos Corais,0.116707872718135,3.97,TRUE,TRUE,TRUE,FALSE,3.97
Gaibu,2019,2019-09-24,principal,260290204A,Enseado dos Corais,0.116707872718135,0,TRUE,TRUE,TRUE,FALSE,0
Gaibu,2019,2019-09-25,principal,260290204A,Enseado dos Corais,0.116707872718135,0,TRUE,TRUE,TRUE,FALSE,0
Gaibu,2019,2019-09-26,principal,260290204A,Enseado dos Corais,0.116707872718135,0.2,TRUE,TRUE,TRUE,FALSE,0.2
Gaibu,2019,2019-09-27,principal,260290204A,Enseado dos Corais,0.116707872718135,0,TRUE,TRUE,TRUE,FALSE,0
Gaibu,2019,2019-09-28,principal,260290204A,Enseado dos Corais,0.116707872718135,0,TRUE,TRUE,TRUE,FALSE,0
Gaibu,2019,2019-09-29,principal,260290204A,Enseado dos Corais,0.116707872718135,0,TRUE,TRUE,TRUE,FALSE,0
Gaibu,2019,2019-09-30,principal,260290204A,Enseado dos Corais,0.116707872718135,0.2,FALSE,FALSE,TRUE,FALSE,
Gaibu,2019,2019-10-01,principal,260290204A,Enseado dos Corais,0.116707872718135,0,TRUE,TRUE,TRUE,FALSE,0
Gaibu,2019,2019-10-02,principal,260290204A,Enseado dos Corais,0.116707872718135,0,TRUE,TRUE,TRUE,FALSE,0
Gaibu,2019,2019-10-03,principal,260290204A,Enseado dos Corais,0.116707872718135,0,TRUE,TRUE,TRUE,FALSE,0
Gaibu,2019,2019-10-04,principal,260290204A,Enseado dos Corais,0.116707872718135,0,TRUE,TRUE,TRUE,FALSE,0
Gaibu,2019,2019-10-05,principal,260290204A,Enseado dos Corais,0.116707872718135,0,TRUE,TRUE,TRUE,FALSE,0
Gaibu,2019,2019-10-06,principal,260290204A,Enseado dos Corais,0.116707872718135,0,TRUE,TRUE,TRUE,FALSE,0
Gaibu,2019,2019-10-07,principal,260290204A,Enseado dos Corais,0.116707872718135,0,TRUE,TRUE,TRUE,FALSE,0
Gaibu,2019,2019-10-08,principal,260290204A,Enseado dos Corais,0.116707872718135,0.98,FALSE,FALSE,FALSE,FALSE,
Gaibu,2019,2019-10-09,principal,260290204A,Enseado dos Corais,0.116707872718135,1.99,FALSE,FALSE,FALSE,FALSE,
Gaibu,2019,2019-10-10,principal,260290204A,Enseado dos Corais,0.116707872718135,1.19,FALSE,FALSE,FALSE,FALSE,
Gaibu,2019,2019-10-11,principal,260290204A,Enseado dos Corais,0.116707872718135,0.99,TRUE,TRUE,TRUE,FALSE,0.99
Gaibu,2019,2019-10-12,principal,260290204A,Enseado dos Corais,0.116707872718135,0.79,TRUE,TRUE,TRUE,FALSE,0.79
Gaibu,2019,2019-10-13,principal,260290204A,Enseado dos Corais,0.116707872718135,5.75,FALSE,FALSE,FALSE,FALSE,
Gaibu,2019,2019-10-14,principal,260290204A,Enseado dos Corais,0.116707872718135,7.32,FALSE,FALSE,FALSE,FALSE,
Gaibu,2019,2019-10-15,principal,260290204A,Enseado dos Corais,0.116707872718135,0,FALSE,FALSE,FALSE,FALSE,
Gaibu,2019,2019-10-16,principal,260290204A,Enseado dos Corais,0.116707872718135,0.2,TRUE,TRUE,TRUE,FALSE,0.2
Gaibu,2019,2019-10-17,principal,260290204A,Enseado dos Corais,0.116707872718135,0,TRUE,TRUE,TRUE,FALSE,0
Gaibu,2019,2019-10-18,principal,260290204A,Enseado dos Corais,0.116707872718135,19.71,TRUE,TRUE,TRUE,FALSE,19.71
Gaibu,2019,2019-10-19,principal,260290204A,Enseado dos Corais,0.116707872718135,0,FALSE,FALSE,FALSE,FALSE,
Gaibu,2019,2019-10-20,principal,260290204A,Enseado dos Corais,0.116707872718135,0,TRUE,TRUE,TRUE,FALSE,0
Gaibu,2019,2019-10-21,principal,260290204A,Enseado dos Corais,0.116707872718135,0,TRUE,TRUE,TRUE,FALSE,0
Gaibu,2019,2019-10-22,principal,260290204A,Enseado dos Corais,0.116707872718135,0,TRUE,TRUE,TRUE,FALSE,0
Gaibu,2019,2019-10-23,principal,260290204A,Enseado dos Corais,0.116707872718135,0,TRUE,TRUE,TRUE,FALSE,0
Gaibu,2019,2019-10-24,principal,260290204A,Enseado dos Corais,0.116707872718135,0,TRUE,TRUE,TRUE,FALSE,0
Gaibu,2019,2019-10-25,principal,260290204A,Enseado dos Corais,0.116707872718135,0.79,TRUE,TRUE,TRUE,FALSE,0.79
Gaibu,2019,2019-10-26,principal,260290204A,Enseado dos Corais,0.116707872718135,0.4,TRUE,TRUE,TRUE,FALSE,0.4
Gaibu,2019,2019-10-27,principal,260290204A,Enseado dos Corais,0.116707872718135,0,TRUE,TRUE,TRUE,FALSE,0
Gaibu,2019,2019-10-28,principal,260290204A,Enseado dos Corais,0.116707872718135,0,TRUE,TRUE,TRUE,FALSE,0
Gaibu,2019,2019-10-29,principal,260290204A,Enseado dos Corais,0.116707872718135,0,FALSE,FALSE,FALSE,FALSE,
Gaibu,2019,2019-10-30,principal,260290204A,Enseado dos Corais,0.116707872718135,0,FALSE,FALSE,FALSE,FALSE,
Gaibu,2019,2019-10-31,principal,260290204A,Enseado dos Corais,0.116707872718135,0,TRUE,TRUE,TRUE,FALSE,0
Gaibu,2019,2019-11-01,principal,260290204A,Enseado dos Corais,0.116707872718135,0,TRUE,TRUE,TRUE,FALSE,0
Gaibu,2019,2019-11-02,principal,260290204A,Enseado dos Corais,0.116707872718135,0,TRUE,TRUE,TRUE,FALSE,0
Gaibu,2019,2019-11-03,principal,260290204A,Enseado dos Corais,0.116707872718135,0,FALSE,FALSE,FALSE,FALSE,
Gaibu,2019,2019-11-04,principal,260290204A,Enseado dos Corais,0.116707872718135,,FALSE,FALSE,FALSE,FALSE,
Gaibu,2019,2019-11-05,principal,260290204A,Enseado dos Corais,0.116707872718135,,FALSE,FALSE,FALSE,FALSE,
Gaibu,2019,2019-11-06,principal,260290204A,Enseado dos Corais,0.116707872718135,,FALSE,FALSE,FALSE,FALSE,
Gaibu,2019,2019-11-07,principal,260290204A,Enseado dos Corais,0.116707872718135,0.2,FALSE,FALSE,FALSE,FALSE,
Gaibu,2019,2019-11-08,principal,260290204A,Enseado dos Corais,0.116707872718135,,FALSE,FALSE,FALSE,FALSE,
Gaibu,2019,2019-11-09,principal,260290204A,Enseado dos Corais,0.116707872718135,,FALSE,FALSE,FALSE,FALSE,
Gaibu,2019,2019-11-10,principal,260290204A,Enseado dos Corais,0.116707872718135,,FALSE,FALSE,FALSE,FALSE,
Gaibu,2019,2019-11-11,principal,260290204A,Enseado dos Corais,0.116707872718135,,FALSE,FALSE,FALSE,FALSE,
Gaibu,2019,2019-11-12,principal,260290204A,Enseado dos Corais,0.116707872718135,0,FALSE,FALSE,FALSE,FALSE,
Gaibu,2019,2019-11-13,principal,260290204A,Enseado dos Corais,0.116707872718135,0,FALSE,FALSE,FALSE,FALSE,
Gaibu,2019,2019-11-14,principal,260290204A,Enseado dos Corais,0.116707872718135,0,TRUE,TRUE,TRUE,FALSE,0
Gaibu,2019,2019-11-15,principal,260290204A,Enseado dos Corais,0.116707872718135,0,TRUE,TRUE,TRUE,FALSE,0
Gaibu,2019,2019-11-16,principal,260290204A,Enseado dos Corais,0.116707872718135,0,TRUE,TRUE,TRUE,FALSE,0
Gaibu,2019,2019-11-17,principal,260290204A,Enseado dos Corais,0.116707872718135,1.77,FALSE,FALSE,FALSE,FALSE,
Gaibu,2019,2019-11-18,principal,260290204A,Enseado dos Corais,0.116707872718135,0,TRUE,TRUE,TRUE,FALSE,0
Gaibu,2019,2019-11-19,principal,260290204A,Enseado dos Corais,0.116707872718135,0.2,TRUE,TRUE,TRUE,FALSE,0.2
Gaibu,2019,2019-11-20,principal,260290204A,Enseado dos Corais,0.116707872718135,0,TRUE,TRUE,TRUE,FALSE,0
Gaibu,2019,2019-11-21,principal,260290204A,Enseado dos Corais,0.116707872718135,0,TRUE,TRUE,TRUE,FALSE,0
Gaibu,2019,2019-11-22,principal,260290204A,Enseado dos Corais,0.116707872718135,0,FALSE,FALSE,FALSE,FALSE,
Gaibu,2019,2019-11-23,principal,260290204A,Enseado dos Corais,0.116707872718135,0,TRUE,TRUE,TRUE,FALSE,0
Gaibu,2019,2019-11-24,principal,260290204A,Enseado dos Corais,0.116707872718135,0,TRUE,TRUE,TRUE,FALSE,0
Gaibu,2019,2019-11-25,principal,260290204A,Enseado dos Corais,0.116707872718135,0.2,TRUE,TRUE,TRUE,FALSE,0.2
Gaibu,2019,2019-11-26,principal,260290204A,Enseado dos Corais,0.116707872718135,0,TRUE,TRUE,TRUE,FALSE,0
Gaibu,2019,2019-11-27,principal,260290204A,Enseado dos Corais,0.116707872718135,0,TRUE,TRUE,TRUE,FALSE,0
Gaibu,2019,2019-11-28,principal,260290204A,Enseado dos Corais,0.116707872718135,0,TRUE,TRUE,TRUE,FALSE,0
Gaibu,2019,2019-11-29,principal,260290204A,Enseado dos Corais,0.116707872718135,0,FALSE,FALSE,TRUE,FALSE,
Gaibu,2019,2019-11-30,principal,260290204A,Enseado dos Corais,0.116707872718135,0,TRUE,TRUE,TRUE,FALSE,0
Gaibu,2019,2019-12-01,principal,260290204A,Enseado dos Corais,0.116707872718135,0,TRUE,TRUE,TRUE,FALSE,0
Gaibu,2019,2019-12-02,principal,260290204A,Enseado dos Corais,0.116707872718135,0,TRUE,TRUE,TRUE,FALSE,0
Gaibu,2019,2019-12-03,principal,260290204A,Enseado dos Corais,0.116707872718135,0,FALSE,TRUE,TRUE,FALSE,
Gaibu,2019,2019-12-04,principal,260290204A,Enseado dos Corais,0.116707872718135,0.4,FALSE,FALSE,FALSE,FALSE,
Gaibu,2019,2019-12-05,principal,260290204A,Enseado dos Corais,0.116707872718135,0,TRUE,TRUE,TRUE,FALSE,0
Gaibu,2019,2019-12-06,principal,260290204A,Enseado dos Corais,0.116707872718135,0,FALSE,FALSE,FALSE,FALSE,
Gaibu,2019,2019-12-07,principal,260290204A,Enseado dos Corais,0.116707872718135,0,FALSE,FALSE,FALSE,FALSE,
Gaibu,2019,2019-12-08,principal,260290204A,Enseado dos Corais,0.116707872718135,0,TRUE,TRUE,TRUE,FALSE,0
Gaibu,2019,2019-12-09,principal,260290204A,Enseado dos Corais,0.116707872718135,0,FALSE,TRUE,TRUE,FALSE,
Gaibu,2019,2019-12-10,principal,260290204A,Enseado dos Corais,0.116707872718135,0.2,FALSE,FALSE,TRUE,FALSE,
Gaibu,2019,2019-12-11,principal,260290204A,Enseado dos Corais,0.116707872718135,0.2,TRUE,TRUE,TRUE,FALSE,0.2
Gaibu,2019,2019-12-12,principal,260290204A,Enseado dos Corais,0.116707872718135,0,FALSE,TRUE,TRUE,FALSE,
Gaibu,2019,2019-12-13,principal,260290204A,Enseado dos Corais,0.116707872718135,0,FALSE,TRUE,TRUE,FALSE,
Gaibu,2019,2019-12-14,principal,260290204A,Enseado dos Corais,0.116707872718135,0,FALSE,FALSE,FALSE,FALSE,
Gaibu,2019,2019-12-15,principal,260290204A,Enseado dos Corais,0.116707872718135,1.38,FALSE,FALSE,FALSE,FALSE,
Gaibu,2019,2019-12-16,principal,260290204A,Enseado dos Corais,0.116707872718135,19.86,FALSE,FALSE,TRUE,FALSE,
Gaibu,2019,2019-12-17,principal,260290204A,Enseado dos Corais,0.116707872718135,0,FALSE,FALSE,FALSE,FALSE,
Gaibu,2019,2019-12-18,principal,260290204A,Enseado dos Corais,0.116707872718135,0.2,FALSE,FALSE,FALSE,FALSE,
Gaibu,2019,2019-12-19,principal,260290204A,Enseado dos Corais,0.116707872718135,,FALSE,FALSE,FALSE,FALSE,
Gaibu,2019,2019-12-20,principal,260290204A,Enseado dos Corais,0.116707872718135,0.2,FALSE,FALSE,FALSE,FALSE,
Gaibu,2019,2019-12-21,principal,260290204A,Enseado dos Corais,0.116707872718135,0,FALSE,FALSE,FALSE,FALSE,
Gaibu,2019,2019-12-22,principal,260290204A,Enseado dos Corais,0.116707872718135,,FALSE,FALSE,FALSE,FALSE,
Gaibu,2019,2019-12-23,principal,260290204A,Enseado dos Corais,0.116707872718135,0,FALSE,FALSE,FALSE,FALSE,
Gaibu,2019,2019-12-24,principal,260290204A,Enseado dos Corais,0.116707872718135,0,FALSE,FALSE,FALSE,FALSE,
Gaibu,2019,2019-12-25,principal,260290204A,Enseado dos Corais,0.116707872718135,0,FALSE,FALSE,FALSE,FALSE,
Gaibu,2019,2019-12-26,principal,260290204A,Enseado dos Corais,0.116707872718135,0,FALSE,FALSE,FALSE,FALSE,
Gaibu,2019,2019-12-27,principal,260290204A,Enseado dos Corais,0.116707872718135,0,FALSE,FALSE,FALSE,FALSE,
Gaibu,2019,2019-12-28,principal,260290204A,Enseado dos Corais,0.116707872718135,0,FALSE,FALSE,FALSE,FALSE,
Gaibu,2019,2019-12-29,principal,260290204A,Enseado dos Corais,0.116707872718135,0,FALSE,FALSE,FALSE,FALSE,
Gaibu,2019,2019-12-30,principal,260290204A,Enseado dos Corais,0.116707872718135,0,FALSE,FALSE,FALSE,FALSE,
Gaibu,2019,2019-12-31,principal,260290204A,Enseado dos Corais,0.116707872718135,0,FALSE,FALSE,FALSE,FALSE,
Gaibu,2019,2019-01-01,sensibilidade,260790109A,Barra de Jangada,12.4106755442896,0.39,TRUE,TRUE,TRUE,FALSE,0.39
Gaibu,2019,2019-01-02,sensibilidade,260790109A,Barra de Jangada,12.4106755442896,0.42,TRUE,TRUE,TRUE,FALSE,0.42
Gaibu,2019,2019-01-03,sensibilidade,260790109A,Barra de Jangada,12.4106755442896,0,TRUE,TRUE,TRUE,FALSE,0
Gaibu,2019,2019-01-04,sensibilidade,260790109A,Barra de Jangada,12.4106755442896,0,TRUE,TRUE,TRUE,FALSE,0
Gaibu,2019,2019-01-05,sensibilidade,260790109A,Barra de Jangada,12.4106755442896,0,TRUE,TRUE,TRUE,FALSE,0
Gaibu,2019,2019-01-06,sensibilidade,260790109A,Barra de Jangada,12.4106755442896,4.15,TRUE,TRUE,TRUE,FALSE,4.15
Gaibu,2019,2019-01-07,sensibilidade,260790109A,Barra de Jangada,12.4106755442896,7.53,TRUE,TRUE,TRUE,FALSE,7.53
Gaibu,2019,2019-01-08,sensibilidade,260790109A,Barra de Jangada,12.4106755442896,0,TRUE,TRUE,TRUE,FALSE,0
Gaibu,2019,2019-01-09,sensibilidade,260790109A,Barra de Jangada,12.4106755442896,0,TRUE,TRUE,TRUE,FALSE,0
Gaibu,2019,2019-01-10,sensibilidade,260790109A,Barra de Jangada,12.4106755442896,0,TRUE,TRUE,TRUE,FALSE,0
Gaibu,2019,2019-01-11,sensibilidade,260790109A,Barra de Jangada,12.4106755442896,0.2,TRUE,TRUE,TRUE,FALSE,0.2
Gaibu,2019,2019-01-12,sensibilidade,260790109A,Barra de Jangada,12.4106755442896,2.57,TRUE,TRUE,TRUE,FALSE,2.57
Gaibu,2019,2019-01-13,sensibilidade,260790109A,Barra de Jangada,12.4106755442896,1.18,TRUE,TRUE,TRUE,FALSE,1.18
Gaibu,2019,2019-01-14,sensibilidade,260790109A,Barra de Jangada,12.4106755442896,0.4,TRUE,TRUE,TRUE,FALSE,0.4
Gaibu,2019,2019-01-15,sensibilidade,260790109A,Barra de Jangada,12.4106755442896,0.2,TRUE,TRUE,TRUE,FALSE,0.2
Gaibu,2019,2019-01-16,sensibilidade,260790109A,Barra de Jangada,12.4106755442896,0,TRUE,TRUE,TRUE,FALSE,0
Gaibu,2019,2019-01-17,sensibilidade,260790109A,Barra de Jangada,12.4106755442896,0.59,TRUE,TRUE,TRUE,FALSE,0.59
Gaibu,2019,2019-01-18,sensibilidade,260790109A,Barra de Jangada,12.4106755442896,0,TRUE,TRUE,TRUE,FALSE,0
Gaibu,2019,2019-01-19,sensibilidade,260790109A,Barra de Jangada,12.4106755442896,0,TRUE,TRUE,TRUE,FALSE,0
Gaibu,2019,2019-01-20,sensibilidade,260790109A,Barra de Jangada,12.4106755442896,4.13,TRUE,TRUE,TRUE,FALSE,4.13
Gaibu,2019,2019-01-21,sensibilidade,260790109A,Barra de Jangada,12.4106755442896,0,TRUE,TRUE,TRUE,FALSE,0
Gaibu,2019,2019-01-22,sensibilidade,260790109A,Barra de Jangada,12.4106755442896,12.39,TRUE,TRUE,TRUE,FALSE,12.39
Gaibu,2019,2019-01-23,sensibilidade,260790109A,Barra de Jangada,12.4106755442896,0,TRUE,TRUE,TRUE,FALSE,0
Gaibu,2019,2019-01-24,sensibilidade,260790109A,Barra de Jangada,12.4106755442896,0.98,TRUE,TRUE,TRUE,FALSE,0.98
Gaibu,2019,2019-01-25,sensibilidade,260790109A,Barra de Jangada,12.4106755442896,0.2,TRUE,TRUE,TRUE,FALSE,0.2
Gaibu,2019,2019-01-26,sensibilidade,260790109A,Barra de Jangada,12.4106755442896,0,TRUE,TRUE,TRUE,FALSE,0
Gaibu,2019,2019-01-27,sensibilidade,260790109A,Barra de Jangada,12.4106755442896,0,TRUE,TRUE,TRUE,FALSE,0
Gaibu,2019,2019-01-28,sensibilidade,260790109A,Barra de Jangada,12.4106755442896,41.3,TRUE,TRUE,TRUE,FALSE,41.3
Gaibu,2019,2019-01-29,sensibilidade,260790109A,Barra de Jangada,12.4106755442896,1,TRUE,TRUE,TRUE,FALSE,1
Gaibu,2019,2019-01-30,sensibilidade,260790109A,Barra de Jangada,12.4106755442896,0.79,TRUE,TRUE,TRUE,FALSE,0.79
Gaibu,2019,2019-01-31,sensibilidade,260790109A,Barra de Jangada,12.4106755442896,0.98,TRUE,TRUE,TRUE,FALSE,0.98
Gaibu,2019,2019-02-01,sensibilidade,260790109A,Barra de Jangada,12.4106755442896,0,TRUE,TRUE,TRUE,FALSE,0
Gaibu,2019,2019-02-02,sensibilidade,260790109A,Barra de Jangada,12.4106755442896,2.39,FALSE,TRUE,TRUE,FALSE,
Gaibu,2019,2019-02-03,sensibilidade,260790109A,Barra de Jangada,12.4106755442896,33.44,TRUE,TRUE,TRUE,FALSE,33.44
Gaibu,2019,2019-02-04,sensibilidade,260790109A,Barra de Jangada,12.4106755442896,9.9,FALSE,FALSE,FALSE,FALSE,
Gaibu,2019,2019-02-05,sensibilidade,260790109A,Barra de Jangada,12.4106755442896,3.4,FALSE,FALSE,FALSE,FALSE,
Gaibu,2019,2019-02-06,sensibilidade,260790109A,Barra de Jangada,12.4106755442896,45.41,FALSE,TRUE,TRUE,FALSE,
Gaibu,2019,2019-02-07,sensibilidade,260790109A,Barra de Jangada,12.4106755442896,0,FALSE,FALSE,FALSE,FALSE,
Gaibu,2019,2019-02-08,sensibilidade,260790109A,Barra de Jangada,12.4106755442896,0,FALSE,FALSE,FALSE,FALSE,
Gaibu,2019,2019-02-09,sensibilidade,260790109A,Barra de Jangada,12.4106755442896,3.2,TRUE,TRUE,TRUE,FALSE,3.2
Gaibu,2019,2019-02-10,sensibilidade,260790109A,Barra de Jangada,12.4106755442896,0.59,TRUE,TRUE,TRUE,FALSE,0.59
Gaibu,2019,2019-02-11,sensibilidade,260790109A,Barra de Jangada,12.4106755442896,0.2,FALSE,FALSE,FALSE,FALSE,
Gaibu,2019,2019-02-12,sensibilidade,260790109A,Barra de Jangada,12.4106755442896,0.4,TRUE,TRUE,TRUE,FALSE,0.4
Gaibu,2019,2019-02-13,sensibilidade,260790109A,Barra de Jangada,12.4106755442896,10.24,TRUE,TRUE,TRUE,FALSE,10.24
Gaibu,2019,2019-02-14,sensibilidade,260790109A,Barra de Jangada,12.4106755442896,0,TRUE,TRUE,TRUE,FALSE,0
Gaibu,2019,2019-02-15,sensibilidade,260790109A,Barra de Jangada,12.4106755442896,2.17,TRUE,TRUE,TRUE,FALSE,2.17
Gaibu,2019,2019-02-16,sensibilidade,260790109A,Barra de Jangada,12.4106755442896,0,FALSE,FALSE,FALSE,FALSE,
Gaibu,2019,2019-02-17,sensibilidade,260790109A,Barra de Jangada,12.4106755442896,2.99,TRUE,TRUE,TRUE,FALSE,2.99
Gaibu,2019,2019-02-18,sensibilidade,260790109A,Barra de Jangada,12.4106755442896,0,TRUE,TRUE,TRUE,FALSE,0
Gaibu,2019,2019-02-19,sensibilidade,260790109A,Barra de Jangada,12.4106755442896,0,TRUE,TRUE,TRUE,FALSE,0
Gaibu,2019,2019-02-20,sensibilidade,260790109A,Barra de Jangada,12.4106755442896,0,TRUE,TRUE,TRUE,FALSE,0
Gaibu,2019,2019-02-21,sensibilidade,260790109A,Barra de Jangada,12.4106755442896,0,TRUE,TRUE,TRUE,FALSE,0
Gaibu,2019,2019-02-22,sensibilidade,260790109A,Barra de Jangada,12.4106755442896,0,TRUE,TRUE,TRUE,FALSE,0
Gaibu,2019,2019-02-23,sensibilidade,260790109A,Barra de Jangada,12.4106755442896,0,TRUE,TRUE,TRUE,FALSE,0
Gaibu,2019,2019-02-24,sensibilidade,260790109A,Barra de Jangada,12.4106755442896,0,TRUE,TRUE,TRUE,FALSE,0
Gaibu,2019,2019-02-25,sensibilidade,260790109A,Barra de Jangada,12.4106755442896,0,TRUE,TRUE,TRUE,FALSE,0
Gaibu,2019,2019-02-26,sensibilidade,260790109A,Barra de Jangada,12.4106755442896,4.33,FALSE,FALSE,FALSE,FALSE,
Gaibu,2019,2019-02-27,sensibilidade,260790109A,Barra de Jangada,12.4106755442896,0,FALSE,FALSE,FALSE,FALSE,
Gaibu,2019,2019-02-28,sensibilidade,260790109A,Barra de Jangada,12.4106755442896,0,TRUE,TRUE,TRUE,FALSE,0
Gaibu,2019,2019-03-01,sensibilidade,260790109A,Barra de Jangada,12.4106755442896,8.14,TRUE,TRUE,TRUE,FALSE,8.14
Gaibu,2019,2019-03-02,sensibilidade,260790109A,Barra de Jangada,12.4106755442896,7.93,TRUE,TRUE,TRUE,FALSE,7.93
Gaibu,2019,2019-03-03,sensibilidade,260790109A,Barra de Jangada,12.4106755442896,9.53,TRUE,TRUE,TRUE,FALSE,9.53
Gaibu,2019,2019-03-04,sensibilidade,260790109A,Barra de Jangada,12.4106755442896,0.4,TRUE,TRUE,TRUE,FALSE,0.4
Gaibu,2019,2019-03-05,sensibilidade,260790109A,Barra de Jangada,12.4106755442896,14.01,TRUE,TRUE,TRUE,FALSE,14.01
Gaibu,2019,2019-03-06,sensibilidade,260790109A,Barra de Jangada,12.4106755442896,1.58,TRUE,TRUE,TRUE,FALSE,1.58
Gaibu,2019,2019-03-07,sensibilidade,260790109A,Barra de Jangada,12.4106755442896,0,TRUE,TRUE,TRUE,FALSE,0
Gaibu,2019,2019-03-08,sensibilidade,260790109A,Barra de Jangada,12.4106755442896,3.35,TRUE,TRUE,TRUE,FALSE,3.35
Gaibu,2019,2019-03-09,sensibilidade,260790109A,Barra de Jangada,12.4106755442896,0,TRUE,TRUE,TRUE,FALSE,0
Gaibu,2019,2019-03-10,sensibilidade,260790109A,Barra de Jangada,12.4106755442896,0,TRUE,TRUE,TRUE,FALSE,0
Gaibu,2019,2019-03-11,sensibilidade,260790109A,Barra de Jangada,12.4106755442896,0,TRUE,TRUE,TRUE,FALSE,0
Gaibu,2019,2019-03-12,sensibilidade,260790109A,Barra de Jangada,12.4106755442896,4.93,TRUE,TRUE,TRUE,FALSE,4.93
Gaibu,2019,2019-03-13,sensibilidade,260790109A,Barra de Jangada,12.4106755442896,3.15,TRUE,TRUE,TRUE,FALSE,3.15
Gaibu,2019,2019-03-14,sensibilidade,260790109A,Barra de Jangada,12.4106755442896,1.38,TRUE,TRUE,TRUE,FALSE,1.38
Gaibu,2019,2019-03-15,sensibilidade,260790109A,Barra de Jangada,12.4106755442896,0,TRUE,TRUE,TRUE,FALSE,0
Gaibu,2019,2019-03-16,sensibilidade,260790109A,Barra de Jangada,12.4106755442896,0,TRUE,TRUE,TRUE,FALSE,0
Gaibu,2019,2019-03-17,sensibilidade,260790109A,Barra de Jangada,12.4106755442896,0,TRUE,TRUE,TRUE,FALSE,0
Gaibu,2019,2019-03-18,sensibilidade,260790109A,Barra de Jangada,12.4106755442896,28.1,TRUE,TRUE,TRUE,FALSE,28.1
Gaibu,2019,2019-03-19,sensibilidade,260790109A,Barra de Jangada,12.4106755442896,0,TRUE,TRUE,TRUE,FALSE,0
Gaibu,2019,2019-03-20,sensibilidade,260790109A,Barra de Jangada,12.4106755442896,0,FALSE,FALSE,FALSE,FALSE,
Gaibu,2019,2019-03-21,sensibilidade,260790109A,Barra de Jangada,12.4106755442896,0,TRUE,TRUE,TRUE,FALSE,0
Gaibu,2019,2019-03-22,sensibilidade,260790109A,Barra de Jangada,12.4106755442896,0,TRUE,TRUE,TRUE,FALSE,0
Gaibu,2019,2019-03-23,sensibilidade,260790109A,Barra de Jangada,12.4106755442896,0,TRUE,TRUE,TRUE,FALSE,0
Gaibu,2019,2019-03-24,sensibilidade,260790109A,Barra de Jangada,12.4106755442896,0,TRUE,TRUE,TRUE,FALSE,0
Gaibu,2019,2019-03-25,sensibilidade,260790109A,Barra de Jangada,12.4106755442896,0,TRUE,TRUE,TRUE,FALSE,0
Gaibu,2019,2019-03-26,sensibilidade,260790109A,Barra de Jangada,12.4106755442896,23.99,TRUE,TRUE,TRUE,FALSE,23.99
Gaibu,2019,2019-03-27,sensibilidade,260790109A,Barra de Jangada,12.4106755442896,17.95,TRUE,TRUE,TRUE,FALSE,17.95
Gaibu,2019,2019-03-28,sensibilidade,260790109A,Barra de Jangada,12.4106755442896,3.55,FALSE,FALSE,TRUE,FALSE,
Gaibu,2019,2019-03-29,sensibilidade,260790109A,Barra de Jangada,12.4106755442896,4.94,TRUE,TRUE,TRUE,FALSE,4.94
Gaibu,2019,2019-03-30,sensibilidade,260790109A,Barra de Jangada,12.4106755442896,42.5,TRUE,TRUE,TRUE,FALSE,42.5
Gaibu,2019,2019-03-31,sensibilidade,260790109A,Barra de Jangada,12.4106755442896,6.32,TRUE,TRUE,TRUE,FALSE,6.32
Gaibu,2019,2019-04-01,sensibilidade,260790109A,Barra de Jangada,12.4106755442896,0.2,TRUE,TRUE,TRUE,FALSE,0.2
Gaibu,2019,2019-04-02,sensibilidade,260790109A,Barra de Jangada,12.4106755442896,0,TRUE,TRUE,TRUE,FALSE,0
Gaibu,2019,2019-04-03,sensibilidade,260790109A,Barra de Jangada,12.4106755442896,10.93,TRUE,TRUE,TRUE,FALSE,10.93
Gaibu,2019,2019-04-04,sensibilidade,260790109A,Barra de Jangada,12.4106755442896,3.16,TRUE,TRUE,TRUE,FALSE,3.16
Gaibu,2019,2019-04-05,sensibilidade,260790109A,Barra de Jangada,12.4106755442896,0.62,TRUE,TRUE,TRUE,FALSE,0.62
Gaibu,2019,2019-04-06,sensibilidade,260790109A,Barra de Jangada,12.4106755442896,3.15,TRUE,TRUE,TRUE,FALSE,3.15
Gaibu,2019,2019-04-07,sensibilidade,260790109A,Barra de Jangada,12.4106755442896,22.4,TRUE,TRUE,TRUE,FALSE,22.4
Gaibu,2019,2019-04-08,sensibilidade,260790109A,Barra de Jangada,12.4106755442896,3.16,TRUE,TRUE,TRUE,FALSE,3.16
Gaibu,2019,2019-04-09,sensibilidade,260790109A,Barra de Jangada,12.4106755442896,0,TRUE,TRUE,TRUE,FALSE,0
Gaibu,2019,2019-04-10,sensibilidade,260790109A,Barra de Jangada,12.4106755442896,0,TRUE,TRUE,TRUE,FALSE,0
Gaibu,2019,2019-04-11,sensibilidade,260790109A,Barra de Jangada,12.4106755442896,0,TRUE,TRUE,TRUE,FALSE,0
Gaibu,2019,2019-04-12,sensibilidade,260790109A,Barra de Jangada,12.4106755442896,23.66,TRUE,TRUE,TRUE,FALSE,23.66
Gaibu,2019,2019-04-13,sensibilidade,260790109A,Barra de Jangada,12.4106755442896,6.12,TRUE,TRUE,TRUE,FALSE,6.12
Gaibu,2019,2019-04-14,sensibilidade,260790109A,Barra de Jangada,12.4106755442896,0,TRUE,TRUE,TRUE,FALSE,0
Gaibu,2019,2019-04-15,sensibilidade,260790109A,Barra de Jangada,12.4106755442896,0,TRUE,TRUE,TRUE,FALSE,0
Gaibu,2019,2019-04-16,sensibilidade,260790109A,Barra de Jangada,12.4106755442896,0,FALSE,FALSE,FALSE,FALSE,
Gaibu,2019,2019-04-17,sensibilidade,260790109A,Barra de Jangada,12.4106755442896,3.18,TRUE,TRUE,TRUE,FALSE,3.18
Gaibu,2019,2019-04-18,sensibilidade,260790109A,Barra de Jangada,12.4106755442896,0,TRUE,TRUE,TRUE,FALSE,0
Gaibu,2019,2019-04-19,sensibilidade,260790109A,Barra de Jangada,12.4106755442896,0,TRUE,TRUE,TRUE,FALSE,0
Gaibu,2019,2019-04-20,sensibilidade,260790109A,Barra de Jangada,12.4106755442896,37.69,TRUE,TRUE,TRUE,FALSE,37.69
Gaibu,2019,2019-04-21,sensibilidade,260790109A,Barra de Jangada,12.4106755442896,0,TRUE,TRUE,TRUE,FALSE,0
Gaibu,2019,2019-04-22,sensibilidade,260790109A,Barra de Jangada,12.4106755442896,0.98,TRUE,TRUE,TRUE,FALSE,0.98
Gaibu,2019,2019-04-23,sensibilidade,260790109A,Barra de Jangada,12.4106755442896,8.69,TRUE,TRUE,TRUE,FALSE,8.69
Gaibu,2019,2019-04-24,sensibilidade,260790109A,Barra de Jangada,12.4106755442896,14.77,TRUE,TRUE,TRUE,FALSE,14.77
Gaibu,2019,2019-04-25,sensibilidade,260790109A,Barra de Jangada,12.4106755442896,4.17,FALSE,FALSE,FALSE,FALSE,
Gaibu,2019,2019-04-26,sensibilidade,260790109A,Barra de Jangada,12.4106755442896,3.94,FALSE,TRUE,TRUE,FALSE,
Gaibu,2019,2019-04-27,sensibilidade,260790109A,Barra de Jangada,12.4106755442896,0.4,TRUE,TRUE,TRUE,FALSE,0.4
Gaibu,2019,2019-04-28,sensibilidade,260790109A,Barra de Jangada,12.4106755442896,0,TRUE,TRUE,TRUE,FALSE,0
Gaibu,2019,2019-04-29,sensibilidade,260790109A,Barra de Jangada,12.4106755442896,14.83,TRUE,TRUE,TRUE,FALSE,14.83
Gaibu,2019,2019-04-30,sensibilidade,260790109A,Barra de Jangada,12.4106755442896,8.3,TRUE,TRUE,TRUE,FALSE,8.3
Gaibu,2019,2019-05-01,sensibilidade,260790109A,Barra de Jangada,12.4106755442896,1.97,FALSE,FALSE,FALSE,FALSE,
Gaibu,2019,2019-05-02,sensibilidade,260790109A,Barra de Jangada,12.4106755442896,0.42,TRUE,TRUE,TRUE,FALSE,0.42
Gaibu,2019,2019-05-03,sensibilidade,260790109A,Barra de Jangada,12.4106755442896,0,TRUE,TRUE,TRUE,FALSE,0
Gaibu,2019,2019-05-04,sensibilidade,260790109A,Barra de Jangada,12.4106755442896,0.4,TRUE,TRUE,TRUE,FALSE,0.4
Gaibu,2019,2019-05-05,sensibilidade,260790109A,Barra de Jangada,12.4106755442896,0,TRUE,TRUE,TRUE,FALSE,0
Gaibu,2019,2019-05-06,sensibilidade,260790109A,Barra de Jangada,12.4106755442896,0,TRUE,TRUE,TRUE,FALSE,0
Gaibu,2019,2019-05-07,sensibilidade,260790109A,Barra de Jangada,12.4106755442896,0.6,FALSE,FALSE,FALSE,FALSE,
Gaibu,2019,2019-05-08,sensibilidade,260790109A,Barra de Jangada,12.4106755442896,16.28,TRUE,TRUE,TRUE,FALSE,16.28
Gaibu,2019,2019-05-09,sensibilidade,260790109A,Barra de Jangada,12.4106755442896,25.81,FALSE,TRUE,TRUE,FALSE,
Gaibu,2019,2019-05-10,sensibilidade,260790109A,Barra de Jangada,12.4106755442896,8.08,TRUE,TRUE,TRUE,FALSE,8.08
Gaibu,2019,2019-05-11,sensibilidade,260790109A,Barra de Jangada,12.4106755442896,0.59,TRUE,TRUE,TRUE,FALSE,0.59
Gaibu,2019,2019-05-12,sensibilidade,260790109A,Barra de Jangada,12.4106755442896,0,TRUE,TRUE,TRUE,FALSE,0
Gaibu,2019,2019-05-13,sensibilidade,260790109A,Barra de Jangada,12.4106755442896,0.98,TRUE,TRUE,TRUE,FALSE,0.98
Gaibu,2019,2019-05-14,sensibilidade,260790109A,Barra de Jangada,12.4106755442896,0.2,TRUE,TRUE,TRUE,FALSE,0.2
Gaibu,2019,2019-05-15,sensibilidade,260790109A,Barra de Jangada,12.4106755442896,0,TRUE,TRUE,TRUE,FALSE,0
Gaibu,2019,2019-05-16,sensibilidade,260790109A,Barra de Jangada,12.4106755442896,0,TRUE,TRUE,TRUE,FALSE,0
Gaibu,2019,2019-05-17,sensibilidade,260790109A,Barra de Jangada,12.4106755442896,0.8,TRUE,TRUE,TRUE,FALSE,0.8
Gaibu,2019,2019-05-18,sensibilidade,260790109A,Barra de Jangada,12.4106755442896,6.39,TRUE,TRUE,TRUE,FALSE,6.39
Gaibu,2019,2019-05-19,sensibilidade,260790109A,Barra de Jangada,12.4106755442896,6.11,TRUE,TRUE,TRUE,FALSE,6.11
Gaibu,2019,2019-05-20,sensibilidade,260790109A,Barra de Jangada,12.4106755442896,27.38,TRUE,TRUE,TRUE,FALSE,27.38
Gaibu,2019,2019-05-21,sensibilidade,260790109A,Barra de Jangada,12.4106755442896,40.9,TRUE,TRUE,TRUE,FALSE,40.9
Gaibu,2019,2019-05-22,sensibilidade,260790109A,Barra de Jangada,12.4106755442896,2.95,TRUE,TRUE,TRUE,FALSE,2.95
Gaibu,2019,2019-05-23,sensibilidade,260790109A,Barra de Jangada,12.4106755442896,0.4,FALSE,FALSE,TRUE,FALSE,
Gaibu,2019,2019-05-24,sensibilidade,260790109A,Barra de Jangada,12.4106755442896,0.78,TRUE,TRUE,TRUE,FALSE,0.78
Gaibu,2019,2019-05-25,sensibilidade,260790109A,Barra de Jangada,12.4106755442896,0,TRUE,TRUE,TRUE,FALSE,0
Gaibu,2019,2019-05-26,sensibilidade,260790109A,Barra de Jangada,12.4106755442896,6.71,TRUE,TRUE,TRUE,FALSE,6.71
Gaibu,2019,2019-05-27,sensibilidade,260790109A,Barra de Jangada,12.4106755442896,58.64,TRUE,TRUE,TRUE,FALSE,58.64
Gaibu,2019,2019-05-28,sensibilidade,260790109A,Barra de Jangada,12.4106755442896,10.84,TRUE,TRUE,TRUE,FALSE,10.84
Gaibu,2019,2019-05-29,sensibilidade,260790109A,Barra de Jangada,12.4106755442896,0.6,TRUE,TRUE,TRUE,FALSE,0.6
Gaibu,2019,2019-05-30,sensibilidade,260790109A,Barra de Jangada,12.4106755442896,0.4,TRUE,TRUE,TRUE,FALSE,0.4
Gaibu,2019,2019-05-31,sensibilidade,260790109A,Barra de Jangada,12.4106755442896,2.56,TRUE,TRUE,TRUE,FALSE,2.56
Gaibu,2019,2019-06-01,sensibilidade,260790109A,Barra de Jangada,12.4106755442896,0.2,TRUE,TRUE,TRUE,FALSE,0.2
Gaibu,2019,2019-06-02,sensibilidade,260790109A,Barra de Jangada,12.4106755442896,0,TRUE,TRUE,TRUE,FALSE,0
Gaibu,2019,2019-06-03,sensibilidade,260790109A,Barra de Jangada,12.4106755442896,14.97,TRUE,TRUE,TRUE,FALSE,14.97
Gaibu,2019,2019-06-04,sensibilidade,260790109A,Barra de Jangada,12.4106755442896,22.06,TRUE,TRUE,TRUE,FALSE,22.06
Gaibu,2019,2019-06-05,sensibilidade,260790109A,Barra de Jangada,12.4106755442896,0,TRUE,TRUE,TRUE,FALSE,0
Gaibu,2019,2019-06-06,sensibilidade,260790109A,Barra de Jangada,12.4106755442896,3.36,TRUE,TRUE,TRUE,FALSE,3.36
Gaibu,2019,2019-06-07,sensibilidade,260790109A,Barra de Jangada,12.4106755442896,0,TRUE,TRUE,TRUE,FALSE,0
Gaibu,2019,2019-06-08,sensibilidade,260790109A,Barra de Jangada,12.4106755442896,0.6,TRUE,TRUE,TRUE,FALSE,0.6
Gaibu,2019,2019-06-09,sensibilidade,260790109A,Barra de Jangada,12.4106755442896,2.37,FALSE,TRUE,TRUE,FALSE,
Gaibu,2019,2019-06-10,sensibilidade,260790109A,Barra de Jangada,12.4106755442896,1.19,FALSE,TRUE,TRUE,FALSE,
Gaibu,2019,2019-06-11,sensibilidade,260790109A,Barra de Jangada,12.4106755442896,6.95,TRUE,TRUE,TRUE,FALSE,6.95
Gaibu,2019,2019-06-12,sensibilidade,260790109A,Barra de Jangada,12.4106755442896,16.98,TRUE,TRUE,TRUE,FALSE,16.98
Gaibu,2019,2019-06-13,sensibilidade,260790109A,Barra de Jangada,12.4106755442896,76.11,TRUE,TRUE,TRUE,FALSE,76.11
Gaibu,2019,2019-06-14,sensibilidade,260790109A,Barra de Jangada,12.4106755442896,0,TRUE,TRUE,TRUE,FALSE,0
Gaibu,2019,2019-06-15,sensibilidade,260790109A,Barra de Jangada,12.4106755442896,0,TRUE,TRUE,TRUE,FALSE,0
Gaibu,2019,2019-06-16,sensibilidade,260790109A,Barra de Jangada,12.4106755442896,74.89,TRUE,TRUE,TRUE,FALSE,74.89
Gaibu,2019,2019-06-17,sensibilidade,260790109A,Barra de Jangada,12.4106755442896,98.09,TRUE,TRUE,TRUE,FALSE,98.09
Gaibu,2019,2019-06-18,sensibilidade,260790109A,Barra de Jangada,12.4106755442896,17.75,TRUE,TRUE,TRUE,FALSE,17.75
Gaibu,2019,2019-06-19,sensibilidade,260790109A,Barra de Jangada,12.4106755442896,13.42,TRUE,TRUE,TRUE,FALSE,13.42
Gaibu,2019,2019-06-20,sensibilidade,260790109A,Barra de Jangada,12.4106755442896,0,TRUE,TRUE,TRUE,FALSE,0
Gaibu,2019,2019-06-21,sensibilidade,260790109A,Barra de Jangada,12.4106755442896,0,TRUE,TRUE,TRUE,FALSE,0
Gaibu,2019,2019-06-22,sensibilidade,260790109A,Barra de Jangada,12.4106755442896,0,TRUE,TRUE,TRUE,FALSE,0
Gaibu,2019,2019-06-23,sensibilidade,260790109A,Barra de Jangada,12.4106755442896,0,TRUE,TRUE,TRUE,FALSE,0
Gaibu,2019,2019-06-24,sensibilidade,260790109A,Barra de Jangada,12.4106755442896,1.39,TRUE,TRUE,TRUE,FALSE,1.39
Gaibu,2019,2019-06-25,sensibilidade,260790109A,Barra de Jangada,12.4106755442896,8.86,TRUE,TRUE,TRUE,FALSE,8.86
Gaibu,2019,2019-06-26,sensibilidade,260790109A,Barra de Jangada,12.4106755442896,17.35,TRUE,TRUE,TRUE,FALSE,17.35
Gaibu,2019,2019-06-27,sensibilidade,260790109A,Barra de Jangada,12.4106755442896,24.4,TRUE,TRUE,TRUE,FALSE,24.4
Gaibu,2019,2019-06-28,sensibilidade,260790109A,Barra de Jangada,12.4106755442896,14.97,TRUE,TRUE,TRUE,FALSE,14.97
Gaibu,2019,2019-06-29,sensibilidade,260790109A,Barra de Jangada,12.4106755442896,5.34,TRUE,TRUE,TRUE,FALSE,5.34
Gaibu,2019,2019-06-30,sensibilidade,260790109A,Barra de Jangada,12.4106755442896,15.55,TRUE,TRUE,TRUE,FALSE,15.55
Gaibu,2019,2019-07-01,sensibilidade,260790109A,Barra de Jangada,12.4106755442896,1.58,TRUE,TRUE,TRUE,FALSE,1.58
Gaibu,2019,2019-07-02,sensibilidade,260790109A,Barra de Jangada,12.4106755442896,0,TRUE,TRUE,TRUE,FALSE,0
Gaibu,2019,2019-07-03,sensibilidade,260790109A,Barra de Jangada,12.4106755442896,6.19,FALSE,FALSE,TRUE,FALSE,
Gaibu,2019,2019-07-04,sensibilidade,260790109A,Barra de Jangada,12.4106755442896,1.57,TRUE,TRUE,TRUE,FALSE,1.57
Gaibu,2019,2019-07-05,sensibilidade,260790109A,Barra de Jangada,12.4106755442896,0,TRUE,TRUE,TRUE,FALSE,0
Gaibu,2019,2019-07-06,sensibilidade,260790109A,Barra de Jangada,12.4106755442896,0,TRUE,TRUE,TRUE,FALSE,0
Gaibu,2019,2019-07-07,sensibilidade,260790109A,Barra de Jangada,12.4106755442896,0,TRUE,TRUE,TRUE,FALSE,0
Gaibu,2019,2019-07-08,sensibilidade,260790109A,Barra de Jangada,12.4106755442896,0,FALSE,FALSE,FALSE,FALSE,
Gaibu,2019,2019-07-09,sensibilidade,260790109A,Barra de Jangada,12.4106755442896,0.79,TRUE,TRUE,TRUE,FALSE,0.79
Gaibu,2019,2019-07-10,sensibilidade,260790109A,Barra de Jangada,12.4106755442896,1.98,TRUE,TRUE,TRUE,FALSE,1.98
Gaibu,2019,2019-07-11,sensibilidade,260790109A,Barra de Jangada,12.4106755442896,1.18,FALSE,FALSE,FALSE,FALSE,
Gaibu,2019,2019-07-12,sensibilidade,260790109A,Barra de Jangada,12.4106755442896,0,FALSE,FALSE,TRUE,FALSE,
Gaibu,2019,2019-07-13,sensibilidade,260790109A,Barra de Jangada,12.4106755442896,12.64,TRUE,TRUE,TRUE,FALSE,12.64
Gaibu,2019,2019-07-14,sensibilidade,260790109A,Barra de Jangada,12.4106755442896,68.33,TRUE,TRUE,TRUE,FALSE,68.33
Gaibu,2019,2019-07-15,sensibilidade,260790109A,Barra de Jangada,12.4106755442896,0,FALSE,FALSE,FALSE,FALSE,
Gaibu,2019,2019-07-16,sensibilidade,260790109A,Barra de Jangada,12.4106755442896,,FALSE,FALSE,FALSE,FALSE,
Gaibu,2019,2019-07-17,sensibilidade,260790109A,Barra de Jangada,12.4106755442896,,FALSE,FALSE,FALSE,FALSE,
Gaibu,2019,2019-07-18,sensibilidade,260790109A,Barra de Jangada,12.4106755442896,1.38,FALSE,FALSE,FALSE,FALSE,
Gaibu,2019,2019-07-19,sensibilidade,260790109A,Barra de Jangada,12.4106755442896,15.39,FALSE,FALSE,FALSE,FALSE,
Gaibu,2019,2019-07-20,sensibilidade,260790109A,Barra de Jangada,12.4106755442896,33.34,FALSE,FALSE,FALSE,FALSE,
Gaibu,2019,2019-07-21,sensibilidade,260790109A,Barra de Jangada,12.4106755442896,7.11,FALSE,FALSE,FALSE,FALSE,
Gaibu,2019,2019-07-22,sensibilidade,260790109A,Barra de Jangada,12.4106755442896,33.29,FALSE,FALSE,FALSE,FALSE,
Gaibu,2019,2019-07-23,sensibilidade,260790109A,Barra de Jangada,12.4106755442896,36.99,FALSE,FALSE,FALSE,FALSE,
Gaibu,2019,2019-07-24,sensibilidade,260790109A,Barra de Jangada,12.4106755442896,61.83,FALSE,FALSE,FALSE,FALSE,
Gaibu,2019,2019-07-25,sensibilidade,260790109A,Barra de Jangada,12.4106755442896,6.53,FALSE,FALSE,FALSE,FALSE,
Gaibu,2019,2019-07-26,sensibilidade,260790109A,Barra de Jangada,12.4106755442896,10.49,FALSE,FALSE,FALSE,FALSE,
Gaibu,2019,2019-07-27,sensibilidade,260790109A,Barra de Jangada,12.4106755442896,25.88,FALSE,FALSE,FALSE,FALSE,
Gaibu,2019,2019-07-28,sensibilidade,260790109A,Barra de Jangada,12.4106755442896,3.16,FALSE,FALSE,FALSE,FALSE,
Gaibu,2019,2019-07-29,sensibilidade,260790109A,Barra de Jangada,12.4106755442896,0.99,FALSE,FALSE,FALSE,FALSE,
Gaibu,2019,2019-07-30,sensibilidade,260790109A,Barra de Jangada,12.4106755442896,8.28,TRUE,TRUE,TRUE,FALSE,8.28
Gaibu,2019,2019-07-31,sensibilidade,260790109A,Barra de Jangada,12.4106755442896,38.96,TRUE,TRUE,TRUE,FALSE,38.96
Gaibu,2019,2019-08-01,sensibilidade,260790109A,Barra de Jangada,12.4106755442896,36.62,TRUE,TRUE,TRUE,FALSE,36.62
Gaibu,2019,2019-08-02,sensibilidade,260790109A,Barra de Jangada,12.4106755442896,27.71,TRUE,TRUE,TRUE,FALSE,27.71
Gaibu,2019,2019-08-03,sensibilidade,260790109A,Barra de Jangada,12.4106755442896,0.6,TRUE,TRUE,TRUE,FALSE,0.6
Gaibu,2019,2019-08-04,sensibilidade,260790109A,Barra de Jangada,12.4106755442896,1.58,TRUE,TRUE,TRUE,FALSE,1.58
Gaibu,2019,2019-08-05,sensibilidade,260790109A,Barra de Jangada,12.4106755442896,1.18,TRUE,TRUE,TRUE,FALSE,1.18
Gaibu,2019,2019-08-06,sensibilidade,260790109A,Barra de Jangada,12.4106755442896,2.56,TRUE,TRUE,TRUE,FALSE,2.56
Gaibu,2019,2019-08-07,sensibilidade,260790109A,Barra de Jangada,12.4106755442896,4.34,FALSE,TRUE,TRUE,FALSE,
Gaibu,2019,2019-08-08,sensibilidade,260790109A,Barra de Jangada,12.4106755442896,3.18,TRUE,TRUE,TRUE,FALSE,3.18
Gaibu,2019,2019-08-09,sensibilidade,260790109A,Barra de Jangada,12.4106755442896,0,TRUE,TRUE,TRUE,FALSE,0
Gaibu,2019,2019-08-10,sensibilidade,260790109A,Barra de Jangada,12.4106755442896,0,TRUE,TRUE,TRUE,FALSE,0
Gaibu,2019,2019-08-11,sensibilidade,260790109A,Barra de Jangada,12.4106755442896,0,TRUE,TRUE,TRUE,FALSE,0
Gaibu,2019,2019-08-12,sensibilidade,260790109A,Barra de Jangada,12.4106755442896,7.28,TRUE,TRUE,TRUE,FALSE,7.28
Gaibu,2019,2019-08-13,sensibilidade,260790109A,Barra de Jangada,12.4106755442896,2.37,TRUE,TRUE,TRUE,FALSE,2.37
Gaibu,2019,2019-08-14,sensibilidade,260790109A,Barra de Jangada,12.4106755442896,12.79,TRUE,TRUE,TRUE,FALSE,12.79
Gaibu,2019,2019-08-15,sensibilidade,260790109A,Barra de Jangada,12.4106755442896,7.71,TRUE,TRUE,TRUE,FALSE,7.71
Gaibu,2019,2019-08-16,sensibilidade,260790109A,Barra de Jangada,12.4106755442896,14.4,TRUE,TRUE,TRUE,FALSE,14.4
Gaibu,2019,2019-08-17,sensibilidade,260790109A,Barra de Jangada,12.4106755442896,0,TRUE,TRUE,TRUE,FALSE,0
Gaibu,2019,2019-08-18,sensibilidade,260790109A,Barra de Jangada,12.4106755442896,1,TRUE,TRUE,TRUE,FALSE,1
Gaibu,2019,2019-08-19,sensibilidade,260790109A,Barra de Jangada,12.4106755442896,0.79,TRUE,TRUE,TRUE,FALSE,0.79
Gaibu,2019,2019-08-20,sensibilidade,260790109A,Barra de Jangada,12.4106755442896,0,TRUE,TRUE,TRUE,FALSE,0
Gaibu,2019,2019-08-21,sensibilidade,260790109A,Barra de Jangada,12.4106755442896,0,FALSE,FALSE,FALSE,FALSE,
Gaibu,2019,2019-08-22,sensibilidade,260790109A,Barra de Jangada,12.4106755442896,1.58,TRUE,TRUE,TRUE,FALSE,1.58
Gaibu,2019,2019-08-23,sensibilidade,260790109A,Barra de Jangada,12.4106755442896,3.2,TRUE,TRUE,TRUE,FALSE,3.2
Gaibu,2019,2019-08-24,sensibilidade,260790109A,Barra de Jangada,12.4106755442896,6.57,TRUE,TRUE,TRUE,FALSE,6.57
Gaibu,2019,2019-08-25,sensibilidade,260790109A,Barra de Jangada,12.4106755442896,1.58,TRUE,TRUE,TRUE,FALSE,1.58
Gaibu,2019,2019-08-26,sensibilidade,260790109A,Barra de Jangada,12.4106755442896,12.8,TRUE,TRUE,TRUE,FALSE,12.8
Gaibu,2019,2019-08-27,sensibilidade,260790109A,Barra de Jangada,12.4106755442896,0.39,TRUE,TRUE,TRUE,FALSE,0.39
Gaibu,2019,2019-08-28,sensibilidade,260790109A,Barra de Jangada,12.4106755442896,0,FALSE,FALSE,FALSE,FALSE,
Gaibu,2019,2019-08-29,sensibilidade,260790109A,Barra de Jangada,12.4106755442896,,FALSE,FALSE,FALSE,FALSE,
Gaibu,2019,2019-08-30,sensibilidade,260790109A,Barra de Jangada,12.4106755442896,0,FALSE,FALSE,FALSE,FALSE,
Gaibu,2019,2019-08-31,sensibilidade,260790109A,Barra de Jangada,12.4106755442896,14.42,TRUE,TRUE,TRUE,FALSE,14.42
Gaibu,2019,2019-09-01,sensibilidade,260790109A,Barra de Jangada,12.4106755442896,4.38,TRUE,TRUE,TRUE,FALSE,4.38
Gaibu,2019,2019-09-02,sensibilidade,260790109A,Barra de Jangada,12.4106755442896,11.44,TRUE,TRUE,TRUE,FALSE,11.44
Gaibu,2019,2019-09-03,sensibilidade,260790109A,Barra de Jangada,12.4106755442896,0,TRUE,TRUE,TRUE,FALSE,0
Gaibu,2019,2019-09-04,sensibilidade,260790109A,Barra de Jangada,12.4106755442896,7.92,TRUE,TRUE,TRUE,FALSE,7.92
Gaibu,2019,2019-09-05,sensibilidade,260790109A,Barra de Jangada,12.4106755442896,2.63,FALSE,FALSE,FALSE,FALSE,
Gaibu,2019,2019-09-06,sensibilidade,260790109A,Barra de Jangada,12.4106755442896,10.26,FALSE,FALSE,FALSE,FALSE,
Gaibu,2019,2019-09-07,sensibilidade,260790109A,Barra de Jangada,12.4106755442896,3.52,TRUE,TRUE,TRUE,FALSE,3.52
Gaibu,2019,2019-09-08,sensibilidade,260790109A,Barra de Jangada,12.4106755442896,2.36,TRUE,TRUE,TRUE,FALSE,2.36
Gaibu,2019,2019-09-09,sensibilidade,260790109A,Barra de Jangada,12.4106755442896,0,TRUE,TRUE,TRUE,FALSE,0
Gaibu,2019,2019-09-10,sensibilidade,260790109A,Barra de Jangada,12.4106755442896,0,TRUE,TRUE,TRUE,FALSE,0
Gaibu,2019,2019-09-11,sensibilidade,260790109A,Barra de Jangada,12.4106755442896,1.78,TRUE,TRUE,TRUE,FALSE,1.78
Gaibu,2019,2019-09-12,sensibilidade,260790109A,Barra de Jangada,12.4106755442896,0.6,TRUE,TRUE,TRUE,FALSE,0.6
Gaibu,2019,2019-09-13,sensibilidade,260790109A,Barra de Jangada,12.4106755442896,0,TRUE,TRUE,TRUE,FALSE,0
Gaibu,2019,2019-09-14,sensibilidade,260790109A,Barra de Jangada,12.4106755442896,0,TRUE,TRUE,TRUE,FALSE,0
Gaibu,2019,2019-09-15,sensibilidade,260790109A,Barra de Jangada,12.4106755442896,0,TRUE,TRUE,TRUE,FALSE,0
Gaibu,2019,2019-09-16,sensibilidade,260790109A,Barra de Jangada,12.4106755442896,0.39,TRUE,TRUE,TRUE,FALSE,0.39
Gaibu,2019,2019-09-17,sensibilidade,260790109A,Barra de Jangada,12.4106755442896,5.76,TRUE,TRUE,TRUE,FALSE,5.76
Gaibu,2019,2019-09-18,sensibilidade,260790109A,Barra de Jangada,12.4106755442896,1.8,TRUE,TRUE,TRUE,FALSE,1.8
Gaibu,2019,2019-09-19,sensibilidade,260790109A,Barra de Jangada,12.4106755442896,0,TRUE,TRUE,TRUE,FALSE,0
Gaibu,2019,2019-09-20,sensibilidade,260790109A,Barra de Jangada,12.4106755442896,5.71,TRUE,TRUE,TRUE,FALSE,5.71
Gaibu,2019,2019-09-21,sensibilidade,260790109A,Barra de Jangada,12.4106755442896,0.4,TRUE,TRUE,TRUE,FALSE,0.4
Gaibu,2019,2019-09-22,sensibilidade,260790109A,Barra de Jangada,12.4106755442896,0.99,FALSE,TRUE,TRUE,FALSE,
Gaibu,2019,2019-09-23,sensibilidade,260790109A,Barra de Jangada,12.4106755442896,1.62,FALSE,TRUE,TRUE,FALSE,
Gaibu,2019,2019-09-24,sensibilidade,260790109A,Barra de Jangada,12.4106755442896,0,TRUE,TRUE,TRUE,FALSE,0
Gaibu,2019,2019-09-25,sensibilidade,260790109A,Barra de Jangada,12.4106755442896,0,FALSE,FALSE,FALSE,FALSE,
Gaibu,2019,2019-09-26,sensibilidade,260790109A,Barra de Jangada,12.4106755442896,0,TRUE,TRUE,TRUE,FALSE,0
Gaibu,2019,2019-09-27,sensibilidade,260790109A,Barra de Jangada,12.4106755442896,0,TRUE,TRUE,TRUE,FALSE,0
Gaibu,2019,2019-09-28,sensibilidade,260790109A,Barra de Jangada,12.4106755442896,0,TRUE,TRUE,TRUE,FALSE,0
Gaibu,2019,2019-09-29,sensibilidade,260790109A,Barra de Jangada,12.4106755442896,0,TRUE,TRUE,TRUE,FALSE,0
Gaibu,2019,2019-09-30,sensibilidade,260790109A,Barra de Jangada,12.4106755442896,0,TRUE,TRUE,TRUE,FALSE,0
Gaibu,2019,2019-10-01,sensibilidade,260790109A,Barra de Jangada,12.4106755442896,0,TRUE,TRUE,TRUE,FALSE,0
Gaibu,2019,2019-10-02,sensibilidade,260790109A,Barra de Jangada,12.4106755442896,0,TRUE,TRUE,TRUE,FALSE,0
Gaibu,2019,2019-10-03,sensibilidade,260790109A,Barra de Jangada,12.4106755442896,0,TRUE,TRUE,TRUE,FALSE,0
Gaibu,2019,2019-10-04,sensibilidade,260790109A,Barra de Jangada,12.4106755442896,0,TRUE,TRUE,TRUE,FALSE,0
Gaibu,2019,2019-10-05,sensibilidade,260790109A,Barra de Jangada,12.4106755442896,0,TRUE,TRUE,TRUE,FALSE,0
Gaibu,2019,2019-10-06,sensibilidade,260790109A,Barra de Jangada,12.4106755442896,0,TRUE,TRUE,TRUE,FALSE,0
Gaibu,2019,2019-10-07,sensibilidade,260790109A,Barra de Jangada,12.4106755442896,0.2,TRUE,TRUE,TRUE,FALSE,0.2
Gaibu,2019,2019-10-08,sensibilidade,260790109A,Barra de Jangada,12.4106755442896,6.11,FALSE,FALSE,FALSE,FALSE,
Gaibu,2019,2019-10-09,sensibilidade,260790109A,Barra de Jangada,12.4106755442896,1.18,FALSE,FALSE,FALSE,FALSE,
Gaibu,2019,2019-10-10,sensibilidade,260790109A,Barra de Jangada,12.4106755442896,3.35,FALSE,FALSE,FALSE,FALSE,
Gaibu,2019,2019-10-11,sensibilidade,260790109A,Barra de Jangada,12.4106755442896,7.89,TRUE,TRUE,TRUE,FALSE,7.89
Gaibu,2019,2019-10-12,sensibilidade,260790109A,Barra de Jangada,12.4106755442896,0.99,TRUE,TRUE,TRUE,FALSE,0.99
Gaibu,2019,2019-10-13,sensibilidade,260790109A,Barra de Jangada,12.4106755442896,2.95,FALSE,FALSE,FALSE,FALSE,
Gaibu,2019,2019-10-14,sensibilidade,260790109A,Barra de Jangada,12.4106755442896,2.59,FALSE,FALSE,FALSE,FALSE,
Gaibu,2019,2019-10-15,sensibilidade,260790109A,Barra de Jangada,12.4106755442896,0,FALSE,FALSE,FALSE,FALSE,
Gaibu,2019,2019-10-16,sensibilidade,260790109A,Barra de Jangada,12.4106755442896,0,TRUE,TRUE,TRUE,FALSE,0
Gaibu,2019,2019-10-17,sensibilidade,260790109A,Barra de Jangada,12.4106755442896,0.59,TRUE,TRUE,TRUE,FALSE,0.59
Gaibu,2019,2019-10-18,sensibilidade,260790109A,Barra de Jangada,12.4106755442896,15.07,TRUE,TRUE,TRUE,FALSE,15.07
Gaibu,2019,2019-10-19,sensibilidade,260790109A,Barra de Jangada,12.4106755442896,0,TRUE,TRUE,TRUE,FALSE,0
Gaibu,2019,2019-10-20,sensibilidade,260790109A,Barra de Jangada,12.4106755442896,0,TRUE,TRUE,TRUE,FALSE,0
Gaibu,2019,2019-10-21,sensibilidade,260790109A,Barra de Jangada,12.4106755442896,0,TRUE,TRUE,TRUE,FALSE,0
Gaibu,2019,2019-10-22,sensibilidade,260790109A,Barra de Jangada,12.4106755442896,0,TRUE,TRUE,TRUE,FALSE,0
Gaibu,2019,2019-10-23,sensibilidade,260790109A,Barra de Jangada,12.4106755442896,0,TRUE,TRUE,TRUE,FALSE,0
Gaibu,2019,2019-10-24,sensibilidade,260790109A,Barra de Jangada,12.4106755442896,0,TRUE,TRUE,TRUE,FALSE,0
Gaibu,2019,2019-10-25,sensibilidade,260790109A,Barra de Jangada,12.4106755442896,0,TRUE,TRUE,TRUE,FALSE,0
Gaibu,2019,2019-10-26,sensibilidade,260790109A,Barra de Jangada,12.4106755442896,0.4,TRUE,TRUE,TRUE,FALSE,0.4
Gaibu,2019,2019-10-27,sensibilidade,260790109A,Barra de Jangada,12.4106755442896,0,TRUE,TRUE,TRUE,FALSE,0
Gaibu,2019,2019-10-28,sensibilidade,260790109A,Barra de Jangada,12.4106755442896,0,TRUE,TRUE,TRUE,FALSE,0
Gaibu,2019,2019-10-29,sensibilidade,260790109A,Barra de Jangada,12.4106755442896,0,FALSE,FALSE,FALSE,FALSE,
Gaibu,2019,2019-10-30,sensibilidade,260790109A,Barra de Jangada,12.4106755442896,0,TRUE,TRUE,TRUE,FALSE,0
Gaibu,2019,2019-10-31,sensibilidade,260790109A,Barra de Jangada,12.4106755442896,0,TRUE,TRUE,TRUE,FALSE,0
Gaibu,2019,2019-11-01,sensibilidade,260790109A,Barra de Jangada,12.4106755442896,0,TRUE,TRUE,TRUE,FALSE,0
Gaibu,2019,2019-11-02,sensibilidade,260790109A,Barra de Jangada,12.4106755442896,0,TRUE,TRUE,TRUE,FALSE,0
Gaibu,2019,2019-11-03,sensibilidade,260790109A,Barra de Jangada,12.4106755442896,0,FALSE,FALSE,FALSE,FALSE,
Gaibu,2019,2019-11-04,sensibilidade,260790109A,Barra de Jangada,12.4106755442896,,FALSE,FALSE,FALSE,FALSE,
Gaibu,2019,2019-11-05,sensibilidade,260790109A,Barra de Jangada,12.4106755442896,,FALSE,FALSE,FALSE,FALSE,
Gaibu,2019,2019-11-06,sensibilidade,260790109A,Barra de Jangada,12.4106755442896,,FALSE,FALSE,FALSE,FALSE,
Gaibu,2019,2019-11-07,sensibilidade,260790109A,Barra de Jangada,12.4106755442896,,FALSE,FALSE,FALSE,FALSE,
Gaibu,2019,2019-11-08,sensibilidade,260790109A,Barra de Jangada,12.4106755442896,,FALSE,FALSE,FALSE,FALSE,
Gaibu,2019,2019-11-09,sensibilidade,260790109A,Barra de Jangada,12.4106755442896,,FALSE,FALSE,FALSE,FALSE,
Gaibu,2019,2019-11-10,sensibilidade,260790109A,Barra de Jangada,12.4106755442896,,FALSE,FALSE,FALSE,FALSE,
Gaibu,2019,2019-11-11,sensibilidade,260790109A,Barra de Jangada,12.4106755442896,,FALSE,FALSE,FALSE,FALSE,
Gaibu,2019,2019-11-12,sensibilidade,260790109A,Barra de Jangada,12.4106755442896,0,FALSE,FALSE,FALSE,FALSE,
Gaibu,2019,2019-11-13,sensibilidade,260790109A,Barra de Jangada,12.4106755442896,0,FALSE,FALSE,FALSE,FALSE,
Gaibu,2019,2019-11-14,sensibilidade,260790109A,Barra de Jangada,12.4106755442896,0,TRUE,TRUE,TRUE,FALSE,0
Gaibu,2019,2019-11-15,sensibilidade,260790109A,Barra de Jangada,12.4106755442896,0,TRUE,TRUE,TRUE,FALSE,0
Gaibu,2019,2019-11-16,sensibilidade,260790109A,Barra de Jangada,12.4106755442896,0,TRUE,TRUE,TRUE,FALSE,0
Gaibu,2019,2019-11-17,sensibilidade,260790109A,Barra de Jangada,12.4106755442896,0,FALSE,FALSE,FALSE,FALSE,
Gaibu,2019,2019-11-18,sensibilidade,260790109A,Barra de Jangada,12.4106755442896,0,TRUE,TRUE,TRUE,FALSE,0
Gaibu,2019,2019-11-19,sensibilidade,260790109A,Barra de Jangada,12.4106755442896,0,TRUE,TRUE,TRUE,FALSE,0
Gaibu,2019,2019-11-20,sensibilidade,260790109A,Barra de Jangada,12.4106755442896,0,TRUE,TRUE,TRUE,FALSE,0
Gaibu,2019,2019-11-21,sensibilidade,260790109A,Barra de Jangada,12.4106755442896,0,TRUE,TRUE,TRUE,FALSE,0
Gaibu,2019,2019-11-22,sensibilidade,260790109A,Barra de Jangada,12.4106755442896,0,TRUE,TRUE,TRUE,FALSE,0
Gaibu,2019,2019-11-23,sensibilidade,260790109A,Barra de Jangada,12.4106755442896,0,TRUE,TRUE,TRUE,FALSE,0
Gaibu,2019,2019-11-24,sensibilidade,260790109A,Barra de Jangada,12.4106755442896,0,FALSE,TRUE,TRUE,FALSE,
Gaibu,2019,2019-11-25,sensibilidade,260790109A,Barra de Jangada,12.4106755442896,0,TRUE,TRUE,TRUE,FALSE,0
Gaibu,2019,2019-11-26,sensibilidade,260790109A,Barra de Jangada,12.4106755442896,0,TRUE,TRUE,TRUE,FALSE,0
Gaibu,2019,2019-11-27,sensibilidade,260790109A,Barra de Jangada,12.4106755442896,0,TRUE,TRUE,TRUE,FALSE,0
Gaibu,2019,2019-11-28,sensibilidade,260790109A,Barra de Jangada,12.4106755442896,0,TRUE,TRUE,TRUE,FALSE,0
Gaibu,2019,2019-11-29,sensibilidade,260790109A,Barra de Jangada,12.4106755442896,0,TRUE,TRUE,TRUE,FALSE,0
Gaibu,2019,2019-11-30,sensibilidade,260790109A,Barra de Jangada,12.4106755442896,0,TRUE,TRUE,TRUE,FALSE,0
Gaibu,2019,2019-12-01,sensibilidade,260790109A,Barra de Jangada,12.4106755442896,0,TRUE,TRUE,TRUE,FALSE,0
Gaibu,2019,2019-12-02,sensibilidade,260790109A,Barra de Jangada,12.4106755442896,0,TRUE,TRUE,TRUE,FALSE,0
Gaibu,2019,2019-12-03,sensibilidade,260790109A,Barra de Jangada,12.4106755442896,0,TRUE,TRUE,TRUE,FALSE,0
Gaibu,2019,2019-12-04,sensibilidade,260790109A,Barra de Jangada,12.4106755442896,0,FALSE,FALSE,FALSE,FALSE,
Gaibu,2019,2019-12-05,sensibilidade,260790109A,Barra de Jangada,12.4106755442896,0,FALSE,FALSE,FALSE,FALSE,
Gaibu,2019,2019-12-06,sensibilidade,260790109A,Barra de Jangada,12.4106755442896,0,TRUE,TRUE,TRUE,FALSE,0
Gaibu,2019,2019-12-07,sensibilidade,260790109A,Barra de Jangada,12.4106755442896,0,FALSE,FALSE,FALSE,FALSE,
Gaibu,2019,2019-12-08,sensibilidade,260790109A,Barra de Jangada,12.4106755442896,0,FALSE,FALSE,FALSE,FALSE,
Gaibu,2019,2019-12-09,sensibilidade,260790109A,Barra de Jangada,12.4106755442896,0,TRUE,TRUE,TRUE,FALSE,0
Gaibu,2019,2019-12-10,sensibilidade,260790109A,Barra de Jangada,12.4106755442896,0.2,TRUE,TRUE,TRUE,FALSE,0.2
Gaibu,2019,2019-12-11,sensibilidade,260790109A,Barra de Jangada,12.4106755442896,0,TRUE,TRUE,TRUE,FALSE,0
Gaibu,2019,2019-12-12,sensibilidade,260790109A,Barra de Jangada,12.4106755442896,0,TRUE,TRUE,TRUE,FALSE,0
Gaibu,2019,2019-12-13,sensibilidade,260790109A,Barra de Jangada,12.4106755442896,0,FALSE,FALSE,TRUE,FALSE,
Gaibu,2019,2019-12-14,sensibilidade,260790109A,Barra de Jangada,12.4106755442896,0,FALSE,FALSE,FALSE,FALSE,
Gaibu,2019,2019-12-15,sensibilidade,260790109A,Barra de Jangada,12.4106755442896,0.59,TRUE,TRUE,TRUE,FALSE,0.59
Gaibu,2019,2019-12-16,sensibilidade,260790109A,Barra de Jangada,12.4106755442896,15.2,TRUE,TRUE,TRUE,FALSE,15.2
Gaibu,2019,2019-12-17,sensibilidade,260790109A,Barra de Jangada,12.4106755442896,3.35,TRUE,TRUE,TRUE,FALSE,3.35
Gaibu,2019,2019-12-18,sensibilidade,260790109A,Barra de Jangada,12.4106755442896,0.2,TRUE,TRUE,TRUE,FALSE,0.2
Gaibu,2019,2019-12-19,sensibilidade,260790109A,Barra de Jangada,12.4106755442896,0.8,TRUE,TRUE,TRUE,FALSE,0.8
Gaibu,2019,2019-12-20,sensibilidade,260790109A,Barra de Jangada,12.4106755442896,2.96,FALSE,TRUE,TRUE,FALSE,
Gaibu,2019,2019-12-21,sensibilidade,260790109A,Barra de Jangada,12.4106755442896,0,TRUE,TRUE,TRUE,FALSE,0
Gaibu,2019,2019-12-22,sensibilidade,260790109A,Barra de Jangada,12.4106755442896,2.96,FALSE,FALSE,FALSE,FALSE,
Gaibu,2019,2019-12-23,sensibilidade,260790109A,Barra de Jangada,12.4106755442896,0,FALSE,TRUE,TRUE,FALSE,
Gaibu,2019,2019-12-24,sensibilidade,260790109A,Barra de Jangada,12.4106755442896,0,FALSE,FALSE,FALSE,FALSE,
Gaibu,2019,2019-12-25,sensibilidade,260790109A,Barra de Jangada,12.4106755442896,0.2,TRUE,TRUE,TRUE,FALSE,0.2
Gaibu,2019,2019-12-26,sensibilidade,260790109A,Barra de Jangada,12.4106755442896,0.2,FALSE,FALSE,TRUE,FALSE,
Gaibu,2019,2019-12-27,sensibilidade,260790109A,Barra de Jangada,12.4106755442896,0,FALSE,TRUE,TRUE,FALSE,
Gaibu,2019,2019-12-28,sensibilidade,260790109A,Barra de Jangada,12.4106755442896,0,TRUE,TRUE,TRUE,FALSE,0
Gaibu,2019,2019-12-29,sensibilidade,260790109A,Barra de Jangada,12.4106755442896,0,TRUE,TRUE,TRUE,FALSE,0
Gaibu,2019,2019-12-30,sensibilidade,260790109A,Barra de Jangada,12.4106755442896,0,TRUE,TRUE,TRUE,FALSE,0
Gaibu,2019,2019-12-31,sensibilidade,260790109A,Barra de Jangada,12.4106755442896,0,TRUE,TRUE,TRUE,FALSE,0
IFPE,2018,2018-01-01,principal,260720801A,Centro,2.94037517011968,0,TRUE,TRUE,TRUE,FALSE,0
IFPE,2018,2018-01-02,principal,260720801A,Centro,2.94037517011968,0,TRUE,TRUE,TRUE,FALSE,0
IFPE,2018,2018-01-03,principal,260720801A,Centro,2.94037517011968,0,TRUE,TRUE,TRUE,FALSE,0
IFPE,2018,2018-01-04,principal,260720801A,Centro,2.94037517011968,0,TRUE,TRUE,TRUE,FALSE,0
IFPE,2018,2018-01-05,principal,260720801A,Centro,2.94037517011968,0.98,TRUE,TRUE,TRUE,FALSE,0.98
IFPE,2018,2018-01-06,principal,260720801A,Centro,2.94037517011968,0,TRUE,TRUE,TRUE,FALSE,0
IFPE,2018,2018-01-07,principal,260720801A,Centro,2.94037517011968,1.77,TRUE,TRUE,TRUE,FALSE,1.77
IFPE,2018,2018-01-08,principal,260720801A,Centro,2.94037517011968,5.5,TRUE,TRUE,TRUE,FALSE,5.5
IFPE,2018,2018-01-09,principal,260720801A,Centro,2.94037517011968,1.97,TRUE,TRUE,TRUE,FALSE,1.97
IFPE,2018,2018-01-10,principal,260720801A,Centro,2.94037517011968,3.58,TRUE,TRUE,TRUE,FALSE,3.58
IFPE,2018,2018-01-11,principal,260720801A,Centro,2.94037517011968,14.09,TRUE,TRUE,TRUE,FALSE,14.09
IFPE,2018,2018-01-12,principal,260720801A,Centro,2.94037517011968,0.6,FALSE,FALSE,TRUE,FALSE,
IFPE,2018,2018-01-13,principal,260720801A,Centro,2.94037517011968,1.97,TRUE,TRUE,TRUE,FALSE,1.97
IFPE,2018,2018-01-14,principal,260720801A,Centro,2.94037517011968,0.79,TRUE,TRUE,TRUE,FALSE,0.79
IFPE,2018,2018-01-15,principal,260720801A,Centro,2.94037517011968,2.36,TRUE,TRUE,TRUE,FALSE,2.36
IFPE,2018,2018-01-16,principal,260720801A,Centro,2.94037517011968,0.2,TRUE,TRUE,TRUE,FALSE,0.2
IFPE,2018,2018-01-17,principal,260720801A,Centro,2.94037517011968,5.54,TRUE,TRUE,TRUE,FALSE,5.54
IFPE,2018,2018-01-18,principal,260720801A,Centro,2.94037517011968,4.33,TRUE,TRUE,TRUE,FALSE,4.33
IFPE,2018,2018-01-19,principal,260720801A,Centro,2.94037517011968,31.82,TRUE,TRUE,TRUE,FALSE,31.82
IFPE,2018,2018-01-20,principal,260720801A,Centro,2.94037517011968,0,TRUE,TRUE,TRUE,FALSE,0
IFPE,2018,2018-01-21,principal,260720801A,Centro,2.94037517011968,1.39,TRUE,TRUE,TRUE,FALSE,1.39
IFPE,2018,2018-01-22,principal,260720801A,Centro,2.94037517011968,1.77,TRUE,TRUE,TRUE,FALSE,1.77
IFPE,2018,2018-01-23,principal,260720801A,Centro,2.94037517011968,36.19,FALSE,FALSE,TRUE,FALSE,
IFPE,2018,2018-01-24,principal,260720801A,Centro,2.94037517011968,0.4,TRUE,TRUE,TRUE,FALSE,0.4
IFPE,2018,2018-01-25,principal,260720801A,Centro,2.94037517011968,0,TRUE,TRUE,TRUE,FALSE,0
IFPE,2018,2018-01-26,principal,260720801A,Centro,2.94037517011968,23.87,TRUE,TRUE,TRUE,FALSE,23.87
IFPE,2018,2018-01-27,principal,260720801A,Centro,2.94037517011968,0,TRUE,TRUE,TRUE,FALSE,0
IFPE,2018,2018-01-28,principal,260720801A,Centro,2.94037517011968,3.16,TRUE,TRUE,TRUE,FALSE,3.16
IFPE,2018,2018-01-29,principal,260720801A,Centro,2.94037517011968,4.34,TRUE,TRUE,TRUE,FALSE,4.34
IFPE,2018,2018-01-30,principal,260720801A,Centro,2.94037517011968,1.6,TRUE,TRUE,TRUE,FALSE,1.6
IFPE,2018,2018-01-31,principal,260720801A,Centro,2.94037517011968,0,TRUE,TRUE,TRUE,FALSE,0
IFPE,2018,2018-02-01,principal,260720801A,Centro,2.94037517011968,0,TRUE,TRUE,TRUE,FALSE,0
IFPE,2018,2018-02-02,principal,260720801A,Centro,2.94037517011968,0,TRUE,TRUE,TRUE,FALSE,0
IFPE,2018,2018-02-03,principal,260720801A,Centro,2.94037517011968,0,TRUE,TRUE,TRUE,FALSE,0
IFPE,2018,2018-02-04,principal,260720801A,Centro,2.94037517011968,0,TRUE,TRUE,TRUE,FALSE,0
IFPE,2018,2018-02-05,principal,260720801A,Centro,2.94037517011968,0.98,TRUE,TRUE,TRUE,FALSE,0.98
IFPE,2018,2018-02-06,principal,260720801A,Centro,2.94037517011968,1.38,TRUE,TRUE,TRUE,FALSE,1.38
IFPE,2018,2018-02-07,principal,260720801A,Centro,2.94037517011968,0.39,TRUE,TRUE,TRUE,FALSE,0.39
IFPE,2018,2018-02-08,principal,260720801A,Centro,2.94037517011968,5.91,TRUE,TRUE,TRUE,FALSE,5.91
IFPE,2018,2018-02-09,principal,260720801A,Centro,2.94037517011968,34.62,TRUE,TRUE,TRUE,FALSE,34.62
IFPE,2018,2018-02-10,principal,260720801A,Centro,2.94037517011968,0,TRUE,TRUE,TRUE,FALSE,0
IFPE,2018,2018-02-11,principal,260720801A,Centro,2.94037517011968,0,TRUE,TRUE,TRUE,FALSE,0
IFPE,2018,2018-02-12,principal,260720801A,Centro,2.94037517011968,3.15,TRUE,TRUE,TRUE,FALSE,3.15
IFPE,2018,2018-02-13,principal,260720801A,Centro,2.94037517011968,2.56,TRUE,TRUE,TRUE,FALSE,2.56
IFPE,2018,2018-02-14,principal,260720801A,Centro,2.94037517011968,4.33,TRUE,TRUE,TRUE,FALSE,4.33
IFPE,2018,2018-02-15,principal,260720801A,Centro,2.94037517011968,6.92,TRUE,TRUE,TRUE,FALSE,6.92
IFPE,2018,2018-02-16,principal,260720801A,Centro,2.94037517011968,7.07,TRUE,TRUE,TRUE,FALSE,7.07
IFPE,2018,2018-02-17,principal,260720801A,Centro,2.94037517011968,36.26,FALSE,TRUE,TRUE,FALSE,
IFPE,2018,2018-02-18,principal,260720801A,Centro,2.94037517011968,103.15,FALSE,FALSE,TRUE,FALSE,
IFPE,2018,2018-02-19,principal,260720801A,Centro,2.94037517011968,1.78,TRUE,TRUE,TRUE,FALSE,1.78
IFPE,2018,2018-02-20,principal,260720801A,Centro,2.94037517011968,9.32,TRUE,TRUE,TRUE,FALSE,9.32
IFPE,2018,2018-02-21,principal,260720801A,Centro,2.94037517011968,0.2,TRUE,TRUE,TRUE,FALSE,0.2
IFPE,2018,2018-02-22,principal,260720801A,Centro,2.94037517011968,1.18,TRUE,TRUE,TRUE,FALSE,1.18
IFPE,2018,2018-02-23,principal,260720801A,Centro,2.94037517011968,0.2,TRUE,TRUE,TRUE,FALSE,0.2
IFPE,2018,2018-02-24,principal,260720801A,Centro,2.94037517011968,0,TRUE,TRUE,TRUE,FALSE,0
IFPE,2018,2018-02-25,principal,260720801A,Centro,2.94037517011968,5.51,TRUE,TRUE,TRUE,FALSE,5.51
IFPE,2018,2018-02-26,principal,260720801A,Centro,2.94037517011968,1.37,FALSE,TRUE,TRUE,FALSE,
IFPE,2018,2018-02-27,principal,260720801A,Centro,2.94037517011968,0,TRUE,TRUE,TRUE,FALSE,0
IFPE,2018,2018-02-28,principal,260720801A,Centro,2.94037517011968,37.09,TRUE,TRUE,TRUE,FALSE,37.09
IFPE,2018,2018-03-01,principal,260720801A,Centro,2.94037517011968,1.38,TRUE,TRUE,TRUE,FALSE,1.38
IFPE,2018,2018-03-02,principal,260720801A,Centro,2.94037517011968,0,TRUE,TRUE,TRUE,FALSE,0
IFPE,2018,2018-03-03,principal,260720801A,Centro,2.94037517011968,60.03,TRUE,TRUE,TRUE,FALSE,60.03
IFPE,2018,2018-03-04,principal,260720801A,Centro,2.94037517011968,0,TRUE,TRUE,TRUE,FALSE,0
IFPE,2018,2018-03-05,principal,260720801A,Centro,2.94037517011968,0.2,TRUE,TRUE,TRUE,FALSE,0.2
IFPE,2018,2018-03-06,principal,260720801A,Centro,2.94037517011968,2.57,TRUE,TRUE,TRUE,FALSE,2.57
IFPE,2018,2018-03-07,principal,260720801A,Centro,2.94037517011968,0.4,TRUE,TRUE,TRUE,FALSE,0.4
IFPE,2018,2018-03-08,principal,260720801A,Centro,2.94037517011968,0,FALSE,FALSE,TRUE,FALSE,
IFPE,2018,2018-03-09,principal,260720801A,Centro,2.94037517011968,0,TRUE,TRUE,TRUE,FALSE,0
IFPE,2018,2018-03-10,principal,260720801A,Centro,2.94037517011968,1,TRUE,TRUE,TRUE,FALSE,1
IFPE,2018,2018-03-11,principal,260720801A,Centro,2.94037517011968,0,TRUE,TRUE,TRUE,FALSE,0
IFPE,2018,2018-03-12,principal,260720801A,Centro,2.94037517011968,0,TRUE,TRUE,TRUE,FALSE,0
IFPE,2018,2018-03-13,principal,260720801A,Centro,2.94037517011968,0,TRUE,TRUE,TRUE,FALSE,0
IFPE,2018,2018-03-14,principal,260720801A,Centro,2.94037517011968,0,TRUE,TRUE,TRUE,FALSE,0
IFPE,2018,2018-03-15,principal,260720801A,Centro,2.94037517011968,1.18,TRUE,TRUE,TRUE,FALSE,1.18
IFPE,2018,2018-03-16,principal,260720801A,Centro,2.94037517011968,0.6,TRUE,TRUE,TRUE,FALSE,0.6
IFPE,2018,2018-03-17,principal,260720801A,Centro,2.94037517011968,0,TRUE,TRUE,TRUE,FALSE,0
IFPE,2018,2018-03-18,principal,260720801A,Centro,2.94037517011968,0,TRUE,TRUE,TRUE,FALSE,0
IFPE,2018,2018-03-19,principal,260720801A,Centro,2.94037517011968,0,TRUE,TRUE,TRUE,FALSE,0
IFPE,2018,2018-03-20,principal,260720801A,Centro,2.94037517011968,0,TRUE,TRUE,TRUE,FALSE,0
IFPE,2018,2018-03-21,principal,260720801A,Centro,2.94037517011968,0,FALSE,FALSE,FALSE,FALSE,
IFPE,2018,2018-03-22,principal,260720801A,Centro,2.94037517011968,0,TRUE,TRUE,TRUE,FALSE,0
IFPE,2018,2018-03-23,principal,260720801A,Centro,2.94037517011968,9.27,TRUE,TRUE,TRUE,FALSE,9.27
IFPE,2018,2018-03-24,principal,260720801A,Centro,2.94037517011968,18.17,TRUE,TRUE,TRUE,FALSE,18.17
IFPE,2018,2018-03-25,principal,260720801A,Centro,2.94037517011968,3.36,TRUE,TRUE,TRUE,FALSE,3.36
IFPE,2018,2018-03-26,principal,260720801A,Centro,2.94037517011968,4.33,TRUE,TRUE,TRUE,FALSE,4.33
IFPE,2018,2018-03-27,principal,260720801A,Centro,2.94037517011968,11.02,TRUE,TRUE,TRUE,FALSE,11.02
IFPE,2018,2018-03-28,principal,260720801A,Centro,2.94037517011968,40.16,TRUE,TRUE,TRUE,FALSE,40.16
IFPE,2018,2018-03-29,principal,260720801A,Centro,2.94037517011968,6.93,TRUE,TRUE,TRUE,FALSE,6.93
IFPE,2018,2018-03-30,principal,260720801A,Centro,2.94037517011968,5.16,TRUE,TRUE,TRUE,FALSE,5.16
IFPE,2018,2018-03-31,principal,260720801A,Centro,2.94037517011968,6.89,TRUE,TRUE,TRUE,FALSE,6.89
IFPE,2018,2018-04-01,principal,260720801A,Centro,2.94037517011968,70.01,TRUE,TRUE,TRUE,FALSE,70.01
IFPE,2018,2018-04-02,principal,260720801A,Centro,2.94037517011968,1.18,TRUE,TRUE,TRUE,FALSE,1.18
IFPE,2018,2018-04-03,principal,260720801A,Centro,2.94037517011968,1.58,TRUE,TRUE,TRUE,FALSE,1.58
IFPE,2018,2018-04-04,principal,260720801A,Centro,2.94037517011968,2.16,TRUE,TRUE,TRUE,FALSE,2.16
IFPE,2018,2018-04-05,principal,260720801A,Centro,2.94037517011968,0,TRUE,TRUE,TRUE,FALSE,0
IFPE,2018,2018-04-06,principal,260720801A,Centro,2.94037517011968,67.84,TRUE,TRUE,TRUE,FALSE,67.84
IFPE,2018,2018-04-07,principal,260720801A,Centro,2.94037517011968,0.39,TRUE,TRUE,TRUE,FALSE,0.39
IFPE,2018,2018-04-08,principal,260720801A,Centro,2.94037517011968,61.34,TRUE,TRUE,TRUE,FALSE,61.34
IFPE,2018,2018-04-09,principal,260720801A,Centro,2.94037517011968,4.15,TRUE,TRUE,TRUE,FALSE,4.15
IFPE,2018,2018-04-10,principal,260720801A,Centro,2.94037517011968,0,TRUE,TRUE,TRUE,FALSE,0
IFPE,2018,2018-04-11,principal,260720801A,Centro,2.94037517011968,12.58,TRUE,TRUE,TRUE,FALSE,12.58
IFPE,2018,2018-04-12,principal,260720801A,Centro,2.94037517011968,21.91,TRUE,TRUE,TRUE,FALSE,21.91
IFPE,2018,2018-04-13,principal,260720801A,Centro,2.94037517011968,12.03,TRUE,TRUE,TRUE,FALSE,12.03
IFPE,2018,2018-04-14,principal,260720801A,Centro,2.94037517011968,28.19,TRUE,TRUE,TRUE,FALSE,28.19
IFPE,2018,2018-04-15,principal,260720801A,Centro,2.94037517011968,57.31,TRUE,TRUE,TRUE,FALSE,57.31
IFPE,2018,2018-04-16,principal,260720801A,Centro,2.94037517011968,8.12,TRUE,TRUE,TRUE,FALSE,8.12
IFPE,2018,2018-04-17,principal,260720801A,Centro,2.94037517011968,3.54,TRUE,TRUE,TRUE,FALSE,3.54
IFPE,2018,2018-04-18,principal,260720801A,Centro,2.94037517011968,19.55,FALSE,FALSE,FALSE,FALSE,
IFPE,2018,2018-04-19,principal,260720801A,Centro,2.94037517011968,24.81,TRUE,TRUE,TRUE,FALSE,24.81
IFPE,2018,2018-04-20,principal,260720801A,Centro,2.94037517011968,23.5,TRUE,TRUE,TRUE,FALSE,23.5
IFPE,2018,2018-04-21,principal,260720801A,Centro,2.94037517011968,14.6,TRUE,TRUE,TRUE,FALSE,14.6
IFPE,2018,2018-04-22,principal,260720801A,Centro,2.94037517011968,17.95,TRUE,TRUE,TRUE,FALSE,17.95
IFPE,2018,2018-04-23,principal,260720801A,Centro,2.94037517011968,16.74,FALSE,FALSE,FALSE,FALSE,
IFPE,2018,2018-04-24,principal,260720801A,Centro,2.94037517011968,7.1,TRUE,TRUE,TRUE,FALSE,7.1
IFPE,2018,2018-04-25,principal,260720801A,Centro,2.94037517011968,5.15,TRUE,TRUE,TRUE,FALSE,5.15
IFPE,2018,2018-04-26,principal,260720801A,Centro,2.94037517011968,0,TRUE,TRUE,TRUE,FALSE,0
IFPE,2018,2018-04-27,principal,260720801A,Centro,2.94037517011968,0.2,TRUE,TRUE,TRUE,FALSE,0.2
IFPE,2018,2018-04-28,principal,260720801A,Centro,2.94037517011968,1.57,TRUE,TRUE,TRUE,FALSE,1.57
IFPE,2018,2018-04-29,principal,260720801A,Centro,2.94037517011968,10.44,FALSE,FALSE,TRUE,FALSE,
IFPE,2018,2018-04-30,principal,260720801A,Centro,2.94037517011968,71.72,TRUE,TRUE,TRUE,FALSE,71.72
IFPE,2018,2018-05-01,principal,260720801A,Centro,2.94037517011968,11.02,TRUE,TRUE,TRUE,FALSE,11.02
IFPE,2018,2018-05-02,principal,260720801A,Centro,2.94037517011968,1.96,TRUE,TRUE,TRUE,FALSE,1.96
IFPE,2018,2018-05-03,principal,260720801A,Centro,2.94037517011968,7.88,TRUE,TRUE,TRUE,FALSE,7.88
IFPE,2018,2018-05-04,principal,260720801A,Centro,2.94037517011968,1.57,TRUE,TRUE,TRUE,FALSE,1.57
IFPE,2018,2018-05-05,principal,260720801A,Centro,2.94037517011968,0,TRUE,TRUE,TRUE,FALSE,0
IFPE,2018,2018-05-06,principal,260720801A,Centro,2.94037517011968,0,TRUE,TRUE,TRUE,FALSE,0
IFPE,2018,2018-05-07,principal,260720801A,Centro,2.94037517011968,0.2,TRUE,TRUE,TRUE,FALSE,0.2
IFPE,2018,2018-05-08,principal,260720801A,Centro,2.94037517011968,0.2,TRUE,TRUE,TRUE,FALSE,0.2
IFPE,2018,2018-05-09,principal,260720801A,Centro,2.94037517011968,8.67,FALSE,FALSE,TRUE,FALSE,
IFPE,2018,2018-05-10,principal,260720801A,Centro,2.94037517011968,0.2,TRUE,TRUE,TRUE,FALSE,0.2
IFPE,2018,2018-05-11,principal,260720801A,Centro,2.94037517011968,13.6,FALSE,TRUE,TRUE,FALSE,
IFPE,2018,2018-05-12,principal,260720801A,Centro,2.94037517011968,5.11,TRUE,TRUE,TRUE,FALSE,5.11
IFPE,2018,2018-05-13,principal,260720801A,Centro,2.94037517011968,0.6,TRUE,TRUE,TRUE,FALSE,0.6
IFPE,2018,2018-05-14,principal,260720801A,Centro,2.94037517011968,5.93,TRUE,TRUE,TRUE,FALSE,5.93
IFPE,2018,2018-05-15,principal,260720801A,Centro,2.94037517011968,13.06,FALSE,FALSE,FALSE,FALSE,
IFPE,2018,2018-05-16,principal,260720801A,Centro,2.94037517011968,10.04,TRUE,TRUE,TRUE,FALSE,10.04
IFPE,2018,2018-05-17,principal,260720801A,Centro,2.94037517011968,11.5,TRUE,TRUE,TRUE,FALSE,11.5
IFPE,2018,2018-05-18,principal,260720801A,Centro,2.94037517011968,5.94,TRUE,TRUE,TRUE,FALSE,5.94
IFPE,2018,2018-05-19,principal,260720801A,Centro,2.94037517011968,0.59,TRUE,TRUE,TRUE,FALSE,0.59
IFPE,2018,2018-05-20,principal,260720801A,Centro,2.94037517011968,0,TRUE,TRUE,TRUE,FALSE,0
IFPE,2018,2018-05-21,principal,260720801A,Centro,2.94037517011968,0.42,FALSE,FALSE,TRUE,FALSE,
IFPE,2018,2018-05-22,principal,260720801A,Centro,2.94037517011968,1.78,TRUE,TRUE,TRUE,FALSE,1.78
IFPE,2018,2018-05-23,principal,260720801A,Centro,2.94037517011968,1.18,TRUE,TRUE,TRUE,FALSE,1.18
IFPE,2018,2018-05-24,principal,260720801A,Centro,2.94037517011968,8.69,TRUE,TRUE,TRUE,FALSE,8.69
IFPE,2018,2018-05-25,principal,260720801A,Centro,2.94037517011968,22.26,TRUE,TRUE,TRUE,FALSE,22.26
IFPE,2018,2018-05-26,principal,260720801A,Centro,2.94037517011968,0.2,TRUE,TRUE,TRUE,FALSE,0.2
IFPE,2018,2018-05-27,principal,260720801A,Centro,2.94037517011968,3.15,TRUE,TRUE,TRUE,FALSE,3.15
IFPE,2018,2018-05-28,principal,260720801A,Centro,2.94037517011968,12.02,TRUE,TRUE,TRUE,FALSE,12.02
IFPE,2018,2018-05-29,principal,260720801A,Centro,2.94037517011968,1.98,TRUE,TRUE,TRUE,FALSE,1.98
IFPE,2018,2018-05-30,principal,260720801A,Centro,2.94037517011968,0.6,TRUE,TRUE,TRUE,FALSE,0.6
IFPE,2018,2018-05-31,principal,260720801A,Centro,2.94037517011968,6.11,FALSE,FALSE,FALSE,FALSE,
IFPE,2018,2018-06-01,principal,260720801A,Centro,2.94037517011968,0,TRUE,TRUE,TRUE,FALSE,0
IFPE,2018,2018-06-02,principal,260720801A,Centro,2.94037517011968,2.78,TRUE,TRUE,TRUE,FALSE,2.78
IFPE,2018,2018-06-03,principal,260720801A,Centro,2.94037517011968,5.75,TRUE,TRUE,TRUE,FALSE,5.75
IFPE,2018,2018-06-04,principal,260720801A,Centro,2.94037517011968,2.96,TRUE,TRUE,TRUE,FALSE,2.96
IFPE,2018,2018-06-05,principal,260720801A,Centro,2.94037517011968,1.19,TRUE,TRUE,TRUE,FALSE,1.19
IFPE,2018,2018-06-06,principal,260720801A,Centro,2.94037517011968,0.2,TRUE,TRUE,TRUE,FALSE,0.2
IFPE,2018,2018-06-07,principal,260720801A,Centro,2.94037517011968,5.92,TRUE,TRUE,TRUE,FALSE,5.92
IFPE,2018,2018-06-08,principal,260720801A,Centro,2.94037517011968,10.28,FALSE,TRUE,TRUE,FALSE,
IFPE,2018,2018-06-09,principal,260720801A,Centro,2.94037517011968,2.76,TRUE,TRUE,TRUE,FALSE,2.76
IFPE,2018,2018-06-10,principal,260720801A,Centro,2.94037517011968,0.2,TRUE,TRUE,TRUE,FALSE,0.2
IFPE,2018,2018-06-11,principal,260720801A,Centro,2.94037517011968,1.97,TRUE,TRUE,TRUE,FALSE,1.97
IFPE,2018,2018-06-12,principal,260720801A,Centro,2.94037517011968,0,TRUE,TRUE,TRUE,FALSE,0
IFPE,2018,2018-06-13,principal,260720801A,Centro,2.94037517011968,0.2,TRUE,TRUE,TRUE,FALSE,0.2
IFPE,2018,2018-06-14,principal,260720801A,Centro,2.94037517011968,1.8,TRUE,TRUE,TRUE,FALSE,1.8
IFPE,2018,2018-06-15,principal,260720801A,Centro,2.94037517011968,2.58,TRUE,TRUE,TRUE,FALSE,2.58
IFPE,2018,2018-06-16,principal,260720801A,Centro,2.94037517011968,0.2,TRUE,TRUE,TRUE,FALSE,0.2
IFPE,2018,2018-06-17,principal,260720801A,Centro,2.94037517011968,0.6,TRUE,TRUE,TRUE,FALSE,0.6
IFPE,2018,2018-06-18,principal,260720801A,Centro,2.94037517011968,0.2,TRUE,TRUE,TRUE,FALSE,0.2
IFPE,2018,2018-06-19,principal,260720801A,Centro,2.94037517011968,4.78,TRUE,TRUE,TRUE,FALSE,4.78
IFPE,2018,2018-06-20,principal,260720801A,Centro,2.94037517011968,0.79,FALSE,TRUE,TRUE,FALSE,
IFPE,2018,2018-06-21,principal,260720801A,Centro,2.94037517011968,3.77,TRUE,TRUE,TRUE,FALSE,3.77
IFPE,2018,2018-06-22,principal,260720801A,Centro,2.94037517011968,0,TRUE,TRUE,TRUE,FALSE,0
IFPE,2018,2018-06-23,principal,260720801A,Centro,2.94037517011968,0,TRUE,TRUE,TRUE,FALSE,0
IFPE,2018,2018-06-24,principal,260720801A,Centro,2.94037517011968,6.3,TRUE,TRUE,TRUE,FALSE,6.3
IFPE,2018,2018-06-25,principal,260720801A,Centro,2.94037517011968,5.73,TRUE,TRUE,TRUE,FALSE,5.73
IFPE,2018,2018-06-26,principal,260720801A,Centro,2.94037517011968,0.2,TRUE,TRUE,TRUE,FALSE,0.2
IFPE,2018,2018-06-27,principal,260720801A,Centro,2.94037517011968,7.68,TRUE,TRUE,TRUE,FALSE,7.68
IFPE,2018,2018-06-28,principal,260720801A,Centro,2.94037517011968,3.17,FALSE,FALSE,TRUE,FALSE,
IFPE,2018,2018-06-29,principal,260720801A,Centro,2.94037517011968,4.17,FALSE,FALSE,TRUE,FALSE,
IFPE,2018,2018-06-30,principal,260720801A,Centro,2.94037517011968,0.4,TRUE,TRUE,TRUE,FALSE,0.4
IFPE,2018,2018-07-01,principal,260720801A,Centro,2.94037517011968,6.9,TRUE,TRUE,TRUE,FALSE,6.9
IFPE,2018,2018-07-02,principal,260720801A,Centro,2.94037517011968,21.31,TRUE,TRUE,TRUE,FALSE,21.31
IFPE,2018,2018-07-03,principal,260720801A,Centro,2.94037517011968,0.2,TRUE,TRUE,TRUE,FALSE,0.2
IFPE,2018,2018-07-04,principal,260720801A,Centro,2.94037517011968,0.4,TRUE,TRUE,TRUE,FALSE,0.4
IFPE,2018,2018-07-05,principal,260720801A,Centro,2.94037517011968,13.07,TRUE,TRUE,TRUE,FALSE,13.07
IFPE,2018,2018-07-06,principal,260720801A,Centro,2.94037517011968,3.55,TRUE,TRUE,TRUE,FALSE,3.55
IFPE,2018,2018-07-07,principal,260720801A,Centro,2.94037517011968,2.18,TRUE,TRUE,TRUE,FALSE,2.18
IFPE,2018,2018-07-08,principal,260720801A,Centro,2.94037517011968,2.37,TRUE,TRUE,TRUE,FALSE,2.37
IFPE,2018,2018-07-09,principal,260720801A,Centro,2.94037517011968,0,TRUE,TRUE,TRUE,FALSE,0
IFPE,2018,2018-07-10,principal,260720801A,Centro,2.94037517011968,2.56,TRUE,TRUE,TRUE,FALSE,2.56
IFPE,2018,2018-07-11,principal,260720801A,Centro,2.94037517011968,7.09,TRUE,TRUE,TRUE,FALSE,7.09
IFPE,2018,2018-07-12,principal,260720801A,Centro,2.94037517011968,6.49,FALSE,TRUE,TRUE,FALSE,
IFPE,2018,2018-07-13,principal,260720801A,Centro,2.94037517011968,0,FALSE,FALSE,FALSE,FALSE,
IFPE,2018,2018-07-14,principal,260720801A,Centro,2.94037517011968,0,TRUE,TRUE,TRUE,FALSE,0
IFPE,2018,2018-07-15,principal,260720801A,Centro,2.94037517011968,0,TRUE,TRUE,TRUE,FALSE,0
IFPE,2018,2018-07-16,principal,260720801A,Centro,2.94037517011968,0.2,TRUE,TRUE,TRUE,FALSE,0.2
IFPE,2018,2018-07-17,principal,260720801A,Centro,2.94037517011968,1.39,FALSE,FALSE,FALSE,FALSE,
IFPE,2018,2018-07-18,principal,260720801A,Centro,2.94037517011968,10.46,TRUE,TRUE,TRUE,FALSE,10.46
IFPE,2018,2018-07-19,principal,260720801A,Centro,2.94037517011968,0,TRUE,TRUE,TRUE,FALSE,0
IFPE,2018,2018-07-20,principal,260720801A,Centro,2.94037517011968,9.25,TRUE,TRUE,TRUE,FALSE,9.25
IFPE,2018,2018-07-21,principal,260720801A,Centro,2.94037517011968,0,TRUE,TRUE,TRUE,FALSE,0
IFPE,2018,2018-07-22,principal,260720801A,Centro,2.94037517011968,0,TRUE,TRUE,TRUE,FALSE,0
IFPE,2018,2018-07-23,principal,260720801A,Centro,2.94037517011968,1.58,TRUE,TRUE,TRUE,FALSE,1.58
IFPE,2018,2018-07-24,principal,260720801A,Centro,2.94037517011968,0,TRUE,TRUE,TRUE,FALSE,0
IFPE,2018,2018-07-25,principal,260720801A,Centro,2.94037517011968,7.11,TRUE,TRUE,TRUE,FALSE,7.11
IFPE,2018,2018-07-26,principal,260720801A,Centro,2.94037517011968,0,TRUE,TRUE,TRUE,FALSE,0
IFPE,2018,2018-07-27,principal,260720801A,Centro,2.94037517011968,8.47,TRUE,TRUE,TRUE,FALSE,8.47
IFPE,2018,2018-07-28,principal,260720801A,Centro,2.94037517011968,0,TRUE,TRUE,TRUE,FALSE,0
IFPE,2018,2018-07-29,principal,260720801A,Centro,2.94037517011968,0,TRUE,TRUE,TRUE,FALSE,0
IFPE,2018,2018-07-30,principal,260720801A,Centro,2.94037517011968,33.81,TRUE,TRUE,TRUE,FALSE,33.81
IFPE,2018,2018-07-31,principal,260720801A,Centro,2.94037517011968,26.01,TRUE,TRUE,TRUE,FALSE,26.01
IFPE,2018,2018-08-01,principal,260720801A,Centro,2.94037517011968,3.94,TRUE,TRUE,TRUE,FALSE,3.94
IFPE,2018,2018-08-02,principal,260720801A,Centro,2.94037517011968,0.59,TRUE,TRUE,TRUE,FALSE,0.59
IFPE,2018,2018-08-03,principal,260720801A,Centro,2.94037517011968,0,TRUE,TRUE,TRUE,FALSE,0
IFPE,2018,2018-08-04,principal,260720801A,Centro,2.94037517011968,0,TRUE,TRUE,TRUE,FALSE,0
IFPE,2018,2018-08-05,principal,260720801A,Centro,2.94037517011968,0,TRUE,TRUE,TRUE,FALSE,0
IFPE,2018,2018-08-06,principal,260720801A,Centro,2.94037517011968,0.6,TRUE,TRUE,TRUE,FALSE,0.6
IFPE,2018,2018-08-07,principal,260720801A,Centro,2.94037517011968,0,FALSE,FALSE,FALSE,FALSE,
IFPE,2018,2018-08-08,principal,260720801A,Centro,2.94037517011968,0,TRUE,TRUE,TRUE,FALSE,0
IFPE,2018,2018-08-09,principal,260720801A,Centro,2.94037517011968,2.77,TRUE,TRUE,TRUE,FALSE,2.77
IFPE,2018,2018-08-10,principal,260720801A,Centro,2.94037517011968,0,TRUE,TRUE,TRUE,FALSE,0
IFPE,2018,2018-08-11,principal,260720801A,Centro,2.94037517011968,0,TRUE,TRUE,TRUE,FALSE,0
IFPE,2018,2018-08-12,principal,260720801A,Centro,2.94037517011968,0,TRUE,TRUE,TRUE,FALSE,0
IFPE,2018,2018-08-13,principal,260720801A,Centro,2.94037517011968,0,TRUE,TRUE,TRUE,FALSE,0
IFPE,2018,2018-08-14,principal,260720801A,Centro,2.94037517011968,0,TRUE,TRUE,TRUE,FALSE,0
IFPE,2018,2018-08-15,principal,260720801A,Centro,2.94037517011968,0,TRUE,TRUE,TRUE,FALSE,0
IFPE,2018,2018-08-16,principal,260720801A,Centro,2.94037517011968,1.97,TRUE,TRUE,TRUE,FALSE,1.97
IFPE,2018,2018-08-17,principal,260720801A,Centro,2.94037517011968,0,TRUE,TRUE,TRUE,FALSE,0
IFPE,2018,2018-08-18,principal,260720801A,Centro,2.94037517011968,0.2,TRUE,TRUE,TRUE,FALSE,0.2
IFPE,2018,2018-08-19,principal,260720801A,Centro,2.94037517011968,0.4,TRUE,TRUE,TRUE,FALSE,0.4
IFPE,2018,2018-08-20,principal,260720801A,Centro,2.94037517011968,3.36,TRUE,TRUE,TRUE,FALSE,3.36
IFPE,2018,2018-08-21,principal,260720801A,Centro,2.94037517011968,2.17,TRUE,TRUE,TRUE,FALSE,2.17
IFPE,2018,2018-08-22,principal,260720801A,Centro,2.94037517011968,1.18,TRUE,TRUE,TRUE,FALSE,1.18
IFPE,2018,2018-08-23,principal,260720801A,Centro,2.94037517011968,0.59,TRUE,TRUE,TRUE,FALSE,0.59
IFPE,2018,2018-08-24,principal,260720801A,Centro,2.94037517011968,9.44,TRUE,TRUE,TRUE,FALSE,9.44
IFPE,2018,2018-08-25,principal,260720801A,Centro,2.94037517011968,3.36,TRUE,TRUE,TRUE,FALSE,3.36
IFPE,2018,2018-08-26,principal,260720801A,Centro,2.94037517011968,0,TRUE,TRUE,TRUE,FALSE,0
IFPE,2018,2018-08-27,principal,260720801A,Centro,2.94037517011968,0,TRUE,TRUE,TRUE,FALSE,0
IFPE,2018,2018-08-28,principal,260720801A,Centro,2.94037517011968,0,TRUE,TRUE,TRUE,FALSE,0
IFPE,2018,2018-08-29,principal,260720801A,Centro,2.94037517011968,2.21,TRUE,TRUE,TRUE,FALSE,2.21
IFPE,2018,2018-08-30,principal,260720801A,Centro,2.94037517011968,2.37,TRUE,TRUE,TRUE,FALSE,2.37
IFPE,2018,2018-08-31,principal,260720801A,Centro,2.94037517011968,1.38,TRUE,TRUE,TRUE,FALSE,1.38
IFPE,2018,2018-09-01,principal,260720801A,Centro,2.94037517011968,3.33,TRUE,TRUE,TRUE,FALSE,3.33
IFPE,2018,2018-09-02,principal,260720801A,Centro,2.94037517011968,6.51,TRUE,TRUE,TRUE,FALSE,6.51
IFPE,2018,2018-09-03,principal,260720801A,Centro,2.94037517011968,0,TRUE,TRUE,TRUE,FALSE,0
IFPE,2018,2018-09-04,principal,260720801A,Centro,2.94037517011968,0,TRUE,TRUE,TRUE,FALSE,0
IFPE,2018,2018-09-05,principal,260720801A,Centro,2.94037517011968,0,TRUE,TRUE,TRUE,FALSE,0
IFPE,2018,2018-09-06,principal,260720801A,Centro,2.94037517011968,0,FALSE,FALSE,FALSE,FALSE,
IFPE,2018,2018-09-07,principal,260720801A,Centro,2.94037517011968,6.69,TRUE,TRUE,TRUE,FALSE,6.69
IFPE,2018,2018-09-08,principal,260720801A,Centro,2.94037517011968,2.57,TRUE,TRUE,TRUE,FALSE,2.57
IFPE,2018,2018-09-09,principal,260720801A,Centro,2.94037517011968,4.2,TRUE,TRUE,TRUE,FALSE,4.2
IFPE,2018,2018-09-10,principal,260720801A,Centro,2.94037517011968,5.53,FALSE,FALSE,FALSE,FALSE,
IFPE,2018,2018-09-11,principal,260720801A,Centro,2.94037517011968,0,TRUE,TRUE,TRUE,FALSE,0
IFPE,2018,2018-09-12,principal,260720801A,Centro,2.94037517011968,0,TRUE,TRUE,TRUE,FALSE,0
IFPE,2018,2018-09-13,principal,260720801A,Centro,2.94037517011968,0,TRUE,TRUE,TRUE,FALSE,0
IFPE,2018,2018-09-14,principal,260720801A,Centro,2.94037517011968,0,TRUE,TRUE,TRUE,FALSE,0
IFPE,2018,2018-09-15,principal,260720801A,Centro,2.94037517011968,0,TRUE,TRUE,TRUE,FALSE,0
IFPE,2018,2018-09-16,principal,260720801A,Centro,2.94037517011968,0.59,TRUE,TRUE,TRUE,FALSE,0.59
IFPE,2018,2018-09-17,principal,260720801A,Centro,2.94037517011968,0,TRUE,TRUE,TRUE,FALSE,0
IFPE,2018,2018-09-18,principal,260720801A,Centro,2.94037517011968,0.2,TRUE,TRUE,TRUE,FALSE,0.2
IFPE,2018,2018-09-19,principal,260720801A,Centro,2.94037517011968,1.58,TRUE,TRUE,TRUE,FALSE,1.58
IFPE,2018,2018-09-20,principal,260720801A,Centro,2.94037517011968,5.13,TRUE,TRUE,TRUE,FALSE,5.13
IFPE,2018,2018-09-21,principal,260720801A,Centro,2.94037517011968,0,TRUE,TRUE,TRUE,FALSE,0
IFPE,2018,2018-09-22,principal,260720801A,Centro,2.94037517011968,0,TRUE,TRUE,TRUE,FALSE,0
IFPE,2018,2018-09-23,principal,260720801A,Centro,2.94037517011968,0,TRUE,TRUE,TRUE,FALSE,0
IFPE,2018,2018-09-24,principal,260720801A,Centro,2.94037517011968,5.32,TRUE,TRUE,TRUE,FALSE,5.32
IFPE,2018,2018-09-25,principal,260720801A,Centro,2.94037517011968,0.2,TRUE,TRUE,TRUE,FALSE,0.2
IFPE,2018,2018-09-26,principal,260720801A,Centro,2.94037517011968,0,TRUE,TRUE,TRUE,FALSE,0
IFPE,2018,2018-09-27,principal,260720801A,Centro,2.94037517011968,6.3,TRUE,TRUE,TRUE,FALSE,6.3
IFPE,2018,2018-09-28,principal,260720801A,Centro,2.94037517011968,0,TRUE,TRUE,TRUE,FALSE,0
IFPE,2018,2018-09-29,principal,260720801A,Centro,2.94037517011968,3.16,TRUE,TRUE,TRUE,FALSE,3.16
IFPE,2018,2018-09-30,principal,260720801A,Centro,2.94037517011968,0.2,TRUE,TRUE,TRUE,FALSE,0.2
IFPE,2018,2018-10-01,principal,260720801A,Centro,2.94037517011968,0.2,FALSE,TRUE,TRUE,FALSE,
IFPE,2018,2018-10-02,principal,260720801A,Centro,2.94037517011968,0,TRUE,TRUE,TRUE,FALSE,0
IFPE,2018,2018-10-03,principal,260720801A,Centro,2.94037517011968,1.76,TRUE,TRUE,TRUE,FALSE,1.76
IFPE,2018,2018-10-04,principal,260720801A,Centro,2.94037517011968,0,TRUE,TRUE,TRUE,FALSE,0
IFPE,2018,2018-10-05,principal,260720801A,Centro,2.94037517011968,0.78,TRUE,TRUE,TRUE,FALSE,0.78
IFPE,2018,2018-10-06,principal,260720801A,Centro,2.94037517011968,0,TRUE,TRUE,TRUE,FALSE,0
IFPE,2018,2018-10-07,principal,260720801A,Centro,2.94037517011968,0,TRUE,TRUE,TRUE,FALSE,0
IFPE,2018,2018-10-08,principal,260720801A,Centro,2.94037517011968,0,TRUE,TRUE,TRUE,FALSE,0
IFPE,2018,2018-10-09,principal,260720801A,Centro,2.94037517011968,1.77,TRUE,TRUE,TRUE,FALSE,1.77
IFPE,2018,2018-10-10,principal,260720801A,Centro,2.94037517011968,0,FALSE,FALSE,TRUE,FALSE,
IFPE,2018,2018-10-11,principal,260720801A,Centro,2.94037517011968,0,TRUE,TRUE,TRUE,FALSE,0
IFPE,2018,2018-10-12,principal,260720801A,Centro,2.94037517011968,0,TRUE,TRUE,TRUE,FALSE,0
IFPE,2018,2018-10-13,principal,260720801A,Centro,2.94037517011968,0,TRUE,TRUE,TRUE,FALSE,0
IFPE,2018,2018-10-14,principal,260720801A,Centro,2.94037517011968,0,TRUE,TRUE,TRUE,FALSE,0
IFPE,2018,2018-10-15,principal,260720801A,Centro,2.94037517011968,0.59,TRUE,TRUE,TRUE,FALSE,0.59
IFPE,2018,2018-10-16,principal,260720801A,Centro,2.94037517011968,0.2,TRUE,TRUE,TRUE,FALSE,0.2
IFPE,2018,2018-10-17,principal,260720801A,Centro,2.94037517011968,9.26,TRUE,TRUE,TRUE,FALSE,9.26
IFPE,2018,2018-10-18,principal,260720801A,Centro,2.94037517011968,2.37,TRUE,TRUE,TRUE,FALSE,2.37
IFPE,2018,2018-10-19,principal,260720801A,Centro,2.94037517011968,0,TRUE,TRUE,TRUE,FALSE,0
IFPE,2018,2018-10-20,principal,260720801A,Centro,2.94037517011968,0,TRUE,TRUE,TRUE,FALSE,0
IFPE,2018,2018-10-21,principal,260720801A,Centro,2.94037517011968,0,TRUE,TRUE,TRUE,FALSE,0
IFPE,2018,2018-10-22,principal,260720801A,Centro,2.94037517011968,0,FALSE,FALSE,FALSE,FALSE,
IFPE,2018,2018-10-23,principal,260720801A,Centro,2.94037517011968,0,FALSE,FALSE,FALSE,FALSE,
IFPE,2018,2018-10-24,principal,260720801A,Centro,2.94037517011968,0,TRUE,TRUE,TRUE,FALSE,0
IFPE,2018,2018-10-25,principal,260720801A,Centro,2.94037517011968,0,TRUE,TRUE,TRUE,FALSE,0
IFPE,2018,2018-10-26,principal,260720801A,Centro,2.94037517011968,0,TRUE,TRUE,TRUE,FALSE,0
IFPE,2018,2018-10-27,principal,260720801A,Centro,2.94037517011968,0,TRUE,TRUE,TRUE,FALSE,0
IFPE,2018,2018-10-28,principal,260720801A,Centro,2.94037517011968,0,TRUE,TRUE,TRUE,FALSE,0
IFPE,2018,2018-10-29,principal,260720801A,Centro,2.94037517011968,0,TRUE,TRUE,TRUE,FALSE,0
IFPE,2018,2018-10-30,principal,260720801A,Centro,2.94037517011968,0,FALSE,FALSE,FALSE,FALSE,
IFPE,2018,2018-10-31,principal,260720801A,Centro,2.94037517011968,0.59,TRUE,TRUE,TRUE,FALSE,0.59
IFPE,2018,2018-11-01,principal,260720801A,Centro,2.94037517011968,0,TRUE,TRUE,TRUE,FALSE,0
IFPE,2018,2018-11-02,principal,260720801A,Centro,2.94037517011968,0,TRUE,TRUE,TRUE,FALSE,0
IFPE,2018,2018-11-03,principal,260720801A,Centro,2.94037517011968,0,TRUE,TRUE,TRUE,FALSE,0
IFPE,2018,2018-11-04,principal,260720801A,Centro,2.94037517011968,0,TRUE,TRUE,TRUE,FALSE,0
IFPE,2018,2018-11-05,principal,260720801A,Centro,2.94037517011968,0,TRUE,TRUE,TRUE,FALSE,0
IFPE,2018,2018-11-06,principal,260720801A,Centro,2.94037517011968,0,TRUE,TRUE,TRUE,FALSE,0
IFPE,2018,2018-11-07,principal,260720801A,Centro,2.94037517011968,5.5,TRUE,TRUE,TRUE,FALSE,5.5
IFPE,2018,2018-11-08,principal,260720801A,Centro,2.94037517011968,0.2,TRUE,TRUE,TRUE,FALSE,0.2
IFPE,2018,2018-11-09,principal,260720801A,Centro,2.94037517011968,0,TRUE,TRUE,TRUE,FALSE,0
IFPE,2018,2018-11-10,principal,260720801A,Centro,2.94037517011968,0,TRUE,TRUE,TRUE,FALSE,0
IFPE,2018,2018-11-11,principal,260720801A,Centro,2.94037517011968,0,TRUE,TRUE,TRUE,FALSE,0
IFPE,2018,2018-11-12,principal,260720801A,Centro,2.94037517011968,0,TRUE,TRUE,TRUE,FALSE,0
IFPE,2018,2018-11-13,principal,260720801A,Centro,2.94037517011968,0,TRUE,TRUE,TRUE,FALSE,0
IFPE,2018,2018-11-14,principal,260720801A,Centro,2.94037517011968,1.19,FALSE,FALSE,TRUE,FALSE,
IFPE,2018,2018-11-15,principal,260720801A,Centro,2.94037517011968,2.56,TRUE,TRUE,TRUE,FALSE,2.56
IFPE,2018,2018-11-16,principal,260720801A,Centro,2.94037517011968,0,TRUE,TRUE,TRUE,FALSE,0
IFPE,2018,2018-11-17,principal,260720801A,Centro,2.94037517011968,0,TRUE,TRUE,TRUE,FALSE,0
IFPE,2018,2018-11-18,principal,260720801A,Centro,2.94037517011968,0,TRUE,TRUE,TRUE,FALSE,0
IFPE,2018,2018-11-19,principal,260720801A,Centro,2.94037517011968,0,TRUE,TRUE,TRUE,FALSE,0
IFPE,2018,2018-11-20,principal,260720801A,Centro,2.94037517011968,1.58,TRUE,TRUE,TRUE,FALSE,1.58
IFPE,2018,2018-11-21,principal,260720801A,Centro,2.94037517011968,2.59,TRUE,TRUE,TRUE,FALSE,2.59
IFPE,2018,2018-11-22,principal,260720801A,Centro,2.94037517011968,0,TRUE,TRUE,TRUE,FALSE,0
IFPE,2018,2018-11-23,principal,260720801A,Centro,2.94037517011968,0,TRUE,TRUE,TRUE,FALSE,0
IFPE,2018,2018-11-24,principal,260720801A,Centro,2.94037517011968,0.8,TRUE,TRUE,TRUE,FALSE,0.8
IFPE,2018,2018-11-25,principal,260720801A,Centro,2.94037517011968,3.74,TRUE,TRUE,TRUE,FALSE,3.74
IFPE,2018,2018-11-26,principal,260720801A,Centro,2.94037517011968,0.79,TRUE,TRUE,TRUE,FALSE,0.79
IFPE,2018,2018-11-27,principal,260720801A,Centro,2.94037517011968,33.08,FALSE,TRUE,TRUE,FALSE,
IFPE,2018,2018-11-28,principal,260720801A,Centro,2.94037517011968,0.59,TRUE,TRUE,TRUE,FALSE,0.59
IFPE,2018,2018-11-29,principal,260720801A,Centro,2.94037517011968,0.79,TRUE,TRUE,TRUE,FALSE,0.79
IFPE,2018,2018-11-30,principal,260720801A,Centro,2.94037517011968,0.6,TRUE,TRUE,TRUE,FALSE,0.6
IFPE,2018,2018-12-01,principal,260720801A,Centro,2.94037517011968,0,TRUE,TRUE,TRUE,FALSE,0
IFPE,2018,2018-12-02,principal,260720801A,Centro,2.94037517011968,0,TRUE,TRUE,TRUE,FALSE,0
IFPE,2018,2018-12-03,principal,260720801A,Centro,2.94037517011968,0,TRUE,TRUE,TRUE,FALSE,0
IFPE,2018,2018-12-04,principal,260720801A,Centro,2.94037517011968,0,TRUE,TRUE,TRUE,FALSE,0
IFPE,2018,2018-12-05,principal,260720801A,Centro,2.94037517011968,0,TRUE,TRUE,TRUE,FALSE,0
IFPE,2018,2018-12-06,principal,260720801A,Centro,2.94037517011968,0,TRUE,TRUE,TRUE,FALSE,0
IFPE,2018,2018-12-07,principal,260720801A,Centro,2.94037517011968,0,TRUE,TRUE,TRUE,FALSE,0
IFPE,2018,2018-12-08,principal,260720801A,Centro,2.94037517011968,0,TRUE,TRUE,TRUE,FALSE,0
IFPE,2018,2018-12-09,principal,260720801A,Centro,2.94037517011968,1.77,FALSE,FALSE,FALSE,FALSE,
IFPE,2018,2018-12-10,principal,260720801A,Centro,2.94037517011968,24.24,TRUE,TRUE,TRUE,FALSE,24.24
IFPE,2018,2018-12-11,principal,260720801A,Centro,2.94037517011968,0,TRUE,TRUE,TRUE,FALSE,0
IFPE,2018,2018-12-12,principal,260720801A,Centro,2.94037517011968,2.17,FALSE,FALSE,FALSE,FALSE,
IFPE,2018,2018-12-13,principal,260720801A,Centro,2.94037517011968,0,TRUE,TRUE,TRUE,FALSE,0
IFPE,2018,2018-12-14,principal,260720801A,Centro,2.94037517011968,0,TRUE,TRUE,TRUE,FALSE,0
IFPE,2018,2018-12-15,principal,260720801A,Centro,2.94037517011968,0,TRUE,TRUE,TRUE,FALSE,0
IFPE,2018,2018-12-16,principal,260720801A,Centro,2.94037517011968,1.02,TRUE,TRUE,TRUE,FALSE,1.02
IFPE,2018,2018-12-17,principal,260720801A,Centro,2.94037517011968,5.77,TRUE,TRUE,TRUE,FALSE,5.77
IFPE,2018,2018-12-18,principal,260720801A,Centro,2.94037517011968,0,TRUE,TRUE,TRUE,FALSE,0
IFPE,2018,2018-12-19,principal,260720801A,Centro,2.94037517011968,0,TRUE,TRUE,TRUE,FALSE,0
IFPE,2018,2018-12-20,principal,260720801A,Centro,2.94037517011968,0,TRUE,TRUE,TRUE,FALSE,0
IFPE,2018,2018-12-21,principal,260720801A,Centro,2.94037517011968,0,TRUE,TRUE,TRUE,FALSE,0
IFPE,2018,2018-12-22,principal,260720801A,Centro,2.94037517011968,0,TRUE,TRUE,TRUE,FALSE,0
IFPE,2018,2018-12-23,principal,260720801A,Centro,2.94037517011968,0.2,TRUE,TRUE,TRUE,FALSE,0.2
IFPE,2018,2018-12-24,principal,260720801A,Centro,2.94037517011968,0,TRUE,TRUE,TRUE,FALSE,0
IFPE,2018,2018-12-25,principal,260720801A,Centro,2.94037517011968,0,TRUE,TRUE,TRUE,FALSE,0
IFPE,2018,2018-12-26,principal,260720801A,Centro,2.94037517011968,0,TRUE,TRUE,TRUE,FALSE,0
IFPE,2018,2018-12-27,principal,260720801A,Centro,2.94037517011968,0,TRUE,TRUE,TRUE,FALSE,0
IFPE,2018,2018-12-28,principal,260720801A,Centro,2.94037517011968,5.71,FALSE,FALSE,FALSE,FALSE,
IFPE,2018,2018-12-29,principal,260720801A,Centro,2.94037517011968,0,TRUE,TRUE,TRUE,FALSE,0
IFPE,2018,2018-12-30,principal,260720801A,Centro,2.94037517011968,0,TRUE,TRUE,TRUE,FALSE,0
IFPE,2018,2018-12-31,principal,260720801A,Centro,2.94037517011968,0,TRUE,TRUE,TRUE,FALSE,0
IFPE,2018,2018-01-01,sensibilidade,260720804A,Rurópolis,4.23417961072742,0,TRUE,TRUE,TRUE,FALSE,0
IFPE,2018,2018-01-02,sensibilidade,260720804A,Rurópolis,4.23417961072742,0,TRUE,TRUE,TRUE,FALSE,0
IFPE,2018,2018-01-03,sensibilidade,260720804A,Rurópolis,4.23417961072742,0,TRUE,TRUE,TRUE,FALSE,0
IFPE,2018,2018-01-04,sensibilidade,260720804A,Rurópolis,4.23417961072742,0,TRUE,TRUE,TRUE,FALSE,0
IFPE,2018,2018-01-05,sensibilidade,260720804A,Rurópolis,4.23417961072742,1.96,TRUE,TRUE,TRUE,FALSE,1.96
IFPE,2018,2018-01-06,sensibilidade,260720804A,Rurópolis,4.23417961072742,0.4,TRUE,TRUE,TRUE,FALSE,0.4
IFPE,2018,2018-01-07,sensibilidade,260720804A,Rurópolis,4.23417961072742,0,TRUE,TRUE,TRUE,FALSE,0
IFPE,2018,2018-01-08,sensibilidade,260720804A,Rurópolis,4.23417961072742,7.67,TRUE,TRUE,TRUE,FALSE,7.67
IFPE,2018,2018-01-09,sensibilidade,260720804A,Rurópolis,4.23417961072742,2.55,TRUE,TRUE,TRUE,FALSE,2.55
IFPE,2018,2018-01-10,sensibilidade,260720804A,Rurópolis,4.23417961072742,2.77,TRUE,TRUE,TRUE,FALSE,2.77
IFPE,2018,2018-01-11,sensibilidade,260720804A,Rurópolis,4.23417961072742,7.49,TRUE,TRUE,TRUE,FALSE,7.49
IFPE,2018,2018-01-12,sensibilidade,260720804A,Rurópolis,4.23417961072742,6.7,TRUE,TRUE,TRUE,FALSE,6.7
IFPE,2018,2018-01-13,sensibilidade,260720804A,Rurópolis,4.23417961072742,2.97,FALSE,TRUE,TRUE,FALSE,
IFPE,2018,2018-01-14,sensibilidade,260720804A,Rurópolis,4.23417961072742,2.37,TRUE,TRUE,TRUE,FALSE,2.37
IFPE,2018,2018-01-15,sensibilidade,260720804A,Rurópolis,4.23417961072742,8.27,TRUE,TRUE,TRUE,FALSE,8.27
IFPE,2018,2018-01-16,sensibilidade,260720804A,Rurópolis,4.23417961072742,0.39,TRUE,TRUE,TRUE,FALSE,0.39
IFPE,2018,2018-01-17,sensibilidade,260720804A,Rurópolis,4.23417961072742,2.95,TRUE,TRUE,TRUE,FALSE,2.95
IFPE,2018,2018-01-18,sensibilidade,260720804A,Rurópolis,4.23417961072742,3.16,TRUE,TRUE,TRUE,FALSE,3.16
IFPE,2018,2018-01-19,sensibilidade,260720804A,Rurópolis,4.23417961072742,31.15,TRUE,TRUE,TRUE,FALSE,31.15
IFPE,2018,2018-01-20,sensibilidade,260720804A,Rurópolis,4.23417961072742,0,TRUE,TRUE,TRUE,FALSE,0
IFPE,2018,2018-01-21,sensibilidade,260720804A,Rurópolis,4.23417961072742,0.4,TRUE,TRUE,TRUE,FALSE,0.4
IFPE,2018,2018-01-22,sensibilidade,260720804A,Rurópolis,4.23417961072742,3.94,TRUE,TRUE,TRUE,FALSE,3.94
IFPE,2018,2018-01-23,sensibilidade,260720804A,Rurópolis,4.23417961072742,46.06,TRUE,TRUE,TRUE,FALSE,46.06
IFPE,2018,2018-01-24,sensibilidade,260720804A,Rurópolis,4.23417961072742,0,TRUE,TRUE,TRUE,FALSE,0
IFPE,2018,2018-01-25,sensibilidade,260720804A,Rurópolis,4.23417961072742,2.56,TRUE,TRUE,TRUE,FALSE,2.56
IFPE,2018,2018-01-26,sensibilidade,260720804A,Rurópolis,4.23417961072742,3.35,TRUE,TRUE,TRUE,FALSE,3.35
IFPE,2018,2018-01-27,sensibilidade,260720804A,Rurópolis,4.23417961072742,0,TRUE,TRUE,TRUE,FALSE,0
IFPE,2018,2018-01-28,sensibilidade,260720804A,Rurópolis,4.23417961072742,9.46,TRUE,TRUE,TRUE,FALSE,9.46
IFPE,2018,2018-01-29,sensibilidade,260720804A,Rurópolis,4.23417961072742,0.98,FALSE,FALSE,FALSE,FALSE,
IFPE,2018,2018-01-30,sensibilidade,260720804A,Rurópolis,4.23417961072742,1.57,TRUE,TRUE,TRUE,FALSE,1.57
IFPE,2018,2018-01-31,sensibilidade,260720804A,Rurópolis,4.23417961072742,0,TRUE,TRUE,TRUE,FALSE,0
IFPE,2018,2018-02-01,sensibilidade,260720804A,Rurópolis,4.23417961072742,0,TRUE,TRUE,TRUE,FALSE,0
IFPE,2018,2018-02-02,sensibilidade,260720804A,Rurópolis,4.23417961072742,0,TRUE,TRUE,TRUE,FALSE,0
IFPE,2018,2018-02-03,sensibilidade,260720804A,Rurópolis,4.23417961072742,0,TRUE,TRUE,TRUE,FALSE,0
IFPE,2018,2018-02-04,sensibilidade,260720804A,Rurópolis,4.23417961072742,0,TRUE,TRUE,TRUE,FALSE,0
IFPE,2018,2018-02-05,sensibilidade,260720804A,Rurópolis,4.23417961072742,0,TRUE,TRUE,TRUE,FALSE,0
IFPE,2018,2018-02-06,sensibilidade,260720804A,Rurópolis,4.23417961072742,0.99,TRUE,TRUE,TRUE,FALSE,0.99
IFPE,2018,2018-02-07,sensibilidade,260720804A,Rurópolis,4.23417961072742,1.01,TRUE,TRUE,TRUE,FALSE,1.01
IFPE,2018,2018-02-08,sensibilidade,260720804A,Rurópolis,4.23417961072742,1.77,TRUE,TRUE,TRUE,FALSE,1.77
IFPE,2018,2018-02-09,sensibilidade,260720804A,Rurópolis,4.23417961072742,22.29,TRUE,TRUE,TRUE,FALSE,22.29
IFPE,2018,2018-02-10,sensibilidade,260720804A,Rurópolis,4.23417961072742,0,TRUE,TRUE,TRUE,FALSE,0
IFPE,2018,2018-02-11,sensibilidade,260720804A,Rurópolis,4.23417961072742,0,TRUE,TRUE,TRUE,FALSE,0
IFPE,2018,2018-02-12,sensibilidade,260720804A,Rurópolis,4.23417961072742,1.98,TRUE,TRUE,TRUE,FALSE,1.98
IFPE,2018,2018-02-13,sensibilidade,260720804A,Rurópolis,4.23417961072742,6.12,TRUE,TRUE,TRUE,FALSE,6.12
IFPE,2018,2018-02-14,sensibilidade,260720804A,Rurópolis,4.23417961072742,3.34,TRUE,TRUE,TRUE,FALSE,3.34
IFPE,2018,2018-02-15,sensibilidade,260720804A,Rurópolis,4.23417961072742,16.79,TRUE,TRUE,TRUE,FALSE,16.79
IFPE,2018,2018-02-16,sensibilidade,260720804A,Rurópolis,4.23417961072742,9.46,TRUE,TRUE,TRUE,FALSE,9.46
IFPE,2018,2018-02-17,sensibilidade,260720804A,Rurópolis,4.23417961072742,15.37,TRUE,TRUE,TRUE,FALSE,15.37
IFPE,2018,2018-02-18,sensibilidade,260720804A,Rurópolis,4.23417961072742,106.13,FALSE,FALSE,TRUE,FALSE,
IFPE,2018,2018-02-19,sensibilidade,260720804A,Rurópolis,4.23417961072742,1.98,TRUE,TRUE,TRUE,FALSE,1.98
IFPE,2018,2018-02-20,sensibilidade,260720804A,Rurópolis,4.23417961072742,13.48,TRUE,TRUE,TRUE,FALSE,13.48
IFPE,2018,2018-02-21,sensibilidade,260720804A,Rurópolis,4.23417961072742,0,TRUE,TRUE,TRUE,FALSE,0
IFPE,2018,2018-02-22,sensibilidade,260720804A,Rurópolis,4.23417961072742,2.37,TRUE,TRUE,TRUE,FALSE,2.37
IFPE,2018,2018-02-23,sensibilidade,260720804A,Rurópolis,4.23417961072742,0.2,TRUE,TRUE,TRUE,FALSE,0.2
IFPE,2018,2018-02-24,sensibilidade,260720804A,Rurópolis,4.23417961072742,0,TRUE,TRUE,TRUE,FALSE,0
IFPE,2018,2018-02-25,sensibilidade,260720804A,Rurópolis,4.23417961072742,5.55,TRUE,TRUE,TRUE,FALSE,5.55
IFPE,2018,2018-02-26,sensibilidade,260720804A,Rurópolis,4.23417961072742,0.2,TRUE,TRUE,TRUE,FALSE,0.2
IFPE,2018,2018-02-27,sensibilidade,260720804A,Rurópolis,4.23417961072742,0,TRUE,TRUE,TRUE,FALSE,0
IFPE,2018,2018-02-28,sensibilidade,260720804A,Rurópolis,4.23417961072742,36.36,TRUE,TRUE,TRUE,FALSE,36.36
IFPE,2018,2018-03-01,sensibilidade,260720804A,Rurópolis,4.23417961072742,0.99,TRUE,TRUE,TRUE,FALSE,0.99
IFPE,2018,2018-03-02,sensibilidade,260720804A,Rurópolis,4.23417961072742,0,TRUE,TRUE,TRUE,FALSE,0
IFPE,2018,2018-03-03,sensibilidade,260720804A,Rurópolis,4.23417961072742,49.06,TRUE,TRUE,TRUE,FALSE,49.06
IFPE,2018,2018-03-04,sensibilidade,260720804A,Rurópolis,4.23417961072742,1.38,TRUE,TRUE,TRUE,FALSE,1.38
IFPE,2018,2018-03-05,sensibilidade,260720804A,Rurópolis,4.23417961072742,0,TRUE,TRUE,TRUE,FALSE,0
IFPE,2018,2018-03-06,sensibilidade,260720804A,Rurópolis,4.23417961072742,3.38,TRUE,TRUE,TRUE,FALSE,3.38
IFPE,2018,2018-03-07,sensibilidade,260720804A,Rurópolis,4.23417961072742,0,TRUE,TRUE,TRUE,FALSE,0
IFPE,2018,2018-03-08,sensibilidade,260720804A,Rurópolis,4.23417961072742,0,FALSE,FALSE,FALSE,FALSE,
IFPE,2018,2018-03-09,sensibilidade,260720804A,Rurópolis,4.23417961072742,0,TRUE,TRUE,TRUE,FALSE,0
IFPE,2018,2018-03-10,sensibilidade,260720804A,Rurópolis,4.23417961072742,0.4,FALSE,FALSE,TRUE,FALSE,
IFPE,2018,2018-03-11,sensibilidade,260720804A,Rurópolis,4.23417961072742,0,TRUE,TRUE,TRUE,FALSE,0
IFPE,2018,2018-03-12,sensibilidade,260720804A,Rurópolis,4.23417961072742,0,TRUE,TRUE,TRUE,FALSE,0
IFPE,2018,2018-03-13,sensibilidade,260720804A,Rurópolis,4.23417961072742,0,TRUE,TRUE,TRUE,FALSE,0
IFPE,2018,2018-03-14,sensibilidade,260720804A,Rurópolis,4.23417961072742,0,TRUE,TRUE,TRUE,FALSE,0
IFPE,2018,2018-03-15,sensibilidade,260720804A,Rurópolis,4.23417961072742,2.59,TRUE,TRUE,TRUE,FALSE,2.59
IFPE,2018,2018-03-16,sensibilidade,260720804A,Rurópolis,4.23417961072742,1.37,TRUE,TRUE,TRUE,FALSE,1.37
IFPE,2018,2018-03-17,sensibilidade,260720804A,Rurópolis,4.23417961072742,0,TRUE,TRUE,TRUE,FALSE,0
IFPE,2018,2018-03-18,sensibilidade,260720804A,Rurópolis,4.23417961072742,0,TRUE,TRUE,TRUE,FALSE,0
IFPE,2018,2018-03-19,sensibilidade,260720804A,Rurópolis,4.23417961072742,1.19,TRUE,TRUE,TRUE,FALSE,1.19
IFPE,2018,2018-03-20,sensibilidade,260720804A,Rurópolis,4.23417961072742,0.79,TRUE,TRUE,TRUE,FALSE,0.79
IFPE,2018,2018-03-21,sensibilidade,260720804A,Rurópolis,4.23417961072742,0,TRUE,TRUE,TRUE,FALSE,0
IFPE,2018,2018-03-22,sensibilidade,260720804A,Rurópolis,4.23417961072742,0,TRUE,TRUE,TRUE,FALSE,0
IFPE,2018,2018-03-23,sensibilidade,260720804A,Rurópolis,4.23417961072742,2.96,TRUE,TRUE,TRUE,FALSE,2.96
IFPE,2018,2018-03-24,sensibilidade,260720804A,Rurópolis,4.23417961072742,23.92,TRUE,TRUE,TRUE,FALSE,23.92
IFPE,2018,2018-03-25,sensibilidade,260720804A,Rurópolis,4.23417961072742,1.79,TRUE,TRUE,TRUE,FALSE,1.79
IFPE,2018,2018-03-26,sensibilidade,260720804A,Rurópolis,4.23417961072742,3.35,TRUE,TRUE,TRUE,FALSE,3.35
IFPE,2018,2018-03-27,sensibilidade,260720804A,Rurópolis,4.23417961072742,10.62,TRUE,TRUE,TRUE,FALSE,10.62
IFPE,2018,2018-03-28,sensibilidade,260720804A,Rurópolis,4.23417961072742,35.93,TRUE,TRUE,TRUE,FALSE,35.93
IFPE,2018,2018-03-29,sensibilidade,260720804A,Rurópolis,4.23417961072742,10.85,TRUE,TRUE,TRUE,FALSE,10.85
IFPE,2018,2018-03-30,sensibilidade,260720804A,Rurópolis,4.23417961072742,4.34,TRUE,TRUE,TRUE,FALSE,4.34
IFPE,2018,2018-03-31,sensibilidade,260720804A,Rurópolis,4.23417961072742,6.69,TRUE,TRUE,TRUE,FALSE,6.69
IFPE,2018,2018-04-01,sensibilidade,260720804A,Rurópolis,4.23417961072742,85.33,TRUE,TRUE,TRUE,FALSE,85.33
IFPE,2018,2018-04-02,sensibilidade,260720804A,Rurópolis,4.23417961072742,0.4,TRUE,TRUE,TRUE,FALSE,0.4
IFPE,2018,2018-04-03,sensibilidade,260720804A,Rurópolis,4.23417961072742,2.96,TRUE,TRUE,TRUE,FALSE,2.96
IFPE,2018,2018-04-04,sensibilidade,260720804A,Rurópolis,4.23417961072742,3.94,TRUE,TRUE,TRUE,FALSE,3.94
IFPE,2018,2018-04-05,sensibilidade,260720804A,Rurópolis,4.23417961072742,0,TRUE,TRUE,TRUE,FALSE,0
IFPE,2018,2018-04-06,sensibilidade,260720804A,Rurópolis,4.23417961072742,74.8,TRUE,TRUE,TRUE,FALSE,74.8
IFPE,2018,2018-04-07,sensibilidade,260720804A,Rurópolis,4.23417961072742,1.38,TRUE,TRUE,TRUE,FALSE,1.38
IFPE,2018,2018-04-08,sensibilidade,260720804A,Rurópolis,4.23417961072742,67.82,TRUE,TRUE,TRUE,FALSE,67.82
IFPE,2018,2018-04-09,sensibilidade,260720804A,Rurópolis,4.23417961072742,4.56,TRUE,TRUE,TRUE,FALSE,4.56
IFPE,2018,2018-04-10,sensibilidade,260720804A,Rurópolis,4.23417961072742,0.4,FALSE,TRUE,TRUE,FALSE,
IFPE,2018,2018-04-11,sensibilidade,260720804A,Rurópolis,4.23417961072742,12.57,TRUE,TRUE,TRUE,FALSE,12.57
IFPE,2018,2018-04-12,sensibilidade,260720804A,Rurópolis,4.23417961072742,25.84,TRUE,TRUE,TRUE,FALSE,25.84
IFPE,2018,2018-04-13,sensibilidade,260720804A,Rurópolis,4.23417961072742,10.65,TRUE,TRUE,TRUE,FALSE,10.65
IFPE,2018,2018-04-14,sensibilidade,260720804A,Rurópolis,4.23417961072742,22.08,TRUE,TRUE,TRUE,FALSE,22.08
IFPE,2018,2018-04-15,sensibilidade,260720804A,Rurópolis,4.23417961072742,56.85,TRUE,TRUE,TRUE,FALSE,56.85
IFPE,2018,2018-04-16,sensibilidade,260720804A,Rurópolis,4.23417961072742,8.67,TRUE,TRUE,TRUE,FALSE,8.67
IFPE,2018,2018-04-17,sensibilidade,260720804A,Rurópolis,4.23417961072742,2.18,TRUE,TRUE,TRUE,FALSE,2.18
IFPE,2018,2018-04-18,sensibilidade,260720804A,Rurópolis,4.23417961072742,19.73,TRUE,TRUE,TRUE,FALSE,19.73
IFPE,2018,2018-04-19,sensibilidade,260720804A,Rurópolis,4.23417961072742,26.2,TRUE,TRUE,TRUE,FALSE,26.2
IFPE,2018,2018-04-20,sensibilidade,260720804A,Rurópolis,4.23417961072742,24.78,TRUE,TRUE,TRUE,FALSE,24.78
IFPE,2018,2018-04-21,sensibilidade,260720804A,Rurópolis,4.23417961072742,16.35,TRUE,TRUE,TRUE,FALSE,16.35
IFPE,2018,2018-04-22,sensibilidade,260720804A,Rurópolis,4.23417961072742,26,FALSE,TRUE,TRUE,FALSE,
IFPE,2018,2018-04-23,sensibilidade,260720804A,Rurópolis,4.23417961072742,14.02,TRUE,TRUE,TRUE,FALSE,14.02
IFPE,2018,2018-04-24,sensibilidade,260720804A,Rurópolis,4.23417961072742,10.84,TRUE,TRUE,TRUE,FALSE,10.84
IFPE,2018,2018-04-25,sensibilidade,260720804A,Rurópolis,4.23417961072742,2.76,FALSE,FALSE,FALSE,FALSE,
IFPE,2018,2018-04-26,sensibilidade,260720804A,Rurópolis,4.23417961072742,0.2,TRUE,TRUE,TRUE,FALSE,0.2
IFPE,2018,2018-04-27,sensibilidade,260720804A,Rurópolis,4.23417961072742,0,TRUE,TRUE,TRUE,FALSE,0
IFPE,2018,2018-04-28,sensibilidade,260720804A,Rurópolis,4.23417961072742,1.77,TRUE,TRUE,TRUE,FALSE,1.77
IFPE,2018,2018-04-29,sensibilidade,260720804A,Rurópolis,4.23417961072742,6.1,TRUE,TRUE,TRUE,FALSE,6.1
IFPE,2018,2018-04-30,sensibilidade,260720804A,Rurópolis,4.23417961072742,66.86,TRUE,TRUE,TRUE,FALSE,66.86
IFPE,2018,2018-05-01,sensibilidade,260720804A,Rurópolis,4.23417961072742,8.07,TRUE,TRUE,TRUE,FALSE,8.07
IFPE,2018,2018-05-02,sensibilidade,260720804A,Rurópolis,4.23417961072742,2.2,FALSE,TRUE,TRUE,FALSE,
IFPE,2018,2018-05-03,sensibilidade,260720804A,Rurópolis,4.23417961072742,8.35,TRUE,TRUE,TRUE,FALSE,8.35
IFPE,2018,2018-05-04,sensibilidade,260720804A,Rurópolis,4.23417961072742,3.16,TRUE,TRUE,TRUE,FALSE,3.16
IFPE,2018,2018-05-05,sensibilidade,260720804A,Rurópolis,4.23417961072742,0,TRUE,TRUE,TRUE,FALSE,0
IFPE,2018,2018-05-06,sensibilidade,260720804A,Rurópolis,4.23417961072742,0,TRUE,TRUE,TRUE,FALSE,0
IFPE,2018,2018-05-07,sensibilidade,260720804A,Rurópolis,4.23417961072742,0,TRUE,TRUE,TRUE,FALSE,0
IFPE,2018,2018-05-08,sensibilidade,260720804A,Rurópolis,4.23417961072742,0.4,TRUE,TRUE,TRUE,FALSE,0.4
IFPE,2018,2018-05-09,sensibilidade,260720804A,Rurópolis,4.23417961072742,12.46,TRUE,TRUE,TRUE,FALSE,12.46
IFPE,2018,2018-05-10,sensibilidade,260720804A,Rurópolis,4.23417961072742,0,TRUE,TRUE,TRUE,FALSE,0
IFPE,2018,2018-05-11,sensibilidade,260720804A,Rurópolis,4.23417961072742,18.67,TRUE,TRUE,TRUE,FALSE,18.67
IFPE,2018,2018-05-12,sensibilidade,260720804A,Rurópolis,4.23417961072742,3.56,TRUE,TRUE,TRUE,FALSE,3.56
IFPE,2018,2018-05-13,sensibilidade,260720804A,Rurópolis,4.23417961072742,3.95,FALSE,FALSE,TRUE,FALSE,
IFPE,2018,2018-05-14,sensibilidade,260720804A,Rurópolis,4.23417961072742,4.14,TRUE,TRUE,TRUE,FALSE,4.14
IFPE,2018,2018-05-15,sensibilidade,260720804A,Rurópolis,4.23417961072742,20.68,TRUE,TRUE,TRUE,FALSE,20.68
IFPE,2018,2018-05-16,sensibilidade,260720804A,Rurópolis,4.23417961072742,10.44,TRUE,TRUE,TRUE,FALSE,10.44
IFPE,2018,2018-05-17,sensibilidade,260720804A,Rurópolis,4.23417961072742,12.67,TRUE,TRUE,TRUE,FALSE,12.67
IFPE,2018,2018-05-18,sensibilidade,260720804A,Rurópolis,4.23417961072742,4.16,FALSE,TRUE,TRUE,FALSE,
IFPE,2018,2018-05-19,sensibilidade,260720804A,Rurópolis,4.23417961072742,0.2,TRUE,TRUE,TRUE,FALSE,0.2
IFPE,2018,2018-05-20,sensibilidade,260720804A,Rurópolis,4.23417961072742,0,TRUE,TRUE,TRUE,FALSE,0
IFPE,2018,2018-05-21,sensibilidade,260720804A,Rurópolis,4.23417961072742,0,TRUE,TRUE,TRUE,FALSE,0
IFPE,2018,2018-05-22,sensibilidade,260720804A,Rurópolis,4.23417961072742,0.2,TRUE,TRUE,TRUE,FALSE,0.2
IFPE,2018,2018-05-23,sensibilidade,260720804A,Rurópolis,4.23417961072742,0.4,TRUE,TRUE,TRUE,FALSE,0.4
IFPE,2018,2018-05-24,sensibilidade,260720804A,Rurópolis,4.23417961072742,9.28,TRUE,TRUE,TRUE,FALSE,9.28
IFPE,2018,2018-05-25,sensibilidade,260720804A,Rurópolis,4.23417961072742,20.1,TRUE,TRUE,TRUE,FALSE,20.1
IFPE,2018,2018-05-26,sensibilidade,260720804A,Rurópolis,4.23417961072742,0.2,FALSE,TRUE,TRUE,FALSE,
IFPE,2018,2018-05-27,sensibilidade,260720804A,Rurópolis,4.23417961072742,3.17,TRUE,TRUE,TRUE,FALSE,3.17
IFPE,2018,2018-05-28,sensibilidade,260720804A,Rurópolis,4.23417961072742,10.09,TRUE,TRUE,TRUE,FALSE,10.09
IFPE,2018,2018-05-29,sensibilidade,260720804A,Rurópolis,4.23417961072742,0.4,FALSE,FALSE,TRUE,FALSE,
IFPE,2018,2018-05-30,sensibilidade,260720804A,Rurópolis,4.23417961072742,1.38,TRUE,TRUE,TRUE,FALSE,1.38
IFPE,2018,2018-05-31,sensibilidade,260720804A,Rurópolis,4.23417961072742,3.76,FALSE,FALSE,FALSE,FALSE,
IFPE,2018,2018-06-01,sensibilidade,260720804A,Rurópolis,4.23417961072742,0,TRUE,TRUE,TRUE,FALSE,0
IFPE,2018,2018-06-02,sensibilidade,260720804A,Rurópolis,4.23417961072742,4.15,FALSE,TRUE,TRUE,FALSE,
IFPE,2018,2018-06-03,sensibilidade,260720804A,Rurópolis,4.23417961072742,4.17,TRUE,TRUE,TRUE,FALSE,4.17
IFPE,2018,2018-06-04,sensibilidade,260720804A,Rurópolis,4.23417961072742,3.15,TRUE,TRUE,TRUE,FALSE,3.15
IFPE,2018,2018-06-05,sensibilidade,260720804A,Rurópolis,4.23417961072742,1.19,TRUE,TRUE,TRUE,FALSE,1.19
IFPE,2018,2018-06-06,sensibilidade,260720804A,Rurópolis,4.23417961072742,0,TRUE,TRUE,TRUE,FALSE,0
IFPE,2018,2018-06-07,sensibilidade,260720804A,Rurópolis,4.23417961072742,8.08,TRUE,TRUE,TRUE,FALSE,8.08
IFPE,2018,2018-06-08,sensibilidade,260720804A,Rurópolis,4.23417961072742,15.07,TRUE,TRUE,TRUE,FALSE,15.07
IFPE,2018,2018-06-09,sensibilidade,260720804A,Rurópolis,4.23417961072742,3.57,TRUE,TRUE,TRUE,FALSE,3.57
IFPE,2018,2018-06-10,sensibilidade,260720804A,Rurópolis,4.23417961072742,0.2,TRUE,TRUE,TRUE,FALSE,0.2
IFPE,2018,2018-06-11,sensibilidade,260720804A,Rurópolis,4.23417961072742,0.82,TRUE,TRUE,TRUE,FALSE,0.82
IFPE,2018,2018-06-12,sensibilidade,260720804A,Rurópolis,4.23417961072742,0,TRUE,TRUE,TRUE,FALSE,0
IFPE,2018,2018-06-13,sensibilidade,260720804A,Rurópolis,4.23417961072742,0.79,TRUE,TRUE,TRUE,FALSE,0.79
IFPE,2018,2018-06-14,sensibilidade,260720804A,Rurópolis,4.23417961072742,0.4,TRUE,TRUE,TRUE,FALSE,0.4
IFPE,2018,2018-06-15,sensibilidade,260720804A,Rurópolis,4.23417961072742,3.77,TRUE,TRUE,TRUE,FALSE,3.77
IFPE,2018,2018-06-16,sensibilidade,260720804A,Rurópolis,4.23417961072742,0.2,TRUE,TRUE,TRUE,FALSE,0.2
IFPE,2018,2018-06-17,sensibilidade,260720804A,Rurópolis,4.23417961072742,2.57,TRUE,TRUE,TRUE,FALSE,2.57
IFPE,2018,2018-06-18,sensibilidade,260720804A,Rurópolis,4.23417961072742,0.2,TRUE,TRUE,TRUE,FALSE,0.2
IFPE,2018,2018-06-19,sensibilidade,260720804A,Rurópolis,4.23417961072742,2.56,TRUE,TRUE,TRUE,FALSE,2.56
IFPE,2018,2018-06-20,sensibilidade,260720804A,Rurópolis,4.23417961072742,1.19,TRUE,TRUE,TRUE,FALSE,1.19
IFPE,2018,2018-06-21,sensibilidade,260720804A,Rurópolis,4.23417961072742,1.98,TRUE,TRUE,TRUE,FALSE,1.98
IFPE,2018,2018-06-22,sensibilidade,260720804A,Rurópolis,4.23417961072742,0,TRUE,TRUE,TRUE,FALSE,0
IFPE,2018,2018-06-23,sensibilidade,260720804A,Rurópolis,4.23417961072742,0,TRUE,TRUE,TRUE,FALSE,0
IFPE,2018,2018-06-24,sensibilidade,260720804A,Rurópolis,4.23417961072742,5.12,TRUE,TRUE,TRUE,FALSE,5.12
IFPE,2018,2018-06-25,sensibilidade,260720804A,Rurópolis,4.23417961072742,4.92,TRUE,TRUE,TRUE,FALSE,4.92
IFPE,2018,2018-06-26,sensibilidade,260720804A,Rurópolis,4.23417961072742,0.2,TRUE,TRUE,TRUE,FALSE,0.2
IFPE,2018,2018-06-27,sensibilidade,260720804A,Rurópolis,4.23417961072742,5.11,FALSE,TRUE,TRUE,FALSE,
IFPE,2018,2018-06-28,sensibilidade,260720804A,Rurópolis,4.23417961072742,3.98,TRUE,TRUE,TRUE,FALSE,3.98
IFPE,2018,2018-06-29,sensibilidade,260720804A,Rurópolis,4.23417961072742,5.92,TRUE,TRUE,TRUE,FALSE,5.92
IFPE,2018,2018-06-30,sensibilidade,260720804A,Rurópolis,4.23417961072742,0.2,TRUE,TRUE,TRUE,FALSE,0.2
IFPE,2018,2018-07-01,sensibilidade,260720804A,Rurópolis,4.23417961072742,5.92,TRUE,TRUE,TRUE,FALSE,5.92
IFPE,2018,2018-07-02,sensibilidade,260720804A,Rurópolis,4.23417961072742,14.28,TRUE,TRUE,TRUE,FALSE,14.28
IFPE,2018,2018-07-03,sensibilidade,260720804A,Rurópolis,4.23417961072742,0.8,TRUE,TRUE,TRUE,FALSE,0.8
IFPE,2018,2018-07-04,sensibilidade,260720804A,Rurópolis,4.23417961072742,0.98,TRUE,TRUE,TRUE,FALSE,0.98
IFPE,2018,2018-07-05,sensibilidade,260720804A,Rurópolis,4.23417961072742,4.56,TRUE,TRUE,TRUE,FALSE,4.56
IFPE,2018,2018-07-06,sensibilidade,260720804A,Rurópolis,4.23417961072742,2.57,TRUE,TRUE,TRUE,FALSE,2.57
IFPE,2018,2018-07-07,sensibilidade,260720804A,Rurópolis,4.23417961072742,1.78,TRUE,TRUE,TRUE,FALSE,1.78
IFPE,2018,2018-07-08,sensibilidade,260720804A,Rurópolis,4.23417961072742,5.35,TRUE,TRUE,TRUE,FALSE,5.35
IFPE,2018,2018-07-09,sensibilidade,260720804A,Rurópolis,4.23417961072742,0,TRUE,TRUE,TRUE,FALSE,0
IFPE,2018,2018-07-10,sensibilidade,260720804A,Rurópolis,4.23417961072742,0.4,TRUE,TRUE,TRUE,FALSE,0.4
IFPE,2018,2018-07-11,sensibilidade,260720804A,Rurópolis,4.23417961072742,2.35,TRUE,TRUE,TRUE,FALSE,2.35
IFPE,2018,2018-07-12,sensibilidade,260720804A,Rurópolis,4.23417961072742,7.29,TRUE,TRUE,TRUE,FALSE,7.29
IFPE,2018,2018-07-13,sensibilidade,260720804A,Rurópolis,4.23417961072742,0,FALSE,FALSE,FALSE,FALSE,
IFPE,2018,2018-07-14,sensibilidade,260720804A,Rurópolis,4.23417961072742,0,TRUE,TRUE,TRUE,FALSE,0
IFPE,2018,2018-07-15,sensibilidade,260720804A,Rurópolis,4.23417961072742,0,TRUE,TRUE,TRUE,FALSE,0
IFPE,2018,2018-07-16,sensibilidade,260720804A,Rurópolis,4.23417961072742,0,TRUE,TRUE,TRUE,FALSE,0
IFPE,2018,2018-07-17,sensibilidade,260720804A,Rurópolis,4.23417961072742,1.18,TRUE,TRUE,TRUE,FALSE,1.18
IFPE,2018,2018-07-18,sensibilidade,260720804A,Rurópolis,4.23417961072742,8.69,FALSE,FALSE,TRUE,FALSE,
IFPE,2018,2018-07-19,sensibilidade,260720804A,Rurópolis,4.23417961072742,0,TRUE,TRUE,TRUE,FALSE,0
IFPE,2018,2018-07-20,sensibilidade,260720804A,Rurópolis,4.23417961072742,5.77,TRUE,TRUE,TRUE,FALSE,5.77
IFPE,2018,2018-07-21,sensibilidade,260720804A,Rurópolis,4.23417961072742,0,TRUE,TRUE,TRUE,FALSE,0
IFPE,2018,2018-07-22,sensibilidade,260720804A,Rurópolis,4.23417961072742,0.4,TRUE,TRUE,TRUE,FALSE,0.4
IFPE,2018,2018-07-23,sensibilidade,260720804A,Rurópolis,4.23417961072742,1.58,TRUE,TRUE,TRUE,FALSE,1.58
IFPE,2018,2018-07-24,sensibilidade,260720804A,Rurópolis,4.23417961072742,0.2,TRUE,TRUE,TRUE,FALSE,0.2
IFPE,2018,2018-07-25,sensibilidade,260720804A,Rurópolis,4.23417961072742,2.99,TRUE,TRUE,TRUE,FALSE,2.99
IFPE,2018,2018-07-26,sensibilidade,260720804A,Rurópolis,4.23417961072742,0.2,TRUE,TRUE,TRUE,FALSE,0.2
IFPE,2018,2018-07-27,sensibilidade,260720804A,Rurópolis,4.23417961072742,11.64,TRUE,TRUE,TRUE,FALSE,11.64
IFPE,2018,2018-07-28,sensibilidade,260720804A,Rurópolis,4.23417961072742,0,TRUE,TRUE,TRUE,FALSE,0
IFPE,2018,2018-07-29,sensibilidade,260720804A,Rurópolis,4.23417961072742,0.4,TRUE,TRUE,TRUE,FALSE,0.4
IFPE,2018,2018-07-30,sensibilidade,260720804A,Rurópolis,4.23417961072742,25.81,TRUE,TRUE,TRUE,FALSE,25.81
IFPE,2018,2018-07-31,sensibilidade,260720804A,Rurópolis,4.23417961072742,8.93,TRUE,TRUE,TRUE,FALSE,8.93
IFPE,2018,2018-08-01,sensibilidade,260720804A,Rurópolis,4.23417961072742,2.76,TRUE,TRUE,TRUE,FALSE,2.76
IFPE,2018,2018-08-02,sensibilidade,260720804A,Rurópolis,4.23417961072742,0.99,FALSE,TRUE,TRUE,FALSE,
IFPE,2018,2018-08-03,sensibilidade,260720804A,Rurópolis,4.23417961072742,0.2,TRUE,TRUE,TRUE,FALSE,0.2
IFPE,2018,2018-08-04,sensibilidade,260720804A,Rurópolis,4.23417961072742,0,TRUE,TRUE,TRUE,FALSE,0
IFPE,2018,2018-08-05,sensibilidade,260720804A,Rurópolis,4.23417961072742,0.39,TRUE,TRUE,TRUE,FALSE,0.39
IFPE,2018,2018-08-06,sensibilidade,260720804A,Rurópolis,4.23417961072742,0.59,TRUE,TRUE,TRUE,FALSE,0.59
IFPE,2018,2018-08-07,sensibilidade,260720804A,Rurópolis,4.23417961072742,0,TRUE,TRUE,TRUE,FALSE,0
IFPE,2018,2018-08-08,sensibilidade,260720804A,Rurópolis,4.23417961072742,0,TRUE,TRUE,TRUE,FALSE,0
IFPE,2018,2018-08-09,sensibilidade,260720804A,Rurópolis,4.23417961072742,2.58,TRUE,TRUE,TRUE,FALSE,2.58
IFPE,2018,2018-08-10,sensibilidade,260720804A,Rurópolis,4.23417961072742,0,TRUE,TRUE,TRUE,FALSE,0
IFPE,2018,2018-08-11,sensibilidade,260720804A,Rurópolis,4.23417961072742,0,TRUE,TRUE,TRUE,FALSE,0
IFPE,2018,2018-08-12,sensibilidade,260720804A,Rurópolis,4.23417961072742,0,TRUE,TRUE,TRUE,FALSE,0
IFPE,2018,2018-08-13,sensibilidade,260720804A,Rurópolis,4.23417961072742,0,TRUE,TRUE,TRUE,FALSE,0
IFPE,2018,2018-08-14,sensibilidade,260720804A,Rurópolis,4.23417961072742,0,TRUE,TRUE,TRUE,FALSE,0
IFPE,2018,2018-08-15,sensibilidade,260720804A,Rurópolis,4.23417961072742,0,TRUE,TRUE,TRUE,FALSE,0
IFPE,2018,2018-08-16,sensibilidade,260720804A,Rurópolis,4.23417961072742,0,TRUE,TRUE,TRUE,FALSE,0
IFPE,2018,2018-08-17,sensibilidade,260720804A,Rurópolis,4.23417961072742,0,TRUE,TRUE,TRUE,FALSE,0
IFPE,2018,2018-08-18,sensibilidade,260720804A,Rurópolis,4.23417961072742,0.59,TRUE,TRUE,TRUE,FALSE,0.59
IFPE,2018,2018-08-19,sensibilidade,260720804A,Rurópolis,4.23417961072742,0.4,TRUE,TRUE,TRUE,FALSE,0.4
IFPE,2018,2018-08-20,sensibilidade,260720804A,Rurópolis,4.23417961072742,3.35,TRUE,TRUE,TRUE,FALSE,3.35
IFPE,2018,2018-08-21,sensibilidade,260720804A,Rurópolis,4.23417961072742,0.98,TRUE,TRUE,TRUE,FALSE,0.98
IFPE,2018,2018-08-22,sensibilidade,260720804A,Rurópolis,4.23417961072742,0.79,TRUE,TRUE,TRUE,FALSE,0.79
IFPE,2018,2018-08-23,sensibilidade,260720804A,Rurópolis,4.23417961072742,0.4,TRUE,TRUE,TRUE,FALSE,0.4
IFPE,2018,2018-08-24,sensibilidade,260720804A,Rurópolis,4.23417961072742,11.01,TRUE,TRUE,TRUE,FALSE,11.01
IFPE,2018,2018-08-25,sensibilidade,260720804A,Rurópolis,4.23417961072742,2.37,TRUE,TRUE,TRUE,FALSE,2.37
IFPE,2018,2018-08-26,sensibilidade,260720804A,Rurópolis,4.23417961072742,0.2,TRUE,TRUE,TRUE,FALSE,0.2
IFPE,2018,2018-08-27,sensibilidade,260720804A,Rurópolis,4.23417961072742,0.39,TRUE,TRUE,TRUE,FALSE,0.39
IFPE,2018,2018-08-28,sensibilidade,260720804A,Rurópolis,4.23417961072742,0,TRUE,TRUE,TRUE,FALSE,0
IFPE,2018,2018-08-29,sensibilidade,260720804A,Rurópolis,4.23417961072742,2.2,TRUE,TRUE,TRUE,FALSE,2.2
IFPE,2018,2018-08-30,sensibilidade,260720804A,Rurópolis,4.23417961072742,4.14,FALSE,TRUE,TRUE,FALSE,
IFPE,2018,2018-08-31,sensibilidade,260720804A,Rurópolis,4.23417961072742,0.98,TRUE,TRUE,TRUE,FALSE,0.98
IFPE,2018,2018-09-01,sensibilidade,260720804A,Rurópolis,4.23417961072742,2.76,TRUE,TRUE,TRUE,FALSE,2.76
IFPE,2018,2018-09-02,sensibilidade,260720804A,Rurópolis,4.23417961072742,4.56,TRUE,TRUE,TRUE,FALSE,4.56
IFPE,2018,2018-09-03,sensibilidade,260720804A,Rurópolis,4.23417961072742,0.4,TRUE,TRUE,TRUE,FALSE,0.4
IFPE,2018,2018-09-04,sensibilidade,260720804A,Rurópolis,4.23417961072742,0,TRUE,TRUE,TRUE,FALSE,0
IFPE,2018,2018-09-05,sensibilidade,260720804A,Rurópolis,4.23417961072742,0,TRUE,TRUE,TRUE,FALSE,0
IFPE,2018,2018-09-06,sensibilidade,260720804A,Rurópolis,4.23417961072742,0.4,FALSE,FALSE,FALSE,FALSE,
IFPE,2018,2018-09-07,sensibilidade,260720804A,Rurópolis,4.23417961072742,3.75,TRUE,TRUE,TRUE,FALSE,3.75
IFPE,2018,2018-09-08,sensibilidade,260720804A,Rurópolis,4.23417961072742,2.36,FALSE,TRUE,TRUE,FALSE,
IFPE,2018,2018-09-09,sensibilidade,260720804A,Rurópolis,4.23417961072742,4.54,TRUE,TRUE,TRUE,FALSE,4.54
IFPE,2018,2018-09-10,sensibilidade,260720804A,Rurópolis,4.23417961072742,4.95,FALSE,FALSE,FALSE,FALSE,
IFPE,2018,2018-09-11,sensibilidade,260720804A,Rurópolis,4.23417961072742,0,TRUE,TRUE,TRUE,FALSE,0
IFPE,2018,2018-09-12,sensibilidade,260720804A,Rurópolis,4.23417961072742,0,TRUE,TRUE,TRUE,FALSE,0
IFPE,2018,2018-09-13,sensibilidade,260720804A,Rurópolis,4.23417961072742,0,TRUE,TRUE,TRUE,FALSE,0
IFPE,2018,2018-09-14,sensibilidade,260720804A,Rurópolis,4.23417961072742,0,TRUE,TRUE,TRUE,FALSE,0
IFPE,2018,2018-09-15,sensibilidade,260720804A,Rurópolis,4.23417961072742,0,TRUE,TRUE,TRUE,FALSE,0
IFPE,2018,2018-09-16,sensibilidade,260720804A,Rurópolis,4.23417961072742,1.99,TRUE,TRUE,TRUE,FALSE,1.99
IFPE,2018,2018-09-17,sensibilidade,260720804A,Rurópolis,4.23417961072742,0,TRUE,TRUE,TRUE,FALSE,0
IFPE,2018,2018-09-18,sensibilidade,260720804A,Rurópolis,4.23417961072742,0,TRUE,TRUE,TRUE,FALSE,0
IFPE,2018,2018-09-19,sensibilidade,260720804A,Rurópolis,4.23417961072742,2.96,TRUE,TRUE,TRUE,FALSE,2.96
IFPE,2018,2018-09-20,sensibilidade,260720804A,Rurópolis,4.23417961072742,7.69,TRUE,TRUE,TRUE,FALSE,7.69
IFPE,2018,2018-09-21,sensibilidade,260720804A,Rurópolis,4.23417961072742,0,TRUE,TRUE,TRUE,FALSE,0
IFPE,2018,2018-09-22,sensibilidade,260720804A,Rurópolis,4.23417961072742,0,TRUE,TRUE,TRUE,FALSE,0
IFPE,2018,2018-09-23,sensibilidade,260720804A,Rurópolis,4.23417961072742,0,TRUE,TRUE,TRUE,FALSE,0
IFPE,2018,2018-09-24,sensibilidade,260720804A,Rurópolis,4.23417961072742,0.6,TRUE,TRUE,TRUE,FALSE,0.6
IFPE,2018,2018-09-25,sensibilidade,260720804A,Rurópolis,4.23417961072742,0,TRUE,TRUE,TRUE,FALSE,0
IFPE,2018,2018-09-26,sensibilidade,260720804A,Rurópolis,4.23417961072742,0,TRUE,TRUE,TRUE,FALSE,0
IFPE,2018,2018-09-27,sensibilidade,260720804A,Rurópolis,4.23417961072742,4.52,TRUE,TRUE,TRUE,FALSE,4.52
IFPE,2018,2018-09-28,sensibilidade,260720804A,Rurópolis,4.23417961072742,0.2,TRUE,TRUE,TRUE,FALSE,0.2
IFPE,2018,2018-09-29,sensibilidade,260720804A,Rurópolis,4.23417961072742,2.57,TRUE,TRUE,TRUE,FALSE,2.57
IFPE,2018,2018-09-30,sensibilidade,260720804A,Rurópolis,4.23417961072742,0,TRUE,TRUE,TRUE,FALSE,0
IFPE,2018,2018-10-01,sensibilidade,260720804A,Rurópolis,4.23417961072742,0.2,TRUE,TRUE,TRUE,FALSE,0.2
IFPE,2018,2018-10-02,sensibilidade,260720804A,Rurópolis,4.23417961072742,0,TRUE,TRUE,TRUE,FALSE,0
IFPE,2018,2018-10-03,sensibilidade,260720804A,Rurópolis,4.23417961072742,5.33,TRUE,TRUE,TRUE,FALSE,5.33
IFPE,2018,2018-10-04,sensibilidade,260720804A,Rurópolis,4.23417961072742,0,TRUE,TRUE,TRUE,FALSE,0
IFPE,2018,2018-10-05,sensibilidade,260720804A,Rurópolis,4.23417961072742,1.38,TRUE,TRUE,TRUE,FALSE,1.38
IFPE,2018,2018-10-06,sensibilidade,260720804A,Rurópolis,4.23417961072742,0,TRUE,TRUE,TRUE,FALSE,0
IFPE,2018,2018-10-07,sensibilidade,260720804A,Rurópolis,4.23417961072742,0,TRUE,TRUE,TRUE,FALSE,0
IFPE,2018,2018-10-08,sensibilidade,260720804A,Rurópolis,4.23417961072742,0.59,TRUE,TRUE,TRUE,FALSE,0.59
IFPE,2018,2018-10-09,sensibilidade,260720804A,Rurópolis,4.23417961072742,0.99,TRUE,TRUE,TRUE,FALSE,0.99
IFPE,2018,2018-10-10,sensibilidade,260720804A,Rurópolis,4.23417961072742,0,TRUE,TRUE,TRUE,FALSE,0
IFPE,2018,2018-10-11,sensibilidade,260720804A,Rurópolis,4.23417961072742,0,TRUE,TRUE,TRUE,FALSE,0
IFPE,2018,2018-10-12,sensibilidade,260720804A,Rurópolis,4.23417961072742,0,TRUE,TRUE,TRUE,FALSE,0
IFPE,2018,2018-10-13,sensibilidade,260720804A,Rurópolis,4.23417961072742,0,TRUE,TRUE,TRUE,FALSE,0
IFPE,2018,2018-10-14,sensibilidade,260720804A,Rurópolis,4.23417961072742,0,TRUE,TRUE,TRUE,FALSE,0
IFPE,2018,2018-10-15,sensibilidade,260720804A,Rurópolis,4.23417961072742,0.4,TRUE,TRUE,TRUE,FALSE,0.4
IFPE,2018,2018-10-16,sensibilidade,260720804A,Rurópolis,4.23417961072742,0.4,TRUE,TRUE,TRUE,FALSE,0.4
IFPE,2018,2018-10-17,sensibilidade,260720804A,Rurópolis,4.23417961072742,3.15,TRUE,TRUE,TRUE,FALSE,3.15
IFPE,2018,2018-10-18,sensibilidade,260720804A,Rurópolis,4.23417961072742,1.77,TRUE,TRUE,TRUE,FALSE,1.77
IFPE,2018,2018-10-19,sensibilidade,260720804A,Rurópolis,4.23417961072742,0,TRUE,TRUE,TRUE,FALSE,0
IFPE,2018,2018-10-20,sensibilidade,260720804A,Rurópolis,4.23417961072742,0,TRUE,TRUE,TRUE,FALSE,0
IFPE,2018,2018-10-21,sensibilidade,260720804A,Rurópolis,4.23417961072742,0,TRUE,TRUE,TRUE,FALSE,0
IFPE,2018,2018-10-22,sensibilidade,260720804A,Rurópolis,4.23417961072742,0,FALSE,FALSE,FALSE,FALSE,
IFPE,2018,2018-10-23,sensibilidade,260720804A,Rurópolis,4.23417961072742,0,FALSE,FALSE,FALSE,FALSE,
IFPE,2018,2018-10-24,sensibilidade,260720804A,Rurópolis,4.23417961072742,0,TRUE,TRUE,TRUE,FALSE,0
IFPE,2018,2018-10-25,sensibilidade,260720804A,Rurópolis,4.23417961072742,0,TRUE,TRUE,TRUE,FALSE,0
IFPE,2018,2018-10-26,sensibilidade,260720804A,Rurópolis,4.23417961072742,0,TRUE,TRUE,TRUE,FALSE,0
IFPE,2018,2018-10-27,sensibilidade,260720804A,Rurópolis,4.23417961072742,0,TRUE,TRUE,TRUE,FALSE,0
IFPE,2018,2018-10-28,sensibilidade,260720804A,Rurópolis,4.23417961072742,0,TRUE,TRUE,TRUE,FALSE,0
IFPE,2018,2018-10-29,sensibilidade,260720804A,Rurópolis,4.23417961072742,0,TRUE,TRUE,TRUE,FALSE,0
IFPE,2018,2018-10-30,sensibilidade,260720804A,Rurópolis,4.23417961072742,0,FALSE,FALSE,FALSE,FALSE,
IFPE,2018,2018-10-31,sensibilidade,260720804A,Rurópolis,4.23417961072742,0.2,TRUE,TRUE,TRUE,FALSE,0.2
IFPE,2018,2018-11-01,sensibilidade,260720804A,Rurópolis,4.23417961072742,0,TRUE,TRUE,TRUE,FALSE,0
IFPE,2018,2018-11-02,sensibilidade,260720804A,Rurópolis,4.23417961072742,0,TRUE,TRUE,TRUE,FALSE,0
IFPE,2018,2018-11-03,sensibilidade,260720804A,Rurópolis,4.23417961072742,0,TRUE,TRUE,TRUE,FALSE,0
IFPE,2018,2018-11-04,sensibilidade,260720804A,Rurópolis,4.23417961072742,0,TRUE,TRUE,TRUE,FALSE,0
IFPE,2018,2018-11-05,sensibilidade,260720804A,Rurópolis,4.23417961072742,0,TRUE,TRUE,TRUE,FALSE,0
IFPE,2018,2018-11-06,sensibilidade,260720804A,Rurópolis,4.23417961072742,0,TRUE,TRUE,TRUE,FALSE,0
IFPE,2018,2018-11-07,sensibilidade,260720804A,Rurópolis,4.23417961072742,5.32,TRUE,TRUE,TRUE,FALSE,5.32
IFPE,2018,2018-11-08,sensibilidade,260720804A,Rurópolis,4.23417961072742,1.38,TRUE,TRUE,TRUE,FALSE,1.38
IFPE,2018,2018-11-09,sensibilidade,260720804A,Rurópolis,4.23417961072742,0,TRUE,TRUE,TRUE,FALSE,0
IFPE,2018,2018-11-10,sensibilidade,260720804A,Rurópolis,4.23417961072742,0,TRUE,TRUE,TRUE,FALSE,0
IFPE,2018,2018-11-11,sensibilidade,260720804A,Rurópolis,4.23417961072742,0,TRUE,TRUE,TRUE,FALSE,0
IFPE,2018,2018-11-12,sensibilidade,260720804A,Rurópolis,4.23417961072742,0,TRUE,TRUE,TRUE,FALSE,0
IFPE,2018,2018-11-13,sensibilidade,260720804A,Rurópolis,4.23417961072742,0,TRUE,TRUE,TRUE,FALSE,0
IFPE,2018,2018-11-14,sensibilidade,260720804A,Rurópolis,4.23417961072742,0.6,FALSE,FALSE,TRUE,FALSE,
IFPE,2018,2018-11-15,sensibilidade,260720804A,Rurópolis,4.23417961072742,1.38,TRUE,TRUE,TRUE,FALSE,1.38
IFPE,2018,2018-11-16,sensibilidade,260720804A,Rurópolis,4.23417961072742,0.2,TRUE,TRUE,TRUE,FALSE,0.2
IFPE,2018,2018-11-17,sensibilidade,260720804A,Rurópolis,4.23417961072742,0,TRUE,TRUE,TRUE,FALSE,0
IFPE,2018,2018-11-18,sensibilidade,260720804A,Rurópolis,4.23417961072742,0,TRUE,TRUE,TRUE,FALSE,0
IFPE,2018,2018-11-19,sensibilidade,260720804A,Rurópolis,4.23417961072742,2.37,TRUE,TRUE,TRUE,FALSE,2.37
IFPE,2018,2018-11-20,sensibilidade,260720804A,Rurópolis,4.23417961072742,2.56,TRUE,TRUE,TRUE,FALSE,2.56
IFPE,2018,2018-11-21,sensibilidade,260720804A,Rurópolis,4.23417961072742,0.6,TRUE,TRUE,TRUE,FALSE,0.6
IFPE,2018,2018-11-22,sensibilidade,260720804A,Rurópolis,4.23417961072742,0,TRUE,TRUE,TRUE,FALSE,0
IFPE,2018,2018-11-23,sensibilidade,260720804A,Rurópolis,4.23417961072742,0.99,TRUE,TRUE,TRUE,FALSE,0.99
IFPE,2018,2018-11-24,sensibilidade,260720804A,Rurópolis,4.23417961072742,3.36,TRUE,TRUE,TRUE,FALSE,3.36
IFPE,2018,2018-11-25,sensibilidade,260720804A,Rurópolis,4.23417961072742,2.96,TRUE,TRUE,TRUE,FALSE,2.96
IFPE,2018,2018-11-26,sensibilidade,260720804A,Rurópolis,4.23417961072742,2.19,TRUE,TRUE,TRUE,FALSE,2.19
IFPE,2018,2018-11-27,sensibilidade,260720804A,Rurópolis,4.23417961072742,39.4,FALSE,TRUE,TRUE,FALSE,
IFPE,2018,2018-11-28,sensibilidade,260720804A,Rurópolis,4.23417961072742,0.39,TRUE,TRUE,TRUE,FALSE,0.39
IFPE,2018,2018-11-29,sensibilidade,260720804A,Rurópolis,4.23417961072742,2.57,TRUE,TRUE,TRUE,FALSE,2.57
IFPE,2018,2018-11-30,sensibilidade,260720804A,Rurópolis,4.23417961072742,1.19,TRUE,TRUE,TRUE,FALSE,1.19
IFPE,2018,2018-12-01,sensibilidade,260720804A,Rurópolis,4.23417961072742,0,TRUE,TRUE,TRUE,FALSE,0
IFPE,2018,2018-12-02,sensibilidade,260720804A,Rurópolis,4.23417961072742,0,TRUE,TRUE,TRUE,FALSE,0
IFPE,2018,2018-12-03,sensibilidade,260720804A,Rurópolis,4.23417961072742,0,TRUE,TRUE,TRUE,FALSE,0
IFPE,2018,2018-12-04,sensibilidade,260720804A,Rurópolis,4.23417961072742,0,TRUE,TRUE,TRUE,FALSE,0
IFPE,2018,2018-12-05,sensibilidade,260720804A,Rurópolis,4.23417961072742,0,TRUE,TRUE,TRUE,FALSE,0
IFPE,2018,2018-12-06,sensibilidade,260720804A,Rurópolis,4.23417961072742,0,TRUE,TRUE,TRUE,FALSE,0
IFPE,2018,2018-12-07,sensibilidade,260720804A,Rurópolis,4.23417961072742,0,TRUE,TRUE,TRUE,FALSE,0
IFPE,2018,2018-12-08,sensibilidade,260720804A,Rurópolis,4.23417961072742,0,TRUE,TRUE,TRUE,FALSE,0
IFPE,2018,2018-12-09,sensibilidade,260720804A,Rurópolis,4.23417961072742,0.2,TRUE,TRUE,TRUE,FALSE,0.2
IFPE,2018,2018-12-10,sensibilidade,260720804A,Rurópolis,4.23417961072742,26.93,TRUE,TRUE,TRUE,FALSE,26.93
IFPE,2018,2018-12-11,sensibilidade,260720804A,Rurópolis,4.23417961072742,0,TRUE,TRUE,TRUE,FALSE,0
IFPE,2018,2018-12-12,sensibilidade,260720804A,Rurópolis,4.23417961072742,1.57,TRUE,TRUE,TRUE,FALSE,1.57
IFPE,2018,2018-12-13,sensibilidade,260720804A,Rurópolis,4.23417961072742,0,TRUE,TRUE,TRUE,FALSE,0
IFPE,2018,2018-12-14,sensibilidade,260720804A,Rurópolis,4.23417961072742,0,TRUE,TRUE,TRUE,FALSE,0
IFPE,2018,2018-12-15,sensibilidade,260720804A,Rurópolis,4.23417961072742,0,TRUE,TRUE,TRUE,FALSE,0
IFPE,2018,2018-12-16,sensibilidade,260720804A,Rurópolis,4.23417961072742,3.75,TRUE,TRUE,TRUE,FALSE,3.75
IFPE,2018,2018-12-17,sensibilidade,260720804A,Rurópolis,4.23417961072742,6.1,TRUE,TRUE,TRUE,FALSE,6.1
IFPE,2018,2018-12-18,sensibilidade,260720804A,Rurópolis,4.23417961072742,0,TRUE,TRUE,TRUE,FALSE,0
IFPE,2018,2018-12-19,sensibilidade,260720804A,Rurópolis,4.23417961072742,0,TRUE,TRUE,TRUE,FALSE,0
IFPE,2018,2018-12-20,sensibilidade,260720804A,Rurópolis,4.23417961072742,0,TRUE,TRUE,TRUE,FALSE,0
IFPE,2018,2018-12-21,sensibilidade,260720804A,Rurópolis,4.23417961072742,0,TRUE,TRUE,TRUE,FALSE,0
IFPE,2018,2018-12-22,sensibilidade,260720804A,Rurópolis,4.23417961072742,0,TRUE,TRUE,TRUE,FALSE,0
IFPE,2018,2018-12-23,sensibilidade,260720804A,Rurópolis,4.23417961072742,0,TRUE,TRUE,TRUE,FALSE,0
IFPE,2018,2018-12-24,sensibilidade,260720804A,Rurópolis,4.23417961072742,0,TRUE,TRUE,TRUE,FALSE,0
IFPE,2018,2018-12-25,sensibilidade,260720804A,Rurópolis,4.23417961072742,0,TRUE,TRUE,TRUE,FALSE,0
IFPE,2018,2018-12-26,sensibilidade,260720804A,Rurópolis,4.23417961072742,0,TRUE,TRUE,TRUE,FALSE,0
IFPE,2018,2018-12-27,sensibilidade,260720804A,Rurópolis,4.23417961072742,0,TRUE,TRUE,TRUE,FALSE,0
IFPE,2018,2018-12-28,sensibilidade,260720804A,Rurópolis,4.23417961072742,6.3,TRUE,TRUE,TRUE,FALSE,6.3
IFPE,2018,2018-12-29,sensibilidade,260720804A,Rurópolis,4.23417961072742,0,TRUE,TRUE,TRUE,FALSE,0
IFPE,2018,2018-12-30,sensibilidade,260720804A,Rurópolis,4.23417961072742,0,TRUE,TRUE,TRUE,FALSE,0
IFPE,2018,2018-12-31,sensibilidade,260720804A,Rurópolis,4.23417961072742,0.2,TRUE,TRUE,TRUE,FALSE,0.2
IPOJUCA,2021,2021-01-01,principal,260720801A,Centro,7.32836097674827,0,TRUE,TRUE,TRUE,FALSE,0
IPOJUCA,2021,2021-01-02,principal,260720801A,Centro,7.32836097674827,0,TRUE,TRUE,TRUE,FALSE,0
IPOJUCA,2021,2021-01-03,principal,260720801A,Centro,7.32836097674827,0,TRUE,TRUE,TRUE,FALSE,0
IPOJUCA,2021,2021-01-04,principal,260720801A,Centro,7.32836097674827,2.57,TRUE,TRUE,TRUE,FALSE,2.57
IPOJUCA,2021,2021-01-05,principal,260720801A,Centro,7.32836097674827,0,TRUE,TRUE,TRUE,FALSE,0
IPOJUCA,2021,2021-01-06,principal,260720801A,Centro,7.32836097674827,0,TRUE,TRUE,TRUE,FALSE,0
IPOJUCA,2021,2021-01-07,principal,260720801A,Centro,7.32836097674827,0,TRUE,TRUE,TRUE,FALSE,0
IPOJUCA,2021,2021-01-08,principal,260720801A,Centro,7.32836097674827,0,TRUE,TRUE,TRUE,FALSE,0
IPOJUCA,2021,2021-01-09,principal,260720801A,Centro,7.32836097674827,0,TRUE,TRUE,TRUE,FALSE,0
IPOJUCA,2021,2021-01-10,principal,260720801A,Centro,7.32836097674827,0,TRUE,TRUE,TRUE,FALSE,0
IPOJUCA,2021,2021-01-11,principal,260720801A,Centro,7.32836097674827,2.36,TRUE,TRUE,TRUE,FALSE,2.36
IPOJUCA,2021,2021-01-12,principal,260720801A,Centro,7.32836097674827,0.98,TRUE,TRUE,TRUE,FALSE,0.98
IPOJUCA,2021,2021-01-13,principal,260720801A,Centro,7.32836097674827,2.97,FALSE,TRUE,TRUE,FALSE,
IPOJUCA,2021,2021-01-14,principal,260720801A,Centro,7.32836097674827,0,TRUE,TRUE,TRUE,FALSE,0
IPOJUCA,2021,2021-01-15,principal,260720801A,Centro,7.32836097674827,0,TRUE,TRUE,TRUE,FALSE,0
IPOJUCA,2021,2021-01-16,principal,260720801A,Centro,7.32836097674827,0,TRUE,TRUE,TRUE,FALSE,0
IPOJUCA,2021,2021-01-17,principal,260720801A,Centro,7.32836097674827,0.79,TRUE,TRUE,TRUE,FALSE,0.79
IPOJUCA,2021,2021-01-18,principal,260720801A,Centro,7.32836097674827,3.93,TRUE,TRUE,TRUE,FALSE,3.93
IPOJUCA,2021,2021-01-19,principal,260720801A,Centro,7.32836097674827,2.56,TRUE,TRUE,TRUE,FALSE,2.56
IPOJUCA,2021,2021-01-20,principal,260720801A,Centro,7.32836097674827,0,TRUE,TRUE,TRUE,FALSE,0
IPOJUCA,2021,2021-01-21,principal,260720801A,Centro,7.32836097674827,1.77,TRUE,TRUE,TRUE,FALSE,1.77
IPOJUCA,2021,2021-01-22,principal,260720801A,Centro,7.32836097674827,2.17,TRUE,TRUE,TRUE,FALSE,2.17
IPOJUCA,2021,2021-01-23,principal,260720801A,Centro,7.32836097674827,0.2,TRUE,TRUE,TRUE,FALSE,0.2
IPOJUCA,2021,2021-01-24,principal,260720801A,Centro,7.32836097674827,5.33,TRUE,TRUE,TRUE,FALSE,5.33
IPOJUCA,2021,2021-01-25,principal,260720801A,Centro,7.32836097674827,0,TRUE,TRUE,TRUE,FALSE,0
IPOJUCA,2021,2021-01-26,principal,260720801A,Centro,7.32836097674827,4.33,TRUE,TRUE,TRUE,FALSE,4.33
IPOJUCA,2021,2021-01-27,principal,260720801A,Centro,7.32836097674827,19.29,TRUE,TRUE,TRUE,FALSE,19.29
IPOJUCA,2021,2021-01-28,principal,260720801A,Centro,7.32836097674827,8.49,TRUE,TRUE,TRUE,FALSE,8.49
IPOJUCA,2021,2021-01-29,principal,260720801A,Centro,7.32836097674827,0,TRUE,TRUE,TRUE,FALSE,0
IPOJUCA,2021,2021-01-30,principal,260720801A,Centro,7.32836097674827,0.2,TRUE,TRUE,TRUE,FALSE,0.2
IPOJUCA,2021,2021-01-31,principal,260720801A,Centro,7.32836097674827,0,TRUE,TRUE,TRUE,FALSE,0
IPOJUCA,2021,2021-02-01,principal,260720801A,Centro,7.32836097674827,0,TRUE,TRUE,TRUE,FALSE,0
IPOJUCA,2021,2021-02-02,principal,260720801A,Centro,7.32836097674827,0,TRUE,TRUE,TRUE,FALSE,0
IPOJUCA,2021,2021-02-03,principal,260720801A,Centro,7.32836097674827,0,TRUE,TRUE,TRUE,FALSE,0
IPOJUCA,2021,2021-02-04,principal,260720801A,Centro,7.32836097674827,0,TRUE,TRUE,TRUE,FALSE,0
IPOJUCA,2021,2021-02-05,principal,260720801A,Centro,7.32836097674827,0,TRUE,TRUE,TRUE,FALSE,0
IPOJUCA,2021,2021-02-06,principal,260720801A,Centro,7.32836097674827,0,TRUE,TRUE,TRUE,FALSE,0
IPOJUCA,2021,2021-02-07,principal,260720801A,Centro,7.32836097674827,0,TRUE,TRUE,TRUE,FALSE,0
IPOJUCA,2021,2021-02-08,principal,260720801A,Centro,7.32836097674827,0,TRUE,TRUE,TRUE,FALSE,0
IPOJUCA,2021,2021-02-09,principal,260720801A,Centro,7.32836097674827,0,TRUE,TRUE,TRUE,FALSE,0
IPOJUCA,2021,2021-02-10,principal,260720801A,Centro,7.32836097674827,1.19,FALSE,TRUE,TRUE,FALSE,
IPOJUCA,2021,2021-02-11,principal,260720801A,Centro,7.32836097674827,0,TRUE,TRUE,TRUE,FALSE,0
IPOJUCA,2021,2021-02-12,principal,260720801A,Centro,7.32836097674827,1.77,TRUE,TRUE,TRUE,FALSE,1.77
IPOJUCA,2021,2021-02-13,principal,260720801A,Centro,7.32836097674827,1.77,TRUE,TRUE,TRUE,FALSE,1.77
IPOJUCA,2021,2021-02-14,principal,260720801A,Centro,7.32836097674827,2,TRUE,TRUE,TRUE,FALSE,2
IPOJUCA,2021,2021-02-15,principal,260720801A,Centro,7.32836097674827,26.02,TRUE,TRUE,TRUE,FALSE,26.02
IPOJUCA,2021,2021-02-16,principal,260720801A,Centro,7.32836097674827,0.4,TRUE,TRUE,TRUE,FALSE,0.4
IPOJUCA,2021,2021-02-17,principal,260720801A,Centro,7.32836097674827,0,TRUE,TRUE,TRUE,FALSE,0
IPOJUCA,2021,2021-02-18,principal,260720801A,Centro,7.32836097674827,0,TRUE,TRUE,TRUE,FALSE,0
IPOJUCA,2021,2021-02-19,principal,260720801A,Centro,7.32836097674827,0,TRUE,TRUE,TRUE,FALSE,0
IPOJUCA,2021,2021-02-20,principal,260720801A,Centro,7.32836097674827,0,FALSE,FALSE,FALSE,FALSE,
IPOJUCA,2021,2021-02-21,principal,260720801A,Centro,7.32836097674827,0,TRUE,TRUE,TRUE,FALSE,0
IPOJUCA,2021,2021-02-22,principal,260720801A,Centro,7.32836097674827,0,TRUE,TRUE,TRUE,FALSE,0
IPOJUCA,2021,2021-02-23,principal,260720801A,Centro,7.32836097674827,0,TRUE,TRUE,TRUE,FALSE,0
IPOJUCA,2021,2021-02-24,principal,260720801A,Centro,7.32836097674827,0,TRUE,TRUE,TRUE,FALSE,0
IPOJUCA,2021,2021-02-25,principal,260720801A,Centro,7.32836097674827,4.52,TRUE,TRUE,TRUE,FALSE,4.52
IPOJUCA,2021,2021-02-26,principal,260720801A,Centro,7.32836097674827,0.99,TRUE,TRUE,TRUE,FALSE,0.99
IPOJUCA,2021,2021-02-27,principal,260720801A,Centro,7.32836097674827,0,TRUE,TRUE,TRUE,FALSE,0
IPOJUCA,2021,2021-02-28,principal,260720801A,Centro,7.32836097674827,32.16,TRUE,TRUE,TRUE,FALSE,32.16
IPOJUCA,2021,2021-03-01,principal,260720801A,Centro,7.32836097674827,72.43,TRUE,TRUE,TRUE,FALSE,72.43
IPOJUCA,2021,2021-03-02,principal,260720801A,Centro,7.32836097674827,2.57,TRUE,TRUE,TRUE,FALSE,2.57
IPOJUCA,2021,2021-03-03,principal,260720801A,Centro,7.32836097674827,2.38,TRUE,TRUE,TRUE,FALSE,2.38
IPOJUCA,2021,2021-03-04,principal,260720801A,Centro,7.32836097674827,3.56,TRUE,TRUE,TRUE,FALSE,3.56
IPOJUCA,2021,2021-03-05,principal,260720801A,Centro,7.32836097674827,0.2,TRUE,TRUE,TRUE,FALSE,0.2
IPOJUCA,2021,2021-03-06,principal,260720801A,Centro,7.32836097674827,0,TRUE,TRUE,TRUE,FALSE,0
IPOJUCA,2021,2021-03-07,principal,260720801A,Centro,7.32836097674827,0,TRUE,TRUE,TRUE,FALSE,0
IPOJUCA,2021,2021-03-08,principal,260720801A,Centro,7.32836097674827,0,TRUE,TRUE,TRUE,FALSE,0
IPOJUCA,2021,2021-03-09,principal,260720801A,Centro,7.32836097674827,0,TRUE,TRUE,TRUE,FALSE,0
IPOJUCA,2021,2021-03-10,principal,260720801A,Centro,7.32836097674827,0,TRUE,TRUE,TRUE,FALSE,0
IPOJUCA,2021,2021-03-11,principal,260720801A,Centro,7.32836097674827,0,TRUE,TRUE,TRUE,FALSE,0
IPOJUCA,2021,2021-03-12,principal,260720801A,Centro,7.32836097674827,0.2,TRUE,TRUE,TRUE,FALSE,0.2
IPOJUCA,2021,2021-03-13,principal,260720801A,Centro,7.32836097674827,4.73,TRUE,TRUE,TRUE,FALSE,4.73
IPOJUCA,2021,2021-03-14,principal,260720801A,Centro,7.32836097674827,0,TRUE,TRUE,TRUE,FALSE,0
IPOJUCA,2021,2021-03-15,principal,260720801A,Centro,7.32836097674827,0,TRUE,TRUE,TRUE,FALSE,0
IPOJUCA,2021,2021-03-16,principal,260720801A,Centro,7.32836097674827,1.38,TRUE,TRUE,TRUE,FALSE,1.38
IPOJUCA,2021,2021-03-17,principal,260720801A,Centro,7.32836097674827,0,TRUE,TRUE,TRUE,FALSE,0
IPOJUCA,2021,2021-03-18,principal,260720801A,Centro,7.32836097674827,1.57,TRUE,TRUE,TRUE,FALSE,1.57
IPOJUCA,2021,2021-03-19,principal,260720801A,Centro,7.32836097674827,4.73,TRUE,TRUE,TRUE,FALSE,4.73
IPOJUCA,2021,2021-03-20,principal,260720801A,Centro,7.32836097674827,6.12,TRUE,TRUE,TRUE,FALSE,6.12
IPOJUCA,2021,2021-03-21,principal,260720801A,Centro,7.32836097674827,0,TRUE,TRUE,TRUE,FALSE,0
IPOJUCA,2021,2021-03-22,principal,260720801A,Centro,7.32836097674827,0,TRUE,TRUE,TRUE,FALSE,0
IPOJUCA,2021,2021-03-23,principal,260720801A,Centro,7.32836097674827,0,TRUE,TRUE,TRUE,FALSE,0
IPOJUCA,2021,2021-03-24,principal,260720801A,Centro,7.32836097674827,34.25,FALSE,FALSE,TRUE,FALSE,
IPOJUCA,2021,2021-03-25,principal,260720801A,Centro,7.32836097674827,0.6,TRUE,TRUE,TRUE,FALSE,0.6
IPOJUCA,2021,2021-03-26,principal,260720801A,Centro,7.32836097674827,13.6,FALSE,FALSE,TRUE,FALSE,
IPOJUCA,2021,2021-03-27,principal,260720801A,Centro,7.32836097674827,20.93,TRUE,TRUE,TRUE,FALSE,20.93
IPOJUCA,2021,2021-03-28,principal,260720801A,Centro,7.32836097674827,47.39,TRUE,TRUE,TRUE,FALSE,47.39
IPOJUCA,2021,2021-03-29,principal,260720801A,Centro,7.32836097674827,5.32,TRUE,TRUE,TRUE,FALSE,5.32
IPOJUCA,2021,2021-03-30,principal,260720801A,Centro,7.32836097674827,14.98,TRUE,TRUE,TRUE,FALSE,14.98
IPOJUCA,2021,2021-03-31,principal,260720801A,Centro,7.32836097674827,0,TRUE,TRUE,TRUE,FALSE,0
IPOJUCA,2021,2021-04-01,principal,260720801A,Centro,7.32836097674827,0,TRUE,TRUE,TRUE,FALSE,0
IPOJUCA,2021,2021-04-02,principal,260720801A,Centro,7.32836097674827,1.38,TRUE,TRUE,TRUE,FALSE,1.38
IPOJUCA,2021,2021-04-03,principal,260720801A,Centro,7.32836097674827,1.18,TRUE,TRUE,TRUE,FALSE,1.18
IPOJUCA,2021,2021-04-04,principal,260720801A,Centro,7.32836097674827,11.84,TRUE,TRUE,TRUE,FALSE,11.84
IPOJUCA,2021,2021-04-05,principal,260720801A,Centro,7.32836097674827,1.98,TRUE,TRUE,TRUE,FALSE,1.98
IPOJUCA,2021,2021-04-06,principal,260720801A,Centro,7.32836097674827,0,TRUE,TRUE,TRUE,FALSE,0
IPOJUCA,2021,2021-04-07,principal,260720801A,Centro,7.32836097674827,0,TRUE,TRUE,TRUE,FALSE,0
IPOJUCA,2021,2021-04-08,principal,260720801A,Centro,7.32836097674827,0,TRUE,TRUE,TRUE,FALSE,0
IPOJUCA,2021,2021-04-09,principal,260720801A,Centro,7.32836097674827,13.62,TRUE,TRUE,TRUE,FALSE,13.62
IPOJUCA,2021,2021-04-10,principal,260720801A,Centro,7.32836097674827,90.3,TRUE,TRUE,TRUE,FALSE,90.3
IPOJUCA,2021,2021-04-11,principal,260720801A,Centro,7.32836097674827,138.02,TRUE,TRUE,TRUE,FALSE,138.02
IPOJUCA,2021,2021-04-12,principal,260720801A,Centro,7.32836097674827,0.2,TRUE,TRUE,TRUE,FALSE,0.2
IPOJUCA,2021,2021-04-13,principal,260720801A,Centro,7.32836097674827,0,TRUE,TRUE,TRUE,FALSE,0
IPOJUCA,2021,2021-04-14,principal,260720801A,Centro,7.32836097674827,32.06,TRUE,TRUE,TRUE,FALSE,32.06
IPOJUCA,2021,2021-04-15,principal,260720801A,Centro,7.32836097674827,49.21,TRUE,TRUE,TRUE,FALSE,49.21
IPOJUCA,2021,2021-04-16,principal,260720801A,Centro,7.32836097674827,0,TRUE,TRUE,TRUE,FALSE,0
IPOJUCA,2021,2021-04-17,principal,260720801A,Centro,7.32836097674827,18.62,TRUE,TRUE,TRUE,FALSE,18.62
IPOJUCA,2021,2021-04-18,principal,260720801A,Centro,7.32836097674827,17.94,TRUE,TRUE,TRUE,FALSE,17.94
IPOJUCA,2021,2021-04-19,principal,260720801A,Centro,7.32836097674827,2.76,TRUE,TRUE,TRUE,FALSE,2.76
IPOJUCA,2021,2021-04-20,principal,260720801A,Centro,7.32836097674827,0,TRUE,TRUE,TRUE,FALSE,0
IPOJUCA,2021,2021-04-21,principal,260720801A,Centro,7.32836097674827,0,TRUE,TRUE,TRUE,FALSE,0
IPOJUCA,2021,2021-04-22,principal,260720801A,Centro,7.32836097674827,0,TRUE,TRUE,TRUE,FALSE,0
IPOJUCA,2021,2021-04-23,principal,260720801A,Centro,7.32836097674827,0,TRUE,TRUE,TRUE,FALSE,0
IPOJUCA,2021,2021-04-24,principal,260720801A,Centro,7.32836097674827,4.95,TRUE,TRUE,TRUE,FALSE,4.95
IPOJUCA,2021,2021-04-25,principal,260720801A,Centro,7.32836097674827,0,TRUE,TRUE,TRUE,FALSE,0
IPOJUCA,2021,2021-04-26,principal,260720801A,Centro,7.32836097674827,0.79,TRUE,TRUE,TRUE,FALSE,0.79
IPOJUCA,2021,2021-04-27,principal,260720801A,Centro,7.32836097674827,14.56,TRUE,TRUE,TRUE,FALSE,14.56
IPOJUCA,2021,2021-04-28,principal,260720801A,Centro,7.32836097674827,8.3,FALSE,FALSE,TRUE,FALSE,
IPOJUCA,2021,2021-04-29,principal,260720801A,Centro,7.32836097674827,8.87,TRUE,TRUE,TRUE,FALSE,8.87
IPOJUCA,2021,2021-04-30,principal,260720801A,Centro,7.32836097674827,6.89,TRUE,TRUE,TRUE,FALSE,6.89
IPOJUCA,2021,2021-05-01,principal,260720801A,Centro,7.32836097674827,13.38,TRUE,TRUE,TRUE,FALSE,13.38
IPOJUCA,2021,2021-05-02,principal,260720801A,Centro,7.32836097674827,7.18,TRUE,TRUE,TRUE,FALSE,7.18
IPOJUCA,2021,2021-05-03,principal,260720801A,Centro,7.32836097674827,5.34,TRUE,TRUE,TRUE,FALSE,5.34
IPOJUCA,2021,2021-05-04,principal,260720801A,Centro,7.32836097674827,22.66,FALSE,TRUE,TRUE,FALSE,
IPOJUCA,2021,2021-05-05,principal,260720801A,Centro,7.32836097674827,28.19,TRUE,TRUE,TRUE,FALSE,28.19
IPOJUCA,2021,2021-05-06,principal,260720801A,Centro,7.32836097674827,0,TRUE,TRUE,TRUE,FALSE,0
IPOJUCA,2021,2021-05-07,principal,260720801A,Centro,7.32836097674827,1.59,TRUE,TRUE,TRUE,FALSE,1.59
IPOJUCA,2021,2021-05-08,principal,260720801A,Centro,7.32836097674827,5.91,TRUE,TRUE,TRUE,FALSE,5.91
IPOJUCA,2021,2021-05-09,principal,260720801A,Centro,7.32836097674827,6.31,TRUE,TRUE,TRUE,FALSE,6.31
IPOJUCA,2021,2021-05-10,principal,260720801A,Centro,7.32836097674827,13.98,TRUE,TRUE,TRUE,FALSE,13.98
IPOJUCA,2021,2021-05-11,principal,260720801A,Centro,7.32836097674827,12.01,TRUE,TRUE,TRUE,FALSE,12.01
IPOJUCA,2021,2021-05-12,principal,260720801A,Centro,7.32836097674827,4.54,TRUE,TRUE,TRUE,FALSE,4.54
IPOJUCA,2021,2021-05-13,principal,260720801A,Centro,7.32836097674827,204.57,TRUE,TRUE,TRUE,FALSE,204.57
IPOJUCA,2021,2021-05-14,principal,260720801A,Centro,7.32836097674827,38.03,FALSE,FALSE,TRUE,FALSE,
IPOJUCA,2021,2021-05-15,principal,260720801A,Centro,7.32836097674827,3.55,TRUE,TRUE,TRUE,FALSE,3.55
IPOJUCA,2021,2021-05-16,principal,260720801A,Centro,7.32836097674827,0,TRUE,TRUE,TRUE,FALSE,0
IPOJUCA,2021,2021-05-17,principal,260720801A,Centro,7.32836097674827,0,TRUE,TRUE,TRUE,FALSE,0
IPOJUCA,2021,2021-05-18,principal,260720801A,Centro,7.32836097674827,0.99,TRUE,TRUE,TRUE,FALSE,0.99
IPOJUCA,2021,2021-05-19,principal,260720801A,Centro,7.32836097674827,0.4,TRUE,TRUE,TRUE,FALSE,0.4
IPOJUCA,2021,2021-05-20,principal,260720801A,Centro,7.32836097674827,0,TRUE,TRUE,TRUE,FALSE,0
IPOJUCA,2021,2021-05-21,principal,260720801A,Centro,7.32836097674827,6.51,TRUE,TRUE,TRUE,FALSE,6.51
IPOJUCA,2021,2021-05-22,principal,260720801A,Centro,7.32836097674827,0,FALSE,FALSE,FALSE,FALSE,
IPOJUCA,2021,2021-05-23,principal,260720801A,Centro,7.32836097674827,0,TRUE,TRUE,TRUE,FALSE,0
IPOJUCA,2021,2021-05-24,principal,260720801A,Centro,7.32836097674827,0,TRUE,TRUE,TRUE,FALSE,0
IPOJUCA,2021,2021-05-25,principal,260720801A,Centro,7.32836097674827,0.82,TRUE,TRUE,TRUE,FALSE,0.82
IPOJUCA,2021,2021-05-26,principal,260720801A,Centro,7.32836097674827,2.78,TRUE,TRUE,TRUE,FALSE,2.78
IPOJUCA,2021,2021-05-27,principal,260720801A,Centro,7.32836097674827,14.76,TRUE,TRUE,TRUE,FALSE,14.76
IPOJUCA,2021,2021-05-28,principal,260720801A,Centro,7.32836097674827,23.22,TRUE,TRUE,TRUE,FALSE,23.22
IPOJUCA,2021,2021-05-29,principal,260720801A,Centro,7.32836097674827,0.99,FALSE,TRUE,TRUE,FALSE,
IPOJUCA,2021,2021-05-30,principal,260720801A,Centro,7.32836097674827,21.28,TRUE,TRUE,TRUE,FALSE,21.28
IPOJUCA,2021,2021-05-31,principal,260720801A,Centro,7.32836097674827,7.71,FALSE,TRUE,TRUE,FALSE,
IPOJUCA,2021,2021-06-01,principal,260720801A,Centro,7.32836097674827,0.6,TRUE,TRUE,TRUE,FALSE,0.6
IPOJUCA,2021,2021-06-02,principal,260720801A,Centro,7.32836097674827,2.75,TRUE,TRUE,TRUE,FALSE,2.75
IPOJUCA,2021,2021-06-03,principal,260720801A,Centro,7.32836097674827,12.79,TRUE,TRUE,TRUE,FALSE,12.79
IPOJUCA,2021,2021-06-04,principal,260720801A,Centro,7.32836097674827,8.47,TRUE,TRUE,TRUE,FALSE,8.47
IPOJUCA,2021,2021-06-05,principal,260720801A,Centro,7.32836097674827,4.54,TRUE,TRUE,TRUE,FALSE,4.54
IPOJUCA,2021,2021-06-06,principal,260720801A,Centro,7.32836097674827,7.29,TRUE,TRUE,TRUE,FALSE,7.29
IPOJUCA,2021,2021-06-07,principal,260720801A,Centro,7.32836097674827,5.9,TRUE,TRUE,TRUE,FALSE,5.9
IPOJUCA,2021,2021-06-08,principal,260720801A,Centro,7.32836097674827,4.93,FALSE,TRUE,TRUE,FALSE,
IPOJUCA,2021,2021-06-09,principal,260720801A,Centro,7.32836097674827,0.6,TRUE,TRUE,TRUE,FALSE,0.6
IPOJUCA,2021,2021-06-10,principal,260720801A,Centro,7.32836097674827,4.73,TRUE,TRUE,TRUE,FALSE,4.73
IPOJUCA,2021,2021-06-11,principal,260720801A,Centro,7.32836097674827,0.2,TRUE,TRUE,TRUE,FALSE,0.2
IPOJUCA,2021,2021-06-12,principal,260720801A,Centro,7.32836097674827,0,TRUE,TRUE,TRUE,FALSE,0
IPOJUCA,2021,2021-06-13,principal,260720801A,Centro,7.32836097674827,0,TRUE,TRUE,TRUE,FALSE,0
IPOJUCA,2021,2021-06-14,principal,260720801A,Centro,7.32836097674827,0,TRUE,TRUE,TRUE,FALSE,0
IPOJUCA,2021,2021-06-15,principal,260720801A,Centro,7.32836097674827,2.97,TRUE,TRUE,TRUE,FALSE,2.97
IPOJUCA,2021,2021-06-16,principal,260720801A,Centro,7.32836097674827,2.17,TRUE,TRUE,TRUE,FALSE,2.17
IPOJUCA,2021,2021-06-17,principal,260720801A,Centro,7.32836097674827,4.53,FALSE,FALSE,TRUE,FALSE,
IPOJUCA,2021,2021-06-18,principal,260720801A,Centro,7.32836097674827,15.77,TRUE,TRUE,TRUE,FALSE,15.77
IPOJUCA,2021,2021-06-19,principal,260720801A,Centro,7.32836097674827,15.18,TRUE,TRUE,TRUE,FALSE,15.18
IPOJUCA,2021,2021-06-20,principal,260720801A,Centro,7.32836097674827,2.38,TRUE,TRUE,TRUE,FALSE,2.38
IPOJUCA,2021,2021-06-21,principal,260720801A,Centro,7.32836097674827,0.4,TRUE,TRUE,TRUE,FALSE,0.4
IPOJUCA,2021,2021-06-22,principal,260720801A,Centro,7.32836097674827,2.16,FALSE,FALSE,FALSE,FALSE,
IPOJUCA,2021,2021-06-23,principal,260720801A,Centro,7.32836097674827,1.97,TRUE,TRUE,TRUE,FALSE,1.97
IPOJUCA,2021,2021-06-24,principal,260720801A,Centro,7.32836097674827,29.35,TRUE,TRUE,TRUE,FALSE,29.35
IPOJUCA,2021,2021-06-25,principal,260720801A,Centro,7.32836097674827,1.78,TRUE,TRUE,TRUE,FALSE,1.78
IPOJUCA,2021,2021-06-26,principal,260720801A,Centro,7.32836097674827,0,TRUE,TRUE,TRUE,FALSE,0
IPOJUCA,2021,2021-06-27,principal,260720801A,Centro,7.32836097674827,4.76,FALSE,FALSE,TRUE,FALSE,
IPOJUCA,2021,2021-06-28,principal,260720801A,Centro,7.32836097674827,1.57,TRUE,TRUE,TRUE,FALSE,1.57
IPOJUCA,2021,2021-06-29,principal,260720801A,Centro,7.32836097674827,1.19,TRUE,TRUE,TRUE,FALSE,1.19
IPOJUCA,2021,2021-06-30,principal,260720801A,Centro,7.32836097674827,24.84,TRUE,TRUE,TRUE,FALSE,24.84
IPOJUCA,2021,2021-07-01,principal,260720801A,Centro,7.32836097674827,11.44,TRUE,TRUE,TRUE,FALSE,11.44
IPOJUCA,2021,2021-07-02,principal,260720801A,Centro,7.32836097674827,11.63,TRUE,TRUE,TRUE,FALSE,11.63
IPOJUCA,2021,2021-07-03,principal,260720801A,Centro,7.32836097674827,2.61,TRUE,TRUE,TRUE,FALSE,2.61
IPOJUCA,2021,2021-07-04,principal,260720801A,Centro,7.32836097674827,0.2,TRUE,TRUE,TRUE,FALSE,0.2
IPOJUCA,2021,2021-07-05,principal,260720801A,Centro,7.32836097674827,0,TRUE,TRUE,TRUE,FALSE,0
IPOJUCA,2021,2021-07-06,principal,260720801A,Centro,7.32836097674827,0,FALSE,FALSE,FALSE,FALSE,
IPOJUCA,2021,2021-07-07,principal,260720801A,Centro,7.32836097674827,0,TRUE,TRUE,TRUE,FALSE,0
IPOJUCA,2021,2021-07-08,principal,260720801A,Centro,7.32836097674827,14.83,TRUE,TRUE,TRUE,FALSE,14.83
IPOJUCA,2021,2021-07-09,principal,260720801A,Centro,7.32836097674827,3.56,TRUE,TRUE,TRUE,FALSE,3.56
IPOJUCA,2021,2021-07-10,principal,260720801A,Centro,7.32836097674827,10.07,TRUE,TRUE,TRUE,FALSE,10.07
IPOJUCA,2021,2021-07-11,principal,260720801A,Centro,7.32836097674827,3.75,TRUE,TRUE,TRUE,FALSE,3.75
IPOJUCA,2021,2021-07-12,principal,260720801A,Centro,7.32836097674827,0.78,TRUE,TRUE,TRUE,FALSE,0.78
IPOJUCA,2021,2021-07-13,principal,260720801A,Centro,7.32836097674827,0.2,TRUE,TRUE,TRUE,FALSE,0.2
IPOJUCA,2021,2021-07-14,principal,260720801A,Centro,7.32836097674827,6.1,TRUE,TRUE,TRUE,FALSE,6.1
IPOJUCA,2021,2021-07-15,principal,260720801A,Centro,7.32836097674827,2.38,TRUE,TRUE,TRUE,FALSE,2.38
IPOJUCA,2021,2021-07-16,principal,260720801A,Centro,7.32836097674827,24.2,TRUE,TRUE,TRUE,FALSE,24.2
IPOJUCA,2021,2021-07-17,principal,260720801A,Centro,7.32836097674827,2.18,TRUE,TRUE,TRUE,FALSE,2.18
IPOJUCA,2021,2021-07-18,principal,260720801A,Centro,7.32836097674827,0,TRUE,TRUE,TRUE,FALSE,0
IPOJUCA,2021,2021-07-19,principal,260720801A,Centro,7.32836097674827,4.35,TRUE,TRUE,TRUE,FALSE,4.35
IPOJUCA,2021,2021-07-20,principal,260720801A,Centro,7.32836097674827,4.54,TRUE,TRUE,TRUE,FALSE,4.54
IPOJUCA,2021,2021-07-21,principal,260720801A,Centro,7.32836097674827,14.19,TRUE,TRUE,TRUE,FALSE,14.19
IPOJUCA,2021,2021-07-22,principal,260720801A,Centro,7.32836097674827,0,TRUE,TRUE,TRUE,FALSE,0
IPOJUCA,2021,2021-07-23,principal,260720801A,Centro,7.32836097674827,21.94,TRUE,TRUE,TRUE,FALSE,21.94
IPOJUCA,2021,2021-07-24,principal,260720801A,Centro,7.32836097674827,10.66,TRUE,TRUE,TRUE,FALSE,10.66
IPOJUCA,2021,2021-07-25,principal,260720801A,Centro,7.32836097674827,12.45,TRUE,TRUE,TRUE,FALSE,12.45
IPOJUCA,2021,2021-07-26,principal,260720801A,Centro,7.32836097674827,7.34,TRUE,TRUE,TRUE,FALSE,7.34
IPOJUCA,2021,2021-07-27,principal,260720801A,Centro,7.32836097674827,3.74,TRUE,TRUE,TRUE,FALSE,3.74
IPOJUCA,2021,2021-07-28,principal,260720801A,Centro,7.32836097674827,0.2,TRUE,TRUE,TRUE,FALSE,0.2
IPOJUCA,2021,2021-07-29,principal,260720801A,Centro,7.32836097674827,0,TRUE,TRUE,TRUE,FALSE,0
IPOJUCA,2021,2021-07-30,principal,260720801A,Centro,7.32836097674827,0,TRUE,TRUE,TRUE,FALSE,0
IPOJUCA,2021,2021-07-31,principal,260720801A,Centro,7.32836097674827,21.63,TRUE,TRUE,TRUE,FALSE,21.63
IPOJUCA,2021,2021-08-01,principal,260720801A,Centro,7.32836097674827,4.98,TRUE,TRUE,TRUE,FALSE,4.98
IPOJUCA,2021,2021-08-02,principal,260720801A,Centro,7.32836097674827,13.41,TRUE,TRUE,TRUE,FALSE,13.41
IPOJUCA,2021,2021-08-03,principal,260720801A,Centro,7.32836097674827,31.9,TRUE,TRUE,TRUE,FALSE,31.9
IPOJUCA,2021,2021-08-04,principal,260720801A,Centro,7.32836097674827,20.48,TRUE,TRUE,TRUE,FALSE,20.48
IPOJUCA,2021,2021-08-05,principal,260720801A,Centro,7.32836097674827,15.76,TRUE,TRUE,TRUE,FALSE,15.76
IPOJUCA,2021,2021-08-06,principal,260720801A,Centro,7.32836097674827,4.93,TRUE,TRUE,TRUE,FALSE,4.93
IPOJUCA,2021,2021-08-07,principal,260720801A,Centro,7.32836097674827,2.96,TRUE,TRUE,TRUE,FALSE,2.96
IPOJUCA,2021,2021-08-08,principal,260720801A,Centro,7.32836097674827,3.34,TRUE,TRUE,TRUE,FALSE,3.34
IPOJUCA,2021,2021-08-09,principal,260720801A,Centro,7.32836097674827,83.92,TRUE,TRUE,TRUE,FALSE,83.92
IPOJUCA,2021,2021-08-10,principal,260720801A,Centro,7.32836097674827,28.93,TRUE,TRUE,TRUE,FALSE,28.93
IPOJUCA,2021,2021-08-11,principal,260720801A,Centro,7.32836097674827,33.1,TRUE,TRUE,TRUE,FALSE,33.1
IPOJUCA,2021,2021-08-12,principal,260720801A,Centro,7.32836097674827,17.9,TRUE,TRUE,TRUE,FALSE,17.9
IPOJUCA,2021,2021-08-13,principal,260720801A,Centro,7.32836097674827,0.2,TRUE,TRUE,TRUE,FALSE,0.2
IPOJUCA,2021,2021-08-14,principal,260720801A,Centro,7.32836097674827,3.76,TRUE,TRUE,TRUE,FALSE,3.76
IPOJUCA,2021,2021-08-15,principal,260720801A,Centro,7.32836097674827,4.33,TRUE,TRUE,TRUE,FALSE,4.33
IPOJUCA,2021,2021-08-16,principal,260720801A,Centro,7.32836097674827,0,TRUE,TRUE,TRUE,FALSE,0
IPOJUCA,2021,2021-08-17,principal,260720801A,Centro,7.32836097674827,18.11,TRUE,TRUE,TRUE,FALSE,18.11
IPOJUCA,2021,2021-08-18,principal,260720801A,Centro,7.32836097674827,2.77,TRUE,TRUE,TRUE,FALSE,2.77
IPOJUCA,2021,2021-08-19,principal,260720801A,Centro,7.32836097674827,10.66,FALSE,FALSE,TRUE,FALSE,
IPOJUCA,2021,2021-08-20,principal,260720801A,Centro,7.32836097674827,11.83,TRUE,TRUE,TRUE,FALSE,11.83
IPOJUCA,2021,2021-08-21,principal,260720801A,Centro,7.32836097674827,1.57,TRUE,TRUE,TRUE,FALSE,1.57
IPOJUCA,2021,2021-08-22,principal,260720801A,Centro,7.32836097674827,15.2,TRUE,TRUE,TRUE,FALSE,15.2
IPOJUCA,2021,2021-08-23,principal,260720801A,Centro,7.32836097674827,40.45,TRUE,TRUE,TRUE,FALSE,40.45
IPOJUCA,2021,2021-08-24,principal,260720801A,Centro,7.32836097674827,9.28,TRUE,TRUE,TRUE,FALSE,9.28
IPOJUCA,2021,2021-08-25,principal,260720801A,Centro,7.32836097674827,2.58,TRUE,TRUE,TRUE,FALSE,2.58
IPOJUCA,2021,2021-08-26,principal,260720801A,Centro,7.32836097674827,0.4,TRUE,TRUE,TRUE,FALSE,0.4
IPOJUCA,2021,2021-08-27,principal,260720801A,Centro,7.32836097674827,0,TRUE,TRUE,TRUE,FALSE,0
IPOJUCA,2021,2021-08-28,principal,260720801A,Centro,7.32836097674827,1.18,TRUE,TRUE,TRUE,FALSE,1.18
IPOJUCA,2021,2021-08-29,principal,260720801A,Centro,7.32836097674827,13.58,TRUE,TRUE,TRUE,FALSE,13.58
IPOJUCA,2021,2021-08-30,principal,260720801A,Centro,7.32836097674827,0,TRUE,TRUE,TRUE,FALSE,0
IPOJUCA,2021,2021-08-31,principal,260720801A,Centro,7.32836097674827,0,TRUE,TRUE,TRUE,FALSE,0
IPOJUCA,2021,2021-09-01,principal,260720801A,Centro,7.32836097674827,0.8,TRUE,TRUE,TRUE,FALSE,0.8
IPOJUCA,2021,2021-09-02,principal,260720801A,Centro,7.32836097674827,1.77,TRUE,TRUE,TRUE,FALSE,1.77
IPOJUCA,2021,2021-09-03,principal,260720801A,Centro,7.32836097674827,0,TRUE,TRUE,TRUE,FALSE,0
IPOJUCA,2021,2021-09-04,principal,260720801A,Centro,7.32836097674827,6.1,TRUE,TRUE,TRUE,FALSE,6.1
IPOJUCA,2021,2021-09-05,principal,260720801A,Centro,7.32836097674827,2.17,TRUE,TRUE,TRUE,FALSE,2.17
IPOJUCA,2021,2021-09-06,principal,260720801A,Centro,7.32836097674827,0,TRUE,TRUE,TRUE,FALSE,0
IPOJUCA,2021,2021-09-07,principal,260720801A,Centro,7.32836097674827,0.59,TRUE,TRUE,TRUE,FALSE,0.59
IPOJUCA,2021,2021-09-08,principal,260720801A,Centro,7.32836097674827,2.56,TRUE,TRUE,TRUE,FALSE,2.56
IPOJUCA,2021,2021-09-09,principal,260720801A,Centro,7.32836097674827,1.19,TRUE,TRUE,TRUE,FALSE,1.19
IPOJUCA,2021,2021-09-10,principal,260720801A,Centro,7.32836097674827,0,TRUE,TRUE,TRUE,FALSE,0
IPOJUCA,2021,2021-09-11,principal,260720801A,Centro,7.32836097674827,0,TRUE,TRUE,TRUE,FALSE,0
IPOJUCA,2021,2021-09-12,principal,260720801A,Centro,7.32836097674827,1.19,TRUE,TRUE,TRUE,FALSE,1.19
IPOJUCA,2021,2021-09-13,principal,260720801A,Centro,7.32836097674827,0.4,TRUE,TRUE,TRUE,FALSE,0.4
IPOJUCA,2021,2021-09-14,principal,260720801A,Centro,7.32836097674827,3.17,TRUE,TRUE,TRUE,FALSE,3.17
IPOJUCA,2021,2021-09-15,principal,260720801A,Centro,7.32836097674827,2.17,TRUE,TRUE,TRUE,FALSE,2.17
IPOJUCA,2021,2021-09-16,principal,260720801A,Centro,7.32836097674827,0,TRUE,TRUE,TRUE,FALSE,0
IPOJUCA,2021,2021-09-17,principal,260720801A,Centro,7.32836097674827,3.74,TRUE,TRUE,TRUE,FALSE,3.74
IPOJUCA,2021,2021-09-18,principal,260720801A,Centro,7.32836097674827,0,TRUE,TRUE,TRUE,FALSE,0
IPOJUCA,2021,2021-09-19,principal,260720801A,Centro,7.32836097674827,0,TRUE,TRUE,TRUE,FALSE,0
IPOJUCA,2021,2021-09-20,principal,260720801A,Centro,7.32836097674827,0,TRUE,TRUE,TRUE,FALSE,0
IPOJUCA,2021,2021-09-21,principal,260720801A,Centro,7.32836097674827,0,TRUE,TRUE,TRUE,FALSE,0
IPOJUCA,2021,2021-09-22,principal,260720801A,Centro,7.32836097674827,0,TRUE,TRUE,TRUE,FALSE,0
IPOJUCA,2021,2021-09-23,principal,260720801A,Centro,7.32836097674827,0,TRUE,TRUE,TRUE,FALSE,0
IPOJUCA,2021,2021-09-24,principal,260720801A,Centro,7.32836097674827,1.78,TRUE,TRUE,TRUE,FALSE,1.78
IPOJUCA,2021,2021-09-25,principal,260720801A,Centro,7.32836097674827,4.15,TRUE,TRUE,TRUE,FALSE,4.15
IPOJUCA,2021,2021-09-26,principal,260720801A,Centro,7.32836097674827,0,TRUE,TRUE,TRUE,FALSE,0
IPOJUCA,2021,2021-09-27,principal,260720801A,Centro,7.32836097674827,0,TRUE,TRUE,TRUE,FALSE,0
IPOJUCA,2021,2021-09-28,principal,260720801A,Centro,7.32836097674827,0,TRUE,TRUE,TRUE,FALSE,0
IPOJUCA,2021,2021-09-29,principal,260720801A,Centro,7.32836097674827,12.01,TRUE,TRUE,TRUE,FALSE,12.01
IPOJUCA,2021,2021-09-30,principal,260720801A,Centro,7.32836097674827,3.16,TRUE,TRUE,TRUE,FALSE,3.16
IPOJUCA,2021,2021-10-01,principal,260720801A,Centro,7.32836097674827,4.53,TRUE,TRUE,TRUE,FALSE,4.53
IPOJUCA,2021,2021-10-02,principal,260720801A,Centro,7.32836097674827,10.86,TRUE,TRUE,TRUE,FALSE,10.86
IPOJUCA,2021,2021-10-03,principal,260720801A,Centro,7.32836097674827,0,TRUE,TRUE,TRUE,FALSE,0
IPOJUCA,2021,2021-10-04,principal,260720801A,Centro,7.32836097674827,0,FALSE,FALSE,FALSE,FALSE,
IPOJUCA,2021,2021-10-05,principal,260720801A,Centro,7.32836097674827,0.4,FALSE,FALSE,FALSE,FALSE,
IPOJUCA,2021,2021-10-06,principal,260720801A,Centro,7.32836097674827,0,TRUE,TRUE,TRUE,FALSE,0
IPOJUCA,2021,2021-10-07,principal,260720801A,Centro,7.32836097674827,0,TRUE,TRUE,TRUE,FALSE,0
IPOJUCA,2021,2021-10-08,principal,260720801A,Centro,7.32836097674827,0,FALSE,FALSE,FALSE,FALSE,
IPOJUCA,2021,2021-10-09,principal,260720801A,Centro,7.32836097674827,0,FALSE,FALSE,FALSE,FALSE,
IPOJUCA,2021,2021-10-10,principal,260720801A,Centro,7.32836097674827,0,TRUE,TRUE,TRUE,FALSE,0
IPOJUCA,2021,2021-10-11,principal,260720801A,Centro,7.32836097674827,0,TRUE,TRUE,TRUE,FALSE,0
IPOJUCA,2021,2021-10-12,principal,260720801A,Centro,7.32836097674827,0,TRUE,TRUE,TRUE,FALSE,0
IPOJUCA,2021,2021-10-13,principal,260720801A,Centro,7.32836097674827,0,TRUE,TRUE,TRUE,FALSE,0
IPOJUCA,2021,2021-10-14,principal,260720801A,Centro,7.32836097674827,0.4,FALSE,FALSE,TRUE,FALSE,
IPOJUCA,2021,2021-10-15,principal,260720801A,Centro,7.32836097674827,0.39,FALSE,FALSE,FALSE,FALSE,
IPOJUCA,2021,2021-10-16,principal,260720801A,Centro,7.32836097674827,9.66,TRUE,TRUE,TRUE,FALSE,9.66
IPOJUCA,2021,2021-10-17,principal,260720801A,Centro,7.32836097674827,0.39,FALSE,FALSE,FALSE,FALSE,
IPOJUCA,2021,2021-10-18,principal,260720801A,Centro,7.32836097674827,0.2,FALSE,FALSE,FALSE,FALSE,
IPOJUCA,2021,2021-10-19,principal,260720801A,Centro,7.32836097674827,0,FALSE,FALSE,FALSE,FALSE,
IPOJUCA,2021,2021-10-20,principal,260720801A,Centro,7.32836097674827,0,FALSE,FALSE,FALSE,FALSE,
IPOJUCA,2021,2021-10-21,principal,260720801A,Centro,7.32836097674827,1.97,TRUE,TRUE,TRUE,FALSE,1.97
IPOJUCA,2021,2021-10-22,principal,260720801A,Centro,7.32836097674827,7.27,FALSE,FALSE,FALSE,FALSE,
IPOJUCA,2021,2021-10-23,principal,260720801A,Centro,7.32836097674827,0.2,FALSE,FALSE,FALSE,FALSE,
IPOJUCA,2021,2021-10-24,principal,260720801A,Centro,7.32836097674827,0.2,FALSE,FALSE,FALSE,FALSE,
IPOJUCA,2021,2021-10-25,principal,260720801A,Centro,7.32836097674827,0,TRUE,TRUE,TRUE,FALSE,0
IPOJUCA,2021,2021-10-26,principal,260720801A,Centro,7.32836097674827,2.17,FALSE,FALSE,FALSE,FALSE,
IPOJUCA,2021,2021-10-27,principal,260720801A,Centro,7.32836097674827,2.75,FALSE,FALSE,FALSE,FALSE,
IPOJUCA,2021,2021-10-28,principal,260720801A,Centro,7.32836097674827,3.16,FALSE,FALSE,FALSE,FALSE,
IPOJUCA,2021,2021-10-29,principal,260720801A,Centro,7.32836097674827,3.97,FALSE,FALSE,FALSE,FALSE,
IPOJUCA,2021,2021-10-30,principal,260720801A,Centro,7.32836097674827,0,FALSE,TRUE,TRUE,FALSE,
IPOJUCA,2021,2021-10-31,principal,260720801A,Centro,7.32836097674827,4.32,FALSE,FALSE,FALSE,FALSE,
IPOJUCA,2021,2021-11-01,principal,260720801A,Centro,7.32836097674827,0.99,FALSE,FALSE,FALSE,FALSE,
IPOJUCA,2021,2021-11-02,principal,260720801A,Centro,7.32836097674827,1.8,FALSE,FALSE,FALSE,FALSE,
IPOJUCA,2021,2021-11-03,principal,260720801A,Centro,7.32836097674827,0,FALSE,FALSE,FALSE,FALSE,
IPOJUCA,2021,2021-11-04,principal,260720801A,Centro,7.32836097674827,0,TRUE,TRUE,TRUE,FALSE,0
IPOJUCA,2021,2021-11-05,principal,260720801A,Centro,7.32836097674827,0,TRUE,TRUE,TRUE,FALSE,0
IPOJUCA,2021,2021-11-06,principal,260720801A,Centro,7.32836097674827,0,TRUE,TRUE,TRUE,FALSE,0
IPOJUCA,2021,2021-11-07,principal,260720801A,Centro,7.32836097674827,0,TRUE,TRUE,TRUE,FALSE,0
IPOJUCA,2021,2021-11-08,principal,260720801A,Centro,7.32836097674827,0,TRUE,TRUE,TRUE,FALSE,0
IPOJUCA,2021,2021-11-09,principal,260720801A,Centro,7.32836097674827,1.97,TRUE,TRUE,TRUE,FALSE,1.97
IPOJUCA,2021,2021-11-10,principal,260720801A,Centro,7.32836097674827,1.38,TRUE,TRUE,TRUE,FALSE,1.38
IPOJUCA,2021,2021-11-11,principal,260720801A,Centro,7.32836097674827,10.24,TRUE,TRUE,TRUE,FALSE,10.24
IPOJUCA,2021,2021-11-12,principal,260720801A,Centro,7.32836097674827,2.36,TRUE,TRUE,TRUE,FALSE,2.36
IPOJUCA,2021,2021-11-13,principal,260720801A,Centro,7.32836097674827,0.39,TRUE,TRUE,TRUE,FALSE,0.39
IPOJUCA,2021,2021-11-14,principal,260720801A,Centro,7.32836097674827,6.09,TRUE,TRUE,TRUE,FALSE,6.09
IPOJUCA,2021,2021-11-15,principal,260720801A,Centro,7.32836097674827,0.79,TRUE,TRUE,TRUE,FALSE,0.79
IPOJUCA,2021,2021-11-16,principal,260720801A,Centro,7.32836097674827,0,TRUE,TRUE,TRUE,FALSE,0
IPOJUCA,2021,2021-11-17,principal,260720801A,Centro,7.32836097674827,0,TRUE,TRUE,TRUE,FALSE,0
IPOJUCA,2021,2021-11-18,principal,260720801A,Centro,7.32836097674827,16.75,TRUE,TRUE,TRUE,FALSE,16.75
IPOJUCA,2021,2021-11-19,principal,260720801A,Centro,7.32836097674827,0,TRUE,TRUE,TRUE,FALSE,0
IPOJUCA,2021,2021-11-20,principal,260720801A,Centro,7.32836097674827,0.2,TRUE,TRUE,TRUE,FALSE,0.2
IPOJUCA,2021,2021-11-21,principal,260720801A,Centro,7.32836097674827,0.2,TRUE,TRUE,TRUE,FALSE,0.2
IPOJUCA,2021,2021-11-22,principal,260720801A,Centro,7.32836097674827,0,TRUE,TRUE,TRUE,FALSE,0
IPOJUCA,2021,2021-11-23,principal,260720801A,Centro,7.32836097674827,0,TRUE,TRUE,TRUE,FALSE,0
IPOJUCA,2021,2021-11-24,principal,260720801A,Centro,7.32836097674827,0,TRUE,TRUE,TRUE,FALSE,0
IPOJUCA,2021,2021-11-25,principal,260720801A,Centro,7.32836097674827,0,TRUE,TRUE,TRUE,FALSE,0
IPOJUCA,2021,2021-11-26,principal,260720801A,Centro,7.32836097674827,0.99,TRUE,TRUE,TRUE,FALSE,0.99
IPOJUCA,2021,2021-11-27,principal,260720801A,Centro,7.32836097674827,0,TRUE,TRUE,TRUE,FALSE,0
IPOJUCA,2021,2021-11-28,principal,260720801A,Centro,7.32836097674827,0.2,FALSE,TRUE,TRUE,FALSE,
IPOJUCA,2021,2021-11-29,principal,260720801A,Centro,7.32836097674827,0.2,TRUE,TRUE,TRUE,FALSE,0.2
IPOJUCA,2021,2021-11-30,principal,260720801A,Centro,7.32836097674827,0,TRUE,TRUE,TRUE,FALSE,0
IPOJUCA,2021,2021-12-01,principal,260720801A,Centro,7.32836097674827,0,TRUE,TRUE,TRUE,FALSE,0
IPOJUCA,2021,2021-12-02,principal,260720801A,Centro,7.32836097674827,0,TRUE,TRUE,TRUE,FALSE,0
IPOJUCA,2021,2021-12-03,principal,260720801A,Centro,7.32836097674827,0,TRUE,TRUE,TRUE,FALSE,0
IPOJUCA,2021,2021-12-04,principal,260720801A,Centro,7.32836097674827,9.76,TRUE,TRUE,TRUE,FALSE,9.76
IPOJUCA,2021,2021-12-05,principal,260720801A,Centro,7.32836097674827,4.96,TRUE,TRUE,TRUE,FALSE,4.96
IPOJUCA,2021,2021-12-06,principal,260720801A,Centro,7.32836097674827,8.25,TRUE,TRUE,TRUE,FALSE,8.25
IPOJUCA,2021,2021-12-07,principal,260720801A,Centro,7.32836097674827,0,TRUE,TRUE,TRUE,FALSE,0
IPOJUCA,2021,2021-12-08,principal,260720801A,Centro,7.32836097674827,0,TRUE,TRUE,TRUE,FALSE,0
IPOJUCA,2021,2021-12-09,principal,260720801A,Centro,7.32836097674827,0,TRUE,TRUE,TRUE,FALSE,0
IPOJUCA,2021,2021-12-10,principal,260720801A,Centro,7.32836097674827,0.2,FALSE,FALSE,FALSE,FALSE,
IPOJUCA,2021,2021-12-11,principal,260720801A,Centro,7.32836097674827,0.79,TRUE,TRUE,TRUE,FALSE,0.79
IPOJUCA,2021,2021-12-12,principal,260720801A,Centro,7.32836097674827,1.96,TRUE,TRUE,TRUE,FALSE,1.96
IPOJUCA,2021,2021-12-13,principal,260720801A,Centro,7.32836097674827,23.65,TRUE,TRUE,TRUE,FALSE,23.65
IPOJUCA,2021,2021-12-14,principal,260720801A,Centro,7.32836097674827,8.06,TRUE,TRUE,TRUE,FALSE,8.06
IPOJUCA,2021,2021-12-15,principal,260720801A,Centro,7.32836097674827,3.97,TRUE,TRUE,TRUE,FALSE,3.97
IPOJUCA,2021,2021-12-16,principal,260720801A,Centro,7.32836097674827,8.12,TRUE,TRUE,TRUE,FALSE,8.12
IPOJUCA,2021,2021-12-17,principal,260720801A,Centro,7.32836097674827,32.67,TRUE,TRUE,TRUE,FALSE,32.67
IPOJUCA,2021,2021-12-18,principal,260720801A,Centro,7.32836097674827,0.59,TRUE,TRUE,TRUE,FALSE,0.59
IPOJUCA,2021,2021-12-19,principal,260720801A,Centro,7.32836097674827,0.79,TRUE,TRUE,TRUE,FALSE,0.79
IPOJUCA,2021,2021-12-20,principal,260720801A,Centro,7.32836097674827,0,TRUE,TRUE,TRUE,FALSE,0
IPOJUCA,2021,2021-12-21,principal,260720801A,Centro,7.32836097674827,0.79,TRUE,TRUE,TRUE,FALSE,0.79
IPOJUCA,2021,2021-12-22,principal,260720801A,Centro,7.32836097674827,0.2,TRUE,TRUE,TRUE,FALSE,0.2
IPOJUCA,2021,2021-12-23,principal,260720801A,Centro,7.32836097674827,1.58,TRUE,TRUE,TRUE,FALSE,1.58
IPOJUCA,2021,2021-12-24,principal,260720801A,Centro,7.32836097674827,0,TRUE,TRUE,TRUE,FALSE,0
IPOJUCA,2021,2021-12-25,principal,260720801A,Centro,7.32836097674827,20.36,TRUE,TRUE,TRUE,FALSE,20.36
IPOJUCA,2021,2021-12-26,principal,260720801A,Centro,7.32836097674827,4.18,FALSE,FALSE,TRUE,FALSE,
IPOJUCA,2021,2021-12-27,principal,260720801A,Centro,7.32836097674827,1.78,TRUE,TRUE,TRUE,FALSE,1.78
IPOJUCA,2021,2021-12-28,principal,260720801A,Centro,7.32836097674827,1.38,FALSE,FALSE,FALSE,FALSE,
IPOJUCA,2021,2021-12-29,principal,260720801A,Centro,7.32836097674827,0,TRUE,TRUE,TRUE,FALSE,0
IPOJUCA,2021,2021-12-30,principal,260720801A,Centro,7.32836097674827,0.4,TRUE,TRUE,TRUE,FALSE,0.4
IPOJUCA,2021,2021-12-31,principal,260720801A,Centro,7.32836097674827,0.2,TRUE,TRUE,TRUE,FALSE,0.2
IPOJUCA,2021,2021-01-01,sensibilidade,260720804A,Rurópolis,7.14376732272583,0.42,TRUE,TRUE,TRUE,FALSE,0.42
IPOJUCA,2021,2021-01-02,sensibilidade,260720804A,Rurópolis,7.14376732272583,0,TRUE,TRUE,TRUE,FALSE,0
IPOJUCA,2021,2021-01-03,sensibilidade,260720804A,Rurópolis,7.14376732272583,0,TRUE,TRUE,TRUE,FALSE,0
IPOJUCA,2021,2021-01-04,sensibilidade,260720804A,Rurópolis,7.14376732272583,3.94,TRUE,TRUE,TRUE,FALSE,3.94
IPOJUCA,2021,2021-01-05,sensibilidade,260720804A,Rurópolis,7.14376732272583,0,TRUE,TRUE,TRUE,FALSE,0
IPOJUCA,2021,2021-01-06,sensibilidade,260720804A,Rurópolis,7.14376732272583,0,TRUE,TRUE,TRUE,FALSE,0
IPOJUCA,2021,2021-01-07,sensibilidade,260720804A,Rurópolis,7.14376732272583,0,TRUE,TRUE,TRUE,FALSE,0
IPOJUCA,2021,2021-01-08,sensibilidade,260720804A,Rurópolis,7.14376732272583,0,TRUE,TRUE,TRUE,FALSE,0
IPOJUCA,2021,2021-01-09,sensibilidade,260720804A,Rurópolis,7.14376732272583,0.4,TRUE,TRUE,TRUE,FALSE,0.4
IPOJUCA,2021,2021-01-10,sensibilidade,260720804A,Rurópolis,7.14376732272583,0,TRUE,TRUE,TRUE,FALSE,0
IPOJUCA,2021,2021-01-11,sensibilidade,260720804A,Rurópolis,7.14376732272583,3.55,TRUE,TRUE,TRUE,FALSE,3.55
IPOJUCA,2021,2021-01-12,sensibilidade,260720804A,Rurópolis,7.14376732272583,3.35,TRUE,TRUE,TRUE,FALSE,3.35
IPOJUCA,2021,2021-01-13,sensibilidade,260720804A,Rurópolis,7.14376732272583,4.33,TRUE,TRUE,TRUE,FALSE,4.33
IPOJUCA,2021,2021-01-14,sensibilidade,260720804A,Rurópolis,7.14376732272583,0.2,TRUE,TRUE,TRUE,FALSE,0.2
IPOJUCA,2021,2021-01-15,sensibilidade,260720804A,Rurópolis,7.14376732272583,0,TRUE,TRUE,TRUE,FALSE,0
IPOJUCA,2021,2021-01-16,sensibilidade,260720804A,Rurópolis,7.14376732272583,0,TRUE,TRUE,TRUE,FALSE,0
IPOJUCA,2021,2021-01-17,sensibilidade,260720804A,Rurópolis,7.14376732272583,1.97,TRUE,TRUE,TRUE,FALSE,1.97
IPOJUCA,2021,2021-01-18,sensibilidade,260720804A,Rurópolis,7.14376732272583,1.18,TRUE,TRUE,TRUE,FALSE,1.18
IPOJUCA,2021,2021-01-19,sensibilidade,260720804A,Rurópolis,7.14376732272583,1.58,TRUE,TRUE,TRUE,FALSE,1.58
IPOJUCA,2021,2021-01-20,sensibilidade,260720804A,Rurópolis,7.14376732272583,0,TRUE,TRUE,TRUE,FALSE,0
IPOJUCA,2021,2021-01-21,sensibilidade,260720804A,Rurópolis,7.14376732272583,1.38,TRUE,TRUE,TRUE,FALSE,1.38
IPOJUCA,2021,2021-01-22,sensibilidade,260720804A,Rurópolis,7.14376732272583,0.99,TRUE,TRUE,TRUE,FALSE,0.99
IPOJUCA,2021,2021-01-23,sensibilidade,260720804A,Rurópolis,7.14376732272583,0.2,TRUE,TRUE,TRUE,FALSE,0.2
IPOJUCA,2021,2021-01-24,sensibilidade,260720804A,Rurópolis,7.14376732272583,3.36,TRUE,TRUE,TRUE,FALSE,3.36
IPOJUCA,2021,2021-01-25,sensibilidade,260720804A,Rurópolis,7.14376732272583,0,TRUE,TRUE,TRUE,FALSE,0
IPOJUCA,2021,2021-01-26,sensibilidade,260720804A,Rurópolis,7.14376732272583,3.15,TRUE,TRUE,TRUE,FALSE,3.15
IPOJUCA,2021,2021-01-27,sensibilidade,260720804A,Rurópolis,7.14376732272583,14.97,TRUE,TRUE,TRUE,FALSE,14.97
IPOJUCA,2021,2021-01-28,sensibilidade,260720804A,Rurópolis,7.14376732272583,8.07,TRUE,TRUE,TRUE,FALSE,8.07
IPOJUCA,2021,2021-01-29,sensibilidade,260720804A,Rurópolis,7.14376732272583,1.38,TRUE,TRUE,TRUE,FALSE,1.38
IPOJUCA,2021,2021-01-30,sensibilidade,260720804A,Rurópolis,7.14376732272583,1.57,FALSE,TRUE,TRUE,FALSE,
IPOJUCA,2021,2021-01-31,sensibilidade,260720804A,Rurópolis,7.14376732272583,0,TRUE,TRUE,TRUE,FALSE,0
IPOJUCA,2021,2021-02-01,sensibilidade,260720804A,Rurópolis,7.14376732272583,0,FALSE,FALSE,FALSE,FALSE,
IPOJUCA,2021,2021-02-02,sensibilidade,260720804A,Rurópolis,7.14376732272583,0,TRUE,TRUE,TRUE,FALSE,0
IPOJUCA,2021,2021-02-03,sensibilidade,260720804A,Rurópolis,7.14376732272583,0,TRUE,TRUE,TRUE,FALSE,0
IPOJUCA,2021,2021-02-04,sensibilidade,260720804A,Rurópolis,7.14376732272583,0,TRUE,TRUE,TRUE,FALSE,0
IPOJUCA,2021,2021-02-05,sensibilidade,260720804A,Rurópolis,7.14376732272583,0,TRUE,TRUE,TRUE,FALSE,0
IPOJUCA,2021,2021-02-06,sensibilidade,260720804A,Rurópolis,7.14376732272583,0,TRUE,TRUE,TRUE,FALSE,0
IPOJUCA,2021,2021-02-07,sensibilidade,260720804A,Rurópolis,7.14376732272583,0,TRUE,TRUE,TRUE,FALSE,0
IPOJUCA,2021,2021-02-08,sensibilidade,260720804A,Rurópolis,7.14376732272583,0,TRUE,TRUE,TRUE,FALSE,0
IPOJUCA,2021,2021-02-09,sensibilidade,260720804A,Rurópolis,7.14376732272583,0,TRUE,TRUE,TRUE,FALSE,0
IPOJUCA,2021,2021-02-10,sensibilidade,260720804A,Rurópolis,7.14376732272583,4.15,TRUE,TRUE,TRUE,FALSE,4.15
IPOJUCA,2021,2021-02-11,sensibilidade,260720804A,Rurópolis,7.14376732272583,0,TRUE,TRUE,TRUE,FALSE,0
IPOJUCA,2021,2021-02-12,sensibilidade,260720804A,Rurópolis,7.14376732272583,0.59,TRUE,TRUE,TRUE,FALSE,0.59
IPOJUCA,2021,2021-02-13,sensibilidade,260720804A,Rurópolis,7.14376732272583,2.75,TRUE,TRUE,TRUE,FALSE,2.75
IPOJUCA,2021,2021-02-14,sensibilidade,260720804A,Rurópolis,7.14376732272583,3.53,TRUE,TRUE,TRUE,FALSE,3.53
IPOJUCA,2021,2021-02-15,sensibilidade,260720804A,Rurópolis,7.14376732272583,20.88,TRUE,TRUE,TRUE,FALSE,20.88
IPOJUCA,2021,2021-02-16,sensibilidade,260720804A,Rurópolis,7.14376732272583,0.4,TRUE,TRUE,TRUE,FALSE,0.4
IPOJUCA,2021,2021-02-17,sensibilidade,260720804A,Rurópolis,7.14376732272583,0,TRUE,TRUE,TRUE,FALSE,0
IPOJUCA,2021,2021-02-18,sensibilidade,260720804A,Rurópolis,7.14376732272583,0,TRUE,TRUE,TRUE,FALSE,0
IPOJUCA,2021,2021-02-19,sensibilidade,260720804A,Rurópolis,7.14376732272583,0,TRUE,TRUE,TRUE,FALSE,0
IPOJUCA,2021,2021-02-20,sensibilidade,260720804A,Rurópolis,7.14376732272583,0,TRUE,TRUE,TRUE,FALSE,0
IPOJUCA,2021,2021-02-21,sensibilidade,260720804A,Rurópolis,7.14376732272583,0,TRUE,TRUE,TRUE,FALSE,0
IPOJUCA,2021,2021-02-22,sensibilidade,260720804A,Rurópolis,7.14376732272583,0,TRUE,TRUE,TRUE,FALSE,0
IPOJUCA,2021,2021-02-23,sensibilidade,260720804A,Rurópolis,7.14376732272583,0,TRUE,TRUE,TRUE,FALSE,0
IPOJUCA,2021,2021-02-24,sensibilidade,260720804A,Rurópolis,7.14376732272583,0.39,TRUE,TRUE,TRUE,FALSE,0.39
IPOJUCA,2021,2021-02-25,sensibilidade,260720804A,Rurópolis,7.14376732272583,4.54,TRUE,TRUE,TRUE,FALSE,4.54
IPOJUCA,2021,2021-02-26,sensibilidade,260720804A,Rurópolis,7.14376732272583,0,TRUE,TRUE,TRUE,FALSE,0
IPOJUCA,2021,2021-02-27,sensibilidade,260720804A,Rurópolis,7.14376732272583,0,TRUE,TRUE,TRUE,FALSE,0
IPOJUCA,2021,2021-02-28,sensibilidade,260720804A,Rurópolis,7.14376732272583,22.6,TRUE,TRUE,TRUE,FALSE,22.6
IPOJUCA,2021,2021-03-01,sensibilidade,260720804A,Rurópolis,7.14376732272583,75.49,TRUE,TRUE,TRUE,FALSE,75.49
IPOJUCA,2021,2021-03-02,sensibilidade,260720804A,Rurópolis,7.14376732272583,4.15,TRUE,TRUE,TRUE,FALSE,4.15
IPOJUCA,2021,2021-03-03,sensibilidade,260720804A,Rurópolis,7.14376732272583,1.38,TRUE,TRUE,TRUE,FALSE,1.38
IPOJUCA,2021,2021-03-04,sensibilidade,260720804A,Rurópolis,7.14376732272583,2.97,FALSE,FALSE,FALSE,FALSE,
IPOJUCA,2021,2021-03-05,sensibilidade,260720804A,Rurópolis,7.14376732272583,1.58,TRUE,TRUE,TRUE,FALSE,1.58
IPOJUCA,2021,2021-03-06,sensibilidade,260720804A,Rurópolis,7.14376732272583,0,TRUE,TRUE,TRUE,FALSE,0
IPOJUCA,2021,2021-03-07,sensibilidade,260720804A,Rurópolis,7.14376732272583,0,TRUE,TRUE,TRUE,FALSE,0
IPOJUCA,2021,2021-03-08,sensibilidade,260720804A,Rurópolis,7.14376732272583,0,TRUE,TRUE,TRUE,FALSE,0
IPOJUCA,2021,2021-03-09,sensibilidade,260720804A,Rurópolis,7.14376732272583,0,TRUE,TRUE,TRUE,FALSE,0
IPOJUCA,2021,2021-03-10,sensibilidade,260720804A,Rurópolis,7.14376732272583,0,TRUE,TRUE,TRUE,FALSE,0
IPOJUCA,2021,2021-03-11,sensibilidade,260720804A,Rurópolis,7.14376732272583,0,TRUE,TRUE,TRUE,FALSE,0
IPOJUCA,2021,2021-03-12,sensibilidade,260720804A,Rurópolis,7.14376732272583,0,TRUE,TRUE,TRUE,FALSE,0
IPOJUCA,2021,2021-03-13,sensibilidade,260720804A,Rurópolis,7.14376732272583,1.78,TRUE,TRUE,TRUE,FALSE,1.78
IPOJUCA,2021,2021-03-14,sensibilidade,260720804A,Rurópolis,7.14376732272583,0,FALSE,FALSE,FALSE,FALSE,
IPOJUCA,2021,2021-03-15,sensibilidade,260720804A,Rurópolis,7.14376732272583,0,TRUE,TRUE,TRUE,FALSE,0
IPOJUCA,2021,2021-03-16,sensibilidade,260720804A,Rurópolis,7.14376732272583,1.97,TRUE,TRUE,TRUE,FALSE,1.97
IPOJUCA,2021,2021-03-17,sensibilidade,260720804A,Rurópolis,7.14376732272583,0,TRUE,TRUE,TRUE,FALSE,0
IPOJUCA,2021,2021-03-18,sensibilidade,260720804A,Rurópolis,7.14376732272583,0,TRUE,TRUE,TRUE,FALSE,0
IPOJUCA,2021,2021-03-19,sensibilidade,260720804A,Rurópolis,7.14376732272583,1.97,TRUE,TRUE,TRUE,FALSE,1.97
IPOJUCA,2021,2021-03-20,sensibilidade,260720804A,Rurópolis,7.14376732272583,6.7,TRUE,TRUE,TRUE,FALSE,6.7
IPOJUCA,2021,2021-03-21,sensibilidade,260720804A,Rurópolis,7.14376732272583,0,TRUE,TRUE,TRUE,FALSE,0
IPOJUCA,2021,2021-03-22,sensibilidade,260720804A,Rurópolis,7.14376732272583,0,TRUE,TRUE,TRUE,FALSE,0
IPOJUCA,2021,2021-03-23,sensibilidade,260720804A,Rurópolis,7.14376732272583,0,TRUE,TRUE,TRUE,FALSE,0
IPOJUCA,2021,2021-03-24,sensibilidade,260720804A,Rurópolis,7.14376732272583,25.81,TRUE,TRUE,TRUE,FALSE,25.81
IPOJUCA,2021,2021-03-25,sensibilidade,260720804A,Rurópolis,7.14376732272583,0.79,TRUE,TRUE,TRUE,FALSE,0.79
IPOJUCA,2021,2021-03-26,sensibilidade,260720804A,Rurópolis,7.14376732272583,5.74,TRUE,TRUE,TRUE,FALSE,5.74
IPOJUCA,2021,2021-03-27,sensibilidade,260720804A,Rurópolis,7.14376732272583,21.22,TRUE,TRUE,TRUE,FALSE,21.22
IPOJUCA,2021,2021-03-28,sensibilidade,260720804A,Rurópolis,7.14376732272583,27.57,TRUE,TRUE,TRUE,FALSE,27.57
IPOJUCA,2021,2021-03-29,sensibilidade,260720804A,Rurópolis,7.14376732272583,3.56,TRUE,TRUE,TRUE,FALSE,3.56
IPOJUCA,2021,2021-03-30,sensibilidade,260720804A,Rurópolis,7.14376732272583,13.19,TRUE,TRUE,TRUE,FALSE,13.19
IPOJUCA,2021,2021-03-31,sensibilidade,260720804A,Rurópolis,7.14376732272583,0,TRUE,TRUE,TRUE,FALSE,0
IPOJUCA,2021,2021-04-01,sensibilidade,260720804A,Rurópolis,7.14376732272583,0,TRUE,TRUE,TRUE,FALSE,0
IPOJUCA,2021,2021-04-02,sensibilidade,260720804A,Rurópolis,7.14376732272583,1.58,FALSE,FALSE,FALSE,FALSE,
IPOJUCA,2021,2021-04-03,sensibilidade,260720804A,Rurópolis,7.14376732272583,0,TRUE,TRUE,TRUE,FALSE,0
IPOJUCA,2021,2021-04-04,sensibilidade,260720804A,Rurópolis,7.14376732272583,9.24,TRUE,TRUE,TRUE,FALSE,9.24
IPOJUCA,2021,2021-04-05,sensibilidade,260720804A,Rurópolis,7.14376732272583,1.57,FALSE,TRUE,TRUE,FALSE,
IPOJUCA,2021,2021-04-06,sensibilidade,260720804A,Rurópolis,7.14376732272583,0.79,TRUE,TRUE,TRUE,FALSE,0.79
IPOJUCA,2021,2021-04-07,sensibilidade,260720804A,Rurópolis,7.14376732272583,0.2,TRUE,TRUE,TRUE,FALSE,0.2
IPOJUCA,2021,2021-04-08,sensibilidade,260720804A,Rurópolis,7.14376732272583,0,TRUE,TRUE,TRUE,FALSE,0
IPOJUCA,2021,2021-04-09,sensibilidade,260720804A,Rurópolis,7.14376732272583,17.62,TRUE,TRUE,TRUE,FALSE,17.62
IPOJUCA,2021,2021-04-10,sensibilidade,260720804A,Rurópolis,7.14376732272583,76.26,TRUE,TRUE,TRUE,FALSE,76.26
IPOJUCA,2021,2021-04-11,sensibilidade,260720804A,Rurópolis,7.14376732272583,126.48,TRUE,TRUE,TRUE,FALSE,126.48
IPOJUCA,2021,2021-04-12,sensibilidade,260720804A,Rurópolis,7.14376732272583,0,TRUE,TRUE,TRUE,FALSE,0
IPOJUCA,2021,2021-04-13,sensibilidade,260720804A,Rurópolis,7.14376732272583,0,FALSE,FALSE,FALSE,FALSE,
IPOJUCA,2021,2021-04-14,sensibilidade,260720804A,Rurópolis,7.14376732272583,15.18,FALSE,TRUE,TRUE,FALSE,
IPOJUCA,2021,2021-04-15,sensibilidade,260720804A,Rurópolis,7.14376732272583,41.37,TRUE,TRUE,TRUE,FALSE,41.37
IPOJUCA,2021,2021-04-16,sensibilidade,260720804A,Rurópolis,7.14376732272583,0,TRUE,TRUE,TRUE,FALSE,0
IPOJUCA,2021,2021-04-17,sensibilidade,260720804A,Rurópolis,7.14376732272583,12.01,TRUE,TRUE,TRUE,FALSE,12.01
IPOJUCA,2021,2021-04-18,sensibilidade,260720804A,Rurópolis,7.14376732272583,11.01,TRUE,TRUE,TRUE,FALSE,11.01
IPOJUCA,2021,2021-04-19,sensibilidade,260720804A,Rurópolis,7.14376732272583,2.75,TRUE,TRUE,TRUE,FALSE,2.75
IPOJUCA,2021,2021-04-20,sensibilidade,260720804A,Rurópolis,7.14376732272583,0,TRUE,TRUE,TRUE,FALSE,0
IPOJUCA,2021,2021-04-21,sensibilidade,260720804A,Rurópolis,7.14376732272583,0,TRUE,TRUE,TRUE,FALSE,0
IPOJUCA,2021,2021-04-22,sensibilidade,260720804A,Rurópolis,7.14376732272583,0,TRUE,TRUE,TRUE,FALSE,0
IPOJUCA,2021,2021-04-23,sensibilidade,260720804A,Rurópolis,7.14376732272583,0,TRUE,TRUE,TRUE,FALSE,0
IPOJUCA,2021,2021-04-24,sensibilidade,260720804A,Rurópolis,7.14376732272583,6.51,TRUE,TRUE,TRUE,FALSE,6.51
IPOJUCA,2021,2021-04-25,sensibilidade,260720804A,Rurópolis,7.14376732272583,0,TRUE,TRUE,TRUE,FALSE,0
IPOJUCA,2021,2021-04-26,sensibilidade,260720804A,Rurópolis,7.14376732272583,0.2,TRUE,TRUE,TRUE,FALSE,0.2
IPOJUCA,2021,2021-04-27,sensibilidade,260720804A,Rurópolis,7.14376732272583,7.5,TRUE,TRUE,TRUE,FALSE,7.5
IPOJUCA,2021,2021-04-28,sensibilidade,260720804A,Rurópolis,7.14376732272583,6.11,TRUE,TRUE,TRUE,FALSE,6.11
IPOJUCA,2021,2021-04-29,sensibilidade,260720804A,Rurópolis,7.14376732272583,2.76,TRUE,TRUE,TRUE,FALSE,2.76
IPOJUCA,2021,2021-04-30,sensibilidade,260720804A,Rurópolis,7.14376732272583,7.09,TRUE,TRUE,TRUE,FALSE,7.09
IPOJUCA,2021,2021-05-01,sensibilidade,260720804A,Rurópolis,7.14376732272583,16.6,TRUE,TRUE,TRUE,FALSE,16.6
IPOJUCA,2021,2021-05-02,sensibilidade,260720804A,Rurópolis,7.14376732272583,6.69,TRUE,TRUE,TRUE,FALSE,6.69
IPOJUCA,2021,2021-05-03,sensibilidade,260720804A,Rurópolis,7.14376732272583,3.55,TRUE,TRUE,TRUE,FALSE,3.55
IPOJUCA,2021,2021-05-04,sensibilidade,260720804A,Rurópolis,7.14376732272583,17.94,TRUE,TRUE,TRUE,FALSE,17.94
IPOJUCA,2021,2021-05-05,sensibilidade,260720804A,Rurópolis,7.14376732272583,29.55,TRUE,TRUE,TRUE,FALSE,29.55
IPOJUCA,2021,2021-05-06,sensibilidade,260720804A,Rurópolis,7.14376732272583,0,TRUE,TRUE,TRUE,FALSE,0
IPOJUCA,2021,2021-05-07,sensibilidade,260720804A,Rurópolis,7.14376732272583,0.2,TRUE,TRUE,TRUE,FALSE,0.2
IPOJUCA,2021,2021-05-08,sensibilidade,260720804A,Rurópolis,7.14376732272583,9.26,TRUE,TRUE,TRUE,FALSE,9.26
IPOJUCA,2021,2021-05-09,sensibilidade,260720804A,Rurópolis,7.14376732272583,9.84,TRUE,TRUE,TRUE,FALSE,9.84
IPOJUCA,2021,2021-05-10,sensibilidade,260720804A,Rurópolis,7.14376732272583,15.17,TRUE,TRUE,TRUE,FALSE,15.17
IPOJUCA,2021,2021-05-11,sensibilidade,260720804A,Rurópolis,7.14376732272583,11.22,TRUE,TRUE,TRUE,FALSE,11.22
IPOJUCA,2021,2021-05-12,sensibilidade,260720804A,Rurópolis,7.14376732272583,2.77,TRUE,TRUE,TRUE,FALSE,2.77
IPOJUCA,2021,2021-05-13,sensibilidade,260720804A,Rurópolis,7.14376732272583,187.1,TRUE,TRUE,TRUE,FALSE,187.1
IPOJUCA,2021,2021-05-14,sensibilidade,260720804A,Rurópolis,7.14376732272583,37.9,TRUE,TRUE,TRUE,FALSE,37.9
IPOJUCA,2021,2021-05-15,sensibilidade,260720804A,Rurópolis,7.14376732272583,3.16,TRUE,TRUE,TRUE,FALSE,3.16
IPOJUCA,2021,2021-05-16,sensibilidade,260720804A,Rurópolis,7.14376732272583,0,TRUE,TRUE,TRUE,FALSE,0
IPOJUCA,2021,2021-05-17,sensibilidade,260720804A,Rurópolis,7.14376732272583,0,TRUE,TRUE,TRUE,FALSE,0
IPOJUCA,2021,2021-05-18,sensibilidade,260720804A,Rurópolis,7.14376732272583,0.79,TRUE,TRUE,TRUE,FALSE,0.79
IPOJUCA,2021,2021-05-19,sensibilidade,260720804A,Rurópolis,7.14376732272583,0.6,TRUE,TRUE,TRUE,FALSE,0.6
IPOJUCA,2021,2021-05-20,sensibilidade,260720804A,Rurópolis,7.14376732272583,0,TRUE,TRUE,TRUE,FALSE,0
IPOJUCA,2021,2021-05-21,sensibilidade,260720804A,Rurópolis,7.14376732272583,3.94,TRUE,TRUE,TRUE,FALSE,3.94
IPOJUCA,2021,2021-05-22,sensibilidade,260720804A,Rurópolis,7.14376732272583,0.2,TRUE,TRUE,TRUE,FALSE,0.2
IPOJUCA,2021,2021-05-23,sensibilidade,260720804A,Rurópolis,7.14376732272583,0,TRUE,TRUE,TRUE,FALSE,0
IPOJUCA,2021,2021-05-24,sensibilidade,260720804A,Rurópolis,7.14376732272583,0,TRUE,TRUE,TRUE,FALSE,0
IPOJUCA,2021,2021-05-25,sensibilidade,260720804A,Rurópolis,7.14376732272583,0.2,TRUE,TRUE,TRUE,FALSE,0.2
IPOJUCA,2021,2021-05-26,sensibilidade,260720804A,Rurópolis,7.14376732272583,0.99,TRUE,TRUE,TRUE,FALSE,0.99
IPOJUCA,2021,2021-05-27,sensibilidade,260720804A,Rurópolis,7.14376732272583,14.38,TRUE,TRUE,TRUE,FALSE,14.38
IPOJUCA,2021,2021-05-28,sensibilidade,260720804A,Rurópolis,7.14376732272583,24.77,TRUE,TRUE,TRUE,FALSE,24.77
IPOJUCA,2021,2021-05-29,sensibilidade,260720804A,Rurópolis,7.14376732272583,0.4,TRUE,TRUE,TRUE,FALSE,0.4
IPOJUCA,2021,2021-05-30,sensibilidade,260720804A,Rurópolis,7.14376732272583,16.14,TRUE,TRUE,TRUE,FALSE,16.14
IPOJUCA,2021,2021-05-31,sensibilidade,260720804A,Rurópolis,7.14376732272583,9.07,TRUE,TRUE,TRUE,FALSE,9.07
IPOJUCA,2021,2021-06-01,sensibilidade,260720804A,Rurópolis,7.14376732272583,0.4,FALSE,FALSE,FALSE,FALSE,
IPOJUCA,2021,2021-06-02,sensibilidade,260720804A,Rurópolis,7.14376732272583,3.34,TRUE,TRUE,TRUE,FALSE,3.34
IPOJUCA,2021,2021-06-03,sensibilidade,260720804A,Rurópolis,7.14376732272583,13.39,FALSE,TRUE,TRUE,FALSE,
IPOJUCA,2021,2021-06-04,sensibilidade,260720804A,Rurópolis,7.14376732272583,10.06,TRUE,TRUE,TRUE,FALSE,10.06
IPOJUCA,2021,2021-06-05,sensibilidade,260720804A,Rurópolis,7.14376732272583,5.52,TRUE,TRUE,TRUE,FALSE,5.52
IPOJUCA,2021,2021-06-06,sensibilidade,260720804A,Rurópolis,7.14376732272583,10.04,TRUE,TRUE,TRUE,FALSE,10.04
IPOJUCA,2021,2021-06-07,sensibilidade,260720804A,Rurópolis,7.14376732272583,6.5,TRUE,TRUE,TRUE,FALSE,6.5
IPOJUCA,2021,2021-06-08,sensibilidade,260720804A,Rurópolis,7.14376732272583,3.94,TRUE,TRUE,TRUE,FALSE,3.94
IPOJUCA,2021,2021-06-09,sensibilidade,260720804A,Rurópolis,7.14376732272583,0.99,TRUE,TRUE,TRUE,FALSE,0.99
IPOJUCA,2021,2021-06-10,sensibilidade,260720804A,Rurópolis,7.14376732272583,2.37,TRUE,TRUE,TRUE,FALSE,2.37
IPOJUCA,2021,2021-06-11,sensibilidade,260720804A,Rurópolis,7.14376732272583,0,TRUE,TRUE,TRUE,FALSE,0
IPOJUCA,2021,2021-06-12,sensibilidade,260720804A,Rurópolis,7.14376732272583,0,TRUE,TRUE,TRUE,FALSE,0
IPOJUCA,2021,2021-06-13,sensibilidade,260720804A,Rurópolis,7.14376732272583,0,TRUE,TRUE,TRUE,FALSE,0
IPOJUCA,2021,2021-06-14,sensibilidade,260720804A,Rurópolis,7.14376732272583,0.4,TRUE,TRUE,TRUE,FALSE,0.4
IPOJUCA,2021,2021-06-15,sensibilidade,260720804A,Rurópolis,7.14376732272583,1.97,TRUE,TRUE,TRUE,FALSE,1.97
IPOJUCA,2021,2021-06-16,sensibilidade,260720804A,Rurópolis,7.14376732272583,1.78,TRUE,TRUE,TRUE,FALSE,1.78
IPOJUCA,2021,2021-06-17,sensibilidade,260720804A,Rurópolis,7.14376732272583,5.91,TRUE,TRUE,TRUE,FALSE,5.91
IPOJUCA,2021,2021-06-18,sensibilidade,260720804A,Rurópolis,7.14376732272583,17.34,TRUE,TRUE,TRUE,FALSE,17.34
IPOJUCA,2021,2021-06-19,sensibilidade,260720804A,Rurópolis,7.14376732272583,16.54,TRUE,TRUE,TRUE,FALSE,16.54
IPOJUCA,2021,2021-06-20,sensibilidade,260720804A,Rurópolis,7.14376732272583,2.96,TRUE,TRUE,TRUE,FALSE,2.96
IPOJUCA,2021,2021-06-21,sensibilidade,260720804A,Rurópolis,7.14376732272583,0.79,TRUE,TRUE,TRUE,FALSE,0.79
IPOJUCA,2021,2021-06-22,sensibilidade,260720804A,Rurópolis,7.14376732272583,4.96,FALSE,FALSE,FALSE,FALSE,
IPOJUCA,2021,2021-06-23,sensibilidade,260720804A,Rurópolis,7.14376732272583,2.56,TRUE,TRUE,TRUE,FALSE,2.56
IPOJUCA,2021,2021-06-24,sensibilidade,260720804A,Rurópolis,7.14376732272583,23.05,FALSE,TRUE,TRUE,FALSE,
IPOJUCA,2021,2021-06-25,sensibilidade,260720804A,Rurópolis,7.14376732272583,1,TRUE,TRUE,TRUE,FALSE,1
IPOJUCA,2021,2021-06-26,sensibilidade,260720804A,Rurópolis,7.14376732272583,0,TRUE,TRUE,TRUE,FALSE,0
IPOJUCA,2021,2021-06-27,sensibilidade,260720804A,Rurópolis,7.14376732272583,6.12,TRUE,TRUE,TRUE,FALSE,6.12
IPOJUCA,2021,2021-06-28,sensibilidade,260720804A,Rurópolis,7.14376732272583,0.79,TRUE,TRUE,TRUE,FALSE,0.79
IPOJUCA,2021,2021-06-29,sensibilidade,260720804A,Rurópolis,7.14376732272583,0.98,TRUE,TRUE,TRUE,FALSE,0.98
IPOJUCA,2021,2021-06-30,sensibilidade,260720804A,Rurópolis,7.14376732272583,22.84,TRUE,TRUE,TRUE,FALSE,22.84
IPOJUCA,2021,2021-07-01,sensibilidade,260720804A,Rurópolis,7.14376732272583,8.89,FALSE,TRUE,TRUE,FALSE,
IPOJUCA,2021,2021-07-02,sensibilidade,260720804A,Rurópolis,7.14376732272583,7.07,TRUE,TRUE,TRUE,FALSE,7.07
IPOJUCA,2021,2021-07-03,sensibilidade,260720804A,Rurópolis,7.14376732272583,1.99,TRUE,TRUE,TRUE,FALSE,1.99
IPOJUCA,2021,2021-07-04,sensibilidade,260720804A,Rurópolis,7.14376732272583,0,TRUE,TRUE,TRUE,FALSE,0
IPOJUCA,2021,2021-07-05,sensibilidade,260720804A,Rurópolis,7.14376732272583,0,TRUE,TRUE,TRUE,FALSE,0
IPOJUCA,2021,2021-07-06,sensibilidade,260720804A,Rurópolis,7.14376732272583,0,TRUE,TRUE,TRUE,FALSE,0
IPOJUCA,2021,2021-07-07,sensibilidade,260720804A,Rurópolis,7.14376732272583,0,TRUE,TRUE,TRUE,FALSE,0
IPOJUCA,2021,2021-07-08,sensibilidade,260720804A,Rurópolis,7.14376732272583,0.98,TRUE,TRUE,TRUE,FALSE,0.98
IPOJUCA,2021,2021-07-09,sensibilidade,260720804A,Rurópolis,7.14376732272583,3.15,TRUE,TRUE,TRUE,FALSE,3.15
IPOJUCA,2021,2021-07-10,sensibilidade,260720804A,Rurópolis,7.14376732272583,11.86,TRUE,TRUE,TRUE,FALSE,11.86
IPOJUCA,2021,2021-07-11,sensibilidade,260720804A,Rurópolis,7.14376732272583,3.35,TRUE,TRUE,TRUE,FALSE,3.35
IPOJUCA,2021,2021-07-12,sensibilidade,260720804A,Rurópolis,7.14376732272583,1.58,TRUE,TRUE,TRUE,FALSE,1.58
IPOJUCA,2021,2021-07-13,sensibilidade,260720804A,Rurópolis,7.14376732272583,0,TRUE,TRUE,TRUE,FALSE,0
IPOJUCA,2021,2021-07-14,sensibilidade,260720804A,Rurópolis,7.14376732272583,6.69,FALSE,TRUE,TRUE,FALSE,
IPOJUCA,2021,2021-07-15,sensibilidade,260720804A,Rurópolis,7.14376732272583,1.78,TRUE,TRUE,TRUE,FALSE,1.78
IPOJUCA,2021,2021-07-16,sensibilidade,260720804A,Rurópolis,7.14376732272583,27.36,TRUE,TRUE,TRUE,FALSE,27.36
IPOJUCA,2021,2021-07-17,sensibilidade,260720804A,Rurópolis,7.14376732272583,2.17,TRUE,TRUE,TRUE,FALSE,2.17
IPOJUCA,2021,2021-07-18,sensibilidade,260720804A,Rurópolis,7.14376732272583,0,TRUE,TRUE,TRUE,FALSE,0
IPOJUCA,2021,2021-07-19,sensibilidade,260720804A,Rurópolis,7.14376732272583,4.35,FALSE,TRUE,TRUE,FALSE,
IPOJUCA,2021,2021-07-20,sensibilidade,260720804A,Rurópolis,7.14376732272583,4.33,TRUE,TRUE,TRUE,FALSE,4.33
IPOJUCA,2021,2021-07-21,sensibilidade,260720804A,Rurópolis,7.14376732272583,17.12,TRUE,TRUE,TRUE,FALSE,17.12
IPOJUCA,2021,2021-07-22,sensibilidade,260720804A,Rurópolis,7.14376732272583,1.38,TRUE,TRUE,TRUE,FALSE,1.38
IPOJUCA,2021,2021-07-23,sensibilidade,260720804A,Rurópolis,7.14376732272583,11.81,TRUE,TRUE,TRUE,FALSE,11.81
IPOJUCA,2021,2021-07-24,sensibilidade,260720804A,Rurópolis,7.14376732272583,10.08,TRUE,TRUE,TRUE,FALSE,10.08
IPOJUCA,2021,2021-07-25,sensibilidade,260720804A,Rurópolis,7.14376732272583,12.98,FALSE,TRUE,TRUE,FALSE,
IPOJUCA,2021,2021-07-26,sensibilidade,260720804A,Rurópolis,7.14376732272583,11.03,FALSE,FALSE,TRUE,FALSE,
IPOJUCA,2021,2021-07-27,sensibilidade,260720804A,Rurópolis,7.14376732272583,4.34,TRUE,TRUE,TRUE,FALSE,4.34
IPOJUCA,2021,2021-07-28,sensibilidade,260720804A,Rurópolis,7.14376732272583,0,TRUE,TRUE,TRUE,FALSE,0
IPOJUCA,2021,2021-07-29,sensibilidade,260720804A,Rurópolis,7.14376732272583,0,TRUE,TRUE,TRUE,FALSE,0
IPOJUCA,2021,2021-07-30,sensibilidade,260720804A,Rurópolis,7.14376732272583,0,TRUE,TRUE,TRUE,FALSE,0
IPOJUCA,2021,2021-07-31,sensibilidade,260720804A,Rurópolis,7.14376732272583,19.3,TRUE,TRUE,TRUE,FALSE,19.3
IPOJUCA,2021,2021-08-01,sensibilidade,260720804A,Rurópolis,7.14376732272583,4.73,TRUE,TRUE,TRUE,FALSE,4.73
IPOJUCA,2021,2021-08-02,sensibilidade,260720804A,Rurópolis,7.14376732272583,13.8,TRUE,TRUE,TRUE,FALSE,13.8
IPOJUCA,2021,2021-08-03,sensibilidade,260720804A,Rurópolis,7.14376732272583,32.08,TRUE,TRUE,TRUE,FALSE,32.08
IPOJUCA,2021,2021-08-04,sensibilidade,260720804A,Rurópolis,7.14376732272583,23.45,TRUE,TRUE,TRUE,FALSE,23.45
IPOJUCA,2021,2021-08-05,sensibilidade,260720804A,Rurópolis,7.14376732272583,18.74,TRUE,TRUE,TRUE,FALSE,18.74
IPOJUCA,2021,2021-08-06,sensibilidade,260720804A,Rurópolis,7.14376732272583,4.55,TRUE,TRUE,TRUE,FALSE,4.55
IPOJUCA,2021,2021-08-07,sensibilidade,260720804A,Rurópolis,7.14376732272583,3.16,TRUE,TRUE,TRUE,FALSE,3.16
IPOJUCA,2021,2021-08-08,sensibilidade,260720804A,Rurópolis,7.14376732272583,3.53,FALSE,TRUE,TRUE,FALSE,
IPOJUCA,2021,2021-08-09,sensibilidade,260720804A,Rurópolis,7.14376732272583,83.18,FALSE,TRUE,TRUE,FALSE,
IPOJUCA,2021,2021-08-10,sensibilidade,260720804A,Rurópolis,7.14376732272583,27.35,TRUE,TRUE,TRUE,FALSE,27.35
IPOJUCA,2021,2021-08-11,sensibilidade,260720804A,Rurópolis,7.14376732272583,35.26,TRUE,TRUE,TRUE,FALSE,35.26
IPOJUCA,2021,2021-08-12,sensibilidade,260720804A,Rurópolis,7.14376732272583,13.79,TRUE,TRUE,TRUE,FALSE,13.79
IPOJUCA,2021,2021-08-13,sensibilidade,260720804A,Rurópolis,7.14376732272583,1.19,TRUE,TRUE,TRUE,FALSE,1.19
IPOJUCA,2021,2021-08-14,sensibilidade,260720804A,Rurópolis,7.14376732272583,7.48,TRUE,TRUE,TRUE,FALSE,7.48
IPOJUCA,2021,2021-08-15,sensibilidade,260720804A,Rurópolis,7.14376732272583,5.33,TRUE,TRUE,TRUE,FALSE,5.33
IPOJUCA,2021,2021-08-16,sensibilidade,260720804A,Rurópolis,7.14376732272583,0.59,TRUE,TRUE,TRUE,FALSE,0.59
IPOJUCA,2021,2021-08-17,sensibilidade,260720804A,Rurópolis,7.14376732272583,11.81,TRUE,TRUE,TRUE,FALSE,11.81
IPOJUCA,2021,2021-08-18,sensibilidade,260720804A,Rurópolis,7.14376732272583,1,TRUE,TRUE,TRUE,FALSE,1
IPOJUCA,2021,2021-08-19,sensibilidade,260720804A,Rurópolis,7.14376732272583,8.27,FALSE,TRUE,TRUE,FALSE,
IPOJUCA,2021,2021-08-20,sensibilidade,260720804A,Rurópolis,7.14376732272583,14.77,TRUE,TRUE,TRUE,FALSE,14.77
IPOJUCA,2021,2021-08-21,sensibilidade,260720804A,Rurópolis,7.14376732272583,1.77,TRUE,TRUE,TRUE,FALSE,1.77
IPOJUCA,2021,2021-08-22,sensibilidade,260720804A,Rurópolis,7.14376732272583,10.07,TRUE,TRUE,TRUE,FALSE,10.07
IPOJUCA,2021,2021-08-23,sensibilidade,260720804A,Rurópolis,7.14376732272583,34.67,TRUE,TRUE,TRUE,FALSE,34.67
IPOJUCA,2021,2021-08-24,sensibilidade,260720804A,Rurópolis,7.14376732272583,11.61,FALSE,TRUE,TRUE,FALSE,
IPOJUCA,2021,2021-08-25,sensibilidade,260720804A,Rurópolis,7.14376732272583,2.95,TRUE,TRUE,TRUE,FALSE,2.95
IPOJUCA,2021,2021-08-26,sensibilidade,260720804A,Rurópolis,7.14376732272583,0.2,FALSE,TRUE,TRUE,FALSE,
IPOJUCA,2021,2021-08-27,sensibilidade,260720804A,Rurópolis,7.14376732272583,0.4,TRUE,TRUE,TRUE,FALSE,0.4
IPOJUCA,2021,2021-08-28,sensibilidade,260720804A,Rurópolis,7.14376732272583,2.94,TRUE,TRUE,TRUE,FALSE,2.94
IPOJUCA,2021,2021-08-29,sensibilidade,260720804A,Rurópolis,7.14376732272583,12.03,TRUE,TRUE,TRUE,FALSE,12.03
IPOJUCA,2021,2021-08-30,sensibilidade,260720804A,Rurópolis,7.14376732272583,0,TRUE,TRUE,TRUE,FALSE,0
IPOJUCA,2021,2021-08-31,sensibilidade,260720804A,Rurópolis,7.14376732272583,0.98,TRUE,TRUE,TRUE,FALSE,0.98
IPOJUCA,2021,2021-09-01,sensibilidade,260720804A,Rurópolis,7.14376732272583,1,TRUE,TRUE,TRUE,FALSE,1
IPOJUCA,2021,2021-09-02,sensibilidade,260720804A,Rurópolis,7.14376732272583,2.56,TRUE,TRUE,TRUE,FALSE,2.56
IPOJUCA,2021,2021-09-03,sensibilidade,260720804A,Rurópolis,7.14376732272583,0,TRUE,TRUE,TRUE,FALSE,0
IPOJUCA,2021,2021-09-04,sensibilidade,260720804A,Rurópolis,7.14376732272583,2.36,TRUE,TRUE,TRUE,FALSE,2.36
IPOJUCA,2021,2021-09-05,sensibilidade,260720804A,Rurópolis,7.14376732272583,3.35,TRUE,TRUE,TRUE,FALSE,3.35
IPOJUCA,2021,2021-09-06,sensibilidade,260720804A,Rurópolis,7.14376732272583,0,TRUE,TRUE,TRUE,FALSE,0
IPOJUCA,2021,2021-09-07,sensibilidade,260720804A,Rurópolis,7.14376732272583,0,TRUE,TRUE,TRUE,FALSE,0
IPOJUCA,2021,2021-09-08,sensibilidade,260720804A,Rurópolis,7.14376732272583,0.4,TRUE,TRUE,TRUE,FALSE,0.4
IPOJUCA,2021,2021-09-09,sensibilidade,260720804A,Rurópolis,7.14376732272583,0.59,TRUE,TRUE,TRUE,FALSE,0.59
IPOJUCA,2021,2021-09-10,sensibilidade,260720804A,Rurópolis,7.14376732272583,0,TRUE,TRUE,TRUE,FALSE,0
IPOJUCA,2021,2021-09-11,sensibilidade,260720804A,Rurópolis,7.14376732272583,0,TRUE,TRUE,TRUE,FALSE,0
IPOJUCA,2021,2021-09-12,sensibilidade,260720804A,Rurópolis,7.14376732272583,0,TRUE,TRUE,TRUE,FALSE,0
IPOJUCA,2021,2021-09-13,sensibilidade,260720804A,Rurópolis,7.14376732272583,0,TRUE,TRUE,TRUE,FALSE,0
IPOJUCA,2021,2021-09-14,sensibilidade,260720804A,Rurópolis,7.14376732272583,7.92,TRUE,TRUE,TRUE,FALSE,7.92
IPOJUCA,2021,2021-09-15,sensibilidade,260720804A,Rurópolis,7.14376732272583,0.4,TRUE,TRUE,TRUE,FALSE,0.4
IPOJUCA,2021,2021-09-16,sensibilidade,260720804A,Rurópolis,7.14376732272583,0,TRUE,TRUE,TRUE,FALSE,0
IPOJUCA,2021,2021-09-17,sensibilidade,260720804A,Rurópolis,7.14376732272583,0.79,TRUE,TRUE,TRUE,FALSE,0.79
IPOJUCA,2021,2021-09-18,sensibilidade,260720804A,Rurópolis,7.14376732272583,0,TRUE,TRUE,TRUE,FALSE,0
IPOJUCA,2021,2021-09-19,sensibilidade,260720804A,Rurópolis,7.14376732272583,0,TRUE,TRUE,TRUE,FALSE,0
IPOJUCA,2021,2021-09-20,sensibilidade,260720804A,Rurópolis,7.14376732272583,0,TRUE,TRUE,TRUE,FALSE,0
IPOJUCA,2021,2021-09-21,sensibilidade,260720804A,Rurópolis,7.14376732272583,0,FALSE,FALSE,FALSE,FALSE,
IPOJUCA,2021,2021-09-22,sensibilidade,260720804A,Rurópolis,7.14376732272583,0,TRUE,TRUE,TRUE,FALSE,0
IPOJUCA,2021,2021-09-23,sensibilidade,260720804A,Rurópolis,7.14376732272583,0.98,TRUE,TRUE,TRUE,FALSE,0.98
IPOJUCA,2021,2021-09-24,sensibilidade,260720804A,Rurópolis,7.14376732272583,1.77,TRUE,TRUE,TRUE,FALSE,1.77
IPOJUCA,2021,2021-09-25,sensibilidade,260720804A,Rurópolis,7.14376732272583,6.5,TRUE,TRUE,TRUE,FALSE,6.5
IPOJUCA,2021,2021-09-26,sensibilidade,260720804A,Rurópolis,7.14376732272583,0,TRUE,TRUE,TRUE,FALSE,0
IPOJUCA,2021,2021-09-27,sensibilidade,260720804A,Rurópolis,7.14376732272583,0,TRUE,TRUE,TRUE,FALSE,0
IPOJUCA,2021,2021-09-28,sensibilidade,260720804A,Rurópolis,7.14376732272583,0.4,TRUE,TRUE,TRUE,FALSE,0.4
IPOJUCA,2021,2021-09-29,sensibilidade,260720804A,Rurópolis,7.14376732272583,17.13,TRUE,TRUE,TRUE,FALSE,17.13
IPOJUCA,2021,2021-09-30,sensibilidade,260720804A,Rurópolis,7.14376732272583,1.99,FALSE,FALSE,TRUE,FALSE,
IPOJUCA,2021,2021-10-01,sensibilidade,260720804A,Rurópolis,7.14376732272583,5.52,TRUE,TRUE,TRUE,FALSE,5.52
IPOJUCA,2021,2021-10-02,sensibilidade,260720804A,Rurópolis,7.14376732272583,9.85,TRUE,TRUE,TRUE,FALSE,9.85
IPOJUCA,2021,2021-10-03,sensibilidade,260720804A,Rurópolis,7.14376732272583,0.2,TRUE,TRUE,TRUE,FALSE,0.2
IPOJUCA,2021,2021-10-04,sensibilidade,260720804A,Rurópolis,7.14376732272583,0,TRUE,TRUE,TRUE,FALSE,0
IPOJUCA,2021,2021-10-05,sensibilidade,260720804A,Rurópolis,7.14376732272583,2.76,FALSE,FALSE,FALSE,FALSE,
IPOJUCA,2021,2021-10-06,sensibilidade,260720804A,Rurópolis,7.14376732272583,0,FALSE,FALSE,FALSE,FALSE,
IPOJUCA,2021,2021-10-07,sensibilidade,260720804A,Rurópolis,7.14376732272583,0.99,FALSE,FALSE,FALSE,FALSE,
IPOJUCA,2021,2021-10-08,sensibilidade,260720804A,Rurópolis,7.14376732272583,0,FALSE,FALSE,FALSE,FALSE,
IPOJUCA,2021,2021-10-09,sensibilidade,260720804A,Rurópolis,7.14376732272583,0,TRUE,TRUE,TRUE,FALSE,0
IPOJUCA,2021,2021-10-10,sensibilidade,260720804A,Rurópolis,7.14376732272583,0,FALSE,FALSE,FALSE,FALSE,
IPOJUCA,2021,2021-10-11,sensibilidade,260720804A,Rurópolis,7.14376732272583,0,TRUE,TRUE,TRUE,FALSE,0
IPOJUCA,2021,2021-10-12,sensibilidade,260720804A,Rurópolis,7.14376732272583,0,TRUE,TRUE,TRUE,FALSE,0
IPOJUCA,2021,2021-10-13,sensibilidade,260720804A,Rurópolis,7.14376732272583,0,FALSE,FALSE,FALSE,FALSE,
IPOJUCA,2021,2021-10-14,sensibilidade,260720804A,Rurópolis,7.14376732272583,0.99,FALSE,FALSE,FALSE,FALSE,
IPOJUCA,2021,2021-10-15,sensibilidade,260720804A,Rurópolis,7.14376732272583,0,FALSE,FALSE,FALSE,FALSE,
IPOJUCA,2021,2021-10-16,sensibilidade,260720804A,Rurópolis,7.14376732272583,2.57,FALSE,FALSE,FALSE,FALSE,
IPOJUCA,2021,2021-10-17,sensibilidade,260720804A,Rurópolis,7.14376732272583,0.2,FALSE,FALSE,FALSE,FALSE,
IPOJUCA,2021,2021-10-18,sensibilidade,260720804A,Rurópolis,7.14376732272583,0,FALSE,FALSE,FALSE,FALSE,
IPOJUCA,2021,2021-10-19,sensibilidade,260720804A,Rurópolis,7.14376732272583,0,FALSE,FALSE,FALSE,FALSE,
IPOJUCA,2021,2021-10-20,sensibilidade,260720804A,Rurópolis,7.14376732272583,0,FALSE,FALSE,FALSE,FALSE,
IPOJUCA,2021,2021-10-21,sensibilidade,260720804A,Rurópolis,7.14376732272583,0.2,FALSE,FALSE,FALSE,FALSE,
IPOJUCA,2021,2021-10-22,sensibilidade,260720804A,Rurópolis,7.14376732272583,3.95,FALSE,FALSE,FALSE,FALSE,
IPOJUCA,2021,2021-10-23,sensibilidade,260720804A,Rurópolis,7.14376732272583,0,FALSE,FALSE,FALSE,FALSE,
IPOJUCA,2021,2021-10-24,sensibilidade,260720804A,Rurópolis,7.14376732272583,0,FALSE,FALSE,FALSE,FALSE,
IPOJUCA,2021,2021-10-25,sensibilidade,260720804A,Rurópolis,7.14376732272583,0,FALSE,FALSE,FALSE,FALSE,
IPOJUCA,2021,2021-10-26,sensibilidade,260720804A,Rurópolis,7.14376732272583,0.99,TRUE,TRUE,TRUE,FALSE,0.99
IPOJUCA,2021,2021-10-27,sensibilidade,260720804A,Rurópolis,7.14376732272583,0.2,TRUE,TRUE,TRUE,FALSE,0.2
IPOJUCA,2021,2021-10-28,sensibilidade,260720804A,Rurópolis,7.14376732272583,0,FALSE,FALSE,FALSE,FALSE,
IPOJUCA,2021,2021-10-29,sensibilidade,260720804A,Rurópolis,7.14376732272583,0,FALSE,FALSE,FALSE,FALSE,
IPOJUCA,2021,2021-10-30,sensibilidade,260720804A,Rurópolis,7.14376732272583,0,FALSE,FALSE,FALSE,FALSE,
IPOJUCA,2021,2021-10-31,sensibilidade,260720804A,Rurópolis,7.14376732272583,1.59,FALSE,FALSE,FALSE,FALSE,
IPOJUCA,2021,2021-11-01,sensibilidade,260720804A,Rurópolis,7.14376732272583,0,FALSE,FALSE,FALSE,FALSE,
IPOJUCA,2021,2021-11-02,sensibilidade,260720804A,Rurópolis,7.14376732272583,0,TRUE,TRUE,TRUE,FALSE,0
IPOJUCA,2021,2021-11-03,sensibilidade,260720804A,Rurópolis,7.14376732272583,0,FALSE,FALSE,FALSE,FALSE,
IPOJUCA,2021,2021-11-04,sensibilidade,260720804A,Rurópolis,7.14376732272583,0,FALSE,FALSE,FALSE,FALSE,
IPOJUCA,2021,2021-11-05,sensibilidade,260720804A,Rurópolis,7.14376732272583,0,TRUE,TRUE,TRUE,FALSE,0
IPOJUCA,2021,2021-11-06,sensibilidade,260720804A,Rurópolis,7.14376732272583,0,TRUE,TRUE,TRUE,FALSE,0
IPOJUCA,2021,2021-11-07,sensibilidade,260720804A,Rurópolis,7.14376732272583,0,FALSE,FALSE,FALSE,FALSE,
IPOJUCA,2021,2021-11-08,sensibilidade,260720804A,Rurópolis,7.14376732272583,0,TRUE,TRUE,TRUE,FALSE,0
IPOJUCA,2021,2021-11-09,sensibilidade,260720804A,Rurópolis,7.14376732272583,3.78,TRUE,TRUE,TRUE,FALSE,3.78
IPOJUCA,2021,2021-11-10,sensibilidade,260720804A,Rurópolis,7.14376732272583,1.18,TRUE,TRUE,TRUE,FALSE,1.18
IPOJUCA,2021,2021-11-11,sensibilidade,260720804A,Rurópolis,7.14376732272583,0.59,TRUE,TRUE,TRUE,FALSE,0.59
IPOJUCA,2021,2021-11-12,sensibilidade,260720804A,Rurópolis,7.14376732272583,0.2,TRUE,TRUE,TRUE,FALSE,0.2
IPOJUCA,2021,2021-11-13,sensibilidade,260720804A,Rurópolis,7.14376732272583,0,TRUE,TRUE,TRUE,FALSE,0
IPOJUCA,2021,2021-11-14,sensibilidade,260720804A,Rurópolis,7.14376732272583,0,TRUE,TRUE,TRUE,FALSE,0
IPOJUCA,2021,2021-11-15,sensibilidade,260720804A,Rurópolis,7.14376732272583,0,TRUE,TRUE,TRUE,FALSE,0
IPOJUCA,2021,2021-11-16,sensibilidade,260720804A,Rurópolis,7.14376732272583,0,TRUE,TRUE,TRUE,FALSE,0
IPOJUCA,2021,2021-11-17,sensibilidade,260720804A,Rurópolis,7.14376732272583,0,TRUE,TRUE,TRUE,FALSE,0
IPOJUCA,2021,2021-11-18,sensibilidade,260720804A,Rurópolis,7.14376732272583,0,TRUE,TRUE,TRUE,FALSE,0
IPOJUCA,2021,2021-11-19,sensibilidade,260720804A,Rurópolis,7.14376732272583,0,TRUE,TRUE,TRUE,FALSE,0
IPOJUCA,2021,2021-11-20,sensibilidade,260720804A,Rurópolis,7.14376732272583,0,TRUE,TRUE,TRUE,FALSE,0
IPOJUCA,2021,2021-11-21,sensibilidade,260720804A,Rurópolis,7.14376732272583,0,TRUE,TRUE,TRUE,FALSE,0
IPOJUCA,2021,2021-11-22,sensibilidade,260720804A,Rurópolis,7.14376732272583,0,TRUE,TRUE,TRUE,FALSE,0
IPOJUCA,2021,2021-11-23,sensibilidade,260720804A,Rurópolis,7.14376732272583,0,TRUE,TRUE,TRUE,FALSE,0
IPOJUCA,2021,2021-11-24,sensibilidade,260720804A,Rurópolis,7.14376732272583,0,FALSE,FALSE,FALSE,FALSE,
IPOJUCA,2021,2021-11-25,sensibilidade,260720804A,Rurópolis,7.14376732272583,0,TRUE,TRUE,TRUE,FALSE,0
IPOJUCA,2021,2021-11-26,sensibilidade,260720804A,Rurópolis,7.14376732272583,2.17,TRUE,TRUE,TRUE,FALSE,2.17
IPOJUCA,2021,2021-11-27,sensibilidade,260720804A,Rurópolis,7.14376732272583,0,TRUE,TRUE,TRUE,FALSE,0
IPOJUCA,2021,2021-11-28,sensibilidade,260720804A,Rurópolis,7.14376732272583,0,TRUE,TRUE,TRUE,FALSE,0
IPOJUCA,2021,2021-11-29,sensibilidade,260720804A,Rurópolis,7.14376732272583,0,TRUE,TRUE,TRUE,FALSE,0
IPOJUCA,2021,2021-11-30,sensibilidade,260720804A,Rurópolis,7.14376732272583,0,TRUE,TRUE,TRUE,FALSE,0
IPOJUCA,2021,2021-12-01,sensibilidade,260720804A,Rurópolis,7.14376732272583,0,FALSE,FALSE,FALSE,FALSE,
IPOJUCA,2021,2021-12-02,sensibilidade,260720804A,Rurópolis,7.14376732272583,0,TRUE,TRUE,TRUE,FALSE,0
IPOJUCA,2021,2021-12-03,sensibilidade,260720804A,Rurópolis,7.14376732272583,0,TRUE,TRUE,TRUE,FALSE,0
IPOJUCA,2021,2021-12-04,sensibilidade,260720804A,Rurópolis,7.14376732272583,1.98,TRUE,TRUE,TRUE,FALSE,1.98
IPOJUCA,2021,2021-12-05,sensibilidade,260720804A,Rurópolis,7.14376732272583,0,TRUE,TRUE,TRUE,FALSE,0
IPOJUCA,2021,2021-12-06,sensibilidade,260720804A,Rurópolis,7.14376732272583,0,TRUE,TRUE,TRUE,FALSE,0
IPOJUCA,2021,2021-12-07,sensibilidade,260720804A,Rurópolis,7.14376732272583,0,TRUE,TRUE,TRUE,FALSE,0
IPOJUCA,2021,2021-12-08,sensibilidade,260720804A,Rurópolis,7.14376732272583,0,TRUE,TRUE,TRUE,FALSE,0
IPOJUCA,2021,2021-12-09,sensibilidade,260720804A,Rurópolis,7.14376732272583,0,TRUE,TRUE,TRUE,FALSE,0
IPOJUCA,2021,2021-12-10,sensibilidade,260720804A,Rurópolis,7.14376732272583,0,TRUE,TRUE,TRUE,FALSE,0
IPOJUCA,2021,2021-12-11,sensibilidade,260720804A,Rurópolis,7.14376732272583,0,TRUE,TRUE,TRUE,FALSE,0
IPOJUCA,2021,2021-12-12,sensibilidade,260720804A,Rurópolis,7.14376732272583,0,FALSE,FALSE,FALSE,FALSE,
IPOJUCA,2021,2021-12-13,sensibilidade,260720804A,Rurópolis,7.14376732272583,0,TRUE,TRUE,TRUE,FALSE,0
IPOJUCA,2021,2021-12-14,sensibilidade,260720804A,Rurópolis,7.14376732272583,0,TRUE,TRUE,TRUE,FALSE,0
IPOJUCA,2021,2021-12-15,sensibilidade,260720804A,Rurópolis,7.14376732272583,0,TRUE,TRUE,TRUE,FALSE,0
IPOJUCA,2021,2021-12-16,sensibilidade,260720804A,Rurópolis,7.14376732272583,0,TRUE,TRUE,TRUE,FALSE,0
IPOJUCA,2021,2021-12-17,sensibilidade,260720804A,Rurópolis,7.14376732272583,0,TRUE,TRUE,TRUE,FALSE,0
IPOJUCA,2021,2021-12-18,sensibilidade,260720804A,Rurópolis,7.14376732272583,0,TRUE,TRUE,TRUE,FALSE,0
IPOJUCA,2021,2021-12-19,sensibilidade,260720804A,Rurópolis,7.14376732272583,0,TRUE,TRUE,TRUE,FALSE,0
IPOJUCA,2021,2021-12-20,sensibilidade,260720804A,Rurópolis,7.14376732272583,0,TRUE,TRUE,TRUE,FALSE,0
IPOJUCA,2021,2021-12-21,sensibilidade,260720804A,Rurópolis,7.14376732272583,0,TRUE,TRUE,TRUE,FALSE,0
IPOJUCA,2021,2021-12-22,sensibilidade,260720804A,Rurópolis,7.14376732272583,0,TRUE,TRUE,TRUE,FALSE,0
IPOJUCA,2021,2021-12-23,sensibilidade,260720804A,Rurópolis,7.14376732272583,0,TRUE,TRUE,TRUE,FALSE,0
IPOJUCA,2021,2021-12-24,sensibilidade,260720804A,Rurópolis,7.14376732272583,0,TRUE,TRUE,TRUE,FALSE,0
IPOJUCA,2021,2021-12-25,sensibilidade,260720804A,Rurópolis,7.14376732272583,0,TRUE,TRUE,TRUE,FALSE,0
IPOJUCA,2021,2021-12-26,sensibilidade,260720804A,Rurópolis,7.14376732272583,0,TRUE,TRUE,TRUE,FALSE,0
IPOJUCA,2021,2021-12-27,sensibilidade,260720804A,Rurópolis,7.14376732272583,0,TRUE,TRUE,TRUE,FALSE,0
IPOJUCA,2021,2021-12-28,sensibilidade,260720804A,Rurópolis,7.14376732272583,0,TRUE,TRUE,TRUE,FALSE,0
IPOJUCA,2021,2021-12-29,sensibilidade,260720804A,Rurópolis,7.14376732272583,0,TRUE,TRUE,TRUE,FALSE,0
IPOJUCA,2021,2021-12-30,sensibilidade,260720804A,Rurópolis,7.14376732272583,0,TRUE,TRUE,TRUE,FALSE,0
IPOJUCA,2021,2021-12-31,sensibilidade,260720804A,Rurópolis,7.14376732272583,0,TRUE,TRUE,TRUE,FALSE,0
IPOJUCA,2025,2025-01-01,principal,260720804A,Rurópolis,7.14376732272583,0.2,TRUE,TRUE,TRUE,FALSE,0.2
IPOJUCA,2025,2025-01-02,principal,260720804A,Rurópolis,7.14376732272583,0,TRUE,TRUE,TRUE,FALSE,0
IPOJUCA,2025,2025-01-03,principal,260720804A,Rurópolis,7.14376732272583,0,TRUE,TRUE,TRUE,FALSE,0
IPOJUCA,2025,2025-01-04,principal,260720804A,Rurópolis,7.14376732272583,1.77,TRUE,TRUE,TRUE,FALSE,1.77
IPOJUCA,2025,2025-01-05,principal,260720804A,Rurópolis,7.14376732272583,0,TRUE,TRUE,TRUE,FALSE,0
IPOJUCA,2025,2025-01-06,principal,260720804A,Rurópolis,7.14376732272583,1.21,TRUE,TRUE,TRUE,FALSE,1.21
IPOJUCA,2025,2025-01-07,principal,260720804A,Rurópolis,7.14376732272583,0,TRUE,TRUE,TRUE,FALSE,0
IPOJUCA,2025,2025-01-08,principal,260720804A,Rurópolis,7.14376732272583,0,TRUE,TRUE,TRUE,FALSE,0
IPOJUCA,2025,2025-01-09,principal,260720804A,Rurópolis,7.14376732272583,0,TRUE,TRUE,TRUE,FALSE,0
IPOJUCA,2025,2025-01-10,principal,260720804A,Rurópolis,7.14376732272583,0,TRUE,TRUE,TRUE,FALSE,0
IPOJUCA,2025,2025-01-11,principal,260720804A,Rurópolis,7.14376732272583,2.79,TRUE,TRUE,TRUE,FALSE,2.79
IPOJUCA,2025,2025-01-12,principal,260720804A,Rurópolis,7.14376732272583,18.77,TRUE,TRUE,TRUE,FALSE,18.77
IPOJUCA,2025,2025-01-13,principal,260720804A,Rurópolis,7.14376732272583,12.07,TRUE,TRUE,TRUE,FALSE,12.07
IPOJUCA,2025,2025-01-14,principal,260720804A,Rurópolis,7.14376732272583,44.49,TRUE,TRUE,TRUE,FALSE,44.49
IPOJUCA,2025,2025-01-15,principal,260720804A,Rurópolis,7.14376732272583,0.2,TRUE,TRUE,TRUE,FALSE,0.2
IPOJUCA,2025,2025-01-16,principal,260720804A,Rurópolis,7.14376732272583,0,TRUE,TRUE,TRUE,FALSE,0
IPOJUCA,2025,2025-01-17,principal,260720804A,Rurópolis,7.14376732272583,0.99,TRUE,TRUE,TRUE,FALSE,0.99
IPOJUCA,2025,2025-01-18,principal,260720804A,Rurópolis,7.14376732272583,0,TRUE,TRUE,TRUE,FALSE,0
IPOJUCA,2025,2025-01-19,principal,260720804A,Rurópolis,7.14376732272583,0.98,TRUE,TRUE,TRUE,FALSE,0.98
IPOJUCA,2025,2025-01-20,principal,260720804A,Rurópolis,7.14376732272583,4.14,TRUE,TRUE,TRUE,FALSE,4.14
IPOJUCA,2025,2025-01-21,principal,260720804A,Rurópolis,7.14376732272583,5.75,TRUE,TRUE,TRUE,FALSE,5.75
IPOJUCA,2025,2025-01-22,principal,260720804A,Rurópolis,7.14376732272583,5.31,TRUE,TRUE,TRUE,FALSE,5.31
IPOJUCA,2025,2025-01-23,principal,260720804A,Rurópolis,7.14376732272583,18.69,TRUE,TRUE,TRUE,FALSE,18.69
IPOJUCA,2025,2025-01-24,principal,260720804A,Rurópolis,7.14376732272583,0,TRUE,TRUE,TRUE,FALSE,0
IPOJUCA,2025,2025-01-25,principal,260720804A,Rurópolis,7.14376732272583,2.98,TRUE,TRUE,TRUE,FALSE,2.98
IPOJUCA,2025,2025-01-26,principal,260720804A,Rurópolis,7.14376732272583,17.61,FALSE,TRUE,TRUE,FALSE,
IPOJUCA,2025,2025-01-27,principal,260720804A,Rurópolis,7.14376732272583,33.61,TRUE,TRUE,TRUE,FALSE,33.61
IPOJUCA,2025,2025-01-28,principal,260720804A,Rurópolis,7.14376732272583,32.68,TRUE,TRUE,TRUE,FALSE,32.68
IPOJUCA,2025,2025-01-29,principal,260720804A,Rurópolis,7.14376732272583,14.56,TRUE,TRUE,TRUE,FALSE,14.56
IPOJUCA,2025,2025-01-30,principal,260720804A,Rurópolis,7.14376732272583,0,TRUE,TRUE,TRUE,FALSE,0
IPOJUCA,2025,2025-01-31,principal,260720804A,Rurópolis,7.14376732272583,0,TRUE,TRUE,TRUE,FALSE,0
IPOJUCA,2025,2025-02-01,principal,260720804A,Rurópolis,7.14376732272583,3.38,TRUE,TRUE,TRUE,FALSE,3.38
IPOJUCA,2025,2025-02-02,principal,260720804A,Rurópolis,7.14376732272583,0.42,TRUE,TRUE,TRUE,FALSE,0.42
IPOJUCA,2025,2025-02-03,principal,260720804A,Rurópolis,7.14376732272583,0.39,TRUE,TRUE,TRUE,FALSE,0.39
IPOJUCA,2025,2025-02-04,principal,260720804A,Rurópolis,7.14376732272583,0.4,FALSE,FALSE,TRUE,FALSE,
IPOJUCA,2025,2025-02-05,principal,260720804A,Rurópolis,7.14376732272583,100,TRUE,TRUE,TRUE,FALSE,100
IPOJUCA,2025,2025-02-06,principal,260720804A,Rurópolis,7.14376732272583,24.98,TRUE,TRUE,TRUE,FALSE,24.98
IPOJUCA,2025,2025-02-07,principal,260720804A,Rurópolis,7.14376732272583,0,TRUE,TRUE,TRUE,FALSE,0
IPOJUCA,2025,2025-02-08,principal,260720804A,Rurópolis,7.14376732272583,0,TRUE,TRUE,TRUE,FALSE,0
IPOJUCA,2025,2025-02-09,principal,260720804A,Rurópolis,7.14376732272583,15.59,TRUE,TRUE,TRUE,FALSE,15.59
IPOJUCA,2025,2025-02-10,principal,260720804A,Rurópolis,7.14376732272583,2.16,TRUE,TRUE,TRUE,FALSE,2.16
IPOJUCA,2025,2025-02-11,principal,260720804A,Rurópolis,7.14376732272583,3.15,TRUE,TRUE,TRUE,FALSE,3.15
IPOJUCA,2025,2025-02-12,principal,260720804A,Rurópolis,7.14376732272583,0,TRUE,TRUE,TRUE,FALSE,0
IPOJUCA,2025,2025-02-13,principal,260720804A,Rurópolis,7.14376732272583,0.42,TRUE,TRUE,TRUE,FALSE,0.42
IPOJUCA,2025,2025-02-14,principal,260720804A,Rurópolis,7.14376732272583,0,TRUE,TRUE,TRUE,FALSE,0
IPOJUCA,2025,2025-02-15,principal,260720804A,Rurópolis,7.14376732272583,6.9,TRUE,TRUE,TRUE,FALSE,6.9
IPOJUCA,2025,2025-02-16,principal,260720804A,Rurópolis,7.14376732272583,8.69,TRUE,TRUE,TRUE,FALSE,8.69
IPOJUCA,2025,2025-02-17,principal,260720804A,Rurópolis,7.14376732272583,3.55,TRUE,TRUE,TRUE,FALSE,3.55
IPOJUCA,2025,2025-02-18,principal,260720804A,Rurópolis,7.14376732272583,0,TRUE,TRUE,TRUE,FALSE,0
IPOJUCA,2025,2025-02-19,principal,260720804A,Rurópolis,7.14376732272583,0.62,TRUE,TRUE,TRUE,FALSE,0.62
IPOJUCA,2025,2025-02-20,principal,260720804A,Rurópolis,7.14376732272583,0.98,TRUE,TRUE,TRUE,FALSE,0.98
IPOJUCA,2025,2025-02-21,principal,260720804A,Rurópolis,7.14376732272583,0,TRUE,TRUE,TRUE,FALSE,0
IPOJUCA,2025,2025-02-22,principal,260720804A,Rurópolis,7.14376732272583,0.2,TRUE,TRUE,TRUE,FALSE,0.2
IPOJUCA,2025,2025-02-23,principal,260720804A,Rurópolis,7.14376732272583,3.18,TRUE,TRUE,TRUE,FALSE,3.18
IPOJUCA,2025,2025-02-24,principal,260720804A,Rurópolis,7.14376732272583,0,TRUE,TRUE,TRUE,FALSE,0
IPOJUCA,2025,2025-02-25,principal,260720804A,Rurópolis,7.14376732272583,0,TRUE,TRUE,TRUE,FALSE,0
IPOJUCA,2025,2025-02-26,principal,260720804A,Rurópolis,7.14376732272583,0,TRUE,TRUE,TRUE,FALSE,0
IPOJUCA,2025,2025-02-27,principal,260720804A,Rurópolis,7.14376732272583,0,TRUE,TRUE,TRUE,FALSE,0
IPOJUCA,2025,2025-02-28,principal,260720804A,Rurópolis,7.14376732272583,5.15,TRUE,TRUE,TRUE,FALSE,5.15
IPOJUCA,2025,2025-03-01,principal,260720804A,Rurópolis,7.14376732272583,8.32,TRUE,TRUE,TRUE,FALSE,8.32
IPOJUCA,2025,2025-03-02,principal,260720804A,Rurópolis,7.14376732272583,8.12,TRUE,TRUE,TRUE,FALSE,8.12
IPOJUCA,2025,2025-03-03,principal,260720804A,Rurópolis,7.14376732272583,2,TRUE,TRUE,TRUE,FALSE,2
IPOJUCA,2025,2025-03-04,principal,260720804A,Rurópolis,7.14376732272583,0,TRUE,TRUE,TRUE,FALSE,0
IPOJUCA,2025,2025-03-05,principal,260720804A,Rurópolis,7.14376732272583,4.92,TRUE,TRUE,TRUE,FALSE,4.92
IPOJUCA,2025,2025-03-06,principal,260720804A,Rurópolis,7.14376732272583,2.98,TRUE,TRUE,TRUE,FALSE,2.98
IPOJUCA,2025,2025-03-07,principal,260720804A,Rurópolis,7.14376732272583,16.05,TRUE,TRUE,TRUE,FALSE,16.05
IPOJUCA,2025,2025-03-08,principal,260720804A,Rurópolis,7.14376732272583,3.22,TRUE,TRUE,TRUE,FALSE,3.22
IPOJUCA,2025,2025-03-09,principal,260720804A,Rurópolis,7.14376732272583,4.37,TRUE,TRUE,TRUE,FALSE,4.37
IPOJUCA,2025,2025-03-10,principal,260720804A,Rurópolis,7.14376732272583,1.58,TRUE,TRUE,TRUE,FALSE,1.58
IPOJUCA,2025,2025-03-11,principal,260720804A,Rurópolis,7.14376732272583,0.82,TRUE,TRUE,TRUE,FALSE,0.82
IPOJUCA,2025,2025-03-12,principal,260720804A,Rurópolis,7.14376732272583,0,TRUE,TRUE,TRUE,FALSE,0
IPOJUCA,2025,2025-03-13,principal,260720804A,Rurópolis,7.14376732272583,5.13,TRUE,TRUE,TRUE,FALSE,5.13
IPOJUCA,2025,2025-03-14,principal,260720804A,Rurópolis,7.14376732272583,32.37,TRUE,TRUE,TRUE,FALSE,32.37
IPOJUCA,2025,2025-03-15,principal,260720804A,Rurópolis,7.14376732272583,3.74,FALSE,TRUE,TRUE,FALSE,
IPOJUCA,2025,2025-03-16,principal,260720804A,Rurópolis,7.14376732272583,4.16,TRUE,TRUE,TRUE,FALSE,4.16
IPOJUCA,2025,2025-03-17,principal,260720804A,Rurópolis,7.14376732272583,13.04,FALSE,TRUE,TRUE,FALSE,
IPOJUCA,2025,2025-03-18,principal,260720804A,Rurópolis,7.14376732272583,0,TRUE,TRUE,TRUE,FALSE,0
IPOJUCA,2025,2025-03-19,principal,260720804A,Rurópolis,7.14376732272583,0.99,TRUE,TRUE,TRUE,FALSE,0.99
IPOJUCA,2025,2025-03-20,principal,260720804A,Rurópolis,7.14376732272583,0,TRUE,TRUE,TRUE,FALSE,0
IPOJUCA,2025,2025-03-21,principal,260720804A,Rurópolis,7.14376732272583,0,TRUE,TRUE,TRUE,FALSE,0
IPOJUCA,2025,2025-03-22,principal,260720804A,Rurópolis,7.14376732272583,0,TRUE,TRUE,TRUE,FALSE,0
IPOJUCA,2025,2025-03-23,principal,260720804A,Rurópolis,7.14376732272583,0,TRUE,TRUE,TRUE,FALSE,0
IPOJUCA,2025,2025-03-24,principal,260720804A,Rurópolis,7.14376732272583,0,TRUE,TRUE,TRUE,FALSE,0
IPOJUCA,2025,2025-03-25,principal,260720804A,Rurópolis,7.14376732272583,29.89,TRUE,TRUE,TRUE,FALSE,29.89
IPOJUCA,2025,2025-03-26,principal,260720804A,Rurópolis,7.14376732272583,1.58,TRUE,TRUE,TRUE,FALSE,1.58
IPOJUCA,2025,2025-03-27,principal,260720804A,Rurópolis,7.14376732272583,49.94,FALSE,TRUE,TRUE,FALSE,
IPOJUCA,2025,2025-03-28,principal,260720804A,Rurópolis,7.14376732272583,16.02,TRUE,TRUE,TRUE,FALSE,16.02
IPOJUCA,2025,2025-03-29,principal,260720804A,Rurópolis,7.14376732272583,0.2,TRUE,TRUE,TRUE,FALSE,0.2
IPOJUCA,2025,2025-03-30,principal,260720804A,Rurópolis,7.14376732272583,0,TRUE,TRUE,TRUE,FALSE,0
IPOJUCA,2025,2025-03-31,principal,260720804A,Rurópolis,7.14376732272583,0.79,TRUE,TRUE,TRUE,FALSE,0.79
IPOJUCA,2025,2025-04-01,principal,260720804A,Rurópolis,7.14376732272583,14.02,TRUE,TRUE,TRUE,FALSE,14.02
IPOJUCA,2025,2025-04-02,principal,260720804A,Rurópolis,7.14376732272583,40.89,TRUE,TRUE,TRUE,FALSE,40.89
IPOJUCA,2025,2025-04-03,principal,260720804A,Rurópolis,7.14376732272583,1.57,TRUE,TRUE,TRUE,FALSE,1.57
IPOJUCA,2025,2025-04-04,principal,260720804A,Rurópolis,7.14376732272583,0.2,TRUE,TRUE,TRUE,FALSE,0.2
IPOJUCA,2025,2025-04-05,principal,260720804A,Rurópolis,7.14376732272583,11.04,TRUE,TRUE,TRUE,FALSE,11.04
IPOJUCA,2025,2025-04-06,principal,260720804A,Rurópolis,7.14376732272583,9.45,TRUE,TRUE,TRUE,FALSE,9.45
IPOJUCA,2025,2025-04-07,principal,260720804A,Rurópolis,7.14376732272583,0,TRUE,TRUE,TRUE,FALSE,0
IPOJUCA,2025,2025-04-08,principal,260720804A,Rurópolis,7.14376732272583,0,TRUE,TRUE,TRUE,FALSE,0
IPOJUCA,2025,2025-04-09,principal,260720804A,Rurópolis,7.14376732272583,0,TRUE,TRUE,TRUE,FALSE,0
IPOJUCA,2025,2025-04-10,principal,260720804A,Rurópolis,7.14376732272583,0,TRUE,TRUE,TRUE,FALSE,0
IPOJUCA,2025,2025-04-11,principal,260720804A,Rurópolis,7.14376732272583,0,TRUE,TRUE,TRUE,FALSE,0
IPOJUCA,2025,2025-04-12,principal,260720804A,Rurópolis,7.14376732272583,0,TRUE,TRUE,TRUE,FALSE,0
IPOJUCA,2025,2025-04-13,principal,260720804A,Rurópolis,7.14376732272583,0,TRUE,TRUE,TRUE,FALSE,0
IPOJUCA,2025,2025-04-14,principal,260720804A,Rurópolis,7.14376732272583,6.15,TRUE,TRUE,TRUE,FALSE,6.15
IPOJUCA,2025,2025-04-15,principal,260720804A,Rurópolis,7.14376732272583,2.77,TRUE,TRUE,TRUE,FALSE,2.77
IPOJUCA,2025,2025-04-16,principal,260720804A,Rurópolis,7.14376732272583,0,TRUE,TRUE,TRUE,FALSE,0
IPOJUCA,2025,2025-04-17,principal,260720804A,Rurópolis,7.14376732272583,0,TRUE,TRUE,TRUE,FALSE,0
IPOJUCA,2025,2025-04-18,principal,260720804A,Rurópolis,7.14376732272583,0,TRUE,TRUE,TRUE,FALSE,0
IPOJUCA,2025,2025-04-19,principal,260720804A,Rurópolis,7.14376732272583,0,FALSE,FALSE,TRUE,FALSE,
IPOJUCA,2025,2025-04-20,principal,260720804A,Rurópolis,7.14376732272583,3.15,TRUE,TRUE,TRUE,FALSE,3.15
IPOJUCA,2025,2025-04-21,principal,260720804A,Rurópolis,7.14376732272583,5.31,TRUE,TRUE,TRUE,FALSE,5.31
IPOJUCA,2025,2025-04-22,principal,260720804A,Rurópolis,7.14376732272583,0,TRUE,TRUE,TRUE,FALSE,0
IPOJUCA,2025,2025-04-23,principal,260720804A,Rurópolis,7.14376732272583,0,FALSE,TRUE,TRUE,FALSE,
IPOJUCA,2025,2025-04-24,principal,260720804A,Rurópolis,7.14376732272583,23.46,TRUE,TRUE,TRUE,FALSE,23.46
IPOJUCA,2025,2025-04-25,principal,260720804A,Rurópolis,7.14376732272583,1.77,TRUE,TRUE,TRUE,FALSE,1.77
IPOJUCA,2025,2025-04-26,principal,260720804A,Rurópolis,7.14376732272583,0,TRUE,TRUE,TRUE,FALSE,0
IPOJUCA,2025,2025-04-27,principal,260720804A,Rurópolis,7.14376732272583,0,TRUE,TRUE,TRUE,FALSE,0
IPOJUCA,2025,2025-04-28,principal,260720804A,Rurópolis,7.14376732272583,0,TRUE,TRUE,TRUE,FALSE,0
IPOJUCA,2025,2025-04-29,principal,260720804A,Rurópolis,7.14376732272583,0,TRUE,TRUE,TRUE,FALSE,0
IPOJUCA,2025,2025-04-30,principal,260720804A,Rurópolis,7.14376732272583,0,TRUE,TRUE,TRUE,FALSE,0
IPOJUCA,2025,2025-05-01,principal,260720804A,Rurópolis,7.14376732272583,0,TRUE,TRUE,TRUE,FALSE,0
IPOJUCA,2025,2025-05-02,principal,260720804A,Rurópolis,7.14376732272583,0,TRUE,TRUE,TRUE,FALSE,0
IPOJUCA,2025,2025-05-03,principal,260720804A,Rurópolis,7.14376732272583,0,TRUE,TRUE,TRUE,FALSE,0
IPOJUCA,2025,2025-05-04,principal,260720804A,Rurópolis,7.14376732272583,6.49,TRUE,TRUE,TRUE,FALSE,6.49
IPOJUCA,2025,2025-05-05,principal,260720804A,Rurópolis,7.14376732272583,4.73,TRUE,TRUE,TRUE,FALSE,4.73
IPOJUCA,2025,2025-05-06,principal,260720804A,Rurópolis,7.14376732272583,5.94,TRUE,TRUE,TRUE,FALSE,5.94
IPOJUCA,2025,2025-05-07,principal,260720804A,Rurópolis,7.14376732272583,0.2,TRUE,TRUE,TRUE,FALSE,0.2
IPOJUCA,2025,2025-05-08,principal,260720804A,Rurópolis,7.14376732272583,0.59,TRUE,TRUE,TRUE,FALSE,0.59
IPOJUCA,2025,2025-05-09,principal,260720804A,Rurópolis,7.14376732272583,1.78,TRUE,TRUE,TRUE,FALSE,1.78
IPOJUCA,2025,2025-05-10,principal,260720804A,Rurópolis,7.14376732272583,0.99,TRUE,TRUE,TRUE,FALSE,0.99
IPOJUCA,2025,2025-05-11,principal,260720804A,Rurópolis,7.14376732272583,0,TRUE,TRUE,TRUE,FALSE,0
IPOJUCA,2025,2025-05-12,principal,260720804A,Rurópolis,7.14376732272583,1.78,TRUE,TRUE,TRUE,FALSE,1.78
IPOJUCA,2025,2025-05-13,principal,260720804A,Rurópolis,7.14376732272583,4.6,TRUE,TRUE,TRUE,FALSE,4.6
IPOJUCA,2025,2025-05-14,principal,260720804A,Rurópolis,7.14376732272583,86.9,TRUE,TRUE,TRUE,FALSE,86.9
IPOJUCA,2025,2025-05-15,principal,260720804A,Rurópolis,7.14376732272583,20.83,TRUE,TRUE,TRUE,FALSE,20.83
IPOJUCA,2025,2025-05-16,principal,260720804A,Rurópolis,7.14376732272583,76.39,TRUE,TRUE,TRUE,FALSE,76.39
IPOJUCA,2025,2025-05-17,principal,260720804A,Rurópolis,7.14376732272583,12.7,TRUE,TRUE,TRUE,FALSE,12.7
IPOJUCA,2025,2025-05-18,principal,260720804A,Rurópolis,7.14376732272583,44.43,TRUE,TRUE,TRUE,FALSE,44.43
IPOJUCA,2025,2025-05-19,principal,260720804A,Rurópolis,7.14376732272583,19.95,TRUE,TRUE,TRUE,FALSE,19.95
IPOJUCA,2025,2025-05-20,principal,260720804A,Rurópolis,7.14376732272583,15.44,TRUE,TRUE,TRUE,FALSE,15.44
IPOJUCA,2025,2025-05-21,principal,260720804A,Rurópolis,7.14376732272583,116.96,TRUE,TRUE,TRUE,FALSE,116.96
IPOJUCA,2025,2025-05-22,principal,260720804A,Rurópolis,7.14376732272583,0,TRUE,TRUE,TRUE,FALSE,0
IPOJUCA,2025,2025-05-23,principal,260720804A,Rurópolis,7.14376732272583,19.93,FALSE,FALSE,FALSE,FALSE,
IPOJUCA,2025,2025-05-24,principal,260720804A,Rurópolis,7.14376732272583,27.37,FALSE,FALSE,FALSE,FALSE,
IPOJUCA,2025,2025-05-25,principal,260720804A,Rurópolis,7.14376732272583,12.6,FALSE,FALSE,FALSE,FALSE,
IPOJUCA,2025,2025-05-26,principal,260720804A,Rurópolis,7.14376732272583,9.08,TRUE,TRUE,TRUE,FALSE,9.08
IPOJUCA,2025,2025-05-27,principal,260720804A,Rurópolis,7.14376732272583,18.4,TRUE,TRUE,TRUE,FALSE,18.4
IPOJUCA,2025,2025-05-28,principal,260720804A,Rurópolis,7.14376732272583,2.61,TRUE,TRUE,TRUE,FALSE,2.61
IPOJUCA,2025,2025-05-29,principal,260720804A,Rurópolis,7.14376732272583,0.2,FALSE,FALSE,TRUE,FALSE,
IPOJUCA,2025,2025-05-30,principal,260720804A,Rurópolis,7.14376732272583,15.6,TRUE,TRUE,TRUE,FALSE,15.6
IPOJUCA,2025,2025-05-31,principal,260720804A,Rurópolis,7.14376732272583,0.62,TRUE,TRUE,TRUE,FALSE,0.62
IPOJUCA,2025,2025-06-01,principal,260720804A,Rurópolis,7.14376732272583,1.58,TRUE,TRUE,TRUE,FALSE,1.58
IPOJUCA,2025,2025-06-02,principal,260720804A,Rurópolis,7.14376732272583,16.61,FALSE,TRUE,TRUE,FALSE,
IPOJUCA,2025,2025-06-03,principal,260720804A,Rurópolis,7.14376732272583,15.02,FALSE,FALSE,TRUE,FALSE,
IPOJUCA,2025,2025-06-04,principal,260720804A,Rurópolis,7.14376732272583,32.75,TRUE,TRUE,TRUE,FALSE,32.75
IPOJUCA,2025,2025-06-05,principal,260720804A,Rurópolis,7.14376732272583,15.34,TRUE,TRUE,TRUE,FALSE,15.34
IPOJUCA,2025,2025-06-06,principal,260720804A,Rurópolis,7.14376732272583,4.74,FALSE,FALSE,FALSE,FALSE,
IPOJUCA,2025,2025-06-07,principal,260720804A,Rurópolis,7.14376732272583,2.96,TRUE,TRUE,TRUE,FALSE,2.96
IPOJUCA,2025,2025-06-08,principal,260720804A,Rurópolis,7.14376732272583,0.99,TRUE,TRUE,TRUE,FALSE,0.99
IPOJUCA,2025,2025-06-09,principal,260720804A,Rurópolis,7.14376732272583,0.2,TRUE,TRUE,TRUE,FALSE,0.2
IPOJUCA,2025,2025-06-10,principal,260720804A,Rurópolis,7.14376732272583,29.52,TRUE,TRUE,TRUE,FALSE,29.52
IPOJUCA,2025,2025-06-11,principal,260720804A,Rurópolis,7.14376732272583,0,TRUE,TRUE,TRUE,FALSE,0
IPOJUCA,2025,2025-06-12,principal,260720804A,Rurópolis,7.14376732272583,1.98,TRUE,TRUE,TRUE,FALSE,1.98
IPOJUCA,2025,2025-06-13,principal,260720804A,Rurópolis,7.14376732272583,3.56,TRUE,TRUE,TRUE,FALSE,3.56
IPOJUCA,2025,2025-06-14,principal,260720804A,Rurópolis,7.14376732272583,125.05,TRUE,TRUE,TRUE,FALSE,125.05
IPOJUCA,2025,2025-06-15,principal,260720804A,Rurópolis,7.14376732272583,7.9,TRUE,TRUE,TRUE,FALSE,7.9
IPOJUCA,2025,2025-06-16,principal,260720804A,Rurópolis,7.14376732272583,1.97,TRUE,TRUE,TRUE,FALSE,1.97
IPOJUCA,2025,2025-06-17,principal,260720804A,Rurópolis,7.14376732272583,11.91,TRUE,TRUE,TRUE,FALSE,11.91
IPOJUCA,2025,2025-06-18,principal,260720804A,Rurópolis,7.14376732272583,26.86,TRUE,TRUE,TRUE,FALSE,26.86
IPOJUCA,2025,2025-06-19,principal,260720804A,Rurópolis,7.14376732272583,19.01,TRUE,TRUE,TRUE,FALSE,19.01
IPOJUCA,2025,2025-06-20,principal,260720804A,Rurópolis,7.14376732272583,3.34,FALSE,TRUE,TRUE,FALSE,
IPOJUCA,2025,2025-06-21,principal,260720804A,Rurópolis,7.14376732272583,9.51,TRUE,TRUE,TRUE,FALSE,9.51
IPOJUCA,2025,2025-06-22,principal,260720804A,Rurópolis,7.14376732272583,23.42,TRUE,TRUE,TRUE,FALSE,23.42
IPOJUCA,2025,2025-06-23,principal,260720804A,Rurópolis,7.14376732272583,13.43,TRUE,TRUE,TRUE,FALSE,13.43
IPOJUCA,2025,2025-06-24,principal,260720804A,Rurópolis,7.14376732272583,15.62,TRUE,TRUE,TRUE,FALSE,15.62
IPOJUCA,2025,2025-06-25,principal,260720804A,Rurópolis,7.14376732272583,6.39,FALSE,TRUE,TRUE,FALSE,
IPOJUCA,2025,2025-06-26,principal,260720804A,Rurópolis,7.14376732272583,37.83,FALSE,FALSE,FALSE,FALSE,
IPOJUCA,2025,2025-06-27,principal,260720804A,Rurópolis,7.14376732272583,31.6,FALSE,TRUE,TRUE,FALSE,
IPOJUCA,2025,2025-06-28,principal,260720804A,Rurópolis,7.14376732272583,35.95,TRUE,TRUE,TRUE,FALSE,35.95
IPOJUCA,2025,2025-06-29,principal,260720804A,Rurópolis,7.14376732272583,12.03,TRUE,TRUE,TRUE,FALSE,12.03
IPOJUCA,2025,2025-06-30,principal,260720804A,Rurópolis,7.14376732272583,12.8,TRUE,TRUE,TRUE,FALSE,12.8
IPOJUCA,2025,2025-07-01,principal,260720804A,Rurópolis,7.14376732272583,34.14,TRUE,TRUE,TRUE,FALSE,34.14
IPOJUCA,2025,2025-07-02,principal,260720804A,Rurópolis,7.14376732272583,6.9,FALSE,FALSE,TRUE,FALSE,
IPOJUCA,2025,2025-07-03,principal,260720804A,Rurópolis,7.14376732272583,1.99,TRUE,TRUE,TRUE,FALSE,1.99
IPOJUCA,2025,2025-07-04,principal,260720804A,Rurópolis,7.14376732272583,2.59,TRUE,TRUE,TRUE,FALSE,2.59
IPOJUCA,2025,2025-07-05,principal,260720804A,Rurópolis,7.14376732272583,0,TRUE,TRUE,TRUE,FALSE,0
IPOJUCA,2025,2025-07-06,principal,260720804A,Rurópolis,7.14376732272583,0,TRUE,TRUE,TRUE,FALSE,0
IPOJUCA,2025,2025-07-07,principal,260720804A,Rurópolis,7.14376732272583,1.22,TRUE,TRUE,TRUE,FALSE,1.22
IPOJUCA,2025,2025-07-08,principal,260720804A,Rurópolis,7.14376732272583,4.94,TRUE,TRUE,TRUE,FALSE,4.94
IPOJUCA,2025,2025-07-09,principal,260720804A,Rurópolis,7.14376732272583,1.37,TRUE,TRUE,TRUE,FALSE,1.37
IPOJUCA,2025,2025-07-10,principal,260720804A,Rurópolis,7.14376732272583,9.86,TRUE,TRUE,TRUE,FALSE,9.86
IPOJUCA,2025,2025-07-11,principal,260720804A,Rurópolis,7.14376732272583,11.24,TRUE,TRUE,TRUE,FALSE,11.24
IPOJUCA,2025,2025-07-12,principal,260720804A,Rurópolis,7.14376732272583,8.47,TRUE,TRUE,TRUE,FALSE,8.47
IPOJUCA,2025,2025-07-13,principal,260720804A,Rurópolis,7.14376732272583,0.4,TRUE,TRUE,TRUE,FALSE,0.4
IPOJUCA,2025,2025-07-14,principal,260720804A,Rurópolis,7.14376732272583,4.78,TRUE,TRUE,TRUE,FALSE,4.78
IPOJUCA,2025,2025-07-15,principal,260720804A,Rurópolis,7.14376732272583,0,TRUE,TRUE,TRUE,FALSE,0
IPOJUCA,2025,2025-07-16,principal,260720804A,Rurópolis,7.14376732272583,0.2,FALSE,FALSE,TRUE,FALSE,
IPOJUCA,2025,2025-07-17,principal,260720804A,Rurópolis,7.14376732272583,0.4,TRUE,TRUE,TRUE,FALSE,0.4
IPOJUCA,2025,2025-07-18,principal,260720804A,Rurópolis,7.14376732272583,1.58,TRUE,TRUE,TRUE,FALSE,1.58
IPOJUCA,2025,2025-07-19,principal,260720804A,Rurópolis,7.14376732272583,4.96,TRUE,TRUE,TRUE,FALSE,4.96
IPOJUCA,2025,2025-07-20,principal,260720804A,Rurópolis,7.14376732272583,1,TRUE,TRUE,TRUE,FALSE,1
IPOJUCA,2025,2025-07-21,principal,260720804A,Rurópolis,7.14376732272583,1.78,TRUE,TRUE,TRUE,FALSE,1.78
IPOJUCA,2025,2025-07-22,principal,260720804A,Rurópolis,7.14376732272583,13.85,TRUE,TRUE,TRUE,FALSE,13.85
IPOJUCA,2025,2025-07-23,principal,260720804A,Rurópolis,7.14376732272583,19.01,TRUE,TRUE,TRUE,FALSE,19.01
IPOJUCA,2025,2025-07-24,principal,260720804A,Rurópolis,7.14376732272583,1.38,TRUE,TRUE,TRUE,FALSE,1.38
IPOJUCA,2025,2025-07-25,principal,260720804A,Rurópolis,7.14376732272583,1.22,TRUE,TRUE,TRUE,FALSE,1.22
IPOJUCA,2025,2025-07-26,principal,260720804A,Rurópolis,7.14376732272583,0,TRUE,TRUE,TRUE,FALSE,0
IPOJUCA,2025,2025-07-27,principal,260720804A,Rurópolis,7.14376732272583,23.83,TRUE,TRUE,TRUE,FALSE,23.83
IPOJUCA,2025,2025-07-28,principal,260720804A,Rurópolis,7.14376732272583,34.65,TRUE,TRUE,TRUE,FALSE,34.65
IPOJUCA,2025,2025-07-29,principal,260720804A,Rurópolis,7.14376732272583,11.32,TRUE,TRUE,TRUE,FALSE,11.32
IPOJUCA,2025,2025-07-30,principal,260720804A,Rurópolis,7.14376732272583,0.2,TRUE,TRUE,TRUE,FALSE,0.2
IPOJUCA,2025,2025-07-31,principal,260720804A,Rurópolis,7.14376732272583,0.4,TRUE,TRUE,TRUE,FALSE,0.4
IPOJUCA,2025,2025-08-01,principal,260720804A,Rurópolis,7.14376732272583,0,TRUE,TRUE,TRUE,FALSE,0
IPOJUCA,2025,2025-08-02,principal,260720804A,Rurópolis,7.14376732272583,0,TRUE,TRUE,TRUE,FALSE,0
IPOJUCA,2025,2025-08-03,principal,260720804A,Rurópolis,7.14376732272583,4.35,TRUE,TRUE,TRUE,FALSE,4.35
IPOJUCA,2025,2025-08-04,principal,260720804A,Rurópolis,7.14376732272583,17.14,TRUE,TRUE,TRUE,FALSE,17.14
IPOJUCA,2025,2025-08-05,principal,260720804A,Rurópolis,7.14376732272583,6.91,TRUE,TRUE,TRUE,FALSE,6.91
IPOJUCA,2025,2025-08-06,principal,260720804A,Rurópolis,7.14376732272583,0.82,TRUE,TRUE,TRUE,FALSE,0.82
IPOJUCA,2025,2025-08-07,principal,260720804A,Rurópolis,7.14376732272583,0,TRUE,TRUE,TRUE,FALSE,0
IPOJUCA,2025,2025-08-08,principal,260720804A,Rurópolis,7.14376732272583,0.2,FALSE,TRUE,TRUE,FALSE,
IPOJUCA,2025,2025-08-09,principal,260720804A,Rurópolis,7.14376732272583,10.43,TRUE,TRUE,TRUE,FALSE,10.43
IPOJUCA,2025,2025-08-10,principal,260720804A,Rurópolis,7.14376732272583,0,TRUE,TRUE,TRUE,FALSE,0
IPOJUCA,2025,2025-08-11,principal,260720804A,Rurópolis,7.14376732272583,0,TRUE,TRUE,TRUE,FALSE,0
IPOJUCA,2025,2025-08-12,principal,260720804A,Rurópolis,7.14376732272583,2.98,TRUE,TRUE,TRUE,FALSE,2.98
IPOJUCA,2025,2025-08-13,principal,260720804A,Rurópolis,7.14376732272583,0,TRUE,TRUE,TRUE,FALSE,0
IPOJUCA,2025,2025-08-14,principal,260720804A,Rurópolis,7.14376732272583,1.18,TRUE,TRUE,TRUE,FALSE,1.18
IPOJUCA,2025,2025-08-15,principal,260720804A,Rurópolis,7.14376732272583,65.34,TRUE,TRUE,TRUE,FALSE,65.34
IPOJUCA,2025,2025-08-16,principal,260720804A,Rurópolis,7.14376732272583,0.4,TRUE,TRUE,TRUE,FALSE,0.4
IPOJUCA,2025,2025-08-17,principal,260720804A,Rurópolis,7.14376732272583,0,TRUE,TRUE,TRUE,FALSE,0
IPOJUCA,2025,2025-08-18,principal,260720804A,Rurópolis,7.14376732272583,0,TRUE,TRUE,TRUE,FALSE,0
IPOJUCA,2025,2025-08-19,principal,260720804A,Rurópolis,7.14376732272583,0,TRUE,TRUE,TRUE,FALSE,0
IPOJUCA,2025,2025-08-20,principal,260720804A,Rurópolis,7.14376732272583,0.8,TRUE,TRUE,TRUE,FALSE,0.8
IPOJUCA,2025,2025-08-21,principal,260720804A,Rurópolis,7.14376732272583,0,TRUE,TRUE,TRUE,FALSE,0
IPOJUCA,2025,2025-08-22,principal,260720804A,Rurópolis,7.14376732272583,0,TRUE,TRUE,TRUE,FALSE,0
IPOJUCA,2025,2025-08-23,principal,260720804A,Rurópolis,7.14376732272583,0,TRUE,TRUE,TRUE,FALSE,0
IPOJUCA,2025,2025-08-24,principal,260720804A,Rurópolis,7.14376732272583,0,TRUE,TRUE,TRUE,FALSE,0
IPOJUCA,2025,2025-08-25,principal,260720804A,Rurópolis,7.14376732272583,0.2,TRUE,TRUE,TRUE,FALSE,0.2
IPOJUCA,2025,2025-08-26,principal,260720804A,Rurópolis,7.14376732272583,0,TRUE,TRUE,TRUE,FALSE,0
IPOJUCA,2025,2025-08-27,principal,260720804A,Rurópolis,7.14376732272583,0,TRUE,TRUE,TRUE,FALSE,0
IPOJUCA,2025,2025-08-28,principal,260720804A,Rurópolis,7.14376732272583,0.2,TRUE,TRUE,TRUE,FALSE,0.2
IPOJUCA,2025,2025-08-29,principal,260720804A,Rurópolis,7.14376732272583,0,FALSE,FALSE,FALSE,FALSE,
IPOJUCA,2025,2025-08-30,principal,260720804A,Rurópolis,7.14376732272583,0,TRUE,TRUE,TRUE,FALSE,0
IPOJUCA,2025,2025-08-31,principal,260720804A,Rurópolis,7.14376732272583,18.37,TRUE,TRUE,TRUE,FALSE,18.37
IPOJUCA,2025,2025-09-01,principal,260720804A,Rurópolis,7.14376732272583,0,TRUE,TRUE,TRUE,FALSE,0
IPOJUCA,2025,2025-09-02,principal,260720804A,Rurópolis,7.14376732272583,0,FALSE,FALSE,FALSE,FALSE,
IPOJUCA,2025,2025-09-03,principal,260720804A,Rurópolis,7.14376732272583,0,TRUE,TRUE,TRUE,FALSE,0
IPOJUCA,2025,2025-09-04,principal,260720804A,Rurópolis,7.14376732272583,0.4,TRUE,TRUE,TRUE,FALSE,0.4
IPOJUCA,2025,2025-09-05,principal,260720804A,Rurópolis,7.14376732272583,0.2,TRUE,TRUE,TRUE,FALSE,0.2
IPOJUCA,2025,2025-09-06,principal,260720804A,Rurópolis,7.14376732272583,0,TRUE,TRUE,TRUE,FALSE,0
IPOJUCA,2025,2025-09-07,principal,260720804A,Rurópolis,7.14376732272583,0,TRUE,TRUE,TRUE,FALSE,0
IPOJUCA,2025,2025-09-08,principal,260720804A,Rurópolis,7.14376732272583,0,TRUE,TRUE,TRUE,FALSE,0
IPOJUCA,2025,2025-09-09,principal,260720804A,Rurópolis,7.14376732272583,0,TRUE,TRUE,TRUE,FALSE,0
IPOJUCA,2025,2025-09-10,principal,260720804A,Rurópolis,7.14376732272583,0,TRUE,TRUE,TRUE,FALSE,0
IPOJUCA,2025,2025-09-11,principal,260720804A,Rurópolis,7.14376732272583,0,TRUE,TRUE,TRUE,FALSE,0
IPOJUCA,2025,2025-09-12,principal,260720804A,Rurópolis,7.14376732272583,0,TRUE,TRUE,TRUE,FALSE,0
IPOJUCA,2025,2025-09-13,principal,260720804A,Rurópolis,7.14376732272583,0,TRUE,TRUE,TRUE,FALSE,0
IPOJUCA,2025,2025-09-14,principal,260720804A,Rurópolis,7.14376732272583,0,TRUE,TRUE,TRUE,FALSE,0
IPOJUCA,2025,2025-09-15,principal,260720804A,Rurópolis,7.14376732272583,0,TRUE,TRUE,TRUE,FALSE,0
IPOJUCA,2025,2025-09-16,principal,260720804A,Rurópolis,7.14376732272583,0,TRUE,TRUE,TRUE,FALSE,0
IPOJUCA,2025,2025-09-17,principal,260720804A,Rurópolis,7.14376732272583,0,TRUE,TRUE,TRUE,FALSE,0
IPOJUCA,2025,2025-09-18,principal,260720804A,Rurópolis,7.14376732272583,0,TRUE,TRUE,TRUE,FALSE,0
IPOJUCA,2025,2025-09-19,principal,260720804A,Rurópolis,7.14376732272583,0,TRUE,TRUE,TRUE,FALSE,0
IPOJUCA,2025,2025-09-20,principal,260720804A,Rurópolis,7.14376732272583,0,TRUE,TRUE,TRUE,FALSE,0
IPOJUCA,2025,2025-09-21,principal,260720804A,Rurópolis,7.14376732272583,0,TRUE,TRUE,TRUE,FALSE,0
IPOJUCA,2025,2025-09-22,principal,260720804A,Rurópolis,7.14376732272583,0,TRUE,TRUE,TRUE,FALSE,0
IPOJUCA,2025,2025-09-23,principal,260720804A,Rurópolis,7.14376732272583,0,TRUE,TRUE,TRUE,FALSE,0
IPOJUCA,2025,2025-09-24,principal,260720804A,Rurópolis,7.14376732272583,0,TRUE,TRUE,TRUE,FALSE,0
IPOJUCA,2025,2025-09-25,principal,260720804A,Rurópolis,7.14376732272583,0,TRUE,TRUE,TRUE,FALSE,0
IPOJUCA,2025,2025-09-26,principal,260720804A,Rurópolis,7.14376732272583,0,TRUE,TRUE,TRUE,FALSE,0
IPOJUCA,2025,2025-09-27,principal,260720804A,Rurópolis,7.14376732272583,0,TRUE,TRUE,TRUE,FALSE,0
IPOJUCA,2025,2025-09-28,principal,260720804A,Rurópolis,7.14376732272583,0,TRUE,TRUE,TRUE,FALSE,0
IPOJUCA,2025,2025-09-29,principal,260720804A,Rurópolis,7.14376732272583,0,TRUE,TRUE,TRUE,FALSE,0
IPOJUCA,2025,2025-09-30,principal,260720804A,Rurópolis,7.14376732272583,0,TRUE,TRUE,TRUE,FALSE,0
IPOJUCA,2025,2025-10-01,principal,260720804A,Rurópolis,7.14376732272583,0,TRUE,TRUE,TRUE,FALSE,0
IPOJUCA,2025,2025-10-02,principal,260720804A,Rurópolis,7.14376732272583,0,TRUE,TRUE,TRUE,FALSE,0
IPOJUCA,2025,2025-10-03,principal,260720804A,Rurópolis,7.14376732272583,0,TRUE,TRUE,TRUE,FALSE,0
IPOJUCA,2025,2025-10-04,principal,260720804A,Rurópolis,7.14376732272583,0,TRUE,TRUE,TRUE,FALSE,0
IPOJUCA,2025,2025-10-05,principal,260720804A,Rurópolis,7.14376732272583,0,TRUE,TRUE,TRUE,FALSE,0
IPOJUCA,2025,2025-10-06,principal,260720804A,Rurópolis,7.14376732272583,0,FALSE,FALSE,FALSE,FALSE,
IPOJUCA,2025,2025-10-07,principal,260720804A,Rurópolis,7.14376732272583,0,TRUE,TRUE,TRUE,FALSE,0
IPOJUCA,2025,2025-10-08,principal,260720804A,Rurópolis,7.14376732272583,0,TRUE,TRUE,TRUE,FALSE,0
IPOJUCA,2025,2025-10-09,principal,260720804A,Rurópolis,7.14376732272583,0,TRUE,TRUE,TRUE,FALSE,0
IPOJUCA,2025,2025-10-10,principal,260720804A,Rurópolis,7.14376732272583,0,FALSE,FALSE,FALSE,FALSE,
IPOJUCA,2025,2025-10-11,principal,260720804A,Rurópolis,7.14376732272583,0,TRUE,TRUE,TRUE,FALSE,0
IPOJUCA,2025,2025-10-12,principal,260720804A,Rurópolis,7.14376732272583,0,TRUE,TRUE,TRUE,FALSE,0
IPOJUCA,2025,2025-10-13,principal,260720804A,Rurópolis,7.14376732272583,0,TRUE,TRUE,TRUE,FALSE,0
IPOJUCA,2025,2025-10-14,principal,260720804A,Rurópolis,7.14376732272583,0,TRUE,TRUE,TRUE,FALSE,0
IPOJUCA,2025,2025-10-15,principal,260720804A,Rurópolis,7.14376732272583,0,FALSE,FALSE,FALSE,FALSE,
IPOJUCA,2025,2025-10-16,principal,260720804A,Rurópolis,7.14376732272583,0,TRUE,TRUE,TRUE,FALSE,0
IPOJUCA,2025,2025-10-17,principal,260720804A,Rurópolis,7.14376732272583,0,TRUE,TRUE,TRUE,FALSE,0
IPOJUCA,2025,2025-10-18,principal,260720804A,Rurópolis,7.14376732272583,0,TRUE,TRUE,TRUE,FALSE,0
IPOJUCA,2025,2025-10-19,principal,260720804A,Rurópolis,7.14376732272583,0,TRUE,TRUE,TRUE,FALSE,0
IPOJUCA,2025,2025-10-20,principal,260720804A,Rurópolis,7.14376732272583,0,TRUE,TRUE,TRUE,FALSE,0
IPOJUCA,2025,2025-10-21,principal,260720804A,Rurópolis,7.14376732272583,0,TRUE,TRUE,TRUE,FALSE,0
IPOJUCA,2025,2025-10-22,principal,260720804A,Rurópolis,7.14376732272583,0,TRUE,TRUE,TRUE,FALSE,0
IPOJUCA,2025,2025-10-23,principal,260720804A,Rurópolis,7.14376732272583,0,TRUE,TRUE,TRUE,FALSE,0
IPOJUCA,2025,2025-10-24,principal,260720804A,Rurópolis,7.14376732272583,0,TRUE,TRUE,TRUE,FALSE,0
IPOJUCA,2025,2025-10-25,principal,260720804A,Rurópolis,7.14376732272583,0,TRUE,TRUE,TRUE,FALSE,0
IPOJUCA,2025,2025-10-26,principal,260720804A,Rurópolis,7.14376732272583,0,TRUE,TRUE,TRUE,FALSE,0
IPOJUCA,2025,2025-10-27,principal,260720804A,Rurópolis,7.14376732272583,0,TRUE,TRUE,TRUE,FALSE,0
IPOJUCA,2025,2025-10-28,principal,260720804A,Rurópolis,7.14376732272583,0,FALSE,TRUE,TRUE,FALSE,
IPOJUCA,2025,2025-10-29,principal,260720804A,Rurópolis,7.14376732272583,0,TRUE,TRUE,TRUE,FALSE,0
IPOJUCA,2025,2025-10-30,principal,260720804A,Rurópolis,7.14376732272583,0,TRUE,TRUE,TRUE,FALSE,0
IPOJUCA,2025,2025-10-31,principal,260720804A,Rurópolis,7.14376732272583,0,TRUE,TRUE,TRUE,FALSE,0
IPOJUCA,2025,2025-11-01,principal,260720804A,Rurópolis,7.14376732272583,0,TRUE,TRUE,TRUE,FALSE,0
IPOJUCA,2025,2025-11-02,principal,260720804A,Rurópolis,7.14376732272583,0,TRUE,TRUE,TRUE,FALSE,0
IPOJUCA,2025,2025-11-03,principal,260720804A,Rurópolis,7.14376732272583,0,TRUE,TRUE,TRUE,FALSE,0
IPOJUCA,2025,2025-11-04,principal,260720804A,Rurópolis,7.14376732272583,0,TRUE,TRUE,TRUE,FALSE,0
IPOJUCA,2025,2025-11-05,principal,260720804A,Rurópolis,7.14376732272583,0,TRUE,TRUE,TRUE,FALSE,0
IPOJUCA,2025,2025-11-06,principal,260720804A,Rurópolis,7.14376732272583,0,TRUE,TRUE,TRUE,FALSE,0
IPOJUCA,2025,2025-11-07,principal,260720804A,Rurópolis,7.14376732272583,0,TRUE,TRUE,TRUE,FALSE,0
IPOJUCA,2025,2025-11-08,principal,260720804A,Rurópolis,7.14376732272583,0,TRUE,TRUE,TRUE,FALSE,0
IPOJUCA,2025,2025-11-09,principal,260720804A,Rurópolis,7.14376732272583,0,TRUE,TRUE,TRUE,FALSE,0
IPOJUCA,2025,2025-11-10,principal,260720804A,Rurópolis,7.14376732272583,0,TRUE,TRUE,TRUE,FALSE,0
IPOJUCA,2025,2025-11-11,principal,260720804A,Rurópolis,7.14376732272583,0,TRUE,TRUE,TRUE,FALSE,0
IPOJUCA,2025,2025-11-12,principal,260720804A,Rurópolis,7.14376732272583,0,TRUE,TRUE,TRUE,FALSE,0
IPOJUCA,2025,2025-11-13,principal,260720804A,Rurópolis,7.14376732272583,0,TRUE,TRUE,TRUE,FALSE,0
IPOJUCA,2025,2025-11-14,principal,260720804A,Rurópolis,7.14376732272583,0,TRUE,TRUE,TRUE,FALSE,0
IPOJUCA,2025,2025-11-15,principal,260720804A,Rurópolis,7.14376732272583,0,TRUE,TRUE,TRUE,FALSE,0
IPOJUCA,2025,2025-11-16,principal,260720804A,Rurópolis,7.14376732272583,0,TRUE,TRUE,TRUE,FALSE,0
IPOJUCA,2025,2025-11-17,principal,260720804A,Rurópolis,7.14376732272583,0,TRUE,TRUE,TRUE,FALSE,0
IPOJUCA,2025,2025-11-18,principal,260720804A,Rurópolis,7.14376732272583,0,TRUE,TRUE,TRUE,FALSE,0
IPOJUCA,2025,2025-11-19,principal,260720804A,Rurópolis,7.14376732272583,0,TRUE,TRUE,TRUE,FALSE,0
IPOJUCA,2025,2025-11-20,principal,260720804A,Rurópolis,7.14376732272583,0,TRUE,TRUE,TRUE,FALSE,0
IPOJUCA,2025,2025-11-21,principal,260720804A,Rurópolis,7.14376732272583,0,TRUE,TRUE,TRUE,FALSE,0
IPOJUCA,2025,2025-11-22,principal,260720804A,Rurópolis,7.14376732272583,0,TRUE,TRUE,TRUE,FALSE,0
IPOJUCA,2025,2025-11-23,principal,260720804A,Rurópolis,7.14376732272583,0,TRUE,TRUE,TRUE,FALSE,0
IPOJUCA,2025,2025-11-24,principal,260720804A,Rurópolis,7.14376732272583,0,TRUE,TRUE,TRUE,FALSE,0
IPOJUCA,2025,2025-11-25,principal,260720804A,Rurópolis,7.14376732272583,0,FALSE,FALSE,TRUE,FALSE,
IPOJUCA,2025,2025-11-26,principal,260720804A,Rurópolis,7.14376732272583,0,TRUE,TRUE,TRUE,FALSE,0
IPOJUCA,2025,2025-11-27,principal,260720804A,Rurópolis,7.14376732272583,0.39,TRUE,TRUE,TRUE,FALSE,0.39
IPOJUCA,2025,2025-11-28,principal,260720804A,Rurópolis,7.14376732272583,0,TRUE,TRUE,TRUE,FALSE,0
IPOJUCA,2025,2025-11-29,principal,260720804A,Rurópolis,7.14376732272583,0,TRUE,TRUE,TRUE,FALSE,0
IPOJUCA,2025,2025-11-30,principal,260720804A,Rurópolis,7.14376732272583,0,TRUE,TRUE,TRUE,FALSE,0
IPOJUCA,2025,2025-12-01,principal,260720804A,Rurópolis,7.14376732272583,0,TRUE,TRUE,TRUE,FALSE,0
IPOJUCA,2025,2025-12-02,principal,260720804A,Rurópolis,7.14376732272583,0,TRUE,TRUE,TRUE,FALSE,0
IPOJUCA,2025,2025-12-03,principal,260720804A,Rurópolis,7.14376732272583,0,TRUE,TRUE,TRUE,FALSE,0
IPOJUCA,2025,2025-12-04,principal,260720804A,Rurópolis,7.14376732272583,0,TRUE,TRUE,TRUE,FALSE,0
IPOJUCA,2025,2025-12-05,principal,260720804A,Rurópolis,7.14376732272583,0,TRUE,TRUE,TRUE,FALSE,0
IPOJUCA,2025,2025-12-06,principal,260720804A,Rurópolis,7.14376732272583,0,FALSE,FALSE,TRUE,FALSE,
IPOJUCA,2025,2025-12-07,principal,260720804A,Rurópolis,7.14376732272583,0,TRUE,TRUE,TRUE,FALSE,0
IPOJUCA,2025,2025-12-08,principal,260720804A,Rurópolis,7.14376732272583,0,TRUE,TRUE,TRUE,FALSE,0
IPOJUCA,2025,2025-12-09,principal,260720804A,Rurópolis,7.14376732272583,0,TRUE,TRUE,TRUE,FALSE,0
IPOJUCA,2025,2025-12-10,principal,260720804A,Rurópolis,7.14376732272583,0,TRUE,TRUE,TRUE,FALSE,0
IPOJUCA,2025,2025-12-11,principal,260720804A,Rurópolis,7.14376732272583,0,TRUE,TRUE,TRUE,FALSE,0
IPOJUCA,2025,2025-12-12,principal,260720804A,Rurópolis,7.14376732272583,0,TRUE,TRUE,TRUE,FALSE,0
IPOJUCA,2025,2025-12-13,principal,260720804A,Rurópolis,7.14376732272583,0,TRUE,TRUE,TRUE,FALSE,0
IPOJUCA,2025,2025-12-14,principal,260720804A,Rurópolis,7.14376732272583,0,TRUE,TRUE,TRUE,FALSE,0
IPOJUCA,2025,2025-12-15,principal,260720804A,Rurópolis,7.14376732272583,0,TRUE,TRUE,TRUE,FALSE,0
IPOJUCA,2025,2025-12-16,principal,260720804A,Rurópolis,7.14376732272583,0,TRUE,TRUE,TRUE,FALSE,0
IPOJUCA,2025,2025-12-17,principal,260720804A,Rurópolis,7.14376732272583,0,TRUE,TRUE,TRUE,FALSE,0
IPOJUCA,2025,2025-12-18,principal,260720804A,Rurópolis,7.14376732272583,0,TRUE,TRUE,TRUE,FALSE,0
IPOJUCA,2025,2025-12-19,principal,260720804A,Rurópolis,7.14376732272583,0,TRUE,TRUE,TRUE,FALSE,0
IPOJUCA,2025,2025-12-20,principal,260720804A,Rurópolis,7.14376732272583,0.59,TRUE,TRUE,TRUE,FALSE,0.59
IPOJUCA,2025,2025-12-21,principal,260720804A,Rurópolis,7.14376732272583,0.2,TRUE,TRUE,TRUE,FALSE,0.2
IPOJUCA,2025,2025-12-22,principal,260720804A,Rurópolis,7.14376732272583,1.59,TRUE,TRUE,TRUE,FALSE,1.59
IPOJUCA,2025,2025-12-23,principal,260720804A,Rurópolis,7.14376732272583,0.2,TRUE,TRUE,TRUE,FALSE,0.2
IPOJUCA,2025,2025-12-24,principal,260720804A,Rurópolis,7.14376732272583,0,TRUE,TRUE,TRUE,FALSE,0
IPOJUCA,2025,2025-12-25,principal,260720804A,Rurópolis,7.14376732272583,0.2,TRUE,TRUE,TRUE,FALSE,0.2
IPOJUCA,2025,2025-12-26,principal,260720804A,Rurópolis,7.14376732272583,2.37,FALSE,TRUE,TRUE,FALSE,
IPOJUCA,2025,2025-12-27,principal,260720804A,Rurópolis,7.14376732272583,0,TRUE,TRUE,TRUE,FALSE,0
IPOJUCA,2025,2025-12-28,principal,260720804A,Rurópolis,7.14376732272583,0,TRUE,TRUE,TRUE,FALSE,0
IPOJUCA,2025,2025-12-29,principal,260720804A,Rurópolis,7.14376732272583,0,TRUE,TRUE,TRUE,FALSE,0
IPOJUCA,2025,2025-12-30,principal,260720804A,Rurópolis,7.14376732272583,0,TRUE,TRUE,TRUE,FALSE,0
IPOJUCA,2025,2025-12-31,principal,260720804A,Rurópolis,7.14376732272583,0,FALSE,FALSE,FALSE,TRUE,
IPOJUCA,2025,2025-01-01,sensibilidade,260720801G,Campo do Avião,6.92640747959743,0,TRUE,TRUE,TRUE,FALSE,0
IPOJUCA,2025,2025-01-02,sensibilidade,260720801G,Campo do Avião,6.92640747959743,0,TRUE,TRUE,TRUE,FALSE,0
IPOJUCA,2025,2025-01-03,sensibilidade,260720801G,Campo do Avião,6.92640747959743,0,TRUE,TRUE,TRUE,FALSE,0
IPOJUCA,2025,2025-01-04,sensibilidade,260720801G,Campo do Avião,6.92640747959743,0,TRUE,TRUE,TRUE,FALSE,0
IPOJUCA,2025,2025-01-05,sensibilidade,260720801G,Campo do Avião,6.92640747959743,0,TRUE,TRUE,TRUE,FALSE,0
IPOJUCA,2025,2025-01-06,sensibilidade,260720801G,Campo do Avião,6.92640747959743,0,TRUE,TRUE,TRUE,FALSE,0
IPOJUCA,2025,2025-01-07,sensibilidade,260720801G,Campo do Avião,6.92640747959743,0,TRUE,TRUE,TRUE,FALSE,0
IPOJUCA,2025,2025-01-08,sensibilidade,260720801G,Campo do Avião,6.92640747959743,0,TRUE,TRUE,TRUE,FALSE,0
IPOJUCA,2025,2025-01-09,sensibilidade,260720801G,Campo do Avião,6.92640747959743,0,TRUE,TRUE,TRUE,FALSE,0
IPOJUCA,2025,2025-01-10,sensibilidade,260720801G,Campo do Avião,6.92640747959743,0,TRUE,TRUE,TRUE,FALSE,0
IPOJUCA,2025,2025-01-11,sensibilidade,260720801G,Campo do Avião,6.92640747959743,1.6,FALSE,TRUE,TRUE,FALSE,
IPOJUCA,2025,2025-01-12,sensibilidade,260720801G,Campo do Avião,6.92640747959743,25.8,TRUE,TRUE,TRUE,FALSE,25.8
IPOJUCA,2025,2025-01-13,sensibilidade,260720801G,Campo do Avião,6.92640747959743,5.8,TRUE,TRUE,TRUE,FALSE,5.8
IPOJUCA,2025,2025-01-14,sensibilidade,260720801G,Campo do Avião,6.92640747959743,21.6,TRUE,TRUE,TRUE,FALSE,21.6
IPOJUCA,2025,2025-01-15,sensibilidade,260720801G,Campo do Avião,6.92640747959743,0,TRUE,TRUE,TRUE,FALSE,0
IPOJUCA,2025,2025-01-16,sensibilidade,260720801G,Campo do Avião,6.92640747959743,0,TRUE,TRUE,TRUE,FALSE,0
IPOJUCA,2025,2025-01-17,sensibilidade,260720801G,Campo do Avião,6.92640747959743,0,TRUE,TRUE,TRUE,FALSE,0
IPOJUCA,2025,2025-01-18,sensibilidade,260720801G,Campo do Avião,6.92640747959743,0,TRUE,TRUE,TRUE,FALSE,0
IPOJUCA,2025,2025-01-19,sensibilidade,260720801G,Campo do Avião,6.92640747959743,1.4,TRUE,TRUE,TRUE,FALSE,1.4
IPOJUCA,2025,2025-01-20,sensibilidade,260720801G,Campo do Avião,6.92640747959743,10,TRUE,TRUE,TRUE,FALSE,10
IPOJUCA,2025,2025-01-21,sensibilidade,260720801G,Campo do Avião,6.92640747959743,2,TRUE,TRUE,TRUE,FALSE,2
IPOJUCA,2025,2025-01-22,sensibilidade,260720801G,Campo do Avião,6.92640747959743,5.8,TRUE,TRUE,TRUE,FALSE,5.8
IPOJUCA,2025,2025-01-23,sensibilidade,260720801G,Campo do Avião,6.92640747959743,21.4,FALSE,TRUE,TRUE,FALSE,
IPOJUCA,2025,2025-01-24,sensibilidade,260720801G,Campo do Avião,6.92640747959743,1.2,TRUE,TRUE,TRUE,FALSE,1.2
IPOJUCA,2025,2025-01-25,sensibilidade,260720801G,Campo do Avião,6.92640747959743,2.2,TRUE,TRUE,TRUE,FALSE,2.2
IPOJUCA,2025,2025-01-26,sensibilidade,260720801G,Campo do Avião,6.92640747959743,13.8,TRUE,TRUE,TRUE,FALSE,13.8
IPOJUCA,2025,2025-01-27,sensibilidade,260720801G,Campo do Avião,6.92640747959743,15.4,TRUE,TRUE,TRUE,FALSE,15.4
IPOJUCA,2025,2025-01-28,sensibilidade,260720801G,Campo do Avião,6.92640747959743,22.4,TRUE,TRUE,TRUE,FALSE,22.4
IPOJUCA,2025,2025-01-29,sensibilidade,260720801G,Campo do Avião,6.92640747959743,9.8,TRUE,TRUE,TRUE,FALSE,9.8
IPOJUCA,2025,2025-01-30,sensibilidade,260720801G,Campo do Avião,6.92640747959743,0,TRUE,TRUE,TRUE,FALSE,0
IPOJUCA,2025,2025-01-31,sensibilidade,260720801G,Campo do Avião,6.92640747959743,0,TRUE,TRUE,TRUE,FALSE,0
IPOJUCA,2025,2025-02-01,sensibilidade,260720801G,Campo do Avião,6.92640747959743,5.8,TRUE,TRUE,TRUE,FALSE,5.8
IPOJUCA,2025,2025-02-02,sensibilidade,260720801G,Campo do Avião,6.92640747959743,0,TRUE,TRUE,TRUE,FALSE,0
IPOJUCA,2025,2025-02-03,sensibilidade,260720801G,Campo do Avião,6.92640747959743,0.4,TRUE,TRUE,TRUE,FALSE,0.4
IPOJUCA,2025,2025-02-04,sensibilidade,260720801G,Campo do Avião,6.92640747959743,4.2,FALSE,TRUE,TRUE,FALSE,
IPOJUCA,2025,2025-02-05,sensibilidade,260720801G,Campo do Avião,6.92640747959743,72.6,TRUE,TRUE,TRUE,FALSE,72.6
IPOJUCA,2025,2025-02-06,sensibilidade,260720801G,Campo do Avião,6.92640747959743,12.2,FALSE,TRUE,TRUE,FALSE,
IPOJUCA,2025,2025-02-07,sensibilidade,260720801G,Campo do Avião,6.92640747959743,0.2,TRUE,TRUE,TRUE,FALSE,0.2
IPOJUCA,2025,2025-02-08,sensibilidade,260720801G,Campo do Avião,6.92640747959743,0,TRUE,TRUE,TRUE,FALSE,0
IPOJUCA,2025,2025-02-09,sensibilidade,260720801G,Campo do Avião,6.92640747959743,16,TRUE,TRUE,TRUE,FALSE,16
IPOJUCA,2025,2025-02-10,sensibilidade,260720801G,Campo do Avião,6.92640747959743,2.2,TRUE,TRUE,TRUE,FALSE,2.2
IPOJUCA,2025,2025-02-11,sensibilidade,260720801G,Campo do Avião,6.92640747959743,7.2,FALSE,TRUE,TRUE,FALSE,
IPOJUCA,2025,2025-02-12,sensibilidade,260720801G,Campo do Avião,6.92640747959743,0.2,TRUE,TRUE,TRUE,FALSE,0.2
IPOJUCA,2025,2025-02-13,sensibilidade,260720801G,Campo do Avião,6.92640747959743,0.4,FALSE,TRUE,TRUE,FALSE,
IPOJUCA,2025,2025-02-14,sensibilidade,260720801G,Campo do Avião,6.92640747959743,0,TRUE,TRUE,TRUE,FALSE,0
IPOJUCA,2025,2025-02-15,sensibilidade,260720801G,Campo do Avião,6.92640747959743,3.6,TRUE,TRUE,TRUE,FALSE,3.6
IPOJUCA,2025,2025-02-16,sensibilidade,260720801G,Campo do Avião,6.92640747959743,5.8,FALSE,TRUE,TRUE,FALSE,
IPOJUCA,2025,2025-02-17,sensibilidade,260720801G,Campo do Avião,6.92640747959743,3.8,TRUE,TRUE,TRUE,FALSE,3.8
IPOJUCA,2025,2025-02-18,sensibilidade,260720801G,Campo do Avião,6.92640747959743,0,TRUE,TRUE,TRUE,FALSE,0
IPOJUCA,2025,2025-02-19,sensibilidade,260720801G,Campo do Avião,6.92640747959743,1,FALSE,TRUE,TRUE,FALSE,
IPOJUCA,2025,2025-02-20,sensibilidade,260720801G,Campo do Avião,6.92640747959743,0.4,TRUE,TRUE,TRUE,FALSE,0.4
IPOJUCA,2025,2025-02-21,sensibilidade,260720801G,Campo do Avião,6.92640747959743,0,TRUE,TRUE,TRUE,FALSE,0
IPOJUCA,2025,2025-02-22,sensibilidade,260720801G,Campo do Avião,6.92640747959743,0.2,TRUE,TRUE,TRUE,FALSE,0.2
IPOJUCA,2025,2025-02-23,sensibilidade,260720801G,Campo do Avião,6.92640747959743,0.2,TRUE,TRUE,TRUE,FALSE,0.2
IPOJUCA,2025,2025-02-24,sensibilidade,260720801G,Campo do Avião,6.92640747959743,0.4,TRUE,TRUE,TRUE,FALSE,0.4
IPOJUCA,2025,2025-02-25,sensibilidade,260720801G,Campo do Avião,6.92640747959743,0,TRUE,TRUE,TRUE,FALSE,0
IPOJUCA,2025,2025-02-26,sensibilidade,260720801G,Campo do Avião,6.92640747959743,0,TRUE,TRUE,TRUE,FALSE,0
IPOJUCA,2025,2025-02-27,sensibilidade,260720801G,Campo do Avião,6.92640747959743,0.4,TRUE,TRUE,TRUE,FALSE,0.4
IPOJUCA,2025,2025-02-28,sensibilidade,260720801G,Campo do Avião,6.92640747959743,4.8,TRUE,TRUE,TRUE,FALSE,4.8
IPOJUCA,2025,2025-03-01,sensibilidade,260720801G,Campo do Avião,6.92640747959743,6.2,FALSE,TRUE,TRUE,FALSE,
IPOJUCA,2025,2025-03-02,sensibilidade,260720801G,Campo do Avião,6.92640747959743,9,FALSE,TRUE,TRUE,FALSE,
IPOJUCA,2025,2025-03-03,sensibilidade,260720801G,Campo do Avião,6.92640747959743,0.4,FALSE,TRUE,TRUE,FALSE,
IPOJUCA,2025,2025-03-04,sensibilidade,260720801G,Campo do Avião,6.92640747959743,1.6,TRUE,TRUE,TRUE,FALSE,1.6
IPOJUCA,2025,2025-03-05,sensibilidade,260720801G,Campo do Avião,6.92640747959743,0,TRUE,TRUE,TRUE,FALSE,0
IPOJUCA,2025,2025-03-06,sensibilidade,260720801G,Campo do Avião,6.92640747959743,1.4,FALSE,TRUE,TRUE,FALSE,
IPOJUCA,2025,2025-03-07,sensibilidade,260720801G,Campo do Avião,6.92640747959743,4.6,FALSE,TRUE,TRUE,FALSE,
IPOJUCA,2025,2025-03-08,sensibilidade,260720801G,Campo do Avião,6.92640747959743,4,FALSE,TRUE,TRUE,FALSE,
IPOJUCA,2025,2025-03-09,sensibilidade,260720801G,Campo do Avião,6.92640747959743,4.6,TRUE,TRUE,TRUE,FALSE,4.6
IPOJUCA,2025,2025-03-10,sensibilidade,260720801G,Campo do Avião,6.92640747959743,0.2,FALSE,TRUE,TRUE,FALSE,
IPOJUCA,2025,2025-03-11,sensibilidade,260720801G,Campo do Avião,6.92640747959743,0.4,TRUE,TRUE,TRUE,FALSE,0.4
IPOJUCA,2025,2025-03-12,sensibilidade,260720801G,Campo do Avião,6.92640747959743,0.8,TRUE,TRUE,TRUE,FALSE,0.8
IPOJUCA,2025,2025-03-13,sensibilidade,260720801G,Campo do Avião,6.92640747959743,2.2,TRUE,TRUE,TRUE,FALSE,2.2
IPOJUCA,2025,2025-03-14,sensibilidade,260720801G,Campo do Avião,6.92640747959743,14.8,FALSE,TRUE,TRUE,FALSE,
IPOJUCA,2025,2025-03-15,sensibilidade,260720801G,Campo do Avião,6.92640747959743,1.8,FALSE,TRUE,TRUE,FALSE,
IPOJUCA,2025,2025-03-16,sensibilidade,260720801G,Campo do Avião,6.92640747959743,1,FALSE,TRUE,TRUE,FALSE,
IPOJUCA,2025,2025-03-17,sensibilidade,260720801G,Campo do Avião,6.92640747959743,10.8,TRUE,TRUE,TRUE,FALSE,10.8
IPOJUCA,2025,2025-03-18,sensibilidade,260720801G,Campo do Avião,6.92640747959743,0.4,FALSE,TRUE,TRUE,FALSE,
IPOJUCA,2025,2025-03-19,sensibilidade,260720801G,Campo do Avião,6.92640747959743,2.6,FALSE,TRUE,TRUE,FALSE,
IPOJUCA,2025,2025-03-20,sensibilidade,260720801G,Campo do Avião,6.92640747959743,0,TRUE,TRUE,TRUE,FALSE,0
IPOJUCA,2025,2025-03-21,sensibilidade,260720801G,Campo do Avião,6.92640747959743,0,TRUE,TRUE,TRUE,FALSE,0
IPOJUCA,2025,2025-03-22,sensibilidade,260720801G,Campo do Avião,6.92640747959743,0.2,TRUE,TRUE,TRUE,FALSE,0.2
IPOJUCA,2025,2025-03-23,sensibilidade,260720801G,Campo do Avião,6.92640747959743,0,TRUE,TRUE,TRUE,FALSE,0
IPOJUCA,2025,2025-03-24,sensibilidade,260720801G,Campo do Avião,6.92640747959743,1,TRUE,TRUE,TRUE,FALSE,1
IPOJUCA,2025,2025-03-25,sensibilidade,260720801G,Campo do Avião,6.92640747959743,11.6,FALSE,FALSE,FALSE,FALSE,
IPOJUCA,2025,2025-03-26,sensibilidade,260720801G,Campo do Avião,6.92640747959743,0,TRUE,TRUE,TRUE,FALSE,0
IPOJUCA,2025,2025-03-27,sensibilidade,260720801G,Campo do Avião,6.92640747959743,33.4,TRUE,TRUE,TRUE,FALSE,33.4
IPOJUCA,2025,2025-03-28,sensibilidade,260720801G,Campo do Avião,6.92640747959743,8.4,FALSE,TRUE,TRUE,FALSE,
IPOJUCA,2025,2025-03-29,sensibilidade,260720801G,Campo do Avião,6.92640747959743,1.2,TRUE,TRUE,TRUE,FALSE,1.2
IPOJUCA,2025,2025-03-30,sensibilidade,260720801G,Campo do Avião,6.92640747959743,0.2,TRUE,TRUE,TRUE,FALSE,0.2
IPOJUCA,2025,2025-03-31,sensibilidade,260720801G,Campo do Avião,6.92640747959743,0.4,TRUE,TRUE,TRUE,FALSE,0.4
IPOJUCA,2025,2025-04-01,sensibilidade,260720801G,Campo do Avião,6.92640747959743,15.2,TRUE,TRUE,TRUE,FALSE,15.2
IPOJUCA,2025,2025-04-02,sensibilidade,260720801G,Campo do Avião,6.92640747959743,21.8,FALSE,TRUE,TRUE,FALSE,
IPOJUCA,2025,2025-04-03,sensibilidade,260720801G,Campo do Avião,6.92640747959743,0.4,TRUE,TRUE,TRUE,FALSE,0.4
IPOJUCA,2025,2025-04-04,sensibilidade,260720801G,Campo do Avião,6.92640747959743,0.8,TRUE,TRUE,TRUE,FALSE,0.8
IPOJUCA,2025,2025-04-05,sensibilidade,260720801G,Campo do Avião,6.92640747959743,2,TRUE,TRUE,TRUE,FALSE,2
IPOJUCA,2025,2025-04-06,sensibilidade,260720801G,Campo do Avião,6.92640747959743,1,TRUE,TRUE,TRUE,FALSE,1
IPOJUCA,2025,2025-04-07,sensibilidade,260720801G,Campo do Avião,6.92640747959743,0,TRUE,TRUE,TRUE,FALSE,0
IPOJUCA,2025,2025-04-08,sensibilidade,260720801G,Campo do Avião,6.92640747959743,0,TRUE,TRUE,TRUE,FALSE,0
IPOJUCA,2025,2025-04-09,sensibilidade,260720801G,Campo do Avião,6.92640747959743,0,TRUE,TRUE,TRUE,FALSE,0
IPOJUCA,2025,2025-04-10,sensibilidade,260720801G,Campo do Avião,6.92640747959743,0,TRUE,TRUE,TRUE,FALSE,0
IPOJUCA,2025,2025-04-11,sensibilidade,260720801G,Campo do Avião,6.92640747959743,0,TRUE,TRUE,TRUE,FALSE,0
IPOJUCA,2025,2025-04-12,sensibilidade,260720801G,Campo do Avião,6.92640747959743,0.2,TRUE,TRUE,TRUE,FALSE,0.2
IPOJUCA,2025,2025-04-13,sensibilidade,260720801G,Campo do Avião,6.92640747959743,0,TRUE,TRUE,TRUE,FALSE,0
IPOJUCA,2025,2025-04-14,sensibilidade,260720801G,Campo do Avião,6.92640747959743,1.2,TRUE,TRUE,TRUE,FALSE,1.2
IPOJUCA,2025,2025-04-15,sensibilidade,260720801G,Campo do Avião,6.92640747959743,0.2,FALSE,TRUE,TRUE,FALSE,
IPOJUCA,2025,2025-04-16,sensibilidade,260720801G,Campo do Avião,6.92640747959743,0,TRUE,TRUE,TRUE,FALSE,0
IPOJUCA,2025,2025-04-17,sensibilidade,260720801G,Campo do Avião,6.92640747959743,0,TRUE,TRUE,TRUE,FALSE,0
IPOJUCA,2025,2025-04-18,sensibilidade,260720801G,Campo do Avião,6.92640747959743,0,TRUE,TRUE,TRUE,FALSE,0
IPOJUCA,2025,2025-04-19,sensibilidade,260720801G,Campo do Avião,6.92640747959743,0,TRUE,TRUE,TRUE,FALSE,0
IPOJUCA,2025,2025-04-20,sensibilidade,260720801G,Campo do Avião,6.92640747959743,1,TRUE,TRUE,TRUE,FALSE,1
IPOJUCA,2025,2025-04-21,sensibilidade,260720801G,Campo do Avião,6.92640747959743,5.8,FALSE,TRUE,TRUE,FALSE,
IPOJUCA,2025,2025-04-22,sensibilidade,260720801G,Campo do Avião,6.92640747959743,0,TRUE,TRUE,TRUE,FALSE,0
IPOJUCA,2025,2025-04-23,sensibilidade,260720801G,Campo do Avião,6.92640747959743,0,TRUE,TRUE,TRUE,FALSE,0
IPOJUCA,2025,2025-04-24,sensibilidade,260720801G,Campo do Avião,6.92640747959743,16.8,FALSE,TRUE,TRUE,FALSE,
IPOJUCA,2025,2025-04-25,sensibilidade,260720801G,Campo do Avião,6.92640747959743,1.4,FALSE,TRUE,TRUE,FALSE,
IPOJUCA,2025,2025-04-26,sensibilidade,260720801G,Campo do Avião,6.92640747959743,0,TRUE,TRUE,TRUE,FALSE,0
IPOJUCA,2025,2025-04-27,sensibilidade,260720801G,Campo do Avião,6.92640747959743,0,TRUE,TRUE,TRUE,FALSE,0
IPOJUCA,2025,2025-04-28,sensibilidade,260720801G,Campo do Avião,6.92640747959743,0,TRUE,TRUE,TRUE,FALSE,0
IPOJUCA,2025,2025-04-29,sensibilidade,260720801G,Campo do Avião,6.92640747959743,0,TRUE,TRUE,TRUE,FALSE,0
IPOJUCA,2025,2025-04-30,sensibilidade,260720801G,Campo do Avião,6.92640747959743,0,TRUE,TRUE,TRUE,FALSE,0
IPOJUCA,2025,2025-05-01,sensibilidade,260720801G,Campo do Avião,6.92640747959743,0,TRUE,TRUE,TRUE,FALSE,0
IPOJUCA,2025,2025-05-02,sensibilidade,260720801G,Campo do Avião,6.92640747959743,0,TRUE,TRUE,TRUE,FALSE,0
IPOJUCA,2025,2025-05-03,sensibilidade,260720801G,Campo do Avião,6.92640747959743,0,TRUE,TRUE,TRUE,FALSE,0
IPOJUCA,2025,2025-05-04,sensibilidade,260720801G,Campo do Avião,6.92640747959743,5,TRUE,TRUE,TRUE,FALSE,5
IPOJUCA,2025,2025-05-05,sensibilidade,260720801G,Campo do Avião,6.92640747959743,0.2,TRUE,TRUE,TRUE,FALSE,0.2
IPOJUCA,2025,2025-05-06,sensibilidade,260720801G,Campo do Avião,6.92640747959743,2.2,FALSE,TRUE,TRUE,FALSE,
IPOJUCA,2025,2025-05-07,sensibilidade,260720801G,Campo do Avião,6.92640747959743,0,TRUE,TRUE,TRUE,FALSE,0
IPOJUCA,2025,2025-05-08,sensibilidade,260720801G,Campo do Avião,6.92640747959743,0.6,TRUE,TRUE,TRUE,FALSE,0.6
IPOJUCA,2025,2025-05-09,sensibilidade,260720801G,Campo do Avião,6.92640747959743,0.4,TRUE,TRUE,TRUE,FALSE,0.4
IPOJUCA,2025,2025-05-10,sensibilidade,260720801G,Campo do Avião,6.92640747959743,0,TRUE,TRUE,TRUE,FALSE,0
IPOJUCA,2025,2025-05-11,sensibilidade,260720801G,Campo do Avião,6.92640747959743,0,TRUE,TRUE,TRUE,FALSE,0
IPOJUCA,2025,2025-05-12,sensibilidade,260720801G,Campo do Avião,6.92640747959743,3.6,TRUE,TRUE,TRUE,FALSE,3.6
IPOJUCA,2025,2025-05-13,sensibilidade,260720801G,Campo do Avião,6.92640747959743,1.4,TRUE,TRUE,TRUE,FALSE,1.4
IPOJUCA,2025,2025-05-14,sensibilidade,260720801G,Campo do Avião,6.92640747959743,64.8,TRUE,TRUE,TRUE,FALSE,64.8
IPOJUCA,2025,2025-05-15,sensibilidade,260720801G,Campo do Avião,6.92640747959743,16,FALSE,TRUE,TRUE,FALSE,
IPOJUCA,2025,2025-05-16,sensibilidade,260720801G,Campo do Avião,6.92640747959743,46.6,TRUE,TRUE,TRUE,FALSE,46.6
IPOJUCA,2025,2025-05-17,sensibilidade,260720801G,Campo do Avião,6.92640747959743,5.8,TRUE,TRUE,TRUE,FALSE,5.8
IPOJUCA,2025,2025-05-18,sensibilidade,260720801G,Campo do Avião,6.92640747959743,31.6,FALSE,TRUE,TRUE,FALSE,
IPOJUCA,2025,2025-05-19,sensibilidade,260720801G,Campo do Avião,6.92640747959743,16,TRUE,TRUE,TRUE,FALSE,16
IPOJUCA,2025,2025-05-20,sensibilidade,260720801G,Campo do Avião,6.92640747959743,11.4,FALSE,TRUE,TRUE,FALSE,
IPOJUCA,2025,2025-05-21,sensibilidade,260720801G,Campo do Avião,6.92640747959743,89,FALSE,TRUE,TRUE,FALSE,
IPOJUCA,2025,2025-05-22,sensibilidade,260720801G,Campo do Avião,6.92640747959743,0,TRUE,TRUE,TRUE,FALSE,0
IPOJUCA,2025,2025-05-23,sensibilidade,260720801G,Campo do Avião,6.92640747959743,13.4,FALSE,FALSE,FALSE,FALSE,
IPOJUCA,2025,2025-05-24,sensibilidade,260720801G,Campo do Avião,6.92640747959743,16,FALSE,FALSE,FALSE,FALSE,
IPOJUCA,2025,2025-05-25,sensibilidade,260720801G,Campo do Avião,6.92640747959743,20,TRUE,TRUE,TRUE,FALSE,20
IPOJUCA,2025,2025-05-26,sensibilidade,260720801G,Campo do Avião,6.92640747959743,8.2,TRUE,TRUE,TRUE,FALSE,8.2
IPOJUCA,2025,2025-05-27,sensibilidade,260720801G,Campo do Avião,6.92640747959743,10.8,TRUE,TRUE,TRUE,FALSE,10.8
IPOJUCA,2025,2025-05-28,sensibilidade,260720801G,Campo do Avião,6.92640747959743,0.4,FALSE,TRUE,TRUE,FALSE,
IPOJUCA,2025,2025-05-29,sensibilidade,260720801G,Campo do Avião,6.92640747959743,0.6,TRUE,TRUE,TRUE,FALSE,0.6
IPOJUCA,2025,2025-05-30,sensibilidade,260720801G,Campo do Avião,6.92640747959743,9.8,TRUE,TRUE,TRUE,FALSE,9.8
IPOJUCA,2025,2025-05-31,sensibilidade,260720801G,Campo do Avião,6.92640747959743,0.8,TRUE,TRUE,TRUE,FALSE,0.8
IPOJUCA,2025,2025-06-01,sensibilidade,260720801G,Campo do Avião,6.92640747959743,1.8,TRUE,TRUE,TRUE,FALSE,1.8
IPOJUCA,2025,2025-06-02,sensibilidade,260720801G,Campo do Avião,6.92640747959743,9.4,TRUE,TRUE,TRUE,FALSE,9.4
IPOJUCA,2025,2025-06-03,sensibilidade,260720801G,Campo do Avião,6.92640747959743,9.4,TRUE,TRUE,TRUE,FALSE,9.4
IPOJUCA,2025,2025-06-04,sensibilidade,260720801G,Campo do Avião,6.92640747959743,24.2,TRUE,TRUE,TRUE,FALSE,24.2
IPOJUCA,2025,2025-06-05,sensibilidade,260720801G,Campo do Avião,6.92640747959743,28.8,TRUE,TRUE,TRUE,FALSE,28.8
IPOJUCA,2025,2025-06-06,sensibilidade,260720801G,Campo do Avião,6.92640747959743,0.4,TRUE,TRUE,TRUE,FALSE,0.4
IPOJUCA,2025,2025-06-07,sensibilidade,260720801G,Campo do Avião,6.92640747959743,3.6,TRUE,TRUE,TRUE,FALSE,3.6
IPOJUCA,2025,2025-06-08,sensibilidade,260720801G,Campo do Avião,6.92640747959743,1.4,TRUE,TRUE,TRUE,FALSE,1.4
IPOJUCA,2025,2025-06-09,sensibilidade,260720801G,Campo do Avião,6.92640747959743,0.2,TRUE,TRUE,TRUE,FALSE,0.2
IPOJUCA,2025,2025-06-10,sensibilidade,260720801G,Campo do Avião,6.92640747959743,19,FALSE,TRUE,TRUE,FALSE,
IPOJUCA,2025,2025-06-11,sensibilidade,260720801G,Campo do Avião,6.92640747959743,0,TRUE,TRUE,TRUE,FALSE,0
IPOJUCA,2025,2025-06-12,sensibilidade,260720801G,Campo do Avião,6.92640747959743,1.4,FALSE,TRUE,TRUE,FALSE,
IPOJUCA,2025,2025-06-13,sensibilidade,260720801G,Campo do Avião,6.92640747959743,3.8,FALSE,TRUE,TRUE,FALSE,
IPOJUCA,2025,2025-06-14,sensibilidade,260720801G,Campo do Avião,6.92640747959743,81.2,TRUE,TRUE,TRUE,FALSE,81.2
IPOJUCA,2025,2025-06-15,sensibilidade,260720801G,Campo do Avião,6.92640747959743,8.4,TRUE,TRUE,TRUE,FALSE,8.4
IPOJUCA,2025,2025-06-16,sensibilidade,260720801G,Campo do Avião,6.92640747959743,2,TRUE,TRUE,TRUE,FALSE,2
IPOJUCA,2025,2025-06-17,sensibilidade,260720801G,Campo do Avião,6.92640747959743,8,FALSE,TRUE,TRUE,FALSE,
IPOJUCA,2025,2025-06-18,sensibilidade,260720801G,Campo do Avião,6.92640747959743,14.4,FALSE,TRUE,TRUE,FALSE,
IPOJUCA,2025,2025-06-19,sensibilidade,260720801G,Campo do Avião,6.92640747959743,15.6,FALSE,TRUE,TRUE,FALSE,
IPOJUCA,2025,2025-06-20,sensibilidade,260720801G,Campo do Avião,6.92640747959743,7.2,FALSE,TRUE,TRUE,FALSE,
IPOJUCA,2025,2025-06-21,sensibilidade,260720801G,Campo do Avião,6.92640747959743,9.6,FALSE,TRUE,TRUE,FALSE,
IPOJUCA,2025,2025-06-22,sensibilidade,260720801G,Campo do Avião,6.92640747959743,18.8,FALSE,TRUE,TRUE,FALSE,
IPOJUCA,2025,2025-06-23,sensibilidade,260720801G,Campo do Avião,6.92640747959743,11.4,FALSE,TRUE,TRUE,FALSE,
IPOJUCA,2025,2025-06-24,sensibilidade,260720801G,Campo do Avião,6.92640747959743,6,FALSE,TRUE,TRUE,FALSE,
IPOJUCA,2025,2025-06-25,sensibilidade,260720801G,Campo do Avião,6.92640747959743,9.8,TRUE,TRUE,TRUE,FALSE,9.8
IPOJUCA,2025,2025-06-26,sensibilidade,260720801G,Campo do Avião,6.92640747959743,27.8,FALSE,TRUE,TRUE,FALSE,
IPOJUCA,2025,2025-06-27,sensibilidade,260720801G,Campo do Avião,6.92640747959743,23.2,FALSE,TRUE,TRUE,FALSE,
IPOJUCA,2025,2025-06-28,sensibilidade,260720801G,Campo do Avião,6.92640747959743,16.4,FALSE,TRUE,TRUE,FALSE,
IPOJUCA,2025,2025-06-29,sensibilidade,260720801G,Campo do Avião,6.92640747959743,12,FALSE,TRUE,TRUE,FALSE,
IPOJUCA,2025,2025-06-30,sensibilidade,260720801G,Campo do Avião,6.92640747959743,24.8,FALSE,TRUE,TRUE,FALSE,
IPOJUCA,2025,2025-07-01,sensibilidade,260720801G,Campo do Avião,6.92640747959743,26.6,FALSE,TRUE,TRUE,FALSE,
IPOJUCA,2025,2025-07-02,sensibilidade,260720801G,Campo do Avião,6.92640747959743,5.4,TRUE,TRUE,TRUE,FALSE,5.4
IPOJUCA,2025,2025-07-03,sensibilidade,260720801G,Campo do Avião,6.92640747959743,3.4,FALSE,TRUE,TRUE,FALSE,
IPOJUCA,2025,2025-07-04,sensibilidade,260720801G,Campo do Avião,6.92640747959743,3,TRUE,TRUE,TRUE,FALSE,3
IPOJUCA,2025,2025-07-05,sensibilidade,260720801G,Campo do Avião,6.92640747959743,0,TRUE,TRUE,TRUE,FALSE,0
IPOJUCA,2025,2025-07-06,sensibilidade,260720801G,Campo do Avião,6.92640747959743,0,TRUE,TRUE,TRUE,FALSE,0
IPOJUCA,2025,2025-07-07,sensibilidade,260720801G,Campo do Avião,6.92640747959743,2.2,FALSE,TRUE,TRUE,FALSE,
IPOJUCA,2025,2025-07-08,sensibilidade,260720801G,Campo do Avião,6.92640747959743,9.4,FALSE,TRUE,TRUE,FALSE,
IPOJUCA,2025,2025-07-09,sensibilidade,260720801G,Campo do Avião,6.92640747959743,4.8,TRUE,TRUE,TRUE,FALSE,4.8
IPOJUCA,2025,2025-07-10,sensibilidade,260720801G,Campo do Avião,6.92640747959743,17.2,FALSE,TRUE,TRUE,FALSE,
IPOJUCA,2025,2025-07-11,sensibilidade,260720801G,Campo do Avião,6.92640747959743,11.2,FALSE,TRUE,TRUE,FALSE,
IPOJUCA,2025,2025-07-12,sensibilidade,260720801G,Campo do Avião,6.92640747959743,18,FALSE,TRUE,TRUE,FALSE,
IPOJUCA,2025,2025-07-13,sensibilidade,260720801G,Campo do Avião,6.92640747959743,8,TRUE,TRUE,TRUE,FALSE,8
IPOJUCA,2025,2025-07-14,sensibilidade,260720801G,Campo do Avião,6.92640747959743,6,TRUE,TRUE,TRUE,FALSE,6
IPOJUCA,2025,2025-07-15,sensibilidade,260720801G,Campo do Avião,6.92640747959743,2,TRUE,TRUE,TRUE,FALSE,2
IPOJUCA,2025,2025-07-16,sensibilidade,260720801G,Campo do Avião,6.92640747959743,0.4,TRUE,TRUE,TRUE,FALSE,0.4
IPOJUCA,2025,2025-07-17,sensibilidade,260720801G,Campo do Avião,6.92640747959743,0.6,TRUE,TRUE,TRUE,FALSE,0.6
IPOJUCA,2025,2025-07-18,sensibilidade,260720801G,Campo do Avião,6.92640747959743,0.2,TRUE,TRUE,TRUE,FALSE,0.2
IPOJUCA,2025,2025-07-19,sensibilidade,260720801G,Campo do Avião,6.92640747959743,4.4,FALSE,TRUE,TRUE,FALSE,
IPOJUCA,2025,2025-07-20,sensibilidade,260720801G,Campo do Avião,6.92640747959743,1.4,TRUE,TRUE,TRUE,FALSE,1.4
IPOJUCA,2025,2025-07-21,sensibilidade,260720801G,Campo do Avião,6.92640747959743,0.4,TRUE,TRUE,TRUE,FALSE,0.4
IPOJUCA,2025,2025-07-22,sensibilidade,260720801G,Campo do Avião,6.92640747959743,9.4,TRUE,TRUE,TRUE,FALSE,9.4
IPOJUCA,2025,2025-07-23,sensibilidade,260720801G,Campo do Avião,6.92640747959743,20.8,FALSE,TRUE,TRUE,FALSE,
IPOJUCA,2025,2025-07-24,sensibilidade,260720801G,Campo do Avião,6.92640747959743,4,FALSE,TRUE,TRUE,FALSE,
IPOJUCA,2025,2025-07-25,sensibilidade,260720801G,Campo do Avião,6.92640747959743,3.6,TRUE,TRUE,TRUE,FALSE,3.6
IPOJUCA,2025,2025-07-26,sensibilidade,260720801G,Campo do Avião,6.92640747959743,0.8,TRUE,TRUE,TRUE,FALSE,0.8
IPOJUCA,2025,2025-07-27,sensibilidade,260720801G,Campo do Avião,6.92640747959743,22,TRUE,TRUE,TRUE,FALSE,22
IPOJUCA,2025,2025-07-28,sensibilidade,260720801G,Campo do Avião,6.92640747959743,41.4,FALSE,TRUE,TRUE,FALSE,
IPOJUCA,2025,2025-07-29,sensibilidade,260720801G,Campo do Avião,6.92640747959743,12.6,TRUE,TRUE,TRUE,FALSE,12.6
IPOJUCA,2025,2025-07-30,sensibilidade,260720801G,Campo do Avião,6.92640747959743,0,TRUE,TRUE,TRUE,FALSE,0
IPOJUCA,2025,2025-07-31,sensibilidade,260720801G,Campo do Avião,6.92640747959743,4.6,TRUE,TRUE,TRUE,FALSE,4.6
IPOJUCA,2025,2025-08-01,sensibilidade,260720801G,Campo do Avião,6.92640747959743,0.4,TRUE,TRUE,TRUE,FALSE,0.4
IPOJUCA,2025,2025-08-02,sensibilidade,260720801G,Campo do Avião,6.92640747959743,8,FALSE,TRUE,TRUE,FALSE,
IPOJUCA,2025,2025-08-03,sensibilidade,260720801G,Campo do Avião,6.92640747959743,15.2,FALSE,TRUE,TRUE,FALSE,
IPOJUCA,2025,2025-08-04,sensibilidade,260720801G,Campo do Avião,6.92640747959743,10.2,FALSE,TRUE,TRUE,FALSE,
IPOJUCA,2025,2025-08-05,sensibilidade,260720801G,Campo do Avião,6.92640747959743,12.2,TRUE,TRUE,TRUE,FALSE,12.2
IPOJUCA,2025,2025-08-06,sensibilidade,260720801G,Campo do Avião,6.92640747959743,0.6,TRUE,TRUE,TRUE,FALSE,0.6
IPOJUCA,2025,2025-08-07,sensibilidade,260720801G,Campo do Avião,6.92640747959743,0.8,FALSE,TRUE,TRUE,FALSE,
IPOJUCA,2025,2025-08-08,sensibilidade,260720801G,Campo do Avião,6.92640747959743,2.2,TRUE,TRUE,TRUE,FALSE,2.2
IPOJUCA,2025,2025-08-09,sensibilidade,260720801G,Campo do Avião,6.92640747959743,9.8,FALSE,TRUE,TRUE,FALSE,
IPOJUCA,2025,2025-08-10,sensibilidade,260720801G,Campo do Avião,6.92640747959743,0,TRUE,TRUE,TRUE,FALSE,0
IPOJUCA,2025,2025-08-11,sensibilidade,260720801G,Campo do Avião,6.92640747959743,0.4,TRUE,TRUE,TRUE,FALSE,0.4
IPOJUCA,2025,2025-08-12,sensibilidade,260720801G,Campo do Avião,6.92640747959743,2.4,TRUE,TRUE,TRUE,FALSE,2.4
IPOJUCA,2025,2025-08-13,sensibilidade,260720801G,Campo do Avião,6.92640747959743,0,TRUE,TRUE,TRUE,FALSE,0
IPOJUCA,2025,2025-08-14,sensibilidade,260720801G,Campo do Avião,6.92640747959743,9.4,FALSE,TRUE,TRUE,FALSE,
IPOJUCA,2025,2025-08-15,sensibilidade,260720801G,Campo do Avião,6.92640747959743,75.4,FALSE,TRUE,TRUE,FALSE,
IPOJUCA,2025,2025-08-16,sensibilidade,260720801G,Campo do Avião,6.92640747959743,0.6,TRUE,TRUE,TRUE,FALSE,0.6
IPOJUCA,2025,2025-08-17,sensibilidade,260720801G,Campo do Avião,6.92640747959743,1.8,TRUE,TRUE,TRUE,FALSE,1.8
IPOJUCA,2025,2025-08-18,sensibilidade,260720801G,Campo do Avião,6.92640747959743,0.2,TRUE,TRUE,TRUE,FALSE,0.2
IPOJUCA,2025,2025-08-19,sensibilidade,260720801G,Campo do Avião,6.92640747959743,12.6,FALSE,TRUE,TRUE,FALSE,
IPOJUCA,2025,2025-08-20,sensibilidade,260720801G,Campo do Avião,6.92640747959743,17.2,FALSE,TRUE,TRUE,FALSE,
IPOJUCA,2025,2025-08-21,sensibilidade,260720801G,Campo do Avião,6.92640747959743,0.2,TRUE,TRUE,TRUE,FALSE,0.2
IPOJUCA,2025,2025-08-22,sensibilidade,260720801G,Campo do Avião,6.92640747959743,0.2,TRUE,TRUE,TRUE,FALSE,0.2
IPOJUCA,2025,2025-08-23,sensibilidade,260720801G,Campo do Avião,6.92640747959743,0.6,FALSE,TRUE,TRUE,FALSE,
IPOJUCA,2025,2025-08-24,sensibilidade,260720801G,Campo do Avião,6.92640747959743,0.4,FALSE,TRUE,TRUE,FALSE,
IPOJUCA,2025,2025-08-25,sensibilidade,260720801G,Campo do Avião,6.92640747959743,2.8,TRUE,TRUE,TRUE,FALSE,2.8
IPOJUCA,2025,2025-08-26,sensibilidade,260720801G,Campo do Avião,6.92640747959743,0.2,TRUE,TRUE,TRUE,FALSE,0.2
IPOJUCA,2025,2025-08-27,sensibilidade,260720801G,Campo do Avião,6.92640747959743,2.2,TRUE,TRUE,TRUE,FALSE,2.2
IPOJUCA,2025,2025-08-28,sensibilidade,260720801G,Campo do Avião,6.92640747959743,5.8,TRUE,TRUE,TRUE,FALSE,5.8
IPOJUCA,2025,2025-08-29,sensibilidade,260720801G,Campo do Avião,6.92640747959743,4.8,TRUE,TRUE,TRUE,FALSE,4.8
IPOJUCA,2025,2025-08-30,sensibilidade,260720801G,Campo do Avião,6.92640747959743,27,TRUE,TRUE,TRUE,FALSE,27
IPOJUCA,2025,2025-08-31,sensibilidade,260720801G,Campo do Avião,6.92640747959743,18.4,TRUE,TRUE,TRUE,FALSE,18.4
IPOJUCA,2025,2025-09-01,sensibilidade,260720801G,Campo do Avião,6.92640747959743,2.2,FALSE,TRUE,TRUE,FALSE,
IPOJUCA,2025,2025-09-02,sensibilidade,260720801G,Campo do Avião,6.92640747959743,5.8,FALSE,TRUE,TRUE,FALSE,
IPOJUCA,2025,2025-09-03,sensibilidade,260720801G,Campo do Avião,6.92640747959743,6.2,FALSE,TRUE,TRUE,FALSE,
IPOJUCA,2025,2025-09-04,sensibilidade,260720801G,Campo do Avião,6.92640747959743,19.4,FALSE,TRUE,TRUE,FALSE,
IPOJUCA,2025,2025-09-05,sensibilidade,260720801G,Campo do Avião,6.92640747959743,10,FALSE,TRUE,TRUE,FALSE,
IPOJUCA,2025,2025-09-06,sensibilidade,260720801G,Campo do Avião,6.92640747959743,6.2,TRUE,TRUE,TRUE,FALSE,6.2
IPOJUCA,2025,2025-09-07,sensibilidade,260720801G,Campo do Avião,6.92640747959743,0.8,TRUE,TRUE,TRUE,FALSE,0.8
IPOJUCA,2025,2025-09-08,sensibilidade,260720801G,Campo do Avião,6.92640747959743,1.6,FALSE,TRUE,TRUE,FALSE,
IPOJUCA,2025,2025-09-09,sensibilidade,260720801G,Campo do Avião,6.92640747959743,0,TRUE,TRUE,TRUE,FALSE,0
IPOJUCA,2025,2025-09-10,sensibilidade,260720801G,Campo do Avião,6.92640747959743,0,TRUE,TRUE,TRUE,FALSE,0
IPOJUCA,2025,2025-09-11,sensibilidade,260720801G,Campo do Avião,6.92640747959743,1.8,TRUE,TRUE,TRUE,FALSE,1.8
IPOJUCA,2025,2025-09-12,sensibilidade,260720801G,Campo do Avião,6.92640747959743,2,TRUE,TRUE,TRUE,FALSE,2
IPOJUCA,2025,2025-09-13,sensibilidade,260720801G,Campo do Avião,6.92640747959743,10.8,TRUE,TRUE,TRUE,FALSE,10.8
IPOJUCA,2025,2025-09-14,sensibilidade,260720801G,Campo do Avião,6.92640747959743,0,TRUE,TRUE,TRUE,FALSE,0
IPOJUCA,2025,2025-09-15,sensibilidade,260720801G,Campo do Avião,6.92640747959743,0,TRUE,TRUE,TRUE,FALSE,0
IPOJUCA,2025,2025-09-16,sensibilidade,260720801G,Campo do Avião,6.92640747959743,0,TRUE,TRUE,TRUE,FALSE,0
IPOJUCA,2025,2025-09-17,sensibilidade,260720801G,Campo do Avião,6.92640747959743,0.2,TRUE,TRUE,TRUE,FALSE,0.2
IPOJUCA,2025,2025-09-18,sensibilidade,260720801G,Campo do Avião,6.92640747959743,0,TRUE,TRUE,TRUE,FALSE,0
IPOJUCA,2025,2025-09-19,sensibilidade,260720801G,Campo do Avião,6.92640747959743,4.4,FALSE,TRUE,TRUE,FALSE,
IPOJUCA,2025,2025-09-20,sensibilidade,260720801G,Campo do Avião,6.92640747959743,0,TRUE,TRUE,TRUE,FALSE,0
IPOJUCA,2025,2025-09-21,sensibilidade,260720801G,Campo do Avião,6.92640747959743,0.2,FALSE,TRUE,TRUE,FALSE,
IPOJUCA,2025,2025-09-22,sensibilidade,260720801G,Campo do Avião,6.92640747959743,2.8,TRUE,TRUE,TRUE,FALSE,2.8
IPOJUCA,2025,2025-09-23,sensibilidade,260720801G,Campo do Avião,6.92640747959743,0.2,TRUE,TRUE,TRUE,FALSE,0.2
IPOJUCA,2025,2025-09-24,sensibilidade,260720801G,Campo do Avião,6.92640747959743,0,TRUE,TRUE,TRUE,FALSE,0
IPOJUCA,2025,2025-09-25,sensibilidade,260720801G,Campo do Avião,6.92640747959743,2.2,TRUE,TRUE,TRUE,FALSE,2.2
IPOJUCA,2025,2025-09-26,sensibilidade,260720801G,Campo do Avião,6.92640747959743,0,TRUE,TRUE,TRUE,FALSE,0
IPOJUCA,2025,2025-09-27,sensibilidade,260720801G,Campo do Avião,6.92640747959743,0,TRUE,TRUE,TRUE,FALSE,0
IPOJUCA,2025,2025-09-28,sensibilidade,260720801G,Campo do Avião,6.92640747959743,0,TRUE,TRUE,TRUE,FALSE,0
IPOJUCA,2025,2025-09-29,sensibilidade,260720801G,Campo do Avião,6.92640747959743,2.2,TRUE,TRUE,TRUE,FALSE,2.2
IPOJUCA,2025,2025-09-30,sensibilidade,260720801G,Campo do Avião,6.92640747959743,25.4,FALSE,TRUE,TRUE,FALSE,
IPOJUCA,2025,2025-10-01,sensibilidade,260720801G,Campo do Avião,6.92640747959743,7.6,FALSE,TRUE,TRUE,FALSE,
IPOJUCA,2025,2025-10-02,sensibilidade,260720801G,Campo do Avião,6.92640747959743,1.6,FALSE,TRUE,TRUE,FALSE,
IPOJUCA,2025,2025-10-03,sensibilidade,260720801G,Campo do Avião,6.92640747959743,0,TRUE,TRUE,TRUE,FALSE,0
IPOJUCA,2025,2025-10-04,sensibilidade,260720801G,Campo do Avião,6.92640747959743,0.6,TRUE,TRUE,TRUE,FALSE,0.6
IPOJUCA,2025,2025-10-05,sensibilidade,260720801G,Campo do Avião,6.92640747959743,1.8,TRUE,TRUE,TRUE,FALSE,1.8
IPOJUCA,2025,2025-10-06,sensibilidade,260720801G,Campo do Avião,6.92640747959743,0,TRUE,TRUE,TRUE,FALSE,0
IPOJUCA,2025,2025-10-07,sensibilidade,260720801G,Campo do Avião,6.92640747959743,1,TRUE,TRUE,TRUE,FALSE,1
IPOJUCA,2025,2025-10-08,sensibilidade,260720801G,Campo do Avião,6.92640747959743,0.4,TRUE,TRUE,TRUE,FALSE,0.4
IPOJUCA,2025,2025-10-09,sensibilidade,260720801G,Campo do Avião,6.92640747959743,2.2,FALSE,TRUE,TRUE,FALSE,
IPOJUCA,2025,2025-10-10,sensibilidade,260720801G,Campo do Avião,6.92640747959743,0.2,TRUE,TRUE,TRUE,FALSE,0.2
IPOJUCA,2025,2025-10-11,sensibilidade,260720801G,Campo do Avião,6.92640747959743,0,TRUE,TRUE,TRUE,FALSE,0
IPOJUCA,2025,2025-10-12,sensibilidade,260720801G,Campo do Avião,6.92640747959743,0,TRUE,TRUE,TRUE,FALSE,0
IPOJUCA,2025,2025-10-13,sensibilidade,260720801G,Campo do Avião,6.92640747959743,0.8,TRUE,TRUE,TRUE,FALSE,0.8
IPOJUCA,2025,2025-10-14,sensibilidade,260720801G,Campo do Avião,6.92640747959743,0,TRUE,TRUE,TRUE,FALSE,0
IPOJUCA,2025,2025-10-15,sensibilidade,260720801G,Campo do Avião,6.92640747959743,0,TRUE,TRUE,TRUE,FALSE,0
IPOJUCA,2025,2025-10-16,sensibilidade,260720801G,Campo do Avião,6.92640747959743,0,TRUE,TRUE,TRUE,FALSE,0
IPOJUCA,2025,2025-10-17,sensibilidade,260720801G,Campo do Avião,6.92640747959743,1.8,TRUE,TRUE,TRUE,FALSE,1.8
IPOJUCA,2025,2025-10-18,sensibilidade,260720801G,Campo do Avião,6.92640747959743,0,TRUE,TRUE,TRUE,FALSE,0
IPOJUCA,2025,2025-10-19,sensibilidade,260720801G,Campo do Avião,6.92640747959743,0,TRUE,TRUE,TRUE,FALSE,0
IPOJUCA,2025,2025-10-20,sensibilidade,260720801G,Campo do Avião,6.92640747959743,0,TRUE,TRUE,TRUE,FALSE,0
IPOJUCA,2025,2025-10-21,sensibilidade,260720801G,Campo do Avião,6.92640747959743,0,TRUE,TRUE,TRUE,FALSE,0
IPOJUCA,2025,2025-10-22,sensibilidade,260720801G,Campo do Avião,6.92640747959743,0,TRUE,TRUE,TRUE,FALSE,0
IPOJUCA,2025,2025-10-23,sensibilidade,260720801G,Campo do Avião,6.92640747959743,0,TRUE,TRUE,TRUE,FALSE,0
IPOJUCA,2025,2025-10-24,sensibilidade,260720801G,Campo do Avião,6.92640747959743,0.2,FALSE,TRUE,TRUE,FALSE,
IPOJUCA,2025,2025-10-25,sensibilidade,260720801G,Campo do Avião,6.92640747959743,1.6,FALSE,TRUE,TRUE,FALSE,
IPOJUCA,2025,2025-10-26,sensibilidade,260720801G,Campo do Avião,6.92640747959743,0.6,TRUE,TRUE,TRUE,FALSE,0.6
IPOJUCA,2025,2025-10-27,sensibilidade,260720801G,Campo do Avião,6.92640747959743,0,TRUE,TRUE,TRUE,FALSE,0
IPOJUCA,2025,2025-10-28,sensibilidade,260720801G,Campo do Avião,6.92640747959743,8.6,TRUE,TRUE,TRUE,FALSE,8.6
IPOJUCA,2025,2025-10-29,sensibilidade,260720801G,Campo do Avião,6.92640747959743,0.6,TRUE,TRUE,TRUE,FALSE,0.6
IPOJUCA,2025,2025-10-30,sensibilidade,260720801G,Campo do Avião,6.92640747959743,0.2,TRUE,TRUE,TRUE,FALSE,0.2
IPOJUCA,2025,2025-10-31,sensibilidade,260720801G,Campo do Avião,6.92640747959743,0,FALSE,FALSE,FALSE,FALSE,
IPOJUCA,2025,2025-11-01,sensibilidade,260720801G,Campo do Avião,6.92640747959743,0,TRUE,TRUE,TRUE,FALSE,0
IPOJUCA,2025,2025-11-02,sensibilidade,260720801G,Campo do Avião,6.92640747959743,0,TRUE,TRUE,TRUE,FALSE,0
IPOJUCA,2025,2025-11-03,sensibilidade,260720801G,Campo do Avião,6.92640747959743,0,TRUE,TRUE,TRUE,FALSE,0
IPOJUCA,2025,2025-11-04,sensibilidade,260720801G,Campo do Avião,6.92640747959743,0,TRUE,TRUE,TRUE,FALSE,0
IPOJUCA,2025,2025-11-05,sensibilidade,260720801G,Campo do Avião,6.92640747959743,0,TRUE,TRUE,TRUE,FALSE,0
IPOJUCA,2025,2025-11-06,sensibilidade,260720801G,Campo do Avião,6.92640747959743,0,TRUE,TRUE,TRUE,FALSE,0
IPOJUCA,2025,2025-11-07,sensibilidade,260720801G,Campo do Avião,6.92640747959743,0,TRUE,TRUE,TRUE,FALSE,0
IPOJUCA,2025,2025-11-08,sensibilidade,260720801G,Campo do Avião,6.92640747959743,0,TRUE,TRUE,TRUE,FALSE,0
IPOJUCA,2025,2025-11-09,sensibilidade,260720801G,Campo do Avião,6.92640747959743,0,TRUE,TRUE,TRUE,FALSE,0
IPOJUCA,2025,2025-11-10,sensibilidade,260720801G,Campo do Avião,6.92640747959743,0,TRUE,TRUE,TRUE,FALSE,0
IPOJUCA,2025,2025-11-11,sensibilidade,260720801G,Campo do Avião,6.92640747959743,0,TRUE,TRUE,TRUE,FALSE,0
IPOJUCA,2025,2025-11-12,sensibilidade,260720801G,Campo do Avião,6.92640747959743,0,TRUE,TRUE,TRUE,FALSE,0
IPOJUCA,2025,2025-11-13,sensibilidade,260720801G,Campo do Avião,6.92640747959743,2.8,FALSE,TRUE,TRUE,FALSE,
IPOJUCA,2025,2025-11-14,sensibilidade,260720801G,Campo do Avião,6.92640747959743,0.4,TRUE,TRUE,TRUE,FALSE,0.4
IPOJUCA,2025,2025-11-15,sensibilidade,260720801G,Campo do Avião,6.92640747959743,0.4,FALSE,TRUE,TRUE,FALSE,
IPOJUCA,2025,2025-11-16,sensibilidade,260720801G,Campo do Avião,6.92640747959743,0,TRUE,TRUE,TRUE,FALSE,0
IPOJUCA,2025,2025-11-17,sensibilidade,260720801G,Campo do Avião,6.92640747959743,0,TRUE,TRUE,TRUE,FALSE,0
IPOJUCA,2025,2025-11-18,sensibilidade,260720801G,Campo do Avião,6.92640747959743,0,TRUE,TRUE,TRUE,FALSE,0
IPOJUCA,2025,2025-11-19,sensibilidade,260720801G,Campo do Avião,6.92640747959743,0,FALSE,TRUE,TRUE,FALSE,
IPOJUCA,2025,2025-11-20,sensibilidade,260720801G,Campo do Avião,6.92640747959743,0,TRUE,TRUE,TRUE,FALSE,0
IPOJUCA,2025,2025-11-21,sensibilidade,260720801G,Campo do Avião,6.92640747959743,2,TRUE,TRUE,TRUE,FALSE,2
IPOJUCA,2025,2025-11-22,sensibilidade,260720801G,Campo do Avião,6.92640747959743,0,TRUE,TRUE,TRUE,FALSE,0
IPOJUCA,2025,2025-11-23,sensibilidade,260720801G,Campo do Avião,6.92640747959743,0,TRUE,TRUE,TRUE,FALSE,0
IPOJUCA,2025,2025-11-24,sensibilidade,260720801G,Campo do Avião,6.92640747959743,0,TRUE,TRUE,TRUE,FALSE,0
IPOJUCA,2025,2025-11-25,sensibilidade,260720801G,Campo do Avião,6.92640747959743,0.2,TRUE,TRUE,TRUE,FALSE,0.2
IPOJUCA,2025,2025-11-26,sensibilidade,260720801G,Campo do Avião,6.92640747959743,0,TRUE,TRUE,TRUE,FALSE,0
IPOJUCA,2025,2025-11-27,sensibilidade,260720801G,Campo do Avião,6.92640747959743,0,TRUE,TRUE,TRUE,FALSE,0
IPOJUCA,2025,2025-11-28,sensibilidade,260720801G,Campo do Avião,6.92640747959743,0,TRUE,TRUE,TRUE,FALSE,0
IPOJUCA,2025,2025-11-29,sensibilidade,260720801G,Campo do Avião,6.92640747959743,0,TRUE,TRUE,TRUE,FALSE,0
IPOJUCA,2025,2025-11-30,sensibilidade,260720801G,Campo do Avião,6.92640747959743,0,TRUE,TRUE,TRUE,FALSE,0
IPOJUCA,2025,2025-12-01,sensibilidade,260720801G,Campo do Avião,6.92640747959743,0,TRUE,TRUE,TRUE,FALSE,0
IPOJUCA,2025,2025-12-02,sensibilidade,260720801G,Campo do Avião,6.92640747959743,2.2,FALSE,TRUE,TRUE,FALSE,
IPOJUCA,2025,2025-12-03,sensibilidade,260720801G,Campo do Avião,6.92640747959743,0.6,TRUE,TRUE,TRUE,FALSE,0.6
IPOJUCA,2025,2025-12-04,sensibilidade,260720801G,Campo do Avião,6.92640747959743,0.6,FALSE,TRUE,TRUE,FALSE,
IPOJUCA,2025,2025-12-05,sensibilidade,260720801G,Campo do Avião,6.92640747959743,0,TRUE,TRUE,TRUE,FALSE,0
IPOJUCA,2025,2025-12-06,sensibilidade,260720801G,Campo do Avião,6.92640747959743,0,FALSE,FALSE,TRUE,FALSE,
IPOJUCA,2025,2025-12-07,sensibilidade,260720801G,Campo do Avião,6.92640747959743,0,TRUE,TRUE,TRUE,FALSE,0
IPOJUCA,2025,2025-12-08,sensibilidade,260720801G,Campo do Avião,6.92640747959743,0,TRUE,TRUE,TRUE,FALSE,0
IPOJUCA,2025,2025-12-09,sensibilidade,260720801G,Campo do Avião,6.92640747959743,1.8,TRUE,TRUE,TRUE,FALSE,1.8
IPOJUCA,2025,2025-12-10,sensibilidade,260720801G,Campo do Avião,6.92640747959743,0,TRUE,TRUE,TRUE,FALSE,0
IPOJUCA,2025,2025-12-11,sensibilidade,260720801G,Campo do Avião,6.92640747959743,0,TRUE,TRUE,TRUE,FALSE,0
IPOJUCA,2025,2025-12-12,sensibilidade,260720801G,Campo do Avião,6.92640747959743,0,TRUE,TRUE,TRUE,FALSE,0
IPOJUCA,2025,2025-12-13,sensibilidade,260720801G,Campo do Avião,6.92640747959743,0,TRUE,TRUE,TRUE,FALSE,0
IPOJUCA,2025,2025-12-14,sensibilidade,260720801G,Campo do Avião,6.92640747959743,0,TRUE,TRUE,TRUE,FALSE,0
IPOJUCA,2025,2025-12-15,sensibilidade,260720801G,Campo do Avião,6.92640747959743,0,TRUE,TRUE,TRUE,FALSE,0
IPOJUCA,2025,2025-12-16,sensibilidade,260720801G,Campo do Avião,6.92640747959743,0,TRUE,TRUE,TRUE,FALSE,0
IPOJUCA,2025,2025-12-17,sensibilidade,260720801G,Campo do Avião,6.92640747959743,0,TRUE,TRUE,TRUE,FALSE,0
IPOJUCA,2025,2025-12-18,sensibilidade,260720801G,Campo do Avião,6.92640747959743,0,TRUE,TRUE,TRUE,FALSE,0
IPOJUCA,2025,2025-12-19,sensibilidade,260720801G,Campo do Avião,6.92640747959743,0,TRUE,TRUE,TRUE,FALSE,0
IPOJUCA,2025,2025-12-20,sensibilidade,260720801G,Campo do Avião,6.92640747959743,0,TRUE,TRUE,TRUE,FALSE,0
IPOJUCA,2025,2025-12-21,sensibilidade,260720801G,Campo do Avião,6.92640747959743,0,TRUE,TRUE,TRUE,FALSE,0
IPOJUCA,2025,2025-12-22,sensibilidade,260720801G,Campo do Avião,6.92640747959743,3.8,TRUE,TRUE,TRUE,FALSE,3.8
IPOJUCA,2025,2025-12-23,sensibilidade,260720801G,Campo do Avião,6.92640747959743,2,TRUE,TRUE,TRUE,FALSE,2
IPOJUCA,2025,2025-12-24,sensibilidade,260720801G,Campo do Avião,6.92640747959743,5.6,FALSE,TRUE,TRUE,FALSE,
IPOJUCA,2025,2025-12-25,sensibilidade,260720801G,Campo do Avião,6.92640747959743,0.4,FALSE,TRUE,TRUE,FALSE,
IPOJUCA,2025,2025-12-26,sensibilidade,260720801G,Campo do Avião,6.92640747959743,0,TRUE,TRUE,TRUE,FALSE,0
IPOJUCA,2025,2025-12-27,sensibilidade,260720801G,Campo do Avião,6.92640747959743,0,TRUE,TRUE,TRUE,FALSE,0
IPOJUCA,2025,2025-12-28,sensibilidade,260720801G,Campo do Avião,6.92640747959743,0,TRUE,TRUE,TRUE,FALSE,0
IPOJUCA,2025,2025-12-29,sensibilidade,260720801G,Campo do Avião,6.92640747959743,0,TRUE,TRUE,TRUE,FALSE,0
IPOJUCA,2025,2025-12-30,sensibilidade,260720801G,Campo do Avião,6.92640747959743,0,TRUE,TRUE,TRUE,FALSE,0
IPOJUCA,2025,2025-12-31,sensibilidade,260720801G,Campo do Avião,6.92640747959743,0,FALSE,FALSE,FALSE,TRUE,
